Case_GID,Case_Number,Year,Case_Type,Court,Party_Name,Quality,Lawyers,Procedural_Quality
e3f61ab7-9d8c-4b87-9e1e-3989d54d9fef,2207,2026,Частно гражданско дело,Районен съд - Кюстендил,АПС БЕТА БЪЛГАРИЯ ЕООД,Заявител,,
e3f61ab7-9d8c-4b87-9e1e-3989d54d9fef,2207,2026,Частно гражданско дело,Районен съд - Кюстендил,К.П.П.,Длъжник,,
e3f61ab7-9d8c-4b87-9e1e-3989d54d9fef,2207,2026,Частно гражданско дело,Районен съд - Кюстендил,М.А.А.,Друго,,
e3f61ab7-9d8c-4b87-9e1e-3989d54d9fef,2207,2026,Частно гражданско дело,Районен съд - Кюстендил,Б.Т.,Юрисконсулт,,
e3f61ab7-9d8c-4b87-9e1e-3989d54d9fef,2207,2026,Частно гражданско дело,Районен съд - Кюстендил,П.В.,Законен представител,,
e3f61ab7-9d8c-4b87-9e1e-3989d54d9fef,2207,2026,Частно гражданско дело,Районен съд - Кюстендил,Х.М.,Законен представител,,
fe141358-55d6-4ed6-84f5-1184abba83f7,2369,2026,Частно гражданско дело,Районен съд - Дупница,ТИ БИ АЙ Банк ЕАД,Заявител,,
fe141358-55d6-4ed6-84f5-1184abba83f7,2369,2026,Частно гражданско дело,Районен съд - Дупница,Р.И.Ч.,Длъжник,,
fe141358-55d6-4ed6-84f5-1184abba83f7,2369,2026,Частно гражданско дело,Районен съд - Дупница,Д.В.И.,Юрисконсулт,,
70a7e8ab-1d62-4a50-abf8-660e9a324624,653,2026,Частно гражданско дело,Районен съд - Кърджали,ТИ БИ АЙ Банк ЕАД,Заявител,,
70a7e8ab-1d62-4a50-abf8-660e9a324624,653,2026,Частно гражданско дело,Районен съд - Кърджали,А.Н.П.,Длъжник,,
70a7e8ab-1d62-4a50-abf8-660e9a324624,653,2026,Частно гражданско дело,Районен съд - Кърджали,М.Г.Н.,Юрисконсулт,,
4b77d4c1-c7f0-4c2b-b06f-4c51ee40c57a,4407,2026,Частно гражданско дело,Районен съд - Враца,"""ЕОС МАТРИКС” ЕАД",Заявител,,
4b77d4c1-c7f0-4c2b-b06f-4c51ee40c57a,4407,2026,Частно гражданско дело,Районен съд - Враца,К.К.А.,Длъжник,,
4b77d4c1-c7f0-4c2b-b06f-4c51ee40c57a,4407,2026,Частно гражданско дело,Районен съд - Враца,Ж.Д.Д.,Адвокат,Жельо Денев Денев,
5a2758a4-8df6-41cb-8cf7-173868364342,1875,2026,Частно гражданско дело,Районен съд - Горна Оряховица,СФ МОТОРС ЕООД,Заявител,,
5a2758a4-8df6-41cb-8cf7-173868364342,1875,2026,Частно гражданско дело,Районен съд - Горна Оряховица,Д.Я.П.,Длъжник,,
5a2758a4-8df6-41cb-8cf7-173868364342,1875,2026,Частно гражданско дело,Районен съд - Горна Оряховица,В.Б.Б.,Адвокат,Владислав Бисеров Божиков,
63b17d71-5fd0-4058-9630-01b6e03da834,335,2026,Частно административно дело,Административен съд - Кюстендил,СТАРШИ РАЗСЛЕДВАЩ ПОЛИЦАЙ ВЕЛИАН УЗУНОВ - РАЙОННО УПРАВЛЕНИЕ БОБОВ ДОЛ ПРИ ОД НА МВР КЮСТЕНДИЛ,Вносител,,
b98749c3-8dce-4d96-a174-2023b8f230a6,1146,2026,Частно гражданско дело,Районен съд - Елин Пелин,ЕЙ УАН ВИЖЪН ЕООД,Заявител,,
b98749c3-8dce-4d96-a174-2023b8f230a6,1146,2026,Частно гражданско дело,Районен съд - Елин Пелин,О.Б.С.,Длъжник,,
b98749c3-8dce-4d96-a174-2023b8f230a6,1146,2026,Частно гражданско дело,Районен съд - Елин Пелин,Р.С.,Юрисконсулт,,
09302eac-9f9b-488e-aaa9-e23cba82d161,748,2026,Частно гражданско дело,Районен съд - Павликени,АПС БЕТА България ЕООД,Заявител,,
09302eac-9f9b-488e-aaa9-e23cba82d161,748,2026,Частно гражданско дело,Районен съд - Павликени,Х.А.Г.,Длъжник,,
09302eac-9f9b-488e-aaa9-e23cba82d161,748,2026,Частно гражданско дело,Районен съд - Павликени,М.А.А.,Друго,,
09302eac-9f9b-488e-aaa9-e23cba82d161,748,2026,Частно гражданско дело,Районен съд - Павликени,Б.Т.,Юрисконсулт,,
09302eac-9f9b-488e-aaa9-e23cba82d161,748,2026,Частно гражданско дело,Районен съд - Павликени,П.В.,Законен представител,,
09302eac-9f9b-488e-aaa9-e23cba82d161,748,2026,Частно гражданско дело,Районен съд - Павликени,Х.М.,Законен представител,,
efde924a-6870-4cd0-9840-60cba4fabafa,676,2026,Частно гражданско дело,Районен съд - Айтос,АПС БЕТА БЪЛГАРИЯ ЕООД,Заявител,,
efde924a-6870-4cd0-9840-60cba4fabafa,676,2026,Частно гражданско дело,Районен съд - Айтос,И.А.А.,Длъжник,,
efde924a-6870-4cd0-9840-60cba4fabafa,676,2026,Частно гражданско дело,Районен съд - Айтос,М.А.А.,Друго,,
efde924a-6870-4cd0-9840-60cba4fabafa,676,2026,Частно гражданско дело,Районен съд - Айтос,Б.Т.,Юрисконсулт,,
efde924a-6870-4cd0-9840-60cba4fabafa,676,2026,Частно гражданско дело,Районен съд - Айтос,Х.М.,Законен представител,,
efde924a-6870-4cd0-9840-60cba4fabafa,676,2026,Частно гражданско дело,Районен съд - Айтос,П.В.,Законен представител,,
efde924a-6870-4cd0-9840-60cba4fabafa,676,2026,Частно гражданско дело,Районен съд - Айтос,АЯ - МЕТАЛС ООД,Лице за съдебен адрес,,
c537b955-fe11-4cd5-908b-b5505b614e4f,3548,2026,Частно гражданско дело,Районен съд - Русе,АПС БЕТА БЪЛГАРИЯ ЕООД,Заявител,,
c537b955-fe11-4cd5-908b-b5505b614e4f,3548,2026,Частно гражданско дело,Районен съд - Русе,Д.К.А.,Длъжник,,
c537b955-fe11-4cd5-908b-b5505b614e4f,3548,2026,Частно гражданско дело,Районен съд - Русе,М.А.А.,Друго,,
c537b955-fe11-4cd5-908b-b5505b614e4f,3548,2026,Частно гражданско дело,Районен съд - Русе,Б.Т.,Юрисконсулт,,
c537b955-fe11-4cd5-908b-b5505b614e4f,3548,2026,Частно гражданско дело,Районен съд - Русе,П.В.,Законен представител,,
c537b955-fe11-4cd5-908b-b5505b614e4f,3548,2026,Частно гражданско дело,Районен съд - Русе,Х.М.,Законен представител,,
fc557007-7862-4777-9d7b-17e21017d7eb,410,2026,Частно гражданско дело,Районен съд - Провадия,АПС БЕТА БЪЛГАРИЯ ЕООД,Заявител,,
fc557007-7862-4777-9d7b-17e21017d7eb,410,2026,Частно гражданско дело,Районен съд - Провадия,Г.И.П.,Длъжник,,
fc557007-7862-4777-9d7b-17e21017d7eb,410,2026,Частно гражданско дело,Районен съд - Провадия,М.А.А.,Друго,,
fc557007-7862-4777-9d7b-17e21017d7eb,410,2026,Частно гражданско дело,Районен съд - Провадия,П.В.,Законен представител,,
fc557007-7862-4777-9d7b-17e21017d7eb,410,2026,Частно гражданско дело,Районен съд - Провадия,Х.М.,Законен представител,,
fc557007-7862-4777-9d7b-17e21017d7eb,410,2026,Частно гражданско дело,Районен съд - Провадия,Б.Т.,Юрисконсулт,,
47ba363a-27da-43d4-bf65-db0154d2832b,4406,2026,Частно гражданско дело,Районен съд - Враца,АПС БЕТА БЪЛГАРИЯ ЕООД,Заявител,,
47ba363a-27da-43d4-bf65-db0154d2832b,4406,2026,Частно гражданско дело,Районен съд - Враца,В.С.С.,Длъжник,,
47ba363a-27da-43d4-bf65-db0154d2832b,4406,2026,Частно гражданско дело,Районен съд - Враца,М.А.А.,Друго,,
47ba363a-27da-43d4-bf65-db0154d2832b,4406,2026,Частно гражданско дело,Районен съд - Враца,Б.Т.,Юрисконсулт,,
47ba363a-27da-43d4-bf65-db0154d2832b,4406,2026,Частно гражданско дело,Районен съд - Враца,П.В.,Законен представител,,
47ba363a-27da-43d4-bf65-db0154d2832b,4406,2026,Частно гражданско дело,Районен съд - Враца,Х.М.,Законен представител,,
b781a9f2-73ba-40f3-b811-6ed44a51dc0c,1742,2026,Частно гражданско дело,Районен съд - Велико Търново,ЕОС МАТРИКС ЕАД,Заявител,,
b781a9f2-73ba-40f3-b811-6ed44a51dc0c,1742,2026,Частно гражданско дело,Районен съд - Велико Търново,Я.И.Я.,Длъжник,,
b781a9f2-73ba-40f3-b811-6ed44a51dc0c,1742,2026,Частно гражданско дело,Районен съд - Велико Търново,Ж.Д.Д.,Адвокат,Жельо Денев Денев,
6f82180c-a9b3-4485-afdb-05b444a39363,676,2026,Частно гражданско дело,Районен съд - Попово,АПС БЕТА БЪЛГАРИЯ ЕООД,Заявител,,
6f82180c-a9b3-4485-afdb-05b444a39363,676,2026,Частно гражданско дело,Районен съд - Попово,Н.Р.А.,Длъжник,,
6f82180c-a9b3-4485-afdb-05b444a39363,676,2026,Частно гражданско дело,Районен съд - Попово,М.А.А.,Друго,,
6f82180c-a9b3-4485-afdb-05b444a39363,676,2026,Частно гражданско дело,Районен съд - Попово,Б.Д.Т.,Юрисконсулт,,
6f82180c-a9b3-4485-afdb-05b444a39363,676,2026,Частно гражданско дело,Районен съд - Попово,П.В.,Законен представител,,
6f82180c-a9b3-4485-afdb-05b444a39363,676,2026,Частно гражданско дело,Районен съд - Попово,Х.М.,Законен представител,,
d92cc73d-5c10-4b02-af23-c26f4d853b51,7572,2026,Административно наказателно дело,Софийски районен съд,АТОМЕНЕРГОПРОЕКТ ЕООД,Жалбоподател,,
d92cc73d-5c10-4b02-af23-c26f4d853b51,7572,2026,Административно наказателно дело,Софийски районен съд,ДИРЕКТОР НА ДИРЕКЦИЯ ИНСПЕКЦИЯ ПО ТРУДА СОФИЙСКА ОБЛАСТ,Админ.наказ.орган,,
cb8a7460-8f6a-404a-9cdf-d32bb1065057,2368,2026,Частно гражданско дело,Районен съд - Дупница,ТИ БИ АЙ Банк ЕАД,Заявител,,
cb8a7460-8f6a-404a-9cdf-d32bb1065057,2368,2026,Частно гражданско дело,Районен съд - Дупница,Р.А.Н.,Длъжник,Лидия Стоянова Димитрова,
cb8a7460-8f6a-404a-9cdf-d32bb1065057,2368,2026,Частно гражданско дело,Районен съд - Дупница,Д.В.И.,Юрисконсулт,,
3e2dec56-ff94-4e0b-8bbe-49d9735198ee,1563,2026,Частно гражданско дело,Районен съд - Габрово,ЕОС МАТРИКС ЕАД,Заявител,,
3e2dec56-ff94-4e0b-8bbe-49d9735198ee,1563,2026,Частно гражданско дело,Районен съд - Габрово,Ж.А.Г.,Длъжник,,
3e2dec56-ff94-4e0b-8bbe-49d9735198ee,1563,2026,Частно гражданско дело,Районен съд - Габрово,Ж.Д.Д.,Адвокат,Жельо Денев Денев,
71af24ee-acab-4c34-bccd-4e21aaa71d75,3547,2026,Частно гражданско дело,Районен съд - Русе,ТИ БИ АЙ Банк ЕАД,Заявител,,
71af24ee-acab-4c34-bccd-4e21aaa71d75,3547,2026,Частно гражданско дело,Районен съд - Русе,Х.Х.М.,Длъжник,,
71af24ee-acab-4c34-bccd-4e21aaa71d75,3547,2026,Частно гражданско дело,Районен съд - Русе,М.Г.Н.,Юрисконсулт,,
38a0e84c-b64b-4c04-bff4-2761d35435c9,538,2026,Частно гражданско дело,Районен съд - Оряхово,Гаранционен фонд,Заявител,,
38a0e84c-b64b-4c04-bff4-2761d35435c9,538,2026,Частно гражданско дело,Районен съд - Оряхово,А.О.Л.,Длъжник,,
38a0e84c-b64b-4c04-bff4-2761d35435c9,538,2026,Частно гражданско дело,Районен съд - Оряхово,Д.Н.Н.,Представител,,
cbdb2d93-340a-4201-aa39-6b91c7392c5a,885,2026,Частно гражданско дело,Районен съд - Котел,АПС БЕТА БЪЛГАРИЯ ЕООД,Заявител,,
cbdb2d93-340a-4201-aa39-6b91c7392c5a,885,2026,Частно гражданско дело,Районен съд - Котел,Г.В.С.,Длъжник,,
cbdb2d93-340a-4201-aa39-6b91c7392c5a,885,2026,Частно гражданско дело,Районен съд - Котел,М.А.А.,Друго,,
cbdb2d93-340a-4201-aa39-6b91c7392c5a,885,2026,Частно гражданско дело,Районен съд - Котел,Б.Т.,Юрисконсулт,,
cbdb2d93-340a-4201-aa39-6b91c7392c5a,885,2026,Частно гражданско дело,Районен съд - Котел,П.В.,Законен представител,,
cbdb2d93-340a-4201-aa39-6b91c7392c5a,885,2026,Частно гражданско дело,Районен съд - Котел,Х.М.,Законен представител,,
3fc13d57-de90-42b8-b55d-88361886047e,2206,2026,Частно гражданско дело,Районен съд - Кюстендил,АПС БЕТА БЪЛГАРИЯ ЕООД,Заявител,,
3fc13d57-de90-42b8-b55d-88361886047e,2206,2026,Частно гражданско дело,Районен съд - Кюстендил,Н.М.А.,Длъжник,,
3fc13d57-de90-42b8-b55d-88361886047e,2206,2026,Частно гражданско дело,Районен съд - Кюстендил,М.А.А.,Друго,,
3fc13d57-de90-42b8-b55d-88361886047e,2206,2026,Частно гражданско дело,Районен съд - Кюстендил,Б.Т.,Юрисконсулт,,
3fc13d57-de90-42b8-b55d-88361886047e,2206,2026,Частно гражданско дело,Районен съд - Кюстендил,Х.М.,Законен представител,,
3fc13d57-de90-42b8-b55d-88361886047e,2206,2026,Частно гражданско дело,Районен съд - Кюстендил,П.В.,Законен представител,,
2f9b679f-8404-4aef-8572-3b760b7470d6,601,2026,Частно гражданско дело,Районен съд - Царево,АПС БЕТА БЪЛГАРИЯ ЕООД,Заявител,,
2f9b679f-8404-4aef-8572-3b760b7470d6,601,2026,Частно гражданско дело,Районен съд - Царево,Т.Л.К.,Длъжник,,
2f9b679f-8404-4aef-8572-3b760b7470d6,601,2026,Частно гражданско дело,Районен съд - Царево,М.А.А.,Друго,,
2f9b679f-8404-4aef-8572-3b760b7470d6,601,2026,Частно гражданско дело,Районен съд - Царево,Б.Т.,Юрисконсулт,,
2f9b679f-8404-4aef-8572-3b760b7470d6,601,2026,Частно гражданско дело,Районен съд - Царево,П.В.,Законен представител,,
2f9b679f-8404-4aef-8572-3b760b7470d6,601,2026,Частно гражданско дело,Районен съд - Царево,Х.М.,Законен представител,,
047b0508-8512-4381-985f-736c26302ff7,1121,2026,Въззивно частно гражданско дело,Окръжен съд - Варна,Кредирект ЕООД,Въззивник,,
047b0508-8512-4381-985f-736c26302ff7,1121,2026,Въззивно частно гражданско дело,Окръжен съд - Варна,Р.М.А.,Въззиваема страна,,
047b0508-8512-4381-985f-736c26302ff7,1121,2026,Въззивно частно гражданско дело,Окръжен съд - Варна,Е.Г.И.,Адвокат,,
047b0508-8512-4381-985f-736c26302ff7,1121,2026,Въззивно частно гражданско дело,Окръжен съд - Варна,Х.М.Г.,Адвокат,Христо Милчев Георгиев,
97d8ad1a-d579-4349-913e-a663621c06a1,1004,2026,Частно гражданско дело,Районен съд - Каварна,АПС БЕТА БЪЛГАРИЯ ЕООД,Заявител,,
97d8ad1a-d579-4349-913e-a663621c06a1,1004,2026,Частно гражданско дело,Районен съд - Каварна,Л.М.П.,Длъжник,,
97d8ad1a-d579-4349-913e-a663621c06a1,1004,2026,Частно гражданско дело,Районен съд - Каварна,М.А.А.,Друго,,
97d8ad1a-d579-4349-913e-a663621c06a1,1004,2026,Частно гражданско дело,Районен съд - Каварна,Б.Т.,Юрисконсулт,,
97d8ad1a-d579-4349-913e-a663621c06a1,1004,2026,Частно гражданско дело,Районен съд - Каварна,П.В.,Законен представител,,
97d8ad1a-d579-4349-913e-a663621c06a1,1004,2026,Частно гражданско дело,Районен съд - Каварна,Х.М.,Законен представител,,
78cb2aba-3cf1-4fee-b08e-a83a689406cf,818,2026,Частно гражданско дело,Районен съд - Троян,АПС БЕТА България ЕООД,Кредитор,,
78cb2aba-3cf1-4fee-b08e-a83a689406cf,818,2026,Частно гражданско дело,Районен съд - Троян,Р.К.К.,Длъжник,,
78cb2aba-3cf1-4fee-b08e-a83a689406cf,818,2026,Частно гражданско дело,Районен съд - Троян,М.А.А.,Друго,,
78cb2aba-3cf1-4fee-b08e-a83a689406cf,818,2026,Частно гражданско дело,Районен съд - Троян,Б.Т.,Юрисконсулт,,
78cb2aba-3cf1-4fee-b08e-a83a689406cf,818,2026,Частно гражданско дело,Районен съд - Троян,Х.М.,Законен представител,,
78cb2aba-3cf1-4fee-b08e-a83a689406cf,818,2026,Частно гражданско дело,Районен съд - Троян,П.В.,Законен представител,,
6373e69c-4d29-433e-964d-9d54e757d6f5,1174,2026,Частно гражданско дело,Районен съд - Козлодуй,АПС БЕТА БЪЛГАРИЯ ЕООД,Заявител,,
6373e69c-4d29-433e-964d-9d54e757d6f5,1174,2026,Частно гражданско дело,Районен съд - Козлодуй,К.Д.М.,Длъжник,,
6373e69c-4d29-433e-964d-9d54e757d6f5,1174,2026,Частно гражданско дело,Районен съд - Козлодуй,М.А.А.,Друго,,
6373e69c-4d29-433e-964d-9d54e757d6f5,1174,2026,Частно гражданско дело,Районен съд - Козлодуй,Б.Т.,Юрисконсулт,,
6373e69c-4d29-433e-964d-9d54e757d6f5,1174,2026,Частно гражданско дело,Районен съд - Козлодуй,П.В.,Законен представител,,
6373e69c-4d29-433e-964d-9d54e757d6f5,1174,2026,Частно гражданско дело,Районен съд - Козлодуй,Х.М.,Законен представител,,
b1f3cda4-18a1-4d40-9094-1be6c1c51902,600,2026,Частно гражданско дело,Районен съд - Царево,Банка ДСК АД,Заявител,,
b1f3cda4-18a1-4d40-9094-1be6c1c51902,600,2026,Частно гражданско дело,Районен съд - Царево,Д.К.В.,Длъжник,,
b1f3cda4-18a1-4d40-9094-1be6c1c51902,600,2026,Частно гражданско дело,Районен съд - Царево,В.Л.А.,Представител,,
37ea741d-f968-45c3-961e-48be3c71e5e2,2205,2026,Частно гражданско дело,Районен съд - Кюстендил,ТИ БИ АЙ Банк ЕАД,Заявител,,
37ea741d-f968-45c3-961e-48be3c71e5e2,2205,2026,Частно гражданско дело,Районен съд - Кюстендил,Р.Г.Ч.,Длъжник,,
37ea741d-f968-45c3-961e-48be3c71e5e2,2205,2026,Частно гражданско дело,Районен съд - Кюстендил,Д.В.И.,Юрисконсулт,,
c6c9d978-63db-4921-af93-e728911b68d1,191,2026,Частно наказателно дело,Окръжен съд - Кърджали,Окръжна прокуратура - Кърджали,Обвинител,,
c6c9d978-63db-4921-af93-e728911b68d1,191,2026,Частно наказателно дело,Окръжен съд - Кърджали,Р.Г.Г.,Обвинител,,
c6c9d978-63db-4921-af93-e728911b68d1,191,2026,Частно наказателно дело,Окръжен съд - Кърджали,Ж.Д.С.,Обвинител,,
c6c9d978-63db-4921-af93-e728911b68d1,191,2026,Частно наказателно дело,Окръжен съд - Кърджали,Д.Х.М.,Ощетено юридическо лице,Беркант Метин Барзат,
56ae0b03-a5ac-4a18-aa25-7d3eea4b20d2,1418,2026,Частно гражданско дело,Районен съд - Хасково,ТИ БИ АЙ Банк ЕАД,Заявител,,
56ae0b03-a5ac-4a18-aa25-7d3eea4b20d2,1418,2026,Частно гражданско дело,Районен съд - Хасково,Т.И.Т.,Длъжник,,
56ae0b03-a5ac-4a18-aa25-7d3eea4b20d2,1418,2026,Частно гражданско дело,Районен съд - Хасково,М.Г.Н.,Юрисконсулт,,
301c9500-cfee-4963-8d8c-73370c8442ef,2367,2026,Частно гражданско дело,Районен съд - Дупница,Банка ДСК АД,Заявител,,
301c9500-cfee-4963-8d8c-73370c8442ef,2367,2026,Частно гражданско дело,Районен съд - Дупница,И.И.М.,Длъжник,,
301c9500-cfee-4963-8d8c-73370c8442ef,2367,2026,Частно гражданско дело,Районен съд - Дупница,П.В.В.,Пълномощник,,
d702077c-f4e3-49de-87bf-818d000fafd8,155,2026,Наказателно дело от общ характер,Районен съд - Елхово,Районна прокуратура - Ямбол,Обвинител,,
d702077c-f4e3-49de-87bf-818d000fafd8,155,2026,Наказателно дело от общ характер,Районен съд - Елхово,А.Г.С.,Обвинител,,
d702077c-f4e3-49de-87bf-818d000fafd8,155,2026,Наказателно дело от общ характер,Районен съд - Елхово,К.Г.С.Х.,Обвинител,,
d702077c-f4e3-49de-87bf-818d000fafd8,155,2026,Наказателно дело от общ характер,Районен съд - Елхово,Г.Х.Д.,Подсъдим,,
d702077c-f4e3-49de-87bf-818d000fafd8,155,2026,Наказателно дело от общ характер,Районен съд - Елхово,П.П.Д.,Защитник,,
d702077c-f4e3-49de-87bf-818d000fafd8,155,2026,Наказателно дело от общ характер,Районен съд - Елхово,В.Я.П.,Свидетел,,
d702077c-f4e3-49de-87bf-818d000fafd8,155,2026,Наказателно дело от общ характер,Районен съд - Елхово,В.А.Ф.,Свидетел,,
d702077c-f4e3-49de-87bf-818d000fafd8,155,2026,Наказателно дело от общ характер,Районен съд - Елхово,Б.Г.М.,Вещо лице,,
d702077c-f4e3-49de-87bf-818d000fafd8,155,2026,Наказателно дело от общ характер,Районен съд - Елхово,Н.Н.Г.,Вещо лице,,
d702077c-f4e3-49de-87bf-818d000fafd8,155,2026,Наказателно дело от общ характер,Районен съд - Елхово,Н.Х.Х.,Вещо лице,,
d702077c-f4e3-49de-87bf-818d000fafd8,155,2026,Наказателно дело от общ характер,Районен съд - Елхово,К.Е.Н.,Защитник,Кирил Емилов Нешев,
d702077c-f4e3-49de-87bf-818d000fafd8,155,2026,Наказателно дело от общ характер,Районен съд - Елхово,Г.Л.С.,Вещо лице,,
d702077c-f4e3-49de-87bf-818d000fafd8,155,2026,Наказателно дело от общ характер,Районен съд - Елхово,И.Д.И.,Вещо лице,,
718e75be-48e5-4489-99e1-d0ab2b6984d8,354,2026,Търговско дело,Окръжен съд - Варна,М.А.Д.,Ищец,,
718e75be-48e5-4489-99e1-d0ab2b6984d8,354,2026,Търговско дело,Окръжен съд - Варна,ЗАСТРАХОВАТЕЛНО ДРУЖЕСТВО ЕВРОИНС АД,Ответник,,
718e75be-48e5-4489-99e1-d0ab2b6984d8,354,2026,Търговско дело,Окръжен съд - Варна,А.С.С.,Адвокат,Ангел Станиславов Стойчев,
718e75be-48e5-4489-99e1-d0ab2b6984d8,354,2026,Търговско дело,Окръжен съд - Варна,Н.В.В.,Адвокат,,
718e75be-48e5-4489-99e1-d0ab2b6984d8,354,2026,Търговско дело,Окръжен съд - Варна,Й.В.С.,Юрисконсулт,,
718e75be-48e5-4489-99e1-d0ab2b6984d8,354,2026,Търговско дело,Окръжен съд - Варна,В.Д.,Вещо лице,,
5436b79c-84ee-4af4-8f66-a47ca3c6c769,931,2026,Частно гражданско дело,Районен съд - Сливница,АПС БЕТА БЪЛГАРИЯ ЕООД,Заявител,,
5436b79c-84ee-4af4-8f66-a47ca3c6c769,931,2026,Частно гражданско дело,Районен съд - Сливница,Б.М.М.,Длъжник,,
5436b79c-84ee-4af4-8f66-a47ca3c6c769,931,2026,Частно гражданско дело,Районен съд - Сливница,М.А.А.,Друго,,
5436b79c-84ee-4af4-8f66-a47ca3c6c769,931,2026,Частно гражданско дело,Районен съд - Сливница,Б.Т.,Юрисконсулт,,
5436b79c-84ee-4af4-8f66-a47ca3c6c769,931,2026,Частно гражданско дело,Районен съд - Сливница,Х.М.,Законен представител,,
5436b79c-84ee-4af4-8f66-a47ca3c6c769,931,2026,Частно гражданско дело,Районен съд - Сливница,П.В.,Законен представител,,
69fff25a-83bc-49f1-8124-84dd95d72e64,890,2026,Частно гражданско дело,Районен съд - Самоков,АПС БЕТА БЪЛГАРИЯ ЕООД,Заявител,,
69fff25a-83bc-49f1-8124-84dd95d72e64,890,2026,Частно гражданско дело,Районен съд - Самоков,А.А.П.,Длъжник,,
69fff25a-83bc-49f1-8124-84dd95d72e64,890,2026,Частно гражданско дело,Районен съд - Самоков,М.А.А.,Друго,,
69fff25a-83bc-49f1-8124-84dd95d72e64,890,2026,Частно гражданско дело,Районен съд - Самоков,Б.Т.,Юрисконсулт,,
69fff25a-83bc-49f1-8124-84dd95d72e64,890,2026,Частно гражданско дело,Районен съд - Самоков,П.В.,Законен представител,,
69fff25a-83bc-49f1-8124-84dd95d72e64,890,2026,Частно гражданско дело,Районен съд - Самоков,Х.М.,Законен представител,,
274851d4-5789-4af1-b818-c7f7362c48bc,2204,2026,Частно гражданско дело,Районен съд - Кюстендил,АПС БЕТА БЪЛГАРИЯ ЕООД,Заявител,,
274851d4-5789-4af1-b818-c7f7362c48bc,2204,2026,Частно гражданско дело,Районен съд - Кюстендил,К.Д.П.,Длъжник,,
274851d4-5789-4af1-b818-c7f7362c48bc,2204,2026,Частно гражданско дело,Районен съд - Кюстендил,М.А.А.,Друго,,
274851d4-5789-4af1-b818-c7f7362c48bc,2204,2026,Частно гражданско дело,Районен съд - Кюстендил,Б.Т.,Юрисконсулт,,
274851d4-5789-4af1-b818-c7f7362c48bc,2204,2026,Частно гражданско дело,Районен съд - Кюстендил,П.В.,Законен представител,,
274851d4-5789-4af1-b818-c7f7362c48bc,2204,2026,Частно гражданско дело,Районен съд - Кюстендил,Х.М.,Законен представител,,
809faac7-5ee2-4523-aec2-a50d14d5ec7e,7571,2026,Административно наказателно дело,Софийски районен съд,ТОПЛОФИКАЦИЯ СОФИЯ ЕАД,Жалбоподател,,
809faac7-5ee2-4523-aec2-a50d14d5ec7e,7571,2026,Административно наказателно дело,Софийски районен съд,ЗАМЕСТНИК КМЕТ НА СТОЛИЧНА ОБЩИНА,Админ.наказ.орган,,
809faac7-5ee2-4523-aec2-a50d14d5ec7e,7571,2026,Административно наказателно дело,Софийски районен съд,Е.М.К.,Актосъставител,,
809faac7-5ee2-4523-aec2-a50d14d5ec7e,7571,2026,Административно наказателно дело,Софийски районен съд,С.В.П.,Адвокат,Силвия Венецкова Паунова,
50361eb0-cf04-40bd-9ff9-05286d5aa326,433,2026,Гражданско дело,Районен съд - Панагюрище,БЕСТ Кепитъл България ЕАД,Ищец,,
50361eb0-cf04-40bd-9ff9-05286d5aa326,433,2026,Гражданско дело,Районен съд - Панагюрище,Р.М.Б.,Ответник,,
50361eb0-cf04-40bd-9ff9-05286d5aa326,433,2026,Гражданско дело,Районен съд - Панагюрище,Б.И.К.,Юрисконсулт,,
5821396e-7088-45f2-b89c-7aadaa9c57c8,482,2026,Частно гражданско дело,Районен съд - Девня,АПС БЕТА БЪЛГАРИЯ ЕООД,Заявител,,
5821396e-7088-45f2-b89c-7aadaa9c57c8,482,2026,Частно гражданско дело,Районен съд - Девня,Ц.М.П.,Длъжник,,
5821396e-7088-45f2-b89c-7aadaa9c57c8,482,2026,Частно гражданско дело,Районен съд - Девня,М.А.А.,Друго,,
5821396e-7088-45f2-b89c-7aadaa9c57c8,482,2026,Частно гражданско дело,Районен съд - Девня,Б.Т.,Юрисконсулт,,
5821396e-7088-45f2-b89c-7aadaa9c57c8,482,2026,Частно гражданско дело,Районен съд - Девня,П.В.,Законен представител,,
5821396e-7088-45f2-b89c-7aadaa9c57c8,482,2026,Частно гражданско дело,Районен съд - Девня,Х.М.,Законен представител,,
73e5c6ee-75de-4eb1-85cd-22dbade098bb,747,2026,Частно гражданско дело,Районен съд - Павликени,АПС БЕТА България ЕООД,Заявител,,
73e5c6ee-75de-4eb1-85cd-22dbade098bb,747,2026,Частно гражданско дело,Районен съд - Павликени,С.Х.Г.,Длъжник,,
73e5c6ee-75de-4eb1-85cd-22dbade098bb,747,2026,Частно гражданско дело,Районен съд - Павликени,М.А.А.,Друго,,
73e5c6ee-75de-4eb1-85cd-22dbade098bb,747,2026,Частно гражданско дело,Районен съд - Павликени,Б.Т.,Юрисконсулт,,
73e5c6ee-75de-4eb1-85cd-22dbade098bb,747,2026,Частно гражданско дело,Районен съд - Павликени,Х.М.,Законен представител,,
73e5c6ee-75de-4eb1-85cd-22dbade098bb,747,2026,Частно гражданско дело,Районен съд - Павликени,П.В.,Законен представител,,
6ddf77d9-2685-40af-a912-3d006df1100e,2178,2026,Частно гражданско дело,Районен съд - Пазарджик,"""ЮРОБАНК БЪЛГАРИЯ” АД",Заявител,,
6ddf77d9-2685-40af-a912-3d006df1100e,2178,2026,Частно гражданско дело,Районен съд - Пазарджик,К.И.Б.,Длъжник,,
6ddf77d9-2685-40af-a912-3d006df1100e,2178,2026,Частно гражданско дело,Районен съд - Пазарджик,Г.И.К.,Пълномощник,Габриела Иванова Костова,
4990f542-e35e-4884-a567-c6a7507ee93f,3546,2026,Частно гражданско дело,Районен съд - Русе,ЕОС МАТРИКС ЕАД,Заявител,,
4990f542-e35e-4884-a567-c6a7507ee93f,3546,2026,Частно гражданско дело,Районен съд - Русе,Ж.И.Ж.,Длъжник,,
4990f542-e35e-4884-a567-c6a7507ee93f,3546,2026,Частно гражданско дело,Районен съд - Русе,Ж.Д.Д.,Адвокат,Жельо Денев Денев,
96a32529-f070-4a88-b91c-4a510a57b5bd,794,2026,Частно гражданско дело,Районен съд - Димитровград,Банка ДСК АД,Заявител,,
96a32529-f070-4a88-b91c-4a510a57b5bd,794,2026,Частно гражданско дело,Районен съд - Димитровград,Т.И.Т.,Длъжник,,
96a32529-f070-4a88-b91c-4a510a57b5bd,794,2026,Частно гражданско дело,Районен съд - Димитровград,А.И.Т.,Длъжник,,
96a32529-f070-4a88-b91c-4a510a57b5bd,794,2026,Частно гражданско дело,Районен съд - Димитровград,Ц.И.Т.,Длъжник,,
96a32529-f070-4a88-b91c-4a510a57b5bd,794,2026,Частно гражданско дело,Районен съд - Димитровград,Д.М.П.,Пълномощник,,
fa1c8523-5d1e-4154-addd-10a8d3a36304,1120,2026,Частно гражданско дело,Окръжен съд - Варна,Н.И.С.,Молител,,
e115bfff-7608-4d20-a93b-0955cf226fc9,190,2026,Частно наказателно дело,Окръжен съд - Кърджали,Окръжна прокуратура - Кърджали,Обвинител,,
e115bfff-7608-4d20-a93b-0955cf226fc9,190,2026,Частно наказателно дело,Окръжен съд - Кърджали,Р.Г.Г.,Обвинител,,
e115bfff-7608-4d20-a93b-0955cf226fc9,190,2026,Частно наказателно дело,Окръжен съд - Кърджали,Р.Р.Р.,Ощетено юридическо лице,,
4023fe16-e57e-44dc-9e57-4927eb7d2439,7570,2026,Административно наказателно дело,Софийски районен съд,АТОМЕНЕРГОПРОЕКТ ЕООД,Жалбоподател,,
4023fe16-e57e-44dc-9e57-4927eb7d2439,7570,2026,Административно наказателно дело,Софийски районен съд,ДИРЕКТОР НА ДИРЕКЦИЯ ИНСПЕКЦИЯ ПО ТРУДА СОФИЙСКА ОБЛАСТ,Админ.наказ.орган,,
4023fe16-e57e-44dc-9e57-4927eb7d2439,7570,2026,Административно наказателно дело,Софийски районен съд,Р.И.С.,Свидетел,,
4023fe16-e57e-44dc-9e57-4927eb7d2439,7570,2026,Административно наказателно дело,Софийски районен съд,Д.Н.Н.,Свидетел,,
bb365eea-1c5a-4f1f-9290-506a63e293d5,753,2026,Частно гражданско дело,Районен съд - Своге,АПС БЕТА БЪЛГАРИЯ ЕООД,Заявител,,
bb365eea-1c5a-4f1f-9290-506a63e293d5,753,2026,Частно гражданско дело,Районен съд - Своге,А.Р.А.,Длъжник,,
bb365eea-1c5a-4f1f-9290-506a63e293d5,753,2026,Частно гражданско дело,Районен съд - Своге,М.А.А.,Друго,,
bb365eea-1c5a-4f1f-9290-506a63e293d5,753,2026,Частно гражданско дело,Районен съд - Своге,Б.Т.,Юрисконсулт,,
bb365eea-1c5a-4f1f-9290-506a63e293d5,753,2026,Частно гражданско дело,Районен съд - Своге,П.В.,Законен представител,,
bb365eea-1c5a-4f1f-9290-506a63e293d5,753,2026,Частно гражданско дело,Районен съд - Своге,Х.М.,Законен представител,,
e6333275-55b0-43bd-a48f-b1070c46f394,917,2026,Частно гражданско дело,Районен съд - Белоградчик,АПС БЕТА БЪЛГАРИЯ ЕООД,Заявител,,
e6333275-55b0-43bd-a48f-b1070c46f394,917,2026,Частно гражданско дело,Районен съд - Белоградчик,Е.М.К.,Длъжник,,
e6333275-55b0-43bd-a48f-b1070c46f394,917,2026,Частно гражданско дело,Районен съд - Белоградчик,М.А.А.,Друго,,
e6333275-55b0-43bd-a48f-b1070c46f394,917,2026,Частно гражданско дело,Районен съд - Белоградчик,Б.Т.,Юрисконсулт,,
e6333275-55b0-43bd-a48f-b1070c46f394,917,2026,Частно гражданско дело,Районен съд - Белоградчик,П.В.,Законен представител,,
e6333275-55b0-43bd-a48f-b1070c46f394,917,2026,Частно гражданско дело,Районен съд - Белоградчик,Х.М.,Законен представител,,
ab4b8074-8f60-4ec0-a4df-ecac5bfa15f6,5543,2026,Частно гражданско дело,Районен съд - Перник,АПС БЕТА БЪЛГАРИЯ ЕООД,Заявител,,
ab4b8074-8f60-4ec0-a4df-ecac5bfa15f6,5543,2026,Частно гражданско дело,Районен съд - Перник,М.А.М.,Длъжник,,
ab4b8074-8f60-4ec0-a4df-ecac5bfa15f6,5543,2026,Частно гражданско дело,Районен съд - Перник,М.А.А.,Друго,,
ab4b8074-8f60-4ec0-a4df-ecac5bfa15f6,5543,2026,Частно гражданско дело,Районен съд - Перник,Б.Т.,Юрисконсулт,,
ab4b8074-8f60-4ec0-a4df-ecac5bfa15f6,5543,2026,Частно гражданско дело,Районен съд - Перник,П.В.,Законен представител,,
ab4b8074-8f60-4ec0-a4df-ecac5bfa15f6,5543,2026,Частно гражданско дело,Районен съд - Перник,Х.М.,Законен представител,,
27dd3e97-c101-4154-b419-8a16ced0295c,5542,2026,Частно гражданско дело,Районен съд - Перник,АПС БЕТА БЪЛГАРИЯ ЕООД,Заявител,,
27dd3e97-c101-4154-b419-8a16ced0295c,5542,2026,Частно гражданско дело,Районен съд - Перник,А.А.П.,Длъжник,,
27dd3e97-c101-4154-b419-8a16ced0295c,5542,2026,Частно гражданско дело,Районен съд - Перник,М.А.А.,Друго,,
27dd3e97-c101-4154-b419-8a16ced0295c,5542,2026,Частно гражданско дело,Районен съд - Перник,Б.Т.,Юрисконсулт,,
27dd3e97-c101-4154-b419-8a16ced0295c,5542,2026,Частно гражданско дело,Районен съд - Перник,П.В.,Законен представител,,
27dd3e97-c101-4154-b419-8a16ced0295c,5542,2026,Частно гражданско дело,Районен съд - Перник,Х.М.,Законен представител,,
47b75ba6-a3b0-44c8-afc5-0a491f2810fd,4405,2026,Частно гражданско дело,Районен съд - Враца,АПС БЕТА БЪЛГАРИЯ ЕООД,Заявител,,
47b75ba6-a3b0-44c8-afc5-0a491f2810fd,4405,2026,Частно гражданско дело,Районен съд - Враца,З.С.П.,Длъжник,,
47b75ba6-a3b0-44c8-afc5-0a491f2810fd,4405,2026,Частно гражданско дело,Районен съд - Враца,М.А.А.,Друго,,
47b75ba6-a3b0-44c8-afc5-0a491f2810fd,4405,2026,Частно гражданско дело,Районен съд - Враца,Б.Т.,Юрисконсулт,,
47b75ba6-a3b0-44c8-afc5-0a491f2810fd,4405,2026,Частно гражданско дело,Районен съд - Враца,П.В.,Законен представител,,
47b75ba6-a3b0-44c8-afc5-0a491f2810fd,4405,2026,Частно гражданско дело,Районен съд - Враца,Х.М.,Законен представител,,
9b525d99-674f-4ba1-83fb-a94cd798d4a6,184,2026,Частно гражданско дело,Районен съд - Свиленград,Инспекторат на ВСС,Вносител,,
2a6335db-8d2a-4ccc-8fe1-085fa4bc3e35,353,2026,Търговско дело,Окръжен съд - Варна,ЕМ ЕЛ ПИ ЕС АД,Ищец,,
2a6335db-8d2a-4ccc-8fe1-085fa4bc3e35,353,2026,Търговско дело,Окръжен съд - Варна,ЕЛЕКТРОРАЗПРЕДЕЛЕНИЕ СЕВЕР АД,Ответник,,
2a6335db-8d2a-4ccc-8fe1-085fa4bc3e35,353,2026,Търговско дело,Окръжен съд - Варна,П.М.М.,Адвокат,Петър Митков Митев,
2a6335db-8d2a-4ccc-8fe1-085fa4bc3e35,353,2026,Търговско дело,Окръжен съд - Варна,ЕЛЕКТРОЕНЕРГИЕН СИСТЕМЕН ОПЕРАТОР ЕАД,Трето неучастващо лице,,
2a6335db-8d2a-4ccc-8fe1-085fa4bc3e35,353,2026,Търговско дело,Окръжен съд - Варна,Н.В.В.,Вещо лице,,
2a6335db-8d2a-4ccc-8fe1-085fa4bc3e35,353,2026,Търговско дело,Окръжен съд - Варна,Н.М.Б.,Адвокат,,
2a6335db-8d2a-4ccc-8fe1-085fa4bc3e35,353,2026,Търговско дело,Окръжен съд - Варна,Н.В.В.,Вещо лице,,
2a6335db-8d2a-4ccc-8fe1-085fa4bc3e35,353,2026,Търговско дело,Окръжен съд - Варна,А.Г.П.,Вещо лице,,
631c5f47-6dbc-49e2-b5c1-2feee811d63b,7569,2026,Частно наказателно дело,Софийски районен съд,И.М.Б.,Жалбоподател,,
631c5f47-6dbc-49e2-b5c1-2feee811d63b,7569,2026,Частно наказателно дело,Софийски районен съд,Районна прокуратура - София,Вносител,,
7a25bbb3-8be7-4256-824c-4c90f16fbbed,2446,2026,Частно гражданско дело,Районен съд - Ботевград,АПС БЕТА БЪЛГАРИЯ ЕООД,Заявител,,
7a25bbb3-8be7-4256-824c-4c90f16fbbed,2446,2026,Частно гражданско дело,Районен съд - Ботевград,Й.А.П.,Длъжник,,
7a25bbb3-8be7-4256-824c-4c90f16fbbed,2446,2026,Частно гражданско дело,Районен съд - Ботевград,М.А.А.,Друго,,
7a25bbb3-8be7-4256-824c-4c90f16fbbed,2446,2026,Частно гражданско дело,Районен съд - Ботевград,Б.Т.,Юрисконсулт,,
7a25bbb3-8be7-4256-824c-4c90f16fbbed,2446,2026,Частно гражданско дело,Районен съд - Ботевград,П.В.,Законен представител,,
7a25bbb3-8be7-4256-824c-4c90f16fbbed,2446,2026,Частно гражданско дело,Районен съд - Ботевград,Х.М.,Законен представител,,
e05e83cb-f24f-49fd-a730-76ba037c6a06,1074,2026,Частно гражданско дело,Районен съд - Дряново,АПС БЕТА БЪЛГАРИЯ ЕООД,Заявител,,
e05e83cb-f24f-49fd-a730-76ba037c6a06,1074,2026,Частно гражданско дело,Районен съд - Дряново,С.П.П.,Длъжник,,
e05e83cb-f24f-49fd-a730-76ba037c6a06,1074,2026,Частно гражданско дело,Районен съд - Дряново,М.А.А.,Друго,,
e05e83cb-f24f-49fd-a730-76ba037c6a06,1074,2026,Частно гражданско дело,Районен съд - Дряново,Б.Т.,Юрисконсулт,,
e05e83cb-f24f-49fd-a730-76ba037c6a06,1074,2026,Частно гражданско дело,Районен съд - Дряново,П.В.,Законен представител,,
e05e83cb-f24f-49fd-a730-76ba037c6a06,1074,2026,Частно гражданско дело,Районен съд - Дряново,Х.М.,Законен представител,,
73bf50ba-ab6a-4dd8-9798-e7a7313c1519,1119,2026,Частно гражданско дело,Окръжен съд - Варна,Д.Н.Н.,Молител,,
73bf50ba-ab6a-4dd8-9798-e7a7313c1519,1119,2026,Частно гражданско дело,Окръжен съд - Варна,Б.Н.,Молител,,
73bf50ba-ab6a-4dd8-9798-e7a7313c1519,1119,2026,Частно гражданско дело,Окръжен съд - Варна,Б.Р.Н.,Молител,,
73bf50ba-ab6a-4dd8-9798-e7a7313c1519,1119,2026,Частно гражданско дело,Окръжен съд - Варна,Й.Н.,Ответник,,
73bf50ba-ab6a-4dd8-9798-e7a7313c1519,1119,2026,Частно гражданско дело,Окръжен съд - Варна,М.Н.Н.,Адвокат,Милена Николова Николова,
73bf50ba-ab6a-4dd8-9798-e7a7313c1519,1119,2026,Частно гражданско дело,Окръжен съд - Варна,Б.Н.,Законен представител,,
73bf50ba-ab6a-4dd8-9798-e7a7313c1519,1119,2026,Частно гражданско дело,Окръжен съд - Варна,Д.В.В.,Адвокат,,
f077f4fd-fcb9-46c6-91d0-c06cf10255c9,5541,2026,Частно гражданско дело,Районен съд - Перник,АПС БЕТА БЪЛГАРИЯ ЕООД,Заявител,,
f077f4fd-fcb9-46c6-91d0-c06cf10255c9,5541,2026,Частно гражданско дело,Районен съд - Перник,Е.М.И.,Длъжник,,
f077f4fd-fcb9-46c6-91d0-c06cf10255c9,5541,2026,Частно гражданско дело,Районен съд - Перник,М.А.А.,Друго,,
f077f4fd-fcb9-46c6-91d0-c06cf10255c9,5541,2026,Частно гражданско дело,Районен съд - Перник,Б.Т.,Юрисконсулт,,
f077f4fd-fcb9-46c6-91d0-c06cf10255c9,5541,2026,Частно гражданско дело,Районен съд - Перник,П.В.,Законен представител,,
f077f4fd-fcb9-46c6-91d0-c06cf10255c9,5541,2026,Частно гражданско дело,Районен съд - Перник,Х.М.,Законен представител,,
7fc077eb-3c07-4e94-82e4-6b7123d5056c,1562,2026,Частно гражданско дело,Районен съд - Габрово,ТИ БИ АЙ Банк ЕАД,Кредитор,,
7fc077eb-3c07-4e94-82e4-6b7123d5056c,1562,2026,Частно гражданско дело,Районен съд - Габрово,Р.С.Х.,Длъжник,,
7fc077eb-3c07-4e94-82e4-6b7123d5056c,1562,2026,Частно гражданско дело,Районен съд - Габрово,Д.В.И.,Юрисконсулт,,
df3f7734-22e3-4683-b1cb-25908aeff572,586,2026,Частно гражданско дело,Районен съд - Чепеларе,ТИ БИ АЙ Банк ЕАД,Заявител,,
df3f7734-22e3-4683-b1cb-25908aeff572,586,2026,Частно гражданско дело,Районен съд - Чепеларе,С.Н.Т.,Длъжник,,
df3f7734-22e3-4683-b1cb-25908aeff572,586,2026,Частно гражданско дело,Районен съд - Чепеларе,М.Г.Н.,Юрисконсулт,,
fc261ec4-ebd8-4272-803f-35458c43ac36,242,2026,Частно наказателно дело,Окръжен съд - Ловеч,Д.Т.Д.,Обвинител,,
fc261ec4-ebd8-4272-803f-35458c43ac36,242,2026,Частно наказателно дело,Окръжен съд - Ловеч,И.Д.М.,Осъден,,
fc261ec4-ebd8-4272-803f-35458c43ac36,242,2026,Частно наказателно дело,Окръжен съд - Ловеч,А.М.,Защитник,,
fc261ec4-ebd8-4272-803f-35458c43ac36,242,2026,Частно наказателно дело,Окръжен съд - Ловеч,Окръжна прокуратура - Ловеч,Страна,,
3dabb2c1-1860-42d5-a097-35231efcde27,357,2026,Частно гражданско дело,Районен съд - Никопол,Изи Финанс ЕООД,Заявител,,
3dabb2c1-1860-42d5-a097-35231efcde27,357,2026,Частно гражданско дело,Районен съд - Никопол,Д.Й.Ж.,Длъжник,,
3dabb2c1-1860-42d5-a097-35231efcde27,357,2026,Частно гражданско дело,Районен съд - Никопол,А.С.Г.,Юрисконсулт,,
34cb15c9-01ba-4e3d-bf3a-637320c94ef2,2822,2026,Частно гражданско дело,Районен съд - Шумен,ЕОС МАТРИКС ЕАД,Заявител,,
34cb15c9-01ba-4e3d-bf3a-637320c94ef2,2822,2026,Частно гражданско дело,Районен съд - Шумен,Я.И.К.,Длъжник,,
34cb15c9-01ba-4e3d-bf3a-637320c94ef2,2822,2026,Частно гражданско дело,Районен съд - Шумен,Ж.Д.Д.,Адвокат,Жельо Денев Денев,
1ae8693f-9fcf-495e-af37-1675e6935604,2203,2026,Частно гражданско дело,Районен съд - Кюстендил,АПС БЕТА БЪЛГАРИЯ ЕООД,Заявител,,
1ae8693f-9fcf-495e-af37-1675e6935604,2203,2026,Частно гражданско дело,Районен съд - Кюстендил,К.П.Е.,Длъжник,,
1ae8693f-9fcf-495e-af37-1675e6935604,2203,2026,Частно гражданско дело,Районен съд - Кюстендил,М.А.А.,Друго,,
1ae8693f-9fcf-495e-af37-1675e6935604,2203,2026,Частно гражданско дело,Районен съд - Кюстендил,Б.Т.,Юрисконсулт,,
1ae8693f-9fcf-495e-af37-1675e6935604,2203,2026,Частно гражданско дело,Районен съд - Кюстендил,П.В.,Законен представител,,
1ae8693f-9fcf-495e-af37-1675e6935604,2203,2026,Частно гражданско дело,Районен съд - Кюстендил,Х.М.,Законен представител,,
454bb779-ee91-4f11-8dd0-239edcb6c596,1118,2026,Частно гражданско дело,Окръжен съд - Варна,Б.Н.,Молител,,
454bb779-ee91-4f11-8dd0-239edcb6c596,1118,2026,Частно гражданско дело,Окръжен съд - Варна,Й.Н.,Ответник,,
454bb779-ee91-4f11-8dd0-239edcb6c596,1118,2026,Частно гражданско дело,Окръжен съд - Варна,М.Н.Н.,Адвокат,Милена Николова Николова,
454bb779-ee91-4f11-8dd0-239edcb6c596,1118,2026,Частно гражданско дело,Окръжен съд - Варна,Д.В.В.,Адвокат,Димитър Владимиров Владимиров,
fbbc7c17-01ea-4b31-a60c-3f30e69bbe72,1561,2026,Частно гражданско дело,Районен съд - Габрово,АПС БЕТА БЪЛГАРИЯ ЕООД,Заявител,,
fbbc7c17-01ea-4b31-a60c-3f30e69bbe72,1561,2026,Частно гражданско дело,Районен съд - Габрово,К.Р.М.,Длъжник,,
fbbc7c17-01ea-4b31-a60c-3f30e69bbe72,1561,2026,Частно гражданско дело,Районен съд - Габрово,М.А.А.,Друго,,
fbbc7c17-01ea-4b31-a60c-3f30e69bbe72,1561,2026,Частно гражданско дело,Районен съд - Габрово,Б.Т.,Юрисконсулт,,
fbbc7c17-01ea-4b31-a60c-3f30e69bbe72,1561,2026,Частно гражданско дело,Районен съд - Габрово,П.В.,Законен представител,,
fbbc7c17-01ea-4b31-a60c-3f30e69bbe72,1561,2026,Частно гражданско дело,Районен съд - Габрово,Х.М.,Законен представител,,
ecc04853-4583-4ee3-bd6b-24afbaaebfe6,496,2026,Частно гражданско дело,Районен съд - Луковит,Топлофикация София ЕАД,Заявител,,
ecc04853-4583-4ee3-bd6b-24afbaaebfe6,496,2026,Частно гражданско дело,Районен съд - Луковит,Й.П.М.,Длъжник,,
ecc04853-4583-4ee3-bd6b-24afbaaebfe6,496,2026,Частно гражданско дело,Районен съд - Луковит,Д.Б.Б.,Пълномощник,,
ecc04853-4583-4ee3-bd6b-24afbaaebfe6,496,2026,Частно гражданско дело,Районен съд - Луковит,П.Р.П.,Представляващ,,
ecc04853-4583-4ee3-bd6b-24afbaaebfe6,496,2026,Частно гражданско дело,Районен съд - Луковит,Р.Д.Г.,Представляващ,,
20f08900-4103-453e-9aae-6b0480b2bc72,7568,2026,Частно наказателно дело,Софийски районен съд,З.Г.С.,Жалбоподател,,
20f08900-4103-453e-9aae-6b0480b2bc72,7568,2026,Частно наказателно дело,Софийски районен съд,Районна прокуратура - София,Вносител,,
1b103d6f-fc6a-4779-b89c-e3fea49264de,537,2026,Частно гражданско дело,Районен съд - Оряхово,Ю.Ц.Н.,Наследник,,
1b103d6f-fc6a-4779-b89c-e3fea49264de,537,2026,Частно гражданско дело,Районен съд - Оряхово,Ц.Н.В.,Наследодател,,
4126fbee-8b87-4f4d-9640-da66710b8d2c,2445,2026,Частно гражданско дело,Районен съд - Ботевград,ТИ БИ АЙ Банк ЕАД,Заявител,,
4126fbee-8b87-4f4d-9640-da66710b8d2c,2445,2026,Частно гражданско дело,Районен съд - Ботевград,П.Й.П.,Длъжник,,
4126fbee-8b87-4f4d-9640-da66710b8d2c,2445,2026,Частно гражданско дело,Районен съд - Ботевград,Д.В.И.,Юрисконсулт,,
11b30a44-437b-4e0f-8bf2-e6c125a888f0,4404,2026,Частно гражданско дело,Районен съд - Враца,ТИ БИ АЙ Банк ЕАД,Заявител,,
11b30a44-437b-4e0f-8bf2-e6c125a888f0,4404,2026,Частно гражданско дело,Районен съд - Враца,С.Д.В.,Длъжник,,
11b30a44-437b-4e0f-8bf2-e6c125a888f0,4404,2026,Частно гражданско дело,Районен съд - Враца,М.Г.Н.,Юрисконсулт,,
60a3a4db-e993-45bf-a7b7-8ce43887db33,757,2026,Частно гражданско дело,Районен съд - Ген. Тошево,АПС БЕТА България ЕООД,Заявител,,
60a3a4db-e993-45bf-a7b7-8ce43887db33,757,2026,Частно гражданско дело,Районен съд - Ген. Тошево,М.Л.Д.,Длъжник,,
60a3a4db-e993-45bf-a7b7-8ce43887db33,757,2026,Частно гражданско дело,Районен съд - Ген. Тошево,М.А.А.,Друго,,
60a3a4db-e993-45bf-a7b7-8ce43887db33,757,2026,Частно гражданско дело,Районен съд - Ген. Тошево,Б.Д.Т.,Юрисконсулт,,
60a3a4db-e993-45bf-a7b7-8ce43887db33,757,2026,Частно гражданско дело,Районен съд - Ген. Тошево,Х.М.,Законен представител,,
60a3a4db-e993-45bf-a7b7-8ce43887db33,757,2026,Частно гражданско дело,Районен съд - Ген. Тошево,П.В.,Законен представител,,
c314fdd1-793c-4dfd-91e3-a8046aecc57c,2106,2026,Частно гражданско дело,Районен съд - Видин,“ЮРОБАНК БЪЛГАРИЯ” АД,Заявител,Юробанк България АД,
c314fdd1-793c-4dfd-91e3-a8046aecc57c,2106,2026,Частно гражданско дело,Районен съд - Видин,В.В.Л.,Длъжник,,
c314fdd1-793c-4dfd-91e3-a8046aecc57c,2106,2026,Частно гражданско дело,Районен съд - Видин,И.Л.К.,Длъжник,,
c314fdd1-793c-4dfd-91e3-a8046aecc57c,2106,2026,Частно гражданско дело,Районен съд - Видин,И.Д.Д.,Пълномощник,,
f4c9f728-ecec-45af-9723-74545f369f87,536,2026,Частно гражданско дело,Районен съд - Оряхово,В.Ц.Н.,Наследник,,
f4c9f728-ecec-45af-9723-74545f369f87,536,2026,Частно гражданско дело,Районен съд - Оряхово,Ц.Н.В.,Наследодател,,
5d625cc7-2e89-49b2-872f-f2950a26f9c2,585,2026,Частно гражданско дело,Районен съд - Чепеларе,Агенция за събиране на вземания ЕАД,Заявител,,
5d625cc7-2e89-49b2-872f-f2950a26f9c2,585,2026,Частно гражданско дело,Районен съд - Чепеларе,Ю.И.И.,Длъжник,,
5d625cc7-2e89-49b2-872f-f2950a26f9c2,585,2026,Частно гражданско дело,Районен съд - Чепеларе,С.И.Д.,Юрисконсулт,,
c5a83243-3b6f-4f2b-8883-2635bb8c43bf,352,2026,Търговско дело,Окръжен съд - Варна,А.В.,Ищец,,
c5a83243-3b6f-4f2b-8883-2635bb8c43bf,352,2026,Търговско дело,Окръжен съд - Варна,А.М.О.,Ответник,,
c5a83243-3b6f-4f2b-8883-2635bb8c43bf,352,2026,Търговско дело,Окръжен съд - Варна,К.В.С.,Адвокат,Костадин Венциславов Савов,
c5a83243-3b6f-4f2b-8883-2635bb8c43bf,352,2026,Търговско дело,Окръжен съд - Варна,В.А.С.,Адвокат,,
d138f9f0-3cec-481f-a889-77b449c3d09e,1070,2026,Частно гражданско дело,Районен съд - Гоце Делчев,ТИ БИ АЙ Банк ЕАД,Заявител,,
d138f9f0-3cec-481f-a889-77b449c3d09e,1070,2026,Частно гражданско дело,Районен съд - Гоце Делчев,П.В.А.,Длъжник,,
d138f9f0-3cec-481f-a889-77b449c3d09e,1070,2026,Частно гражданско дело,Районен съд - Гоце Делчев,Д.В.И.,Юрисконсулт,,
faf7b857-7329-4fca-843f-6cca4dc3f9ae,3545,2026,Частно гражданско дело,Районен съд - Русе,ТИ БИ АЙ Банк ЕАД,Заявител,,
faf7b857-7329-4fca-843f-6cca4dc3f9ae,3545,2026,Частно гражданско дело,Районен съд - Русе,С.В.Д.,Длъжник,,
faf7b857-7329-4fca-843f-6cca4dc3f9ae,3545,2026,Частно гражданско дело,Районен съд - Русе,М.Г.Н.,Юрисконсулт,,
ce5a7708-af6e-4a93-83ca-11a79b16e9d8,2366,2026,Частно гражданско дело,Районен съд - Дупница,ЕОС МАТРИКС ЕАД,Заявител,,
ce5a7708-af6e-4a93-83ca-11a79b16e9d8,2366,2026,Частно гражданско дело,Районен съд - Дупница,Ю.С.О.,Длъжник,,
ce5a7708-af6e-4a93-83ca-11a79b16e9d8,2366,2026,Частно гражданско дело,Районен съд - Дупница,Ж.Д.Д.,Адвокат,Жельо Денев Денев,
3d9fcf24-42c8-4c9a-bdec-094cafbac745,1477,2026,Частно гражданско дело,Районен съд - Нови пазар,ТД НА НАП ВАРНА (0000000300 ),Вносител,,
3d9fcf24-42c8-4c9a-bdec-094cafbac745,1477,2026,Частно гражданско дело,Районен съд - Нови пазар,М.С.Х.,Страна,,
456b7e4d-1a71-4bbc-a66b-53deeb725c16,2573,2026,Частно гражданско дело,Районен съд - Добрич,"""ЮРОБАНК БЪЛГАРИЯ” АД",Заявител,,
456b7e4d-1a71-4bbc-a66b-53deeb725c16,2573,2026,Частно гражданско дело,Районен съд - Добрич,Н.Е.Д.,Длъжник,,
456b7e4d-1a71-4bbc-a66b-53deeb725c16,2573,2026,Частно гражданско дело,Районен съд - Добрич,Г.И.К.,Пълномощник,Габриела Иванова Костова,
fb3ab0d6-c833-4e9b-b75f-a08d985dbd70,7567,2026,Наказателно дело от общ характер,Софийски районен съд,Г.Н.М.,Частен обвинител,,
fb3ab0d6-c833-4e9b-b75f-a08d985dbd70,7567,2026,Наказателно дело от общ характер,Софийски районен съд,Районна прокуратура - София,Вносител,,
fb3ab0d6-c833-4e9b-b75f-a08d985dbd70,7567,2026,Наказателно дело от общ характер,Софийски районен съд,М.И.Г.,Обвинител,,
fb3ab0d6-c833-4e9b-b75f-a08d985dbd70,7567,2026,Наказателно дело от общ характер,Софийски районен съд,С.А.С.,Обвинител,,
fb3ab0d6-c833-4e9b-b75f-a08d985dbd70,7567,2026,Наказателно дело от общ характер,Софийски районен съд,В.С.К.,Обвинител,,
fb3ab0d6-c833-4e9b-b75f-a08d985dbd70,7567,2026,Наказателно дело от общ характер,Софийски районен съд,А.Т.Т.,Подсъдим,,
fb3ab0d6-c833-4e9b-b75f-a08d985dbd70,7567,2026,Наказателно дело от общ характер,Софийски районен съд,Т.Д.Т.,Подсъдим,,
fb3ab0d6-c833-4e9b-b75f-a08d985dbd70,7567,2026,Наказателно дело от общ характер,Софийски районен съд,А.Т.В.,Свидетел,,
fb3ab0d6-c833-4e9b-b75f-a08d985dbd70,7567,2026,Наказателно дело от общ характер,Софийски районен съд,Б.Н.М.,Вещо лице,,
fb3ab0d6-c833-4e9b-b75f-a08d985dbd70,7567,2026,Наказателно дело от общ характер,Софийски районен съд,М.В.М.,Повереник,,
fb3ab0d6-c833-4e9b-b75f-a08d985dbd70,7567,2026,Наказателно дело от общ характер,Софийски районен съд,М.В.С.,Свидетел,,
fb3ab0d6-c833-4e9b-b75f-a08d985dbd70,7567,2026,Наказателно дело от общ характер,Софийски районен съд,М.К.Г.,Свидетел,,
fb3ab0d6-c833-4e9b-b75f-a08d985dbd70,7567,2026,Наказателно дело от общ характер,Софийски районен съд,Й.С.С.,Свидетел,,
fb3ab0d6-c833-4e9b-b75f-a08d985dbd70,7567,2026,Наказателно дело от общ характер,Софийски районен съд,Р.Й.К.,Свидетел,,
fb3ab0d6-c833-4e9b-b75f-a08d985dbd70,7567,2026,Наказателно дело от общ характер,Софийски районен съд,Ц.К.З.,Свидетел,,
fb3ab0d6-c833-4e9b-b75f-a08d985dbd70,7567,2026,Наказателно дело от общ характер,Софийски районен съд,А.М.З.,Вещо лице,,
fb3ab0d6-c833-4e9b-b75f-a08d985dbd70,7567,2026,Наказателно дело от общ характер,Софийски районен съд,А.Н.П.,Свидетел,,
fb3ab0d6-c833-4e9b-b75f-a08d985dbd70,7567,2026,Наказателно дело от общ характер,Софийски районен съд,С.И.Г.,Вещо лице,,
fb3ab0d6-c833-4e9b-b75f-a08d985dbd70,7567,2026,Наказателно дело от общ характер,Софийски районен съд,Т.Л.,Защитник,,
d658790c-8167-488d-b3be-02de3b0ef542,2365,2026,Частно гражданско дело,Районен съд - Дупница,Изи Финанс ЕООД,Заявител,,
d658790c-8167-488d-b3be-02de3b0ef542,2365,2026,Частно гражданско дело,Районен съд - Дупница,Г.М.Г.,Длъжник,,
d658790c-8167-488d-b3be-02de3b0ef542,2365,2026,Частно гражданско дело,Районен съд - Дупница,А.С.Г.,Юрисконсулт,,
3229fb01-6ee3-47df-abca-32840d8060e2,756,2026,Частно гражданско дело,Районен съд - Ген. Тошево,М.И.Р.,Заявител,,
3229fb01-6ee3-47df-abca-32840d8060e2,756,2026,Частно гражданско дело,Районен съд - Ген. Тошево,СИТИ КЕШ ООД,Длъжник,,
3229fb01-6ee3-47df-abca-32840d8060e2,756,2026,Частно гражданско дело,Районен съд - Ген. Тошево,Т.Н.Д.,Адвокат,Тодор Николаев Делчев,
3229fb01-6ee3-47df-abca-32840d8060e2,756,2026,Частно гражданско дело,Районен съд - Ген. Тошево,Х.М.Г.,Адвокат,Христо Милчев Георгиев,
3229fb01-6ee3-47df-abca-32840d8060e2,756,2026,Частно гражданско дело,Районен съд - Ген. Тошево,"Адвокатско дружество Нестори, Угляров, Милчев",Пълномощник,,
6aa7c9f3-b44a-4042-af00-2d0bf7ce6664,5540,2026,Частно гражданско дело,Районен съд - Перник,ТИ БИ АЙ Банк ЕАД,Заявител,,
6aa7c9f3-b44a-4042-af00-2d0bf7ce6664,5540,2026,Частно гражданско дело,Районен съд - Перник,С.Н.И.,Длъжник,,
6aa7c9f3-b44a-4042-af00-2d0bf7ce6664,5540,2026,Частно гражданско дело,Районен съд - Перник,М.Г.Н.,Юрисконсулт,,
d2087801-84b8-4287-9b41-f40cbdeb13e3,930,2026,Частно гражданско дело,Районен съд - Сливница,ЕОС МАТРИКС ЕАД,Заявител,,
d2087801-84b8-4287-9b41-f40cbdeb13e3,930,2026,Частно гражданско дело,Районен съд - Сливница,Ж.С.К.,Длъжник,,
d2087801-84b8-4287-9b41-f40cbdeb13e3,930,2026,Частно гражданско дело,Районен съд - Сливница,Ж.Д.Д.,Адвокат,Жельо Денев Денев,
4cbfaf2c-7d80-45e3-b061-10101660a4c0,2444,2026,Частно гражданско дело,Районен съд - Ботевград,СФ МОТОРС ЕООД,Заявител,,
4cbfaf2c-7d80-45e3-b061-10101660a4c0,2444,2026,Частно гражданско дело,Районен съд - Ботевград,Г.С.Ц.,Длъжник,,
4cbfaf2c-7d80-45e3-b061-10101660a4c0,2444,2026,Частно гражданско дело,Районен съд - Ботевград,В.Б.Б.,Адвокат,Владислав Бисеров Божиков,
812af6bb-5475-4374-9c74-31832482e9fd,1117,2026,Въззивно гражданско дело,Окръжен съд - Варна,Л.Д.Ж.,Въззивник,,
812af6bb-5475-4374-9c74-31832482e9fd,1117,2026,Въззивно гражданско дело,Окръжен съд - Варна,П.А.П.,Въззиваема страна,,
812af6bb-5475-4374-9c74-31832482e9fd,1117,2026,Въззивно гражданско дело,Окръжен съд - Варна,С.Д.П.,Въззиваема страна,,
812af6bb-5475-4374-9c74-31832482e9fd,1117,2026,Въззивно гражданско дело,Окръжен съд - Варна,В.Т.В.,Адвокат,,
812af6bb-5475-4374-9c74-31832482e9fd,1117,2026,Въззивно гражданско дело,Окръжен съд - Варна,Р.Г.И.,Адвокат,,
812af6bb-5475-4374-9c74-31832482e9fd,1117,2026,Въззивно гражданско дело,Окръжен съд - Варна,А.Н.А.,Адвокат,,
812af6bb-5475-4374-9c74-31832482e9fd,1117,2026,Въззивно гражданско дело,Окръжен съд - Варна,Г.Н.А.,Адвокат,Гергана Нелкова Аврамова,
812af6bb-5475-4374-9c74-31832482e9fd,1117,2026,Въззивно гражданско дело,Окръжен съд - Варна,Т.Н.,Свидетел,,
812af6bb-5475-4374-9c74-31832482e9fd,1117,2026,Въззивно гражданско дело,Окръжен съд - Варна,В.Г.Д.,Свидетел,,
c10e3951-cc71-4b9f-ae1b-11e38975e4f9,7566,2026,Наказателно дело от общ характер,Софийски районен съд,Районна прокуратура - София,Вносител,,
c10e3951-cc71-4b9f-ae1b-11e38975e4f9,7566,2026,Наказателно дело от общ характер,Софийски районен съд,Н.Й.Д.,Обвинител,,
c10e3951-cc71-4b9f-ae1b-11e38975e4f9,7566,2026,Наказателно дело от общ характер,Софийски районен съд,М.Б.Н.,Обвинител,,
c10e3951-cc71-4b9f-ae1b-11e38975e4f9,7566,2026,Наказателно дело от общ характер,Софийски районен съд,Д.Г.П.,Подсъдим,,
c10e3951-cc71-4b9f-ae1b-11e38975e4f9,7566,2026,Наказателно дело от общ характер,Софийски районен съд,П.Г.С.,Свидетел,,
c10e3951-cc71-4b9f-ae1b-11e38975e4f9,7566,2026,Наказателно дело от общ характер,Софийски районен съд,Ю.Р.П.,Свидетел,,
c10e3951-cc71-4b9f-ae1b-11e38975e4f9,7566,2026,Наказателно дело от общ характер,Софийски районен съд,Г.Д.П.,Свидетел,,
c10e3951-cc71-4b9f-ae1b-11e38975e4f9,7566,2026,Наказателно дело от общ характер,Софийски районен съд,Х.Д.Ж.,Вещо лице,,
c10e3951-cc71-4b9f-ae1b-11e38975e4f9,7566,2026,Наказателно дело от общ характер,Софийски районен съд,С.К.Б.,Вещо лице,,
c10e3951-cc71-4b9f-ae1b-11e38975e4f9,7566,2026,Наказателно дело от общ характер,Софийски районен съд,М.Г.,Адвокат,,
c9692962-fd75-4a21-bafe-8260ca2ba0ea,680,2026,Частно гражданско дело,Районен съд - Етрополе,ТИ БИ АЙ Банк ЕАД,Заявител,,
c9692962-fd75-4a21-bafe-8260ca2ba0ea,680,2026,Частно гражданско дело,Районен съд - Етрополе,Р.Д.В.,Длъжник,,
c9692962-fd75-4a21-bafe-8260ca2ba0ea,680,2026,Частно гражданско дело,Районен съд - Етрополе,М.Г.Н.,Юрисконсулт,,
2f73195f-ec25-4184-b116-5638ed490a67,351,2026,Търговско дело,Окръжен съд - Варна,Н.А.Н.,Ищец,,
2f73195f-ec25-4184-b116-5638ed490a67,351,2026,Търговско дело,Окръжен съд - Варна,Й.С.С.,Ищец,,
2f73195f-ec25-4184-b116-5638ed490a67,351,2026,Търговско дело,Окръжен съд - Варна,Р.И.С.,Ищец,,
2f73195f-ec25-4184-b116-5638ed490a67,351,2026,Търговско дело,Окръжен съд - Варна,И.С.С.,Ищец,,
2f73195f-ec25-4184-b116-5638ed490a67,351,2026,Търговско дело,Окръжен съд - Варна,И.И.С.,Ищец,,
2f73195f-ec25-4184-b116-5638ed490a67,351,2026,Търговско дело,Окръжен съд - Варна,СТИВО ЕООД,Ищец,,
2f73195f-ec25-4184-b116-5638ed490a67,351,2026,Търговско дело,Окръжен съд - Варна,НАЦИОНАЛНО БЮРО НА БЪЛГАРСКИТЕ АВТОМОБИЛНИ ЗАСТРАХОВАТЕЛИ Сдружение,Ответник,,
2f73195f-ec25-4184-b116-5638ed490a67,351,2026,Търговско дело,Окръжен съд - Варна,Т.Р.Н.,Адвокат,Тодор Радев Ночев,
2f73195f-ec25-4184-b116-5638ed490a67,351,2026,Търговско дело,Окръжен съд - Варна,Т.Х.Я.,Адвокат,Теодора Христова Янкова,
7c910efd-3065-4c77-a084-f27d3998da32,1090,2026,Частно гражданско дело,Районен съд - Ловеч,Агенция за събиране на вземания ЕАД,Заявител,,
7c910efd-3065-4c77-a084-f27d3998da32,1090,2026,Частно гражданско дело,Районен съд - Ловеч,М.П.М.,Длъжник,,
7c910efd-3065-4c77-a084-f27d3998da32,1090,2026,Частно гражданско дело,Районен съд - Ловеч,С.И.Д.,Юрисконсулт,,
8d6686fd-dcbd-4d1a-b29f-7cdcc840d155,272,2026,Въззивно гражданско дело,Окръжен съд - Ловеч,САМАРИЯ ООД,Въззивник,,
8d6686fd-dcbd-4d1a-b29f-7cdcc840d155,272,2026,Въззивно гражданско дело,Окръжен съд - Ловеч,ТОПЛОФИКАЦИЯ СОФИЯ ЕАД,Въззиваема страна,,
8d6686fd-dcbd-4d1a-b29f-7cdcc840d155,272,2026,Въззивно гражданско дело,Окръжен съд - Ловеч,И.А.А.,Адвокат,,
8d6686fd-dcbd-4d1a-b29f-7cdcc840d155,272,2026,Въззивно гражданско дело,Окръжен съд - Ловеч,ТЕХЕМ СЪРВИСИС ЕООД,Трето лице помагач,,
49d95543-9541-4500-a2c8-fd9d6e1bee17,495,2026,Частно гражданско дело,Районен съд - Луковит,Р.С.В.,Заявител,,
49d95543-9541-4500-a2c8-fd9d6e1bee17,495,2026,Частно гражданско дело,Районен съд - Луковит,Профи Кредит България ЕООД,Длъжник,,
49d95543-9541-4500-a2c8-fd9d6e1bee17,495,2026,Частно гражданско дело,Районен съд - Луковит,Т.Н.Д.,Адвокат,Тодор Николаев Делчев,
50ad4d6f-4cf3-4eaa-b56e-8983af2c7a43,1763,2026,Частно гражданско дело,Районен съд - Стара Загора,ТИ БИ АЙ Банк ЕАД,Заявител,,
50ad4d6f-4cf3-4eaa-b56e-8983af2c7a43,1763,2026,Частно гражданско дело,Районен съд - Стара Загора,Н.Г.Н.,Длъжник,,
50ad4d6f-4cf3-4eaa-b56e-8983af2c7a43,1763,2026,Частно гражданско дело,Районен съд - Стара Загора,Д.В.И.,Юрисконсулт,,
052474d7-d2ba-4711-b204-bb7905eac4bf,6258,2026,Административно дело,Административен съд - София-град,И.Р.Г.,Жалбоподател,,
052474d7-d2ba-4711-b204-bb7905eac4bf,6258,2026,Административно дело,Административен съд - София-град,НЕЛК,Ответник,,
1e632198-f195-4614-a3e8-229d13334601,807,2026,Частно гражданско дело,Районен съд - Тополовград,Изи Финанс ЕООД,Заявител,,
1e632198-f195-4614-a3e8-229d13334601,807,2026,Частно гражданско дело,Районен съд - Тополовград,И.В.Х.,Длъжник,,
1e632198-f195-4614-a3e8-229d13334601,807,2026,Частно гражданско дело,Районен съд - Тополовград,А.С.Г.,Юрисконсулт,,
db871302-5323-4d85-84d1-8754ccdec7fe,1173,2026,Частно гражданско дело,Районен съд - Козлодуй,ЕОС МАТРИКС ЕАД,Заявител,,
db871302-5323-4d85-84d1-8754ccdec7fe,1173,2026,Частно гражданско дело,Районен съд - Козлодуй,Ю.М.Р.,Длъжник,,
db871302-5323-4d85-84d1-8754ccdec7fe,1173,2026,Частно гражданско дело,Районен съд - Козлодуй,Ж.Д.Д.,Адвокат,Жельо Денев Денев,
e92fab18-c758-4238-963e-204aece39e57,4403,2026,Частно гражданско дело,Районен съд - Враца,"""ЮРОБАНК БЪЛГАРИЯ” АД",Заявител,,
e92fab18-c758-4238-963e-204aece39e57,4403,2026,Частно гражданско дело,Районен съд - Враца,В.В.Т.Т.,Длъжник,,
e92fab18-c758-4238-963e-204aece39e57,4403,2026,Частно гражданско дело,Районен съд - Враца,С.А.Т.,Длъжник,,
e92fab18-c758-4238-963e-204aece39e57,4403,2026,Частно гражданско дело,Районен съд - Враца,Г.И.К.,Пълномощник,Габриела Иванова Костова,
43bd94c1-e125-44be-a549-1b017532d588,1116,2026,Въззивно частно гражданско дело,Окръжен съд - Варна,Мердийе Тюфенк,Жалбоподател,,
43bd94c1-e125-44be-a549-1b017532d588,1116,2026,Въззивно частно гражданско дело,Окръжен съд - Варна,Община Провадия,Ответник,,
43bd94c1-e125-44be-a549-1b017532d588,1116,2026,Въззивно частно гражданско дело,Окръжен съд - Варна,Г.П.П.,Адвокат,,
2c9cb2f8-3401-470f-85d3-cb351dcfb059,324,2026,Частно гражданско дело,Районен съд - Ивайловград,ТИ БИ АЙ Банк ЕАД,Заявител,,
2c9cb2f8-3401-470f-85d3-cb351dcfb059,324,2026,Частно гражданско дело,Районен съд - Ивайловград,Н.Г.Ш.,Длъжник,,
2c9cb2f8-3401-470f-85d3-cb351dcfb059,324,2026,Частно гражданско дело,Районен съд - Ивайловград,Д.В.И.,Юрисконсулт,,
905a1875-ad27-416c-8092-b43756e5ce52,841,2026,Частно гражданско дело,Районен съд - Крумовград,ТИ БИ АЙ Банк ЕАД,Заявител,,
905a1875-ad27-416c-8092-b43756e5ce52,841,2026,Частно гражданско дело,Районен съд - Крумовград,П.С.Т.,Длъжник,,
905a1875-ad27-416c-8092-b43756e5ce52,841,2026,Частно гражданско дело,Районен съд - Крумовград,М.Г.Н.,Юрисконсулт,,
ad785a9f-41da-4854-a34a-d6c1ec08be1e,1131,2026,Частно гражданско дело,Районен съд - Бяла,ЕОС МАТРИКС ЕАД,Заявител,,
ad785a9f-41da-4854-a34a-d6c1ec08be1e,1131,2026,Частно гражданско дело,Районен съд - Бяла,Ж.В.С.,Длъжник,,
ad785a9f-41da-4854-a34a-d6c1ec08be1e,1131,2026,Частно гражданско дело,Районен съд - Бяла,Ж.Д.Д.,Адвокат,Жельо Денев Денев,
80e2cfc2-4524-426f-9887-4f38fcd9d676,1310,2026,Частно гражданско дело,Районен съд - Лом,ЕОС МАТРИКС ЕАД,Заявител,,
80e2cfc2-4524-426f-9887-4f38fcd9d676,1310,2026,Частно гражданско дело,Районен съд - Лом,Ю.Г.А.,Длъжник,,
80e2cfc2-4524-426f-9887-4f38fcd9d676,1310,2026,Частно гражданско дело,Районен съд - Лом,Ж.Д.Д.,Адвокат,Жельо Денев Денев,
ceef00d3-ea67-4ae0-81e4-62509867c834,6257,2026,Административно дело,Административен съд - София-град,Г.И.М.,Жалбоподател,,
ceef00d3-ea67-4ae0-81e4-62509867c834,6257,2026,Административно дело,Административен съд - София-град,А.С.Н.,Жалбоподател,,
ceef00d3-ea67-4ae0-81e4-62509867c834,6257,2026,Административно дело,Административен съд - София-град,Й.С.В.,Жалбоподател,,
ceef00d3-ea67-4ae0-81e4-62509867c834,6257,2026,Административно дело,Административен съд - София-град,Й.В.Ц.,Жалбоподател,,
ceef00d3-ea67-4ae0-81e4-62509867c834,6257,2026,Административно дело,Административен съд - София-град,Б.В.Ц.,Жалбоподател,,
ceef00d3-ea67-4ae0-81e4-62509867c834,6257,2026,Административно дело,Административен съд - София-град,"КМЕТА НА РАЙОН ""СТУДЕНТСКИ"" - СТОЛИЧНА ОБЩИНА",Ответник,,
ceef00d3-ea67-4ae0-81e4-62509867c834,6257,2026,Административно дело,Административен съд - София-град,М.В.Д.,Заинтересована страна,,
ceef00d3-ea67-4ae0-81e4-62509867c834,6257,2026,Административно дело,Административен съд - София-град,СГП,Друго,,
ceef00d3-ea67-4ae0-81e4-62509867c834,6257,2026,Административно дело,Административен съд - София-град,Е.Й.В.,Заинтересована страна,,
ceef00d3-ea67-4ae0-81e4-62509867c834,6257,2026,Административно дело,Административен съд - София-град,Р.О.К.Т.,Адвокат,,
ceef00d3-ea67-4ae0-81e4-62509867c834,6257,2026,Административно дело,Административен съд - София-град,Л.И.С.,Заинтересована страна,,
ceef00d3-ea67-4ae0-81e4-62509867c834,6257,2026,Административно дело,Административен съд - София-град,Ц.Ц.Й.З.,Заинтересована страна,,
ceef00d3-ea67-4ae0-81e4-62509867c834,6257,2026,Административно дело,Административен съд - София-град,АСПЕН ИНВЕСТ ООД,Заинтересована страна,,
ceef00d3-ea67-4ae0-81e4-62509867c834,6257,2026,Административно дело,Административен съд - София-град,Ц.И.К.,Заинтересована страна,,
ceef00d3-ea67-4ae0-81e4-62509867c834,6257,2026,Административно дело,Административен съд - София-град,С.С.К.,Заинтересована страна,,
ceef00d3-ea67-4ae0-81e4-62509867c834,6257,2026,Административно дело,Административен съд - София-град,К.Е.Б.,Заинтересована страна,,
ceef00d3-ea67-4ae0-81e4-62509867c834,6257,2026,Административно дело,Административен съд - София-град,Д.Е.К.,Заинтересована страна,,
ceef00d3-ea67-4ae0-81e4-62509867c834,6257,2026,Административно дело,Административен съд - София-град,П.Ц.Н.Т.,Заинтересована страна,,
ceef00d3-ea67-4ae0-81e4-62509867c834,6257,2026,Административно дело,Административен съд - София-град,Л.Е.Т.,Заинтересована страна,,
ceef00d3-ea67-4ae0-81e4-62509867c834,6257,2026,Административно дело,Административен съд - София-град,К.Й.А.М.,Заинтересована страна,,
ceef00d3-ea67-4ae0-81e4-62509867c834,6257,2026,Административно дело,Административен съд - София-град,Е.Г.А.,Заинтересована страна,,
ceef00d3-ea67-4ae0-81e4-62509867c834,6257,2026,Административно дело,Административен съд - София-град,Ц.Д.Д.,Заинтересована страна,,
ceef00d3-ea67-4ae0-81e4-62509867c834,6257,2026,Административно дело,Административен съд - София-град,Т.Д.Д.,Заинтересована страна,,
ceef00d3-ea67-4ae0-81e4-62509867c834,6257,2026,Административно дело,Административен съд - София-град,В.Д.Д.,Заинтересована страна,,
ceef00d3-ea67-4ae0-81e4-62509867c834,6257,2026,Административно дело,Административен съд - София-град,В.Н.П.,Заинтересована страна,,
ceef00d3-ea67-4ae0-81e4-62509867c834,6257,2026,Административно дело,Административен съд - София-град,К.П.Г.,Заинтересована страна,,
ceef00d3-ea67-4ae0-81e4-62509867c834,6257,2026,Административно дело,Административен съд - София-град,Ц.Б.Г.,Заинтересована страна,,
ceef00d3-ea67-4ae0-81e4-62509867c834,6257,2026,Административно дело,Административен съд - София-град,В.Б.Г.,Заинтересована страна,,
ceef00d3-ea67-4ae0-81e4-62509867c834,6257,2026,Административно дело,Административен съд - София-град,С.С.Б.,Заинтересована страна,,
ceef00d3-ea67-4ae0-81e4-62509867c834,6257,2026,Административно дело,Административен съд - София-град,П.С.Б.,Заинтересована страна,,
ceef00d3-ea67-4ae0-81e4-62509867c834,6257,2026,Административно дело,Административен съд - София-град,Е.Т.М.,Заинтересована страна,,
ceef00d3-ea67-4ae0-81e4-62509867c834,6257,2026,Административно дело,Административен съд - София-град,М.Г.И.,Заинтересована страна,,
ceef00d3-ea67-4ae0-81e4-62509867c834,6257,2026,Административно дело,Административен съд - София-град,С.Б.И.Л.,Заинтересована страна,,
ceef00d3-ea67-4ae0-81e4-62509867c834,6257,2026,Административно дело,Административен съд - София-град,Г.Б.И.,Заинтересована страна,,
ceef00d3-ea67-4ae0-81e4-62509867c834,6257,2026,Административно дело,Административен съд - София-град,Л.Е.С.,Заинтересована страна,,
ceef00d3-ea67-4ae0-81e4-62509867c834,6257,2026,Административно дело,Административен съд - София-град,Т.С.Т.,Заинтересована страна,,
ceef00d3-ea67-4ae0-81e4-62509867c834,6257,2026,Административно дело,Административен съд - София-град,С.С.С.,Заинтересована страна,,
ceef00d3-ea67-4ae0-81e4-62509867c834,6257,2026,Административно дело,Административен съд - София-град,Р.С.С.,Заинтересована страна,,
ceef00d3-ea67-4ae0-81e4-62509867c834,6257,2026,Административно дело,Административен съд - София-град,Г.С.Г.,Заинтересована страна,,
ceef00d3-ea67-4ae0-81e4-62509867c834,6257,2026,Административно дело,Административен съд - София-град,Р.И.М.,Заинтересована страна,,
ceef00d3-ea67-4ae0-81e4-62509867c834,6257,2026,Административно дело,Административен съд - София-град,В.Т.Н.,Заинтересована страна,,
ceef00d3-ea67-4ae0-81e4-62509867c834,6257,2026,Административно дело,Административен съд - София-град,К.Й.Г.,Заинтересована страна,,
ceef00d3-ea67-4ae0-81e4-62509867c834,6257,2026,Административно дело,Административен съд - София-град,М.Й.Г.,Заинтересована страна,,
5cc1026e-7e75-49e8-83bc-bdee4d17ac96,889,2026,Частно гражданско дело,Районен съд - Самоков,СФ МОТОРС ЕООД,Заявител,,
5cc1026e-7e75-49e8-83bc-bdee4d17ac96,889,2026,Частно гражданско дело,Районен съд - Самоков,Г.Д.К.,Длъжник,,
5cc1026e-7e75-49e8-83bc-bdee4d17ac96,889,2026,Частно гражданско дело,Районен съд - Самоков,В.Б.Б.,Адвокат,Владислав Бисеров Божиков,
505aff15-00a0-48cf-8bad-b51080b4f616,1138,2026,Частно гражданско дело,Районен съд - Бяла Слатина,ТИ БИ АЙ Банк ЕАД,Заявител,,
505aff15-00a0-48cf-8bad-b51080b4f616,1138,2026,Частно гражданско дело,Районен съд - Бяла Слатина,Н.Ш.Д.,Длъжник,,
505aff15-00a0-48cf-8bad-b51080b4f616,1138,2026,Частно гражданско дело,Районен съд - Бяла Слатина,Д.В.И.,Юрисконсулт,,
0583c1d6-17e7-42aa-ae7b-9752d306066f,929,2026,Частно гражданско дело,Районен съд - Сливница,Изи Финанс ЕООД,Заявител,,
0583c1d6-17e7-42aa-ae7b-9752d306066f,929,2026,Частно гражданско дело,Районен съд - Сливница,К.Д.Д.,Длъжник,,
0583c1d6-17e7-42aa-ae7b-9752d306066f,929,2026,Частно гражданско дело,Районен съд - Сливница,А.С.Г.,Юрисконсулт,,
b2801cd7-d368-4b77-b993-d02eed3fb4a5,1145,2026,Частно гражданско дело,Районен съд - Елин Пелин,ТИ БИ АЙ Банк ЕАД,Заявител,,
b2801cd7-d368-4b77-b993-d02eed3fb4a5,1145,2026,Частно гражданско дело,Районен съд - Елин Пелин,М.А.В.,Длъжник,,
b2801cd7-d368-4b77-b993-d02eed3fb4a5,1145,2026,Частно гражданско дело,Районен съд - Елин Пелин,М.Г.Н.,Юрисконсулт,,
a12c506a-ee31-46bf-bf95-5ff4bd66192a,1476,2026,Частно гражданско дело,Районен съд - Нови пазар,“ЮРОБАНК БЪЛГАРИЯ” АД,Заявител,,
a12c506a-ee31-46bf-bf95-5ff4bd66192a,1476,2026,Частно гражданско дело,Районен съд - Нови пазар,Л.С.Ч.,Длъжник,,
a12c506a-ee31-46bf-bf95-5ff4bd66192a,1476,2026,Частно гражданско дело,Районен съд - Нови пазар,И.Д.Д.,Пълномощник,Ивелина Димитрова Димитрова,
a12c506a-ee31-46bf-bf95-5ff4bd66192a,1476,2026,Частно гражданско дело,Районен съд - Нови пазар,М.А.А.,Адвокат,МИХАЕЛА АТАНАСОВА АТАНАСОВА,
26507d8d-2534-4752-8120-d61055c61e2b,2821,2026,Частно гражданско дело,Районен съд - Шумен,ТИ БИ АЙ Банк ЕАД,Заявител,,
26507d8d-2534-4752-8120-d61055c61e2b,2821,2026,Частно гражданско дело,Районен съд - Шумен,Н.К.С.,Длъжник,,
26507d8d-2534-4752-8120-d61055c61e2b,2821,2026,Частно гражданско дело,Районен съд - Шумен,Д.В.И.,Юрисконсулт,,
e96011a8-39a5-4dc4-bc88-a7b2303bd578,801,2026,Частно гражданско дело,Районен съд - Кула,А1 България ЕАД,Заявител,,
e96011a8-39a5-4dc4-bc88-a7b2303bd578,801,2026,Частно гражданско дело,Районен съд - Кула,Б.С.Н.,Длъжник,,
e96011a8-39a5-4dc4-bc88-a7b2303bd578,801,2026,Частно гражданско дело,Районен съд - Кула,М.М.К.,Юрисконсулт,,
6ecdf26f-0ee0-4a0a-9228-472dcf8c9b6e,4402,2026,Частно гражданско дело,Районен съд - Враца,Банка ДСК АД,Заявител,,
6ecdf26f-0ee0-4a0a-9228-472dcf8c9b6e,4402,2026,Частно гражданско дело,Районен съд - Враца,Л.Х.И.,Длъжник,,
6ecdf26f-0ee0-4a0a-9228-472dcf8c9b6e,4402,2026,Частно гражданско дело,Районен съд - Враца,А.Х.В.,Длъжник,,
6ecdf26f-0ee0-4a0a-9228-472dcf8c9b6e,4402,2026,Частно гражданско дело,Районен съд - Враца,Г.Б.Д.,Длъжник,,
6ecdf26f-0ee0-4a0a-9228-472dcf8c9b6e,4402,2026,Частно гражданско дело,Районен съд - Враца,Н.Д.Ш.,Пълномощник,,
752fb315-3569-4ca0-bfa0-a1e26ad4e9c4,6256,2026,Административно дело,Административен съд - София-град,КАУФЛАНД БЪЛГАРИЯ ЕООД ЕНД КО,Жалбоподател,,
752fb315-3569-4ca0-bfa0-a1e26ad4e9c4,6256,2026,Административно дело,Административен съд - София-град,ПРЕДСЕДАТЕЛ НА КЗП,Ответник,,
752fb315-3569-4ca0-bfa0-a1e26ad4e9c4,6256,2026,Административно дело,Административен съд - София-град,СГП,Друго,,
e7ff45af-1c05-4b7a-9443-7bdeda8157ed,793,2026,Частно гражданско дело,Районен съд - Димитровград,Топлофикация София ЕАД,Заявител,,
e7ff45af-1c05-4b7a-9443-7bdeda8157ed,793,2026,Частно гражданско дело,Районен съд - Димитровград,Л.Л.Б.,Длъжник,,
e7ff45af-1c05-4b7a-9443-7bdeda8157ed,793,2026,Частно гражданско дело,Районен съд - Димитровград,Д.Б.Б.,Пълномощник,,
e7ff45af-1c05-4b7a-9443-7bdeda8157ed,793,2026,Частно гражданско дело,Районен съд - Димитровград,П.Р.П.,Представляващ,,
e7ff45af-1c05-4b7a-9443-7bdeda8157ed,793,2026,Частно гражданско дело,Районен съд - Димитровград,Р.Д.Г.,Представляващ,,
6f46cd5a-a39b-4a0d-bad5-87a7b871d0e6,1213,2026,Частно гражданско дело,Районен съд - Търговище,“ЮРОБАНК БЪЛГАРИЯ” АД,Заявител,,
6f46cd5a-a39b-4a0d-bad5-87a7b871d0e6,1213,2026,Частно гражданско дело,Районен съд - Търговище,И.В.М.,Длъжник,,
6f46cd5a-a39b-4a0d-bad5-87a7b871d0e6,1213,2026,Частно гражданско дело,Районен съд - Търговище,И.Д.Д.,Пълномощник,Ивелина Димитрова Димитрова,
c9c0637a-6dda-4ce4-a92d-8c55aa70d7e7,3544,2026,Частно гражданско дело,Районен съд - Русе,ТИ БИ АЙ Банк ЕАД,Заявител,,
c9c0637a-6dda-4ce4-a92d-8c55aa70d7e7,3544,2026,Частно гражданско дело,Районен съд - Русе,Н.Т.Д.,Длъжник,,
c9c0637a-6dda-4ce4-a92d-8c55aa70d7e7,3544,2026,Частно гражданско дело,Районен съд - Русе,Д.В.И.,Юрисконсулт,,
bc87949a-113f-4707-93e9-03b27894f7b4,675,2026,Частно гражданско дело,Районен съд - Попово,ТИ БИ АЙ Банк ЕАД,Заявител,,
bc87949a-113f-4707-93e9-03b27894f7b4,675,2026,Частно гражданско дело,Районен съд - Попово,К.П.С.,Длъжник,,
bc87949a-113f-4707-93e9-03b27894f7b4,675,2026,Частно гражданско дело,Районен съд - Попово,М.Г.Н.,Юрисконсулт,,
cbd170d2-b024-40aa-889c-d52bb037d308,1144,2026,Частно гражданско дело,Районен съд - Елин Пелин,ЕЙ УАН ВИЖЪН ЕООД,Заявител,,
cbd170d2-b024-40aa-889c-d52bb037d308,1144,2026,Частно гражданско дело,Районен съд - Елин Пелин,Н.Н.С.,Длъжник,,
cbd170d2-b024-40aa-889c-d52bb037d308,1144,2026,Частно гражданско дело,Районен съд - Елин Пелин,Р.С.,Юрисконсулт,,
25cc13fe-336b-41f2-b697-a4782153049f,1115,2026,Гражданско дело,Окръжен съд - Варна,Г.П.Г.,Ищец,,
983b8f74-8512-4a44-86b6-62d6dce315f9,5539,2026,Частно гражданско дело,Районен съд - Перник,СФ МОТОРС ЕООД,Заявител,,
983b8f74-8512-4a44-86b6-62d6dce315f9,5539,2026,Частно гражданско дело,Районен съд - Перник,Г.Х.И.,Длъжник,,
983b8f74-8512-4a44-86b6-62d6dce315f9,5539,2026,Частно гражданско дело,Районен съд - Перник,В.Б.Б.,Адвокат,Владислав Бисеров Божиков,
92bfc7f8-aba1-4a66-8e0e-e3169c3ba7ce,3543,2026,Частно гражданско дело,Районен съд - Русе,„Кредит Тайм“ ЕООД,Заявител,,
92bfc7f8-aba1-4a66-8e0e-e3169c3ba7ce,3543,2026,Частно гражданско дело,Районен съд - Русе,Д.М.Д.,Длъжник,,
92bfc7f8-aba1-4a66-8e0e-e3169c3ba7ce,3543,2026,Частно гражданско дело,Районен съд - Русе,Я.И.П.,Адвокат,Яница Иванова Панайотва,
c977a452-498d-43ef-b54e-782db9585aa8,3542,2026,Частно гражданско дело,Районен съд - Русе,Банка ДСК АД,Заявител,,
c977a452-498d-43ef-b54e-782db9585aa8,3542,2026,Частно гражданско дело,Районен съд - Русе,Щ.А.А.,Длъжник,,
c977a452-498d-43ef-b54e-782db9585aa8,3542,2026,Частно гражданско дело,Районен съд - Русе,П.В.В.,Пълномощник,,
4e8b565c-7d7e-41e4-959e-455188080b09,1137,2026,Частно гражданско дело,Районен съд - Бяла Слатина,"""ЮРОБАНК БЪЛГАРИЯ” АД",Заявител,,
4e8b565c-7d7e-41e4-959e-455188080b09,1137,2026,Частно гражданско дело,Районен съд - Бяла Слатина,М.С.Й.,Длъжник,,
4e8b565c-7d7e-41e4-959e-455188080b09,1137,2026,Частно гражданско дело,Районен съд - Бяла Слатина,Г.И.К.,Пълномощник,Габриела Иванова Костова,
fe2ca9cf-0b97-43f6-9130-f71affbcdd05,6255,2026,Административно дело,Административен съд - София-град,П.А.Я.,Жалбоподател,,
fe2ca9cf-0b97-43f6-9130-f71affbcdd05,6255,2026,Административно дело,Административен съд - София-град,МИНИСТЕРСТВО НА ЗЕМЕДЕЛИЕТО И ХРАНИТЕ,Ответник,,
edba601f-97fc-440b-b121-626cdc12ed1e,1114,2026,Частно гражданско дело,Окръжен съд - Варна,Д.К.,Молител,,
edba601f-97fc-440b-b121-626cdc12ed1e,1114,2026,Частно гражданско дело,Окръжен съд - Варна,СТРОИТЕЛ ЕООД,Ответник,,
edba601f-97fc-440b-b121-626cdc12ed1e,1114,2026,Частно гражданско дело,Окръжен съд - Варна,С.М.С.,Адвокат,Симеон Маринов Симеонов,
c1d1da7f-e784-4afb-9c2b-dc66cfe0171f,1113,2026,Частно гражданско дело,Районен съд - Смолян,ТИ БИ АЙ Банк ЕАД,Заявител,,
c1d1da7f-e784-4afb-9c2b-dc66cfe0171f,1113,2026,Частно гражданско дело,Районен съд - Смолян,Н.В.П.,Длъжник,,
c1d1da7f-e784-4afb-9c2b-dc66cfe0171f,1113,2026,Частно гражданско дело,Районен съд - Смолян,Д.В.И.,Юрисконсулт,,
12cb785d-f902-4ff4-8ab9-06af501185a6,1089,2026,Частно гражданско дело,Районен съд - Ловеч,ТИ БИ АЙ Банк ЕАД,Заявител,,
12cb785d-f902-4ff4-8ab9-06af501185a6,1089,2026,Частно гражданско дело,Районен съд - Ловеч,К.Н.Г.,Длъжник,,
12cb785d-f902-4ff4-8ab9-06af501185a6,1089,2026,Частно гражданско дело,Районен съд - Ловеч,М.Г.Н.,Юрисконсулт,,
e5aa391f-78ba-4e83-8064-2fbeff0ba450,817,2026,Частно гражданско дело,Районен съд - Троян,ИЗИ ФИНАНС ЕООД,Кредитор,,
e5aa391f-78ba-4e83-8064-2fbeff0ba450,817,2026,Частно гражданско дело,Районен съд - Троян,М.Л.К.,Длъжник,,
e5aa391f-78ba-4e83-8064-2fbeff0ba450,817,2026,Частно гражданско дело,Районен съд - Троян,А.С.Г.,Юрисконсулт,,
cab6f5bd-76b1-4c09-84ae-76fdf77d7bf3,154,2026,Частно наказателно дело,Районен съд - Елхово,АГРОЛЕС ДИМОВ ЕООД,Жалбоподател,,
cab6f5bd-76b1-4c09-84ae-76fdf77d7bf3,154,2026,Частно наказателно дело,Районен съд - Елхово,Д.Н.Д.,Жалбоподател,,
cab6f5bd-76b1-4c09-84ae-76fdf77d7bf3,154,2026,Частно наказателно дело,Районен съд - Елхово,Районна прокуратура - Ямбол,Страна,,
4e3b409a-fa2b-4b91-b26e-cc029fa292f3,6254,2026,Административно дело,Административен съд - София-град,ГАЛЕВ ЕООД,Жалбоподател,,
4e3b409a-fa2b-4b91-b26e-cc029fa292f3,6254,2026,Административно дело,Административен съд - София-град,ДОДОП НАП,Ответник,,
4e3b409a-fa2b-4b91-b26e-cc029fa292f3,6254,2026,Административно дело,Административен съд - София-град,М.Р.Н.,Вещо лице,,
4e3b409a-fa2b-4b91-b26e-cc029fa292f3,6254,2026,Административно дело,Административен съд - София-град,П.М.Б.,Адвокат,,
ab139ccb-4604-420d-8b4b-1f8282b754c4,1113,2026,Гражданско дело,Окръжен съд - Варна,К.И.С.,Ищец,,
ab139ccb-4604-420d-8b4b-1f8282b754c4,1113,2026,Гражданско дело,Окръжен съд - Варна,Д.Р.Н.,Обвинител,,
ab139ccb-4604-420d-8b4b-1f8282b754c4,1113,2026,Гражданско дело,Окръжен съд - Варна,А.К.С.,Ответник,,
ab139ccb-4604-420d-8b4b-1f8282b754c4,1113,2026,Гражданско дело,Окръжен съд - Варна,М.Д.Ц.,Адвокат,,
ab139ccb-4604-420d-8b4b-1f8282b754c4,1113,2026,Гражданско дело,Окръжен съд - Варна,Окръжна прокуратура - Варна,Контролираща страна,,
ab139ccb-4604-420d-8b4b-1f8282b754c4,1113,2026,Гражданско дело,Окръжен съд - Варна,К.Д.К.,Вещо лице,,
86e836d0-dea8-4bb1-8a86-3f7bd087a6fd,1136,2026,Частно гражданско дело,Районен съд - Бяла Слатина,ТИ БИ АЙ Банк ЕАД,Заявител,,
86e836d0-dea8-4bb1-8a86-3f7bd087a6fd,1136,2026,Частно гражданско дело,Районен съд - Бяла Слатина,Н.В.П.,Длъжник,,
86e836d0-dea8-4bb1-8a86-3f7bd087a6fd,1136,2026,Частно гражданско дело,Районен съд - Бяла Слатина,Д.В.И.,Юрисконсулт,,
94158d1b-9629-4fb5-9fc4-d301927c540f,1135,2026,Частно гражданско дело,Районен съд - Бяла Слатина,А1 България ЕАД,Заявител,,
94158d1b-9629-4fb5-9fc4-d301927c540f,1135,2026,Частно гражданско дело,Районен съд - Бяла Слатина,В.В.Т.,Длъжник,,
94158d1b-9629-4fb5-9fc4-d301927c540f,1135,2026,Частно гражданско дело,Районен съд - Бяла Слатина,М.М.К.,Представител,,
46142c73-6bff-49d1-814b-2ce782139d3b,806,2026,Частно гражданско дело,Районен съд - Тополовград,“ЮРОБАНК БЪЛГАРИЯ” АД,Заявител,,
46142c73-6bff-49d1-814b-2ce782139d3b,806,2026,Частно гражданско дело,Районен съд - Тополовград,Л.С.М.,Длъжник,,
46142c73-6bff-49d1-814b-2ce782139d3b,806,2026,Частно гражданско дело,Районен съд - Тополовград,И.Д.Д.,Пълномощник,,
1f49e62c-65d7-4808-8234-a11228b9f85b,1143,2026,Частно гражданско дело,Районен съд - Елин Пелин,ЕЙ УАН ВИЖЪН ЕООД,Заявител,,
1f49e62c-65d7-4808-8234-a11228b9f85b,1143,2026,Частно гражданско дело,Районен съд - Елин Пелин,Н.Б.Б.С.,Длъжник,,
1f49e62c-65d7-4808-8234-a11228b9f85b,1143,2026,Частно гражданско дело,Районен съд - Елин Пелин,Р.С.,Юрисконсулт,,
973530f4-6dc7-44d7-a998-cd87ad9773bb,579,2026,Частно гражданско дело,Районен съд - Пещера,ЕОС МАТРИКС ЕАД,Заявител,,
973530f4-6dc7-44d7-a998-cd87ad9773bb,579,2026,Частно гражданско дело,Районен съд - Пещера,П.К.Д.,Длъжник,,
973530f4-6dc7-44d7-a998-cd87ad9773bb,579,2026,Частно гражданско дело,Районен съд - Пещера,Ж.Д.Д.,Адвокат,Жельо Денев Денев,
30bdecc8-d16b-47a6-8479-3ebc6d87cbb1,6253,2026,Административно дело,Административен съд - София-град,П.А.Я.,Жалбоподател,,
30bdecc8-d16b-47a6-8479-3ebc6d87cbb1,6253,2026,Административно дело,Административен съд - София-град,"ДИРЕКТОРА НА НДНИВМИ ""ПРОФЕСОР Д-Р Г.ПАВЛОВ"" ГР. СОФИЯ",Ответник,,
f8258f61-5d50-4a25-881a-ec73e6079ac8,1112,2026,Гражданско дело,Окръжен съд - Варна,Е.В.Х.,Ищец,,
f3e14e07-ab4b-450e-bdcc-532eb115a16d,850,2026,Гражданско дело,Районен съд - Берковица,Г.А.П.,Ищец,,
f3e14e07-ab4b-450e-bdcc-532eb115a16d,850,2026,Гражданско дело,Районен съд - Берковица,И.С.Я.,Ответник,,
f3e14e07-ab4b-450e-bdcc-532eb115a16d,850,2026,Гражданско дело,Районен съд - Берковица,Р.М.Е.,Ответник,,
f3e14e07-ab4b-450e-bdcc-532eb115a16d,850,2026,Гражданско дело,Районен съд - Берковица,Д.М.Е.,Ответник,,
f3e14e07-ab4b-450e-bdcc-532eb115a16d,850,2026,Гражданско дело,Районен съд - Берковица,Община Козлодуй,Ответник,,
f3e14e07-ab4b-450e-bdcc-532eb115a16d,850,2026,Гражданско дело,Районен съд - Берковица,С.Т.Й.,Ответник,,
f3e14e07-ab4b-450e-bdcc-532eb115a16d,850,2026,Гражданско дело,Районен съд - Берковица,Ц.Б.И.,Ответник,,
f3e14e07-ab4b-450e-bdcc-532eb115a16d,850,2026,Гражданско дело,Районен съд - Берковица,П.И.П.,Ответник,,
f3e14e07-ab4b-450e-bdcc-532eb115a16d,850,2026,Гражданско дело,Районен съд - Берковица,А.И.П.,Ответник,,
f3e14e07-ab4b-450e-bdcc-532eb115a16d,850,2026,Гражданско дело,Районен съд - Берковица,Г.С.Н.,Ответник,,
f3e14e07-ab4b-450e-bdcc-532eb115a16d,850,2026,Гражданско дело,Районен съд - Берковица,Н.Й.Н.,Ответник,,
f3e14e07-ab4b-450e-bdcc-532eb115a16d,850,2026,Гражданско дело,Районен съд - Берковица,А.К.Ц.,Ответник,,
f3e14e07-ab4b-450e-bdcc-532eb115a16d,850,2026,Гражданско дело,Районен съд - Берковица,Д.А.Ц.,Ответник,,
f3e14e07-ab4b-450e-bdcc-532eb115a16d,850,2026,Гражданско дело,Районен съд - Берковица,Ц.А.Ц.,Ответник,,
f3e14e07-ab4b-450e-bdcc-532eb115a16d,850,2026,Гражданско дело,Районен съд - Берковица,М.М.Д.,Ответник,,
f3e14e07-ab4b-450e-bdcc-532eb115a16d,850,2026,Гражданско дело,Районен съд - Берковица,С.Б.Б.,Ответник,,
f3e14e07-ab4b-450e-bdcc-532eb115a16d,850,2026,Гражданско дело,Районен съд - Берковица,М.П.К.,Адвокат,,
f3e14e07-ab4b-450e-bdcc-532eb115a16d,850,2026,Гражданско дело,Районен съд - Берковица,М.М.С.,Адвокат,,
f3e14e07-ab4b-450e-bdcc-532eb115a16d,850,2026,Гражданско дело,Районен съд - Берковица,Кмета на Община Козлодуй,Представител,,
7a811a8c-ffa8-443e-aea2-6d558b5d986c,674,2026,Частно гражданско дело,Районен съд - Попово,ТИ БИ АЙ Банк ЕАД,Заявител,,
7a811a8c-ffa8-443e-aea2-6d558b5d986c,674,2026,Частно гражданско дело,Районен съд - Попово,К.Н.Н.,Длъжник,,
7a811a8c-ffa8-443e-aea2-6d558b5d986c,674,2026,Частно гражданско дело,Районен съд - Попово,М.Г.Н.,Юрисконсулт,,
9a5c4f38-f236-4988-adec-abf2425f6998,1069,2026,Частно гражданско дело,Районен съд - Гоце Делчев,ТИ БИ АЙ Банк ЕАД,Заявител,,
9a5c4f38-f236-4988-adec-abf2425f6998,1069,2026,Частно гражданско дело,Районен съд - Гоце Делчев,М.Н.А.,Длъжник,,
9a5c4f38-f236-4988-adec-abf2425f6998,1069,2026,Частно гражданско дело,Районен съд - Гоце Делчев,Д.В.И.,Юрисконсулт,,
0b4a1f02-bcd0-432b-922c-366062f32a08,805,2026,Частно гражданско дело,Районен съд - Тополовград,СФ МОТОРС ЕООД,Заявител,,
0b4a1f02-bcd0-432b-922c-366062f32a08,805,2026,Частно гражданско дело,Районен съд - Тополовград,Г.М.Ш.,Длъжник,,
0b4a1f02-bcd0-432b-922c-366062f32a08,805,2026,Частно гражданско дело,Районен съд - Тополовград,В.Б.Б.,Адвокат,Владислав Бисеров Божиков,
876b7e98-e211-41f5-86bf-d6f118acfe4c,2572,2026,Частно гражданско дело,Районен съд - Добрич,ТИ БИ АЙ Банк ЕАД,Заявител,,
876b7e98-e211-41f5-86bf-d6f118acfe4c,2572,2026,Частно гражданско дело,Районен съд - Добрич,Й.С.С.,Длъжник,,
876b7e98-e211-41f5-86bf-d6f118acfe4c,2572,2026,Частно гражданско дело,Районен съд - Добрич,М.Г.Н.,Юрисконсулт,,
8622430a-7fba-4a91-ae2f-c6f7870b4474,1088,2026,Частно гражданско дело,Районен съд - Ловеч,Изи Финанс ЕООД,Заявител,,
8622430a-7fba-4a91-ae2f-c6f7870b4474,1088,2026,Частно гражданско дело,Районен съд - Ловеч,И.В.А.,Длъжник,,
8622430a-7fba-4a91-ae2f-c6f7870b4474,1088,2026,Частно гражданско дело,Районен съд - Ловеч,А.С.Г.,Юрисконсулт,,
6e757877-43e8-43c2-bb78-327b4cf4b097,2820,2026,Частно гражданско дело,Районен съд - Шумен,"""ЮРОБАНК БЪЛГАРИЯ” АД",Заявител,,
6e757877-43e8-43c2-bb78-327b4cf4b097,2820,2026,Частно гражданско дело,Районен съд - Шумен,Д.Б.К.,Длъжник,,
6e757877-43e8-43c2-bb78-327b4cf4b097,2820,2026,Частно гражданско дело,Районен съд - Шумен,Г.И.К.,Пълномощник,Габриела Иванова Костова,
a6d89f46-9dc2-482b-95e1-91342f2a3d49,3654,2026,Частно гражданско дело,Районен съд - Варна,Инспекторат на ВСС,Заявител,,
01641ebc-c121-4059-8896-1634a25574a1,6252,2026,Административно дело,Административен съд - София-град,В.Н.П.,Жалбоподател,,
01641ebc-c121-4059-8896-1634a25574a1,6252,2026,Административно дело,Административен съд - София-град,"ИЗПЪЛНИТЕЛНИЯТ ДИРЕКТОР НА ИА ""АВТОМОБИЛНА АДМИНИСТРАЦИЯ""-СОФИЯ",Ответник,,
fb2ad304-07c0-4495-89d8-9e543ff6773d,3541,2026,Частно гражданско дело,Районен съд - Русе,“ЮРОБАНК БЪЛГАРИЯ” АД,Заявител,МИХАЕЛА АТАНАСОВА АТАНАСОВА,
fb2ad304-07c0-4495-89d8-9e543ff6773d,3541,2026,Частно гражданско дело,Районен съд - Русе,К.Г.К.,Длъжник,,
fb2ad304-07c0-4495-89d8-9e543ff6773d,3541,2026,Частно гражданско дело,Районен съд - Русе,И.Д.Д.,Пълномощник,Ивелина Димитрова Димитрова,
fb2ad304-07c0-4495-89d8-9e543ff6773d,3541,2026,Частно гражданско дело,Районен съд - Русе,М.А.А.,Адвокат,,
9c2da900-a618-4f54-bd6f-aa963a21afa6,1134,2026,Частно гражданско дело,Районен съд - Бяла Слатина,ТИ БИ АЙ Банк ЕАД,Заявител,,
9c2da900-a618-4f54-bd6f-aa963a21afa6,1134,2026,Частно гражданско дело,Районен съд - Бяла Слатина,М.А.М.,Длъжник,,
9c2da900-a618-4f54-bd6f-aa963a21afa6,1134,2026,Частно гражданско дело,Районен съд - Бяла Слатина,Д.В.И.,Юрисконсулт,,
0db02942-0163-4ebb-910d-a59797ea34e7,4401,2026,Частно гражданско дело,Районен съд - Враца,ТИ БИ АЙ Банк ЕАД,Заявител,,
0db02942-0163-4ebb-910d-a59797ea34e7,4401,2026,Частно гражданско дело,Районен съд - Враца,И.И.З.,Длъжник,,
0db02942-0163-4ebb-910d-a59797ea34e7,4401,2026,Частно гражданско дело,Районен съд - Враца,М.Г.Н.,Юрисконсулт,,
efc7444f-8eb2-40c3-b2e3-84495c5939c6,2105,2026,Частно гражданско дело,Районен съд - Видин,“ЮРОБАНК БЪЛГАРИЯ” АД,Заявител,,
efc7444f-8eb2-40c3-b2e3-84495c5939c6,2105,2026,Частно гражданско дело,Районен съд - Видин,М.М.А.,Длъжник,,
efc7444f-8eb2-40c3-b2e3-84495c5939c6,2105,2026,Частно гражданско дело,Районен съд - Видин,И.Д.Д.,Пълномощник,Ивелина Димитрова Димитрова,
efc7444f-8eb2-40c3-b2e3-84495c5939c6,2105,2026,Частно гражданско дело,Районен съд - Видин,М.А.А.,Адвокат,,
4e33709d-b214-4b16-af9c-384bca05892c,406,2026,Въззивно частно гражданско дело,Окръжен съд - Стара Загора,АПС БЕТА БЪЛГАРИЯ ЕООД,Въззивник,,
4e33709d-b214-4b16-af9c-384bca05892c,406,2026,Въззивно частно гражданско дело,Окръжен съд - Стара Загора,Н.И.И.,Въззиваема страна,,
782f1d68-54af-4e4a-b6d8-34c0c0149c72,800,2026,Частно гражданско дело,Районен съд - Кула,АПС БЕТА БЪЛГАРИЯ ЕООД,Заявител,,
782f1d68-54af-4e4a-b6d8-34c0c0149c72,800,2026,Частно гражданско дело,Районен съд - Кула,Ф.М.Д.,Длъжник,,
782f1d68-54af-4e4a-b6d8-34c0c0149c72,800,2026,Частно гражданско дело,Районен съд - Кула,М.А.А.,Друго,,
782f1d68-54af-4e4a-b6d8-34c0c0149c72,800,2026,Частно гражданско дело,Районен съд - Кула,Б.Т.,Юрисконсулт,,
782f1d68-54af-4e4a-b6d8-34c0c0149c72,800,2026,Частно гражданско дело,Районен съд - Кула,Х.М.,Законен представител,,
782f1d68-54af-4e4a-b6d8-34c0c0149c72,800,2026,Частно гражданско дело,Районен съд - Кула,П.В.,Законен представител,,
55f5d215-5255-4066-ba37-60e7d07fe890,2104,2026,Частно гражданско дело,Районен съд - Видин,ТИ БИ АЙ Банк ЕАД,Заявител,,
55f5d215-5255-4066-ba37-60e7d07fe890,2104,2026,Частно гражданско дело,Районен съд - Видин,М.В.Б.,Длъжник,,
55f5d215-5255-4066-ba37-60e7d07fe890,2104,2026,Частно гражданско дело,Районен съд - Видин,Д.В.И.,Юрисконсулт,,
77f1a9bb-7168-492a-95e6-ac67fde32026,1111,2026,Гражданско дело,Окръжен съд - Варна,Л.Т.Б.,Ищец,,
77f1a9bb-7168-492a-95e6-ac67fde32026,1111,2026,Гражданско дело,Окръжен съд - Варна,С.Г.П.,Ответник,,
77f1a9bb-7168-492a-95e6-ac67fde32026,1111,2026,Гражданско дело,Окръжен съд - Варна,Х.И.Х.,Адвокат,,
c88be5fb-bbd6-4d94-a60d-9982f9d5f384,3540,2026,Частно гражданско дело,Районен съд - Русе,АПС БЕТА БЪЛГАРИЯ ЕООД,Заявител,,
c88be5fb-bbd6-4d94-a60d-9982f9d5f384,3540,2026,Частно гражданско дело,Районен съд - Русе,А.Я.Я.,Длъжник,,
c88be5fb-bbd6-4d94-a60d-9982f9d5f384,3540,2026,Частно гражданско дело,Районен съд - Русе,М.А.А.,Друго,,
c88be5fb-bbd6-4d94-a60d-9982f9d5f384,3540,2026,Частно гражданско дело,Районен съд - Русе,Б.Т.,Юрисконсулт,,
c88be5fb-bbd6-4d94-a60d-9982f9d5f384,3540,2026,Частно гражданско дело,Районен съд - Русе,П.В.,Законен представител,,
c88be5fb-bbd6-4d94-a60d-9982f9d5f384,3540,2026,Частно гражданско дело,Районен съд - Русе,Х.М.,Законен представител,,
0938a34f-ed62-4d64-b4e7-5336808998f4,481,2026,Частно гражданско дело,Районен съд - Девня,АПС БЕТА БЪЛГАРИЯ ЕООД,Заявител,,
0938a34f-ed62-4d64-b4e7-5336808998f4,481,2026,Частно гражданско дело,Районен съд - Девня,Г.И.Г.,Длъжник,,
0938a34f-ed62-4d64-b4e7-5336808998f4,481,2026,Частно гражданско дело,Районен съд - Девня,М.А.А.,Друго,,
0938a34f-ed62-4d64-b4e7-5336808998f4,481,2026,Частно гражданско дело,Районен съд - Девня,Б.Т.,Юрисконсулт,,
0938a34f-ed62-4d64-b4e7-5336808998f4,481,2026,Частно гражданско дело,Районен съд - Девня,П.В.,Законен представител,,
0938a34f-ed62-4d64-b4e7-5336808998f4,481,2026,Частно гражданско дело,Районен съд - Девня,Х.М.,Законен представител,,
0aad9e89-92ab-429e-ab8f-52d9a6ea8e7f,2103,2026,Частно гражданско дело,Районен съд - Видин,АПС БЕТА БЪЛГАРИЯ ЕООД,Заявител,,
0aad9e89-92ab-429e-ab8f-52d9a6ea8e7f,2103,2026,Частно гражданско дело,Районен съд - Видин,Е.Р.Ч.,Длъжник,,
0aad9e89-92ab-429e-ab8f-52d9a6ea8e7f,2103,2026,Частно гражданско дело,Районен съд - Видин,М.А.А.,Друго,,
0aad9e89-92ab-429e-ab8f-52d9a6ea8e7f,2103,2026,Частно гражданско дело,Районен съд - Видин,Б.Т.,Юрисконсулт,,
0aad9e89-92ab-429e-ab8f-52d9a6ea8e7f,2103,2026,Частно гражданско дело,Районен съд - Видин,П.В.,Законен представител,,
0aad9e89-92ab-429e-ab8f-52d9a6ea8e7f,2103,2026,Частно гражданско дело,Районен съд - Видин,Х.М.,Законен представител,,
0318d850-8735-4742-a8fa-bedfd26606f6,49,2026,Наказателно дело от общ характер,Районен съд - Чепеларе,Районна прокуратура - Смолян,Обвинител,,
0318d850-8735-4742-a8fa-bedfd26606f6,49,2026,Наказателно дело от общ характер,Районен съд - Чепеларе,Т.С.П.,Обвинител,,
0318d850-8735-4742-a8fa-bedfd26606f6,49,2026,Наказателно дело от общ характер,Районен съд - Чепеларе,Я.С.Д.,Подсъдим,,
0318d850-8735-4742-a8fa-bedfd26606f6,49,2026,Наказателно дело от общ характер,Районен съд - Чепеларе,Т.Л.Д.,Защитник,,
c2df94ba-d332-4c28-8b24-85e37f0d9fa5,384,2026,Касационно административно наказателно дело,Административен съд - Перник,ЕН ПИ СИ ЕООД,Жалбоподател,,
c2df94ba-d332-4c28-8b24-85e37f0d9fa5,384,2026,Касационно административно наказателно дело,Административен съд - Перник,ПРЕДСЕДАТЕЛ НА ДЪРЖ. АГЕНЦИЯ ЗА МЕТРОЛОГИЧЕН И ТЕХН. НАДЗОР,Ответник,,
c2df94ba-d332-4c28-8b24-85e37f0d9fa5,384,2026,Касационно административно наказателно дело,Административен съд - Перник,А.Т.,Адвокат,,
c2df94ba-d332-4c28-8b24-85e37f0d9fa5,384,2026,Касационно административно наказателно дело,Административен съд - Перник,Р.П.Ш.,Процесуален представител,,
9e8ddb7e-eff7-4b31-8d26-ae93959de0ff,334,2026,Въззивно търговско дело,Апелативен съд - София,ВАС МИТ ЕООД,Жалбоподател,,
9e8ddb7e-eff7-4b31-8d26-ae93959de0ff,334,2026,Въззивно търговско дело,Апелативен съд - София,ПЪТСТРОЙ-92 АД,Ответник,,
9e8ddb7e-eff7-4b31-8d26-ae93959de0ff,334,2026,Въззивно търговско дело,Апелативен съд - София,В.Г.А.,Адвокат,Ваня Георгиева Ангелова,
9e8ddb7e-eff7-4b31-8d26-ae93959de0ff,334,2026,Въззивно търговско дело,Апелативен съд - София,П.И.К.,Адвокат,,
9e8ddb7e-eff7-4b31-8d26-ae93959de0ff,334,2026,Въззивно търговско дело,Апелативен съд - София,С.Г.Х.,Вещо лице,,
0f7f2a09-09a4-491b-a767-49323b27599e,3653,2026,Частно гражданско дело,Районен съд - Варна,Инспекторат на ВСС,Заявител,,
6f67cdb2-638a-4f6f-9015-d755c8e23700,290,2026,Частно наказателно дело,Районен съд - Горна Оряховица,ТО-Горна Оряховица към РП-Велико Търново,Вносител,,
6f67cdb2-638a-4f6f-9015-d755c8e23700,290,2026,Частно наказателно дело,Районен съд - Горна Оряховица,ЙЕТТЕЛ БЪЛГАРИЯ ЕАД,Страна,,
774694d1-95ba-4a27-9906-ddeb567a0025,405,2026,Гражданско дело,Окръжен съд - Стара Загора,З.М.А.,Ищец,,
774694d1-95ba-4a27-9906-ddeb567a0025,405,2026,Гражданско дело,Окръжен съд - Стара Загора,АГЕНЦИЯ ЗА КОНТРОЛ НА ПРОСРОЧЕНИ ЗАДЪЛЖЕНИЯ АД,Ответник,,
774694d1-95ba-4a27-9906-ddeb567a0025,405,2026,Гражданско дело,Окръжен съд - Стара Загора,Х.Ц.Р.,Адвокат,Христо Цветанов Расташки,
774694d1-95ba-4a27-9906-ddeb567a0025,405,2026,Гражданско дело,Окръжен съд - Стара Загора,И.А.И.,Юрисконсулт,,
3f39e7ee-a3f2-4072-9a39-a36e11fb614c,494,2026,Частно гражданско дело,Районен съд - Луковит,“ЮРОБАНК БЪЛГАРИЯ” АД,Заявител,МИХАЕЛА АТАНАСОВА АТАНАСОВА,
3f39e7ee-a3f2-4072-9a39-a36e11fb614c,494,2026,Частно гражданско дело,Районен съд - Луковит,Р.А.И.,Длъжник,,
3f39e7ee-a3f2-4072-9a39-a36e11fb614c,494,2026,Частно гражданско дело,Районен съд - Луковит,П.Г.Г.,Длъжник,,
3f39e7ee-a3f2-4072-9a39-a36e11fb614c,494,2026,Частно гражданско дело,Районен съд - Луковит,И.Д.Д.,Пълномощник,,
a85eba41-9bdf-4438-b908-e36d72eb3461,1142,2026,Частно гражданско дело,Районен съд - Елин Пелин,ЕЙ УАН ВИЖЪН ЕООД,Заявител,,
a85eba41-9bdf-4438-b908-e36d72eb3461,1142,2026,Частно гражданско дело,Районен съд - Елин Пелин,М.Г.Я.,Длъжник,,
a85eba41-9bdf-4438-b908-e36d72eb3461,1142,2026,Частно гражданско дело,Районен съд - Елин Пелин,Р.С.,Юрисконсулт,,
fbcada89-5201-43cb-a20b-eab7c7b54153,1560,2026,Частно гражданско дело,Районен съд - Габрово,ЕОС МАТРИКС ЕАД,Кредитор,,
fbcada89-5201-43cb-a20b-eab7c7b54153,1560,2026,Частно гражданско дело,Районен съд - Габрово,А.А.Х.,Длъжник,,
fbcada89-5201-43cb-a20b-eab7c7b54153,1560,2026,Частно гражданско дело,Районен съд - Габрово,Ж.Д.Д.,Адвокат,Жельо Денев Денев,
049975b6-244e-4aae-bfde-205a0ca8d90a,2202,2026,Частно гражданско дело,Районен съд - Кюстендил,ТИ БИ АЙ Банк ЕАД,Заявител,,
049975b6-244e-4aae-bfde-205a0ca8d90a,2202,2026,Частно гражданско дело,Районен съд - Кюстендил,М.Д.Й.,Длъжник,,
049975b6-244e-4aae-bfde-205a0ca8d90a,2202,2026,Частно гражданско дело,Районен съд - Кюстендил,Д.В.И.,Юрисконсулт,,
4466ec3d-a30a-4ccd-9479-07c28c4e2437,1417,2026,Частно гражданско дело,Районен съд - Хасково,Инспекторат на ВСС,Вносител,,
53ae1f00-994e-4647-82fc-8372329b149c,934,2026,Частно гражданско дело,Районен съд - Силистра,АПС БЕТА БЪЛГАРИЯ ЕООД,Заявител,,
53ae1f00-994e-4647-82fc-8372329b149c,934,2026,Частно гражданско дело,Районен съд - Силистра,И.Р.Д.,Длъжник,,
53ae1f00-994e-4647-82fc-8372329b149c,934,2026,Частно гражданско дело,Районен съд - Силистра,Б.Д.Т.,Юрисконсулт,,
5b602dcf-cfd0-4c91-adf0-b2867957d205,1507,2026,Въззивно частно гражданско дело,Апелативен съд - София,СТОЛИЧЕН АВТОТРАНСПОРТ ЕАД,Жалбоподател,,
5b602dcf-cfd0-4c91-adf0-b2867957d205,1507,2026,Въззивно частно гражданско дело,Апелативен съд - София,ПАНАВТОТРЕЙД АД,Ответник,,
5b602dcf-cfd0-4c91-adf0-b2867957d205,1507,2026,Въззивно частно гражданско дело,Апелативен съд - София,В.С.С.,Адвокат,,
f638c469-1ffc-4b65-94c1-25a3ad29da13,3652,2026,Частно гражданско дело,Районен съд - Варна,Инспекторат на ВСС,Заявител,,
43f0daf6-a611-4b05-8756-9a4c87fb2bff,271,2026,Въззивно гражданско дело,Окръжен съд - Ловеч,ЕРКОР - ГРУП ЕООД,Жалбоподател,,
43f0daf6-a611-4b05-8756-9a4c87fb2bff,271,2026,Въззивно гражданско дело,Окръжен съд - Ловеч,Кооперация ДОВЕРИЕ,Взискател,,
43f0daf6-a611-4b05-8756-9a4c87fb2bff,271,2026,Въззивно гражданско дело,Окръжен съд - Ловеч,В.Л.П.,Страна,,
39c20f52-aea8-4df2-aacf-65d4e2bc77df,289,2026,Частно наказателно дело,Районен съд - Горна Оряховица,ТО-Горна Оряховица към РП-Велико Търново,Вносител,,
39c20f52-aea8-4df2-aacf-65d4e2bc77df,289,2026,Частно наказателно дело,Районен съд - Горна Оряховица,ВИВАКОМ БЪЛГАРИЯ ЕАД,Страна,,
c19e8172-767b-48e6-88bd-ed6dfe6cb120,1110,2026,Гражданско дело,Окръжен съд - Варна,В.Д.Й.,Ищец,,
c19e8172-767b-48e6-88bd-ed6dfe6cb120,1110,2026,Гражданско дело,Окръжен съд - Варна,А.М.Ч.Г.,Ответник,,
c19e8172-767b-48e6-88bd-ed6dfe6cb120,1110,2026,Гражданско дело,Окръжен съд - Варна,И.Х.Н.,Адвокат,,
99235968-f6d6-4bc4-9c5b-711e56609d9d,6251,2026,Административно дело,Административен съд - София-град,А.П.И.,Жалбоподател,,
99235968-f6d6-4bc4-9c5b-711e56609d9d,6251,2026,Административно дело,Административен съд - София-град,ГЛАВЕН СЕКРЕТАР НА НАЦИОНАЛНАТА ЗДРАВНООСИГУРИТЕЛНА КАСА,Ответник,,
bff65137-f04a-49f1-b4fd-9fcda4ff5f44,6250,2026,Административно дело,Административен съд - София-град,АПИ,Жалбоподател,,
bff65137-f04a-49f1-b4fd-9fcda4ff5f44,6250,2026,Административно дело,Административен съд - София-град,УО ОПРР,Ответник,,
bff65137-f04a-49f1-b4fd-9fcda4ff5f44,6250,2026,Административно дело,Административен съд - София-град,Б.А.,Юрисконсулт,,
871b82e6-eed8-47bf-8ec5-5c5d5b7e2deb,2443,2026,Частно гражданско дело,Районен съд - Ботевград,АПС БЕТА БЪЛГАРИЯ ЕООД,Заявител,,
871b82e6-eed8-47bf-8ec5-5c5d5b7e2deb,2443,2026,Частно гражданско дело,Районен съд - Ботевград,И.М.П.,Длъжник,,
871b82e6-eed8-47bf-8ec5-5c5d5b7e2deb,2443,2026,Частно гражданско дело,Районен съд - Ботевград,М.А.А.,Друго,,
871b82e6-eed8-47bf-8ec5-5c5d5b7e2deb,2443,2026,Частно гражданско дело,Районен съд - Ботевград,Б.Т.,Юрисконсулт,,
871b82e6-eed8-47bf-8ec5-5c5d5b7e2deb,2443,2026,Частно гражданско дело,Районен съд - Ботевград,Х.М.,Законен представител,,
871b82e6-eed8-47bf-8ec5-5c5d5b7e2deb,2443,2026,Частно гражданско дело,Районен съд - Ботевград,П.В.,Законен представител,,
55c995fa-b4c2-434c-a9c0-086340866c45,2366,2026,Частно гражданско дело,Районен съд - Монтана,АПС БЕТА БЪЛГАРИЯ ЕООД,Заявител,,
55c995fa-b4c2-434c-a9c0-086340866c45,2366,2026,Частно гражданско дело,Районен съд - Монтана,А.П.П.,Длъжник,,
55c995fa-b4c2-434c-a9c0-086340866c45,2366,2026,Частно гражданско дело,Районен съд - Монтана,М.А.А.,Друго,,
55c995fa-b4c2-434c-a9c0-086340866c45,2366,2026,Частно гражданско дело,Районен съд - Монтана,Б.Т.,Юрисконсулт,,
55c995fa-b4c2-434c-a9c0-086340866c45,2366,2026,Частно гражданско дело,Районен съд - Монтана,П.В.,Законен представител,,
55c995fa-b4c2-434c-a9c0-086340866c45,2366,2026,Частно гражданско дело,Районен съд - Монтана,Х.М.,Законен представител,,
36766687-e70c-4090-b682-9263ea5dccca,5538,2026,Частно гражданско дело,Районен съд - Перник,ТИ БИ АЙ Банк ЕАД,Заявител,,
36766687-e70c-4090-b682-9263ea5dccca,5538,2026,Частно гражданско дело,Районен съд - Перник,И.В.Г.,Длъжник,,
36766687-e70c-4090-b682-9263ea5dccca,5538,2026,Частно гражданско дело,Районен съд - Перник,М.Г.Н.,Юрисконсулт,,
80b5e2a3-5de1-4e05-b2c6-8236891c17d8,383,2026,Административно дело,Административен съд - Перник,С.В.С.,Жалбоподател,,
80b5e2a3-5de1-4e05-b2c6-8236891c17d8,383,2026,Административно дело,Административен съд - Перник,ДИРЕКЦИЯ СОЦИАЛНО ПОДПОМАГАНЕ ПЕРНИК,Ответник,,
80b5e2a3-5de1-4e05-b2c6-8236891c17d8,383,2026,Административно дело,Административен съд - Перник,П.Е.Б.,Адвокат,Пламен Евгениев Борисов,
e4093a01-dae0-4445-8817-48c44edf2cd2,2201,2026,Частно гражданско дело,Районен съд - Кюстендил,Банка ДСК АД,Заявител,,
e4093a01-dae0-4445-8817-48c44edf2cd2,2201,2026,Частно гражданско дело,Районен съд - Кюстендил,З.С.Х.,Длъжник,,
e4093a01-dae0-4445-8817-48c44edf2cd2,2201,2026,Частно гражданско дело,Районен съд - Кюстендил,В.Л.А.,Представител,,
222bcd98-d41c-4208-b01a-71cc61951318,3651,2026,Частно гражданско дело,Районен съд - Варна,Инспекторат на ВСС,Заявител,,
b94b4b53-ba0e-4bd3-8371-7c50bbae4ee9,2102,2026,Частно гражданско дело,Районен съд - Видин,АПС БЕТА БЪЛГАРИЯ ЕООД,Заявител,,
b94b4b53-ba0e-4bd3-8371-7c50bbae4ee9,2102,2026,Частно гражданско дело,Районен съд - Видин,И.П.В.,Длъжник,,
b94b4b53-ba0e-4bd3-8371-7c50bbae4ee9,2102,2026,Частно гражданско дело,Районен съд - Видин,М.А.А.,Друго,,
b94b4b53-ba0e-4bd3-8371-7c50bbae4ee9,2102,2026,Частно гражданско дело,Районен съд - Видин,П.В.,Законен представител,,
b94b4b53-ba0e-4bd3-8371-7c50bbae4ee9,2102,2026,Частно гражданско дело,Районен съд - Видин,Х.М.,Законен представител,,
b94b4b53-ba0e-4bd3-8371-7c50bbae4ee9,2102,2026,Частно гражданско дело,Районен съд - Видин,Б.Т.,Юрисконсулт,,
e1b2d38b-4cdc-4d5e-a926-b1834bd44774,1416,2026,Частно гражданско дело,Районен съд - Хасково,Инспекторат на ВСС,Вносител,,
c74fe72e-f27b-4713-8494-32495bc954f8,288,2026,Административно наказателно дело,Районен съд - Горна Оряховица,ТО-Горна Оряховица към РП-Велико Търново,Обвинител,,
c74fe72e-f27b-4713-8494-32495bc954f8,288,2026,Административно наказателно дело,Районен съд - Горна Оряховица,И.А.Г.,Обвинител,,
c74fe72e-f27b-4713-8494-32495bc954f8,288,2026,Административно наказателно дело,Районен съд - Горна Оряховица,Р.К.Г.,Обвиняем,,
c74fe72e-f27b-4713-8494-32495bc954f8,288,2026,Административно наказателно дело,Районен съд - Горна Оряховица,Н.И.К.,Защитник,,
2fc2dfd6-494b-4a42-ac91-9dcb1e9c7936,404,2026,Гражданско дело,Окръжен съд - Стара Загора,Х.К.К.,Молител,,
2fc2dfd6-494b-4a42-ac91-9dcb1e9c7936,404,2026,Гражданско дело,Окръжен съд - Стара Загора,Ю.Г.С.Н.,Обвинител,,
2fc2dfd6-494b-4a42-ac91-9dcb1e9c7936,404,2026,Гражданско дело,Окръжен съд - Стара Загора,Ж.И.Б.,Адвокат,,
2fc2dfd6-494b-4a42-ac91-9dcb1e9c7936,404,2026,Гражданско дело,Окръжен съд - Стара Загора,Окръжна прокуратура - Стара Загора,Страна,,
2b064902-9c81-4915-ac9a-8b5ab5ad9fea,816,2026,Частно гражданско дело,Районен съд - Троян,АПС БЕТА БЪЛГАРИЯ ЕООД,Кредитор,,
2b064902-9c81-4915-ac9a-8b5ab5ad9fea,816,2026,Частно гражданско дело,Районен съд - Троян,И.И.И.,Длъжник,,
2b064902-9c81-4915-ac9a-8b5ab5ad9fea,816,2026,Частно гражданско дело,Районен съд - Троян,М.А.А.,Друго,,
2b064902-9c81-4915-ac9a-8b5ab5ad9fea,816,2026,Частно гражданско дело,Районен съд - Троян,Б.Т.,Юрисконсулт,,
2b064902-9c81-4915-ac9a-8b5ab5ad9fea,816,2026,Частно гражданско дело,Районен съд - Троян,П.В.,Законен представител,,
2b064902-9c81-4915-ac9a-8b5ab5ad9fea,816,2026,Частно гражданско дело,Районен съд - Троян,Х.М.,Законен представител,,
d2d29a5e-8e20-403d-8bba-36d0cfae171c,1506,2026,Въззивно гражданско дело,Апелативен съд - София,Л.Е.Ф.,Жалбоподател,,
d2d29a5e-8e20-403d-8bba-36d0cfae171c,1506,2026,Въззивно гражданско дело,Апелативен съд - София,К.Д.М.,Ответник,,
d2d29a5e-8e20-403d-8bba-36d0cfae171c,1506,2026,Въззивно гражданско дело,Апелативен съд - София,С.М.И.,Адвокат,,
d2d29a5e-8e20-403d-8bba-36d0cfae171c,1506,2026,Въззивно гражданско дело,Апелативен съд - София,В.А.Х.,Адвокат,,
610ac46c-0f03-4d49-aab6-d365d9e0e229,6249,2026,Административно дело,Административен съд - София-град,ЙЕТТЕЛ БЪЛГАРИЯ ЕАД,Жалбоподател,,
610ac46c-0f03-4d49-aab6-d365d9e0e229,6249,2026,Административно дело,Административен съд - София-град,КЗП,Ответник,,
610ac46c-0f03-4d49-aab6-d365d9e0e229,6249,2026,Административно дело,Административен съд - София-град,В.К.С.Т.0.,Адвокат,,
24ed6359-227b-4889-9da3-6acb5c717afe,323,2026,Частно гражданско дело,Районен съд - Ивайловград,АПС БЕТА БЪЛГАРИЯ ЕООД,Заявител,,
24ed6359-227b-4889-9da3-6acb5c717afe,323,2026,Частно гражданско дело,Районен съд - Ивайловград,Р.Н.В.,Длъжник,,
24ed6359-227b-4889-9da3-6acb5c717afe,323,2026,Частно гражданско дело,Районен съд - Ивайловград,М.А.А.,Друго,,
24ed6359-227b-4889-9da3-6acb5c717afe,323,2026,Частно гражданско дело,Районен съд - Ивайловград,Б.Т.,Юрисконсулт,,
24ed6359-227b-4889-9da3-6acb5c717afe,323,2026,Частно гражданско дело,Районен съд - Ивайловград,П.В.,Законен представител,,
24ed6359-227b-4889-9da3-6acb5c717afe,323,2026,Частно гражданско дело,Районен съд - Ивайловград,Х.М.,Законен представител,,
368019c0-79b9-4806-952a-e299acb6e5b2,5537,2026,Частно гражданско дело,Районен съд - Перник,АПС БЕТА БЪЛГАРИЯ ЕООД,Заявител,,
368019c0-79b9-4806-952a-e299acb6e5b2,5537,2026,Частно гражданско дело,Районен съд - Перник,И.В.Б.,Длъжник,,
368019c0-79b9-4806-952a-e299acb6e5b2,5537,2026,Частно гражданско дело,Районен съд - Перник,М.А.А.,Друго,,
368019c0-79b9-4806-952a-e299acb6e5b2,5537,2026,Частно гражданско дело,Районен съд - Перник,Б.Т.,Юрисконсулт,,
368019c0-79b9-4806-952a-e299acb6e5b2,5537,2026,Частно гражданско дело,Районен съд - Перник,П.В.,Законен представител,,
368019c0-79b9-4806-952a-e299acb6e5b2,5537,2026,Частно гражданско дело,Районен съд - Перник,Х.М.,Законен представител,,
1fac52b6-0d3c-4c42-8aa4-7e2626a26691,6248,2026,Административно дело,Административен съд - София-град,МЕГАТАКСИ 2000 ЕООД,Жалбоподател,,
1fac52b6-0d3c-4c42-8aa4-7e2626a26691,6248,2026,Административно дело,Административен съд - София-град,"ПОЛИЦЕЙСКИ ИНСПЕТКТОР В ОТДЕЛ,,ПЪТНА ПОЛИЦИЯ""""-СДВР",Ответник,,
1fac52b6-0d3c-4c42-8aa4-7e2626a26691,6248,2026,Административно дело,Административен съд - София-град,П.И.Г.,Адвокат,,
d82dd9bc-2e6b-4231-bd91-84c82063881c,1141,2026,Частно гражданско дело,Районен съд - Елин Пелин,ЕЙ УАН ВИЖЪН ЕООД,Заявител,,
d82dd9bc-2e6b-4231-bd91-84c82063881c,1141,2026,Частно гражданско дело,Районен съд - Елин Пелин,М.К.К.,Длъжник,,
d82dd9bc-2e6b-4231-bd91-84c82063881c,1141,2026,Частно гражданско дело,Районен съд - Елин Пелин,Р.С.,Юрисконсулт,,
999823d7-3b02-4e66-8cac-a42b7884ad2d,153,2026,Наказателно дело от общ характер,Районен съд - Елхово,Районна прокуратура - Ямбол,Обвинител,,
999823d7-3b02-4e66-8cac-a42b7884ad2d,153,2026,Наказателно дело от общ характер,Районен съд - Елхово,А.Г.С.,Обвинител,,
999823d7-3b02-4e66-8cac-a42b7884ad2d,153,2026,Наказателно дело от общ характер,Районен съд - Елхово,Б.С.Г.,Подсъдим,,
999823d7-3b02-4e66-8cac-a42b7884ad2d,153,2026,Наказателно дело от общ характер,Районен съд - Елхово,Г.М.Г.,Пострадал,,
999823d7-3b02-4e66-8cac-a42b7884ad2d,153,2026,Наказателно дело от общ характер,Районен съд - Елхово,Е.И.Б.,Пострадал,,
999823d7-3b02-4e66-8cac-a42b7884ad2d,153,2026,Наказателно дело от общ характер,Районен съд - Елхово,Г.П.В.,Пострадал,,
999823d7-3b02-4e66-8cac-a42b7884ad2d,153,2026,Наказателно дело от общ характер,Районен съд - Елхово,Н.Я.Я.,Пострадал,,
999823d7-3b02-4e66-8cac-a42b7884ad2d,153,2026,Наказателно дело от общ характер,Районен съд - Елхово,ОДМВР - Ямбол,Ощетено юридическо лице,,
999823d7-3b02-4e66-8cac-a42b7884ad2d,153,2026,Наказателно дело от общ характер,Районен съд - Елхово,Г.Д.Д.,Защитник,,
d9efc3f6-94ab-4eba-95f0-c86f8efbff38,2571,2026,Частно гражданско дело,Районен съд - Добрич,А1 България ЕАД,Заявител,,
d9efc3f6-94ab-4eba-95f0-c86f8efbff38,2571,2026,Частно гражданско дело,Районен съд - Добрич,Д.В.К.,Длъжник,,
d9efc3f6-94ab-4eba-95f0-c86f8efbff38,2571,2026,Частно гражданско дело,Районен съд - Добрич,М.М.К.,Представител,,
652d8dc5-47bf-4cbd-93ab-991d6d006f24,382,2026,Административно дело,Административен съд - Перник,К.Д.К.,Жалбоподател,,
652d8dc5-47bf-4cbd-93ab-991d6d006f24,382,2026,Административно дело,Административен съд - Перник,Началник на Общинска служба по земеделие Радомир,Ответник,,
f75533a0-a6ca-492b-8836-db17959342c6,3650,2026,Частно гражданско дело,Районен съд - Варна,Инспекторат на ВСС,Заявител,,
ccb705d6-7042-4823-b60c-bae0c41472b8,1068,2026,Частно гражданско дело,Районен съд - Гоце Делчев,ЕОС МАТРИКС ЕАД,Заявител,,
ccb705d6-7042-4823-b60c-bae0c41472b8,1068,2026,Частно гражданско дело,Районен съд - Гоце Делчев,П.М.Й.,Длъжник,,
ccb705d6-7042-4823-b60c-bae0c41472b8,1068,2026,Частно гражданско дело,Районен съд - Гоце Делчев,Ж.Д.Д.,Адвокат,Жельо Денев Денев,
a16ae800-5233-45ab-86fd-c420602885ea,409,2026,Частно гражданско дело,Районен съд - Провадия,АПС БЕТА БЪЛГАРИЯ ЕООД,Заявител,,
a16ae800-5233-45ab-86fd-c420602885ea,409,2026,Частно гражданско дело,Районен съд - Провадия,М.С.В.,Длъжник,,
a16ae800-5233-45ab-86fd-c420602885ea,409,2026,Частно гражданско дело,Районен съд - Провадия,М.А.А.,Друго,,
a16ae800-5233-45ab-86fd-c420602885ea,409,2026,Частно гражданско дело,Районен съд - Провадия,Б.Т.,Юрисконсулт,,
a16ae800-5233-45ab-86fd-c420602885ea,409,2026,Частно гражданско дело,Районен съд - Провадия,П.В.,Законен представител,,
a16ae800-5233-45ab-86fd-c420602885ea,409,2026,Частно гражданско дело,Районен съд - Провадия,Х.М.,Законен представител,,
b5cef7e5-a48e-4ef9-916f-c6a6e4c53059,567,2026,Частно гражданско дело,Районен съд - Балчик,АПС БЕТА БЪЛГАРИЯ ЕООД,Заявител,,
b5cef7e5-a48e-4ef9-916f-c6a6e4c53059,567,2026,Частно гражданско дело,Районен съд - Балчик,С.Х.П.,Длъжник,,
b5cef7e5-a48e-4ef9-916f-c6a6e4c53059,567,2026,Частно гражданско дело,Районен съд - Балчик,М.А.А.,Друго,,
b5cef7e5-a48e-4ef9-916f-c6a6e4c53059,567,2026,Частно гражданско дело,Районен съд - Балчик,Б.Т.,Юрисконсулт,,
b5cef7e5-a48e-4ef9-916f-c6a6e4c53059,567,2026,Частно гражданско дело,Районен съд - Балчик,П.В.,Законен представител,,
b5cef7e5-a48e-4ef9-916f-c6a6e4c53059,567,2026,Частно гражданско дело,Районен съд - Балчик,Х.М.,Законен представител,,
972a7fe8-288f-4283-b86d-09d1c4c77552,916,2026,Частно гражданско дело,Районен съд - Белоградчик,АПС БЕТА БЪЛГАРИЯ ЕООД,Заявител,,
972a7fe8-288f-4283-b86d-09d1c4c77552,916,2026,Частно гражданско дело,Районен съд - Белоградчик,Й.Д.М.,Длъжник,,
972a7fe8-288f-4283-b86d-09d1c4c77552,916,2026,Частно гражданско дело,Районен съд - Белоградчик,М.А.А.,Друго,,
972a7fe8-288f-4283-b86d-09d1c4c77552,916,2026,Частно гражданско дело,Районен съд - Белоградчик,Б.Т.,Юрисконсулт,,
972a7fe8-288f-4283-b86d-09d1c4c77552,916,2026,Частно гражданско дело,Районен съд - Белоградчик,Х.М.,Законен представител,,
972a7fe8-288f-4283-b86d-09d1c4c77552,916,2026,Частно гражданско дело,Районен съд - Белоградчик,П.В.,Законен представител,,
61f75704-41ab-4255-b5e3-3196b3f07e16,1076,2026,Частно гражданско дело,Районен съд - Ямбол,Инспекторат на ВСС,Вносител,,
61f75704-41ab-4255-b5e3-3196b3f07e16,1076,2026,Частно гражданско дело,Районен съд - Ямбол,М.Ж.Г.,Страна,,
61f75704-41ab-4255-b5e3-3196b3f07e16,1076,2026,Частно гражданско дело,Районен съд - Ямбол,В.П.Г.,Страна,,
5e7d18bd-8d3b-43d1-b3c1-14be89d7fbc7,792,2026,Частно гражданско дело,Районен съд - Димитровград,АПС БЕТА БЪЛГАРИЯ ЕООД,Заявител,,
5e7d18bd-8d3b-43d1-b3c1-14be89d7fbc7,792,2026,Частно гражданско дело,Районен съд - Димитровград,А.Г.К.,Длъжник,,
5e7d18bd-8d3b-43d1-b3c1-14be89d7fbc7,792,2026,Частно гражданско дело,Районен съд - Димитровград,М.А.А.,Друго,,
5e7d18bd-8d3b-43d1-b3c1-14be89d7fbc7,792,2026,Частно гражданско дело,Районен съд - Димитровград,Б.Д.Т.,Юрисконсулт,,
5e7d18bd-8d3b-43d1-b3c1-14be89d7fbc7,792,2026,Частно гражданско дело,Районен съд - Димитровград,Х.М.,Законен представител,,
5e7d18bd-8d3b-43d1-b3c1-14be89d7fbc7,792,2026,Частно гражданско дело,Районен съд - Димитровград,П.В.,Законен представител,,
f5ee5709-9da0-4e06-8a6a-f094f24bfc3b,403,2026,Гражданско дело,Окръжен съд - Стара Загора,Ж.А.М.,Ищец,,
f5ee5709-9da0-4e06-8a6a-f094f24bfc3b,403,2026,Гражданско дело,Окръжен съд - Стара Загора,Н.Ч.М.,Ответник,,
f5ee5709-9da0-4e06-8a6a-f094f24bfc3b,403,2026,Гражданско дело,Окръжен съд - Стара Загора,С.Ж.А.,Ответник,,
f5ee5709-9da0-4e06-8a6a-f094f24bfc3b,403,2026,Гражданско дело,Окръжен съд - Стара Загора,М.К.В.,Адвокат,,
f5ee5709-9da0-4e06-8a6a-f094f24bfc3b,403,2026,Гражданско дело,Окръжен съд - Стара Загора,Н.Ч.М.,Законен представител,,
f5ee5709-9da0-4e06-8a6a-f094f24bfc3b,403,2026,Гражданско дело,Окръжен съд - Стара Загора,"Дирекция ""Социално подпомагане"" - Стара Загора",Заинтересована страна,,
f5ee5709-9da0-4e06-8a6a-f094f24bfc3b,403,2026,Гражданско дело,Окръжен съд - Стара Загора,С.И.В.,Особен представител,,
fe80fbc0-c642-4f19-9901-1c45d00ff4f3,1505,2026,Въззивно гражданско дело,Апелативен съд - София,РЕКРЕДИТ ООД,Жалбоподател,,
fe80fbc0-c642-4f19-9901-1c45d00ff4f3,1505,2026,Въззивно гражданско дело,Апелативен съд - София,Комисия за защита на потребителите,Ответник,,
fe80fbc0-c642-4f19-9901-1c45d00ff4f3,1505,2026,Въззивно гражданско дело,Апелативен съд - София,Х.А.М.,Адвокат,,
fe80fbc0-c642-4f19-9901-1c45d00ff4f3,1505,2026,Въззивно гражданско дело,Апелативен съд - София,"СДРУЖЕНИЕ ""БЪЛГАРСКА НАЦИОНАЛНА АСОЦИАЦИЯ АКТИВНИ ПОТРЕБИТЕЛИ""",Страна,,
fe80fbc0-c642-4f19-9901-1c45d00ff4f3,1505,2026,Въззивно гражданско дело,Апелативен съд - София,А.А.А.,Адвокат,Антоан Атанасов,
fe80fbc0-c642-4f19-9901-1c45d00ff4f3,1505,2026,Въззивно гражданско дело,Апелативен съд - София,Р.С.М.,Юрисконсулт,,
5e608a20-ab69-45d3-8fcc-cd567a12a52e,6247,2026,Административно дело,Административен съд - София-град,М.Г.В.,Жалбоподател,Василен Емилов Георгиев,
5e608a20-ab69-45d3-8fcc-cd567a12a52e,6247,2026,Административно дело,Административен съд - София-град,ЯНЧО РАДОСТИНОВ ЗЕНГИНОВ - ОДМВР СЛИВЕН,Ответник,,
5e608a20-ab69-45d3-8fcc-cd567a12a52e,6247,2026,Административно дело,Административен съд - София-град,СГП,Друго,,
5e608a20-ab69-45d3-8fcc-cd567a12a52e,6247,2026,Административно дело,Административен съд - София-град,В.Г.,Адвокат,,
08a27349-871b-4e4a-9348-540bdc6cd258,1109,2026,Въззивно гражданско дело,Окръжен съд - Варна,В.Н.К.,Въззивник,,
91a6cc0d-e26d-4952-8f9e-04c9ae45fb4d,633,2026,Частно гражданско дело,Районен съд - Разлог,ЛИДИЯ СТОЯНОВА - ИНСПЕКТОР В ИНСПЕКТОРАТА КЪМ ВИШИЯ СЪДЕБЕН СЪВЕТ,Вносител,,
401cdb87-a548-47d0-a19b-77bfca495094,6246,2026,Административно дело,Административен съд - София-град,""" А 1 България "" ЕАД",Жалбоподател,,
401cdb87-a548-47d0-a19b-77bfca495094,6246,2026,Административно дело,Административен съд - София-град,ПРЕДСЕДАТЕЛ НА КОМИСИЯ ЗА ЗАЩИТА НА ПОТРЕБИТЕЛИТЕ,Ответник,,
401cdb87-a548-47d0-a19b-77bfca495094,6246,2026,Административно дело,Административен съд - София-град,СГП,Друго,,
b04f12a0-dff4-4196-91dc-9de75d5f86b1,270,2026,Въззивно гражданско дело,Окръжен съд - Ловеч,М.Ю.Ф.,Въззивник,,
b04f12a0-dff4-4196-91dc-9de75d5f86b1,270,2026,Въззивно гражданско дело,Окръжен съд - Ловеч,Ю.М.Ф.,Въззиваема страна,,
b04f12a0-dff4-4196-91dc-9de75d5f86b1,270,2026,Въззивно гражданско дело,Окръжен съд - Ловеч,Х.И.Д.,Родител,,
b04f12a0-dff4-4196-91dc-9de75d5f86b1,270,2026,Въззивно гражданско дело,Окръжен съд - Ловеч,Х.С.П.,Адвокат,,
b04f12a0-dff4-4196-91dc-9de75d5f86b1,270,2026,Въззивно гражданско дело,Окръжен съд - Ловеч,"Дирекция ""Социално подпомагане"" Ловеч-отдел ""Закрила на детето""",Страна,,
b04f12a0-dff4-4196-91dc-9de75d5f86b1,270,2026,Въззивно гражданско дело,Окръжен съд - Ловеч,М.Ц.Д.,Адвокат,,
b1eabbae-fda4-441e-b662-54d02c2d28f0,480,2026,Частно гражданско дело,Районен съд - Девня,АПС БЕТА БЪЛГАРИЯ ЕООД,Заявител,,
b1eabbae-fda4-441e-b662-54d02c2d28f0,480,2026,Частно гражданско дело,Районен съд - Девня,П.Р.Р.,Длъжник,,
b1eabbae-fda4-441e-b662-54d02c2d28f0,480,2026,Частно гражданско дело,Районен съд - Девня,М.А.А.,Друго,,
b1eabbae-fda4-441e-b662-54d02c2d28f0,480,2026,Частно гражданско дело,Районен съд - Девня,Б.Т.,Юрисконсулт,,
b1eabbae-fda4-441e-b662-54d02c2d28f0,480,2026,Частно гражданско дело,Районен съд - Девня,П.В.,Законен представител,,
b1eabbae-fda4-441e-b662-54d02c2d28f0,480,2026,Частно гражданско дело,Районен съд - Девня,Х.М.,Законен представител,,
332224c1-b7aa-4056-97eb-e5b53545a292,4400,2026,Частно гражданско дело,Районен съд - Враца,АПС БЕТА БЪЛГАРИЯ ЕООД,Заявител,,
332224c1-b7aa-4056-97eb-e5b53545a292,4400,2026,Частно гражданско дело,Районен съд - Враца,К.С.С.,Длъжник,,
332224c1-b7aa-4056-97eb-e5b53545a292,4400,2026,Частно гражданско дело,Районен съд - Враца,М.А.А.,Друго,,
332224c1-b7aa-4056-97eb-e5b53545a292,4400,2026,Частно гражданско дело,Районен съд - Враца,Б.Т.,Юрисконсулт,,
332224c1-b7aa-4056-97eb-e5b53545a292,4400,2026,Частно гражданско дело,Районен съд - Враца,П.В.,Законен представител,,
332224c1-b7aa-4056-97eb-e5b53545a292,4400,2026,Частно гражданско дело,Районен съд - Враца,Х.М.,Законен представител,,
332224c1-b7aa-4056-97eb-e5b53545a292,4400,2026,Частно гражданско дело,Районен съд - Враца,М.Б.М.,Адвокат,Марина Божидарова Маринова,
81fc531a-26da-473f-9ed3-0452f1a3411a,888,2026,Частно гражданско дело,Районен съд - Самоков,АПС БЕТА БЪЛГАРИЯ ЕООД,Заявител,,
81fc531a-26da-473f-9ed3-0452f1a3411a,888,2026,Частно гражданско дело,Районен съд - Самоков,К.Р.Д.,Длъжник,,
81fc531a-26da-473f-9ed3-0452f1a3411a,888,2026,Частно гражданско дело,Районен съд - Самоков,М.А.А.,Друго,,
81fc531a-26da-473f-9ed3-0452f1a3411a,888,2026,Частно гражданско дело,Районен съд - Самоков,Б.Т.,Юрисконсулт,,
81fc531a-26da-473f-9ed3-0452f1a3411a,888,2026,Частно гражданско дело,Районен съд - Самоков,П.В.,Законен представител,,
81fc531a-26da-473f-9ed3-0452f1a3411a,888,2026,Частно гражданско дело,Районен съд - Самоков,Х.М.,Законен представител,,
5234aff8-ed3e-4692-8a90-a610529b305b,3649,2026,Частно гражданско дело,Районен съд - Варна,Инспекторат на ВСС,Заявител,,
684e322c-d1c9-47fa-8fdc-7956d87968be,1140,2026,Частно гражданско дело,Районен съд - Елин Пелин,ЕЙ УАН ВИЖЪН ЕООД,Заявител,,
684e322c-d1c9-47fa-8fdc-7956d87968be,1140,2026,Частно гражданско дело,Районен съд - Елин Пелин,М.В.М.,Длъжник,,
684e322c-d1c9-47fa-8fdc-7956d87968be,1140,2026,Частно гражданско дело,Районен съд - Елин Пелин,Р.С.,Юрисконсулт,,
40915ce5-a269-473a-8c33-b61ea60b8091,1172,2026,Частно гражданско дело,Районен съд - Козлодуй,ЕОС МАТРИКС ЕАД,Заявител,,
40915ce5-a269-473a-8c33-b61ea60b8091,1172,2026,Частно гражданско дело,Районен съд - Козлодуй,Ю.Г.К.,Длъжник,,
40915ce5-a269-473a-8c33-b61ea60b8091,1172,2026,Частно гражданско дело,Районен съд - Козлодуй,Ж.Д.Д.,Адвокат,Жельо Денев Денев,
3c3a4f19-3bcf-4b3a-8e48-0b7d664a8b77,1415,2026,Частно гражданско дело,Районен съд - Хасково,Инспекторат на ВСС,Вносител,,
9cfbd443-26cb-432f-ac0c-c6da8bdddb24,1504,2026,Въззивно гражданско дело,Апелативен съд - София,Н.П.М.,Жалбоподател,,
9cfbd443-26cb-432f-ac0c-c6da8bdddb24,1504,2026,Въззивно гражданско дело,Апелативен съд - София,П.Н.М.,Жалбоподател,,
9cfbd443-26cb-432f-ac0c-c6da8bdddb24,1504,2026,Въззивно гражданско дело,Апелативен съд - София,СТОЛИЧНА ОБЩИНА,Жалбоподател-ответник,,
9cfbd443-26cb-432f-ac0c-c6da8bdddb24,1504,2026,Въззивно гражданско дело,Апелативен съд - София,В.А.В.,Адвокат,,
9cfbd443-26cb-432f-ac0c-c6da8bdddb24,1504,2026,Въззивно гражданско дело,Апелативен съд - София,П.С.П.,Юрисконсулт,,
9cfbd443-26cb-432f-ac0c-c6da8bdddb24,1504,2026,Въззивно гражданско дело,Апелативен съд - София,СТОЛИЧЕН ИНСПЕКТОРАТ КЪМ СТОЛИЧНА ОБЩИНА,Трето лице помагач,,
9cfbd443-26cb-432f-ac0c-c6da8bdddb24,1504,2026,Въззивно гражданско дело,Апелативен съд - София,"АГЕНЦИЯ ПО ГЕОДЕЗИЯ, КАРТОГРАФИЯ И КАДАСТЪР - София",Трето лице помагач,,
9cfbd443-26cb-432f-ac0c-c6da8bdddb24,1504,2026,Въззивно гражданско дело,Апелативен съд - София,Л.И.Т.,Юрисконсулт,,
9cfbd443-26cb-432f-ac0c-c6da8bdddb24,1504,2026,Въззивно гражданско дело,Апелативен съд - София,С.В.П.,Адвокат,,
9cfbd443-26cb-432f-ac0c-c6da8bdddb24,1504,2026,Въззивно гражданско дело,Апелативен съд - София,М.Р.С.,Адвокат,,
832ef807-2b0a-418b-8c2b-2f36decfbec9,138,2026,Частно наказателно дело,Районен съд - Червен бряг,М.Т.Л.,Жалбоподател,,
832ef807-2b0a-418b-8c2b-2f36decfbec9,138,2026,Частно наказателно дело,Районен съд - Червен бряг,Н.Ф.Л.,Обвиняем,,
832ef807-2b0a-418b-8c2b-2f36decfbec9,138,2026,Частно наказателно дело,Районен съд - Червен бряг,Районна прокуратура - Плевен,Страна,,
5c9798af-c49e-475e-bfcf-16b8d85ea7f5,206,2026,Частно гражданско дело,Районен съд - Първомай,“ЮРОБАНК БЪЛГАРИЯ” АД,Заявител,,
5c9798af-c49e-475e-bfcf-16b8d85ea7f5,206,2026,Частно гражданско дело,Районен съд - Първомай,Р.М.Я.,Длъжник,,
5c9798af-c49e-475e-bfcf-16b8d85ea7f5,206,2026,Частно гражданско дело,Районен съд - Първомай,И.Д.Д.,Пълномощник,Ивелина Димитрова Димитрова,
e7b88633-4dca-4a4a-a7a3-5653711ac1dd,6245,2026,Административно дело,Административен съд - София-град,К.С.С.,Жалбоподател,,
e7b88633-4dca-4a4a-a7a3-5653711ac1dd,6245,2026,Административно дело,Административен съд - София-град,ПОЛ.ИНСПЕКТОР ПРИ СДВР - ОТДЕЛ ПЪТНА ПОЛИЦИЯ,Ответник,,
d35aede4-c533-4521-bea0-ca8157eb9abf,2365,2026,Частно гражданско дело,Районен съд - Монтана,АПС БЕТА България ЕООД,Заявител,,
d35aede4-c533-4521-bea0-ca8157eb9abf,2365,2026,Частно гражданско дело,Районен съд - Монтана,Б.К.Н.,Длъжник,,
d35aede4-c533-4521-bea0-ca8157eb9abf,2365,2026,Частно гражданско дело,Районен съд - Монтана,М.А.А.,Друго,,
d35aede4-c533-4521-bea0-ca8157eb9abf,2365,2026,Частно гражданско дело,Районен съд - Монтана,Б.Т.,Юрисконсулт,,
d35aede4-c533-4521-bea0-ca8157eb9abf,2365,2026,Частно гражданско дело,Районен съд - Монтана,Х.М.,Законен представител,,
d35aede4-c533-4521-bea0-ca8157eb9abf,2365,2026,Частно гражданско дело,Районен съд - Монтана,П.В.,Законен представител,,
87aecc9f-4ba5-497f-9f22-71b19b582537,3648,2026,Частно гражданско дело,Районен съд - Варна,Инспекторат на ВСС,Заявител,,
9933e5be-8f0c-412d-89c3-7beff19b04a6,2200,2026,Частно гражданско дело,Районен съд - Кюстендил,АПС БЕТА БЪЛГАРИЯ ЕООД,Заявител,,
9933e5be-8f0c-412d-89c3-7beff19b04a6,2200,2026,Частно гражданско дело,Районен съд - Кюстендил,Н.М.М.,Длъжник,,
9933e5be-8f0c-412d-89c3-7beff19b04a6,2200,2026,Частно гражданско дело,Районен съд - Кюстендил,М.А.А.,Друго,,
9933e5be-8f0c-412d-89c3-7beff19b04a6,2200,2026,Частно гражданско дело,Районен съд - Кюстендил,Б.Т.,Юрисконсулт,,
9933e5be-8f0c-412d-89c3-7beff19b04a6,2200,2026,Частно гражданско дело,Районен съд - Кюстендил,Х.М.,Законен представител,,
9933e5be-8f0c-412d-89c3-7beff19b04a6,2200,2026,Частно гражданско дело,Районен съд - Кюстендил,П.В.,Законен представител,,
1ee14772-838e-416e-b34b-d435fe2746e6,1108,2026,Въззивно частно гражданско дело,Окръжен съд - Варна,Ю.Т.К.,Жалбоподател,,
1ee14772-838e-416e-b34b-d435fe2746e6,1108,2026,Въззивно частно гражданско дело,Окръжен съд - Варна,Съдия по вписванията към Районен съд - Варна,Ответник,,
87587fe8-894c-4ac0-b795-c6bf43ca80f3,6244,2026,Административно дело,Административен съд - София-град,А.П.Й.,Жалбоподател,Василен Емилов Георгиев,
87587fe8-894c-4ac0-b795-c6bf43ca80f3,6244,2026,Административно дело,Административен съд - София-град,"""СТИК-КРЕДИТ"" АД",Ответник,,
87587fe8-894c-4ac0-b795-c6bf43ca80f3,6244,2026,Административно дело,Административен съд - София-град,В.Е.Г.,Адвокат,,
9dd213a3-5ca0-4ac9-bae4-048b6f5bfa2c,402,2026,Гражданско дело,Окръжен съд - Стара Загора,ЛЪКИ 9 ООД,Ищец,,
9dd213a3-5ca0-4ac9-bae4-048b6f5bfa2c,402,2026,Гражданско дело,Окръжен съд - Стара Загора,И.И.С.,Ответник,,
9dd213a3-5ca0-4ac9-bae4-048b6f5bfa2c,402,2026,Гражданско дело,Окръжен съд - Стара Загора,Г.П.К.,Ответник,,
9dd213a3-5ca0-4ac9-bae4-048b6f5bfa2c,402,2026,Гражданско дело,Окръжен съд - Стара Загора,Б.В.Г.,Ответник,,
9dd213a3-5ca0-4ac9-bae4-048b6f5bfa2c,402,2026,Гражданско дело,Окръжен съд - Стара Загора,З.К.Т.,Представляващ,,
9dd213a3-5ca0-4ac9-bae4-048b6f5bfa2c,402,2026,Гражданско дело,Окръжен съд - Стара Загора,С.Р.З.,Адвокат,,
9dd213a3-5ca0-4ac9-bae4-048b6f5bfa2c,402,2026,Гражданско дело,Окръжен съд - Стара Загора,Я.Ж.И.,Адвокат,ЯНА ЖИВКОВА ИВАНОВА,
d5bf0265-1915-4ad8-a22a-f2b474257896,1032,2026,Частно гражданско дело,Районен съд - Карнобат,АПС БЕТА БЪЛГАРИЯ ЕООД,Заявител,,
d5bf0265-1915-4ad8-a22a-f2b474257896,1032,2026,Частно гражданско дело,Районен съд - Карнобат,М.Г.С.,Длъжник,,
d5bf0265-1915-4ad8-a22a-f2b474257896,1032,2026,Частно гражданско дело,Районен съд - Карнобат,М.А.А.,Друго,,
d5bf0265-1915-4ad8-a22a-f2b474257896,1032,2026,Частно гражданско дело,Районен съд - Карнобат,Б.Т.,Юрисконсулт,,
d5bf0265-1915-4ad8-a22a-f2b474257896,1032,2026,Частно гражданско дело,Районен съд - Карнобат,Х.М.,Законен представител,,
d5bf0265-1915-4ad8-a22a-f2b474257896,1032,2026,Частно гражданско дело,Районен съд - Карнобат,П.В.,Законен представител,,
553d8ef2-f5de-42a5-8606-3342acc618f3,2819,2026,Частно гражданско дело,Районен съд - Шумен,АПС БЕТА БЪЛГАРИЯ ЕООД,Заявител,,
553d8ef2-f5de-42a5-8606-3342acc618f3,2819,2026,Частно гражданско дело,Районен съд - Шумен,Й.Г.П.,Длъжник,,
553d8ef2-f5de-42a5-8606-3342acc618f3,2819,2026,Частно гражданско дело,Районен съд - Шумен,М.А.А.,Друго,,
553d8ef2-f5de-42a5-8606-3342acc618f3,2819,2026,Частно гражданско дело,Районен съд - Шумен,Б.Т.,Юрисконсулт,,
553d8ef2-f5de-42a5-8606-3342acc618f3,2819,2026,Частно гражданско дело,Районен съд - Шумен,Х.М.,Законен представител,,
553d8ef2-f5de-42a5-8606-3342acc618f3,2819,2026,Частно гражданско дело,Районен съд - Шумен,П.В.,Законен представител,,
b78f9f82-2764-4e1e-9c2a-6af1f7bde709,1414,2026,Частно гражданско дело,Районен съд - Хасково,Инспекторат на ВСС,Вносител,,
24d1ea9f-d36b-461a-801c-b9f01f6ccfe6,1065,2026,Частно гражданско дело,Районен съд - Тетевен,АПС БЕТА България ЕООД,Заявител,,
24d1ea9f-d36b-461a-801c-b9f01f6ccfe6,1065,2026,Частно гражданско дело,Районен съд - Тетевен,Р.И.Р.,Длъжник,,
24d1ea9f-d36b-461a-801c-b9f01f6ccfe6,1065,2026,Частно гражданско дело,Районен съд - Тетевен,М.А.А.,Друго,,
24d1ea9f-d36b-461a-801c-b9f01f6ccfe6,1065,2026,Частно гражданско дело,Районен съд - Тетевен,Б.Д.Т.,Юрисконсулт,,
24d1ea9f-d36b-461a-801c-b9f01f6ccfe6,1065,2026,Частно гражданско дело,Районен съд - Тетевен,Х.М.М.,Законен представител,,
24d1ea9f-d36b-461a-801c-b9f01f6ccfe6,1065,2026,Частно гражданско дело,Районен съд - Тетевен,П.В.,Законен представител,,
0d7f0278-3490-4ac7-b247-8049c4d9b7b4,1559,2026,Частно гражданско дело,Районен съд - Габрово,ТИ БИ АЙ Банк ЕАД,Заявител,,
0d7f0278-3490-4ac7-b247-8049c4d9b7b4,1559,2026,Частно гражданско дело,Районен съд - Габрово,М.Б.Р.,Длъжник,,
0d7f0278-3490-4ac7-b247-8049c4d9b7b4,1559,2026,Частно гражданско дело,Районен съд - Габрово,Д.В.И.,Юрисконсулт,,
087fda51-f53a-4a89-a2a4-619b08f903d6,3647,2026,Частно гражданско дело,Районен съд - Варна,Инспекторат на ВСС,Заявител,,
78ea2f1a-192e-4a95-ab99-ce31ca90aa9c,840,2026,Частно гражданско дело,Районен съд - Крумовград,ТИ БИ АЙ Банк ЕАД,Заявител,,
78ea2f1a-192e-4a95-ab99-ce31ca90aa9c,840,2026,Частно гражданско дело,Районен съд - Крумовград,И.С.И.,Длъжник,,
78ea2f1a-192e-4a95-ab99-ce31ca90aa9c,840,2026,Частно гражданско дело,Районен съд - Крумовград,М.Г.Н.,Юрисконсулт,,
8b1c07e8-da26-42ca-ba33-212c8d2df659,6243,2026,Административно дело,Административен съд - София-град,К.М.В.,Жалбоподател,,
8b1c07e8-da26-42ca-ba33-212c8d2df659,6243,2026,Административно дело,Административен съд - София-град,НАЧАЛНИКА НА ОПП СДВР,Ответник,,
4d83376c-80d3-403c-ac73-281d77b96158,1475,2026,Частно гражданско дело,Районен съд - Нови пазар,АПС БЕТА БЪЛГАРИЯ ЕООД,Заявител,,
4d83376c-80d3-403c-ac73-281d77b96158,1475,2026,Частно гражданско дело,Районен съд - Нови пазар,А.П.Ц.,Длъжник,,
4d83376c-80d3-403c-ac73-281d77b96158,1475,2026,Частно гражданско дело,Районен съд - Нови пазар,М.А.А.,Друго,,
4d83376c-80d3-403c-ac73-281d77b96158,1475,2026,Частно гражданско дело,Районен съд - Нови пазар,Б.Т.,Юрисконсулт,,
4d83376c-80d3-403c-ac73-281d77b96158,1475,2026,Частно гражданско дело,Районен съд - Нови пазар,П.В.,Законен представител,,
4d83376c-80d3-403c-ac73-281d77b96158,1475,2026,Частно гражданско дело,Районен съд - Нови пазар,Х.М.,Законен представител,,
1f7924b4-d6ef-4a34-801f-cea89abd6102,6242,2026,Административно дело,Административен съд - София-град,В.Д.Ш.,Жалбоподател,Кирил Венциславов Димчев,
1f7924b4-d6ef-4a34-801f-cea89abd6102,6242,2026,Административно дело,Административен съд - София-град,ЛЕНДИВО ООД,Ответник,,
1f7924b4-d6ef-4a34-801f-cea89abd6102,6242,2026,Административно дело,Административен съд - София-град,К.Д.,Адвокат,,
6b58cc9d-dbec-4c84-8241-93b16ab7b4e8,1112,2026,Частно гражданско дело,Районен съд - Смолян,АПС БЕТА БЪЛГАРИЯ ЕООД,Заявител,,
6b58cc9d-dbec-4c84-8241-93b16ab7b4e8,1112,2026,Частно гражданско дело,Районен съд - Смолян,М.Н.Т.,Длъжник,,
6b58cc9d-dbec-4c84-8241-93b16ab7b4e8,1112,2026,Частно гражданско дело,Районен съд - Смолян,М.А.А.,Друго,,
6b58cc9d-dbec-4c84-8241-93b16ab7b4e8,1112,2026,Частно гражданско дело,Районен съд - Смолян,Б.Д.Т.,Юрисконсулт,,
6b58cc9d-dbec-4c84-8241-93b16ab7b4e8,1112,2026,Частно гражданско дело,Районен съд - Смолян,П.В.,Законен представител,,
6b58cc9d-dbec-4c84-8241-93b16ab7b4e8,1112,2026,Частно гражданско дело,Районен съд - Смолян,Х.М.,Законен представител,,
1a8b958e-e5f1-49cb-a35e-e8e5a1b0d0ec,269,2026,Въззивно гражданско дело,Окръжен съд - Ловеч,ДЗИ - ОБЩО ЗАСТРАХОВАНЕ ЕАД,Въззивник,,
1a8b958e-e5f1-49cb-a35e-e8e5a1b0d0ec,269,2026,Въззивно гражданско дело,Окръжен съд - Ловеч,ЕТ ЮПИТЕР - ПЕНКО МИЛЧЕВ,Въззиваема страна,,
1a8b958e-e5f1-49cb-a35e-e8e5a1b0d0ec,269,2026,Въззивно гражданско дело,Окръжен съд - Ловеч,П.Ц.М.,Представител,,
1a8b958e-e5f1-49cb-a35e-e8e5a1b0d0ec,269,2026,Въззивно гражданско дело,Окръжен съд - Ловеч,Д.Д.Н.,Адвокат,,
1a8b958e-e5f1-49cb-a35e-e8e5a1b0d0ec,269,2026,Въззивно гражданско дело,Окръжен съд - Ловеч,П.Н.Н.,Юрисконсулт,,
1a8b958e-e5f1-49cb-a35e-e8e5a1b0d0ec,269,2026,Въззивно гражданско дело,Окръжен съд - Ловеч,Р.С.К.,Юрисконсулт,,
1a8b958e-e5f1-49cb-a35e-e8e5a1b0d0ec,269,2026,Въззивно гражданско дело,Окръжен съд - Ловеч,В.Н.М.,Юрисконсулт,,
1a8b958e-e5f1-49cb-a35e-e8e5a1b0d0ec,269,2026,Въззивно гражданско дело,Окръжен съд - Ловеч,В.Й.,Юрисконсулт,,
1a8b958e-e5f1-49cb-a35e-e8e5a1b0d0ec,269,2026,Въззивно гражданско дело,Окръжен съд - Ловеч,В.П.М.,Вещо лице,,
1a8b958e-e5f1-49cb-a35e-e8e5a1b0d0ec,269,2026,Въззивно гражданско дело,Окръжен съд - Ловеч,В.Т.,Вещо лице,,
1a8b958e-e5f1-49cb-a35e-e8e5a1b0d0ec,269,2026,Въззивно гражданско дело,Окръжен съд - Ловеч,З.Л.К.,Юрисконсулт,,
28313255-e921-43cd-9c07-2a4eaef8286f,1503,2026,Въззивно частно гражданско дело,Апелативен съд - София,РАЙЪНЕЪР ДЕЗИГНЕЙТИД АКТИВИТИ КЪМПАНИ,Жалбоподател,,
28313255-e921-43cd-9c07-2a4eaef8286f,1503,2026,Въззивно частно гражданско дело,Апелативен съд - София,В.А.Н.,Ответник,,
28313255-e921-43cd-9c07-2a4eaef8286f,1503,2026,Въззивно частно гражданско дело,Апелативен съд - София,Е.В.А.,Адвокат,Елислав Венциславов Атанасов,
28313255-e921-43cd-9c07-2a4eaef8286f,1503,2026,Въззивно частно гражданско дело,Апелативен съд - София,АДВОКАТСКО СЪДРУЖИЕ СИ ЕМ ЕС СОФИЯ,Пълномощник,,
28313255-e921-43cd-9c07-2a4eaef8286f,1503,2026,Въззивно частно гражданско дело,Апелативен съд - София,Л.С.М.,Адвокат,,
12426793-95d6-4556-b88c-9249be9e908d,3539,2026,Частно гражданско дело,Районен съд - Русе,ТИ БИ АЙ Банк ЕАД,Заявител,,
12426793-95d6-4556-b88c-9249be9e908d,3539,2026,Частно гражданско дело,Районен съд - Русе,М.Н.Р.,Длъжник,,
12426793-95d6-4556-b88c-9249be9e908d,3539,2026,Частно гражданско дело,Районен съд - Русе,Д.В.И.,Юрисконсулт,,
fe7b988d-aa71-4a4b-9ffb-89df9bf76bd4,692,2026,Частно гражданско дело,Районен съд - Севлиево,ЕЛЕКТРОЕНЕГИЕН СИСТЕМЕН ОПЕРАТОР ЕАД,Заявител,,
fe7b988d-aa71-4a4b-9ffb-89df9bf76bd4,692,2026,Частно гражданско дело,Районен съд - Севлиево,ТХ ЕЛЕКТРИК ООД,Длъжник,,
fe7b988d-aa71-4a4b-9ffb-89df9bf76bd4,692,2026,Частно гражданско дело,Районен съд - Севлиево,А.Д.А.,Юрисконсулт,,
fe7b988d-aa71-4a4b-9ffb-89df9bf76bd4,692,2026,Частно гражданско дело,Районен съд - Севлиево,К.Г.Г.,Друго,,
fe7b988d-aa71-4a4b-9ffb-89df9bf76bd4,692,2026,Частно гражданско дело,Районен съд - Севлиево,А.Г.А.,Друго,,
27d4303c-3ef9-40cc-adfb-773fb31abddf,1413,2026,Частно гражданско дело,Районен съд - Хасково,Инспекторат на ВСС,Вносител,,
bc5d9750-0d2c-4d59-8718-0d42b66a68a6,3646,2026,Частно гражданско дело,Районен съд - Варна,Инспекторат на ВСС,Заявител,,
a5acbb43-a2e1-46ab-9caa-f719a988af6b,2442,2026,Частно гражданско дело,Районен съд - Ботевград,ТИ БИ АЙ Банк ЕАД,Заявител,,
a5acbb43-a2e1-46ab-9caa-f719a988af6b,2442,2026,Частно гражданско дело,Районен съд - Ботевград,И.М.Б.,Длъжник,,
a5acbb43-a2e1-46ab-9caa-f719a988af6b,2442,2026,Частно гражданско дело,Районен съд - Ботевград,М.Г.Н.,Юрисконсулт,,
6f2921e5-ae3f-4fea-9c2a-b6228c5a51b5,343,2026,Частно административно дело,Административен съд - Разград,ОКРЪЖЕН СЛЕДСТВЕН ОТДЕЛ КЪМ ОП РАЗГРАД,Жалбоподател,,
636f9c2b-8e4f-4848-8e43-714583f2ee3c,406,2026,Частно гражданско дело,Районен съд - Сандански,ТИ БИ АЙ Банк ЕАД,Заявител,,
636f9c2b-8e4f-4848-8e43-714583f2ee3c,406,2026,Частно гражданско дело,Районен съд - Сандански,Л.М.А.,Длъжник,,
636f9c2b-8e4f-4848-8e43-714583f2ee3c,406,2026,Частно гражданско дело,Районен съд - Сандански,Д.В.И.,Юрисконсулт,,
b2612c23-9160-4631-a2d6-ec8959950151,1075,2026,Частно гражданско дело,Районен съд - Ямбол,Инспекторат на ВСС,Вносител,,
b2612c23-9160-4631-a2d6-ec8959950151,1075,2026,Частно гражданско дело,Районен съд - Ямбол,К.Г.П.,Страна,,
f8d9f499-233d-43ab-8c0c-845b37fd4b1b,1130,2026,Частно гражданско дело,Районен съд - Бяла,ТИ БИ АЙ Банк ЕАД,Заявител,,
f8d9f499-233d-43ab-8c0c-845b37fd4b1b,1130,2026,Частно гражданско дело,Районен съд - Бяла,И.Р.Р.,Длъжник,,
f8d9f499-233d-43ab-8c0c-845b37fd4b1b,1130,2026,Частно гражданско дело,Районен съд - Бяла,М.Г.Н.,Юрисконсулт,,
e90f9d87-aba7-439e-b1d4-f66997fad8dc,1111,2026,Частно гражданско дело,Районен съд - Смолян,ТИ БИ АЙ Банк ЕАД,Заявител,,
e90f9d87-aba7-439e-b1d4-f66997fad8dc,1111,2026,Частно гражданско дело,Районен съд - Смолян,К.Р.Д.,Длъжник,,
e90f9d87-aba7-439e-b1d4-f66997fad8dc,1111,2026,Частно гражданско дело,Районен съд - Смолян,Д.В.И.,Юрисконсулт,,
fb42bdac-9304-4937-86a9-c0f8ef023b65,3645,2026,Частно гражданско дело,Районен съд - Варна,Инспекторат на ВСС,Заявител,,
66553e93-42c2-49a7-b467-7b6f9d081314,1558,2026,Частно гражданско дело,Районен съд - Габрово,ТИ БИ АЙ Банк ЕАД,Заявител,,
66553e93-42c2-49a7-b467-7b6f9d081314,1558,2026,Частно гражданско дело,Районен съд - Габрово,Й.Г.Ш.,Длъжник,,
66553e93-42c2-49a7-b467-7b6f9d081314,1558,2026,Частно гражданско дело,Районен съд - Габрово,Д.В.И.,Юрисконсулт,,
6ea74e44-12c1-4fa5-a32a-cd312072110a,887,2026,Частно гражданско дело,Районен съд - Самоков,ТИ БИ АЙ Банк ЕАД,Заявител,,
6ea74e44-12c1-4fa5-a32a-cd312072110a,887,2026,Частно гражданско дело,Районен съд - Самоков,И.Р.Р.,Длъжник,,
6ea74e44-12c1-4fa5-a32a-cd312072110a,887,2026,Частно гражданско дело,Районен съд - Самоков,М.Г.Н.,Юрисконсулт,,
d91358a2-addc-4baa-9ed1-84ce63d01962,342,2026,Административно дело,Административен съд - Разград,БЕРКАЙ 2010 ЕООД,Жалбоподател,,
d91358a2-addc-4baa-9ed1-84ce63d01962,342,2026,Административно дело,Административен съд - Разград,"ОРГАНИ ПО ПРИХОДИТЕ, ДИРЕКЦИЯ ""СДО"" ПРИ ТД НА НАП СОФИЯ",Ответник,,
d91358a2-addc-4baa-9ed1-84ce63d01962,342,2026,Административно дело,Административен съд - Разград,И.Н.И.Р.,Адвокат,,
35893ddf-6a60-4702-839b-aa0fabbe1b59,1139,2026,Частно гражданско дело,Районен съд - Елин Пелин,ЕЙ УАН ВИЖЪН ЕООД,Заявител,,
35893ddf-6a60-4702-839b-aa0fabbe1b59,1139,2026,Частно гражданско дело,Районен съд - Елин Пелин,М.Т.М.,Длъжник,,
35893ddf-6a60-4702-839b-aa0fabbe1b59,1139,2026,Частно гражданско дело,Районен съд - Елин Пелин,Р.С.,Юрисконсулт,,
83a8f970-8e3b-4ada-86af-d96414190cc5,886,2026,Частно гражданско дело,Районен съд - Самоков,Топлофикация София ЕАД,Заявител,,
83a8f970-8e3b-4ada-86af-d96414190cc5,886,2026,Частно гражданско дело,Районен съд - Самоков,Д.Л.Д.,Длъжник,,
83a8f970-8e3b-4ada-86af-d96414190cc5,886,2026,Частно гражданско дело,Районен съд - Самоков,М.С.Д.,Длъжник,,
83a8f970-8e3b-4ada-86af-d96414190cc5,886,2026,Частно гражданско дело,Районен съд - Самоков,Г.И.И.,Пълномощник,,
83a8f970-8e3b-4ada-86af-d96414190cc5,886,2026,Частно гражданско дело,Районен съд - Самоков,П.Р.П.,Представляващ,,
83a8f970-8e3b-4ada-86af-d96414190cc5,886,2026,Частно гражданско дело,Районен съд - Самоков,Р.Д.Г.,Представляващ,,
92e67906-22e5-4cfa-b7d8-3012cdd1ad75,4228,2026,Частно гражданско дело,Районен съд - Пловдив,Я.Д.Г.,Молител,,
92e67906-22e5-4cfa-b7d8-3012cdd1ad75,4228,2026,Частно гражданско дело,Районен съд - Пловдив,Т.П.Б.,Настойник,,
c4afc5a6-208c-4788-924e-f0c115c5cdd2,1412,2026,Частно гражданско дело,Районен съд - Хасково,Инспекторат на ВСС,Вносител,,
a49d84e4-52ed-4e6d-84c2-ea87a490ce7e,791,2026,Частно гражданско дело,Районен съд - Пирдоп,А1 България ЕАД,Заявител,,
a49d84e4-52ed-4e6d-84c2-ea87a490ce7e,791,2026,Частно гражданско дело,Районен съд - Пирдоп,В.Г.Р.,Длъжник,,
a49d84e4-52ed-4e6d-84c2-ea87a490ce7e,791,2026,Частно гражданско дело,Районен съд - Пирдоп,М.М.К.,Представител,,
ac41da29-fd4f-4c71-945f-6d9f8659bc45,1557,2026,Частно гражданско дело,Районен съд - Габрово,“ЮРОБАНК БЪЛГАРИЯ” АД,Заявител,,
ac41da29-fd4f-4c71-945f-6d9f8659bc45,1557,2026,Частно гражданско дело,Районен съд - Габрово,П.М.Т.,Длъжник,,
ac41da29-fd4f-4c71-945f-6d9f8659bc45,1557,2026,Частно гражданско дело,Районен съд - Габрово,И.Д.Д.,Пълномощник,Ивелина Димитрова Димитрова,
02f1d533-5de7-4b04-a6f6-70634b39e8f6,1621,2026,Частно гражданско дело,Районен съд - Казанлък,ТИ БИ АЙ Банк ЕАД,Заявител,,
02f1d533-5de7-4b04-a6f6-70634b39e8f6,1621,2026,Частно гражданско дело,Районен съд - Казанлък,И.Г.Б.,Длъжник,,
02f1d533-5de7-4b04-a6f6-70634b39e8f6,1621,2026,Частно гражданско дело,Районен съд - Казанлък,Д.В.И.,Юрисконсулт,,
5a1b6a5c-2ccd-49bf-a687-f06315672eea,3644,2026,Частно гражданско дело,Районен съд - Варна,Инспекторат на ВСС,Заявител,,
ef8bc6fe-c25c-4188-8ddd-51d82ef9fe30,1171,2026,Частно гражданско дело,Районен съд - Козлодуй,ТИ БИ АЙ Банк ЕАД,Заявител,,
ef8bc6fe-c25c-4188-8ddd-51d82ef9fe30,1171,2026,Частно гражданско дело,Районен съд - Козлодуй,З.С.К.,Длъжник,,
ef8bc6fe-c25c-4188-8ddd-51d82ef9fe30,1171,2026,Частно гражданско дело,Районен съд - Козлодуй,М.Г.Н.,Юрисконсулт,,
cda93ea3-3f03-485a-8b78-634565b0a1ec,1138,2026,Частно гражданско дело,Районен съд - Елин Пелин,ЕЙ УАН ВИЖЪН ЕООД,Заявител,,
cda93ea3-3f03-485a-8b78-634565b0a1ec,1138,2026,Частно гражданско дело,Районен съд - Елин Пелин,М.С.П.,Длъжник,,
cda93ea3-3f03-485a-8b78-634565b0a1ec,1138,2026,Частно гражданско дело,Районен съд - Елин Пелин,Р.С.,Юрисконсулт,,
e63876fd-4c14-4692-bf9e-c241275c1479,341,2026,Административно дело,Административен съд - Разград,БЕРКАЙ 2010 ЕООД,Жалбоподател,,
e63876fd-4c14-4692-bf9e-c241275c1479,341,2026,Административно дело,Административен съд - Разград,ГЛАВЕН ИНСПЕКТОР ПО ПРИХОДИТЕ В ТЕРИТОРИАЛНА ДИРЕКЦИЯ НА НАЦИОНАЛНА АГЕНЦИЯ ЗА ПРИХОДИТЕ „СРЕДНИ ДАНЪКОПЛАТЦИ И ОСИГУРИТЕЛИ“,Ответник,,
e63876fd-4c14-4692-bf9e-c241275c1479,341,2026,Административно дело,Административен съд - Разград,И.Н.И.Р.,Адвокат,,
c8e78f9e-d430-4682-a5e6-36aa160d888c,268,2026,Въззивно частно гражданско дело,Окръжен съд - Ловеч,АГЕНЦИЯ ЗА КОНТРОЛ НА ПРОСРОЧЕНИ ЗАДЪЛЖЕНИЯ АД,Въззивник,,
c8e78f9e-d430-4682-a5e6-36aa160d888c,268,2026,Въззивно частно гражданско дело,Окръжен съд - Ловеч,Р.Б.Д.,Въззиваема страна,,
c8e78f9e-d430-4682-a5e6-36aa160d888c,268,2026,Въззивно частно гражданско дело,Окръжен съд - Ловеч,А.Н.Б.,Юрисконсулт,,
c8e78f9e-d430-4682-a5e6-36aa160d888c,268,2026,Въззивно частно гражданско дело,Окръжен съд - Ловеч,И.А.И.,Юрисконсулт,,
ae25b31a-4ecf-4491-874f-d2af26dab270,6241,2026,Административно дело,Административен съд - София-град,Т.Я.М.,Жалбоподател,,
ae25b31a-4ecf-4491-874f-d2af26dab270,6241,2026,Административно дело,Административен съд - София-град,ГДИН,Ответник,,
ae25b31a-4ecf-4491-874f-d2af26dab270,6241,2026,Административно дело,Административен съд - София-град,М.Н.,Адвокат,Марио Ивайлов Найденов,
2c57a799-5e30-48ea-977a-4b9fbac83dec,1133,2026,Частно гражданско дело,Районен съд - Бяла Слатина,Топлофикация София ЕАД,Заявител,,
2c57a799-5e30-48ea-977a-4b9fbac83dec,1133,2026,Частно гражданско дело,Районен съд - Бяла Слатина,А.Г.Р.,Длъжник,,
2c57a799-5e30-48ea-977a-4b9fbac83dec,1133,2026,Частно гражданско дело,Районен съд - Бяла Слатина,И.М.М.,Пълномощник,,
2c57a799-5e30-48ea-977a-4b9fbac83dec,1133,2026,Частно гражданско дело,Районен съд - Бяла Слатина,П.Р.П.,Представляващ,,
2c57a799-5e30-48ea-977a-4b9fbac83dec,1133,2026,Частно гражданско дело,Районен съд - Бяла Слатина,Р.Д.Г.,Представляващ,,
80c63926-8700-4b6a-bddd-0bf9498af774,1170,2026,Частно гражданско дело,Районен съд - Козлодуй,ЕОС МАТРИКС ЕАД,Заявител,,
80c63926-8700-4b6a-bddd-0bf9498af774,1170,2026,Частно гражданско дело,Районен съд - Козлодуй,П.А.П.,Длъжник,,
80c63926-8700-4b6a-bddd-0bf9498af774,1170,2026,Частно гражданско дело,Районен съд - Козлодуй,Ж.Д.Д.,Адвокат,Жельо Денев Денев,
bf030657-5820-4cf8-9ba5-7c8563d939b2,1169,2026,Частно гражданско дело,Районен съд - Козлодуй,СФ МОТОРС ЕООД,Заявител,,
bf030657-5820-4cf8-9ba5-7c8563d939b2,1169,2026,Частно гражданско дело,Районен съд - Козлодуй,Г.Д.Б.,Длъжник,,
bf030657-5820-4cf8-9ba5-7c8563d939b2,1169,2026,Частно гражданско дело,Районен съд - Козлодуй,В.Б.Б.,Адвокат,Владислав Бисеров Божиков,
b812ab9c-61d7-4be8-b840-f983abff7eb0,578,2026,Частно гражданско дело,Районен съд - Пещера,“ЮРОБАНК БЪЛГАРИЯ” АД,Заявител,,
b812ab9c-61d7-4be8-b840-f983abff7eb0,578,2026,Частно гражданско дело,Районен съд - Пещера,В.И.Д.,Длъжник,,
b812ab9c-61d7-4be8-b840-f983abff7eb0,578,2026,Частно гражданско дело,Районен съд - Пещера,И.Д.Д.,Пълномощник,Ивелина Димитрова Димитрова,
b812ab9c-61d7-4be8-b840-f983abff7eb0,578,2026,Частно гражданско дело,Районен съд - Пещера,М.А.А.,Адвокат,МИХАЕЛА АТАНАСОВА АТАНАСОВА,
4e0abe6c-179f-4494-a720-2526628f7b79,340,2026,Административно дело,Административен съд - Разград,БЕРКАЙ 2010 ЕООД,Жалбоподател,,
4e0abe6c-179f-4494-a720-2526628f7b79,340,2026,Административно дело,Административен съд - Разград,"ОРГАНИ ПО ПРИХОДИТЕ, ДИРЕКЦИЯ ""СДО"" ПРИ ТД НА НАП СОФИЯ",Ответник,,
4e0abe6c-179f-4494-a720-2526628f7b79,340,2026,Административно дело,Административен съд - Разград,И.Н.И.Р.,Адвокат,,
2b971969-3c79-4a02-8941-a2aab53a981d,790,2026,Частно гражданско дело,Районен съд - Пирдоп,А1 България ЕАД,Заявител,,
2b971969-3c79-4a02-8941-a2aab53a981d,790,2026,Частно гражданско дело,Районен съд - Пирдоп,С.В.Б.,Длъжник,,
2b971969-3c79-4a02-8941-a2aab53a981d,790,2026,Частно гражданско дело,Районен съд - Пирдоп,М.М.К.,Представител,,
7240b344-18f0-459d-a023-645e15a2f78b,3643,2026,Частно гражданско дело,Районен съд - Варна,Инспекторат на ВСС,Заявител,,
0bf337d2-915b-413c-a34d-03dbcd0e854b,1137,2026,Частно гражданско дело,Районен съд - Елин Пелин,ЕЙ УАН ВИЖЪН ЕООД,Заявител,,
0bf337d2-915b-413c-a34d-03dbcd0e854b,1137,2026,Частно гражданско дело,Районен съд - Елин Пелин,М.Н.Р.,Длъжник,,
0bf337d2-915b-413c-a34d-03dbcd0e854b,1137,2026,Частно гражданско дело,Районен съд - Елин Пелин,Р.С.,Юрисконсулт,,
feac3ba2-5e38-4601-8a46-1940e0d3417c,373,2026,Гражданско дело,Районен съд - Червен бряг,П.П.Д.,Ищец,,
feac3ba2-5e38-4601-8a46-1940e0d3417c,373,2026,Гражданско дело,Районен съд - Червен бряг,ЕОС МАТРИКС ЕООД,Ответник,,
feac3ba2-5e38-4601-8a46-1940e0d3417c,373,2026,Гражданско дело,Районен съд - Червен бряг,НАЦИОНАЛНА АГЕНЦИЯ ЗА ПРИХОДИТЕ Държавна агенция,Ответник,,
feac3ba2-5e38-4601-8a46-1940e0d3417c,373,2026,Гражданско дело,Районен съд - Червен бряг,Ц.К.Ц.,Адвокат,Цветелин Красимиров Цветанов,
9027bc4e-84cb-4ceb-a992-7ef6a038fef6,453,2026,Частно гражданско дело,Районен съд - Елена,ТИ БИ АЙ Банк ЕАД,Заявител,,
9027bc4e-84cb-4ceb-a992-7ef6a038fef6,453,2026,Частно гражданско дело,Районен съд - Елена,И.Ф.В.,Длъжник,,
9027bc4e-84cb-4ceb-a992-7ef6a038fef6,453,2026,Частно гражданско дело,Районен съд - Елена,Д.В.И.,Юрисконсулт,,
b420918d-b217-4cb1-a93e-7dcf7cf909f9,3538,2026,Частно гражданско дело,Районен съд - Русе,Топлофикация София ЕАД,Заявител,,
b420918d-b217-4cb1-a93e-7dcf7cf909f9,3538,2026,Частно гражданско дело,Районен съд - Русе,В.Г.К.,Длъжник,,
b420918d-b217-4cb1-a93e-7dcf7cf909f9,3538,2026,Частно гражданско дело,Районен съд - Русе,Н.Н.С.,Представител,,
b420918d-b217-4cb1-a93e-7dcf7cf909f9,3538,2026,Частно гражданско дело,Районен съд - Русе,П.Р.П.,Представляващ,,
b420918d-b217-4cb1-a93e-7dcf7cf909f9,3538,2026,Частно гражданско дело,Районен съд - Русе,Р.Д.Г.,Представляващ,,
75d2415b-f852-4318-a9ad-a0941d0d4185,1091,2026,Частно гражданско дело,Районен съд - Разград,Топлофикация София ЕАД,Заявител,,
75d2415b-f852-4318-a9ad-a0941d0d4185,1091,2026,Частно гражданско дело,Районен съд - Разград,Р.Д.Д.Д.,Длъжник,,
75d2415b-f852-4318-a9ad-a0941d0d4185,1091,2026,Частно гражданско дело,Районен съд - Разград,И.М.М.,Пълномощник,,
75d2415b-f852-4318-a9ad-a0941d0d4185,1091,2026,Частно гражданско дело,Районен съд - Разград,П.Р.П.,Представляващ,,
75d2415b-f852-4318-a9ad-a0941d0d4185,1091,2026,Частно гражданско дело,Районен съд - Разград,Р.Д.Г.,Представляващ,,
75d2415b-f852-4318-a9ad-a0941d0d4185,1091,2026,Частно гражданско дело,Районен съд - Разград,Н.К.,Адвокат,,
dbf5804e-36c4-470d-b7f3-935689d5dc27,3642,2026,Частно гражданско дело,Районен съд - Варна,Инспекторат на ВСС,Заявител,,
62667c5e-c14e-4308-bafb-ff4babdaa356,493,2026,Частно гражданско дело,Районен съд - Луковит,“ЮРОБАНК БЪЛГАРИЯ” АД,Заявител,МИХАЕЛА АТАНАСОВА АТАНАСОВА,
62667c5e-c14e-4308-bafb-ff4babdaa356,493,2026,Частно гражданско дело,Районен съд - Луковит,Б.И.Й.,Длъжник,,
62667c5e-c14e-4308-bafb-ff4babdaa356,493,2026,Частно гражданско дело,Районен съд - Луковит,И.Д.Д.,Пълномощник,Ивелина Димитрова Димитрова,
2edccf6f-9ab6-4ae4-ad94-b2e7d7f67a3f,6240,2026,Административно дело,Административен съд - София-град,ДАЯ ФРУТ ЕООД УПРАВИТЕЛ - ТАТЯН КОЛЕВ МИНКОВ,Жалбоподател,,
2edccf6f-9ab6-4ae4-ad94-b2e7d7f67a3f,6240,2026,Административно дело,Административен съд - София-град,ДИРЕКТОРА НА ДИРЕКЦИЯ ОБЖАЛВАНЕ И ДАНЪЧНО ОСИГУРИТЕЛНА ПРАКТИКА (ОДОП) –СОФИЯ ПРИ ЦУ НА НАП,Ответник,,
870ec315-8964-474a-9b23-aa31cc0d4657,339,2026,Административно дело,Административен съд - Разград,БЕРКАЙ 2010 ЕООД,Жалбоподател,,
870ec315-8964-474a-9b23-aa31cc0d4657,339,2026,Административно дело,Административен съд - Разград,ГЛАВЕН ИНСПЕКТОР ПО ПРИХОДИТЕ В ТЕРИТОРИАЛНА ДИРЕКЦИЯ НА НАЦИОНАЛНА АГЕНЦИЯ ЗА ПРИХОДИТЕ „СРЕДНИ ДАНЪКОПЛАТЦИ И ОСИГУРИТЕЛИ“,Ответник,,
870ec315-8964-474a-9b23-aa31cc0d4657,339,2026,Административно дело,Административен съд - Разград,И.Н.И.Р.,Адвокат,,
bf0686ed-5743-4cfd-8287-0adec2cda9cc,6239,2026,Административно дело,Административен съд - София-град,Ц.Р.М.,Жалбоподател,Людмил Асенов Георгиев,
bf0686ed-5743-4cfd-8287-0adec2cda9cc,6239,2026,Административно дело,Административен съд - София-град,ЛЕНДИВО ООД,Ответник,,
bf0686ed-5743-4cfd-8287-0adec2cda9cc,6239,2026,Административно дело,Административен съд - София-град,"""ЛЕНДИВО"" ООД",Ответник,,
bf0686ed-5743-4cfd-8287-0adec2cda9cc,6239,2026,Административно дело,Административен съд - София-град,Л.А.Г.,Адвокат,,
bf0686ed-5743-4cfd-8287-0adec2cda9cc,6239,2026,Административно дело,Административен съд - София-град,Р.Р.П.,Юрисконсулт,,
7ad01360-0f6e-48e2-ad35-7227a44e0a77,5536,2026,Частно гражданско дело,Районен съд - Перник,ТИ БИ АЙ Банк ЕАД,Заявител,,
7ad01360-0f6e-48e2-ad35-7227a44e0a77,5536,2026,Частно гражданско дело,Районен съд - Перник,И.С.Ш.,Длъжник,,
7ad01360-0f6e-48e2-ad35-7227a44e0a77,5536,2026,Частно гражданско дело,Районен съд - Перник,Д.В.И.,Юрисконсулт,,
83cad410-6a43-42dc-9c25-c0e1a76c156e,2364,2026,Частно гражданско дело,Районен съд - Монтана,ЕОС МАТРИКС ЕАД,Заявител,,
83cad410-6a43-42dc-9c25-c0e1a76c156e,2364,2026,Частно гражданско дело,Районен съд - Монтана,Ю.Д.Й.,Длъжник,,
83cad410-6a43-42dc-9c25-c0e1a76c156e,2364,2026,Частно гражданско дело,Районен съд - Монтана,Ж.Д.Д.,Адвокат,Жельо Денев Денев,
71984cd7-44cf-43bd-8bd7-efae7c583ff9,3641,2026,Частно гражданско дело,Районен съд - Варна,Инспекторат на ВСС,Заявител,,
56fe38cb-441a-40a1-95e4-139e16a1a3e1,1762,2026,Частно гражданско дело,Районен съд - Стара Загора,Банка ДСК АД,Заявител,,
56fe38cb-441a-40a1-95e4-139e16a1a3e1,1762,2026,Частно гражданско дело,Районен съд - Стара Загора,В.И.П.,Длъжник,,
56fe38cb-441a-40a1-95e4-139e16a1a3e1,1762,2026,Частно гражданско дело,Районен съд - Стара Загора,П.В.В.,Пълномощник,,
8be80e2b-add0-4647-8530-9734faec3aa5,543,2026,Частно гражданско дело,Окръжен съд - Велико Търново,И.Г.Н.,Молител,,
8be80e2b-add0-4647-8530-9734faec3aa5,543,2026,Частно гражданско дело,Окръжен съд - Велико Търново,ВЕНДОМАТИК ЕООД,Ответник,,
8be80e2b-add0-4647-8530-9734faec3aa5,543,2026,Частно гражданско дело,Окръжен съд - Велико Търново,А.А.Д.,Адвокат,,
43b06731-f772-4427-8142-8262f5aca56a,1168,2026,Частно гражданско дело,Районен съд - Козлодуй,“ЮРОБАНК БЪЛГАРИЯ” АД,Заявител,МИХАЕЛА АТАНАСОВА АТАНАСОВА,
43b06731-f772-4427-8142-8262f5aca56a,1168,2026,Частно гражданско дело,Районен съд - Козлодуй,Ц.Е.П.,Длъжник,,
43b06731-f772-4427-8142-8262f5aca56a,1168,2026,Частно гражданско дело,Районен съд - Козлодуй,И.Д.Д.,Пълномощник,Ивелина Димитрова Димитрова,
ef97ecc8-099a-416f-b113-46fc8bdb9bbe,1136,2026,Частно гражданско дело,Районен съд - Елин Пелин,ЕЙ УАН ВИЖЪН ЕООД,Заявител,,
ef97ecc8-099a-416f-b113-46fc8bdb9bbe,1136,2026,Частно гражданско дело,Районен съд - Елин Пелин,М.Р.И.,Длъжник,,
ef97ecc8-099a-416f-b113-46fc8bdb9bbe,1136,2026,Частно гражданско дело,Районен съд - Елин Пелин,Р.С.,Юрисконсулт,,
261dc1be-aaf3-447a-ac19-f2920ef048dc,338,2026,Административно дело,Административен съд - Разград,БЕРКАЙ 2010 ЕООД,Жалбоподател,,
261dc1be-aaf3-447a-ac19-f2920ef048dc,338,2026,Административно дело,Административен съд - Разград,ГЛАВЕН ИНСПЕКТОР ПО ПРИХОДИТЕ В ТЕРИТОРИАЛНА ДИРЕКЦИЯ НА НАЦИОНАЛНА АГЕНЦИЯ ЗА ПРИХОДИТЕ „СРЕДНИ ДАНЪКОПЛАТЦИ И ОСИГУРИТЕЛИ“,Ответник,,
261dc1be-aaf3-447a-ac19-f2920ef048dc,338,2026,Административно дело,Административен съд - Разград,И.Н.И.Р.,Адвокат,,
dedddb33-bbee-4a8f-9628-2c6397338b3a,5535,2026,Частно гражданско дело,Районен съд - Перник,ЕОС МАТРИКС ЕАД,Заявител,,
dedddb33-bbee-4a8f-9628-2c6397338b3a,5535,2026,Частно гражданско дело,Районен съд - Перник,П.Ш.Ш.,Длъжник,,
dedddb33-bbee-4a8f-9628-2c6397338b3a,5535,2026,Частно гражданско дело,Районен съд - Перник,Ж.Д.Д.,Адвокат,Жельо Денев Денев,
b35151e4-863b-4777-88be-c86d1c1c0639,2364,2026,Частно гражданско дело,Районен съд - Дупница,Регионална дирекция за социално подпомагане - Пазарджик,Заявител,,
b35151e4-863b-4777-88be-c86d1c1c0639,2364,2026,Частно гражданско дело,Районен съд - Дупница,Дирекция социално подопомагане - Септември,Кредитор,,
b35151e4-863b-4777-88be-c86d1c1c0639,2364,2026,Частно гражданско дело,Районен съд - Дупница,К.С.Р.,Длъжник,,
b35151e4-863b-4777-88be-c86d1c1c0639,2364,2026,Частно гражданско дело,Районен съд - Дупница,Д.Е.Д.,Представител,,
40123242-26f7-480f-8c43-a0f78f7fe0bf,641,2026,Частно гражданско дело,Районен съд - Брезник,Топлофикация София ЕАД,Заявител,,
40123242-26f7-480f-8c43-a0f78f7fe0bf,641,2026,Частно гражданско дело,Районен съд - Брезник,Р.Д.Д.Д.,Длъжник,,
40123242-26f7-480f-8c43-a0f78f7fe0bf,641,2026,Частно гражданско дело,Районен съд - Брезник,И.М.М.,Пълномощник,,
40123242-26f7-480f-8c43-a0f78f7fe0bf,641,2026,Частно гражданско дело,Районен съд - Брезник,П.Р.П.,Представляващ,,
40123242-26f7-480f-8c43-a0f78f7fe0bf,641,2026,Частно гражданско дело,Районен съд - Брезник,Р.Д.Г.,Представляващ,,
42e7a00d-75a8-42c5-b7e2-dcdefdf88de5,3640,2026,Частно гражданско дело,Районен съд - Варна,Инспекторат на ВСС,Заявител,,
abdb93c4-cf82-45b1-9000-5f786cf39dea,755,2026,Частно гражданско дело,Районен съд - Ген. Тошево,ТОПЛОФИКАЦИЯ СОФИЯ ЕАД,Заявител,,
abdb93c4-cf82-45b1-9000-5f786cf39dea,755,2026,Частно гражданско дело,Районен съд - Ген. Тошево,М.Г.П.,Длъжник,,
abdb93c4-cf82-45b1-9000-5f786cf39dea,755,2026,Частно гражданско дело,Районен съд - Ген. Тошево,Н.Н.С.,Представител,,
abdb93c4-cf82-45b1-9000-5f786cf39dea,755,2026,Частно гражданско дело,Районен съд - Ген. Тошево,П.Р.П.,Представляващ,,
abdb93c4-cf82-45b1-9000-5f786cf39dea,755,2026,Частно гражданско дело,Районен съд - Ген. Тошево,Р.Д.Г.,Представляващ,,
95b0d132-2007-4124-bb0c-2279eecb9d98,1474,2026,Частно гражданско дело,Районен съд - Нови пазар,СФ МОТОРС ЕООД,Заявител,,
95b0d132-2007-4124-bb0c-2279eecb9d98,1474,2026,Частно гражданско дело,Районен съд - Нови пазар,Г.М.В.,Длъжник,,
95b0d132-2007-4124-bb0c-2279eecb9d98,1474,2026,Частно гражданско дело,Районен съд - Нови пазар,В.Б.Б.,Адвокат,Владислав Бисеров Божиков,
996c953b-6a11-4ebe-b550-7eae09fc7710,6238,2026,Административно дело,Административен съд - София-град,СПЕЦИАЛИЗИРАНА БОЛНИЦА ЗА АКТИВНО ЛЕЧЕНИЕ ПО АКУШЕРСТВО И ГИНЕКОЛОГИЯ МАЙЧИН ДОМ ЕАД,Жалбоподател,,
996c953b-6a11-4ebe-b550-7eae09fc7710,6238,2026,Административно дело,Административен съд - София-град,УПРАВИТЕЛЯ НА НАЦИОНАЛНАТА ЗДРАВНООСИГУРИТЕЛНА КАСА,Ответник,,
996c953b-6a11-4ebe-b550-7eae09fc7710,6238,2026,Административно дело,Административен съд - София-град,Д.Г.П.,Адвокат,Данислава Георгиева Петрова,
a6aa84a3-64d4-4379-b152-0c02723fac91,1473,2026,Частно гражданско дело,Районен съд - Нови пазар,“ЮРОБАНК БЪЛГАРИЯ” АД,Заявител,,
a6aa84a3-64d4-4379-b152-0c02723fac91,1473,2026,Частно гражданско дело,Районен съд - Нови пазар,Р.И.З.,Длъжник,,
a6aa84a3-64d4-4379-b152-0c02723fac91,1473,2026,Частно гражданско дело,Районен съд - Нови пазар,И.Д.Д.,Пълномощник,Ивелина Димитрова Димитрова,
a6aa84a3-64d4-4379-b152-0c02723fac91,1473,2026,Частно гражданско дело,Районен съд - Нови пазар,М.А.А.,Адвокат,МИХАЕЛА АТАНАСОВА АТАНАСОВА,
37059c36-d126-4d45-b4b5-f76acfeaf28f,1135,2026,Частно гражданско дело,Районен съд - Елин Пелин,ЕЙ УАН ВИЖЪН ЕООД,Заявител,,
37059c36-d126-4d45-b4b5-f76acfeaf28f,1135,2026,Частно гражданско дело,Районен съд - Елин Пелин,М.Т.Н.,Длъжник,,
37059c36-d126-4d45-b4b5-f76acfeaf28f,1135,2026,Частно гражданско дело,Районен съд - Елин Пелин,Р.С.,Юрисконсулт,,
649b00e8-a323-4c7b-9d9a-c7a6b3997d3b,2441,2026,Частно гражданско дело,Районен съд - Ботевград,Топлофикация София ЕАД,Заявител,,
649b00e8-a323-4c7b-9d9a-c7a6b3997d3b,2441,2026,Частно гражданско дело,Районен съд - Ботевград,Н.К.Б.,Длъжник,,
649b00e8-a323-4c7b-9d9a-c7a6b3997d3b,2441,2026,Частно гражданско дело,Районен съд - Ботевград,И.М.М.,Пълномощник,,
649b00e8-a323-4c7b-9d9a-c7a6b3997d3b,2441,2026,Частно гражданско дело,Районен съд - Ботевград,П.Р.П.,Представляващ,,
649b00e8-a323-4c7b-9d9a-c7a6b3997d3b,2441,2026,Частно гражданско дело,Районен съд - Ботевград,Р.Д.Г.,Представляващ,,
21a8daa2-4bed-42e7-b950-a3851e2adee5,1167,2026,Гражданско дело,Районен съд - Козлодуй,Р.Б.П.,Молител,,
21a8daa2-4bed-42e7-b950-a3851e2adee5,1167,2026,Гражданско дело,Районен съд - Козлодуй,М.Г.И.,Ответник,,
21a8daa2-4bed-42e7-b950-a3851e2adee5,1167,2026,Гражданско дело,Районен съд - Козлодуй,Районно управление ”Полиция” - Козлодуй,Страна,,
21a8daa2-4bed-42e7-b950-a3851e2adee5,1167,2026,Гражданско дело,Районен съд - Козлодуй,ТО-Козлодуй към РП-Враца,Страна,,
21a8daa2-4bed-42e7-b950-a3851e2adee5,1167,2026,Гражданско дело,Районен съд - Козлодуй,ДИРЕКЦИЯ СП ГРАД КОЗЛОДУЙ,Страна,,
21a8daa2-4bed-42e7-b950-a3851e2adee5,1167,2026,Гражданско дело,Районен съд - Козлодуй,Л.З.И.,Пострадал,,
21a8daa2-4bed-42e7-b950-a3851e2adee5,1167,2026,Гражданско дело,Районен съд - Козлодуй,З.И.В.,Заинтересована страна,,
8457c108-9c04-4adc-8bbf-ca838873839d,1411,2026,Частно гражданско дело,Районен съд - Хасково,А1 България ЕАД,Заявител,,
8457c108-9c04-4adc-8bbf-ca838873839d,1411,2026,Частно гражданско дело,Районен съд - Хасково,С.Г.С.,Длъжник,,
8457c108-9c04-4adc-8bbf-ca838873839d,1411,2026,Частно гражданско дело,Районен съд - Хасково,М.М.К.,Представител,,
2254740b-8d63-4c6d-a3ed-68cd6e0e84f8,2363,2026,Частно гражданско дело,Районен съд - Монтана,ТОПЛОФИКАЦИЯ СОФИЯ ЕАД,Заявител,,
2254740b-8d63-4c6d-a3ed-68cd6e0e84f8,2363,2026,Частно гражданско дело,Районен съд - Монтана,Г.Н.Д.,Длъжник,,
2254740b-8d63-4c6d-a3ed-68cd6e0e84f8,2363,2026,Частно гражданско дело,Районен съд - Монтана,Н.Н.С.,Представител,,
2254740b-8d63-4c6d-a3ed-68cd6e0e84f8,2363,2026,Частно гражданско дело,Районен съд - Монтана,П.Р.П.,Представляващ,,
2254740b-8d63-4c6d-a3ed-68cd6e0e84f8,2363,2026,Частно гражданско дело,Районен съд - Монтана,Р.Д.Г.,Представляващ,,
e3bdf998-b857-4da7-b8f3-7e59ff873125,337,2026,Административно дело,Административен съд - Разград,БЕРКАЙ 2010 ЕООД,Жалбоподател,,
e3bdf998-b857-4da7-b8f3-7e59ff873125,337,2026,Административно дело,Административен съд - Разград,"ОРГАНИ ПО ПРИХОДИТЕ, ДИРЕКЦИЯ ""СДО"" ПРИ ТД НА НАП СОФИЯ",Ответник,,
e3bdf998-b857-4da7-b8f3-7e59ff873125,337,2026,Административно дело,Административен съд - Разград,И.Н.И.Р.,Адвокат,,
f052b589-2273-4ad9-8b46-23d8b909a6aa,565,2026,Частно гражданско дело,Районен съд - Петрич,И.С.М.,Молител,,
f052b589-2273-4ad9-8b46-23d8b909a6aa,565,2026,Частно гражданско дело,Районен съд - Петрич,Ж.Д.П.,Адвокат,,
53488539-b96a-4797-8bbb-cd8efc17d48e,542,2026,Гражданско дело,Окръжен съд - Велико Търново,И.Г.И.,Молител,,
53488539-b96a-4797-8bbb-cd8efc17d48e,542,2026,Гражданско дело,Окръжен съд - Велико Търново,Окръжна прокуратура - Велико Търново,Обвинител,,
30d1d0f6-4a9d-4706-a5bb-bcb9dd8c8505,4227,2026,Частно гражданско дело,Районен съд - Пловдив,С.К.А.,Молител,,
30d1d0f6-4a9d-4706-a5bb-bcb9dd8c8505,4227,2026,Частно гражданско дело,Районен съд - Пловдив,Т.П.Б.,Настойник,,
4b9677c7-a868-44d8-a59b-b1e32be7708a,1134,2026,Частно гражданско дело,Районен съд - Елин Пелин,ЕЙ УАН ВИЖЪН ЕООД,Заявител,,
4b9677c7-a868-44d8-a59b-b1e32be7708a,1134,2026,Частно гражданско дело,Районен съд - Елин Пелин,К.Ч.Б.,Длъжник,,
4b9677c7-a868-44d8-a59b-b1e32be7708a,1134,2026,Частно гражданско дело,Районен съд - Елин Пелин,Р.С.,Юрисконсулт,,
51ad1672-faea-4120-b2f6-7d3238f97e8b,3639,2026,Частно гражданско дело,Районен съд - Варна,Инспекторат на ВСС,Заявител,,
596af10e-45e1-4751-90b3-73bdc3cfe5e0,2363,2026,Частно гражданско дело,Районен съд - Дупница,Топлофикация София ЕАД,Заявител,,
596af10e-45e1-4751-90b3-73bdc3cfe5e0,2363,2026,Частно гражданско дело,Районен съд - Дупница,КЪМПЪНИ БИЛД КОМЕРС ЕООД,Длъжник,,
596af10e-45e1-4751-90b3-73bdc3cfe5e0,2363,2026,Частно гражданско дело,Районен съд - Дупница,И.М.М.,Пълномощник,,
596af10e-45e1-4751-90b3-73bdc3cfe5e0,2363,2026,Частно гражданско дело,Районен съд - Дупница,П.Р.П.,Представляващ,,
596af10e-45e1-4751-90b3-73bdc3cfe5e0,2363,2026,Частно гражданско дело,Районен съд - Дупница,Р.Д.Г.,Представляващ,,
596af10e-45e1-4751-90b3-73bdc3cfe5e0,2363,2026,Частно гражданско дело,Районен съд - Дупница,Е.З.Б.,Друго,,
35bc740e-187f-4924-a86c-5314b31603b7,5534,2026,Частно гражданско дело,Районен съд - Перник,“ЮРОБАНК БЪЛГАРИЯ” АД,Заявител,,
35bc740e-187f-4924-a86c-5314b31603b7,5534,2026,Частно гражданско дело,Районен съд - Перник,А.Ж.А.,Длъжник,,
35bc740e-187f-4924-a86c-5314b31603b7,5534,2026,Частно гражданско дело,Районен съд - Перник,И.Д.Д.,Пълномощник,Ивелина Димитрова Димитрова,
35bc740e-187f-4924-a86c-5314b31603b7,5534,2026,Частно гражданско дело,Районен съд - Перник,М.А.А.,Адвокат,МИХАЕЛА АТАНАСОВА АТАНАСОВА,
3dcec1e3-8213-4514-87ba-c81b57768b35,1087,2026,Частно гражданско дело,Районен съд - Ловеч,Топлофикация София ЕАД,Заявител,,
3dcec1e3-8213-4514-87ba-c81b57768b35,1087,2026,Частно гражданско дело,Районен съд - Ловеч,КЪМПЪНИ БИЛД КОМЕРС ЕООД,Длъжник,,
3dcec1e3-8213-4514-87ba-c81b57768b35,1087,2026,Частно гражданско дело,Районен съд - Ловеч,И.М.М.,Пълномощник,,
3dcec1e3-8213-4514-87ba-c81b57768b35,1087,2026,Частно гражданско дело,Районен съд - Ловеч,П.Р.П.,Представляващ,,
3dcec1e3-8213-4514-87ba-c81b57768b35,1087,2026,Частно гражданско дело,Районен съд - Ловеч,Р.Д.Г.,Представляващ,,
3dcec1e3-8213-4514-87ba-c81b57768b35,1087,2026,Частно гражданско дело,Районен съд - Ловеч,Е.З.Б.,Друго,,
dbbbd72a-579a-4499-a5d4-f2376533a79b,6237,2026,Административно дело,Административен съд - София-град,КАЙМАЯ КОНСУЛТ ЕООД,Жалбоподател,,
dbbbd72a-579a-4499-a5d4-f2376533a79b,6237,2026,Административно дело,Административен съд - София-град,КАЙМАЯ КОНСУЛТ ЕООД,Жалбоподател,,
dbbbd72a-579a-4499-a5d4-f2376533a79b,6237,2026,Административно дело,Административен съд - София-град,ДОДОП НАП,Ответник,,
dbbbd72a-579a-4499-a5d4-f2376533a79b,6237,2026,Административно дело,Административен съд - София-град,"ДИРЕКТОРА НА ДИРЕКЦИЯ ""ОБЖАЛВАНЕ И ДАНЪЧНО - ОСИГУРИТЕЛНА ПРАКТИКА"" - ПРИ ЦУ НА НАП СОФИЯ",Ответник,,
dbbbd72a-579a-4499-a5d4-f2376533a79b,6237,2026,Административно дело,Административен съд - София-град,А.С.,Представляващ,,
dbbbd72a-579a-4499-a5d4-f2376533a79b,6237,2026,Административно дело,Административен съд - София-град,СГП,Друго,,
dbbbd72a-579a-4499-a5d4-f2376533a79b,6237,2026,Административно дело,Административен съд - София-град,П.Б.,Адвокат,,
dbbbd72a-579a-4499-a5d4-f2376533a79b,6237,2026,Административно дело,Административен съд - София-град,Т.Д.Д.,Юрисконсулт,,
dbbbd72a-579a-4499-a5d4-f2376533a79b,6237,2026,Административно дело,Административен съд - София-град,М.Р.Н.Г.,Вещо лице,,
46d68235-6345-42c6-9267-7c933a703557,336,2026,Административно дело,Административен съд - Разград,БЕРКАЙ 2010 ЕООД,Жалбоподател,,
46d68235-6345-42c6-9267-7c933a703557,336,2026,Административно дело,Административен съд - Разград,"ОРГАНИ ПО ПРИХОДИТЕ, ДИРЕКЦИЯ ""СДО"" ПРИ ТД НА НАП СОФИЯ",Ответник,,
46d68235-6345-42c6-9267-7c933a703557,336,2026,Административно дело,Административен съд - Разград,И.Н.И.Р.,Адвокат,,
bb0377c2-ef34-4f8a-934b-a4e0be24d445,2818,2026,Частно гражданско дело,Районен съд - Шумен,Банка ДСК АД,Заявител,,
bb0377c2-ef34-4f8a-934b-a4e0be24d445,2818,2026,Частно гражданско дело,Районен съд - Шумен,В.И.Д.,Длъжник,,
bb0377c2-ef34-4f8a-934b-a4e0be24d445,2818,2026,Частно гражданско дело,Районен съд - Шумен,В.Л.А.,Представител,,
43f1a3af-9548-4677-a983-a9d90716f9de,1166,2026,Гражданско дело,Районен съд - Козлодуй,Хепи Кредит ООД,Ищец,,
43f1a3af-9548-4677-a983-a9d90716f9de,1166,2026,Гражданско дело,Районен съд - Козлодуй,Г.В.П.,Ответник,Лора Ивайлова Божинова,
43f1a3af-9548-4677-a983-a9d90716f9de,1166,2026,Гражданско дело,Районен съд - Козлодуй,Б.В.С.,Адвокат,Биляна Василева Страхилова,
8947d1fa-8a12-4800-ae36-eba06f4fe8cc,443,2026,Частно наказателно дело,Районен съд - Хасково,Районна прокуратура - Хасково,Вносител,,
8947d1fa-8a12-4800-ae36-eba06f4fe8cc,443,2026,Частно наказателно дело,Районен съд - Хасково,Р.В.С.,Обвинител,,
8947d1fa-8a12-4800-ae36-eba06f4fe8cc,443,2026,Частно наказателно дело,Районен съд - Хасково,Ш.С.Х.,Обвиняем,,
8947d1fa-8a12-4800-ae36-eba06f4fe8cc,443,2026,Частно наказателно дело,Районен съд - Хасково,Т.П.Н.,Защитник,,
401a60a8-9879-4c57-a0a3-f965a06898ed,3638,2026,Частно гражданско дело,Районен съд - Варна,Инспекторат на ВСС,Заявител,,
2aedbfb0-5f87-45d2-9ac0-e893543da55b,2875,2026,Частно наказателно дело,Районен съд - Пловдив,Районна прокуратура - Пловдив,Вносител,,
2aedbfb0-5f87-45d2-9ac0-e893543da55b,2875,2026,Частно наказателно дело,Районен съд - Пловдив,В.А.П.,Обвинител,,
2aedbfb0-5f87-45d2-9ac0-e893543da55b,2875,2026,Частно наказателно дело,Районен съд - Пловдив,Р.И.Д.,Обвиняем,,
2aedbfb0-5f87-45d2-9ac0-e893543da55b,2875,2026,Частно наказателно дело,Районен съд - Пловдив,Г.Я.К.,Адвокат,,
e1a72efc-7a12-4d53-b018-29d5f9fecf5b,1133,2026,Частно гражданско дело,Районен съд - Елин Пелин,ЕЙ УАН ВИЖЪН ЕООД,Заявител,,
e1a72efc-7a12-4d53-b018-29d5f9fecf5b,1133,2026,Частно гражданско дело,Районен съд - Елин Пелин,К.А.Ц.,Длъжник,,
e1a72efc-7a12-4d53-b018-29d5f9fecf5b,1133,2026,Частно гражданско дело,Районен съд - Елин Пелин,Р.С.,Юрисконсулт,,
5abf8192-d4c9-4bb0-b68c-8ff33e3bfe0d,6236,2026,Административно дело,Административен съд - София-град,Ц.М.К.С.,Жалбоподател,,
5abf8192-d4c9-4bb0-b68c-8ff33e3bfe0d,6236,2026,Административно дело,Административен съд - София-град,"НАЧАЛНИК НА СЛУЖБА ПО ГЕОДЕЗИЯ , КАРТОГРАФИЯ И КАДАСТЪР -СОФИЯ",Ответник,,
5abf8192-d4c9-4bb0-b68c-8ff33e3bfe0d,6236,2026,Административно дело,Административен съд - София-град,СГП,Друго,,
5abf8192-d4c9-4bb0-b68c-8ff33e3bfe0d,6236,2026,Административно дело,Административен съд - София-град,А.Т.З.,Заинтересована страна,,
5abf8192-d4c9-4bb0-b68c-8ff33e3bfe0d,6236,2026,Административно дело,Административен съд - София-град,Б.З.З.,Заинтересована страна,,
6289d1e5-ba09-42e2-b604-12c54513f18c,5533,2026,Частно гражданско дело,Районен съд - Перник,Топлофикация София ЕАД,Заявител,,
6289d1e5-ba09-42e2-b604-12c54513f18c,5533,2026,Частно гражданско дело,Районен съд - Перник,Л.Ч.Б.,Длъжник,,
6289d1e5-ba09-42e2-b604-12c54513f18c,5533,2026,Частно гражданско дело,Районен съд - Перник,Н.Н.Д.,Длъжник,,
6289d1e5-ba09-42e2-b604-12c54513f18c,5533,2026,Частно гражданско дело,Районен съд - Перник,Н.Н.С.,Представител,,
6289d1e5-ba09-42e2-b604-12c54513f18c,5533,2026,Частно гражданско дело,Районен съд - Перник,П.Р.П.,Представляващ,,
6289d1e5-ba09-42e2-b604-12c54513f18c,5533,2026,Частно гражданско дело,Районен съд - Перник,Р.Д.Г.,Представляващ,,
17dd7691-f915-4206-accd-36c5f4c93d26,1502,2026,Въззивно гражданско дело,Апелативен съд - София,А.В.В.,Жалбоподател,,
17dd7691-f915-4206-accd-36c5f4c93d26,1502,2026,Въззивно гражданско дело,Апелативен съд - София,Т.Й.Х.,Ответник,,
17dd7691-f915-4206-accd-36c5f4c93d26,1502,2026,Въззивно гражданско дело,Апелативен съд - София,Л.Ц.Ц.,Адвокат,,
17dd7691-f915-4206-accd-36c5f4c93d26,1502,2026,Въззивно гражданско дело,Апелативен съд - София,А.В.Р.,Адвокат,,
17dd7691-f915-4206-accd-36c5f4c93d26,1502,2026,Въззивно гражданско дело,Апелативен съд - София,М.К.К.,Пълномощник,,
17dd7691-f915-4206-accd-36c5f4c93d26,1502,2026,Въззивно гражданско дело,Апелативен съд - София,М.К.К.,Адвокат,,
3667d5fd-efad-4364-80cb-3ffa0698dd9b,1741,2026,Частно гражданско дело,Районен съд - Велико Търново,Агенция за събиране на вземания ЕАД,Заявител,,
3667d5fd-efad-4364-80cb-3ffa0698dd9b,1741,2026,Частно гражданско дело,Районен съд - Велико Търново,Д.М.К.,Длъжник,,
3667d5fd-efad-4364-80cb-3ffa0698dd9b,1741,2026,Частно гражданско дело,Районен съд - Велико Търново,Л.П.Л.,Длъжник,,
3667d5fd-efad-4364-80cb-3ffa0698dd9b,1741,2026,Частно гражданско дело,Районен съд - Велико Търново,С.И.Д.,Юрисконсулт,,
b239e310-7a78-4efc-a2e4-6d9060b68d65,335,2026,Административно дело,Административен съд - Разград,БЕРКАЙ 2010 ЕООД,Жалбоподател,,
b239e310-7a78-4efc-a2e4-6d9060b68d65,335,2026,Административно дело,Административен съд - Разград,ГЛАВЕН ИНСПЕКТОР ПО ПРИХОДИТЕ В ТЕРИТОРИАЛНА ДИРЕКЦИЯ НА НАЦИОНАЛНА АГЕНЦИЯ ЗА ПРИХОДИТЕ „СРЕДНИ ДАНЪКОПЛАТЦИ И ОСИГУРИТЕЛИ“,Ответник,,
b239e310-7a78-4efc-a2e4-6d9060b68d65,335,2026,Административно дело,Административен съд - Разград,И.Н.И.Р.,Адвокат,,
973904cb-677e-41fb-858e-688bd87bdae2,1129,2026,Частно гражданско дело,Районен съд - Бяла,ЕОС МАТРИКС ЕАД,Заявител,,
973904cb-677e-41fb-858e-688bd87bdae2,1129,2026,Частно гражданско дело,Районен съд - Бяла,П.П.О.,Длъжник,,
973904cb-677e-41fb-858e-688bd87bdae2,1129,2026,Частно гражданско дело,Районен съд - Бяла,Ж.Д.Д.,Адвокат,Жельо Денев Денев,
2d62521b-8b96-4033-ad27-f1a11dd5b77a,3537,2026,Частно гражданско дело,Районен съд - Русе,ТОПЛОФИКАЦИЯ СОФИЯ ЕАД,Заявител,,
2d62521b-8b96-4033-ad27-f1a11dd5b77a,3537,2026,Частно гражданско дело,Районен съд - Русе,КЪМПЪНИ БИЛД КОМЕРС ЕООД,Длъжник,,
2d62521b-8b96-4033-ad27-f1a11dd5b77a,3537,2026,Частно гражданско дело,Районен съд - Русе,И.М.М.,Пълномощник,,
2d62521b-8b96-4033-ad27-f1a11dd5b77a,3537,2026,Частно гражданско дело,Районен съд - Русе,П.Р.П.,Представляващ,,
2d62521b-8b96-4033-ad27-f1a11dd5b77a,3537,2026,Частно гражданско дело,Районен съд - Русе,Р.Д.Г.,Представляващ,,
2d62521b-8b96-4033-ad27-f1a11dd5b77a,3537,2026,Частно гражданско дело,Районен съд - Русе,Е.З.Б.,Друго,,
c87a7470-7f1c-46ae-9648-f934d6dd4d69,847,2026,Въззивно частно наказателно дело,Окръжен съд - Варна,И.М.С.,Жалбоподател,,
bc5cdf10-7bd0-4ae7-a107-59aad7f8a642,3637,2026,Частно гражданско дело,Районен съд - Варна,Инспекторат на ВСС,Заявител,,
0c1c53fe-1347-4df7-82a0-62fc5342eed6,325,2026,Наказателно дело от общ характер,Районен съд - Петрич,ТО-Петрич към РП-Благоевград,Вносител,,
0c1c53fe-1347-4df7-82a0-62fc5342eed6,325,2026,Наказателно дело от общ характер,Районен съд - Петрич,Н.В.З.,Обвинител,,
0c1c53fe-1347-4df7-82a0-62fc5342eed6,325,2026,Наказателно дело от общ характер,Районен съд - Петрич,П.А.К.,Обвинител,,
0c1c53fe-1347-4df7-82a0-62fc5342eed6,325,2026,Наказателно дело от общ характер,Районен съд - Петрич,В.А.Ц.,Подсъдим,,
ee21f1c2-2b16-4af4-9d1d-0c948fde34e6,14454,2026,Частно гражданско дело,Софийски районен съд,Би енд Джи Кредит ООД,Заявител,,
ee21f1c2-2b16-4af4-9d1d-0c948fde34e6,14454,2026,Частно гражданско дело,Софийски районен съд,С.Д.Г.,Длъжник,,
ee21f1c2-2b16-4af4-9d1d-0c948fde34e6,14454,2026,Частно гражданско дело,Софийски районен съд,В.Р.П.,Представител,,
f6d9a521-c3ef-4075-845e-57fa64bd83b8,334,2026,Административно дело,Административен съд - Разград,БЕРКАЙ 2010 ЕООД,Жалбоподател,,
f6d9a521-c3ef-4075-845e-57fa64bd83b8,334,2026,Административно дело,Административен съд - Разград,ГЛАВЕН ИНСПЕКТОР ПО ПРИХОДИТЕ В ТЕРИТОРИАЛНА ДИРЕКЦИЯ НА НАЦИОНАЛНА АГЕНЦИЯ ЗА ПРИХОДИТЕ „СРЕДНИ ДАНЪКОПЛАТЦИ И ОСИГУРИТЕЛИ“,Ответник,,
f6d9a521-c3ef-4075-845e-57fa64bd83b8,334,2026,Административно дело,Административен съд - Разград,И.Н.И.Р.,Адвокат,,
79a75669-3655-4d7d-9dea-3c8a03a5c5ed,492,2026,Частно гражданско дело,Районен съд - Луковит,Топлофикация София ЕАД,Заявител,,
79a75669-3655-4d7d-9dea-3c8a03a5c5ed,492,2026,Частно гражданско дело,Районен съд - Луковит,ГЕОРГИЕВ ИМОТИ ЕООД,Длъжник,,
79a75669-3655-4d7d-9dea-3c8a03a5c5ed,492,2026,Частно гражданско дело,Районен съд - Луковит,И.М.М.,Пълномощник,,
79a75669-3655-4d7d-9dea-3c8a03a5c5ed,492,2026,Частно гражданско дело,Районен съд - Луковит,П.Р.П.,Представляващ,,
79a75669-3655-4d7d-9dea-3c8a03a5c5ed,492,2026,Частно гражданско дело,Районен съд - Луковит,Р.Д.Г.,Представляващ,,
79a75669-3655-4d7d-9dea-3c8a03a5c5ed,492,2026,Частно гражданско дело,Районен съд - Луковит,А.С.Г.,Друго,,
0ec3e755-54a3-4e11-9f70-7675534e976d,1132,2026,Частно гражданско дело,Районен съд - Елин Пелин,ЕЙ УАН ВИЖЪН ЕООД,Заявител,,
0ec3e755-54a3-4e11-9f70-7675534e976d,1132,2026,Частно гражданско дело,Районен съд - Елин Пелин,К.Р.Р.,Длъжник,,
0ec3e755-54a3-4e11-9f70-7675534e976d,1132,2026,Частно гражданско дело,Районен съд - Елин Пелин,Р.С.,Юрисконсулт,,
b163b7fe-eaed-406a-a1ff-704851db2422,1501,2026,Въззивно частно гражданско дело,Апелативен съд - София,Г.В.К.,Жалбоподател,,
b163b7fe-eaed-406a-a1ff-704851db2422,1501,2026,Въззивно частно гражданско дело,Апелативен съд - София,Софийски градски съд,Ответник,,
b163b7fe-eaed-406a-a1ff-704851db2422,1501,2026,Въззивно частно гражданско дело,Апелативен съд - София,Окръжна прокуратура - София,Друго,,
94e5a140-bc0a-4fe0-8760-36675abfc2ed,207,2026,Търговско дело,Окръжен съд - Стара Загора,З.М.С.,Ищец,,
94e5a140-bc0a-4fe0-8760-36675abfc2ed,207,2026,Търговско дело,Окръжен съд - Стара Загора,"ЗАСТРАХОВАТЕЛНО АКЦИОНЕРНО ДРУЖЕСТВО ""ОЗК - ЗАСТРАХОВАНЕ "" АД",Ответник,,
94e5a140-bc0a-4fe0-8760-36675abfc2ed,207,2026,Търговско дело,Окръжен съд - Стара Загора,И.Г.Й.,Адвокат,,
94e5a140-bc0a-4fe0-8760-36675abfc2ed,207,2026,Търговско дело,Окръжен съд - Стара Загора,Т.И.Т.,Адвокат,,
94e5a140-bc0a-4fe0-8760-36675abfc2ed,207,2026,Търговско дело,Окръжен съд - Стара Загора,И.А.И.,Адвокат,Ивац Анев Илиев,
6851f3a4-b4e0-4649-af4e-b51cf919298d,2817,2026,Частно гражданско дело,Районен съд - Шумен,Топлофикация София ЕАД,Заявител,,
6851f3a4-b4e0-4649-af4e-b51cf919298d,2817,2026,Частно гражданско дело,Районен съд - Шумен,СИХЛАБ-ВМ ЕООД,Длъжник,,
6851f3a4-b4e0-4649-af4e-b51cf919298d,2817,2026,Частно гражданско дело,Районен съд - Шумен,И.М.М.,Пълномощник,,
6851f3a4-b4e0-4649-af4e-b51cf919298d,2817,2026,Частно гражданско дело,Районен съд - Шумен,П.Р.П.,Представляващ,,
6851f3a4-b4e0-4649-af4e-b51cf919298d,2817,2026,Частно гражданско дело,Районен съд - Шумен,Р.Д.Г.,Представляващ,,
6851f3a4-b4e0-4649-af4e-b51cf919298d,2817,2026,Частно гражданско дело,Районен съд - Шумен,И.Х.М.,Друго,,
ce86bb3f-74f3-46ed-9b5c-d654f841e0d3,1131,2026,Частно гражданско дело,Районен съд - Елин Пелин,ЕЙ УАН ВИЖЪН ЕООД,Заявител,,
ce86bb3f-74f3-46ed-9b5c-d654f841e0d3,1131,2026,Частно гражданско дело,Районен съд - Елин Пелин,Й.М.Р.,Длъжник,,
ce86bb3f-74f3-46ed-9b5c-d654f841e0d3,1131,2026,Частно гражданско дело,Районен съд - Елин Пелин,Р.С.,Юрисконсулт,,
18180748-a7c2-46d2-8f7c-92469fd2943c,6235,2026,Административно дело,Административен съд - София-град,",,ГРАЖДАНСКА ВЪЗДУХОПЛАВАТЕЛНА АДМИНИСТРАЦИЯ''",Жалбоподател,,
18180748-a7c2-46d2-8f7c-92469fd2943c,6235,2026,Административно дело,Административен съд - София-град,НЕЛК,Ответник,,
18180748-a7c2-46d2-8f7c-92469fd2943c,6235,2026,Административно дело,Административен съд - София-град,РДСП,Заинтересована страна,,
18180748-a7c2-46d2-8f7c-92469fd2943c,6235,2026,Административно дело,Административен съд - София-град,АГЕНЦИЯ ЗА ХОРА С УВРЕЖДАНИЯ,Заинтересована страна,,
18180748-a7c2-46d2-8f7c-92469fd2943c,6235,2026,Административно дело,Административен съд - София-град,К.О.Х.,Заинтересована страна,,
18180748-a7c2-46d2-8f7c-92469fd2943c,6235,2026,Административно дело,Административен съд - София-град,"I МБАЛ - II състав, Университетска първа МБАЛ ""Св. Йоан Кръстител"" ЕАД",Заинтересована страна,,
18180748-a7c2-46d2-8f7c-92469fd2943c,6235,2026,Административно дело,Административен съд - София-град,ДКЦ Д-Р ГРИЙНБЕРГ ЕООД,Заинтересована страна,,
18180748-a7c2-46d2-8f7c-92469fd2943c,6235,2026,Административно дело,Административен съд - София-град,ТП НА НОИ - СОФИЯ-ГРАД,Заинтересована страна,,
68db6fe9-cf9b-4b66-9f1d-bbf0bef9a5e0,3636,2026,Частно гражданско дело,Районен съд - Варна,Инспекторат на ВСС,Заявител,,
8f633363-48f8-427f-b0af-fd764dea4d9e,7565,2026,Административно наказателно дело,Софийски районен съд,Д.П.А.,Жалбоподател,,
8f633363-48f8-427f-b0af-fd764dea4d9e,7565,2026,Административно наказателно дело,Софийски районен съд,М.А.М.,Ответник,,
8f633363-48f8-427f-b0af-fd764dea4d9e,7565,2026,Административно наказателно дело,Софийски районен съд,З.Н.Д.,Адвокат,Зарина Николаева Дакова-Стоянова,
9a1e0de5-195e-473f-b570-cb478db5a23c,6234,2026,Административно дело,Административен съд - София-град,Б.И.П.,Молител,,
9a1e0de5-195e-473f-b570-cb478db5a23c,6234,2026,Административно дело,Административен съд - София-град,НАЧАЛНИКА НА ЗАТВОРА - СОФИЯ,Ответник,,
9a1e0de5-195e-473f-b570-cb478db5a23c,6234,2026,Административно дело,Административен съд - София-град,С.И.,Адвокат,,
e76eb69f-1861-4802-8493-f2be7cde5940,1130,2026,Частно гражданско дело,Районен съд - Елин Пелин,ЕЙ УАН ВИЖЪН ЕООД,Заявител,,
e76eb69f-1861-4802-8493-f2be7cde5940,1130,2026,Частно гражданско дело,Районен съд - Елин Пелин,И.М.Т.,Длъжник,,
e76eb69f-1861-4802-8493-f2be7cde5940,1130,2026,Частно гражданско дело,Районен съд - Елин Пелин,Р.С.,Юрисконсулт,,
d761160f-9a44-401f-9b66-004fb80b8949,541,2026,Гражданско дело,Окръжен съд - Велико Търново,М.И.Д.,Ищец,,
d761160f-9a44-401f-9b66-004fb80b8949,541,2026,Гражданско дело,Окръжен съд - Велико Търново,КЕНТАВЪР ЕООД,Ответник,,
d761160f-9a44-401f-9b66-004fb80b8949,541,2026,Гражданско дело,Окръжен съд - Велико Търново,Ц.С.П.,Ответник,,
d761160f-9a44-401f-9b66-004fb80b8949,541,2026,Гражданско дело,Окръжен съд - Велико Търново,В.М.М.,Ответник,,
d761160f-9a44-401f-9b66-004fb80b8949,541,2026,Гражданско дело,Окръжен съд - Велико Търново,АДВОКАТСКА КОЛЕГИЯ - ВЕЛИКО ТЪРНОВО,Страна,,
d761160f-9a44-401f-9b66-004fb80b8949,541,2026,Гражданско дело,Окръжен съд - Велико Търново,А.С.Ч.,Адвокат,,
d761160f-9a44-401f-9b66-004fb80b8949,541,2026,Гражданско дело,Окръжен съд - Велико Търново,М.П.М.,Адвокат,Мадлен Петрова Маринова,
d761160f-9a44-401f-9b66-004fb80b8949,541,2026,Гражданско дело,Окръжен съд - Велико Търново,Ю.М.М.,Адвокат,,
0e624fd2-0c09-40b3-8cb6-6f92627e599d,1472,2026,Частно гражданско дело,Районен съд - Нови пазар,Топлофикация София ЕАД,Заявител,,
0e624fd2-0c09-40b3-8cb6-6f92627e599d,1472,2026,Частно гражданско дело,Районен съд - Нови пазар,СИХЛАБ-ВМ ЕООД,Длъжник,,
0e624fd2-0c09-40b3-8cb6-6f92627e599d,1472,2026,Частно гражданско дело,Районен съд - Нови пазар,И.М.М.,Пълномощник,,
0e624fd2-0c09-40b3-8cb6-6f92627e599d,1472,2026,Частно гражданско дело,Районен съд - Нови пазар,П.Р.П.,Представляващ,,
0e624fd2-0c09-40b3-8cb6-6f92627e599d,1472,2026,Частно гражданско дело,Районен съд - Нови пазар,Р.Д.Г.,Представляващ,,
0e624fd2-0c09-40b3-8cb6-6f92627e599d,1472,2026,Частно гражданско дело,Районен съд - Нови пазар,И.Х.М.,Друго,,
77678262-bd82-40d5-b478-b2aaa362ff87,5532,2026,Частно гражданско дело,Районен съд - Перник,Агенция за събиране на вземания ЕАД,Заявител,,
77678262-bd82-40d5-b478-b2aaa362ff87,5532,2026,Частно гражданско дело,Районен съд - Перник,С.Ж.М.,Длъжник,,
77678262-bd82-40d5-b478-b2aaa362ff87,5532,2026,Частно гражданско дело,Районен съд - Перник,Ж.А.М.,Длъжник,,
77678262-bd82-40d5-b478-b2aaa362ff87,5532,2026,Частно гражданско дело,Районен съд - Перник,С.И.Д.,Юрисконсулт,,
0e4142f3-57a5-46cc-b902-c9739e3ee4af,333,2026,Въззивно частно търговско дело,Апелативен съд - София,М.К.О.С.Х.,Жалбоподател,,
0e4142f3-57a5-46cc-b902-c9739e3ee4af,333,2026,Въззивно частно търговско дело,Апелативен съд - София,БИСА СТРОЙ ЕООД,Ответник,,
0e4142f3-57a5-46cc-b902-c9739e3ee4af,333,2026,Въззивно частно търговско дело,Апелативен съд - София,М.О.К.,Адвокат,,
0e4142f3-57a5-46cc-b902-c9739e3ee4af,333,2026,Въззивно частно търговско дело,Апелативен съд - София,М.О.К.,Адвокат,,
0e4142f3-57a5-46cc-b902-c9739e3ee4af,333,2026,Въззивно частно търговско дело,Апелативен съд - София,И.А.С.,Адвокат,,
c539f10d-fc1d-430d-8fc9-f80081261f0c,1761,2026,Частно гражданско дело,Районен съд - Стара Загора,Топлофикация София ЕАД,Заявител,,
c539f10d-fc1d-430d-8fc9-f80081261f0c,1761,2026,Частно гражданско дело,Районен съд - Стара Загора,ИЗХОД 33 ООД,Длъжник,,
c539f10d-fc1d-430d-8fc9-f80081261f0c,1761,2026,Частно гражданско дело,Районен съд - Стара Загора,И.М.М.,Пълномощник,,
c539f10d-fc1d-430d-8fc9-f80081261f0c,1761,2026,Частно гражданско дело,Районен съд - Стара Загора,П.Р.П.,Представляващ,,
c539f10d-fc1d-430d-8fc9-f80081261f0c,1761,2026,Частно гражданско дело,Районен съд - Стара Загора,Р.Д.Г.,Представляващ,,
c539f10d-fc1d-430d-8fc9-f80081261f0c,1761,2026,Частно гражданско дело,Районен съд - Стара Загора,М.Х.Д.Я.,Друго,,
e3504fe9-258f-4c45-a020-f556fa271bde,1556,2026,Частно гражданско дело,Районен съд - Габрово,Банка ДСК АД,Заявител,,
e3504fe9-258f-4c45-a020-f556fa271bde,1556,2026,Частно гражданско дело,Районен съд - Габрово,Й.И.П.,Длъжник,,
e3504fe9-258f-4c45-a020-f556fa271bde,1556,2026,Частно гражданско дело,Районен съд - Габрово,В.Л.А.,Представител,,
8df52e2d-3f2d-4759-9a88-63ff98c6080b,333,2026,Касационно административно наказателно дело,Административен съд - Разград,Директор на Регионална дирекция по горите - Русе,Жалбоподател,,
8df52e2d-3f2d-4759-9a88-63ff98c6080b,333,2026,Касационно административно наказателно дело,Административен съд - Разград,М.М.Ю.,Ответник,,
8df52e2d-3f2d-4759-9a88-63ff98c6080b,333,2026,Касационно административно наказателно дело,Административен съд - Разград,С.Н.В.,Адвокат,,
33b46517-3044-489c-b640-19332716edbf,3635,2026,Частно гражданско дело,Районен съд - Варна,Инспекторат на ВСС,Заявител,,
9ad5c61b-7176-4de6-b345-da0d9b413427,1129,2026,Частно гражданско дело,Районен съд - Елин Пелин,ЕЙ УАН ВИЖЪН ЕООД,Заявител,,
9ad5c61b-7176-4de6-b345-da0d9b413427,1129,2026,Частно гражданско дело,Районен съд - Елин Пелин,И.Т.Б.,Длъжник,,
9ad5c61b-7176-4de6-b345-da0d9b413427,1129,2026,Частно гражданско дело,Районен съд - Елин Пелин,Р.С.,Юрисконсулт,,
c2fcf8e7-88c5-408c-b6d6-686a627c3271,7564,2026,Наказателно дело от общ характер,Софийски районен съд,Районна прокуратура - София,Вносител,,
c2fcf8e7-88c5-408c-b6d6-686a627c3271,7564,2026,Наказателно дело от общ характер,Софийски районен съд,Т.Н.Б.,Подсъдим,,
c2fcf8e7-88c5-408c-b6d6-686a627c3271,7564,2026,Наказателно дело от общ характер,Софийски районен съд,Ц.П.Б.,Адвокат,,
c2fcf8e7-88c5-408c-b6d6-686a627c3271,7564,2026,Наказателно дело от общ характер,Софийски районен съд,Г.И.Г.,Свидетел,,
c2fcf8e7-88c5-408c-b6d6-686a627c3271,7564,2026,Наказателно дело от общ характер,Софийски районен съд,А.Д.М.,Свидетел,,
c2fcf8e7-88c5-408c-b6d6-686a627c3271,7564,2026,Наказателно дело от общ характер,Софийски районен съд,А.П.К.,Свидетел,,
c2fcf8e7-88c5-408c-b6d6-686a627c3271,7564,2026,Наказателно дело от общ характер,Софийски районен съд,З.Е.С.,Свидетел,,
c2fcf8e7-88c5-408c-b6d6-686a627c3271,7564,2026,Наказателно дело от общ характер,Софийски районен съд,П.Г.,Вещо лице,,
d823f464-4a90-40e8-a4fe-2d6d785f08af,6233,2026,Административно дело,Административен съд - София-град,П.Д.С.,Жалбоподател,,
d823f464-4a90-40e8-a4fe-2d6d785f08af,6233,2026,Административно дело,Административен съд - София-град,Комисия за защита от дискриминация,Ответник,,
d823f464-4a90-40e8-a4fe-2d6d785f08af,6233,2026,Административно дело,Административен съд - София-град,П.Н.,Адвокат,,
4a5496ef-b65e-486c-af01-4a12ee83fd8c,1165,2026,Частно гражданско дело,Районен съд - Козлодуй,Топлофикация София ЕАД,Заявител,,
4a5496ef-b65e-486c-af01-4a12ee83fd8c,1165,2026,Частно гражданско дело,Районен съд - Козлодуй,ХИТРАТА СВРАКА ЕООД,Длъжник,,
4a5496ef-b65e-486c-af01-4a12ee83fd8c,1165,2026,Частно гражданско дело,Районен съд - Козлодуй,И.М.М.,Пълномощник,,
4a5496ef-b65e-486c-af01-4a12ee83fd8c,1165,2026,Частно гражданско дело,Районен съд - Козлодуй,П.Р.П.,Представляващ,,
4a5496ef-b65e-486c-af01-4a12ee83fd8c,1165,2026,Частно гражданско дело,Районен съд - Козлодуй,Р.Д.Г.,Представляващ,,
4a5496ef-b65e-486c-af01-4a12ee83fd8c,1165,2026,Частно гражданско дело,Районен съд - Козлодуй,Й.Г.Й.,Друго,,
acdb1006-c2db-4929-94ec-bd01bbf6a590,1067,2026,Частно гражданско дело,Районен съд - Гоце Делчев,ЕОС МАТРИКС ЕАД,Заявител,,
acdb1006-c2db-4929-94ec-bd01bbf6a590,1067,2026,Частно гражданско дело,Районен съд - Гоце Делчев,К.А.Р.,Длъжник,,
acdb1006-c2db-4929-94ec-bd01bbf6a590,1067,2026,Частно гражданско дело,Районен съд - Гоце Делчев,Р.Ж.М.,Адвокат,Росица Живкова Маврова,
a0686dfe-9bff-41bb-92c3-6f37a43db58b,1164,2026,Гражданско дело,Районен съд - Козлодуй,А.И.К.,Ищец,,
a0686dfe-9bff-41bb-92c3-6f37a43db58b,1164,2026,Гражданско дело,Районен съд - Козлодуй,С.В.Ц.,Ответник,,
312ef5a6-adae-4e31-a351-c399c2b7b3a5,2362,2026,Частно гражданско дело,Районен съд - Дупница,ЕОС МАТРИКС ЕАД,Заявител,,
312ef5a6-adae-4e31-a351-c399c2b7b3a5,2362,2026,Частно гражданско дело,Районен съд - Дупница,Й.К.С.,Длъжник,,
312ef5a6-adae-4e31-a351-c399c2b7b3a5,2362,2026,Частно гражданско дело,Районен съд - Дупница,Р.Ж.М.,Адвокат,Росица Живкова Маврова,
5930f1eb-c6ec-4d98-ae0e-b8056d3aa3c6,960,2026,Частно гражданско дело,Районен съд - Карлово,Инспекторат на ВСС,Вносител,,
a498afd1-8440-4abb-8e9a-7b21da07be07,675,2026,Частно гражданско дело,Районен съд - Айтос,ЕОС МАТРИКС ЕАД,Заявител,,
a498afd1-8440-4abb-8e9a-7b21da07be07,675,2026,Частно гражданско дело,Районен съд - Айтос,Й.Р.К.,Длъжник,,
a498afd1-8440-4abb-8e9a-7b21da07be07,675,2026,Частно гражданско дело,Районен съд - Айтос,Р.Ж.М.,Адвокат,Росица Живкова Маврова,
929cdc4f-2409-4fdb-9c18-bfe174a87463,332,2026,Касационно административно наказателно дело,Административен съд - Разград,Директор на Регионална дирекция по горите - Русе,Жалбоподател,,
929cdc4f-2409-4fdb-9c18-bfe174a87463,332,2026,Касационно административно наказателно дело,Административен съд - Разград,М.М.Ю.,Жалбоподател,Силвия Наскова Великова,
929cdc4f-2409-4fdb-9c18-bfe174a87463,332,2026,Касационно административно наказателно дело,Административен съд - Разград,РАЙОННА ПРОКУРАТУРА - ГР. РАЗГРАД,Контролираща страна,,
929cdc4f-2409-4fdb-9c18-bfe174a87463,332,2026,Касационно административно наказателно дело,Административен съд - Разград,С.Н.В.,Адвокат,,
354e4115-409a-4702-aad6-7309a6e5be6a,1500,2026,Въззивно частно гражданско дело,Апелативен съд - София,В.С.С.,Жалбоподател,,
354e4115-409a-4702-aad6-7309a6e5be6a,1500,2026,Въззивно частно гражданско дело,Апелативен съд - София,ТОПЛОФИКАЦИЯ СОФИЯ ЕАД,Ответник,,
354e4115-409a-4702-aad6-7309a6e5be6a,1500,2026,Въззивно частно гражданско дело,Апелативен съд - София,ПРЕДСЕДАТЕЛЯ НА СОС ПРИНЦИПАЛ НА КАПИТАЛА,Ответник,,
354e4115-409a-4702-aad6-7309a6e5be6a,1500,2026,Въззивно частно гражданско дело,Апелативен съд - София,СИМЕНС ЕЛВЕКО ООД,Ответник,,
9dd1c186-d4ab-4ae7-9d6c-e83402322fa4,3634,2026,Частно гражданско дело,Районен съд - Варна,Инспекторат на ВСС,Заявител,,
e6e1058c-476c-45b0-9818-3e3ab340ddab,640,2026,Частно гражданско дело,Районен съд - Брезник,ЕОС МАТРИКС ЕАД,Заявител,,
e6e1058c-476c-45b0-9818-3e3ab340ddab,640,2026,Частно гражданско дело,Районен съд - Брезник,Й.К.К.,Длъжник,,
e6e1058c-476c-45b0-9818-3e3ab340ddab,640,2026,Частно гражданско дело,Районен съд - Брезник,Р.Ж.М.,Адвокат,Росица Живкова Маврова,
32814fe8-3ef1-42e3-8d71-06dd58c7797e,1874,2026,Частно гражданско дело,Районен съд - Горна Оряховица,Ж.И.Д.,Молител,,
32814fe8-3ef1-42e3-8d71-06dd58c7797e,1874,2026,Частно гражданско дело,Районен съд - Горна Оряховица,С.Ц.Ц.,Страна,,
32814fe8-3ef1-42e3-8d71-06dd58c7797e,1874,2026,Частно гражданско дело,Районен съд - Горна Оряховица,"Дирекция ""Социално подпомагане"" Горна Оряховица-отдел ""Закрила на детето""",Друго,,
7b4d2673-b032-480b-a3ab-2905d1dc037f,1163,2026,Частно гражданско дело,Районен съд - Козлодуй,Д.Д.Д.-1 ООД,Заявител,,
7b4d2673-b032-480b-a3ab-2905d1dc037f,1163,2026,Частно гражданско дело,Районен съд - Козлодуй,ОРГАНИК БРАНД“ ЕООД,Длъжник,,
7b4d2673-b032-480b-a3ab-2905d1dc037f,1163,2026,Частно гражданско дело,Районен съд - Козлодуй,И.Х.,Юрисконсулт,,
3ba924a8-3284-4f5a-9800-b1e3d1a323f5,2101,2026,Частно гражданско дело,Районен съд - Видин,ЕОС МАТРИКС ЕАД,Заявител,,
3ba924a8-3284-4f5a-9800-b1e3d1a323f5,2101,2026,Частно гражданско дело,Районен съд - Видин,И.В.Е.,Длъжник,,
3ba924a8-3284-4f5a-9800-b1e3d1a323f5,2101,2026,Частно гражданско дело,Районен съд - Видин,Р.Ж.М.,Адвокат,Росица Живкова Маврова,
50dcafc1-71e2-4adb-8435-c59a98bcfa63,491,2026,Частно гражданско дело,Районен съд - Луковит,Д.Д.Д.-1 ООД,Заявител,,
50dcafc1-71e2-4adb-8435-c59a98bcfa63,491,2026,Частно гражданско дело,Районен съд - Луковит,СЛАДКИ СЛАДКИ ЕООД,Длъжник,,
50dcafc1-71e2-4adb-8435-c59a98bcfa63,491,2026,Частно гражданско дело,Районен съд - Луковит,И.П.Х.,Юрисконсулт,,
6f447bc5-894d-4d24-b3ca-a8d724335003,2440,2026,Частно гражданско дело,Районен съд - Ботевград,ЕОС МАТРИКС ЕАД,Заявител,,
6f447bc5-894d-4d24-b3ca-a8d724335003,2440,2026,Частно гражданско дело,Районен съд - Ботевград,И.Р.А.,Длъжник,,
6f447bc5-894d-4d24-b3ca-a8d724335003,2440,2026,Частно гражданско дело,Районен съд - Ботевград,Р.Ж.М.,Адвокат,Росица Живкова Маврова,
e59393f6-690c-4073-ae4b-d91c75b8d326,842,2026,Частно гражданско дело,Районен съд - Кубрат,Инспекторат към ВСС,Вносител,,
e59393f6-690c-4073-ae4b-d91c75b8d326,842,2026,Частно гражданско дело,Районен съд - Кубрат,Д.П.П.Е.,Страна,,
e59393f6-690c-4073-ae4b-d91c75b8d326,842,2026,Частно гражданско дело,Районен съд - Кубрат,Е.Г.Е.,Страна,,
ead61fe4-fb93-4b34-9f7d-64c2c54f6c86,35,2026,Частно наказателно дело,Районен съд - Кула,РЕПУБЛИКА СЕВЕРНА МАКЕДОНИЯ,Вносител,,
ead61fe4-fb93-4b34-9f7d-64c2c54f6c86,35,2026,Частно наказателно дело,Районен съд - Кула,Н.И.Ц.,Страна,,
e43e6b96-0960-400a-af4c-d1e91b9da719,4226,2026,Частно гражданско дело,Районен съд - Пловдив,С.Р.А.,Молител,,
e43e6b96-0960-400a-af4c-d1e91b9da719,4226,2026,Частно гражданско дело,Районен съд - Пловдив,Т.П.Б.,Настойник,,
7abc1816-17cb-455a-8433-800772d571e4,540,2026,Гражданско дело,Окръжен съд - Велико Търново,М.И.Д.,Ищец,,
7abc1816-17cb-455a-8433-800772d571e4,540,2026,Гражданско дело,Окръжен съд - Велико Търново,А и М - КОМЕРС ЕООД,Ответник,,
7abc1816-17cb-455a-8433-800772d571e4,540,2026,Гражданско дело,Окръжен съд - Велико Търново,С.И.С.,Ответник,,
7abc1816-17cb-455a-8433-800772d571e4,540,2026,Гражданско дело,Окръжен съд - Велико Търново,Г.А.Д.,Ответник,,
7abc1816-17cb-455a-8433-800772d571e4,540,2026,Гражданско дело,Окръжен съд - Велико Търново,И.В.Ч.,Ответник,,
7abc1816-17cb-455a-8433-800772d571e4,540,2026,Гражданско дело,Окръжен съд - Велико Търново,АДВОКАТСКА КОЛЕГИЯ - ВЕЛИКО ТЪРНОВО,Друго,,
7abc1816-17cb-455a-8433-800772d571e4,540,2026,Гражданско дело,Окръжен съд - Велико Търново,А.С.Ч.,Адвокат,,
a9153084-0272-47f2-b4af-47877db4be1c,3633,2026,Частно гражданско дело,Районен съд - Варна,Инспекторат на ВСС,Заявител,,
1aff0218-3211-4cfa-9ede-ad0a6958e79b,6232,2026,Административно дело,Административен съд - София-град,П.Б.К.,Жалбоподател,,
1aff0218-3211-4cfa-9ede-ad0a6958e79b,6232,2026,Административно дело,Административен съд - София-град,ОБЩИНА КОЧЕРИНОВО,Ответник,,
d066c92f-5a5e-4d4e-b527-7c1fb46c9c3a,1471,2026,Частно гражданско дело,Районен съд - Нови пазар,ЕОС МАТРИКС ЕАД,Заявител,,
d066c92f-5a5e-4d4e-b527-7c1fb46c9c3a,1471,2026,Частно гражданско дело,Районен съд - Нови пазар,И.С.Г.,Длъжник,,
d066c92f-5a5e-4d4e-b527-7c1fb46c9c3a,1471,2026,Частно гражданско дело,Районен съд - Нови пазар,Р.Ж.М.,Адвокат,Росица Живкова Маврова,
570f1abe-0962-45e4-972a-5d63f8578c66,1499,2026,Въззивно частно гражданско дело,Апелативен съд - София,ТСК-АКТИВ ЕООД,Жалбоподател,,
570f1abe-0962-45e4-972a-5d63f8578c66,1499,2026,Въззивно частно гражданско дело,Апелативен съд - София,ТУРИСТИЧЕСКО ДРУЖЕСТВО РИЛСКИ ТУРИСТ Сдружение,Ответник,,
570f1abe-0962-45e4-972a-5d63f8578c66,1499,2026,Въззивно частно гражданско дело,Апелативен съд - София,Е.И.В.,Адвокат,,
570f1abe-0962-45e4-972a-5d63f8578c66,1499,2026,Въззивно частно гражданско дело,Апелативен съд - София,Г.Б.К.,Адвокат,,
570f1abe-0962-45e4-972a-5d63f8578c66,1499,2026,Въззивно частно гражданско дело,Апелативен съд - София,Г.Д.К.,Адвокат,,
570f1abe-0962-45e4-972a-5d63f8578c66,1499,2026,Въззивно частно гражданско дело,Апелативен съд - София,С.Д.С.,Ликвидатор,,
56dbf04a-7c3b-49d3-bd03-eb8db13bdfb7,331,2026,Административно дело,Административен съд - Разград,Е.К.Е.,Жалбоподател,Венелин Карев Челебиев,
56dbf04a-7c3b-49d3-bd03-eb8db13bdfb7,331,2026,Административно дело,Административен съд - Разград,Ръководителя на ТП на НОИ - Разград,Ответник,,
56dbf04a-7c3b-49d3-bd03-eb8db13bdfb7,331,2026,Административно дело,Административен съд - Разград,В.К.Ч.,Адвокат,,
0fe2cf00-4873-418b-987b-9c41997116e5,4399,2026,Частно гражданско дело,Районен съд - Враца,Водоснабдяване и канализация ЕООД,Заявител,,
0fe2cf00-4873-418b-987b-9c41997116e5,4399,2026,Частно гражданско дело,Районен съд - Враца,Т.Ф.К.,Длъжник,,
0fe2cf00-4873-418b-987b-9c41997116e5,4399,2026,Частно гражданско дело,Районен съд - Враца,Н.Г.К.,Адвокат,Никола Георгиев Карадимов,
4d58e41b-721f-4c5e-b606-785f5dc67d6b,223,2026,Частно гражданско дело,Районен съд - Трън,ЕОС МАТРИКС ЕАД,Заявител,,
4d58e41b-721f-4c5e-b606-785f5dc67d6b,223,2026,Частно гражданско дело,Районен съд - Трън,И.А.Б.,Длъжник,,
4d58e41b-721f-4c5e-b606-785f5dc67d6b,223,2026,Частно гражданско дело,Районен съд - Трън,Р.Ж.М.,Адвокат,Росица Живкова Маврова,
e75be4e2-2264-4763-b04a-68c55bb43756,1873,2026,Частно гражданско дело,Районен съд - Горна Оряховица,ЕОС МАТРИКС ЕАД,Заявител,,
e75be4e2-2264-4763-b04a-68c55bb43756,1873,2026,Частно гражданско дело,Районен съд - Горна Оряховица,З.К.И.,Длъжник,,
e75be4e2-2264-4763-b04a-68c55bb43756,1873,2026,Частно гражданско дело,Районен съд - Горна Оряховица,Р.Ж.М.,Адвокат,Росица Живкова Маврова,
6bdc9ced-c08f-4779-b69d-7da57031df21,2362,2026,Частно гражданско дело,Районен съд - Монтана,"ЕТАЖНА СОБСТВЕНОСТ, НАХОДЯЩА СЕ В гр. София, Манастирски ливади, ул. Майстор Миленко Радомирец , № 40",Заявител,,
6bdc9ced-c08f-4779-b69d-7da57031df21,2362,2026,Частно гражданско дело,Районен съд - Монтана,Л.П.Н.,Длъжник,,
6bdc9ced-c08f-4779-b69d-7da57031df21,2362,2026,Частно гражданско дело,Районен съд - Монтана,И.М.Г.,Адвокат,Илиян Митков Громков,
a2135f23-2459-4231-9f29-cfa977f0a198,137,2026,Частно наказателно дело,Районен съд - Червен бряг,Районна прокуратура - Плевен,Вносител,,
a2135f23-2459-4231-9f29-cfa977f0a198,137,2026,Частно наказателно дело,Районен съд - Червен бряг,С.Х.Т.,Обвинител,,
a2135f23-2459-4231-9f29-cfa977f0a198,137,2026,Частно наказателно дело,Районен съд - Червен бряг,М.Г.М.,Осъден,,
a2135f23-2459-4231-9f29-cfa977f0a198,137,2026,Частно наказателно дело,Районен съд - Червен бряг,Ц.И.А.,Адвокат,,
2fa8f093-e2f2-42de-8ed3-a5dace5a1d80,1498,2026,Въззивно частно гражданско дело,Апелативен съд - София,Ю.Б.Г.,Ищец,,
2fa8f093-e2f2-42de-8ed3-a5dace5a1d80,1498,2026,Въззивно частно гражданско дело,Апелативен съд - София,ЛЕНО АД,Ответник,,
2fa8f093-e2f2-42de-8ed3-a5dace5a1d80,1498,2026,Въззивно частно гражданско дело,Апелативен съд - София,К.Ц.Р.,Адвокат,,
2fa8f093-e2f2-42de-8ed3-a5dace5a1d80,1498,2026,Въззивно частно гражданско дело,Апелативен съд - София,И.Н.Я.,Адвокат,Ива Николаева Янева,
e54d4248-0e55-4a92-9a76-c1cbbce92d24,4398,2026,Частно гражданско дело,Районен съд - Враца,"ЕТАЖНА СОБСТВЕНОСТ, НАХОДЯЩА СЕ В гр. София, Редута, ул. Рибарица , № 8",Заявител,,
e54d4248-0e55-4a92-9a76-c1cbbce92d24,4398,2026,Частно гражданско дело,Районен съд - Враца,А.Е.И.,Длъжник,,
e54d4248-0e55-4a92-9a76-c1cbbce92d24,4398,2026,Частно гражданско дело,Районен съд - Враца,И.М.Г.,Адвокат,Илиян Митков Громков,
f162490c-9567-45b7-8843-90d08189e1d2,2199,2026,Частно гражданско дело,Районен съд - Кюстендил,"ЕТАЖНА СОБСТВЕНОСТ, НАХОДЯЩА СЕ В гр. София, Редута, ул. Рибарица , № 8",Заявител,,
f162490c-9567-45b7-8843-90d08189e1d2,2199,2026,Частно гражданско дело,Районен съд - Кюстендил,М.С.С.,Длъжник,,
f162490c-9567-45b7-8843-90d08189e1d2,2199,2026,Частно гражданско дело,Районен съд - Кюстендил,И.М.Г.,Адвокат,Илиян Митков Громков,
aa0541c4-b7f3-41bc-ac54-3262880c3b0f,3632,2026,Частно гражданско дело,Районен съд - Варна,Инспекторат на ВСС,Заявител,,
8c28e5ff-13d9-4638-83c9-920af867692c,1555,2026,Частно гражданско дело,Районен съд - Габрово,"ЕТАЖНА СОБСТВЕНОСТ, НАХОДЯЩА СЕ В гр. София, Редута, ул. Рибарица , № 8",Кредитор,,
8c28e5ff-13d9-4638-83c9-920af867692c,1555,2026,Частно гражданско дело,Районен съд - Габрово,Й.К.М.,Длъжник,,
8c28e5ff-13d9-4638-83c9-920af867692c,1555,2026,Частно гражданско дело,Районен съд - Габрово,И.М.Г.,Адвокат,Илиян Митков Громков,
6704b31f-9dc9-49d9-b3a7-08c3efa387b1,14453,2026,Частно гражданско дело,Софийски районен съд,Е.Ф.Ю.,Заявител,,
6704b31f-9dc9-49d9-b3a7-08c3efa387b1,14453,2026,Частно гражданско дело,Софийски районен съд,Ю.Г.В.,Длъжник,,
6704b31f-9dc9-49d9-b3a7-08c3efa387b1,14453,2026,Частно гражданско дело,Софийски районен съд,Р.М.М.,Пълномощник,Румяна Миткова Маринова,
67ebdd91-703f-4c51-ac2e-dca90585e8dc,1128,2026,Частно гражданско дело,Районен съд - Бяла,"ЕТАЖНА СОБСТВЕНОСТ, НАХОДЯЩА СЕ В гр. София, Център, ул. Трапезица , № 4, вх. А",Заявител,,
67ebdd91-703f-4c51-ac2e-dca90585e8dc,1128,2026,Частно гражданско дело,Районен съд - Бяла,М.Р.В.,Длъжник,,
67ebdd91-703f-4c51-ac2e-dca90585e8dc,1128,2026,Частно гражданско дело,Районен съд - Бяла,И.М.Г.,Адвокат,Илиян Митков Громков,
8ba79773-1c25-42d3-924e-38aed83ac172,5449,2026,Въззивно гражданско дело,Софийски градски съд,"ЗД ""БУЛ ИНС"" АД",Въззивник,,
8ba79773-1c25-42d3-924e-38aed83ac172,5449,2026,Въззивно гражданско дело,Софийски градски съд,ЗАСТРАХОВАТЕЛНО АКЦИОНЕРНО ДРУЖЕСТВО АРМЕЕЦ АД,Въззиваема страна,,
ff3d962f-b8f6-4c82-b173-12f8c51c0d77,1064,2026,Частно гражданско дело,Районен съд - Тетевен,"ЕТАЖНА СОБСТВЕНОСТ, НАХОДЯЩА СЕ В гр. София, Център, ул. Трапезица , № 4, вх. А",Заявител,,
ff3d962f-b8f6-4c82-b173-12f8c51c0d77,1064,2026,Частно гражданско дело,Районен съд - Тетевен,В.Р.,Длъжник,,
ff3d962f-b8f6-4c82-b173-12f8c51c0d77,1064,2026,Частно гражданско дело,Районен съд - Тетевен,И.М.Г.,Адвокат,Илиян Митков Громков,
de9bc405-e178-4b6f-805a-23d2acbc1f05,179,2026,Частно наказателно дело,Районен съд - Мездра,Съд в Сегед Унгария,Вносител,,
de9bc405-e178-4b6f-805a-23d2acbc1f05,179,2026,Частно наказателно дело,Районен съд - Мездра,И.Р.К.,Осъден,,
d4cc3883-ae87-4baa-8d2d-4f38762d2024,1110,2026,Частно гражданско дело,Районен съд - Смолян,"ЕТАЖНА СОБСТВЕНОСТ, НАХОДЯЩА СЕ В гр. София, Център, ул. Трапезица , № 4, вх. А",Заявител,,
d4cc3883-ae87-4baa-8d2d-4f38762d2024,1110,2026,Частно гражданско дело,Районен съд - Смолян,И.А.,Длъжник,,
d4cc3883-ae87-4baa-8d2d-4f38762d2024,1110,2026,Частно гражданско дело,Районен съд - Смолян,И.М.Г.,Адвокат,Илиян Митков Громков,
f61a8f0c-e35a-4a5d-a7fb-1067f61066e7,3631,2026,Частно гражданско дело,Районен съд - Варна,Инспекторат на ВСС,Заявител,,
ad3cc42e-fa25-4a8b-9884-bac907944290,6231,2026,Административно дело,Административен съд - София-град,К.Т.К.,Жалбоподател,,
ad3cc42e-fa25-4a8b-9884-bac907944290,6231,2026,Административно дело,Административен съд - София-град,МИНИСТЪРА НА КУЛТУРАТА,Ответник,,
ad3cc42e-fa25-4a8b-9884-bac907944290,6231,2026,Административно дело,Административен съд - София-град,А.К.,Адвокат,,
975e4ef0-2fe9-4b2e-8cc6-8fa5b1863454,1554,2026,Частно гражданско дело,Районен съд - Габрово,"ЕТАЖНА СОБСТВЕНОСТ, НАХОДЯЩА СЕ В гр. София, Център, ул. Трапезица , № 4, вх. А",Кредитор,,
975e4ef0-2fe9-4b2e-8cc6-8fa5b1863454,1554,2026,Частно гражданско дело,Районен съд - Габрово,Ю.Г.М.,Длъжник,,
975e4ef0-2fe9-4b2e-8cc6-8fa5b1863454,1554,2026,Частно гражданско дело,Районен съд - Габрово,И.М.Г.,Адвокат,Илиян Митков Громков,
638c1b38-3f34-4743-9e63-79591d2693a3,1553,2026,Частно гражданско дело,Районен съд - Габрово,Д.Д.Д.-1 ООД,Заявител,,
638c1b38-3f34-4743-9e63-79591d2693a3,1553,2026,Частно гражданско дело,Районен съд - Габрово,„СТОП ШОП ЕЕ “ ЕООД,Длъжник,,
638c1b38-3f34-4743-9e63-79591d2693a3,1553,2026,Частно гражданско дело,Районен съд - Габрово,И.Х.,Юрисконсулт,,
d5ef278d-d077-4caf-8c75-20f9d3b17caf,1497,2026,Въззивно частно гражданско дело,Апелативен съд - София,Министерство на младежта и спорта,Жалбоподател,,
d5ef278d-d077-4caf-8c75-20f9d3b17caf,1497,2026,Въззивно частно гражданско дело,Апелативен съд - София,Спортен клуб вдигане тежести - Шумен - 2010 Сдружение,Ответник,,
d5ef278d-d077-4caf-8c75-20f9d3b17caf,1497,2026,Въззивно частно гражданско дело,Апелативен съд - София,К.А.Д.,Адвокат,,
d5ef278d-d077-4caf-8c75-20f9d3b17caf,1497,2026,Въззивно частно гражданско дело,Апелативен съд - София,К.Д.,Адвокат,,
85343b01-3a07-4700-bc42-9e2a3081873f,1470,2026,Частно гражданско дело,Районен съд - Нови пазар,"ЕТАЖНА СОБСТВЕНОСТ, НАХОДЯЩА СЕ В гр. София, Център, ул. Цар Самуил , № 32",Заявител,,
85343b01-3a07-4700-bc42-9e2a3081873f,1470,2026,Частно гражданско дело,Районен съд - Нови пазар,Д.Г.,Длъжник,,
85343b01-3a07-4700-bc42-9e2a3081873f,1470,2026,Частно гражданско дело,Районен съд - Нови пазар,И.М.Г.,Адвокат,Илиян Митков Громков,
36170cec-541a-4527-b97d-92a4adef9597,565,2026,Административно дело,Административен съд - Велико Търново,Р.А.Г.,Жалбоподател,,
36170cec-541a-4527-b97d-92a4adef9597,565,2026,Административно дело,Административен съд - Велико Търново,Р.А.Г.,Жалбоподател,,
36170cec-541a-4527-b97d-92a4adef9597,565,2026,Административно дело,Административен съд - Велико Търново,ПРЕДСЕДАТЕЛ НА УС НА АПИ,Ответник,,
36170cec-541a-4527-b97d-92a4adef9597,565,2026,Административно дело,Административен съд - Велико Търново,Председателя на УС на АПИ,Ответник,,
36170cec-541a-4527-b97d-92a4adef9597,565,2026,Административно дело,Административен съд - Велико Търново,М.И.Д.,Юрисконсулт,,
661beb7d-f0d6-474d-b6f9-41fff98d967a,4225,2026,Частно гражданско дело,Районен съд - Пловдив,Н.Д.А.,Молител,,
661beb7d-f0d6-474d-b6f9-41fff98d967a,4225,2026,Частно гражданско дело,Районен съд - Пловдив,Т.П.Б.,Настойник,,
bcd663cf-e140-4e96-b7df-5b8d8b37761d,5448,2026,Въззивно гражданско дело,Софийски градски съд,Е.Д.М.,Въззивник,,
bcd663cf-e140-4e96-b7df-5b8d8b37761d,5448,2026,Въззивно гражданско дело,Софийски градски съд,АДМИНИСТРАТИВЕН СЪД - СОФИЯ-ГРАД,Въззиваема страна,,
bcd663cf-e140-4e96-b7df-5b8d8b37761d,5448,2026,Въззивно гражданско дело,Софийски градски съд,Ивайло Василев Юруков (1200538510 София),Адвокат,,
bcd663cf-e140-4e96-b7df-5b8d8b37761d,5448,2026,Въззивно гражданско дело,Софийски градски съд,ПРОКУРАТУРАТА НА РЕПУБЛИКА БЪЛГАРИЯ,Заинтересована страна,,
1a1ed87d-7be4-42ae-8d1f-607b0fbc5dd8,2570,2026,Частно гражданско дело,Районен съд - Добрич,"ЕТАЖНА СОБСТВЕНОСТ, НАХОДЯЩА СЕ В гр. София, Младост 4, бл. 433, вх. 3",Заявител,,
1a1ed87d-7be4-42ae-8d1f-607b0fbc5dd8,2570,2026,Частно гражданско дело,Районен съд - Добрич,Р.Н.И.,Длъжник,,
1a1ed87d-7be4-42ae-8d1f-607b0fbc5dd8,2570,2026,Частно гражданско дело,Районен съд - Добрич,И.М.Г.,Адвокат,Илиян Митков Громков,
59e12c41-383d-42f6-b38d-3a8c7b4876c1,1552,2026,Частно гражданско дело,Районен съд - Габрово,"ЕТАЖНА СОБСТВЕНОСТ, НАХОДЯЩА СЕ В гр. София, Младост 4, бл. 433, вх. 3",Кредитор,,
59e12c41-383d-42f6-b38d-3a8c7b4876c1,1552,2026,Частно гражданско дело,Районен съд - Габрово,С.Д.Я.,Длъжник,,
59e12c41-383d-42f6-b38d-3a8c7b4876c1,1552,2026,Частно гражданско дело,Районен съд - Габрово,И.М.Г.,Адвокат,Илиян Митков Громков,
298a74d7-85c3-46bb-9e5d-be99325f21a6,1872,2026,Частно гражданско дело,Районен съд - Горна Оряховица,"ЕТАЖНА СОБСТВЕНОСТ, НАХОДЯЩА СЕ В гр. София, Младост 4, бл. 433, вх. 3",Заявител,,
298a74d7-85c3-46bb-9e5d-be99325f21a6,1872,2026,Частно гражданско дело,Районен съд - Горна Оряховица,Н.С.Н.,Длъжник,,
298a74d7-85c3-46bb-9e5d-be99325f21a6,1872,2026,Частно гражданско дело,Районен съд - Горна Оряховица,И.М.Г.,Адвокат,Илиян Митков Громков,
932970b1-fdac-4676-b7fd-3a6a30dc23c8,885,2026,Частно гражданско дело,Районен съд - Самоков,Д.Д.Д.-1 ООД,Заявител,,
932970b1-fdac-4676-b7fd-3a6a30dc23c8,885,2026,Частно гражданско дело,Районен съд - Самоков,„ВИ ДЖИ ФУУДС ЛОДЖИСТИКС КЪМПАНИ“ ЕООД,Длъжник,,
932970b1-fdac-4676-b7fd-3a6a30dc23c8,885,2026,Частно гражданско дело,Районен съд - Самоков,И.Х.,Юрисконсулт,,
0f84044b-44c1-41b6-a142-65062f6288af,3630,2026,Частно гражданско дело,Районен съд - Варна,Инспекторат на ВСС,Заявител,,
6538f68d-fc2d-4506-ba99-448b5d61d781,2177,2026,Частно гражданско дело,Районен съд - Пазарджик,"ЕТАЖНА СОБСТВЕНОСТ, НАХОДЯЩА СЕ В гр. София, Лозенец, ул. Цветна градина , № 24",Заявител,,
6538f68d-fc2d-4506-ba99-448b5d61d781,2177,2026,Частно гражданско дело,Районен съд - Пазарджик,Н.С.Р.,Длъжник,,
6538f68d-fc2d-4506-ba99-448b5d61d781,2177,2026,Частно гражданско дело,Районен съд - Пазарджик,И.М.Г.,Адвокат,Илиян Митков Громков,
95452f1f-edb5-4e26-8848-e4ecc40545fa,539,2026,Въззивно гражданско дело,Окръжен съд - Велико Търново,Х.М.Ц.,Жалбоподател,,
95452f1f-edb5-4e26-8848-e4ecc40545fa,539,2026,Въззивно гражданско дело,Окръжен съд - Велико Търново,СТИК - КРЕДИТ АД,Ответник,,
95452f1f-edb5-4e26-8848-e4ecc40545fa,539,2026,Въззивно гражданско дело,Окръжен съд - Велико Търново,Д.В.М.,Адвокат,Десислав Веселинов Михайлов,
95452f1f-edb5-4e26-8848-e4ecc40545fa,539,2026,Въззивно гражданско дело,Окръжен съд - Велико Търново,Х.М.Г.,Адвокат,Христо Милчев Георгиев,
f3ea6d8e-b331-4f74-89e1-71c7dba0f77b,564,2026,Административно дело,Административен съд - Велико Търново,К.Г.Т.,Жалбоподател,,
f3ea6d8e-b331-4f74-89e1-71c7dba0f77b,564,2026,Административно дело,Административен съд - Велико Търново,ГДБОБ - МВР ГР. СОФИЯ,Ответник,,
c44bdbdc-ce01-4525-9899-a6cf9239f84c,1086,2026,Частно гражданско дело,Районен съд - Ловеч,"ЕТАЖНА СОБСТВЕНОСТ, НАХОДЯЩА СЕ В гр. София, Лозенец, ул. Цветна градина , № 24",Заявител,,
c44bdbdc-ce01-4525-9899-a6cf9239f84c,1086,2026,Частно гражданско дело,Районен съд - Ловеч,А.Ч.Л.,Длъжник,,
c44bdbdc-ce01-4525-9899-a6cf9239f84c,1086,2026,Частно гражданско дело,Районен съд - Ловеч,И.М.Г.,Адвокат,Илиян Митков Громков,
73bb2f1c-c76a-42fd-b5d2-2d7ef356e629,566,2026,Частно гражданско дело,Районен съд - Балчик,Е.Г.,Молител,,
308f9e32-642b-4ab0-9f15-4711a86054f1,2816,2026,Частно гражданско дело,Районен съд - Шумен,"ЕТАЖНА СОБСТВЕНОСТ, НАХОДЯЩА СЕ В гр. София, Лозенец, ул. Цветна градина , № 24",Заявител,,
308f9e32-642b-4ab0-9f15-4711a86054f1,2816,2026,Частно гражданско дело,Районен съд - Шумен,Б.Д.Т.,Длъжник,,
308f9e32-642b-4ab0-9f15-4711a86054f1,2816,2026,Частно гражданско дело,Районен съд - Шумен,И.М.Г.,Адвокат,Илиян Митков Громков,
91ac03cb-cdc7-48f1-acca-80598ef4fa3b,4224,2026,Гражданско дело,Районен съд - Пловдив,Д.Г.С.,Ищец,,
91ac03cb-cdc7-48f1-acca-80598ef4fa3b,4224,2026,Гражданско дело,Районен съд - Пловдив,Кредирект ЕООД,Ответник,,
91ac03cb-cdc7-48f1-acca-80598ef4fa3b,4224,2026,Гражданско дело,Районен съд - Пловдив,Г.Г.М.,Адвокат,Гълъбин Георгиев Мерджанов,
91ac03cb-cdc7-48f1-acca-80598ef4fa3b,4224,2026,Гражданско дело,Районен съд - Пловдив,Х.М.Г.,Адвокат,,
ac36d5f4-2eba-401e-ac35-0ac98ed19014,674,2026,Частно гражданско дело,Районен съд - Айтос,"ЕТАЖНА СОБСТВЕНОСТ, НАХОДЯЩА СЕ В гр. Перник, Рено, ул. Кракра, бл. 67, вх. А",Заявител,,
ac36d5f4-2eba-401e-ac35-0ac98ed19014,674,2026,Частно гражданско дело,Районен съд - Айтос,Б.Й.Н.,Длъжник,,
ac36d5f4-2eba-401e-ac35-0ac98ed19014,674,2026,Частно гражданско дело,Районен съд - Айтос,И.М.Г.,Адвокат,Илиян Митков Громков,
ac36d5f4-2eba-401e-ac35-0ac98ed19014,674,2026,Частно гражданско дело,Районен съд - Айтос,И.М.Г.,Адвокат,,
cc40797d-3730-4d6a-b708-d94581ead734,1469,2026,Частно гражданско дело,Районен съд - Нови пазар,"ЕТАЖНА СОБСТВЕНОСТ, НАХОДЯЩА СЕ В гр. Перник, Рено, ул. Кракра, бл. 67, вх. А",Заявител,,
cc40797d-3730-4d6a-b708-d94581ead734,1469,2026,Частно гражданско дело,Районен съд - Нови пазар,А.П.П.,Длъжник,,
cc40797d-3730-4d6a-b708-d94581ead734,1469,2026,Частно гражданско дело,Районен съд - Нови пазар,И.М.Г.,Адвокат,Илиян Митков Громков,
e4d332b4-7d12-453a-850f-95faf1127990,3536,2026,Частно гражданско дело,Районен съд - Русе,"ЕТАЖНА СОБСТВЕНОСТ, НАХОДЯЩА СЕ В гр. София, Манастирски ливади, ул. Луи Айер, № 56",Заявител,,
e4d332b4-7d12-453a-850f-95faf1127990,3536,2026,Частно гражданско дело,Районен съд - Русе,Б.Д.А.,Длъжник,,
e4d332b4-7d12-453a-850f-95faf1127990,3536,2026,Частно гражданско дело,Районен съд - Русе,И.М.Г.,Адвокат,Илиян Митков Громков,
db9b7732-2109-4995-bf8f-f8f1a08e0470,3629,2026,Частно гражданско дело,Районен съд - Варна,"ТД НА НАП ВАРНА, ОФИС РАЗГРАД (0000001600 )",Заявител,,
628f494e-e769-491e-a14f-1b4562a1f9ab,1496,2026,Въззивно частно гражданско дело,Апелативен съд - София,Ц.Г.Ц.,Жалбоподател,,
628f494e-e769-491e-a14f-1b4562a1f9ab,1496,2026,Въззивно частно гражданско дело,Апелативен съд - София,ИНВЕСТБАНК АД,Ответник,,
71df4a11-c536-4eba-89a1-86ae3e88d3b4,563,2026,Административно дело,Административен съд - Велико Търново,К.Г.Т.,Жалбоподател,,
71df4a11-c536-4eba-89a1-86ae3e88d3b4,563,2026,Административно дело,Административен съд - Велико Търново,ГДБОП при МВР на Република България,Ответник,,
a6ac5bc9-665d-4257-bec8-59ed872c6004,490,2026,Частно гражданско дело,Районен съд - Луковит,"ЕТАЖНА СОБСТВЕНОСТ, НАХОДЯЩА СЕ В гр. София, Манастирски ливади, ул. Луи Айер, № 56",Заявител,,
a6ac5bc9-665d-4257-bec8-59ed872c6004,490,2026,Частно гражданско дело,Районен съд - Луковит,С.Ц.К.,Длъжник,,
a6ac5bc9-665d-4257-bec8-59ed872c6004,490,2026,Частно гражданско дело,Районен съд - Луковит,И.М.Г.,Адвокат,Илиян Митков Громков,
72206534-864c-4164-b312-4dda4b16ae12,4223,2026,Гражданско дело,Районен съд - Пловдив,И.И.Ч.,Ищец,,
72206534-864c-4164-b312-4dda4b16ae12,4223,2026,Гражданско дело,Районен съд - Пловдив,ТИ БИ АЙ Банк ЕАД,Ответник,,
72206534-864c-4164-b312-4dda4b16ae12,4223,2026,Гражданско дело,Районен съд - Пловдив,А.М.Д.,Адвокат,,
d9c1e057-7e04-4b56-9f6c-5ede26b7fa58,1109,2026,Частно гражданско дело,Районен съд - Смолян,"ЕТАЖНА СОБСТВЕНОСТ, НАХОДЯЩА СЕ В гр. София, Сухата река, бл. 54, вх. В",Заявител,,
d9c1e057-7e04-4b56-9f6c-5ede26b7fa58,1109,2026,Частно гражданско дело,Районен съд - Смолян,В.И.П.,Длъжник,,
d9c1e057-7e04-4b56-9f6c-5ede26b7fa58,1109,2026,Частно гражданско дело,Районен съд - Смолян,И.М.Г.,Адвокат,Илиян Митков Громков,
0086850d-0238-4f42-8c6c-1d98a6901709,6230,2026,Административно дело,Административен съд - София-град,Г.В.К.,Жалбоподател,,
0086850d-0238-4f42-8c6c-1d98a6901709,6230,2026,Административно дело,Административен съд - София-град,АССГ,Ответник,,
32877f09-3da8-4d4b-b73b-1528f304ccc9,2198,2026,Частно гражданско дело,Районен съд - Кюстендил,"ЕТАЖНА СОБСТВЕНОСТ, НАХОДЯЩА СЕ В гр. София, Сухата река, бл. 54, вх. В",Заявител,,
32877f09-3da8-4d4b-b73b-1528f304ccc9,2198,2026,Частно гражданско дело,Районен съд - Кюстендил,Б.В.И.,Длъжник,,
32877f09-3da8-4d4b-b73b-1528f304ccc9,2198,2026,Частно гражданско дело,Районен съд - Кюстендил,И.М.Г.,Адвокат,Илиян Митков Громков,
c2382045-10fb-41cb-8c58-6de03f179e9e,839,2026,Частно гражданско дело,Районен съд - Крумовград,ТравелРефънд АпС.,Заявител,,
c2382045-10fb-41cb-8c58-6de03f179e9e,839,2026,Частно гражданско дело,Районен съд - Крумовград,ТП ТУРСКИ АВИОЛИНИИ-ТЮРК ХАВА ЙОЛЛАРЪ,Длъжник,,
c2382045-10fb-41cb-8c58-6de03f179e9e,839,2026,Частно гражданско дело,Районен съд - Крумовград,В.В.И.,Адвокат,Владимир Иванов,
c2382045-10fb-41cb-8c58-6de03f179e9e,839,2026,Частно гражданско дело,Районен съд - Крумовград,С.И.С.,Пълномощник,,
3fd453fc-e998-44ae-92a6-da28008f3010,167,2026,Административно наказателно дело,Районен съд - Поморие,Д.С.П.,Жалбоподател,,
3fd453fc-e998-44ae-92a6-da28008f3010,167,2026,Административно наказателно дело,Районен съд - Поморие,Кмет на Община Поморие,Админ.наказ.орган,,
3fd453fc-e998-44ae-92a6-da28008f3010,167,2026,Административно наказателно дело,Районен съд - Поморие,Е.П.С.,Актосъставител,,
3fd453fc-e998-44ae-92a6-da28008f3010,167,2026,Административно наказателно дело,Районен съд - Поморие,Й.П.К.,Свидетел,,
3fd453fc-e998-44ae-92a6-da28008f3010,167,2026,Административно наказателно дело,Районен съд - Поморие,П.Н.Н.,Свидетел,,
3fd453fc-e998-44ae-92a6-da28008f3010,167,2026,Административно наказателно дело,Районен съд - Поморие,С.Г.С.,Пълномощник,,
3fd453fc-e998-44ae-92a6-da28008f3010,167,2026,Административно наказателно дело,Районен съд - Поморие,Инспекторат на ВСС,Друго,,
3fd453fc-e998-44ae-92a6-da28008f3010,167,2026,Административно наказателно дело,Районен съд - Поморие,Н.Ю.Б.,Друго,,
72c9276f-60a7-44fd-8548-75ac9233359c,1003,2026,Частно гражданско дело,Районен съд - Каварна,"ЕТАЖНА СОБСТВЕНОСТ, НАХОДЯЩА СЕ В гр. София, Сухата река, бл. 54, вх. В",Заявител,,
72c9276f-60a7-44fd-8548-75ac9233359c,1003,2026,Частно гражданско дело,Районен съд - Каварна,С.В.Р.,Длъжник,,
72c9276f-60a7-44fd-8548-75ac9233359c,1003,2026,Частно гражданско дело,Районен съд - Каварна,И.М.Г.,Адвокат,Илиян Митков Громков,
f1bfcd53-e83b-4886-8e88-32642a828d46,1584,2026,Административно дело,Административен съд - Варна,Телец 2002 ООД,Жалбоподател,,
f1bfcd53-e83b-4886-8e88-32642a828d46,1584,2026,Административно дело,Административен съд - Варна,"Полицейски инспектор към ОД на МВР - Варна, сектор ПП",Ответник,,
f1bfcd53-e83b-4886-8e88-32642a828d46,1584,2026,Административно дело,Административен съд - Варна,Ж.М.Д.,Представляващ,,
adc2de0c-da5d-4b60-999c-3a96a611b743,562,2026,Административно дело,Административен съд - Велико Търново,К.Г.Т.,Жалбоподател,,
adc2de0c-da5d-4b60-999c-3a96a611b743,562,2026,Административно дело,Административен съд - Велико Търново,ГДБОП,Ответник,,
effb938a-f73b-48c4-be1d-bf66727e61e5,3535,2026,Частно гражданско дело,Районен съд - Русе,"ЕТАЖНА СОБСТВЕНОСТ, НАХОДЯЩА СЕ В гр. София, Сухата река, бл. 54, вх. В",Заявител,,
effb938a-f73b-48c4-be1d-bf66727e61e5,3535,2026,Частно гражданско дело,Районен съд - Русе,М.П.Х.,Длъжник,,
effb938a-f73b-48c4-be1d-bf66727e61e5,3535,2026,Частно гражданско дело,Районен съд - Русе,И.М.Г.,Адвокат,Илиян Митков Громков,
dc4cfed7-6b0b-4508-9fbc-d0eec6db345e,2815,2026,Частно гражданско дело,Районен съд - Шумен,"ЕТАЖНА СОБСТВЕНОСТ, НАХОДЯЩА СЕ В гр. София, Сухата река, бл. 54, вх. В",Заявител,,
dc4cfed7-6b0b-4508-9fbc-d0eec6db345e,2815,2026,Частно гражданско дело,Районен съд - Шумен,Х.Д.,Длъжник,,
dc4cfed7-6b0b-4508-9fbc-d0eec6db345e,2815,2026,Частно гражданско дело,Районен съд - Шумен,И.М.Г.,Адвокат,Илиян Митков Громков,
aa69483f-ec2c-43b1-90a3-0b4dc90cfe20,2361,2026,Частно гражданско дело,Районен съд - Дупница,"ЕТАЖНА СОБСТВЕНОСТ, НАХОДЯЩА СЕ В гр. Кърджали, ул. Отец Паисий , № 2, комплекс Център",Заявител,,
aa69483f-ec2c-43b1-90a3-0b4dc90cfe20,2361,2026,Частно гражданско дело,Районен съд - Дупница,А.Д.А.,Длъжник,,
aa69483f-ec2c-43b1-90a3-0b4dc90cfe20,2361,2026,Частно гражданско дело,Районен съд - Дупница,И.М.Г.,Адвокат,Илиян Митков Громков,
d7e1c9af-3234-4d00-a12c-b1aac900f907,691,2026,Гражданско дело,Районен съд - Севлиево,Х.Г.Х.,Ищец,,
d7e1c9af-3234-4d00-a12c-b1aac900f907,691,2026,Гражданско дело,Районен съд - Севлиево,Н.П.К.Х.,Ответник,,
d7e1c9af-3234-4d00-a12c-b1aac900f907,691,2026,Гражданско дело,Районен съд - Севлиево,С.Б.В.,Адвокат,,
d7e1c9af-3234-4d00-a12c-b1aac900f907,691,2026,Гражданско дело,Районен съд - Севлиево,Е.П.Ф.,Адвокат,Елена Павлова Фичерова,
d7e1c9af-3234-4d00-a12c-b1aac900f907,691,2026,Гражданско дело,Районен съд - Севлиево,Дирекция социално подпомагане гр.Севлиево,Друго,,
d79cd9f0-be26-4518-91bf-ca1470c34ac7,1495,2026,Въззивно гражданско дело,Апелативен съд - София,Ц.Н.М.,Жалбоподател,,
d79cd9f0-be26-4518-91bf-ca1470c34ac7,1495,2026,Въззивно гражданско дело,Апелативен съд - София,"ЗД ""БУЛ ИНС"" АД",Ответник,,
d79cd9f0-be26-4518-91bf-ca1470c34ac7,1495,2026,Въззивно гражданско дело,Апелативен съд - София,М.И.Г.,Адвокат,,
ffa06c9f-e562-41c2-a362-a151d750c859,746,2026,Частно гражданско дело,Районен съд - Павликени,"ЕТАЖНА СОБСТВЕНОСТ, НАХОДЯЩА СЕ В гр. Кърджали, ул. Отец Паисий , № 2, комплекс Център",Заявител,,
ffa06c9f-e562-41c2-a362-a151d750c859,746,2026,Частно гражданско дело,Районен съд - Павликени,О.И.И.,Длъжник,,
ffa06c9f-e562-41c2-a362-a151d750c859,746,2026,Частно гражданско дело,Районен съд - Павликени,И.М.Г.,Адвокат,Илиян Митков Громков,
61413db3-d90d-42d6-813e-4d01c7371641,332,2026,Въззивно търговско дело,Апелативен съд - София,БУЛЕЛЕКТРИКС ООД,Жалбоподател,,
61413db3-d90d-42d6-813e-4d01c7371641,332,2026,Въззивно търговско дело,Апелативен съд - София,ВИДОНА АД,Ответник,,
61413db3-d90d-42d6-813e-4d01c7371641,332,2026,Въззивно търговско дело,Апелативен съд - София,Г.С.Н.,Адвокат,Галина Стоянова Найденова,
61413db3-d90d-42d6-813e-4d01c7371641,332,2026,Въззивно търговско дело,Апелативен съд - София,Г.Н.Г.,Адвокат,Георги Николаев Георгиев,
61413db3-d90d-42d6-813e-4d01c7371641,332,2026,Въззивно търговско дело,Апелативен съд - София,Б.Л.Б.,Синдик,,
9ea64c50-f46b-4158-b8c5-859480af51cc,884,2026,Частно гражданско дело,Районен съд - Котел,"ЕТАЖНА СОБСТВЕНОСТ, НАХОДЯЩА СЕ В гр. Кърджали, ул. Отец Паисий , № 2, комплекс Център",Заявител,,
9ea64c50-f46b-4158-b8c5-859480af51cc,884,2026,Частно гражданско дело,Районен съд - Котел,Ю.А.Ю.,Длъжник,,
9ea64c50-f46b-4158-b8c5-859480af51cc,884,2026,Частно гражданско дело,Районен съд - Котел,И.М.Г.,Адвокат,Илиян Митков Громков,
e73344da-8315-4b76-bd8f-153803434897,4222,2026,Гражданско дело,Районен съд - Пловдив,СТАБИЛ-ДИ ЕООД,Ищец,,
e73344da-8315-4b76-bd8f-153803434897,4222,2026,Гражданско дело,Районен съд - Пловдив,С и Х КОНСУЛТ ЕООД,Ответник,,
e73344da-8315-4b76-bd8f-153803434897,4222,2026,Гражданско дело,Районен съд - Пловдив,И.Д.С.,Адвокат,,
2862c1ee-e4c4-4ccc-afeb-cf7403982ce8,538,2026,Въззивно гражданско дело,Окръжен съд - Велико Търново,М.А.С.,Жалбоподател,,
2862c1ee-e4c4-4ccc-afeb-cf7403982ce8,538,2026,Въззивно гражданско дело,Окръжен съд - Велико Търново,СИТИ КЕШ ООД,Ответник,,
2862c1ee-e4c4-4ccc-afeb-cf7403982ce8,538,2026,Въззивно гражданско дело,Окръжен съд - Велико Търново,Ж.Д.Д.,Адвокат,Жанета Димитрова Димова-Коева,
2862c1ee-e4c4-4ccc-afeb-cf7403982ce8,538,2026,Въззивно гражданско дело,Окръжен съд - Велико Търново,"Адвокатско дружество Нестори, Угляров, Милчев",Пълномощник,,
2862c1ee-e4c4-4ccc-afeb-cf7403982ce8,538,2026,Въззивно гражданско дело,Окръжен съд - Велико Търново,Х.М.Г.,Адвокат,,
7dc8815d-05f5-4c4f-8968-dfc578181697,4221,2026,Частно гражданско дело,Районен съд - Пловдив,М.А.Б.,Молител,,
7dc8815d-05f5-4c4f-8968-dfc578181697,4221,2026,Частно гражданско дело,Районен съд - Пловдив,Т.П.Б.,Настойник,,
2b6de2bd-1528-476e-aa45-891ed6d29409,757,2026,Частно гражданско дело,Районен съд - Елхово,Инспекторат на ВСС,Вносител,,
f4681206-09e1-4dc9-a080-8f1fc3f93e1e,4397,2026,Частно гражданско дело,Районен съд - Враца,"ЕТАЖНА СОБСТВЕНОСТ, НАХОДЯЩА СЕ В гр. Кърджали, ул. Отец Паисий , № 2, комплекс Център",Заявител,,
f4681206-09e1-4dc9-a080-8f1fc3f93e1e,4397,2026,Частно гражданско дело,Районен съд - Враца,Н.М.С.,Длъжник,,
f4681206-09e1-4dc9-a080-8f1fc3f93e1e,4397,2026,Частно гражданско дело,Районен съд - Враца,И.М.Г.,Адвокат,Илиян Митков Громков,
36b7c552-073c-4291-9103-088df8a9114a,1132,2026,Частно гражданско дело,Районен съд - Бяла Слатина,"ЕТАЖНА СОБСТВЕНОСТ, НАХОДЯЩА СЕ В гр. Кърджали, ул. Отец Паисий , № 2, комплекс Център",Заявител,,
36b7c552-073c-4291-9103-088df8a9114a,1132,2026,Частно гражданско дело,Районен съд - Бяла Слатина,С.С.М.,Длъжник,,
36b7c552-073c-4291-9103-088df8a9114a,1132,2026,Частно гражданско дело,Районен съд - Бяла Слатина,И.М.Г.,Пълномощник,Илиян Митков Громков,
4c3c9c6f-3484-4164-bb31-8a5fad3047ea,166,2026,Административно наказателно дело,Районен съд - Поморие,Д.С.П.,Жалбоподател,,
4c3c9c6f-3484-4164-bb31-8a5fad3047ea,166,2026,Административно наказателно дело,Районен съд - Поморие,"Директор на дирекция ""ПМДТ"" при Община Поморие",Админ.наказ.орган,,
4c3c9c6f-3484-4164-bb31-8a5fad3047ea,166,2026,Административно наказателно дело,Районен съд - Поморие,Й.П.К.,Актосъставител,,
4c3c9c6f-3484-4164-bb31-8a5fad3047ea,166,2026,Административно наказателно дело,Районен съд - Поморие,С.Г.С.,Пълномощник,,
4c3c9c6f-3484-4164-bb31-8a5fad3047ea,166,2026,Административно наказателно дело,Районен съд - Поморие,П.Н.Н.,Свидетел,,
4c3c9c6f-3484-4164-bb31-8a5fad3047ea,166,2026,Административно наказателно дело,Районен съд - Поморие,Инспекторат на ВСС,Друго,,
6d0eca69-97cc-4ed2-8d3a-3214760c315e,639,2026,Частно гражданско дело,Районен съд - Брезник,МЕДИКО ЕООД,Заявител,,
6d0eca69-97cc-4ed2-8d3a-3214760c315e,639,2026,Частно гражданско дело,Районен съд - Брезник,БАЙ ДЕЛТА ЕООД,Длъжник,,
6d0eca69-97cc-4ed2-8d3a-3214760c315e,639,2026,Частно гражданско дело,Районен съд - Брезник,Е.П.П.,Адвокат,Евгения Петрова Попова,
78e527c5-b1f3-42cd-bc44-55d89b20d2bd,3534,2026,Частно гражданско дело,Районен съд - Русе,С.А.Т.,Заявител,,
78e527c5-b1f3-42cd-bc44-55d89b20d2bd,3534,2026,Частно гражданско дело,Районен съд - Русе,В.А.А.,Заявител,,
78e527c5-b1f3-42cd-bc44-55d89b20d2bd,3534,2026,Частно гражданско дело,Районен съд - Русе,М.А.А.,Заявител,,
78e527c5-b1f3-42cd-bc44-55d89b20d2bd,3534,2026,Частно гражданско дело,Районен съд - Русе,"Уиз Еър Унгария Црт., /WIZZ Air Hungary Zrt./ - акционерно дружество, регистрирано в Унгария, вписано в Регистъра на дружествата под номер 01-10-140174, със седалище в гр. Будапеща 1103, Коер утца 2/A B. ep. IIV, Унгария, законен представител Янош Пал, действащо на територията на Р България, чрез „УИЗ ЕЪР УНГАРИЯ Црт. –клон България“",Длъжник,,
78e527c5-b1f3-42cd-bc44-55d89b20d2bd,3534,2026,Частно гражданско дело,Районен съд - Русе,В.В.Ч.М.,Адвокат,Виктория Ванкова Чотева-Манева,
78e527c5-b1f3-42cd-bc44-55d89b20d2bd,3534,2026,Частно гражданско дело,Районен съд - Русе,В.А.А.,Родител,,
78e527c5-b1f3-42cd-bc44-55d89b20d2bd,3534,2026,Частно гражданско дело,Районен съд - Русе,К.П.И.,Адвокат,,
38284e49-981d-4e56-a32a-b3d6cb2c65ae,4220,2026,Гражданско дело,Районен съд - Пловдив,СТАБИЛ-ДИ ЕООД,Ищец,,
38284e49-981d-4e56-a32a-b3d6cb2c65ae,4220,2026,Гражданско дело,Районен съд - Пловдив,ЕВРОКРИС ЕООД,Ответник,,
38284e49-981d-4e56-a32a-b3d6cb2c65ae,4220,2026,Гражданско дело,Районен съд - Пловдив,И.Д.С.,Адвокат,,
e325c7f4-0492-405c-b609-5a8fc7c6d71e,87,2026,Наказателно дело от общ характер,Районен съд - Пещера,"ТО-Пещера, РП-Пазарджик",Вносител,,
e325c7f4-0492-405c-b609-5a8fc7c6d71e,87,2026,Наказателно дело от общ характер,Районен съд - Пещера,Д.Г.П.,Обвинител,,
e325c7f4-0492-405c-b609-5a8fc7c6d71e,87,2026,Наказателно дело от общ характер,Районен съд - Пещера,З.М.М.,Обвиняем,,
e325c7f4-0492-405c-b609-5a8fc7c6d71e,87,2026,Наказателно дело от общ характер,Районен съд - Пещера,Е.А.А.,Служебен защитник,,
e325c7f4-0492-405c-b609-5a8fc7c6d71e,87,2026,Наказателно дело от общ характер,Районен съд - Пещера,ОДМВР - Пазарджик,Друго,,
3c41e265-8775-4a48-b39a-d32b5a9fc2e9,791,2026,Частно гражданско дело,Районен съд - Димитровград,Д.Д.Ф.,Заявител,,
3c41e265-8775-4a48-b39a-d32b5a9fc2e9,791,2026,Частно гражданско дело,Районен съд - Димитровград,А.Ф.,Заявител,,
3c41e265-8775-4a48-b39a-d32b5a9fc2e9,791,2026,Частно гражданско дело,Районен съд - Димитровград,"Уиз Еър Унгария Црт., /WIZZ Air Hungary Zrt./ - акционерно дружество, регистрирано в Унгария, вписано в Регистъра на дружествата под номер 01-10-140174, със седалище в гр. Будапеща 1103, Коер утца 2/A B. ep. IIV, Унгария, законен представител Янош Пал, действащо на територията на Р България, чрез „УИЗ ЕЪР УНГАРИЯ Црт. –клон България“",Длъжник,,
3c41e265-8775-4a48-b39a-d32b5a9fc2e9,791,2026,Частно гражданско дело,Районен съд - Димитровград,В.В.Ч.М.,Адвокат,Виктория Ванкова Чотева-Манева,
3c41e265-8775-4a48-b39a-d32b5a9fc2e9,791,2026,Частно гражданско дело,Районен съд - Димитровград,Д.Д.Ф.,Родител,,
73e19fba-27c0-49cc-af7d-d108d511c825,6229,2026,Административно дело,Административен съд - София-град,ХЕРБА КОМЕРС ЕАД,Жалбоподател,Георги Борисов Манолов,
73e19fba-27c0-49cc-af7d-d108d511c825,6229,2026,Административно дело,Административен съд - София-град,"ДИРЕКТОР НА ДИРЕКЦИЯ ""ОБЖАЛВАНИ И ДАНЪЧНО-ОСИГУРИТЕЛНА ПРАКТИКА"" - ГР. СОФИЯ ПРИ ЦУ НА НАП",Ответник,,
73e19fba-27c0-49cc-af7d-d108d511c825,6229,2026,Административно дело,Административен съд - София-град,Г.М.,Адвокат,,
73e19fba-27c0-49cc-af7d-d108d511c825,6229,2026,Административно дело,Административен съд - София-град,М.Р.Н.Г.,Вещо лице,,
c94551dc-8f20-4a91-be86-79f7e426acca,69,2026,Въззивно търговско дело,Апелативен съд - Бургас,М.С.М.,Въззивник,,
c94551dc-8f20-4a91-be86-79f7e426acca,69,2026,Въззивно търговско дело,Апелативен съд - Бургас,ПРОБУДА - 1907 НЧ,Въззиваема страна,,
c94551dc-8f20-4a91-be86-79f7e426acca,69,2026,Въззивно търговско дело,Апелативен съд - Бургас,М.И.Б.,Адвокат,Мария Иванова Божкова,
c94551dc-8f20-4a91-be86-79f7e426acca,69,2026,Въззивно търговско дело,Апелативен съд - Бургас,А.К.А.,Адвокат,,
fedeb412-315e-4605-8179-d9fb09a64312,6228,2026,Административно дело,Административен съд - София-град,А.П.Й.,Жалбоподател,,
fedeb412-315e-4605-8179-d9fb09a64312,6228,2026,Административно дело,Административен съд - София-град,ИЗИ ФИНАНС ЕООД,Ответник,,
f6e54669-fc7b-4ac9-b96c-90b2bf21d8a3,1063,2026,Частно гражданско дело,Районен съд - Тетевен,Водоснабдяване и канализация ЕООД,Заявител,,
f6e54669-fc7b-4ac9-b96c-90b2bf21d8a3,1063,2026,Частно гражданско дело,Районен съд - Тетевен,Б.Д.М.,Длъжник,,
f6e54669-fc7b-4ac9-b96c-90b2bf21d8a3,1063,2026,Частно гражданско дело,Районен съд - Тетевен,Н.Г.К.,Адвокат,Никола Георгиев Карадимов,
b06baecd-0591-4bf8-8df5-ad3ee34ebf4a,537,2026,Въззивно гражданско дело,Окръжен съд - Велико Търново,М.А.С.,Жалбоподател,,
b06baecd-0591-4bf8-8df5-ad3ee34ebf4a,537,2026,Въззивно гражданско дело,Окръжен съд - Велико Търново,СИТИ КЕШ ООД,Ответник,,
b06baecd-0591-4bf8-8df5-ad3ee34ebf4a,537,2026,Въззивно гражданско дело,Окръжен съд - Велико Търново,Ж.Д.Д.,Адвокат,Жанета Димитрова Димова-Коева,
b06baecd-0591-4bf8-8df5-ad3ee34ebf4a,537,2026,Въззивно гражданско дело,Окръжен съд - Велико Търново,Х.М.Г.,Адвокат,"Адвокатско дружество Нестори, Угляров, Милчев",
2ecaba00-5c98-4d3a-b556-1e427b482c1d,1108,2026,Частно гражданско дело,Районен съд - Смолян,Водоснабдяване и канализация ЕООД,Заявител,,
2ecaba00-5c98-4d3a-b556-1e427b482c1d,1108,2026,Частно гражданско дело,Районен съд - Смолян,К.А.М.,Длъжник,,
2ecaba00-5c98-4d3a-b556-1e427b482c1d,1108,2026,Частно гражданско дело,Районен съд - Смолян,Н.Г.К.,Адвокат,Никола Георгиев Карадимов,
9d53b0f2-a16c-4e10-b9e6-563da6699891,915,2026,Частно гражданско дело,Районен съд - Белоградчик,Водоснабдяване и канализация ЕООД,Заявител,,
9d53b0f2-a16c-4e10-b9e6-563da6699891,915,2026,Частно гражданско дело,Районен съд - Белоградчик,А.С.Д.,Длъжник,,
9d53b0f2-a16c-4e10-b9e6-563da6699891,915,2026,Частно гражданско дело,Районен съд - Белоградчик,Н.Г.К.,Адвокат,Никола Георгиев Карадимов,
368fe38f-6efa-47d0-89b9-2e3679ed19ce,1494,2026,Въззивно частно гражданско дело,Апелативен съд - София,З.И.З.,Жалбоподател,,
368fe38f-6efa-47d0-89b9-2e3679ed19ce,1494,2026,Въззивно частно гражданско дело,Апелативен съд - София,С.К.Д.,Жалбоподател,,
368fe38f-6efa-47d0-89b9-2e3679ed19ce,1494,2026,Въззивно частно гражданско дело,Апелативен съд - София,И.З.И.,Жалбоподател,,
368fe38f-6efa-47d0-89b9-2e3679ed19ce,1494,2026,Въззивно частно гражданско дело,Апелативен съд - София,А.Н.Д.,Ответник,,
368fe38f-6efa-47d0-89b9-2e3679ed19ce,1494,2026,Въззивно частно гражданско дело,Апелативен съд - София,Р.Н.Г.,Адвокат,,
368fe38f-6efa-47d0-89b9-2e3679ed19ce,1494,2026,Въззивно частно гражданско дело,Апелативен съд - София,Е.С.В.,Адвокат,,
9a506b40-8b3d-4c2c-afbd-e4c1a696c363,841,2026,Частно гражданско дело,Районен съд - Кубрат,ВОДОСНАБДЯВАНЕ И КАНАЛИЗАЦИЯ ЕООД,Заявител,,
9a506b40-8b3d-4c2c-afbd-e4c1a696c363,841,2026,Частно гражданско дело,Районен съд - Кубрат,Д.С.К.,Длъжник,,
9a506b40-8b3d-4c2c-afbd-e4c1a696c363,841,2026,Частно гражданско дело,Районен съд - Кубрат,Н.Г.К.,Адвокат,Никола Георгиев Карадимов,
08944436-dd3f-4d7a-8c1b-99b4650f4553,1551,2026,Частно гражданско дело,Районен съд - Габрово,Водоснабдяване и канализация ЕООД,Кредитор,,
08944436-dd3f-4d7a-8c1b-99b4650f4553,1551,2026,Частно гражданско дело,Районен съд - Габрово,Г.П.Г.,Длъжник,,
08944436-dd3f-4d7a-8c1b-99b4650f4553,1551,2026,Частно гражданско дело,Районен съд - Габрово,Н.Г.К.,Адвокат,Никола Георгиев Карадимов,
7fa5f034-8c01-4f31-ba9c-7f3c95192d5f,2360,2026,Гражданско дело,Районен съд - Дупница,И.Г.Д.,Ищец,,
7fa5f034-8c01-4f31-ba9c-7f3c95192d5f,2360,2026,Гражданско дело,Районен съд - Дупница,П.М.М.,Ответник,,
7fa5f034-8c01-4f31-ba9c-7f3c95192d5f,2360,2026,Гражданско дело,Районен съд - Дупница,О.М.М.,Ответник,,
7fa5f034-8c01-4f31-ba9c-7f3c95192d5f,2360,2026,Гражданско дело,Районен съд - Дупница,З.Б.В.,Адвокат,,
54fd5b58-7ef1-4397-90c5-406376b218e3,4219,2026,Гражданско дело,Районен съд - Пловдив,М.Д.С.,Ищец,,
54fd5b58-7ef1-4397-90c5-406376b218e3,4219,2026,Гражданско дело,Районен съд - Пловдив,Г.Д.А.,Ответник,,
54fd5b58-7ef1-4397-90c5-406376b218e3,4219,2026,Гражданско дело,Районен съд - Пловдив,М.Г.П.,Адвокат,,
54fd5b58-7ef1-4397-90c5-406376b218e3,4219,2026,Гражданско дело,Районен съд - Пловдив,П.Л.Б.,Адвокат,ПЛАМЕН ЛЮБОМИРОВ БОНЕВ,
54fd5b58-7ef1-4397-90c5-406376b218e3,4219,2026,Гражданско дело,Районен съд - Пловдив,К.Й.К.,Процесуален представител,Катерина Йорданова Кацарска,
71d60af8-cd0e-47fb-b604-cd2497103010,1090,2026,Частно гражданско дело,Районен съд - Разград,Водоснабдяване и канализация ЕООД,Заявител,,
71d60af8-cd0e-47fb-b604-cd2497103010,1090,2026,Частно гражданско дело,Районен съд - Разград,Д.Б.Д.,Длъжник,,
71d60af8-cd0e-47fb-b604-cd2497103010,1090,2026,Частно гражданско дело,Районен съд - Разград,Н.Г.К.,Адвокат,Никола Георгиев Карадимов,
228fc1d0-8b89-41d4-b9cf-78984f97c817,142,2026,Въззивно гражданско дело,Окръжен съд - Кърджали,А.Р.Р.,Жалбоподател,,
228fc1d0-8b89-41d4-b9cf-78984f97c817,142,2026,Въззивно гражданско дело,Окръжен съд - Кърджали,ИЗИ АСЕТ МЕНИДЖМЪНТ АД,Ответник,,
228fc1d0-8b89-41d4-b9cf-78984f97c817,142,2026,Въззивно гражданско дело,Окръжен съд - Кърджали,ФАЙНЕНШЪЛ БЪЛГАРИЯ ЕООД,Ответник,,
228fc1d0-8b89-41d4-b9cf-78984f97c817,142,2026,Въззивно гражданско дело,Окръжен съд - Кърджали,Е.Г.И.,Адвокат,Елена Георгиева Иванова,
69fd7788-4133-4b55-a621-860d3087328a,6227,2026,Административно дело,Административен съд - София-град,Й.Г.С.,Жалбоподател,Николай Валентинов Русинов,
69fd7788-4133-4b55-a621-860d3087328a,6227,2026,Административно дело,Административен съд - София-град,АКСЕС ФАЙНАНС АД,Ответник,,
69fd7788-4133-4b55-a621-860d3087328a,6227,2026,Административно дело,Административен съд - София-град,А.Н.В.Р.,Адвокат,,
49e7a11c-d48e-4622-a6f0-6e073551ca3f,3533,2026,Частно гражданско дело,Районен съд - Русе,Б.Т.Т.,Заявител,,
49e7a11c-d48e-4622-a6f0-6e073551ca3f,3533,2026,Частно гражданско дело,Районен съд - Русе,Я.И.Р.,Заявител,,
49e7a11c-d48e-4622-a6f0-6e073551ca3f,3533,2026,Частно гражданско дело,Районен съд - Русе,С.Я.Р.,Заявител,,
49e7a11c-d48e-4622-a6f0-6e073551ca3f,3533,2026,Частно гражданско дело,Районен съд - Русе,БИ ЕЙЧ ЕЪР ООД,Длъжник,,
49e7a11c-d48e-4622-a6f0-6e073551ca3f,3533,2026,Частно гражданско дело,Районен съд - Русе,В.В.Ч.М.,Адвокат,Виктория Ванкова Чотева-Манева,
49e7a11c-d48e-4622-a6f0-6e073551ca3f,3533,2026,Частно гражданско дело,Районен съд - Русе,Б.Т.Т.,Родител,,
5f65b126-0236-4b49-80e5-bf5017ac21ee,1162,2026,Частно гражданско дело,Районен съд - Козлодуй,Водоснабдяване и канализация ЕООД,Заявител,,
5f65b126-0236-4b49-80e5-bf5017ac21ee,1162,2026,Частно гражданско дело,Районен съд - Козлодуй,Д.Я.Д.,Длъжник,,
5f65b126-0236-4b49-80e5-bf5017ac21ee,1162,2026,Частно гражданско дело,Районен съд - Козлодуй,Н.Г.К.,Адвокат,Никола Георгиев Карадимов,
bd82ebe9-92d7-4e1f-9dd7-770090a30dd7,2359,2026,Гражданско дело,Районен съд - Дупница,Г.К.Ф.,Ищец,,
bd82ebe9-92d7-4e1f-9dd7-770090a30dd7,2359,2026,Гражданско дело,Районен съд - Дупница,Е.Р.В.,Ответник,,
bd82ebe9-92d7-4e1f-9dd7-770090a30dd7,2359,2026,Гражданско дело,Районен съд - Дупница,М.Г.Ч.,Адвокат,,
bd82ebe9-92d7-4e1f-9dd7-770090a30dd7,2359,2026,Гражданско дело,Районен съд - Дупница,Й.Й.Г.,Адвокат,,
bd82ebe9-92d7-4e1f-9dd7-770090a30dd7,2359,2026,Гражданско дело,Районен съд - Дупница,ДИРЕКЦИЯ СОЦИАЛНО ПОДПОМАГАНЕ ДУПНИЦА,Заинтересована страна,,
0324bf7b-c6b5-4128-822d-6ea5f8ebdc22,2100,2026,Частно гражданско дело,Районен съд - Видин,Водоснабдяване и канализация ЕООД,Заявител,,
0324bf7b-c6b5-4128-822d-6ea5f8ebdc22,2100,2026,Частно гражданско дело,Районен съд - Видин,Ж.В.М.,Длъжник,,
0324bf7b-c6b5-4128-822d-6ea5f8ebdc22,2100,2026,Частно гражданско дело,Районен съд - Видин,Н.Г.К.,Адвокат,Никола Георгиев Карадимов,
13d55ef6-0ab8-4267-9712-401ad6dbb517,2084,2026,Гражданско дело,Районен съд - Бургас,Т.В.С.,Жалбоподател,,
13d55ef6-0ab8-4267-9712-401ad6dbb517,2084,2026,Гражданско дело,Районен съд - Бургас,К.В.Д.,Жалбоподател,,
13d55ef6-0ab8-4267-9712-401ad6dbb517,2084,2026,Гражданско дело,Районен съд - Бургас,Д.Н.И.,Жалбоподател,,
13d55ef6-0ab8-4267-9712-401ad6dbb517,2084,2026,Гражданско дело,Районен съд - Бургас,Б.Л.И.,Жалбоподател,,
13d55ef6-0ab8-4267-9712-401ad6dbb517,2084,2026,Гражданско дело,Районен съд - Бургас,Общинска служба по земеделие - Созопол,Ответник,,
13d55ef6-0ab8-4267-9712-401ad6dbb517,2084,2026,Гражданско дело,Районен съд - Бургас,А.И.Ж.,Адвокат,,
13d55ef6-0ab8-4267-9712-401ad6dbb517,2084,2026,Гражданско дело,Районен съд - Бургас,Д.Н.И.,Пълномощник,,
13d55ef6-0ab8-4267-9712-401ad6dbb517,2084,2026,Гражданско дело,Районен съд - Бургас,Ж.Д.Д.Л.,Юрисконсулт,,
bf79a3fa-493f-40fc-abab-f8d712d70c99,2358,2026,Частно гражданско дело,Районен съд - Дупница,Водоснабдяване и канализация ЕООД,Заявител,,
bf79a3fa-493f-40fc-abab-f8d712d70c99,2358,2026,Частно гражданско дело,Районен съд - Дупница,Т.С.Н.,Длъжник,,
bf79a3fa-493f-40fc-abab-f8d712d70c99,2358,2026,Частно гражданско дело,Районен съд - Дупница,Н.Г.К.,Адвокат,Никола Георгиев Карадимов,
d381322d-ccf8-41c5-ab29-4bcdcb2e3273,2357,2026,Частно гражданско дело,Районен съд - Дупница,Водоснабдяване и канализация ЕООД,Заявител,,
d381322d-ccf8-41c5-ab29-4bcdcb2e3273,2357,2026,Частно гражданско дело,Районен съд - Дупница,М.Д.В.,Длъжник,,
d381322d-ccf8-41c5-ab29-4bcdcb2e3273,2357,2026,Частно гражданско дело,Районен съд - Дупница,Н.Г.К.,Адвокат,Никола Георгиев Карадимов,
cec7169f-f4b6-4e99-a37f-f91872c6a15a,2083,2026,Гражданско дело,Районен съд - Бургас,ЙЕТТЕЛ БЪЛГАРИЯ ЕАД,Ищец,,
cec7169f-f4b6-4e99-a37f-f91872c6a15a,2083,2026,Гражданско дело,Районен съд - Бургас,Ю.Х.И.,Ответник,,
cec7169f-f4b6-4e99-a37f-f91872c6a15a,2083,2026,Гражданско дело,Районен съд - Бургас,Л.Г.Г.,Адвокат,,
2aa9d706-5ab7-4827-8542-df591813cb71,2356,2026,Частно гражданско дело,Районен съд - Дупница,Водоснабдяване и канализация ЕООД,Заявител,,
2aa9d706-5ab7-4827-8542-df591813cb71,2356,2026,Частно гражданско дело,Районен съд - Дупница,М.Л.Л.,Длъжник,,
2aa9d706-5ab7-4827-8542-df591813cb71,2356,2026,Частно гражданско дело,Районен съд - Дупница,Н.Г.К.,Адвокат,Никола Георгиев Карадимов,
0b8baf93-b65d-4bc2-b19f-a19da698a8f5,408,2026,Частно гражданско дело,Районен съд - Провадия,Водоснабдяване и канализация ЕООД,Заявител,,
0b8baf93-b65d-4bc2-b19f-a19da698a8f5,408,2026,Частно гражданско дело,Районен съд - Провадия,Х.Д.К.,Длъжник,,
0b8baf93-b65d-4bc2-b19f-a19da698a8f5,408,2026,Частно гражданско дело,Районен съд - Провадия,Н.Г.К.,Адвокат,Никола Георгиев Карадимов,
df39db00-20a5-4e60-853b-78b4d9d92a3f,2000,2026,Гражданско дело,Районен съд - Плевен,Д.В.М.,Молител,,
df39db00-20a5-4e60-853b-78b4d9d92a3f,2000,2026,Гражданско дело,Районен съд - Плевен,М.Р.А.,Ответник,,
df39db00-20a5-4e60-853b-78b4d9d92a3f,2000,2026,Гражданско дело,Районен съд - Плевен,В.М.Р.,Пострадал,,
df39db00-20a5-4e60-853b-78b4d9d92a3f,2000,2026,Гражданско дело,Районен съд - Плевен,Ф.М.Р.,Пострадал,,
df39db00-20a5-4e60-853b-78b4d9d92a3f,2000,2026,Гражданско дело,Районен съд - Плевен,С.М.Р.,Пострадал,,
df39db00-20a5-4e60-853b-78b4d9d92a3f,2000,2026,Гражданско дело,Районен съд - Плевен,"Дирекция ""Социално подпомагане"" Плевен-отдел ""Закрила на детето""",Друго,,
df39db00-20a5-4e60-853b-78b4d9d92a3f,2000,2026,Гражданско дело,Районен съд - Плевен,М.Ц.Б.,Процесуален представител,,
df39db00-20a5-4e60-853b-78b4d9d92a3f,2000,2026,Гражданско дело,Районен съд - Плевен,Н.Х.Х.,Адвокат,,
755e44b7-aedb-4324-817b-34940ae1c4d3,331,2026,Въззивно частно търговско дело,Апелативен съд - София,"ИНТЕРСТРОЙПРОЕКТ 90 ООД /н/, чрез управителя Аделина Бариевски",Жалбоподател,,
755e44b7-aedb-4324-817b-34940ae1c4d3,331,2026,Въззивно частно търговско дело,Апелативен съд - София,Й.К.К.,Жалбоподател,,
755e44b7-aedb-4324-817b-34940ae1c4d3,331,2026,Въззивно частно търговско дело,Апелативен съд - София,Д.И.В.,Ответник,,
755e44b7-aedb-4324-817b-34940ae1c4d3,331,2026,Въззивно частно търговско дело,Апелативен съд - София,Е.Г.Т.С.И.9.О./.,Ответник,,
755e44b7-aedb-4324-817b-34940ae1c4d3,331,2026,Въззивно частно търговско дело,Апелативен съд - София,,Свидетел,,
755e44b7-aedb-4324-817b-34940ae1c4d3,331,2026,Въззивно частно търговско дело,Апелативен съд - София,,Свидетел,,
52b4193a-64ac-4094-bd8b-a10fd9129a8d,933,2026,Частно гражданско дело,Районен съд - Силистра,БЕСТ Кепитъл България ЕАД,Заявител,,
52b4193a-64ac-4094-bd8b-a10fd9129a8d,933,2026,Частно гражданско дело,Районен съд - Силистра,Г.М.К.,Длъжник,,
52b4193a-64ac-4094-bd8b-a10fd9129a8d,933,2026,Частно гражданско дело,Районен съд - Силистра,Г.Я.Б.,Пълномощник,,
ccbaf89c-ff94-4ddd-be0f-0a2351b543ee,660,2026,Частно гражданско дело,Районен съд - Тервел,БЕСТ Кепитъл България ЕАД,Заявител,,
ccbaf89c-ff94-4ddd-be0f-0a2351b543ee,660,2026,Частно гражданско дело,Районен съд - Тервел,Г.М.Т.,Длъжник,,
ccbaf89c-ff94-4ddd-be0f-0a2351b543ee,660,2026,Частно гражданско дело,Районен съд - Тервел,Г.Я.Б.,Пълномощник,,
b1978ae7-d42d-47d9-868f-9dea282d0c66,2082,2026,Гражданско дело,Районен съд - Бургас,ВОДОСНАБДЯВАНЕ И КАНАЛИЗАЦИЯ ЕАД,Ищец,,
b1978ae7-d42d-47d9-868f-9dea282d0c66,2082,2026,Гражданско дело,Районен съд - Бургас,Б.С.К.,Ответник,,
1c94f7f8-cf0c-44b7-806b-59f74c2732bc,6226,2026,Административно дело,Административен съд - София-град,Ц.Р.М.,Жалбоподател,,
1c94f7f8-cf0c-44b7-806b-59f74c2732bc,6226,2026,Административно дело,Административен съд - София-град,КЕШ КРЕДИТ МОБАЙЛ ЕАД,Ответник,,
1c94f7f8-cf0c-44b7-806b-59f74c2732bc,6226,2026,Административно дело,Административен съд - София-град,Л.А.Г.,Адвокат,Людмил Асенов Георгиев,
861b6b7e-c554-4bb2-80dc-ad1a46e1cdc8,3628,2026,Частно гражданско дело,Районен съд - Варна,КПКОНПИ - ТД ВАРНА,Заявител,,
7b742fbb-7a47-4415-9b61-4f847cbb3d25,2355,2026,Гражданско дело,Районен съд - Дупница,Д.К.К.,Ищец,Калин Сотиров Везенков,
7b742fbb-7a47-4415-9b61-4f847cbb3d25,2355,2026,Гражданско дело,Районен съд - Дупница,С.К.Б.,Ищец,,
7b742fbb-7a47-4415-9b61-4f847cbb3d25,2355,2026,Гражданско дело,Районен съд - Дупница,Р.С.С.,Ответник,,
7b742fbb-7a47-4415-9b61-4f847cbb3d25,2355,2026,Гражданско дело,Районен съд - Дупница,К.С.В.,Адвокат,,
7b742fbb-7a47-4415-9b61-4f847cbb3d25,2355,2026,Гражданско дело,Районен съд - Дупница,АДВОКАТСКА КОЛЕГИЯ КЮСТЕНДИЛ,Пастир,,
7b742fbb-7a47-4415-9b61-4f847cbb3d25,2355,2026,Гражданско дело,Районен съд - Дупница,С.Г.Г.,Особен представител,,
843d77de-4236-465a-8b23-737ec0352795,838,2026,Частно гражданско дело,Районен съд - Крумовград,БЕСТ Кепитъл България ЕАД,Заявител,,
843d77de-4236-465a-8b23-737ec0352795,838,2026,Частно гражданско дело,Районен съд - Крумовград,Г.К.К.,Длъжник,,
843d77de-4236-465a-8b23-737ec0352795,838,2026,Частно гражданско дело,Районен съд - Крумовград,Г.Я.Б.,Пълномощник,,
c0ede213-7a5c-4b3f-a2e2-58bc438b7b49,3532,2026,Частно гражданско дело,Районен съд - Русе,БЕСТ Кепитъл България ЕАД,Заявител,,
c0ede213-7a5c-4b3f-a2e2-58bc438b7b49,3532,2026,Частно гражданско дело,Районен съд - Русе,Г.Й.Й.,Длъжник,,
c0ede213-7a5c-4b3f-a2e2-58bc438b7b49,3532,2026,Частно гражданско дело,Районен съд - Русе,Г.Я.Б.,Пълномощник,,
3a1bff50-7a0c-490c-b99e-977952ede693,2354,2026,Частно гражданско дело,Районен съд - Дупница,БЕСТ Кепитъл България ЕАД,Заявител,,
3a1bff50-7a0c-490c-b99e-977952ede693,2354,2026,Частно гражданско дело,Районен съд - Дупница,Б.Г.С.,Длъжник,,
3a1bff50-7a0c-490c-b99e-977952ede693,2354,2026,Частно гражданско дело,Районен съд - Дупница,Б.И.К.,Пълномощник,,
e78742c1-cb03-400a-8317-0f73ecdc34fa,5447,2026,Въззивно гражданско дело,Софийски градски съд,М.Д.Д.,Въззивник,,
34f5b643-0a8d-414d-b4b9-635cd425d8f7,1127,2026,Частно гражданско дело,Районен съд - Бяла,БЕСТ Кепитъл България ЕАД,Заявител,,
34f5b643-0a8d-414d-b4b9-635cd425d8f7,1127,2026,Частно гражданско дело,Районен съд - Бяла,Е.К.Л.,Длъжник,,
34f5b643-0a8d-414d-b4b9-635cd425d8f7,1127,2026,Частно гражданско дело,Районен съд - Бяла,С.С.П.,Пълномощник,,
023be5bc-c59c-4e63-920e-d82c3c631199,928,2026,Частно гражданско дело,Районен съд - Сливница,БЕСТ Кепитъл България ЕАД,Заявител,,
023be5bc-c59c-4e63-920e-d82c3c631199,928,2026,Частно гражданско дело,Районен съд - Сливница,Г.И.М.,Длъжник,,
023be5bc-c59c-4e63-920e-d82c3c631199,928,2026,Частно гражданско дело,Районен съд - Сливница,Г.Я.Б.,Пълномощник,,
2e8a940b-1665-4215-b07b-d8ce4bb916ba,4218,2026,Частно гражданско дело,Районен съд - Пловдив,К.А.Р.,Молител,,
2e8a940b-1665-4215-b07b-d8ce4bb916ba,4218,2026,Частно гражданско дело,Районен съд - Пловдив,Т.П.Б.,Настойник,,
7de740a5-3f37-4aef-833b-ed71f18e8d3d,4217,2026,Гражданско дело,Районен съд - Пловдив,С.М.С.,Ищец,,
7de740a5-3f37-4aef-833b-ed71f18e8d3d,4217,2026,Гражданско дело,Районен съд - Пловдив,СИТИ КЕШ ООД,Ответник,,
7de740a5-3f37-4aef-833b-ed71f18e8d3d,4217,2026,Гражданско дело,Районен съд - Пловдив,Д.Г.Б.,Адвокат,Димитър Георгиев Бакърджиев,
7de740a5-3f37-4aef-833b-ed71f18e8d3d,4217,2026,Гражданско дело,Районен съд - Пловдив,Х.М.Г.,Адвокат,Христо Милчев Георгиев,
c59ae18f-d7f0-4b62-9cd4-4ead5f21e11b,1760,2026,Частно гражданско дело,Районен съд - Стара Загора,БЕСТ Кепитъл България ЕАД,Заявител,,
c59ae18f-d7f0-4b62-9cd4-4ead5f21e11b,1760,2026,Частно гражданско дело,Районен съд - Стара Загора,Б.К.И.,Длъжник,,
c59ae18f-d7f0-4b62-9cd4-4ead5f21e11b,1760,2026,Частно гражданско дело,Районен съд - Стара Загора,Б.И.К.,Пълномощник,,
30329489-22a5-4de1-9541-1e7ced6b04a7,6225,2026,Административно дело,Административен съд - София-град,А.П.Й.,Жалбоподател,Василен Емилов Георгиев,
30329489-22a5-4de1-9541-1e7ced6b04a7,6225,2026,Административно дело,Административен съд - София-град,""".Е.",Ответник,,
30329489-22a5-4de1-9541-1e7ced6b04a7,6225,2026,Административно дело,Административен съд - София-град,В.Е.,Адвокат,,
eba90fa3-a8dc-4855-b526-425469da486f,1085,2026,Частно гражданско дело,Районен съд - Ловеч,БЕСТ Кепитъл България ЕАД,Заявител,,
eba90fa3-a8dc-4855-b526-425469da486f,1085,2026,Частно гражданско дело,Районен съд - Ловеч,Е.К.Д.,Длъжник,,
eba90fa3-a8dc-4855-b526-425469da486f,1085,2026,Частно гражданско дело,Районен съд - Ловеч,С.С.П.,Пълномощник,,
07386658-bc8e-4181-9403-de6309efab2e,2099,2026,Частно гражданско дело,Районен съд - Видин,БЕСТ Кепитъл България ЕАД,Заявител,,
07386658-bc8e-4181-9403-de6309efab2e,2099,2026,Частно гражданско дело,Районен съд - Видин,Б.П.М.,Длъжник,,
07386658-bc8e-4181-9403-de6309efab2e,2099,2026,Частно гражданско дело,Районен съд - Видин,Б.И.К.,Пълномощник,,
dbe237ec-199c-4f6c-a4b4-92c26c45a7f5,3531,2026,Частно гражданско дело,Районен съд - Русе,БЕСТ Кепитъл България ЕАД,Заявител,,
dbe237ec-199c-4f6c-a4b4-92c26c45a7f5,3531,2026,Частно гражданско дело,Районен съд - Русе,Г.И.Х.,Длъжник,,
dbe237ec-199c-4f6c-a4b4-92c26c45a7f5,3531,2026,Частно гражданско дело,Районен съд - Русе,Г.Я.Б.,Юрисконсулт,,
39772829-bc34-4ae2-8afd-42a2c1c64644,536,2026,Въззивно гражданско дело,Окръжен съд - Велико Търново,Ц.А.Ц.,Жалбоподател,,
39772829-bc34-4ae2-8afd-42a2c1c64644,536,2026,Въззивно гражданско дело,Окръжен съд - Велико Търново,Г.М.И.,Длъжник,,
39772829-bc34-4ae2-8afd-42a2c1c64644,536,2026,Въззивно гражданско дело,Окръжен съд - Велико Търново,М.З.И.,Длъжник,,
39772829-bc34-4ae2-8afd-42a2c1c64644,536,2026,Въззивно гражданско дело,Окръжен съд - Велико Търново,М.Г.И.,Длъжник,,
39772829-bc34-4ae2-8afd-42a2c1c64644,536,2026,Въззивно гражданско дело,Окръжен съд - Велико Търново,МАЛЕВ ИНЖЕНЕРИНГ ЕООД,Длъжник,,
39772829-bc34-4ae2-8afd-42a2c1c64644,536,2026,Въззивно гражданско дело,Окръжен съд - Велико Търново,В.Г.И.,Длъжник,,
39772829-bc34-4ae2-8afd-42a2c1c64644,536,2026,Въззивно гражданско дело,Окръжен съд - Велико Търново,Н.А.И.,Адвокат,Нина Ангелова Илиева,
39772829-bc34-4ae2-8afd-42a2c1c64644,536,2026,Въззивно гражданско дело,Окръжен съд - Велико Търново,Банка ДСК АД,Взискател,,
9b42bb80-3bc9-4bfc-8b27-4cf1bc8031b5,559,2026,Частно гражданско дело,Районен съд - Велики Преслав,БЕСТ Кепитъл България ЕАД,Заявител,,
9b42bb80-3bc9-4bfc-8b27-4cf1bc8031b5,559,2026,Частно гражданско дело,Районен съд - Велики Преслав,Е.И.П.,Длъжник,,
9b42bb80-3bc9-4bfc-8b27-4cf1bc8031b5,559,2026,Частно гражданско дело,Районен съд - Велики Преслав,С.С.П.,Пълномощник,,
41523eea-b257-4d73-81a8-66f036581cb8,5446,2026,Въззивно гражданско дело,Софийски градски съд,Т.Б.Н.,Въззивник,,
41523eea-b257-4d73-81a8-66f036581cb8,5446,2026,Въззивно гражданско дело,Софийски градски съд,И.С.С.,Въззиваема страна,,
41523eea-b257-4d73-81a8-66f036581cb8,5446,2026,Въззивно гражданско дело,Софийски градски съд,Д.А.С.,Процесуален представител,адвокат Диана Альошина Славчева,
41523eea-b257-4d73-81a8-66f036581cb8,5446,2026,Въззивно гражданско дело,Софийски градски съд,Ц.Д.П.,Процесуален представител,,
0f44f17d-aa70-4add-906f-cebf845afe55,2874,2026,Частно наказателно дело,Районен съд - Пловдив,Районна прокуратура - Пловдив,Вносител,,
0f44f17d-aa70-4add-906f-cebf845afe55,2874,2026,Частно наказателно дело,Районен съд - Пловдив,М.С.К.,Обвинител,,
0f44f17d-aa70-4add-906f-cebf845afe55,2874,2026,Частно наказателно дело,Районен съд - Пловдив,В.И.В.,Осъден,,
0f44f17d-aa70-4add-906f-cebf845afe55,2874,2026,Частно наказателно дело,Районен съд - Пловдив,М.И.Т.,Адвокат,Милица Илиева Тильовска,
f76eb96a-1b0f-4b54-8924-6900f38f324e,846,2026,Частно наказателно дело,Окръжен съд - Варна,Министерство на правосъдието Австрия,Вносител,,
f76eb96a-1b0f-4b54-8924-6900f38f324e,846,2026,Частно наказателно дело,Окръжен съд - Варна,Я.П.Й.,Обвинител,,
f76eb96a-1b0f-4b54-8924-6900f38f324e,846,2026,Частно наказателно дело,Окръжен съд - Варна,Окръжна прокуратура - Варна,Страна,,
f76eb96a-1b0f-4b54-8924-6900f38f324e,846,2026,Частно наказателно дело,Окръжен съд - Варна,Д.Е.Р.,Заинтересована страна,,
95eb3b27-8807-48b2-83f5-620b60ac5dea,4216,2026,Гражданско дело,Районен съд - Пловдив,С.М.С.,Ищец,,
95eb3b27-8807-48b2-83f5-620b60ac5dea,4216,2026,Гражданско дело,Районен съд - Пловдив,КРЕДИСИМО ЕАД,Ответник,,
95eb3b27-8807-48b2-83f5-620b60ac5dea,4216,2026,Гражданско дело,Районен съд - Пловдив,Д.Г.Б.,Адвокат,,
926879b2-aa21-4492-b319-276dec76cf79,1066,2026,Частно гражданско дело,Районен съд - Гоце Делчев,БЕСТ Кепитъл България ЕАД,Заявител,,
926879b2-aa21-4492-b319-276dec76cf79,1066,2026,Частно гражданско дело,Районен съд - Гоце Делчев,Б.М.В.,Длъжник,,
926879b2-aa21-4492-b319-276dec76cf79,1066,2026,Частно гражданско дело,Районен съд - Гоце Делчев,Б.И.К.,Пълномощник,,
f07ff58a-a906-4bf4-92f7-5f0a600f07ef,479,2026,Частно гражданско дело,Районен съд - Девня,БЕСТ Кепитъл България ЕАД,Заявител,,
f07ff58a-a906-4bf4-92f7-5f0a600f07ef,479,2026,Частно гражданско дело,Районен съд - Девня,Е.И.К.,Длъжник,,
f07ff58a-a906-4bf4-92f7-5f0a600f07ef,479,2026,Частно гражданско дело,Районен съд - Девня,С.С.П.,Пълномощник,,
33703104-602b-4d21-a975-001951aa5a75,914,2026,Частно гражданско дело,Районен съд - Белоградчик,БЕСТ Кепитъл България ЕАД,Заявител,,
33703104-602b-4d21-a975-001951aa5a75,914,2026,Частно гражданско дело,Районен съд - Белоградчик,Б.С.А.,Длъжник,,
33703104-602b-4d21-a975-001951aa5a75,914,2026,Частно гражданско дело,Районен съд - Белоградчик,Б.И.К.,Пълномощник,,
2d991c84-cf0e-4d90-9e20-b1d7aaece259,2098,2026,Частно гражданско дело,Районен съд - Видин,БЕСТ Кепитъл България ЕАД,Заявител,,
2d991c84-cf0e-4d90-9e20-b1d7aaece259,2098,2026,Частно гражданско дело,Районен съд - Видин,Е.Д.В.,Длъжник,,
2d991c84-cf0e-4d90-9e20-b1d7aaece259,2098,2026,Частно гражданско дело,Районен съд - Видин,С.С.П.,Пълномощник,,
02d1d95f-4a40-4377-a9e3-c7993e52bc46,1871,2026,Частно гражданско дело,Районен съд - Горна Оряховица,БЕСТ Кепитъл България ЕАД,Заявител,,
02d1d95f-4a40-4377-a9e3-c7993e52bc46,1871,2026,Частно гражданско дело,Районен съд - Горна Оряховица,Г.И.И.,Длъжник,,
02d1d95f-4a40-4377-a9e3-c7993e52bc46,1871,2026,Частно гражданско дело,Районен съд - Горна Оряховица,Г.Я.Б.,Пълномощник,,
64ceb68f-0826-429b-a8b1-d694d8daa3a7,6224,2026,Административно дело,Административен съд - София-град,С.В.И.,Жалбоподател,Ставри Василев Илиев,
64ceb68f-0826-429b-a8b1-d694d8daa3a7,6224,2026,Административно дело,Административен съд - София-град,ЕОС МАТРИКС ЕАД,Ответник,,
64ceb68f-0826-429b-a8b1-d694d8daa3a7,6224,2026,Административно дело,Административен съд - София-град,П.К.,Адвокат,,
33176d02-4abe-4f02-b917-a714c47b8ddf,160,2026,Гражданско дело,Районен съд - Момчилград,З.Т.Н.,Молител,,
33176d02-4abe-4f02-b917-a714c47b8ddf,160,2026,Гражданско дело,Районен съд - Момчилград,А.А.Х.,Адвокат,Айля Авни Хасан,
33176d02-4abe-4f02-b917-a714c47b8ddf,160,2026,Гражданско дело,Районен съд - Момчилград,ОБЩИНА МОМЧИЛГРАД,Заинтересована страна,,
33176d02-4abe-4f02-b917-a714c47b8ddf,160,2026,Гражданско дело,Районен съд - Момчилград,ТО-Момчилград към РП-Кърджали,Заинтересована страна,,
8f8eb8e5-4ce0-4ec9-8405-73d3834200df,4215,2026,Гражданско дело,Районен съд - Пловдив,С.М.С.,Ищец,,
8f8eb8e5-4ce0-4ec9-8405-73d3834200df,4215,2026,Гражданско дело,Районен съд - Пловдив,КРЕДИСИМО ЕАД,Ответник,,
8f8eb8e5-4ce0-4ec9-8405-73d3834200df,4215,2026,Гражданско дело,Районен съд - Пловдив,Д.Г.Б.,Адвокат,Димитър Георгиев Бакърджиев,
8f8eb8e5-4ce0-4ec9-8405-73d3834200df,4215,2026,Гражданско дело,Районен съд - Пловдив,Р.Д.Г.,Вещо лице,,
b370d706-1f48-4fe7-9e51-9128e35ed048,1089,2026,Частно гражданско дело,Районен съд - Разград,И.Н.А.,Молител,,
23d14ca3-061b-46c5-af03-caaaad8fb8dd,849,2026,Частно гражданско дело,Районен съд - Берковица,БЕСТ Кепитъл България ЕАД,Заявител,,
23d14ca3-061b-46c5-af03-caaaad8fb8dd,849,2026,Частно гражданско дело,Районен съд - Берковица,Б.С.С.,Длъжник,,
23d14ca3-061b-46c5-af03-caaaad8fb8dd,849,2026,Частно гражданско дело,Районен съд - Берковица,Б.И.К.,Пълномощник,,
cd61fa74-b10c-4416-b454-af67a876e014,752,2026,Частно гражданско дело,Районен съд - Своге,БЕСТ Кепитъл България ЕАД,Заявител,,
cd61fa74-b10c-4416-b454-af67a876e014,752,2026,Частно гражданско дело,Районен съд - Своге,Е.Н.Й.,Длъжник,,
cd61fa74-b10c-4416-b454-af67a876e014,752,2026,Частно гражданско дело,Районен съд - Своге,С.С.П.,Пълномощник,,
a3ae4c6e-6119-4833-8000-6419322a951f,1231,2026,Частно гражданско дело,Районен съд - Благоевград,БЕСТ Кепитъл България ЕАД,Заявител,,
a3ae4c6e-6119-4833-8000-6419322a951f,1231,2026,Частно гражданско дело,Районен съд - Благоевград,Б.Я.Р.,Длъжник,,
a3ae4c6e-6119-4833-8000-6419322a951f,1231,2026,Частно гражданско дело,Районен съд - Благоевград,Б.И.К.,Пълномощник,,
4c5fb43e-10b5-463e-b4b9-f585ae30df44,2814,2026,Частно гражданско дело,Районен съд - Шумен,БЕСТ Кепитъл България ЕАД,Заявител,,
4c5fb43e-10b5-463e-b4b9-f585ae30df44,2814,2026,Частно гражданско дело,Районен съд - Шумен,Е.Д.Т.,Длъжник,,
4c5fb43e-10b5-463e-b4b9-f585ae30df44,2814,2026,Частно гражданско дело,Районен съд - Шумен,С.С.П.,Пълномощник,,
e4575865-3a21-43d2-8f13-27cba5bc87da,4396,2026,Частно гражданско дело,Районен съд - Враца,БЕСТ Кепитъл България ЕАД,Заявител,,
e4575865-3a21-43d2-8f13-27cba5bc87da,4396,2026,Частно гражданско дело,Районен съд - Враца,Г.Д.К.,Длъжник,,
e4575865-3a21-43d2-8f13-27cba5bc87da,4396,2026,Частно гражданско дело,Районен съд - Враца,Г.Я.Б.,Пълномощник,,
14a9f010-19c6-468e-a82a-522d9afad818,845,2026,Частно наказателно дело,Окръжен съд - Варна,Софийски градски съд,Вносител,,
14a9f010-19c6-468e-a82a-522d9afad818,845,2026,Частно наказателно дело,Окръжен съд - Варна,Министерство на правосъдието Нидерландия,Вносител,,
14a9f010-19c6-468e-a82a-522d9afad818,845,2026,Частно наказателно дело,Окръжен съд - Варна,С.И.Д.,Обвинител,,
14a9f010-19c6-468e-a82a-522d9afad818,845,2026,Частно наказателно дело,Окръжен съд - Варна,Н.П.С.,Заинтересована страна,,
14a9f010-19c6-468e-a82a-522d9afad818,845,2026,Частно наказателно дело,Окръжен съд - Варна,Окръжна прокуратура - Варна,Друго,,
14a9f010-19c6-468e-a82a-522d9afad818,845,2026,Частно наказателно дело,Окръжен съд - Варна,Д.С.Д.,Служебен защитник,Димитър Стоянов Димитров,
66994c41-8086-4ad9-994e-6c696d5dc008,5445,2026,Въззивно гражданско дело,Софийски градски съд,Р.В.Г.Х.,Въззивник,,
66994c41-8086-4ad9-994e-6c696d5dc008,5445,2026,Въззивно гражданско дело,Софийски градски съд,Й.А.Х.,Въззивник,,
66994c41-8086-4ad9-994e-6c696d5dc008,5445,2026,Въззивно гражданско дело,Софийски градски съд,О.А.Х.,Въззиваема страна,,
66994c41-8086-4ad9-994e-6c696d5dc008,5445,2026,Въззивно гражданско дело,Софийски градски съд,ТОПЛОФИКАЦИЯ СОФИЯ ЕАД,Въззиваема страна,,
66994c41-8086-4ad9-994e-6c696d5dc008,5445,2026,Въззивно гражданско дело,Софийски градски съд,Илия Асенов Николов (1900098110 София),Адвокат,,
66994c41-8086-4ad9-994e-6c696d5dc008,5445,2026,Въззивно гражданско дело,Софийски градски съд,Диана Йорданова Черкезова (1400175010 София),Адвокат,,
66994c41-8086-4ad9-994e-6c696d5dc008,5445,2026,Въззивно гражданско дело,Софийски градски съд,Снежанка Кирилова Кирилова (1100084810 София),Адвокат,,
66994c41-8086-4ad9-994e-6c696d5dc008,5445,2026,Въззивно гражданско дело,Софийски градски съд,НЕЛБО ИНЖЕНЕРИНГ ЕООД,Трето лице помагач,,
30228716-2632-462e-b530-25ea46d6b7b3,173,2026,Гражданско дело,Окръжен съд - Ямбол,Р.Е.Р.,Ищец,,
30228716-2632-462e-b530-25ea46d6b7b3,173,2026,Гражданско дело,Окръжен съд - Ямбол,В.Ж.В.,Ответник,,
30228716-2632-462e-b530-25ea46d6b7b3,173,2026,Гражданско дело,Окръжен съд - Ямбол,С.А.В.,Адвокат,,
4e95d20d-c80c-43e9-8dfa-80554e16739e,4214,2026,Гражданско дело,Районен съд - Пловдив,П.В.Х.,Ищец,,
4e95d20d-c80c-43e9-8dfa-80554e16739e,4214,2026,Гражданско дело,Районен съд - Пловдив,ФЕРАТУМ БЪЛГАРИЯ ЕООД,Ответник,,
4e95d20d-c80c-43e9-8dfa-80554e16739e,4214,2026,Гражданско дело,Районен съд - Пловдив,Д.Г.Б.,Адвокат,Димитър Георгиев Бакърджиев,
c7f0d79c-ea9d-480d-b8b9-9263b7d01e2c,6223,2026,Административно дело,Административен съд - София-град,А.Г.Н.Г.Н.,Жалбоподател,Радост Тодорова Ганчева,
c7f0d79c-ea9d-480d-b8b9-9263b7d01e2c,6223,2026,Административно дело,Административен съд - София-град,И.Д.Б.А.З.Б.Х.,Ответник,,
c7f0d79c-ea9d-480d-b8b9-9263b7d01e2c,6223,2026,Административно дело,Административен съд - София-град,Р.Г.,Адвокат,,
c7f0d79c-ea9d-480d-b8b9-9263b7d01e2c,6223,2026,Административно дело,Административен съд - София-град,СГП,Друго,,
834148fb-d40e-4578-96f6-dfa8df2e57b2,754,2026,Частно гражданско дело,Районен съд - Ген. Тошево,БЕСТ Кепитъл България ЕАД,Заявител,,
834148fb-d40e-4578-96f6-dfa8df2e57b2,754,2026,Частно гражданско дело,Районен съд - Ген. Тошево,Б.С.Р.,Длъжник,,
834148fb-d40e-4578-96f6-dfa8df2e57b2,754,2026,Частно гражданско дело,Районен съд - Ген. Тошево,Б.И.К.,Пълномощник,,
4abc2d6b-9b03-41de-b947-5b8dad0b87d7,2097,2026,Частно гражданско дело,Районен съд - Видин,БЕСТ Кепитъл България ЕАД,Заявител,,
4abc2d6b-9b03-41de-b947-5b8dad0b87d7,2097,2026,Частно гражданско дело,Районен съд - Видин,Г.Д.Г.,Длъжник,,
4abc2d6b-9b03-41de-b947-5b8dad0b87d7,2097,2026,Частно гражданско дело,Районен съд - Видин,Г.Я.Б.,Пълномощник,,
12bc7613-8ee1-4112-9dae-b57e201d044e,2439,2026,Частно гражданско дело,Районен съд - Ботевград,БЕСТ Кепитъл България ЕАД,Заявител,,
12bc7613-8ee1-4112-9dae-b57e201d044e,2439,2026,Частно гражданско дело,Районен съд - Ботевград,Б.Х.Х.,Длъжник,,
12bc7613-8ee1-4112-9dae-b57e201d044e,2439,2026,Частно гражданско дело,Районен съд - Ботевград,Б.И.К.,Пълномощник,,
a87fdde5-3ed2-485c-a9bc-237e21ee4642,1002,2026,Частно гражданско дело,Районен съд - Каварна,БЕСТ Кепитъл България ЕАД,Заявител,,
a87fdde5-3ed2-485c-a9bc-237e21ee4642,1002,2026,Частно гражданско дело,Районен съд - Каварна,А.Б.А.,Длъжник,,
a87fdde5-3ed2-485c-a9bc-237e21ee4642,1002,2026,Частно гражданско дело,Районен съд - Каварна,Б.И.К.,Пълномощник,,
7db31721-1666-430f-af79-106e03834193,4213,2026,Частно гражданско дело,Районен съд - Пловдив,И.Г.К.,Молител,,
eafe59cd-4dbc-4a29-845e-a6dba9152523,753,2026,Частно гражданско дело,Районен съд - Ген. Тошево,БЕСТ Кепитъл България ЕАД,Заявител,,
eafe59cd-4dbc-4a29-845e-a6dba9152523,753,2026,Частно гражданско дело,Районен съд - Ген. Тошево,Г.Г.П.,Длъжник,,
eafe59cd-4dbc-4a29-845e-a6dba9152523,753,2026,Частно гражданско дело,Районен съд - Ген. Тошево,Г.Я.Б.,Юрисконсулт,,
bec2114a-5732-4f83-b795-a7843dddf9f5,14452,2026,Частно гражданско дело,Софийски районен съд,ИНТЕРМЕТАЛ ООД,Молител,,
bec2114a-5732-4f83-b795-a7843dddf9f5,14452,2026,Частно гражданско дело,Софийски районен съд,Стенс Клима Дизайн ЕООД,Ответник,,
bec2114a-5732-4f83-b795-a7843dddf9f5,14452,2026,Частно гражданско дело,Софийски районен съд,Т.С.Т.,Адвокат,Тони Стойков Тодоров,
8d8f2141-24a6-41ca-978f-426b1b0f5014,1550,2026,Гражданско дело,Районен съд - Габрово,Г.Х.Д.,Молител,,
8d8f2141-24a6-41ca-978f-426b1b0f5014,1550,2026,Гражданско дело,Районен съд - Габрово,Ц.П.М.,Ответник,,
8d8f2141-24a6-41ca-978f-426b1b0f5014,1550,2026,Гражданско дело,Районен съд - Габрово,Х.Д.Ф.,Ответник,,
8d8f2141-24a6-41ca-978f-426b1b0f5014,1550,2026,Гражданско дело,Районен съд - Габрово,В.А.П.,Адвокат,ВЕСЕЛИНА АНГЕЛОВА ПИРГОЗЛИЕВА,
8d8f2141-24a6-41ca-978f-426b1b0f5014,1550,2026,Гражданско дело,Районен съд - Габрово,Х.Х.П.,Адвокат,,
8d8f2141-24a6-41ca-978f-426b1b0f5014,1550,2026,Гражданско дело,Районен съд - Габрово,Н.Г.Д.,Страна,,
8d8f2141-24a6-41ca-978f-426b1b0f5014,1550,2026,Гражданско дело,Районен съд - Габрово,Адвокатска колегия - Габрово,Друго,,
8bd24f45-e9b9-4524-9f77-fcfe25360585,7563,2026,Наказателно дело от общ характер,Софийски районен съд,Районна прокуратура - София,Вносител,,
8bd24f45-e9b9-4524-9f77-fcfe25360585,7563,2026,Наказателно дело от общ характер,Софийски районен съд,Н.Д.Д.,Подсъдим,,
8bd24f45-e9b9-4524-9f77-fcfe25360585,7563,2026,Наказателно дело от общ характер,Софийски районен съд,К.М.М.,Адвокат,,
8bd24f45-e9b9-4524-9f77-fcfe25360585,7563,2026,Наказателно дело от общ характер,Софийски районен съд,М.Е.Г.,Свидетел,,
8bd24f45-e9b9-4524-9f77-fcfe25360585,7563,2026,Наказателно дело от общ характер,Софийски районен съд,А.А.Г.,Свидетел,,
8bd24f45-e9b9-4524-9f77-fcfe25360585,7563,2026,Наказателно дело от общ характер,Софийски районен съд,И.П.В.,Свидетел,,
8bd24f45-e9b9-4524-9f77-fcfe25360585,7563,2026,Наказателно дело от общ характер,Софийски районен съд,С.Г.С.,Свидетел,,
ba5f75e4-ec88-4899-8ffd-fe3baaf5b902,4212,2026,Гражданско дело,Районен съд - Пловдив,П.В.Х.,Ищец,,
ba5f75e4-ec88-4899-8ffd-fe3baaf5b902,4212,2026,Гражданско дело,Районен съд - Пловдив,КЕШ КРЕДИТ ЕАД,Ответник,,
ba5f75e4-ec88-4899-8ffd-fe3baaf5b902,4212,2026,Гражданско дело,Районен съд - Пловдив,Д.Г.Б.,Адвокат,Димитър Георгиев Бакърджиев,
328f083b-187f-4eac-b6f4-60fb31dd4426,5444,2026,Въззивно гражданско дело,Софийски градски съд,ТОПЛОФИКАЦИЯ СОФИЯ ЕАД,Въззивник,,
328f083b-187f-4eac-b6f4-60fb31dd4426,5444,2026,Въззивно гражданско дело,Софийски градски съд,Д.Б.П.,Въззиваема страна,,
328f083b-187f-4eac-b6f4-60fb31dd4426,5444,2026,Въззивно гражданско дело,Софийски градски съд,Г.С.В.,Адвокат,,
328f083b-187f-4eac-b6f4-60fb31dd4426,5444,2026,Въззивно гражданско дело,Софийски градски съд,С.М.К.,Юрисконсулт,,
d9d9e8cd-b6ac-4ca5-abce-7c9b6b4f96fa,1131,2026,Частно гражданско дело,Районен съд - Бяла Слатина,БЕСТ Кепитъл България ЕАД,Заявител,,
d9d9e8cd-b6ac-4ca5-abce-7c9b6b4f96fa,1131,2026,Частно гражданско дело,Районен съд - Бяла Слатина,А.Х.К.,Длъжник,,
d9d9e8cd-b6ac-4ca5-abce-7c9b6b4f96fa,1131,2026,Частно гражданско дело,Районен съд - Бяла Слатина,Б.И.К.,Пълномощник,,
bc0453da-c0b0-4564-8425-a8eeae38cdc2,1084,2026,Частно гражданско дело,Районен съд - Ловеч,БЕСТ Кепитъл България ЕАД,Заявител,,
bc0453da-c0b0-4564-8425-a8eeae38cdc2,1084,2026,Частно гражданско дело,Районен съд - Ловеч,Е.К.К.,Длъжник,,
bc0453da-c0b0-4564-8425-a8eeae38cdc2,1084,2026,Частно гражданско дело,Районен съд - Ловеч,С.С.П.,Пълномощник,,
5d285963-f48c-42cd-a6f1-498838ab4859,638,2026,Частно гражданско дело,Районен съд - Брезник,БЕСТ Кепитъл България ЕАД,Заявител,,
5d285963-f48c-42cd-a6f1-498838ab4859,638,2026,Частно гражданско дело,Районен съд - Брезник,А.Х.А.,Длъжник,,
5d285963-f48c-42cd-a6f1-498838ab4859,638,2026,Частно гражданско дело,Районен съд - Брезник,Б.И.К.,Пълномощник,,
50864fc2-4017-4d3b-a9c2-da4d65500c4a,1062,2026,Частно гражданско дело,Районен съд - Тетевен,БЕСТ Кепитъл България ЕАД,Заявител,,
50864fc2-4017-4d3b-a9c2-da4d65500c4a,1062,2026,Частно гражданско дело,Районен съд - Тетевен,Е.Н.С.,Длъжник,,
50864fc2-4017-4d3b-a9c2-da4d65500c4a,1062,2026,Частно гражданско дело,Районен съд - Тетевен,С.С.П.,Пълномощник,,
ca9e6f0f-d4fa-4abd-8dfb-3d07427cdfec,2353,2026,Частно гражданско дело,Районен съд - Дупница,БЕСТ Кепитъл България ЕАД,Заявител,,
ca9e6f0f-d4fa-4abd-8dfb-3d07427cdfec,2353,2026,Частно гражданско дело,Районен съд - Дупница,А.С.Й.,Длъжник,,
ca9e6f0f-d4fa-4abd-8dfb-3d07427cdfec,2353,2026,Частно гражданско дело,Районен съд - Дупница,Б.И.К.,Пълномощник,,
81aecfbb-9605-42f4-bdc4-24508b1c6692,7562,2026,Наказателно дело от общ характер,Софийски районен съд,Районна прокуратура - София,Вносител,,
81aecfbb-9605-42f4-bdc4-24508b1c6692,7562,2026,Наказателно дело от общ характер,Софийски районен съд,М.П.Л.,Обвинител,,
81aecfbb-9605-42f4-bdc4-24508b1c6692,7562,2026,Наказателно дело от общ характер,Софийски районен съд,Н.К.Д.,Подсъдим,,
81aecfbb-9605-42f4-bdc4-24508b1c6692,7562,2026,Наказателно дело от общ характер,Софийски районен съд,С.Г.З.,Адвокат,,
81aecfbb-9605-42f4-bdc4-24508b1c6692,7562,2026,Наказателно дело от общ характер,Софийски районен съд,Г.П.В.,Свидетел,,
81aecfbb-9605-42f4-bdc4-24508b1c6692,7562,2026,Наказателно дело от общ характер,Софийски районен съд,Г.Д.К.,Свидетел,,
81aecfbb-9605-42f4-bdc4-24508b1c6692,7562,2026,Наказателно дело от общ характер,Софийски районен съд,Л.Х.П.,Свидетел,,
81aecfbb-9605-42f4-bdc4-24508b1c6692,7562,2026,Наказателно дело от общ характер,Софийски районен съд,А.Н.Х.,Вещо лице,,
a05abc52-ca7b-422f-b9ef-ddcc2d4d0c72,4211,2026,Гражданско дело,Районен съд - Пловдив,М.К.К.,Ищец,,
a05abc52-ca7b-422f-b9ef-ddcc2d4d0c72,4211,2026,Гражданско дело,Районен съд - Пловдив,Фронтекс Интернешънъл ЕАД,Ответник,,
a05abc52-ca7b-422f-b9ef-ddcc2d4d0c72,4211,2026,Гражданско дело,Районен съд - Пловдив,Д.Г.Б.,Адвокат,Димитър Георгиев Бакърджиев,
b70e9484-7762-4575-94cb-e070ddb2ec3d,1061,2026,Частно гражданско дело,Районен съд - Тетевен,БЕСТ Кепитъл България ЕАД,Заявител,,
b70e9484-7762-4575-94cb-e070ddb2ec3d,1061,2026,Частно гражданско дело,Районен съд - Тетевен,Г.В.Г.,Длъжник,,
b70e9484-7762-4575-94cb-e070ddb2ec3d,1061,2026,Частно гражданско дело,Районен съд - Тетевен,Г.Я.Б.,Юрисконсулт,,
b70e9484-7762-4575-94cb-e070ddb2ec3d,1061,2026,Частно гражданско дело,Районен съд - Тетевен,З.Н.Д.,Законен представител,,
cddd85f8-51ff-49a9-b85e-94e24bf12a5a,884,2026,Частно гражданско дело,Районен съд - Самоков,БЕСТ Кепитъл България ЕАД,Заявител,,
cddd85f8-51ff-49a9-b85e-94e24bf12a5a,884,2026,Частно гражданско дело,Районен съд - Самоков,Е.К.И.,Длъжник,,
cddd85f8-51ff-49a9-b85e-94e24bf12a5a,884,2026,Частно гражданско дело,Районен съд - Самоков,С.С.П.,Пълномощник,,
fede5161-bfd2-4fbf-823b-6b4f1edc26a4,2813,2026,Частно гражданско дело,Районен съд - Шумен,БЕСТ Кепитъл България ЕАД,Заявител,,
fede5161-bfd2-4fbf-823b-6b4f1edc26a4,2813,2026,Частно гражданско дело,Районен съд - Шумен,Е.Н.В.,Длъжник,,
fede5161-bfd2-4fbf-823b-6b4f1edc26a4,2813,2026,Частно гражданско дело,Районен съд - Шумен,С.С.П.,Пълномощник,,
c7443a07-4ce4-4c8a-9cac-38e52fad5b22,1468,2026,Частно гражданско дело,Районен съд - Нови пазар,БЕСТ Кепитъл България ЕАД,Заявител,,
c7443a07-4ce4-4c8a-9cac-38e52fad5b22,1468,2026,Частно гражданско дело,Районен съд - Нови пазар,А.М.А.,Длъжник,,
c7443a07-4ce4-4c8a-9cac-38e52fad5b22,1468,2026,Частно гражданско дело,Районен съд - Нови пазар,Б.И.К.,Пълномощник,,
1c17941c-81f8-41bb-99b0-2e4d3cc94a5e,3530,2026,Частно гражданско дело,Районен съд - Русе,БЕСТ Кепитъл България ЕАД,Заявител,,
1c17941c-81f8-41bb-99b0-2e4d3cc94a5e,3530,2026,Частно гражданско дело,Районен съд - Русе,Г.В.Д.,Длъжник,,
1c17941c-81f8-41bb-99b0-2e4d3cc94a5e,3530,2026,Частно гражданско дело,Районен съд - Русе,Г.Я.Б.,Пълномощник,,
0bcdf78e-7d7c-46e8-a3f1-f193fa2b4c44,844,2026,Частно наказателно дело,Окръжен съд - Варна,Министерство но правосъдието Нидерландия,Вносител,,
0bcdf78e-7d7c-46e8-a3f1-f193fa2b4c44,844,2026,Частно наказателно дело,Окръжен съд - Варна,П.Д.М.,Обвинител,,
0bcdf78e-7d7c-46e8-a3f1-f193fa2b4c44,844,2026,Частно наказателно дело,Окръжен съд - Варна,Окръжна прокуратура - Варна,Страна,,
0bcdf78e-7d7c-46e8-a3f1-f193fa2b4c44,844,2026,Частно наказателно дело,Окръжен съд - Варна,З.Ш.М.,Заинтересована страна,,
0bcdf78e-7d7c-46e8-a3f1-f193fa2b4c44,844,2026,Частно наказателно дело,Окръжен съд - Варна,Г.Х.Я.,Служебен защитник,,
f297d0bc-504e-484c-9dd3-813608f7761a,4210,2026,Гражданско дело,Районен съд - Пловдив,М.К.К.,Ищец,,
f297d0bc-504e-484c-9dd3-813608f7761a,4210,2026,Гражданско дело,Районен съд - Пловдив,СИТИ КЕШ ООД,Ответник,,
f297d0bc-504e-484c-9dd3-813608f7761a,4210,2026,Гражданско дело,Районен съд - Пловдив,Д.Г.Б.,Адвокат,Димитър Георгиев Бакърджиев,
f297d0bc-504e-484c-9dd3-813608f7761a,4210,2026,Гражданско дело,Районен съд - Пловдив,Х.М.Г.,Адвокат,,
f297d0bc-504e-484c-9dd3-813608f7761a,4210,2026,Гражданско дело,Районен съд - Пловдив,П.Й.Н.,Вещо лице,,
e871ac43-6c3f-46f1-a9f1-354e0543ac79,4395,2026,Частно гражданско дело,Районен съд - Враца,БЕСТ Кепитъл България ЕАД,Заявител,,
e871ac43-6c3f-46f1-a9f1-354e0543ac79,4395,2026,Частно гражданско дело,Районен съд - Враца,А.М.,Длъжник,,
e871ac43-6c3f-46f1-a9f1-354e0543ac79,4395,2026,Частно гражданско дело,Районен съд - Враца,Б.И.К.,Пълномощник,,
c406d2bd-e27b-4da2-9acb-3edb8b88a4ed,1549,2026,Частно гражданско дело,Районен съд - Габрово,БЕСТ Кепитъл България ЕАД,Кредитор,,
c406d2bd-e27b-4da2-9acb-3edb8b88a4ed,1549,2026,Частно гражданско дело,Районен съд - Габрово,Е.Т.Т.,Длъжник,,
c406d2bd-e27b-4da2-9acb-3edb8b88a4ed,1549,2026,Частно гражданско дело,Районен съд - Габрово,С.С.П.,Пълномощник,,
356105bf-7a88-4d4a-8243-67b3013cbaa8,564,2026,Частно гражданско дело,Районен съд - Петрич,БЕСТ Кепитъл България ЕАД,Заявител,,
356105bf-7a88-4d4a-8243-67b3013cbaa8,564,2026,Частно гражданско дело,Районен съд - Петрич,Г.Б.Д.,Длъжник,,
356105bf-7a88-4d4a-8243-67b3013cbaa8,564,2026,Частно гражданско дело,Районен съд - Петрич,Г.Я.Б.,Пълномощник,,
26c51680-693a-40de-a58f-733417a8b37b,5443,2026,Въззивно частно гражданско дело,Софийски градски съд,ЕОС МАТРИКС ЕООД,Жалбоподател,,
26c51680-693a-40de-a58f-733417a8b37b,5443,2026,Въззивно частно гражданско дело,Софийски градски съд,Т.М.М.,Ответник,,
a58f5428-4f4c-488b-8b5a-f69c7b12470f,1107,2026,Частно гражданско дело,Районен съд - Смолян,БЕСТ Кепитъл България ЕАД,Заявител,,
a58f5428-4f4c-488b-8b5a-f69c7b12470f,1107,2026,Частно гражданско дело,Районен съд - Смолян,А.А.Ю.,Длъжник,,
a58f5428-4f4c-488b-8b5a-f69c7b12470f,1107,2026,Частно гражданско дело,Районен съд - Смолян,Б.И.К.,Пълномощник,,
3b7fc591-986b-40d2-acb2-c148e799621c,1548,2026,Частно гражданско дело,Районен съд - Габрово,БЕСТ Кепитъл България ЕАД,Кредитор,,
3b7fc591-986b-40d2-acb2-c148e799621c,1548,2026,Частно гражданско дело,Районен съд - Габрово,Г.А.Д.,Длъжник,,
3b7fc591-986b-40d2-acb2-c148e799621c,1548,2026,Частно гражданско дело,Районен съд - Габрово,Г.Я.Б.,Юрисконсулт,,
3bbf6628-7de3-4ec3-9ab8-34820b85f97d,4209,2026,Частно гражданско дело,Районен съд - Пловдив,Ж.С.К.,Молител,,
3bbf6628-7de3-4ec3-9ab8-34820b85f97d,4209,2026,Частно гражданско дело,Районен съд - Пловдив,Т.П.Б.,Настойник,,
467fe7ea-4ce7-4f98-8581-dd9aa1c2a6dc,2081,2026,Частно гражданско дело,Районен съд - Бургас,И.Д.Р.,Молител,,
467fe7ea-4ce7-4f98-8581-dd9aa1c2a6dc,2081,2026,Частно гражданско дело,Районен съд - Бургас,С.В.Р.,Наследодател,,
fb7d4dc2-66ab-4cba-b180-838097ef64e5,7561,2026,Наказателно дело от общ характер,Софийски районен съд,Районна прокуратура - София,Вносител,,
fb7d4dc2-66ab-4cba-b180-838097ef64e5,7561,2026,Наказателно дело от общ характер,Софийски районен съд,Н.И.Г.,Подсъдим,,
fb7d4dc2-66ab-4cba-b180-838097ef64e5,7561,2026,Наказателно дело от общ характер,Софийски районен съд,В.Е.М.,Адвокат,,
fb7d4dc2-66ab-4cba-b180-838097ef64e5,7561,2026,Наказателно дело от общ характер,Софийски районен съд,Б.Г.Д.,Свидетел,,
fb7d4dc2-66ab-4cba-b180-838097ef64e5,7561,2026,Наказателно дело от общ характер,Софийски районен съд,Т.Е.С.,Свидетел,,
fb7d4dc2-66ab-4cba-b180-838097ef64e5,7561,2026,Наказателно дело от общ характер,Софийски районен съд,И.С.Т.,Вещо лице,,
e69a461c-be56-4477-8915-2d821fc4dd4a,5442,2026,Въззивно гражданско дело,Софийски градски съд,ТОПЛОФИКАЦИЯ СОФИЯ ЕАД,Въззивник,,
e69a461c-be56-4477-8915-2d821fc4dd4a,5442,2026,Въззивно гражданско дело,Софийски градски съд,ОБЛАСТНА АДМИНИСТРАЦИЯ НА ОБЛАСТ СОФИЯ,Въззиваема страна,,
e69a461c-be56-4477-8915-2d821fc4dd4a,5442,2026,Въззивно гражданско дело,Софийски градски съд,ДАЛСИЯ ООД,Трето лице помагач,,
e69a461c-be56-4477-8915-2d821fc4dd4a,5442,2026,Въззивно гражданско дело,Софийски градски съд,П.Е.М.,Трето лице помагач,,
4994d3b9-efb4-4350-a1ad-2cf59332ae41,5531,2026,Частно гражданско дело,Районен съд - Перник,БЕСТ Кепитъл България ЕАД,Заявител,,
4994d3b9-efb4-4350-a1ad-2cf59332ae41,5531,2026,Частно гражданско дело,Районен съд - Перник,А.Х.Х.,Длъжник,,
4994d3b9-efb4-4350-a1ad-2cf59332ae41,5531,2026,Частно гражданско дело,Районен съд - Перник,Б.И.К.,Пълномощник,,
62d060c6-6fea-401d-afbf-10600059a52e,3529,2026,Частно гражданско дело,Районен съд - Русе,БЕСТ Кепитъл България ЕАД,Заявител,,
62d060c6-6fea-401d-afbf-10600059a52e,3529,2026,Частно гражданско дело,Районен съд - Русе,Е.Т.А.,Длъжник,,
62d060c6-6fea-401d-afbf-10600059a52e,3529,2026,Частно гражданско дело,Районен съд - Русе,С.С.П.,Пълномощник,,
9b8c2f24-e041-4eb8-801a-1d343fc01f01,883,2026,Частно гражданско дело,Районен съд - Котел,БЕСТ Кепитъл България ЕАД,Заявител,,
9b8c2f24-e041-4eb8-801a-1d343fc01f01,883,2026,Частно гражданско дело,Районен съд - Котел,Г.Х.У.,Длъжник,,
9b8c2f24-e041-4eb8-801a-1d343fc01f01,883,2026,Частно гражданско дело,Районен съд - Котел,Г.Я.Б.,Пълномощник,,
3e259054-e058-4a7d-9bae-102d0def43ca,173,2026,Въззивно частно гражданско дело,Апелативен съд - Бургас,К.Б.А.,Въззивник,,
3e259054-e058-4a7d-9bae-102d0def43ca,173,2026,Въззивно частно гражданско дело,Апелативен съд - Бургас,П.Д.К.,Адвокат,,
745aabbc-4a04-48ab-8f75-2885bef8e486,3500,2026,Частно наказателно дело,Софийски градски съд,ГЕРМАНИЯ,Вносител,,
745aabbc-4a04-48ab-8f75-2885bef8e486,3500,2026,Частно наказателно дело,Софийски градски съд,Г.Л.М.,Обвинител,,
745aabbc-4a04-48ab-8f75-2885bef8e486,3500,2026,Частно наказателно дело,Софийски градски съд,Б.И.И.,Заинтересована страна,,
745aabbc-4a04-48ab-8f75-2885bef8e486,3500,2026,Частно наказателно дело,Софийски градски съд,Софийска градска прокуратура,Страна,,
ac6cade4-4d0d-4be1-a444-2693b9186989,690,2026,Гражданско дело,Районен съд - Севлиево,Ц.И.Б.,Ищец,,
ac6cade4-4d0d-4be1-a444-2693b9186989,690,2026,Гражданско дело,Районен съд - Севлиево,С.П.З.,Ответник,,
ac6cade4-4d0d-4be1-a444-2693b9186989,690,2026,Гражданско дело,Районен съд - Севлиево,П.Ц.Д.,Адвокат,,
ac6cade4-4d0d-4be1-a444-2693b9186989,690,2026,Гражданско дело,Районен съд - Севлиево,Н.З.Г.,Адвокат,Недко Златев Георгиев,
bb892b63-33ba-4cf7-b452-54a8e7b834a6,4208,2026,Гражданско дело,Районен съд - Пловдив,М.К.К.,Ищец,,
bb892b63-33ba-4cf7-b452-54a8e7b834a6,4208,2026,Гражданско дело,Районен съд - Пловдив,ЕОС МАТРИКС ЕАД,Ответник,,
bb892b63-33ba-4cf7-b452-54a8e7b834a6,4208,2026,Гражданско дело,Районен съд - Пловдив,Д.Г.Б.,Адвокат,Димитър Георгиев Бакърджиев,
fc97d67d-3334-44f4-8ed0-25e619db74a4,1060,2026,Частно гражданско дело,Районен съд - Тетевен,БЕСТ Кепитъл България ЕАД,Заявител,,
fc97d67d-3334-44f4-8ed0-25e619db74a4,1060,2026,Частно гражданско дело,Районен съд - Тетевен,Е.С.С.,Длъжник,,
fc97d67d-3334-44f4-8ed0-25e619db74a4,1060,2026,Частно гражданско дело,Районен съд - Тетевен,С.С.П.,Пълномощник,,
29ed3452-f726-41ba-99ef-731545084fbf,22,2026,Търговско дело,Окръжен съд - Силистра,БРЕВИС ООД,Ищец,,
29ed3452-f726-41ba-99ef-731545084fbf,22,2026,Търговско дело,Окръжен съд - Силистра,МЕТЕКНО БЪЛГАРИЯ ЕАД,Ответник,,
29ed3452-f726-41ba-99ef-731545084fbf,22,2026,Търговско дело,Окръжен съд - Силистра,Д.С.К.,Адвокат,,
29ed3452-f726-41ba-99ef-731545084fbf,22,2026,Търговско дело,Окръжен съд - Силистра,Ц.Д.К.,Адвокат,,
0c4e7eab-9ef4-4f5c-b3c4-012f11d35543,3627,2026,Частно гражданско дело,Районен съд - Варна,М.С.Ц.,Молител,,
0c4e7eab-9ef4-4f5c-b3c4-012f11d35543,3627,2026,Частно гражданско дело,Районен съд - Варна,С.М.Ц.,Попечител,,
0c4e7eab-9ef4-4f5c-b3c4-012f11d35543,3627,2026,Частно гражданско дело,Районен съд - Варна,Х.Г.Х.,Пълномощник,,
26f8d5b3-ca9f-489f-b65b-65ca2a7b0c49,659,2026,Частно гражданско дело,Районен съд - Тервел,БЕСТ Кепитъл България ЕАД,Заявител,,
26f8d5b3-ca9f-489f-b65b-65ca2a7b0c49,659,2026,Частно гражданско дело,Районен съд - Тервел,Е.И.Н.,Длъжник,,
26f8d5b3-ca9f-489f-b65b-65ca2a7b0c49,659,2026,Частно гражданско дело,Районен съд - Тервел,С.С.П.,Пълномощник,,
f8312df1-4265-4494-ad8c-e70de463dc77,5530,2026,Частно гражданско дело,Районен съд - Перник,БЕСТ Кепитъл България ЕАД,Заявител,,
f8312df1-4265-4494-ad8c-e70de463dc77,5530,2026,Частно гражданско дело,Районен съд - Перник,А.С.Й.,Длъжник,,
f8312df1-4265-4494-ad8c-e70de463dc77,5530,2026,Частно гражданско дело,Районен съд - Перник,Б.И.К.,Пълномощник,,
ce5d6330-fd88-4378-b6c9-8d540918cdbd,1759,2026,Частно гражданско дело,Районен съд - Стара Загора,БЕСТ Кепитъл България ЕАД,Заявител,,
ce5d6330-fd88-4378-b6c9-8d540918cdbd,1759,2026,Частно гражданско дело,Районен съд - Стара Загора,Г.Й.И.,Длъжник,,
ce5d6330-fd88-4378-b6c9-8d540918cdbd,1759,2026,Частно гражданско дело,Районен съд - Стара Загора,Г.Я.Б.,Пълномощник,,
2375b56b-08c4-4763-8e94-eccef2730d16,583,2026,Гражданско дело,Районен съд - Чирпан,ЗАСТРАХОВАТЕЛНО АКЦИОНЕРНО ДРУЖЕСТВО АРМЕЕЦ АД,Ищец,,
2375b56b-08c4-4763-8e94-eccef2730d16,583,2026,Гражданско дело,Районен съд - Чирпан,"АГЕНЦИЯ "" ПЪТНА ИНФРАСТРУКТУРА""",Ответник,,
2375b56b-08c4-4763-8e94-eccef2730d16,583,2026,Гражданско дело,Районен съд - Чирпан,Б.С.Н.,Юрисконсулт,,
2375b56b-08c4-4763-8e94-eccef2730d16,583,2026,Гражданско дело,Районен съд - Чирпан,С.С.М.,Юрисконсулт,,
2375b56b-08c4-4763-8e94-eccef2730d16,583,2026,Гражданско дело,Районен съд - Чирпан,В.С.К.,Свидетел,,
2375b56b-08c4-4763-8e94-eccef2730d16,583,2026,Гражданско дело,Районен съд - Чирпан,В.И.В.,Вещо лице,,
2375b56b-08c4-4763-8e94-eccef2730d16,583,2026,Гражданско дело,Районен съд - Чирпан,Т.С.Б.,Свидетел,,
7f78fc56-e048-415f-9535-84a0f0eb7af7,927,2026,Частно гражданско дело,Районен съд - Сливница,БЕСТ Кепитъл България ЕАД,Заявител,,
7f78fc56-e048-415f-9535-84a0f0eb7af7,927,2026,Частно гражданско дело,Районен съд - Сливница,А.Ж.М.,Длъжник,,
7f78fc56-e048-415f-9535-84a0f0eb7af7,927,2026,Частно гражданско дело,Районен съд - Сливница,Б.И.К.,Пълномощник,,
463228ef-0358-4a82-b8e3-9669b8723ec7,1547,2026,Частно гражданско дело,Районен съд - Габрово,БЕСТ Кепитъл България ЕАД,Кредитор,,
463228ef-0358-4a82-b8e3-9669b8723ec7,1547,2026,Частно гражданско дело,Районен съд - Габрово,Г.А.Д.,Длъжник,,
463228ef-0358-4a82-b8e3-9669b8723ec7,1547,2026,Частно гражданско дело,Районен съд - Габрово,Г.Я.Б.,Юрисконсулт,,
0ea5679d-4525-4462-80e3-93cd17c5afc9,4207,2026,Гражданско дело,Районен съд - Пловдив,В.Д.И.,Ищец,,
0ea5679d-4525-4462-80e3-93cd17c5afc9,4207,2026,Гражданско дело,Районен съд - Пловдив,ФАЙНЕНШЪЛ БЪЛГАРИЯ ЕООД,Ответник,,
0ea5679d-4525-4462-80e3-93cd17c5afc9,4207,2026,Гражданско дело,Районен съд - Пловдив,ИЗИ АСЕТ МЕНИДЖМЪНТ АД,Ответник,,
0ea5679d-4525-4462-80e3-93cd17c5afc9,4207,2026,Гражданско дело,Районен съд - Пловдив,Д.Г.Б.,Адвокат,,
4be7a695-f345-4462-801b-967b5ad9d2fe,7560,2026,Наказателно дело от общ характер,Софийски районен съд,Районна прокуратура - София,Вносител,,
4be7a695-f345-4462-801b-967b5ad9d2fe,7560,2026,Наказателно дело от общ характер,Софийски районен съд,Й.Ж.,Обвинител,,
4be7a695-f345-4462-801b-967b5ad9d2fe,7560,2026,Наказателно дело от общ характер,Софийски районен съд,И.Ю.К.,Подсъдим,,
4be7a695-f345-4462-801b-967b5ad9d2fe,7560,2026,Наказателно дело от общ характер,Софийски районен съд,Л.К.Б.,Адвокат,,
4be7a695-f345-4462-801b-967b5ad9d2fe,7560,2026,Наказателно дело от общ характер,Софийски районен съд,К.И.Е.,Свидетел,,
4be7a695-f345-4462-801b-967b5ad9d2fe,7560,2026,Наказателно дело от общ характер,Софийски районен съд,Д.Г.Д.,Свидетел,,
4be7a695-f345-4462-801b-967b5ad9d2fe,7560,2026,Наказателно дело от общ характер,Софийски районен съд,И.В.И.,Свидетел,,
4be7a695-f345-4462-801b-967b5ad9d2fe,7560,2026,Наказателно дело от общ характер,Софийски районен съд,И.Е.,Вещо лице,,
4be7a695-f345-4462-801b-967b5ad9d2fe,7560,2026,Наказателно дело от общ характер,Софийски районен съд,И.И.,Вещо лице,,
4be7a695-f345-4462-801b-967b5ad9d2fe,7560,2026,Наказателно дело от общ характер,Софийски районен съд,С.З.С.,Вещо лице,,
4be7a695-f345-4462-801b-967b5ad9d2fe,7560,2026,Наказателно дело от общ характер,Софийски районен съд,М.Н.М.,Свидетел,,
4be7a695-f345-4462-801b-967b5ad9d2fe,7560,2026,Наказателно дело от общ характер,Софийски районен съд,Н.Н.Г.,Свидетел,,
4be7a695-f345-4462-801b-967b5ad9d2fe,7560,2026,Наказателно дело от общ характер,Софийски районен съд,С.М.И.,Свидетел,,
4be7a695-f345-4462-801b-967b5ad9d2fe,7560,2026,Наказателно дело от общ характер,Софийски районен съд,Д.К.И.,Свидетел,,
17c05144-f345-4f3d-a04d-b754dd6744b2,5529,2026,Частно гражданско дело,Районен съд - Перник,БЕСТ Кепитъл България ЕАД,Заявител,,
17c05144-f345-4f3d-a04d-b754dd6744b2,5529,2026,Частно гражданско дело,Районен съд - Перник,А.Д.С.,Длъжник,,
17c05144-f345-4f3d-a04d-b754dd6744b2,5529,2026,Частно гражданско дело,Районен съд - Перник,Б.И.К.,Пълномощник,,
72d070ec-46f0-4ad2-a491-f3e5944bcfb1,582,2026,Гражданско дело,Районен съд - Чирпан,Б.И.О.,Молител,,
72d070ec-46f0-4ad2-a491-f3e5944bcfb1,582,2026,Гражданско дело,Районен съд - Чирпан,И.Б.О.,Молител,,
72d070ec-46f0-4ad2-a491-f3e5944bcfb1,582,2026,Гражданско дело,Районен съд - Чирпан,М.Б.О.,Молител,,
72d070ec-46f0-4ad2-a491-f3e5944bcfb1,582,2026,Гражданско дело,Районен съд - Чирпан,М.О.,Ответник,,
aa026f68-5f62-421b-b155-8e78c74dbb52,5528,2026,Частно гражданско дело,Районен съд - Перник,БЕСТ Кепитъл България ЕАД,Заявител,,
aa026f68-5f62-421b-b155-8e78c74dbb52,5528,2026,Частно гражданско дело,Районен съд - Перник,Г.И.И.,Длъжник,,
aa026f68-5f62-421b-b155-8e78c74dbb52,5528,2026,Частно гражданско дело,Районен съд - Перник,Г.Я.Б.,Пълномощник,,
af5f4f72-5733-4881-a270-520cf473d309,1870,2026,Частно гражданско дело,Районен съд - Горна Оряховица,БЕСТ Кепитъл България ЕАД,Заявител,,
af5f4f72-5733-4881-a270-520cf473d309,1870,2026,Частно гражданско дело,Районен съд - Горна Оряховица,И.И.Н.,Длъжник,,
af5f4f72-5733-4881-a270-520cf473d309,1870,2026,Частно гражданско дело,Районен съд - Горна Оряховица,В.Л.Л.,Пълномощник,,
c51255da-6142-4994-a9b0-292a0b6e2667,4394,2026,Частно гражданско дело,Районен съд - Враца,БЕСТ Кепитъл България ЕАД,Заявител,,
c51255da-6142-4994-a9b0-292a0b6e2667,4394,2026,Частно гражданско дело,Районен съд - Враца,А.В.А.,Длъжник,,
c51255da-6142-4994-a9b0-292a0b6e2667,4394,2026,Частно гражданско дело,Районен съд - Враца,Б.И.К.,Пълномощник,,
b742a5b2-86a0-47c0-b651-8c5db4a005f7,4206,2026,Гражданско дело,Районен съд - Пловдив,В.Д.И.,Ищец,,
b742a5b2-86a0-47c0-b651-8c5db4a005f7,4206,2026,Гражданско дело,Районен съд - Пловдив,ФАЙНЕНШЪЛ БЪЛГАРИЯ ЕООД,Ответник,,
b742a5b2-86a0-47c0-b651-8c5db4a005f7,4206,2026,Гражданско дело,Районен съд - Пловдив,ИЗИ АСЕТ МЕНИДЖМЪНТ АД,Ответник,,
b742a5b2-86a0-47c0-b651-8c5db4a005f7,4206,2026,Гражданско дело,Районен съд - Пловдив,Д.Г.Б.,Адвокат,,
52b23fdc-33fc-43b5-bb09-a637690d25dc,5441,2026,Въззивно частно гражданско дело,Софийски градски съд,К.С.А.,Жалбоподател,,
5def88cd-4812-485a-96f8-d94198b9265e,1126,2026,Частно гражданско дело,Районен съд - Бяла,БЕСТ Кепитъл България ЕАД,Заявител,,
5def88cd-4812-485a-96f8-d94198b9265e,1126,2026,Частно гражданско дело,Районен съд - Бяла,И.Д.Х.,Длъжник,,
5def88cd-4812-485a-96f8-d94198b9265e,1126,2026,Частно гражданско дело,Районен съд - Бяла,В.Л.Л.,Пълномощник,,
970d7507-b66e-45dc-afab-62b8a5c349ec,581,2026,Гражданско дело,Районен съд - Чирпан,К.Т.Г.,Молител,,
970d7507-b66e-45dc-afab-62b8a5c349ec,581,2026,Гражданско дело,Районен съд - Чирпан,А.В.А.,Нарушител,,
970d7507-b66e-45dc-afab-62b8a5c349ec,581,2026,Гражданско дело,Районен съд - Чирпан,Г.В.Ж.,Пълномощник,,
970d7507-b66e-45dc-afab-62b8a5c349ec,581,2026,Гражданско дело,Районен съд - Чирпан,Районно управление ”Полиция” - Чирпан,Друго,,
5a5e7608-d754-4a58-b423-1c040b7e2c43,1125,2026,Частно гражданско дело,Районен съд - Бяла,БЕСТ Кепитъл България ЕАД,Заявител,,
5a5e7608-d754-4a58-b423-1c040b7e2c43,1125,2026,Частно гражданско дело,Районен съд - Бяла,Г.А.Й.,Длъжник,,
5a5e7608-d754-4a58-b423-1c040b7e2c43,1125,2026,Частно гражданско дело,Районен съд - Бяла,Г.Я.Б.,Пълномощник,,
14fe9f5d-8af0-4095-bfc4-a99975b5e4ba,2569,2026,Частно гражданско дело,Районен съд - Добрич,БЕСТ Кепитъл България ЕАД,Заявител,,
14fe9f5d-8af0-4095-bfc4-a99975b5e4ba,2569,2026,Частно гражданско дело,Районен съд - Добрич,А.С.Р.,Длъжник,,
14fe9f5d-8af0-4095-bfc4-a99975b5e4ba,2569,2026,Частно гражданско дело,Районен съд - Добрич,Б.И.К.,Пълномощник,,
519fe333-a041-426f-a4f8-cfc2ddbf1bec,790,2026,Частно гражданско дело,Районен съд - Димитровград,БЕСТ Кепитъл България ЕАД,Заявител,,
519fe333-a041-426f-a4f8-cfc2ddbf1bec,790,2026,Частно гражданско дело,Районен съд - Димитровград,И.Д.И.,Длъжник,,
519fe333-a041-426f-a4f8-cfc2ddbf1bec,790,2026,Частно гражданско дело,Районен съд - Димитровград,В.Л.Л.,Пълномощник,,
bf904c76-876b-4328-99bf-5abdf1f9813e,3528,2026,Частно гражданско дело,Районен съд - Русе,БЕСТ Кепитъл България ЕАД,Заявител,,
bf904c76-876b-4328-99bf-5abdf1f9813e,3528,2026,Частно гражданско дело,Районен съд - Русе,Г.С.Г.,Длъжник,,
bf904c76-876b-4328-99bf-5abdf1f9813e,3528,2026,Частно гражданско дело,Районен съд - Русе,Г.Я.Б.,Пълномощник,,
878c17af-34fe-4f00-a44a-9ee10670cbdc,2197,2026,Частно гражданско дело,Районен съд - Кюстендил,БЕСТ Кепитъл България ЕАД,Заявител,,
878c17af-34fe-4f00-a44a-9ee10670cbdc,2197,2026,Частно гражданско дело,Районен съд - Кюстендил,Е.А.П.,Длъжник,,
878c17af-34fe-4f00-a44a-9ee10670cbdc,2197,2026,Частно гражданско дело,Районен съд - Кюстендил,С.С.П.,Пълномощник,,
9aea6d06-f395-4c0b-b09f-849c9e7091f4,99,2026,Наказателно дело от общ характер,Районен съд - Първомай,ТО-Асеновград към РП-Пловдив,Вносител,,
9aea6d06-f395-4c0b-b09f-849c9e7091f4,99,2026,Наказателно дело от общ характер,Районен съд - Първомай,ТО-Първомай към РП-Пловдив,Вносител,,
9aea6d06-f395-4c0b-b09f-849c9e7091f4,99,2026,Наказателно дело от общ характер,Районен съд - Първомай,В.А.В.,Обвинител,,
9aea6d06-f395-4c0b-b09f-849c9e7091f4,99,2026,Наказателно дело от общ характер,Районен съд - Първомай,Г.В.В.,Обвиняем,,
9aea6d06-f395-4c0b-b09f-849c9e7091f4,99,2026,Наказателно дело от общ характер,Районен съд - Първомай,Х.С.В.,Адвокат,,
aa1ea560-38d0-4509-a35a-f687e8b80005,4205,2026,Гражданско дело,Районен съд - Пловдив,В.Д.И.,Ищец,,
aa1ea560-38d0-4509-a35a-f687e8b80005,4205,2026,Гражданско дело,Районен съд - Пловдив,ИЗИ АСЕТ МЕНИДЖМЪНТ АД,Ответник,,
aa1ea560-38d0-4509-a35a-f687e8b80005,4205,2026,Гражданско дело,Районен съд - Пловдив,ФАЙНЕНШЪЛ БЪЛГАРИЯ ЕООД,Ответник,,
aa1ea560-38d0-4509-a35a-f687e8b80005,4205,2026,Гражданско дело,Районен съд - Пловдив,Д.Г.Б.,Адвокат,Димитър Георгиев Бакърджиев,
ac345b25-85b6-48a4-8de9-8625c6bcff35,222,2026,Частно гражданско дело,Районен съд - Трън,БЕСТ Кепитъл България ЕАД,Заявител,,
ac345b25-85b6-48a4-8de9-8625c6bcff35,222,2026,Частно гражданско дело,Районен съд - Трън,И.Б.С.,Длъжник,,
ac345b25-85b6-48a4-8de9-8625c6bcff35,222,2026,Частно гражданско дело,Районен съд - Трън,В.Л.Л.,Пълномощник,,
142dc0f0-63c0-4c34-b0b3-b5cca98e4dd7,883,2026,Частно гражданско дело,Районен съд - Самоков,БЕСТ Кепитъл България ЕАД,Заявител,,
142dc0f0-63c0-4c34-b0b3-b5cca98e4dd7,883,2026,Частно гражданско дело,Районен съд - Самоков,Е.И.Ю.,Длъжник,,
142dc0f0-63c0-4c34-b0b3-b5cca98e4dd7,883,2026,Частно гражданско дело,Районен съд - Самоков,С.С.П.,Пълномощник,,
9742d943-cf70-4e7e-844c-7251e9897d9d,3527,2026,Частно гражданско дело,Районен съд - Русе,БЕСТ Кепитъл България ЕАД,Заявител,,
9742d943-cf70-4e7e-844c-7251e9897d9d,3527,2026,Частно гражданско дело,Районен съд - Русе,И.Б.Д.,Длъжник,,
9742d943-cf70-4e7e-844c-7251e9897d9d,3527,2026,Частно гражданско дело,Районен съд - Русе,В.Л.Л.,Пълномощник,,
b8ef6aad-18ed-48eb-9808-a06e98547e37,330,2026,Въззивно търговско дело,Апелативен съд - София,БУЛЕЛЕКТРИКС ООД /Н/,Жалбоподател,,
b8ef6aad-18ed-48eb-9808-a06e98547e37,330,2026,Въззивно търговско дело,Апелативен съд - София,ВИДОНА АД,Ответник,,
b8ef6aad-18ed-48eb-9808-a06e98547e37,330,2026,Въззивно търговско дело,Апелативен съд - София,Г.Н.Г.,Адвокат,,
b8ef6aad-18ed-48eb-9808-a06e98547e37,330,2026,Въззивно търговско дело,Апелативен съд - София,Г.С.Н.,Адвокат,Галина Стоянова Найденова,
c37d94d5-2af9-443e-8310-0ea389ff37a7,4204,2026,Частно гражданско дело,Районен съд - Пловдив,А.Б.Б.,Молител,,
c37d94d5-2af9-443e-8310-0ea389ff37a7,4204,2026,Частно гражданско дело,Районен съд - Пловдив,Т.П.Б.,Настойник,,
23d9c5fa-6730-4a3f-8a14-3b7340663cfc,5440,2026,Въззивно частно гражданско дело,Софийски градски съд,М.В.Т.,Жалбоподател,,
23d9c5fa-6730-4a3f-8a14-3b7340663cfc,5440,2026,Въззивно частно гражданско дело,Софийски градски съд,П.Б.А.,Юрисконсулт,,
23d9c5fa-6730-4a3f-8a14-3b7340663cfc,5440,2026,Въззивно частно гражданско дело,Софийски градски съд,Н.П.П.,Адвокат,Надежда Петрова Попова,
49a5228a-c0f8-4e51-89ae-a88893282914,1309,2026,Частно гражданско дело,Районен съд - Лом,БЕСТ Кепитъл България ЕАД,Заявител,,
49a5228a-c0f8-4e51-89ae-a88893282914,1309,2026,Частно гражданско дело,Районен съд - Лом,Е.М.Д.,Длъжник,,
49a5228a-c0f8-4e51-89ae-a88893282914,1309,2026,Частно гражданско дело,Районен съд - Лом,С.С.П.,Пълномощник,,
ec1051bb-eafb-4d99-8b60-44afe6267fbc,2096,2026,Частно гражданско дело,Районен съд - Видин,БЕСТ Кепитъл България ЕАД,Заявител,,
ec1051bb-eafb-4d99-8b60-44afe6267fbc,2096,2026,Частно гражданско дело,Районен съд - Видин,И.А.А.,Длъжник,,
ec1051bb-eafb-4d99-8b60-44afe6267fbc,2096,2026,Частно гражданско дело,Районен съд - Видин,В.Л.Л.,Пълномощник,,
7eb5db98-4353-434f-ad48-25aaf6f3ff9c,1543,2026,Касационно административно дело,Административен съд - Пловдив,В.Т.А.,Касатор,,
7eb5db98-4353-434f-ad48-25aaf6f3ff9c,1543,2026,Касационно административно дело,Административен съд - Пловдив,"ГЛАВНА ДИРЕКЦИЯ ""ИЗПЪЛНЕНИЕ НА НАКАЗАНИЯТА "" СОФИЯ",Ответник,,
7eb5db98-4353-434f-ad48-25aaf6f3ff9c,1543,2026,Касационно административно дело,Административен съд - Пловдив,ОКРЪЖНА ПРОКУРАТУРА ПЛОВДИВ,Контролираща страна,,
7eb5db98-4353-434f-ad48-25aaf6f3ff9c,1543,2026,Касационно административно дело,Административен съд - Пловдив,Н.П.Д.,Пълномощник,,
219c08b0-d147-4149-8f0c-2f03f73ab728,6222,2026,Административно дело,Административен съд - София-град,"""АДЖИБАДЕМ СИТИ КЛИНИК УНИВЕРСИТЕТСКА МНОГОПРОФИЛНА БОЛНИЦА ЗА АКТИВНО ЛЕЧЕНИЕ"" ЕООД",Жалбоподател,,
219c08b0-d147-4149-8f0c-2f03f73ab728,6222,2026,Административно дело,Административен съд - София-град,ДИРЕКТОРА НА СЗОК,Ответник,,
219c08b0-d147-4149-8f0c-2f03f73ab728,6222,2026,Административно дело,Административен съд - София-град,СГП,Друго,,
219c08b0-d147-4149-8f0c-2f03f73ab728,6222,2026,Административно дело,Административен съд - София-град,Г.Р.,Юрисконсулт,,
9ffed91e-bf28-465d-84b2-1358889cc4e3,1001,2026,Частно гражданско дело,Районен съд - Каварна,БЕСТ Кепитъл България ЕАД,Заявител,,
9ffed91e-bf28-465d-84b2-1358889cc4e3,1001,2026,Частно гражданско дело,Районен съд - Каварна,Е.И.М.,Длъжник,,
9ffed91e-bf28-465d-84b2-1358889cc4e3,1001,2026,Частно гражданско дело,Районен съд - Каварна,С.С.П.,Пълномощник,,
de233c32-6601-4dbe-ba1e-0dd5b3fe3fe0,73,2026,Административно наказателно дело,Районен съд - Каварна,М.Ю.Д.,Жалбоподател,,
de233c32-6601-4dbe-ba1e-0dd5b3fe3fe0,73,2026,Административно наказателно дело,Районен съд - Каварна,Е.Т.Т.,Адвокат,Емил Томов Томов,
de233c32-6601-4dbe-ba1e-0dd5b3fe3fe0,73,2026,Административно наказателно дело,Районен съд - Каварна,н-к РУ Шабла ОДМВР-Добрич,Админ.наказ.орган,,
de233c32-6601-4dbe-ba1e-0dd5b3fe3fe0,73,2026,Административно наказателно дело,Районен съд - Каварна,ТО - Каварна към РП-Добрич,Страна,,
de233c32-6601-4dbe-ba1e-0dd5b3fe3fe0,73,2026,Административно наказателно дело,Районен съд - Каварна,А.М.И.,Актосъставител,,
de233c32-6601-4dbe-ba1e-0dd5b3fe3fe0,73,2026,Административно наказателно дело,Районен съд - Каварна,Ж.Т.И.,Свидетел,,
de233c32-6601-4dbe-ba1e-0dd5b3fe3fe0,73,2026,Административно наказателно дело,Районен съд - Каварна,И.И.,Свидетел,,
be846bff-c6a3-4a68-b7e4-1f74b73ddbf8,1546,2026,Частно гражданско дело,Районен съд - Габрово,БЕСТ Кепитъл България ЕАД,Кредитор,,
be846bff-c6a3-4a68-b7e4-1f74b73ddbf8,1546,2026,Частно гражданско дело,Районен съд - Габрово,И.А.С.,Длъжник,,
be846bff-c6a3-4a68-b7e4-1f74b73ddbf8,1546,2026,Частно гражданско дело,Районен съд - Габрово,В.Л.Л.,Юрисконсулт,,
00f2eca3-7464-499b-bc6f-b59b2f5aeb91,3526,2026,Частно гражданско дело,Районен съд - Русе,БЕСТ Кепитъл България ЕАД,Заявител,,
00f2eca3-7464-499b-bc6f-b59b2f5aeb91,3526,2026,Частно гражданско дело,Районен съд - Русе,И.А.А.,Длъжник,,
00f2eca3-7464-499b-bc6f-b59b2f5aeb91,3526,2026,Частно гражданско дело,Районен съд - Русе,В.Л.Л.,Пълномощник,,
753f4d57-baf7-44d9-8e4d-f5092a254d4b,332,2026,Частно наказателно дело,Районен съд - Кърджали,Районно управление - Кърджали,Вносител,,
753f4d57-baf7-44d9-8e4d-f5092a254d4b,332,2026,Частно наказателно дело,Районен съд - Кърджали,И.М.С.,Страна,,
94bdfbbd-7d12-448c-8a13-0b4936f5b568,926,2026,Частно гражданско дело,Районен съд - Сливница,БЕСТ Кепитъл България ЕАД,Заявител,,
94bdfbbd-7d12-448c-8a13-0b4936f5b568,926,2026,Частно гражданско дело,Районен съд - Сливница,Д.Ю.Н.,Длъжник,,
94bdfbbd-7d12-448c-8a13-0b4936f5b568,926,2026,Частно гражданско дело,Районен съд - Сливница,С.С.П.,Пълномощник,,
0aa679ff-a1bb-487a-8e85-9afa0dd658a6,2196,2026,Частно гражданско дело,Районен съд - Кюстендил,БЕСТ Кепитъл България ЕАД,Заявител,,
0aa679ff-a1bb-487a-8e85-9afa0dd658a6,2196,2026,Частно гражданско дело,Районен съд - Кюстендил,И.А.Й.,Длъжник,,
0aa679ff-a1bb-487a-8e85-9afa0dd658a6,2196,2026,Частно гражданско дело,Районен съд - Кюстендил,В.Л.Л.,Пълномощник,,
c701cbcf-4553-4864-9753-faefc1912500,292,2026,Административно дело,Административен съд - Шумен,Т.В.Т.,Жалбоподател,,
c701cbcf-4553-4864-9753-faefc1912500,292,2026,Административно дело,Административен съд - Шумен,НАЦИОНАЛНА ЕКСПЕРТНА ЛЕКАРСКА КОМИСИЯ /НЕЛК/,Ответник,,
c701cbcf-4553-4864-9753-faefc1912500,292,2026,Административно дело,Административен съд - Шумен,Регионална дирекция за социално подпомагане Шумен,Заинтересована страна,,
c701cbcf-4553-4864-9753-faefc1912500,292,2026,Административно дело,Административен съд - Шумен,ТЕЛК - Първи състав към МБАЛ град ШУМЕН,Заинтересована страна,,
c701cbcf-4553-4864-9753-faefc1912500,292,2026,Административно дело,Административен съд - Шумен,ТП НА НОИ ШУМЕН,Заинтересована страна,,
c701cbcf-4553-4864-9753-faefc1912500,292,2026,Административно дело,Административен съд - Шумен,Агенция за хора с увреждания,Заинтересована страна,,
b593bbc7-b13d-42af-82f6-c3d9c952dab6,469,2026,Частно наказателно дело,Районен съд - Ловеч,ДЪРЖАВНА ПСИХИАТРИЧНА БОЛНИЦА -ЛОВЕЧ,Вносител,,
b593bbc7-b13d-42af-82f6-c3d9c952dab6,469,2026,Частно наказателно дело,Районен съд - Ловеч,Б.С.В.,Обвинител,,
b593bbc7-b13d-42af-82f6-c3d9c952dab6,469,2026,Частно наказателно дело,Районен съд - Ловеч,Б.Р.Б.,Освидетелстван,,
b593bbc7-b13d-42af-82f6-c3d9c952dab6,469,2026,Частно наказателно дело,Районен съд - Ловеч,В.М.А.,Вещо лице,,
b593bbc7-b13d-42af-82f6-c3d9c952dab6,469,2026,Частно наказателно дело,Районен съд - Ловеч,Районна прокуратура - Ловеч,Страна по първоинст.дело,,
b593bbc7-b13d-42af-82f6-c3d9c952dab6,469,2026,Частно наказателно дело,Районен съд - Ловеч,С.П.Т.,Служебен защитник,,
fd3236b9-3272-4196-ba68-f1b9e387d29d,331,2026,Частно наказателно дело,Районен съд - Кърджали,ДАНС-ТД Национална сигурност–Кърджали,Друго,,
d2cba3ed-a951-483d-92f2-ad871cfb6da0,1869,2026,Частно гражданско дело,Районен съд - Горна Оряховица,БЕСТ Кепитъл България ЕАД,Заявител,,
d2cba3ed-a951-483d-92f2-ad871cfb6da0,1869,2026,Частно гражданско дело,Районен съд - Горна Оряховица,И.Т.Н.,Длъжник,,
d2cba3ed-a951-483d-92f2-ad871cfb6da0,1869,2026,Частно гражданско дело,Районен съд - Горна Оряховица,В.Л.Л.,Пълномощник,,
7ba62fb0-2c44-43b1-87b5-116cadf9c363,4393,2026,Частно гражданско дело,Районен съд - Враца,БЕСТ Кепитъл България ЕАД,Заявител,,
7ba62fb0-2c44-43b1-87b5-116cadf9c363,4393,2026,Частно гражданско дело,Районен съд - Враца,А.Р.А.,Длъжник,,
7ba62fb0-2c44-43b1-87b5-116cadf9c363,4393,2026,Частно гражданско дело,Районен съд - Враца,Б.И.К.,Пълномощник,,
c56524b5-d49d-4312-ac67-b03da84585fd,2568,2026,Частно гражданско дело,Районен съд - Добрич,Б.З.М.,Молител,,
c56524b5-d49d-4312-ac67-b03da84585fd,2568,2026,Частно гражданско дело,Районен съд - Добрич,З.М.А.,Настойник,,
bebe1e7c-3fc7-4ec5-a157-93041d55e649,3525,2026,Частно гражданско дело,Районен съд - Русе,БЕСТ Кепитъл България ЕАД,Заявител,,
bebe1e7c-3fc7-4ec5-a157-93041d55e649,3525,2026,Частно гражданско дело,Районен съд - Русе,А.М.А.,Длъжник,,
bebe1e7c-3fc7-4ec5-a157-93041d55e649,3525,2026,Частно гражданско дело,Районен съд - Русе,Б.И.К.,Пълномощник,,
6bb22eba-c958-4eef-ae3f-2f7054fb623b,4392,2026,Частно гражданско дело,Районен съд - Враца,БЕСТ Кепитъл България ЕАД,Заявител,,
6bb22eba-c958-4eef-ae3f-2f7054fb623b,4392,2026,Частно гражданско дело,Районен съд - Враца,И.И.И.,Длъжник,,
6bb22eba-c958-4eef-ae3f-2f7054fb623b,4392,2026,Частно гражданско дело,Районен съд - Враца,В.Л.Л.,Пълномощник,,
1f636cb5-d0cd-469a-a318-cb12d54cb688,1130,2026,Частно гражданско дело,Районен съд - Бяла Слатина,БЕСТ Кепитъл България ЕАД,Заявител,,
1f636cb5-d0cd-469a-a318-cb12d54cb688,1130,2026,Частно гражданско дело,Районен съд - Бяла Слатина,А.З.З.,Длъжник,,
1f636cb5-d0cd-469a-a318-cb12d54cb688,1130,2026,Частно гражданско дело,Районен съд - Бяла Слатина,Б.И.К.,Юрисконсулт,,
cc3447ad-dea6-4c99-9001-e345d4abc22a,1083,2026,Частно гражданско дело,Районен съд - Ловеч,Инспекторат на ВСС,Вносител,,
cc3447ad-dea6-4c99-9001-e345d4abc22a,1083,2026,Частно гражданско дело,Районен съд - Ловеч,Т.С.А.,Страна,,
cc3447ad-dea6-4c99-9001-e345d4abc22a,1083,2026,Частно гражданско дело,Районен съд - Ловеч,Й.И.К.,Страна,,
ad161faa-5fd1-43bf-bd36-ca4a768e279a,330,2026,Частно наказателно дело,Районен съд - Кърджали,ДАНС-ТД Национална сигурност–Кърджали,Друго,,
9827d28b-c1de-4977-85d8-2744cbbbbe4e,6221,2026,Административно дело,Административен съд - София-град,Месокомбинат Свищов ООД,Жалбоподател,,
9827d28b-c1de-4977-85d8-2744cbbbbe4e,6221,2026,Административно дело,Административен съд - София-град,"Главен инспектор в отдел ""Контрол на храните"" към ОДБХ Велико Търново",Ответник,,
9827d28b-c1de-4977-85d8-2744cbbbbe4e,6221,2026,Административно дело,Административен съд - София-град,Н.Г.Б.,Адвокат,,
fcc2f144-0cc1-43b1-b386-e57a6aaf39dc,2176,2026,Частно гражданско дело,Районен съд - Пазарджик,БЕСТ Кепитъл България ЕАД,Заявител,,
fcc2f144-0cc1-43b1-b386-e57a6aaf39dc,2176,2026,Частно гражданско дело,Районен съд - Пазарджик,Д.С.Т.,Длъжник,,
fcc2f144-0cc1-43b1-b386-e57a6aaf39dc,2176,2026,Частно гражданско дело,Районен съд - Пазарджик,С.С.П.,Пълномощник,,
6982f283-c04a-459c-9269-f0a35dae7053,840,2026,Частно гражданско дело,Районен съд - Кубрат,БЕСТ Кепитъл България ЕАД,Заявител,,
6982f283-c04a-459c-9269-f0a35dae7053,840,2026,Частно гражданско дело,Районен съд - Кубрат,И.Е.И.,Длъжник,,
6982f283-c04a-459c-9269-f0a35dae7053,840,2026,Частно гражданско дело,Районен съд - Кубрат,В.Л.Л.,Пълномощник,,
b0cf9050-0e0e-42b0-99c3-81555a4935b0,5439,2026,Въззивно гражданско дело,Софийски градски съд,Х.М.Г.,Въззивник,,
b0cf9050-0e0e-42b0-99c3-81555a4935b0,5439,2026,Въззивно гражданско дело,Софийски градски съд,ТЕРИТОРИАЛНО ПОДЕЛЕНИЕ НА НОИ- СОФИЯ ГРАД,Въззиваема страна,,
b0cf9050-0e0e-42b0-99c3-81555a4935b0,5439,2026,Въззивно гражданско дело,Софийски градски съд,Вергил Владимиров Владимиров (1200610810 София),Адвокат,,
fabcec29-27ce-4559-9f06-09ae2b60784a,2567,2026,Частно гражданско дело,Районен съд - Добрич,П.К.С.,Молител,,
fabcec29-27ce-4559-9f06-09ae2b60784a,2567,2026,Частно гражданско дело,Районен съд - Добрич,П.И.В.,Законен представител,,
fabcec29-27ce-4559-9f06-09ae2b60784a,2567,2026,Частно гражданско дело,Районен съд - Добрич,К.С.М.,Законен представител,,
02a1f8f6-51a1-4887-a848-8f5a2f0d5f42,1059,2026,Частно гражданско дело,Районен съд - Тетевен,БЕСТ Кепитъл България ЕАД,Заявител,,
02a1f8f6-51a1-4887-a848-8f5a2f0d5f42,1059,2026,Частно гражданско дело,Районен съд - Тетевен,А.Е.Щ.,Длъжник,,
02a1f8f6-51a1-4887-a848-8f5a2f0d5f42,1059,2026,Частно гражданско дело,Районен съд - Тетевен,Б.И.К.,Пълномощник,,
8a179086-d21c-4750-b8d6-7ba0affad8ed,1410,2026,Частно гражданско дело,Районен съд - Хасково,БЕСТ Кепитъл България ЕАД,Заявител,,
8a179086-d21c-4750-b8d6-7ba0affad8ed,1410,2026,Частно гражданско дело,Районен съд - Хасково,Д.Т.Т.,Длъжник,,
8a179086-d21c-4750-b8d6-7ba0affad8ed,1410,2026,Частно гражданско дело,Районен съд - Хасково,С.С.П.,Пълномощник,,
7b742c0c-9f6f-43d9-8e78-349c2a634aab,4391,2026,Частно гражданско дело,Районен съд - Враца,БЕСТ Кепитъл България ЕАД,Заявител,,
7b742c0c-9f6f-43d9-8e78-349c2a634aab,4391,2026,Частно гражданско дело,Районен съд - Враца,А.Д.Д.,Длъжник,,
7b742c0c-9f6f-43d9-8e78-349c2a634aab,4391,2026,Частно гражданско дело,Районен съд - Враца,Б.И.К.,Пълномощник,,
04b77cdc-6771-46ee-9df0-492507604424,1129,2026,Частно гражданско дело,Районен съд - Бяла Слатина,Г.В.И.,Молител,,
04b77cdc-6771-46ee-9df0-492507604424,1129,2026,Частно гражданско дело,Районен съд - Бяла Слатина,П.Г.В.,Вещо лице,,
04b77cdc-6771-46ee-9df0-492507604424,1129,2026,Частно гражданско дело,Районен съд - Бяла Слатина,В.Н.Н.,Родител,,
04b77cdc-6771-46ee-9df0-492507604424,1129,2026,Частно гражданско дело,Районен съд - Бяла Слатина,"Дирекция ""Социално подпомагане"" Бяла Слатина-отдел ""Закрила на детето""",Друго,,
ca45c6c3-2e25-4cc0-bbdd-ca036b0bb735,329,2026,Частно наказателно дело,Районен съд - Кърджали,ДАНС-ТД Национална сигурност–Кърджали,Друго,,
abde7cd6-28b4-480c-98a3-81d64f075a26,1493,2026,Въззивно гражданско дело,Апелативен съд - София,С.К.Т.,Жалбоподател,,
abde7cd6-28b4-480c-98a3-81d64f075a26,1493,2026,Въззивно гражданско дело,Апелативен съд - София,"ЗАСТРАХОВАТЕЛНО АКЦИОНЕРНО ДРУЖЕСТВО ""ОЗК - ЗАСТРАХОВАНЕ "" АД",Жалбоподател-ответник,,
abde7cd6-28b4-480c-98a3-81d64f075a26,1493,2026,Въззивно гражданско дело,Апелативен съд - София,К.М.К.,Адвокат,,
abde7cd6-28b4-480c-98a3-81d64f075a26,1493,2026,Въззивно гражданско дело,Апелативен съд - София,ЗАСТРАХОВАТЕЛНА КОМПАНИЯ ЛЕВ ИНС АД,Трето лице помагач,,
abde7cd6-28b4-480c-98a3-81d64f075a26,1493,2026,Въззивно гражданско дело,Апелативен съд - София,Л.К.К.,Вещо лице,,
abde7cd6-28b4-480c-98a3-81d64f075a26,1493,2026,Въззивно гражданско дело,Апелативен съд - София,М.П.Т.,Вещо лице,,
abde7cd6-28b4-480c-98a3-81d64f075a26,1493,2026,Въззивно гражданско дело,Апелативен съд - София,Н.С.,Вещо лице,,
abde7cd6-28b4-480c-98a3-81d64f075a26,1493,2026,Въззивно гражданско дело,Апелативен съд - София,С.Й.,Юрисконсулт,,
abde7cd6-28b4-480c-98a3-81d64f075a26,1493,2026,Въззивно гражданско дело,Апелативен съд - София,М.Б.П.,Вещо лице,,
64e2c339-00b6-4aba-b1b2-c4b1658acb43,1542,2026,Административно дело,Административен съд - Пловдив,М.Г.К.,Жалбоподател,,
64e2c339-00b6-4aba-b1b2-c4b1658acb43,1542,2026,Административно дело,Административен съд - Пловдив,"ОД МВР ВИДИН, РУ ВИДИН",Ответник,,
64e2c339-00b6-4aba-b1b2-c4b1658acb43,1542,2026,Административно дело,Административен съд - Пловдив,"Младши инспектор към РУ-Видин, ОДМВР-Видин",Ответник,,
64e2c339-00b6-4aba-b1b2-c4b1658acb43,1542,2026,Административно дело,Административен съд - Пловдив,Г.К.Г.,Пълномощник,Гънчо Койчев Гънчев,
17209041-91eb-4bc2-8fc1-5070aabc2e3b,673,2026,Частно гражданско дело,Районен съд - Попово,БЕСТ Кепитъл България ЕАД,Заявител,,
17209041-91eb-4bc2-8fc1-5070aabc2e3b,673,2026,Частно гражданско дело,Районен съд - Попово,И.Д.Й.,Длъжник,,
17209041-91eb-4bc2-8fc1-5070aabc2e3b,673,2026,Частно гражданско дело,Районен съд - Попово,В.Л.Л.,Пълномощник,,
ec64f5c0-f0e8-4170-9722-32356a6237f0,752,2026,Частно гражданско дело,Районен съд - Ген. Тошево,БЕСТ Кепитъл България ЕАД,Заявител,,
ec64f5c0-f0e8-4170-9722-32356a6237f0,752,2026,Частно гражданско дело,Районен съд - Ген. Тошево,Д.Г.Д.,Длъжник,,
ec64f5c0-f0e8-4170-9722-32356a6237f0,752,2026,Частно гражданско дело,Районен съд - Ген. Тошево,С.С.П.,Пълномощник,,
a3992915-cb89-43ef-a93f-895a436e7dcd,804,2026,Частно гражданско дело,Районен съд - Тополовград,БЕСТ Кепитъл България ЕАД,Заявител,,
a3992915-cb89-43ef-a93f-895a436e7dcd,804,2026,Частно гражданско дело,Районен съд - Тополовград,А.Г.Р.,Длъжник,,
a3992915-cb89-43ef-a93f-895a436e7dcd,804,2026,Частно гражданско дело,Районен съд - Тополовград,Б.И.К.,Пълномощник,,
f1935725-1a60-4077-9dfe-74c5e714a9a8,625,2026,Административно дело,Административен съд - Пазарджик,Н.Л.Х.Д.,Жалбоподател,,
f1935725-1a60-4077-9dfe-74c5e714a9a8,625,2026,Административно дело,Административен съд - Пазарджик,Изп. директор на Българска агенция по безопасност на храните (БАБХ),Ответник,,
f1935725-1a60-4077-9dfe-74c5e714a9a8,625,2026,Административно дело,Административен съд - Пазарджик,ИЗП. ДИРЕКТОР НА БАБХ,Ответник,,
f1935725-1a60-4077-9dfe-74c5e714a9a8,625,2026,Административно дело,Административен съд - Пазарджик,П.В.П.,Адвокат,,
87632d63-245f-4f77-9ac4-57462494dd6d,328,2026,Административно наказателно дело,Районен съд - Кърджали,Б.Н.Б.,Жалбоподател,,
87632d63-245f-4f77-9ac4-57462494dd6d,328,2026,Административно наказателно дело,Районен съд - Кърджали,А.Е.Х.,Обвинител,,
87632d63-245f-4f77-9ac4-57462494dd6d,328,2026,Административно наказателно дело,Районен съд - Кърджали,Началник сектор “Пътна полиция” при ОДМВР – Кърджали,Админ.наказ.орган,,
87632d63-245f-4f77-9ac4-57462494dd6d,328,2026,Административно наказателно дело,Районен съд - Кърджали,В.Я.Т.,Актосъставител,,
87632d63-245f-4f77-9ac4-57462494dd6d,328,2026,Административно наказателно дело,Районен съд - Кърджали,Д.Р.Т.,Свидетел,,
87632d63-245f-4f77-9ac4-57462494dd6d,328,2026,Административно наказателно дело,Районен съд - Кърджали,Районна прокуратура - Кърджали,Страна,,
87632d63-245f-4f77-9ac4-57462494dd6d,328,2026,Административно наказателно дело,Районен съд - Кърджали,С.Ф.М.,Пълномощник,,
87632d63-245f-4f77-9ac4-57462494dd6d,328,2026,Административно наказателно дело,Районен съд - Кърджали,ОДМВР - Кърджали,Друго,,
87632d63-245f-4f77-9ac4-57462494dd6d,328,2026,Административно наказателно дело,Районен съд - Кърджали,ГАРАНЦИОНЕН ФОНД,Друго,,
b126efdd-d92a-4f7a-9482-e7158828bf6b,3524,2026,Частно гражданско дело,Районен съд - Русе,БЕСТ Кепитъл България ЕАД,Заявител,,
b126efdd-d92a-4f7a-9482-e7158828bf6b,3524,2026,Частно гражданско дело,Районен съд - Русе,И.Д.И.,Длъжник,,
b126efdd-d92a-4f7a-9482-e7158828bf6b,3524,2026,Частно гражданско дело,Районен съд - Русе,В.Л.Л.,Пълномощник,,
22e81f22-8dbf-436a-ad2d-1925b88e3d4b,2175,2026,Частно гражданско дело,Районен съд - Пазарджик,БЕСТ Кепитъл България ЕАД,Заявител,,
22e81f22-8dbf-436a-ad2d-1925b88e3d4b,2175,2026,Частно гражданско дело,Районен съд - Пазарджик,И.В.Д.,Длъжник,,
22e81f22-8dbf-436a-ad2d-1925b88e3d4b,2175,2026,Частно гражданско дело,Районен съд - Пазарджик,В.Л.Л.,Пълномощник,,
ef7c248d-0924-4a2a-ae55-944d8e7b2146,6220,2026,Административно дело,Административен съд - София-град,В.М.С.,Жалбоподател,ПАНАЙОТ ВАСКОВ ЙОТОВ,
ef7c248d-0924-4a2a-ae55-944d8e7b2146,6220,2026,Административно дело,Административен съд - София-град,КМЕТ НА СО РАЙОН ОВЧА КУПЕЛ,Ответник,,
ef7c248d-0924-4a2a-ae55-944d8e7b2146,6220,2026,Административно дело,Административен съд - София-град,СГП,Друго,,
ef7c248d-0924-4a2a-ae55-944d8e7b2146,6220,2026,Административно дело,Административен съд - София-град,В.К.В.,Заинтересована страна,,
ef7c248d-0924-4a2a-ae55-944d8e7b2146,6220,2026,Административно дело,Административен съд - София-град,П.В.Й.,Адвокат,,
ef7c248d-0924-4a2a-ae55-944d8e7b2146,6220,2026,Административно дело,Административен съд - София-град,З.Й.С.,Адвокат,,
ef7c248d-0924-4a2a-ae55-944d8e7b2146,6220,2026,Административно дело,Административен съд - София-град,И.М.И.,Вещо лице,,
758f1657-5b89-4b55-b56a-4555de64663c,327,2026,Административно наказателно дело,Районен съд - Кърджали,С.Е.М.,Жалбоподател,,
758f1657-5b89-4b55-b56a-4555de64663c,327,2026,Административно наказателно дело,Районен съд - Кърджали,М.А.Ц.,Пълномощник,Миглена Ангелова Цанкова,
758f1657-5b89-4b55-b56a-4555de64663c,327,2026,Административно наказателно дело,Районен съд - Кърджали,Началник сектор в РУ-Кърджали към ОД МВР-Кърджали,Админ.наказ.орган,,
758f1657-5b89-4b55-b56a-4555de64663c,327,2026,Административно наказателно дело,Районен съд - Кърджали,Д.Д.Х.,Актосъставител,,
758f1657-5b89-4b55-b56a-4555de64663c,327,2026,Административно наказателно дело,Районен съд - Кърджали,И.Х.О.,Свидетел,,
758f1657-5b89-4b55-b56a-4555de64663c,327,2026,Административно наказателно дело,Районен съд - Кърджали,Районна прокуратура - Кърджали,Страна,,
c37f20f0-88ba-489e-9f01-e77b5ae85801,5527,2026,Частно гражданско дело,Районен съд - Перник,БЕСТ Кепитъл България ЕАД,Заявител,,
c37f20f0-88ba-489e-9f01-e77b5ae85801,5527,2026,Частно гражданско дело,Районен съд - Перник,А.Х.Д.,Длъжник,,
c37f20f0-88ba-489e-9f01-e77b5ae85801,5527,2026,Частно гражданско дело,Районен съд - Перник,Б.И.К.,Пълномощник,,
1283cb28-b76f-43e8-a4f0-1fc47450f855,4390,2026,Частно гражданско дело,Районен съд - Враца,БЕСТ Кепитъл България ЕАД,Заявител,,
1283cb28-b76f-43e8-a4f0-1fc47450f855,4390,2026,Частно гражданско дело,Районен съд - Враца,И.В.И.,Длъжник,,
1283cb28-b76f-43e8-a4f0-1fc47450f855,4390,2026,Частно гражданско дело,Районен съд - Враца,В.Л.Л.,Пълномощник,,
de25af3f-fa41-4773-bd84-a45626fed07f,3499,2026,Въззивно наказателно дело от общ характер,Софийски градски съд,Районна прокуратура - София,Вносител,,
de25af3f-fa41-4773-bd84-a45626fed07f,3499,2026,Въззивно наказателно дело от общ характер,Софийски градски съд,П.Г.И.,Обвинител,,
de25af3f-fa41-4773-bd84-a45626fed07f,3499,2026,Въззивно наказателно дело от общ характер,Софийски градски съд,Б.В.И.,Подсъдим,,
de25af3f-fa41-4773-bd84-a45626fed07f,3499,2026,Въззивно наказателно дело от общ характер,Софийски градски съд,С.Л.П.,Адвокат,,
de25af3f-fa41-4773-bd84-a45626fed07f,3499,2026,Въззивно наказателно дело от общ характер,Софийски градски съд,Софийска градска прокуратура,Страна,,
3b73e52c-b528-413a-a56a-bb3018a9eb35,2195,2026,Частно гражданско дело,Районен съд - Кюстендил,БЕСТ Кепитъл България ЕАД,Заявител,,
3b73e52c-b528-413a-a56a-bb3018a9eb35,2195,2026,Частно гражданско дело,Районен съд - Кюстендил,А.М.Н.,Длъжник,,
3b73e52c-b528-413a-a56a-bb3018a9eb35,2195,2026,Частно гражданско дело,Районен съд - Кюстендил,Б.И.К.,Пълномощник,,
fa26fbf5-1f5e-4888-abfc-2b7c63f0e1f7,932,2026,Гражданско дело,Районен съд - Силистра,Г.В.А.,Молител,,
fa26fbf5-1f5e-4888-abfc-2b7c63f0e1f7,932,2026,Гражданско дело,Районен съд - Силистра,Р.Г.Й.,Молител,,
fa26fbf5-1f5e-4888-abfc-2b7c63f0e1f7,932,2026,Гражданско дело,Районен съд - Силистра,Р.Г.Г.,Адвокат,,
b1762b7a-ef4f-4d6b-9a67-122d09e89d4a,1868,2026,Частно гражданско дело,Районен съд - Горна Оряховица,БЕСТ Кепитъл България ЕАД,Заявител,,
b1762b7a-ef4f-4d6b-9a67-122d09e89d4a,1868,2026,Частно гражданско дело,Районен съд - Горна Оряховица,И.А.А.,Длъжник,,
b1762b7a-ef4f-4d6b-9a67-122d09e89d4a,1868,2026,Частно гражданско дело,Районен съд - Горна Оряховица,В.Л.Л.,Пълномощник,,
9fb29958-a35b-4b83-9cdc-a0a37c6e2dd5,829,2026,Гражданско дело,Районен съд - Радомир,ЙЕТТЕЛ БЪЛГАРИЯ ЕАД,Ищец,,
9fb29958-a35b-4b83-9cdc-a0a37c6e2dd5,829,2026,Гражданско дело,Районен съд - Радомир,М.Х.Е.,Ответник,,
9fb29958-a35b-4b83-9cdc-a0a37c6e2dd5,829,2026,Гражданско дело,Районен съд - Радомир,Г.И.З.,Адвокат,,
7bbb22b1-ac15-4c09-a1a6-d6bdbf81f17f,4389,2026,Частно гражданско дело,Районен съд - Враца,БЕСТ Кепитъл България ЕАД,Заявител,,
7bbb22b1-ac15-4c09-a1a6-d6bdbf81f17f,4389,2026,Частно гражданско дело,Районен съд - Враца,Д.К.Ц.,Длъжник,,
7bbb22b1-ac15-4c09-a1a6-d6bdbf81f17f,4389,2026,Частно гражданско дело,Районен съд - Враца,С.С.П.,Пълномощник,,
9531a017-0622-4104-a110-61ff6eddac53,291,2026,Касационно административно наказателно дело,Административен съд - Шумен,В.И.В.,Касатор,,
9531a017-0622-4104-a110-61ff6eddac53,291,2026,Касационно административно наказателно дело,Административен съд - Шумен,НАЧАЛНИК РУ КАОЛИНОВО КЪМ ОДМВР ШУМЕН,Ответник,,
9531a017-0622-4104-a110-61ff6eddac53,291,2026,Касационно административно наказателно дело,Административен съд - Шумен,Д.М.И.,Адвокат,,
a41cecc5-8a6b-44e0-b54b-766fa17bc5b2,6219,2026,Административно дело,Административен съд - София-град,КЕШ ПОЙНТ БЪЛГАРИЯ ООД,Жалбоподател,,
a41cecc5-8a6b-44e0-b54b-766fa17bc5b2,6219,2026,Административно дело,Административен съд - София-град,П.К.З.З.П.,Ответник,,
a41cecc5-8a6b-44e0-b54b-766fa17bc5b2,6219,2026,Административно дело,Административен съд - София-град,Н.П.П.,Представител,,
d829db10-becb-4ddc-8a5b-f99257e66dcf,751,2026,Частно гражданско дело,Районен съд - Своге,БЕСТ Кепитъл България ЕАД,Заявител,,
d829db10-becb-4ddc-8a5b-f99257e66dcf,751,2026,Частно гражданско дело,Районен съд - Своге,И.В.Х.,Длъжник,,
d829db10-becb-4ddc-8a5b-f99257e66dcf,751,2026,Частно гражданско дело,Районен съд - Своге,В.Л.Л.,Пълномощник,,
69540d54-df65-47a6-a655-17536093522d,2153,2026,Касационно гражданско дело,Върховен касационен съд,ДЪРЖАВНА ПСИХИАТРИЧНА БОЛНИЦА -ЛОВЕЧ,Жалбоподател,,
69540d54-df65-47a6-a655-17536093522d,2153,2026,Касационно гражданско дело,Върховен касационен съд,Д.С.Д.,Ответник,,
69540d54-df65-47a6-a655-17536093522d,2153,2026,Касационно гражданско дело,Върховен касационен съд,Х.С.Б.,Адвокат,,
69540d54-df65-47a6-a655-17536093522d,2153,2026,Касационно гражданско дело,Върховен касационен съд,Р.М.М.,Адвокат,,
19a667dd-fc1f-4064-92be-acd9a75b93f3,190,2026,Наказателно дело от общ характер,Районен съд - Бяла Слатина,ТО-Бяла Слатина към РП-Враца,Вносител,,
19a667dd-fc1f-4064-92be-acd9a75b93f3,190,2026,Наказателно дело от общ характер,Районен съд - Бяла Слатина,Н.Ц.К.,Обвинител,,
19a667dd-fc1f-4064-92be-acd9a75b93f3,190,2026,Наказателно дело от общ характер,Районен съд - Бяла Слатина,П.В.П.,Обвиняем,,
19a667dd-fc1f-4064-92be-acd9a75b93f3,190,2026,Наказателно дело от общ характер,Районен съд - Бяла Слатина,Ц.И.А.,Защитник,,
19a667dd-fc1f-4064-92be-acd9a75b93f3,190,2026,Наказателно дело от общ характер,Районен съд - Бяла Слатина,ОДМВР - Враца,Друго,,
f923001b-d9ec-494b-aa20-c926dd361602,719,2026,Въззивно частно наказателно дело,Окръжен съд - Бургас,Д.Г.Ц.,Обвинител,,
f923001b-d9ec-494b-aa20-c926dd361602,719,2026,Въззивно частно наказателно дело,Окръжен съд - Бургас,Ф.Н.Й.,Обвиняем,,
f923001b-d9ec-494b-aa20-c926dd361602,719,2026,Въззивно частно наказателно дело,Окръжен съд - Бургас,С.К.К.,Служебен защитник,,
f923001b-d9ec-494b-aa20-c926dd361602,719,2026,Въззивно частно наказателно дело,Окръжен съд - Бургас,Окръжна прокуратура - Бургас,Страна,,
25534ce9-f14a-41fe-a6a1-de99a9151292,4388,2026,Частно гражданско дело,Районен съд - Враца,БЕСТ Кепитъл България ЕАД,Заявител,,
25534ce9-f14a-41fe-a6a1-de99a9151292,4388,2026,Частно гражданско дело,Районен съд - Враца,А.И.Г.,Длъжник,,
25534ce9-f14a-41fe-a6a1-de99a9151292,4388,2026,Частно гражданско дело,Районен съд - Враца,Б.И.К.,Пълномощник,,
3619c2c2-e913-4739-8750-37e2484de0dd,4387,2026,Частно гражданско дело,Районен съд - Враца,БЕСТ Кепитъл България ЕАД,Заявител,,
3619c2c2-e913-4739-8750-37e2484de0dd,4387,2026,Частно гражданско дело,Районен съд - Враца,Д.А.Й.,Длъжник,,
3619c2c2-e913-4739-8750-37e2484de0dd,4387,2026,Частно гражданско дело,Районен съд - Враца,С.С.П.,Пълномощник,,
accab6bd-e692-498a-ab3f-d039bec6d0a9,2873,2026,Административно наказателно дело,Районен съд - Пловдив,Й.С.Й.,Жалбоподател,,
accab6bd-e692-498a-ab3f-d039bec6d0a9,2873,2026,Административно наказателно дело,Районен съд - Пловдив,"Началник група в ОДМВР Пловдив, Сектор “Пътна полиция” - ОДМВР – Пловдив",Админ.наказ.орган,,
accab6bd-e692-498a-ab3f-d039bec6d0a9,2873,2026,Административно наказателно дело,Районен съд - Пловдив,Г.В.М.,Актосъставител,,
accab6bd-e692-498a-ab3f-d039bec6d0a9,2873,2026,Административно наказателно дело,Районен съд - Пловдив,З.Н.У.,Свидетел,,
bf4f9c12-c02f-42b6-a156-7245f867cd20,3523,2026,Частно гражданско дело,Районен съд - Русе,БЕСТ Кепитъл България ЕАД,Заявител,,
bf4f9c12-c02f-42b6-a156-7245f867cd20,3523,2026,Частно гражданско дело,Районен съд - Русе,З.С.Б.,Длъжник,,
bf4f9c12-c02f-42b6-a156-7245f867cd20,3523,2026,Частно гражданско дело,Районен съд - Русе,В.Л.Л.,Пълномощник,,
8f441153-db96-4530-9124-f18e9c111fc5,316,2026,Частно наказателно дело,Районен съд - Разград,ОДМВР - Разград,Вносител,,
4d6054f9-0e64-4519-9e97-be75d8b19462,1541,2026,Административно дело,Административен съд - Пловдив,В.Х.П.,Жалбоподател,,
4d6054f9-0e64-4519-9e97-be75d8b19462,1541,2026,Административно дело,Административен съд - Пловдив,"ПОЛИЦАЙ КЪМ РУ ПЪРВОМАЙ,ОДМВР ПЛОВДИВ-ИВАНА КОНСТАНТИНОВА ВАСИЛЕВА",Ответник,,
4d6054f9-0e64-4519-9e97-be75d8b19462,1541,2026,Административно дело,Административен съд - Пловдив,К.Г.Х.,Пълномощник,,
4d6054f9-0e64-4519-9e97-be75d8b19462,1541,2026,Административно дело,Административен съд - Пловдив,ОКРЪЖНА ПРОКУРАТУРА ПЛОВДИВ,Контролираща страна,,
966f3a70-426e-4e88-9795-8bea378e5641,1467,2026,Частно гражданско дело,Районен съд - Нови пазар,БЕСТ Кепитъл България ЕАД,Заявител,,
966f3a70-426e-4e88-9795-8bea378e5641,1467,2026,Частно гражданско дело,Районен съд - Нови пазар,А.И.С.,Длъжник,,
966f3a70-426e-4e88-9795-8bea378e5641,1467,2026,Частно гражданско дело,Районен съд - Нови пазар,Б.И.К.,Пълномощник,,
1551c7f7-9aa8-4d80-9aec-5bfae1005892,5438,2026,Въззивно частно гражданско дело,Софийски градски съд,Сидая Фарма ЕАД,Жалбоподател,,
22152009-cd20-4421-b9a4-c0412fe2d34a,561,2026,Въззивно частно наказателно дело,Окръжен съд - Стара Загора,Г.Н.Н.,Обвинител,,
22152009-cd20-4421-b9a4-c0412fe2d34a,561,2026,Въззивно частно наказателно дело,Окръжен съд - Стара Загора,Г.Т.С.,Жалбоподател-подсъдим,,
22152009-cd20-4421-b9a4-c0412fe2d34a,561,2026,Въззивно частно наказателно дело,Окръжен съд - Стара Загора,И.Т.М.,Служебен защитник,,
22152009-cd20-4421-b9a4-c0412fe2d34a,561,2026,Въззивно частно наказателно дело,Окръжен съд - Стара Загора,Окръжна прокуратура - Стара Загора,Страна,,
b1a9ab1b-550a-464c-ae30-035f6fe55dc5,231,2026,Въззивно търговско дело,Апелативен съд - Варна,ЗАСТРАХОВАТЕЛНА КОМПАНИЯ ЛЕВ ИНС АД,Въззивник,,
b1a9ab1b-550a-464c-ae30-035f6fe55dc5,231,2026,Въззивно търговско дело,Апелативен съд - Варна,Х.М.И.,Въззиваема страна,,
b1a9ab1b-550a-464c-ae30-035f6fe55dc5,231,2026,Въззивно търговско дело,Апелативен съд - Варна,К.Х.И.,Въззиваема страна,,
b1a9ab1b-550a-464c-ae30-035f6fe55dc5,231,2026,Въззивно търговско дело,Апелативен съд - Варна,П.Й.В.,Адвокат,Панайот Йовчев Велков,
b1a9ab1b-550a-464c-ae30-035f6fe55dc5,231,2026,Въззивно търговско дело,Апелативен съд - Варна,Н.Н.Д.,Адвокат,Николай Николаев Димитров,
1267e681-09d7-4cc6-92ee-02b424b1716b,5437,2026,Въззивно гражданско дело,Софийски градски съд,З.Р.С.,Въззивник,,
1267e681-09d7-4cc6-92ee-02b424b1716b,5437,2026,Въззивно гражданско дело,Софийски градски съд,Н.Р.С.,Въззивник,,
1267e681-09d7-4cc6-92ee-02b424b1716b,5437,2026,Въззивно гражданско дело,Софийски градски съд,Н.П.Р.,Адвокат,,
1267e681-09d7-4cc6-92ee-02b424b1716b,5437,2026,Въззивно гражданско дело,Софийски градски съд,В.К.Н.,Адвокат,,
4262713a-f0ce-40be-aa7a-115bfc819cd6,5526,2026,Частно гражданско дело,Районен съд - Перник,БЕСТ Кепитъл България ЕАД,Заявител,,
4262713a-f0ce-40be-aa7a-115bfc819cd6,5526,2026,Частно гражданско дело,Районен съд - Перник,З.Н.Е.Д.,Длъжник,,
4262713a-f0ce-40be-aa7a-115bfc819cd6,5526,2026,Частно гражданско дело,Районен съд - Перник,В.Л.Л.,Пълномощник,,
f0ea78f2-c5f7-4b0c-829e-6f7248cf96d0,4386,2026,Частно гражданско дело,Районен съд - Враца,БЕСТ Кепитъл България ЕАД,Заявител,,
f0ea78f2-c5f7-4b0c-829e-6f7248cf96d0,4386,2026,Частно гражданско дело,Районен съд - Враца,Д.Я.Н.,Длъжник,,
f0ea78f2-c5f7-4b0c-829e-6f7248cf96d0,4386,2026,Частно гражданско дело,Районен съд - Враца,С.С.П.,Пълномощник,,
0dcbb36f-d593-4084-be49-1a5436ef13c4,1031,2026,Частно гражданско дело,Районен съд - Карнобат,БЕСТ Кепитъл България ЕАД,Заявител,,
0dcbb36f-d593-4084-be49-1a5436ef13c4,1031,2026,Частно гражданско дело,Районен съд - Карнобат,А.Д.П.,Длъжник,,
0dcbb36f-d593-4084-be49-1a5436ef13c4,1031,2026,Частно гражданско дело,Районен съд - Карнобат,Б.И.К.,Пълномощник,,
285bb27e-284f-44a4-8739-7571316aff1d,828,2026,Частно гражданско дело,Районен съд - Радомир,Инспекторат на ВСС,Възложител,,
285bb27e-284f-44a4-8739-7571316aff1d,828,2026,Частно гражданско дело,Районен съд - Радомир,С.К.К.,Страна,,
28dfca7a-f5c6-4e73-b583-dfacd19d1aa5,5525,2026,Частно гражданско дело,Районен съд - Перник,БЕСТ Кепитъл България ЕАД,Заявител,,
28dfca7a-f5c6-4e73-b583-dfacd19d1aa5,5525,2026,Частно гражданско дело,Районен съд - Перник,Д.Т.Д.,Длъжник,,
28dfca7a-f5c6-4e73-b583-dfacd19d1aa5,5525,2026,Частно гражданско дело,Районен съд - Перник,С.С.П.,Пълномощник,,
d1c906f0-04e6-46db-999d-4f8f60c70e5f,4385,2026,Частно гражданско дело,Районен съд - Враца,БЕСТ Кепитъл България ЕАД,Заявител,,
d1c906f0-04e6-46db-999d-4f8f60c70e5f,4385,2026,Частно гражданско дело,Районен съд - Враца,З.Д.И.,Длъжник,,
d1c906f0-04e6-46db-999d-4f8f60c70e5f,4385,2026,Частно гражданско дело,Районен съд - Враца,В.Л.Л.,Пълномощник,,
0eceeb89-91be-43c3-a77d-2603b2ecd54a,843,2026,Частно наказателно дело,Окръжен съд - Варна,Министерство на правосъдието Германия,Вносител,,
0eceeb89-91be-43c3-a77d-2603b2ecd54a,843,2026,Частно наказателно дело,Окръжен съд - Варна,Д.К.Д.,Обвинител,,
0eceeb89-91be-43c3-a77d-2603b2ecd54a,843,2026,Частно наказателно дело,Окръжен съд - Варна,П.Н.Д.,Заинтересована страна,,
0eceeb89-91be-43c3-a77d-2603b2ecd54a,843,2026,Частно наказателно дело,Окръжен съд - Варна,Окръжна прокуратура - Варна,Страна,,
98bdaced-0050-4969-a840-575d9cfea9e6,493,2026,Частно наказателно дело,Районен съд - Ямбол,М.Д.Ж.,Жалбоподател,,
98bdaced-0050-4969-a840-575d9cfea9e6,493,2026,Частно наказателно дело,Районен съд - Ямбол,Щ.Й.П.,Адвокат,,
98bdaced-0050-4969-a840-575d9cfea9e6,493,2026,Частно наказателно дело,Районен съд - Ямбол,Районна прокуратура - Ямбол,Страна,,
085855cf-1234-4993-b620-0dae93f8e629,315,2026,Административно наказателно дело,Районен съд - Разград,С.Ю.С.,Жалбоподател,,
085855cf-1234-4993-b620-0dae93f8e629,315,2026,Административно наказателно дело,Районен съд - Разград,НАЧАЛНИК ОТДЕЛ КОНТРОЛ И ПРАВОПРИЛАГАНЕ В НАЦИОНАЛНО ТОЛ УПРАВЛЕНИЕ КЪМ АГЕНЦИЯ ПЪТНА ИНФРАСТРУКТУРА СОФИЯ,Админ.наказ.орган,,
085855cf-1234-4993-b620-0dae93f8e629,315,2026,Административно наказателно дело,Районен съд - Разград,Районна прокуратура - Разград,Контролираща страна,,
085855cf-1234-4993-b620-0dae93f8e629,315,2026,Административно наказателно дело,Районен съд - Разград,К.Ю.С.,Защитник,,
085855cf-1234-4993-b620-0dae93f8e629,315,2026,Административно наказателно дело,Районен съд - Разград,Т.Д.Т.,Актосъставител,,
085855cf-1234-4993-b620-0dae93f8e629,315,2026,Административно наказателно дело,Районен съд - Разград,С.К.С.,Свидетел,,
085855cf-1234-4993-b620-0dae93f8e629,315,2026,Административно наказателно дело,Районен съд - Разград,Д.Л.К.,Юрисконсулт,,
9c602f34-3392-4cca-aea8-6058e1241f43,1161,2026,Частно гражданско дело,Районен съд - Козлодуй,БЕСТ Кепитъл България ЕАД,Заявител,,
9c602f34-3392-4cca-aea8-6058e1241f43,1161,2026,Частно гражданско дело,Районен съд - Козлодуй,А.Б.Г.,Длъжник,,
9c602f34-3392-4cca-aea8-6058e1241f43,1161,2026,Частно гражданско дело,Районен съд - Козлодуй,Б.И.К.,Пълномощник,,
57fe00ea-4a4d-40be-993a-79776fe426bb,1466,2026,Частно гражданско дело,Районен съд - Нови пазар,БЕСТ Кепитъл България ЕАД,Заявител,,
57fe00ea-4a4d-40be-993a-79776fe426bb,1466,2026,Частно гражданско дело,Районен съд - Нови пазар,Д.Т.С.,Длъжник,,
57fe00ea-4a4d-40be-993a-79776fe426bb,1466,2026,Частно гражданско дело,Районен съд - Нови пазар,С.С.П.,Пълномощник,,
4af12d7e-f63d-42f9-aae3-88c4c38d36a2,2174,2026,Частно гражданско дело,Районен съд - Пазарджик,И.С.П.,Наследодател,,
4af12d7e-f63d-42f9-aae3-88c4c38d36a2,2174,2026,Частно гражданско дело,Районен съд - Пазарджик,С.И.Г.,Наследник,,
97acaf8e-3f01-4c43-ab18-37d6f505ec03,599,2026,Частно гражданско дело,Районен съд - Царево,БЕСТ Кепитъл България ЕАД,Заявител,,
97acaf8e-3f01-4c43-ab18-37d6f505ec03,599,2026,Частно гражданско дело,Районен съд - Царево,З.Р.Ц.,Длъжник,,
97acaf8e-3f01-4c43-ab18-37d6f505ec03,599,2026,Частно гражданско дело,Районен съд - Царево,В.Л.Л.,Пълномощник,,
78f78ed3-01f7-4516-9e35-fbdfa3655ff0,745,2026,Частно гражданско дело,Районен съд - Павликени,БЕСТ Кепитъл България ЕАД,Заявител,,
78f78ed3-01f7-4516-9e35-fbdfa3655ff0,745,2026,Частно гражданско дело,Районен съд - Павликени,А.Ф.А.,Длъжник,,
78f78ed3-01f7-4516-9e35-fbdfa3655ff0,745,2026,Частно гражданско дело,Районен съд - Павликени,Б.И.К.,Пълномощник,,
159b3c59-691f-4ea5-9b4e-49940378bf25,236,2026,Административно дело,Административен съд - Търговище,Е.С.Ю.,Жалбоподател,Кирил Венциславов Димчев,
159b3c59-691f-4ea5-9b4e-49940378bf25,236,2026,Административно дело,Административен съд - Търговище,АДЕССО КРЕДИТ БЪЛГАРИЯ ЕООД,Ответник,,
159b3c59-691f-4ea5-9b4e-49940378bf25,236,2026,Административно дело,Административен съд - Търговище,К.В.Д.,Пълномощник,,
df2c5244-d0ee-4df0-b125-c3b2036ee2a9,1465,2026,Частно гражданско дело,Районен съд - Нови пазар,БЕСТ Кепитъл България ЕАД,Заявител,,
df2c5244-d0ee-4df0-b125-c3b2036ee2a9,1465,2026,Частно гражданско дело,Районен съд - Нови пазар,З.Р.Г.,Длъжник,,
df2c5244-d0ee-4df0-b125-c3b2036ee2a9,1465,2026,Частно гражданско дело,Районен съд - Нови пазар,В.Л.Л.,Пълномощник,,
7d5ed4a6-7731-4078-95f6-bc6403afbd57,2872,2026,Административно наказателно дело,Районен съд - Пловдив,Районна прокуратура - Пловдив,Вносител,,
7d5ed4a6-7731-4078-95f6-bc6403afbd57,2872,2026,Административно наказателно дело,Районен съд - Пловдив,Д.А.Д.,Обвинител,,
7d5ed4a6-7731-4078-95f6-bc6403afbd57,2872,2026,Административно наказателно дело,Районен съд - Пловдив,К.Б.Н.,Обвиняем,,
7d5ed4a6-7731-4078-95f6-bc6403afbd57,2872,2026,Административно наказателно дело,Районен съд - Пловдив,Й.К.Д.,Защитник,,
0b65cc7f-1e4f-443f-b469-805c10b8b25d,827,2026,Частно гражданско дело,Районен съд - Радомир,Инспекторат на ВСС,Възложител,,
0b65cc7f-1e4f-443f-b469-805c10b8b25d,827,2026,Частно гражданско дело,Районен съд - Радомир,Ж.К.Б.,Страна,,
8ce1a501-50e1-488c-867e-6ff1aefd2215,1540,2026,Административно дело,Административен съд - Пловдив,"""Запрянови - 03"" ООД",Жалбоподател,,
8ce1a501-50e1-488c-867e-6ff1aefd2215,1540,2026,Административно дело,Административен съд - Пловдив,РИОСВ- Пловдив,Ответник,,
8ce1a501-50e1-488c-867e-6ff1aefd2215,1540,2026,Административно дело,Административен съд - Пловдив,ДИРЕКТОР НА РИОСВ ПЛОВДИВ,Ответник,,
8ce1a501-50e1-488c-867e-6ff1aefd2215,1540,2026,Административно дело,Административен съд - Пловдив,Г.З.У.В.З.,Управител,,
8ce1a501-50e1-488c-867e-6ff1aefd2215,1540,2026,Административно дело,Административен съд - Пловдив,ОКРЪЖНА ПРОКУРАТУРА ПЛОВДИВ,Контролираща страна,,
fb11b31c-1b68-4f93-b733-cb4ac92dfce8,2352,2026,Частно гражданско дело,Районен съд - Дупница,БЕСТ Кепитъл България ЕАД,Заявител,,
fb11b31c-1b68-4f93-b733-cb4ac92dfce8,2352,2026,Частно гражданско дело,Районен съд - Дупница,З.Г.К.,Длъжник,,
fb11b31c-1b68-4f93-b733-cb4ac92dfce8,2352,2026,Частно гражданско дело,Районен съд - Дупница,В.Л.Л.,Пълномощник,,
5d539d30-19b4-4597-aeb0-5793c08ce765,375,2026,Частно наказателно дело,Окръжен съд - Хасково,Окръжна прокуратура - Хасково,Вносител,,
5d539d30-19b4-4597-aeb0-5793c08ce765,375,2026,Частно наказателно дело,Окръжен съд - Хасково,П.Й.Ж.,Обвинител,,
5d539d30-19b4-4597-aeb0-5793c08ce765,375,2026,Частно наказателно дело,Окръжен съд - Хасково,Ж.Д.Д.М.,Обвиняем,,
5d539d30-19b4-4597-aeb0-5793c08ce765,375,2026,Частно наказателно дело,Окръжен съд - Хасково,Д.М.Х.,Обвиняем,,
5d539d30-19b4-4597-aeb0-5793c08ce765,375,2026,Частно наказателно дело,Окръжен съд - Хасково,И.А.И.,Защитник,,
5d539d30-19b4-4597-aeb0-5793c08ce765,375,2026,Частно наказателно дело,Окръжен съд - Хасково,А.С.Б.,Защитник,,
5d539d30-19b4-4597-aeb0-5793c08ce765,375,2026,Частно наказателно дело,Окръжен съд - Хасково,К.Г.М.,Преводач,,
890d206c-5d42-4dde-9b47-e35784b13a9f,314,2026,Административно наказателно дело,Районен съд - Разград,С.Ю.С.,Жалбоподател,,
890d206c-5d42-4dde-9b47-e35784b13a9f,314,2026,Административно наказателно дело,Районен съд - Разград,НАЧАЛНИК ОТДЕЛ КОНТРОЛ И ПРАВОПРИЛАГАНЕ В НАЦИОНАЛНО ТОЛ УПРАВЛЕНИЕ КЪМ АГЕНЦИЯ ПЪТНА ИНФРАСТРУКТУРА СОФИЯ,Админ.наказ.орган,,
890d206c-5d42-4dde-9b47-e35784b13a9f,314,2026,Административно наказателно дело,Районен съд - Разград,Т.Д.Т.,Актосъставител,,
890d206c-5d42-4dde-9b47-e35784b13a9f,314,2026,Административно наказателно дело,Районен съд - Разград,Районна прокуратура - Разград,Контролираща страна,,
890d206c-5d42-4dde-9b47-e35784b13a9f,314,2026,Административно наказателно дело,Районен съд - Разград,Д.Л.К.,Юрисконсулт,,
890d206c-5d42-4dde-9b47-e35784b13a9f,314,2026,Административно наказателно дело,Районен съд - Разград,К.Ю.С.,Адвокат,,
76730e01-4f46-492d-b64e-be93e382fdea,1106,2026,Частно гражданско дело,Районен съд - Смолян,БЕСТ Кепитъл България ЕАД,Заявител,,
76730e01-4f46-492d-b64e-be93e382fdea,1106,2026,Частно гражданско дело,Районен съд - Смолян,А.Р.И.,Длъжник,,
76730e01-4f46-492d-b64e-be93e382fdea,1106,2026,Частно гражданско дело,Районен съд - Смолян,Б.И.К.,Пълномощник,,
5690996a-1365-4e73-a7a0-916f5d54eb59,751,2026,Частно гражданско дело,Районен съд - Ген. Тошево,БЕСТ Кепитъл България ЕАД,Заявител,,
5690996a-1365-4e73-a7a0-916f5d54eb59,751,2026,Частно гражданско дело,Районен съд - Ген. Тошево,Г.Т.К.,Длъжник,,
5690996a-1365-4e73-a7a0-916f5d54eb59,751,2026,Частно гражданско дело,Районен съд - Ген. Тошево,Г.Я.Б.,Юрисконсулт,,
0385305f-5ef4-4984-9263-73a92bbb129f,5436,2026,Въззивно гражданско дело,Софийски градски съд,ТОПЛОФИКАЦИЯ СОФИЯ ЕАД,Въззивник,,
0385305f-5ef4-4984-9263-73a92bbb129f,5436,2026,Въззивно гражданско дело,Софийски градски съд,Н.Г.А.,Въззиваема страна,,
0385305f-5ef4-4984-9263-73a92bbb129f,5436,2026,Въззивно гражданско дело,Софийски градски съд,Р.Г.А.,Въззиваема страна,,
0385305f-5ef4-4984-9263-73a92bbb129f,5436,2026,Въззивно гражданско дело,Софийски градски съд,П.А.А.,Въззиваема страна,,
0385305f-5ef4-4984-9263-73a92bbb129f,5436,2026,Въззивно гражданско дело,Софийски градски съд,К.Р.К.,Особен представител,Камен Руменов Костакиев,
0385305f-5ef4-4984-9263-73a92bbb129f,5436,2026,Въззивно гражданско дело,Софийски градски съд,НЕЛБО АД,Трето лице помагач,,
6715a1df-b48a-4fcd-9ebb-f7dd417ad8c3,2438,2026,Частно гражданско дело,Районен съд - Ботевград,БЕСТ Кепитъл България ЕАД,Заявител,,
6715a1df-b48a-4fcd-9ebb-f7dd417ad8c3,2438,2026,Частно гражданско дело,Районен съд - Ботевград,З.О.И.,Длъжник,,
6715a1df-b48a-4fcd-9ebb-f7dd417ad8c3,2438,2026,Частно гражданско дело,Районен съд - Ботевград,В.Л.Л.,Пълномощник,,
d6e1c377-ba1a-4b07-a67e-f2dbcb0ec28c,2173,2026,Частно гражданско дело,Районен съд - Пазарджик,БЕСТ Кепитъл България ЕАД,Заявител,,
d6e1c377-ba1a-4b07-a67e-f2dbcb0ec28c,2173,2026,Частно гражданско дело,Районен съд - Пазарджик,Д.С.Д.,Длъжник,,
d6e1c377-ba1a-4b07-a67e-f2dbcb0ec28c,2173,2026,Частно гражданско дело,Районен съд - Пазарджик,С.С.П.,Пълномощник,,
b93e099c-ad68-4c9c-af42-e1400f25fec8,557,2026,Частно гражданско дело,Районен съд - Несебър,Инспекторат на ВСС,Вносител,,
b93e099c-ad68-4c9c-af42-e1400f25fec8,557,2026,Частно гражданско дело,Районен съд - Несебър,Г.Т.С.,Страна,,
5b4503be-0d12-47b0-9c06-6c7e67e5f440,2566,2026,Частно гражданско дело,Районен съд - Добрич,БЕСТ Кепитъл България ЕАД,Заявител,,
5b4503be-0d12-47b0-9c06-6c7e67e5f440,2566,2026,Частно гражданско дело,Районен съд - Добрич,А.М.Д.,Длъжник,,
5b4503be-0d12-47b0-9c06-6c7e67e5f440,2566,2026,Частно гражданско дело,Районен съд - Добрич,Б.И.К.,Пълномощник,,
bd5ae91d-5c3e-4b79-9d01-b6807dc299b8,826,2026,Гражданско дело,Районен съд - Радомир,КМЕТ НА ОБЩИНА ЗЕМЕН,Ищец,,
bd5ae91d-5c3e-4b79-9d01-b6807dc299b8,826,2026,Гражданско дело,Районен съд - Радомир,К.С.Й.,Ответник,,
70b43ab8-9652-4da8-a444-49095e33479a,3522,2026,Частно гражданско дело,Районен съд - Русе,БЕСТ Кепитъл България ЕАД,Заявител,,
70b43ab8-9652-4da8-a444-49095e33479a,3522,2026,Частно гражданско дело,Районен съд - Русе,Г.С.В.,Длъжник,,
70b43ab8-9652-4da8-a444-49095e33479a,3522,2026,Частно гражданско дело,Районен съд - Русе,Г.Я.Б.,Пълномощник,,
baf9fa44-9262-4bc4-aa69-8c839fa9a520,235,2026,Административно дело,Административен съд - Търговище,Е.С.Ю.,Жалбоподател,Кирил Венциславов Димчев,
baf9fa44-9262-4bc4-aa69-8c839fa9a520,235,2026,Административно дело,Административен съд - Търговище,„СТИК-КРЕДИТ “ АД ЕИК 202557159,Ответник,,
baf9fa44-9262-4bc4-aa69-8c839fa9a520,235,2026,Административно дело,Административен съд - Търговище,К.В.Д.,Пълномощник,,
7857f2b9-8c29-49c0-af2d-1987bc8cfce9,166,2026,Частно наказателно дело,Окръжен съд - Разград,ОДМВР - Разград,Вносител,,
2b236eb4-67fe-4cb1-84b6-1797f55c76af,789,2026,Частно гражданско дело,Районен съд - Димитровград,БЕСТ Кепитъл България ЕАД,Заявител,,
2b236eb4-67fe-4cb1-84b6-1797f55c76af,789,2026,Частно гражданско дело,Районен съд - Димитровград,З.М.Д.,Длъжник,,
2b236eb4-67fe-4cb1-84b6-1797f55c76af,789,2026,Частно гражданско дело,Районен съд - Димитровград,В.Л.Л.,Пълномощник,,
24dd6b56-9317-4b57-a5a1-02bd6962b9fe,2812,2026,Частно гражданско дело,Районен съд - Шумен,БЕСТ Кепитъл България ЕАД,Заявител,,
24dd6b56-9317-4b57-a5a1-02bd6962b9fe,2812,2026,Частно гражданско дело,Районен съд - Шумен,Д.С.Д.,Длъжник,,
24dd6b56-9317-4b57-a5a1-02bd6962b9fe,2812,2026,Частно гражданско дело,Районен съд - Шумен,С.С.П.,Пълномощник,,
9583d795-2ecb-459a-8a58-2f7cd0d52f14,5435,2026,Въззивно гражданско дело,Софийски градски съд,В.С.Н.,Въззивник,,
9583d795-2ecb-459a-8a58-2f7cd0d52f14,5435,2026,Въззивно гражданско дело,Софийски градски съд,ТОПЛОФИКАЦИЯ СОФИЯ ЕАД,Въззиваема страна,,
9583d795-2ecb-459a-8a58-2f7cd0d52f14,5435,2026,Въззивно гражданско дело,Софийски градски съд,П.И.Х.,Адвокат,Петър Иванов Хранов,
9583d795-2ecb-459a-8a58-2f7cd0d52f14,5435,2026,Въззивно гражданско дело,Софийски градски съд,НЕЛБО АД,Трето лице помагач,,
c8bcec1b-2a85-4268-adc7-c5c4f9de3150,2194,2026,Частно гражданско дело,Районен съд - Кюстендил,БЕСТ Кепитъл България ЕАД,Заявител,,
c8bcec1b-2a85-4268-adc7-c5c4f9de3150,2194,2026,Частно гражданско дело,Районен съд - Кюстендил,А.И.А.,Длъжник,,
c8bcec1b-2a85-4268-adc7-c5c4f9de3150,2194,2026,Частно гражданско дело,Районен съд - Кюстендил,Б.И.К.,Пълномощник,,
97913f6f-7a33-4d18-a66f-43be982486d6,2871,2026,Наказателно дело от общ характер,Районен съд - Пловдив,Районна прокуратура - Пловдив,Вносител,,
97913f6f-7a33-4d18-a66f-43be982486d6,2871,2026,Наказателно дело от общ характер,Районен съд - Пловдив,Д.А.Д.,Обвинител,,
97913f6f-7a33-4d18-a66f-43be982486d6,2871,2026,Наказателно дело от общ характер,Районен съд - Пловдив,В.А.В.,Обвиняем,,
97913f6f-7a33-4d18-a66f-43be982486d6,2871,2026,Наказателно дело от общ характер,Районен съд - Пловдив,С.А.В.,Защитник,,
97913f6f-7a33-4d18-a66f-43be982486d6,2871,2026,Наказателно дело от общ характер,Районен съд - Пловдив,Г.М.В.,Трето неучастващо лице,,
bb2d977c-6332-4236-909f-a09895d33b03,552,2026,Частно наказателно дело,Районен съд - Монтана,ОДМВР - Монтана,Вносител,,
bb2d977c-6332-4236-909f-a09895d33b03,552,2026,Частно наказателно дело,Районен съд - Монтана,ЙЕТТЕЛ БЪЛГАРИЯ ЕАД,Страна,,
1dbf1911-9659-43d1-b9a6-170cb669d107,2095,2026,Частно гражданско дело,Районен съд - Видин,Инспекторат към ВСС,Вносител,,
1dbf1911-9659-43d1-b9a6-170cb669d107,2095,2026,Частно гражданско дело,Районен съд - Видин,Д.И.Ц.,Страна,,
bbef8c9e-ad47-4279-ae62-6fed3636e2d6,2351,2026,Частно гражданско дело,Районен съд - Дупница,БЕСТ Кепитъл България ЕАД,Заявител,,
bbef8c9e-ad47-4279-ae62-6fed3636e2d6,2351,2026,Частно гражданско дело,Районен съд - Дупница,Г.Н.И.,Длъжник,,
bbef8c9e-ad47-4279-ae62-6fed3636e2d6,2351,2026,Частно гражданско дело,Районен съд - Дупница,Г.Я.Б.,Пълномощник,,
abbb9219-c2e5-427a-8d68-0abb520563b4,584,2026,Частно гражданско дело,Районен съд - Чепеларе,БЕСТ Кепитъл България ЕАД,Заявител,,
abbb9219-c2e5-427a-8d68-0abb520563b4,584,2026,Частно гражданско дело,Районен съд - Чепеларе,З.А.П.,Длъжник,,
abbb9219-c2e5-427a-8d68-0abb520563b4,584,2026,Частно гражданско дело,Районен съд - Чепеларе,В.Л.Л.,Пълномощник,,
79c02444-a99f-4f10-88d7-acc9dbd9ed50,6218,2026,Административно дело,Административен съд - София-град,З.К.К.,Жалбоподател,,
79c02444-a99f-4f10-88d7-acc9dbd9ed50,6218,2026,Административно дело,Административен съд - София-град,СТОЛИЧНИЯТ ОБЩИНСКИ СЪВЕТ,Ответник,,
f3fb8dbc-6125-4330-92c8-d21186edfdf8,3498,2026,Въззивно наказателно дело от общ характер,Софийски градски съд,Районна прокуратура - София,Вносител,,
f3fb8dbc-6125-4330-92c8-d21186edfdf8,3498,2026,Въззивно наказателно дело от общ характер,Софийски градски съд,Л.И.Л.,Жалбоподател,,
f3fb8dbc-6125-4330-92c8-d21186edfdf8,3498,2026,Въззивно наказателно дело от общ характер,Софийски градски съд,П.К.Б.,Подсъдим,,
f3fb8dbc-6125-4330-92c8-d21186edfdf8,3498,2026,Въззивно наказателно дело от общ характер,Софийски градски съд,Д.В.В.,Защитник,Даниела Василева Василева,
f3fb8dbc-6125-4330-92c8-d21186edfdf8,3498,2026,Въззивно наказателно дело от общ характер,Софийски градски съд,Л.Л.Т.,Повереник,,
f3fb8dbc-6125-4330-92c8-d21186edfdf8,3498,2026,Въззивно наказателно дело от общ характер,Софийски градски съд,Софийска градска прокуратура,Страна,,
3c54dd8a-83e0-42c2-bc18-a860bde00caf,313,2026,Частно наказателно дело,Районен съд - Разград,Д.С.Д.,Свидетел,,
b1077de8-6698-400b-a3d8-697fc69d22d8,205,2026,Частно гражданско дело,Районен съд - Първомай,БЕСТ Кепитъл България ЕАД,Заявител,,
b1077de8-6698-400b-a3d8-697fc69d22d8,205,2026,Частно гражданско дело,Районен съд - Първомай,Д.Р.Ч.,Длъжник,,
b1077de8-6698-400b-a3d8-697fc69d22d8,205,2026,Частно гражданско дело,Районен съд - Първомай,С.С.П.,Пълномощник,,
a6162318-6fb4-473f-a61e-22a4fe3d3f55,1082,2026,Частно гражданско дело,Районен съд - Ловеч,БЕСТ Кепитъл България ЕАД,Заявител,,
a6162318-6fb4-473f-a61e-22a4fe3d3f55,1082,2026,Частно гражданско дело,Районен съд - Ловеч,А.Д.М.,Длъжник,,
a6162318-6fb4-473f-a61e-22a4fe3d3f55,1082,2026,Частно гражданско дело,Районен съд - Ловеч,Б.И.К.,Пълномощник,,
835c4789-8725-4d83-b8d9-2c911d5e6bb5,882,2026,Частно гражданско дело,Районен съд - Самоков,БЕСТ Кепитъл България ЕАД,Заявител,,
835c4789-8725-4d83-b8d9-2c911d5e6bb5,882,2026,Частно гражданско дело,Районен съд - Самоков,З.М.К.,Длъжник,,
835c4789-8725-4d83-b8d9-2c911d5e6bb5,882,2026,Частно гражданско дело,Районен съд - Самоков,В.Л.Л.,Пълномощник,,
18cf20b3-34ba-4d54-afdf-5789de1a8d10,551,2026,Частно наказателно дело,Районен съд - Монтана,ОДМВР - Монтана,Вносител,,
18cf20b3-34ba-4d54-afdf-5789de1a8d10,551,2026,Частно наказателно дело,Районен съд - Монтана,А1 България ЕАД,Страна,,
3abb2361-bd17-4751-9898-7c51b6bad6a2,597,2026,Административно наказателно дело,Районен съд - Кюстендил,Н.С.М.,Жалбоподател,,
3abb2361-bd17-4751-9898-7c51b6bad6a2,597,2026,Административно наказателно дело,Районен съд - Кюстендил,Д.А.Т.,Адвокат,Десислав Ангелов Трайков,
3abb2361-bd17-4751-9898-7c51b6bad6a2,597,2026,Административно наказателно дело,Районен съд - Кюстендил,Д.К.А.,Страна,,
3876b8df-a852-4a8f-ba1c-e7bc0cb9642b,318,2026,Гражданско дело,Районен съд - Мадан,А.А.,Молител,,
3876b8df-a852-4a8f-ba1c-e7bc0cb9642b,318,2026,Гражданско дело,Районен съд - Мадан,Н.А.А.,Ответник,,
45ec17d5-f42b-45d0-8ea5-d1598afccb35,1867,2026,Частно гражданско дело,Районен съд - Горна Оряховица,БЕСТ Кепитъл България ЕАД,Заявител,,
45ec17d5-f42b-45d0-8ea5-d1598afccb35,1867,2026,Частно гражданско дело,Районен съд - Горна Оряховица,Г.Л.П.,Длъжник,,
45ec17d5-f42b-45d0-8ea5-d1598afccb35,1867,2026,Частно гражданско дело,Районен съд - Горна Оряховица,Г.Я.Б.,Пълномощник,,
2934fd32-ce92-4e08-b42c-281b1ccb70b4,556,2026,Гражданско дело,Районен съд - Несебър,"ЕТАЖНА СОБСТВЕНОСТ ""АПАРТ ХОТЕЛ АФРОДИТА ПАЛАС""",Ищец,,
2934fd32-ce92-4e08-b42c-281b1ccb70b4,556,2026,Гражданско дело,Районен съд - Несебър,Л.К.Г.,Ответник,,
2934fd32-ce92-4e08-b42c-281b1ccb70b4,556,2026,Гражданско дело,Районен съд - Несебър,И.В.А.,Адвокат,,
2934fd32-ce92-4e08-b42c-281b1ccb70b4,556,2026,Гражданско дело,Районен съд - Несебър,М.А.М.,Представляващ,,
73ce88ac-e95b-4a26-8019-ce97684a7f70,489,2026,Частно гражданско дело,Районен съд - Луковит,БЕСТ Кепитъл България ЕАД,Заявител,,
73ce88ac-e95b-4a26-8019-ce97684a7f70,489,2026,Частно гражданско дело,Районен съд - Луковит,Д.Р.Н.,Длъжник,,
73ce88ac-e95b-4a26-8019-ce97684a7f70,489,2026,Частно гражданско дело,Районен съд - Луковит,С.С.П.,Пълномощник,,
bd5b520b-becb-4afb-b960-a56049f3b1b6,143,2026,Частно наказателно дело,Окръжен съд - Търговище,К.Д.Р.,Жалбоподател,,
bd5b520b-becb-4afb-b960-a56049f3b1b6,143,2026,Частно наказателно дело,Окръжен съд - Търговище,Окръжна прокуратура - Търговище,Страна,,
3f064ac2-1fe8-458f-9a73-aa02e9e80bb2,1088,2026,Частно гражданско дело,Районен съд - Разград,БЕСТ Кепитъл България ЕАД,Заявител,,
3f064ac2-1fe8-458f-9a73-aa02e9e80bb2,1088,2026,Частно гражданско дело,Районен съд - Разград,Ж.Й.С.,Длъжник,,
3f064ac2-1fe8-458f-9a73-aa02e9e80bb2,1088,2026,Частно гражданско дело,Районен съд - Разград,В.Л.Л.,Пълномощник,,
d72554f9-b08c-4a2b-9ff3-b417fd58bf62,2172,2026,Частно гражданско дело,Районен съд - Пазарджик,И.С.П.,Наследодател,,
d72554f9-b08c-4a2b-9ff3-b417fd58bf62,2172,2026,Частно гражданско дело,Районен съд - Пазарджик,Р.И.Й.,Наследник,,
b50fa165-b7d4-41ab-8822-2859b50dbcb0,253,2026,Частно гражданско дело,Районен съд - Кнежа,БЕСТ Кепитъл България ЕАД,Заявител,,
b50fa165-b7d4-41ab-8822-2859b50dbcb0,253,2026,Частно гражданско дело,Районен съд - Кнежа,Д.Н.Г.,Длъжник,,
b50fa165-b7d4-41ab-8822-2859b50dbcb0,253,2026,Частно гражданско дело,Районен съд - Кнежа,С.С.П.,Пълномощник,,
bec47ae7-5a75-4185-a512-44b9696bfb95,1866,2026,Частно гражданско дело,Районен съд - Горна Оряховица,БЕСТ Кепитъл България ЕАД,Заявител,,
bec47ae7-5a75-4185-a512-44b9696bfb95,1866,2026,Частно гражданско дело,Районен съд - Горна Оряховица,А.Д.Г.,Длъжник,,
bec47ae7-5a75-4185-a512-44b9696bfb95,1866,2026,Частно гражданско дело,Районен съд - Горна Оряховица,Б.И.К.,Пълномощник,,
5f1bdc3d-02af-4e3a-92bf-aca059936daf,2193,2026,Частно гражданско дело,Районен съд - Кюстендил,Инспекторат на ВСС,Вносител,,
70fab266-8858-4d2e-ae76-22bd89507523,563,2026,Частно гражданско дело,Районен съд - Петрич,БЕСТ Кепитъл България ЕАД,Заявител,,
70fab266-8858-4d2e-ae76-22bd89507523,563,2026,Частно гражданско дело,Районен съд - Петрич,Г.Д.М.,Длъжник,,
70fab266-8858-4d2e-ae76-22bd89507523,563,2026,Частно гражданско дело,Районен съд - Петрич,Г.Я.Б.,Пълномощник,,
f119691e-97bb-49c4-9464-bcedd07c0f35,560,2026,Частно наказателно дело,Окръжен съд - Стара Загора,Заявител,Вносител,,
732ca807-1c05-471b-ae67-497db0fdad9e,550,2026,Частно наказателно дело,Районен съд - Монтана,ОДМВР - Монтана,Вносител,,
732ca807-1c05-471b-ae67-497db0fdad9e,550,2026,Частно наказателно дело,Районен съд - Монтана,БЪЛГАРСКА ТЕЛЕКОМУНИКАЦИОННА КОМПАНИЯ ЕАД,Страна,,
a463b940-2256-44d9-8fac-81b5fac7d8ff,837,2026,Частно гражданско дело,Районен съд - Крумовград,БЕСТ Кепитъл България ЕАД,Заявител,,
a463b940-2256-44d9-8fac-81b5fac7d8ff,837,2026,Частно гражданско дело,Районен съд - Крумовград,Т.М.Т.,Длъжник,,
a463b940-2256-44d9-8fac-81b5fac7d8ff,837,2026,Частно гражданско дело,Районен съд - Крумовград,Ж.К.С.,Длъжник,,
a463b940-2256-44d9-8fac-81b5fac7d8ff,837,2026,Частно гражданско дело,Районен съд - Крумовград,В.Л.Л.,Пълномощник,,
8444094c-6d6f-4c71-9fb5-a26cd8d5c593,555,2026,Гражданско дело,Районен съд - Несебър,ОСТ ООД,Ищец,,
8444094c-6d6f-4c71-9fb5-a26cd8d5c593,555,2026,Гражданско дело,Районен съд - Несебър,НЕДЯЛКОВ ТРЕЙД ЕООД,Ответник,,
8444094c-6d6f-4c71-9fb5-a26cd8d5c593,555,2026,Гражданско дело,Районен съд - Несебър,Е.Ц.К.,Представляващ,,
8444094c-6d6f-4c71-9fb5-a26cd8d5c593,555,2026,Гражданско дело,Районен съд - Несебър,Д.Г.П.,Адвокат,Денка Господинова Пенева,
77034494-cd1e-481c-807d-3ed8e0eea92f,1464,2026,Частно гражданско дело,Районен съд - Нови пазар,БЕСТ Кепитъл България ЕАД,Заявител,,
77034494-cd1e-481c-807d-3ed8e0eea92f,1464,2026,Частно гражданско дело,Районен съд - Нови пазар,А.Д.Г.,Длъжник,,
77034494-cd1e-481c-807d-3ed8e0eea92f,1464,2026,Частно гражданско дело,Районен съд - Нови пазар,Б.И.К.,Пълномощник,,
4b87b6d0-8e7b-4d8b-8f32-e31758432eb5,2870,2026,Административно наказателно дело,Районен съд - Пловдив,П.П.П.,Жалбоподател,,
4b87b6d0-8e7b-4d8b-8f32-e31758432eb5,2870,2026,Административно наказателно дело,Районен съд - Пловдив,А.Р.Р.,Адвокат,Атанас Росенов Рахнев,
4b87b6d0-8e7b-4d8b-8f32-e31758432eb5,2870,2026,Административно наказателно дело,Районен съд - Пловдив,"ВПД Началник Сектор в ОДМВР Пловдив, РУ 04 - Пловдив",Админ.наказ.орган,,
4b87b6d0-8e7b-4d8b-8f32-e31758432eb5,2870,2026,Административно наказателно дело,Районен съд - Пловдив,С.Д.С.,Актосъставител,,
4b87b6d0-8e7b-4d8b-8f32-e31758432eb5,2870,2026,Административно наказателно дело,Районен съд - Пловдив,К.В.К.,Свидетел,,
7e302953-da50-43d5-9dbc-49706a02a8ab,583,2026,Частно гражданско дело,Районен съд - Чепеларе,БЕСТ Кепитъл България ЕАД,Заявител,,
7e302953-da50-43d5-9dbc-49706a02a8ab,583,2026,Частно гражданско дело,Районен съд - Чепеларе,Г.А.А.,Длъжник,,
7e302953-da50-43d5-9dbc-49706a02a8ab,583,2026,Частно гражданско дело,Районен съд - Чепеларе,Г.Я.Б.,Пълномощник,,
bbbbd264-5974-438b-aef0-2594ba147c3e,1308,2026,Частно гражданско дело,Районен съд - Лом,БЕСТ Кепитъл България ЕАД,Заявител,,
bbbbd264-5974-438b-aef0-2594ba147c3e,1308,2026,Частно гражданско дело,Районен съд - Лом,Ж.Г.Т.,Длъжник,,
bbbbd264-5974-438b-aef0-2594ba147c3e,1308,2026,Частно гражданско дело,Районен съд - Лом,В.Л.Л.,Пълномощник,,
1e82251a-8556-4bca-a98c-de45d27d7675,1545,2026,Частно гражданско дело,Районен съд - Габрово,Г.И.Б.,Молител,,
764e8941-c9b5-4b88-8e9b-10fe54a8e2fa,405,2026,Частно гражданско дело,Районен съд - Сандански,А.Г.Х.,Молител,,
764e8941-c9b5-4b88-8e9b-10fe54a8e2fa,405,2026,Частно гражданско дело,Районен съд - Сандански,Е.Д.Ц.,Адвокат,Емилия Димитрова Цекова,
ceba29de-bf96-40a7-bb12-dddba30156d7,559,2026,Частно наказателно дело,Окръжен съд - Стара Загора,Заявител,Вносител,,
9daf263a-0606-499a-90b8-ee16b0e7832d,1865,2026,Частно гражданско дело,Районен съд - Горна Оряховица,БЕСТ Кепитъл България ЕАД,Заявител,,
9daf263a-0606-499a-90b8-ee16b0e7832d,1865,2026,Частно гражданско дело,Районен съд - Горна Оряховица,Г.Р.Д.,Длъжник,,
9daf263a-0606-499a-90b8-ee16b0e7832d,1865,2026,Частно гражданско дело,Районен съд - Горна Оряховица,Г.Я.Б.,Пълномощник,,
be631042-9614-471b-a3b4-8c4154f19850,1128,2026,Частно гражданско дело,Районен съд - Бяла Слатина,БЕСТ Кепитъл България ЕАД,Заявител,,
be631042-9614-471b-a3b4-8c4154f19850,1128,2026,Частно гражданско дело,Районен съд - Бяла Слатина,Ж.Г.В.,Длъжник,,
be631042-9614-471b-a3b4-8c4154f19850,1128,2026,Частно гражданско дело,Районен съд - Бяла Слатина,В.Л.Л.,Пълномощник,,
d3ba1cd0-72a0-4232-913e-64ec6d5a1634,554,2026,Гражданско дело,Районен съд - Несебър,Д.З.М.,Ищец,,
d3ba1cd0-72a0-4232-913e-64ec6d5a1634,554,2026,Гражданско дело,Районен съд - Несебър,З.Д.М.,Ответник,,
d3ba1cd0-72a0-4232-913e-64ec6d5a1634,554,2026,Гражданско дело,Районен съд - Несебър,Банка ДСК АД,Ответник,,
d3ba1cd0-72a0-4232-913e-64ec6d5a1634,554,2026,Гражданско дело,Районен съд - Несебър,С.И.М.,Родител,,
f12aab47-2072-4efa-a538-97f6add353f2,415,2026,Частно наказателно дело,Районен съд - Габрово,ОДМВР - Габрово,Вносител,,
0aa66b37-4f71-4b4b-b337-e7193b804246,562,2026,Частно гражданско дело,Районен съд - Петрич,БЕСТ Кепитъл България ЕАД,Заявител,,
0aa66b37-4f71-4b4b-b337-e7193b804246,562,2026,Частно гражданско дело,Районен съд - Петрич,А.А.Ч.,Длъжник,,
0aa66b37-4f71-4b4b-b337-e7193b804246,562,2026,Частно гражданско дело,Районен съд - Петрич,Б.И.К.,Пълномощник,,
4422ed75-3caf-49a5-866b-0e3445168cec,5524,2026,Частно гражданско дело,Районен съд - Перник,БЕСТ Кепитъл България ЕАД,Заявител,,
4422ed75-3caf-49a5-866b-0e3445168cec,5524,2026,Частно гражданско дело,Районен съд - Перник,Д.М.И.,Длъжник,,
4422ed75-3caf-49a5-866b-0e3445168cec,5524,2026,Частно гражданско дело,Районен съд - Перник,С.С.П.,Пълномощник,,
0708a9c6-924d-41fd-b87f-03f159864f5d,6217,2026,Административно дело,Административен съд - София-град,В.И.Г.,Жалбоподател,,
0708a9c6-924d-41fd-b87f-03f159864f5d,6217,2026,Административно дело,Административен съд - София-град,ОДБХ - СОФИЯ,Ответник,,
8a6b4410-ad05-4944-8457-ea10a9f0c02d,2437,2026,Частно гражданско дело,Районен съд - Ботевград,БЕСТ Кепитъл България ЕАД,Заявител,,
8a6b4410-ad05-4944-8457-ea10a9f0c02d,2437,2026,Частно гражданско дело,Районен съд - Ботевград,Ж.С.Т.,Длъжник,,
8a6b4410-ad05-4944-8457-ea10a9f0c02d,2437,2026,Частно гражданско дело,Районен съд - Ботевград,В.Л.Л.,Пълномощник,,
f75d4856-4190-423b-bfee-5533e3d5073e,2192,2026,Гражданско дело,Районен съд - Кюстендил,Йеттел България ЕАД,Ищец,,
f75d4856-4190-423b-bfee-5533e3d5073e,2192,2026,Гражданско дело,Районен съд - Кюстендил,П.Р.С.,Ответник,,
f75d4856-4190-423b-bfee-5533e3d5073e,2192,2026,Гражданско дело,Районен съд - Кюстендил,Л.Г.Г.,Представител,,
150ef9b4-a35b-46b4-b245-25415c0a6ca2,404,2026,Частно гражданско дело,Районен съд - Сандански,Инспекторат на ВСС,Вносител,,
015a0997-db5d-4407-b5e9-04c86a721508,274,2026,Въззивно гражданско дело,Апелативен съд - Пловдив,К.Г.Т.,Жалбоподател,,
015a0997-db5d-4407-b5e9-04c86a721508,274,2026,Въззивно гражданско дело,Апелативен съд - Пловдив,Апелативен съд – Велико Търново,Въззиваема страна,,
015a0997-db5d-4407-b5e9-04c86a721508,274,2026,Въззивно гражданско дело,Апелативен съд - Пловдив,Окръжен съд – Велико Търново,Въззиваема страна,,
015a0997-db5d-4407-b5e9-04c86a721508,274,2026,Въззивно гражданско дело,Апелативен съд - Пловдив,Районен съд – Велико Търново,Въззиваема страна,,
015a0997-db5d-4407-b5e9-04c86a721508,274,2026,Въззивно гражданско дело,Апелативен съд - Пловдив,Апелативна прокуратура - Пловдив,Контролираща страна,,
2b2abc02-278a-4dab-943d-ee72c6144189,1740,2026,Частно гражданско дело,Районен съд - Велико Търново,БЕСТ Кепитъл България ЕАД,Заявител,,
2b2abc02-278a-4dab-943d-ee72c6144189,1740,2026,Частно гражданско дело,Районен съд - Велико Търново,Г.А.Й.,Длъжник,,
2b2abc02-278a-4dab-943d-ee72c6144189,1740,2026,Частно гражданско дело,Районен съд - Велико Търново,Г.Я.Б.,Пълномощник,,
e13e4e76-b3cc-4c7f-94e5-0a89d35f8f78,558,2026,Частно гражданско дело,Районен съд - Велики Преслав,БЕСТ Кепитъл България ЕАД,Заявител,,
e13e4e76-b3cc-4c7f-94e5-0a89d35f8f78,558,2026,Частно гражданско дело,Районен съд - Велики Преслав,А.А.И.,Длъжник,,
e13e4e76-b3cc-4c7f-94e5-0a89d35f8f78,558,2026,Частно гражданско дело,Районен съд - Велики Преслав,Б.И.К.,Пълномощник,,
e13e4e76-b3cc-4c7f-94e5-0a89d35f8f78,558,2026,Частно гражданско дело,Районен съд - Велики Преслав,Районен съд – Харманли,Друго,,
53eb61a6-7528-401a-b1ac-b624a96dd551,438,2026,Административно дело,Административен съд - Плевен,Н.Г.Н.,Жалбоподател,Мая Цолова Божилска,
53eb61a6-7528-401a-b1ac-b624a96dd551,438,2026,Административно дело,Административен съд - Плевен,НАЧАЛНИК ГРУПА В СЕКТОР ПЪТНА ПОЛИЦИЯ ПРИ ОД НА МВР ПЛЕВЕН,Ответник,,
53eb61a6-7528-401a-b1ac-b624a96dd551,438,2026,Административно дело,Административен съд - Плевен,"Началник група, сектор ПП при ОД на МВР Румен Тодоров",Ответник,,
53eb61a6-7528-401a-b1ac-b624a96dd551,438,2026,Административно дело,Административен съд - Плевен,М.Ц.Б.,Адвокат,,
80aa3631-717a-46f7-bd62-e67b3641d8b0,4384,2026,Частно гражданско дело,Районен съд - Враца,БЕСТ Кепитъл България ЕАД,Заявител,,
80aa3631-717a-46f7-bd62-e67b3641d8b0,4384,2026,Частно гражданско дело,Районен съд - Враца,Ж.И.Д.,Длъжник,,
80aa3631-717a-46f7-bd62-e67b3641d8b0,4384,2026,Частно гражданско дело,Районен съд - Враца,В.Л.Л.,Пълномощник,,
c40d06c7-390e-47d8-8f94-860114809b00,5434,2026,Въззивно гражданско дело,Софийски градски съд,ГЛАВПРОЕКТ 2006 ЕООД,Въззивник,,
c40d06c7-390e-47d8-8f94-860114809b00,5434,2026,Въззивно гражданско дело,Софийски градски съд,ГЛАВПРОЕКТ- 07 ЕООД,Въззивник,,
c40d06c7-390e-47d8-8f94-860114809b00,5434,2026,Въззивно гражданско дело,Софийски градски съд,М.М.И.,Адвокат,,
c40d06c7-390e-47d8-8f94-860114809b00,5434,2026,Въззивно гражданско дело,Софийски градски съд,С.К.,Адвокат,Стоян Красимиров Кожухаров,
3e4eda61-3d9f-4412-966f-e14c91a4da40,842,2026,Въззивно частно наказателно дело,Окръжен съд - Варна,А.К.Я.,Жалбоподател,,
3e4eda61-3d9f-4412-966f-e14c91a4da40,842,2026,Въззивно частно наказателно дело,Окръжен съд - Варна,Ж.М.Г.,Адвокат,,
90099cd0-8443-4890-bd1d-e039ca9ac837,2436,2026,Частно гражданско дело,Районен съд - Ботевград,БЕСТ Кепитъл България ЕАД,Заявител,,
90099cd0-8443-4890-bd1d-e039ca9ac837,2436,2026,Частно гражданско дело,Районен съд - Ботевград,Д.Й.Й.,Длъжник,,
90099cd0-8443-4890-bd1d-e039ca9ac837,2436,2026,Частно гражданско дело,Районен съд - Ботевград,С.С.П.,Пълномощник,,
24b8d05a-ed13-4c40-81e4-5400b5587b7b,2191,2026,Частно гражданско дело,Районен съд - Кюстендил,Инспекторат на ВСС,Вносител,,
dd591e13-975a-495e-8c96-d4a5e74e2073,2190,2026,Частно гражданско дело,Районен съд - Кюстендил,БЕСТ Кепитъл България ЕАД,Заявител,,
dd591e13-975a-495e-8c96-d4a5e74e2073,2190,2026,Частно гражданско дело,Районен съд - Кюстендил,Г.А.А.,Длъжник,,
dd591e13-975a-495e-8c96-d4a5e74e2073,2190,2026,Частно гражданско дело,Районен съд - Кюстендил,Г.Я.Б.,Пълномощник,,
d287b7b6-4f3e-4832-8aa5-b7cc4ecb807e,51,2026,Частно наказателно дело,Военен съд - София,Военно-окръжна прокуратура - София,Вносител,,
d287b7b6-4f3e-4832-8aa5-b7cc4ecb807e,51,2026,Частно наказателно дело,Военен съд - София,А.П.М.,Жалбоподател,,
21884c38-e1ec-40ea-b7d6-3738fd3b3b00,273,2026,Въззивно частно гражданско дело,Апелативен съд - Пловдив,И.Н.К.,Ищец,,
21884c38-e1ec-40ea-b7d6-3738fd3b3b00,273,2026,Въззивно частно гражданско дело,Апелативен съд - Пловдив,Окръжен съд – Пловдив,Вносител,,
21884c38-e1ec-40ea-b7d6-3738fd3b3b00,273,2026,Въззивно частно гражданско дело,Апелативен съд - Пловдив,ОБЩИНА РОДОПИ,Ответник,,
82f5461a-fd4f-4a5d-b033-c8d56d6d289a,2869,2026,Частно наказателно дело,Районен съд - Пловдив,Районна прокуратура - Пловдив,Вносител,,
82f5461a-fd4f-4a5d-b033-c8d56d6d289a,2869,2026,Частно наказателно дело,Районен съд - Пловдив,А.А.И.,Обвинител,,
82f5461a-fd4f-4a5d-b033-c8d56d6d289a,2869,2026,Частно наказателно дело,Районен съд - Пловдив,К.Д.Р.,Обвинител,,
82f5461a-fd4f-4a5d-b033-c8d56d6d289a,2869,2026,Частно наказателно дело,Районен съд - Пловдив,В.Р.Н.,Обвинител,,
82f5461a-fd4f-4a5d-b033-c8d56d6d289a,2869,2026,Частно наказателно дело,Районен съд - Пловдив,С.Г.Н.,Обвинител,,
82f5461a-fd4f-4a5d-b033-c8d56d6d289a,2869,2026,Частно наказателно дело,Районен съд - Пловдив,Л.А.В.,Обвинител,,
82f5461a-fd4f-4a5d-b033-c8d56d6d289a,2869,2026,Частно наказателно дело,Районен съд - Пловдив,И.С.С.,Друго,,
82f5461a-fd4f-4a5d-b033-c8d56d6d289a,2869,2026,Частно наказателно дело,Районен съд - Пловдив,Н.Й.С.,Свидетел,,
82f5461a-fd4f-4a5d-b033-c8d56d6d289a,2869,2026,Частно наказателно дело,Районен съд - Пловдив,Р.Ц.Д.,Вещо лице,,
82f5461a-fd4f-4a5d-b033-c8d56d6d289a,2869,2026,Частно наказателно дело,Районен съд - Пловдив,В.Д.Ч.Н.,Вещо лице,,
82f5461a-fd4f-4a5d-b033-c8d56d6d289a,2869,2026,Частно наказателно дело,Районен съд - Пловдив,В.И.С.,Свидетел,,
82f5461a-fd4f-4a5d-b033-c8d56d6d289a,2869,2026,Частно наказателно дело,Районен съд - Пловдив,П.П.П.,Свидетел,,
82f5461a-fd4f-4a5d-b033-c8d56d6d289a,2869,2026,Частно наказателно дело,Районен съд - Пловдив,Е.И.В.,Свидетел,,
82f5461a-fd4f-4a5d-b033-c8d56d6d289a,2869,2026,Частно наказателно дело,Районен съд - Пловдив,М.Д.Д.,Свидетел,,
82f5461a-fd4f-4a5d-b033-c8d56d6d289a,2869,2026,Частно наказателно дело,Районен съд - Пловдив,К.Ж.Б.,Адвокат,,
e61b17b6-2eee-4e66-aa14-6c8f3d2b88b8,403,2026,Частно гражданско дело,Районен съд - Сандански,Инспекторат на ВСС,Вносител,,
6e62c75a-09dc-483b-8b4e-1a8b45709270,5433,2026,Въззивно частно гражданско дело,Софийски градски съд,"СОБСТВЕНИЦИТЕ НА САМОСТОЯТЕЛНИ ОБЕКТИ В СГРАДА В РЕЖИМ НА ЕТАЖНА СОБСТВЕНОСТ, НАХОДЯЩА СЕ НА АДРЕС ГР.СОФИЯ, Ж.К.ЛЮЛИН, БЛ.430, ВХ А",Жалбоподател,,
ee10ec26-6379-4858-a31e-f3149dfac1fa,2213,2026,Наказателно дело от общ характер,Районен съд - Варна,Районна прокуратура - Варна,Вносител,,
ee10ec26-6379-4858-a31e-f3149dfac1fa,2213,2026,Наказателно дело от общ характер,Районен съд - Варна,Р.П.П.,Обвинител,,
ee10ec26-6379-4858-a31e-f3149dfac1fa,2213,2026,Наказателно дело от общ характер,Районен съд - Варна,К.П.Д.,Подсъдим,,
ee10ec26-6379-4858-a31e-f3149dfac1fa,2213,2026,Наказателно дело от общ характер,Районен съд - Варна,В.В.В.,Пострадал,,
ee10ec26-6379-4858-a31e-f3149dfac1fa,2213,2026,Наказателно дело от общ характер,Районен съд - Варна,С.Д.Д.,Пострадал,,
ee10ec26-6379-4858-a31e-f3149dfac1fa,2213,2026,Наказателно дело от общ характер,Районен съд - Варна,К.А.Б.,Служебен защитник,,
001afa43-e447-4f21-8b8a-a2c71b18a45c,1544,2026,Частно гражданско дело,Районен съд - Габрово,БЕСТ Кепитъл България ЕАД,Заявител,,
001afa43-e447-4f21-8b8a-a2c71b18a45c,1544,2026,Частно гражданско дело,Районен съд - Габрово,А.И.Д.,Длъжник,,
001afa43-e447-4f21-8b8a-a2c71b18a45c,1544,2026,Частно гражданско дело,Районен съд - Габрово,Б.И.К.,Юрисконсулт,,
46c691c2-b89f-425d-b241-b624274414ad,437,2026,Административно дело,Административен съд - Плевен,К.Д.Д.,Жалбоподател,Мая Цолова Божилска,
46c691c2-b89f-425d-b241-b624274414ad,437,2026,Административно дело,Административен съд - Плевен,"Младши полицейски инспектор към ОД на М.П., РУ 01 Плевен",Ответник,,
46c691c2-b89f-425d-b241-b624274414ad,437,2026,Административно дело,Административен съд - Плевен,МЛАДШИ ПОЛИЦЕЙСКИ ИНСПЕКТОР ПРИ РУ 01 ПЛЕВЕН,Ответник,,
46c691c2-b89f-425d-b241-b624274414ad,437,2026,Административно дело,Административен съд - Плевен,М.Ц.Б.,Адвокат,,
00359b14-b148-42f2-98a9-a3aef940e70b,5523,2026,Частно гражданско дело,Районен съд - Перник,БЕСТ Кепитъл България ЕАД,Заявител,,
00359b14-b148-42f2-98a9-a3aef940e70b,5523,2026,Частно гражданско дело,Районен съд - Перник,Ж.Е.К.,Длъжник,,
00359b14-b148-42f2-98a9-a3aef940e70b,5523,2026,Частно гражданско дело,Районен съд - Перник,В.Л.Л.,Пълномощник,,
4b35446b-c265-4142-876d-4a318280b80f,750,2026,Частно гражданско дело,Районен съд - Ген. Тошево,БЕСТ Кепитъл България ЕАД,Заявител,,
4b35446b-c265-4142-876d-4a318280b80f,750,2026,Частно гражданско дело,Районен съд - Ген. Тошево,Д.Й.Г.,Длъжник,,
4b35446b-c265-4142-876d-4a318280b80f,750,2026,Частно гражданско дело,Районен съд - Ген. Тошево,С.С.П.,Пълномощник,,
e12b0ba5-7d46-4b08-a47d-e041b12e3e7a,673,2026,Частно гражданско дело,Районен съд - Айтос,БЕСТ Кепитъл България ЕАД,Заявител,,
e12b0ba5-7d46-4b08-a47d-e041b12e3e7a,673,2026,Частно гражданско дело,Районен съд - Айтос,Е.Х.Ш.,Длъжник,,
e12b0ba5-7d46-4b08-a47d-e041b12e3e7a,673,2026,Частно гражданско дело,Районен съд - Айтос,В.Л.Л.,Пълномощник,,
339bfa78-694c-42f3-b09f-f5a73b6955e6,2811,2026,Частно гражданско дело,Районен съд - Шумен,БЕСТ Кепитъл България ЕАД,Заявител,,
339bfa78-694c-42f3-b09f-f5a73b6955e6,2811,2026,Частно гражданско дело,Районен съд - Шумен,А.А.Й.,Длъжник,,
339bfa78-694c-42f3-b09f-f5a73b6955e6,2811,2026,Частно гражданско дело,Районен съд - Шумен,Б.И.К.,Пълномощник,,
1d02a3b7-7147-49fb-aa52-c674a20b8105,635,2026,Административно дело,Административен съд - Хасково,Г.Н.Х.,Жалбоподател,,
1d02a3b7-7147-49fb-aa52-c674a20b8105,635,2026,Административно дело,Административен съд - Хасково,Младши автоконтрольор към РУ - Хасково,Ответник,,
1d02a3b7-7147-49fb-aa52-c674a20b8105,635,2026,Административно дело,Административен съд - Хасково,"Младши автоконтрольор към ОДМВР - Хасково, Р.Х. / Ж.П.Ж./",Ответник,,
1d02a3b7-7147-49fb-aa52-c674a20b8105,635,2026,Административно дело,Административен съд - Хасково,Д.Г.А.,Адвокат,Димитър Георгиев Аврамов,
ced6c0ec-2497-4f69-88b3-6aca4ad82cbe,565,2026,Частно гражданско дело,Районен съд - Балчик,БЕСТ Кепитъл България ЕАД,Заявител,,
ced6c0ec-2497-4f69-88b3-6aca4ad82cbe,565,2026,Частно гражданско дело,Районен съд - Балчик,Г.Ц.Д.,Длъжник,,
ced6c0ec-2497-4f69-88b3-6aca4ad82cbe,565,2026,Частно гражданско дело,Районен съд - Балчик,Г.Я.Б.,Пълномощник,,
8bc4034a-832f-45ae-9f6e-1afafd35b6a9,6216,2026,Административно дело,Административен съд - София-град,СТАДА БЪЛГАРИЯ ЕООД,Жалбоподател,Антония Цветкова,
8bc4034a-832f-45ae-9f6e-1afafd35b6a9,6216,2026,Административно дело,Административен съд - София-град,СТАРШИ ИНСПЕКТОР Д-Р ГАЛЯ МИЛКОВА ИВАНОВА ОТ ОДБХ СОФИЯ-ГРАД,Ответник,,
8bc4034a-832f-45ae-9f6e-1afafd35b6a9,6216,2026,Административно дело,Административен съд - София-град,А.А.Ц.,Адвокат,,
2bc4ab50-5b03-46fc-b18e-6a63c536d6a2,2189,2026,Частно гражданско дело,Районен съд - Кюстендил,БЕСТ Кепитъл България ЕАД,Заявител,,
2bc4ab50-5b03-46fc-b18e-6a63c536d6a2,2189,2026,Частно гражданско дело,Районен съд - Кюстендил,Е.М.Х.,Длъжник,,
2bc4ab50-5b03-46fc-b18e-6a63c536d6a2,2189,2026,Частно гражданско дело,Районен съд - Кюстендил,В.Л.Л.,Пълномощник,,
267a3520-0e05-4853-bae2-fbc21d4ebfd7,841,2026,Частно наказателно дело,Окръжен съд - Варна,Министерство на правосъдието Германия,Вносител,,
267a3520-0e05-4853-bae2-fbc21d4ebfd7,841,2026,Частно наказателно дело,Окръжен съд - Варна,В.А.А.,Обвинител,,
267a3520-0e05-4853-bae2-fbc21d4ebfd7,841,2026,Частно наказателно дело,Окръжен съд - Варна,Окръжна прокуратура - Варна,Страна,,
267a3520-0e05-4853-bae2-fbc21d4ebfd7,841,2026,Частно наказателно дело,Окръжен съд - Варна,И.К.И.,Заинтересована страна,,
c18b445f-e85e-4752-b28e-a34e38e80c92,913,2026,Частно гражданско дело,Районен съд - Белоградчик,БЕСТ Кепитъл България ЕАД,Заявител,,
c18b445f-e85e-4752-b28e-a34e38e80c92,913,2026,Частно гражданско дело,Районен съд - Белоградчик,Д.И.Б.,Длъжник,,
c18b445f-e85e-4752-b28e-a34e38e80c92,913,2026,Частно гражданско дело,Районен съд - Белоградчик,С.С.П.,Пълномощник,,
06064e3f-2291-4fcb-935b-5c430cc38dd1,5522,2026,Частно гражданско дело,Районен съд - Перник,БЕСТ Кепитъл България ЕАД,Заявител,,
06064e3f-2291-4fcb-935b-5c430cc38dd1,5522,2026,Частно гражданско дело,Районен съд - Перник,А.Я.А.,Длъжник,,
06064e3f-2291-4fcb-935b-5c430cc38dd1,5522,2026,Частно гражданско дело,Районен съд - Перник,Б.И.К.,Пълномощник,,
8db961ba-0961-4909-9d33-16feb97f65ac,546,2026,Частно гражданско дело,Районен съд - Ардино,БЕСТ Кепитъл България ЕАД,Заявител,,
8db961ba-0961-4909-9d33-16feb97f65ac,546,2026,Частно гражданско дело,Районен съд - Ардино,Е.Е.Р.,Длъжник,,
8db961ba-0961-4909-9d33-16feb97f65ac,546,2026,Частно гражданско дело,Районен съд - Ардино,В.Л.Л.,Пълномощник,,
360d27db-f9dc-41f8-bb38-fa443ed79473,5432,2026,Въззивно частно гражданско дело,Софийски градски съд,В.С.,Жалбоподател,,
48103e3a-bf34-456f-9ecb-5e64e3eb864d,14451,2026,Гражданско дело,Софийски районен съд,Е.Ц.К.,Молител,,
48103e3a-bf34-456f-9ecb-5e64e3eb864d,14451,2026,Гражданско дело,Софийски районен съд,А.В.Р.,Ответник,,
8b0e08cb-cf27-4308-bba4-01e83fdc92cf,2212,2026,Административно наказателно дело,Районен съд - Варна,Районна прокуратура - Варна,Вносител,,
8b0e08cb-cf27-4308-bba4-01e83fdc92cf,2212,2026,Административно наказателно дело,Районен съд - Варна,М.Б.Д.,Обвинител,,
8b0e08cb-cf27-4308-bba4-01e83fdc92cf,2212,2026,Административно наказателно дело,Районен съд - Варна,И.С.И.,Обвиняем,,
8b0e08cb-cf27-4308-bba4-01e83fdc92cf,2212,2026,Административно наказателно дело,Районен съд - Варна,Й.К.А.,Защитник,Йордан Кирилов Алексиев,
8b0e08cb-cf27-4308-bba4-01e83fdc92cf,2212,2026,Административно наказателно дело,Районен съд - Варна,Д.К.Н.,Друго,,
ccad3239-c625-42fc-91bb-d665ed5002ee,2152,2026,Касационно частно гражданско дело,Върховен касационен съд,Л.Б.П.,Жалбоподател,,
ccad3239-c625-42fc-91bb-d665ed5002ee,2152,2026,Касационно частно гражданско дело,Върховен касационен съд,Р.Д.А.,Ответник,,
ccad3239-c625-42fc-91bb-d665ed5002ee,2152,2026,Касационно частно гражданско дело,Върховен касационен съд,Т.Н.А.,Ответник,,
ccad3239-c625-42fc-91bb-d665ed5002ee,2152,2026,Касационно частно гражданско дело,Върховен касационен съд,Л.П.Я.,Адвокат,,
ccad3239-c625-42fc-91bb-d665ed5002ee,2152,2026,Касационно частно гражданско дело,Върховен касационен съд,С.Г.Р.,Служебен защитник,,
ccad3239-c625-42fc-91bb-d665ed5002ee,2152,2026,Касационно частно гражданско дело,Върховен касационен съд,Н.И.Б.,Служебен защитник,,
ccad3239-c625-42fc-91bb-d665ed5002ee,2152,2026,Касационно частно гражданско дело,Върховен касационен съд,Е.Д.Б.,Адвокат,Елия Димитрова Божилова,
01bc839a-1bad-4427-a393-03c07c9c2369,1463,2026,Частно гражданско дело,Районен съд - Нови пазар,БЕСТ Кепитъл България ЕАД,Заявител,,
01bc839a-1bad-4427-a393-03c07c9c2369,1463,2026,Частно гражданско дело,Районен съд - Нови пазар,Д.Д.Х.,Длъжник,,
01bc839a-1bad-4427-a393-03c07c9c2369,1463,2026,Частно гражданско дело,Районен съд - Нови пазар,С.С.П.,Пълномощник,,
0b07594f-2088-4fc9-9807-2dd56125338a,2350,2026,Частно гражданско дело,Районен съд - Дупница,БЕСТ Кепитъл България ЕАД,Заявител,,
0b07594f-2088-4fc9-9807-2dd56125338a,2350,2026,Частно гражданско дело,Районен съд - Дупница,Е.И.И.,Длъжник,,
0b07594f-2088-4fc9-9807-2dd56125338a,2350,2026,Частно гражданско дело,Районен съд - Дупница,В.Л.Л.,Пълномощник,,
75d870a0-5e23-4975-99ea-c178fc2fc96a,5431,2026,Въззивно гражданско дело,Софийски градски съд,ТОПЛОФИКАЦИЯ СОФИЯ ЕАД,Въззивник,,
75d870a0-5e23-4975-99ea-c178fc2fc96a,5431,2026,Въззивно гражданско дело,Софийски градски съд,М.С.К.,Въззиваема страна,,
75d870a0-5e23-4975-99ea-c178fc2fc96a,5431,2026,Въззивно гражданско дело,Софийски градски съд,ТЕХЕМ СЪРВИСИС ЕООД,Трето лице помагач,,
eb60ec55-6a26-4f01-90c9-8d0d389a3638,2188,2026,Частно гражданско дело,Районен съд - Кюстендил,БЕСТ Кепитъл България ЕАД,Заявител,,
eb60ec55-6a26-4f01-90c9-8d0d389a3638,2188,2026,Частно гражданско дело,Районен съд - Кюстендил,Е.А.Х.,Длъжник,,
eb60ec55-6a26-4f01-90c9-8d0d389a3638,2188,2026,Частно гражданско дело,Районен съд - Кюстендил,В.Л.Л.,Пълномощник,,
96ac691b-3b4d-4a4c-822e-81cd53430724,1543,2026,Частно гражданско дело,Районен съд - Габрово,БЕСТ Кепитъл България ЕАД,Кредитор,,
96ac691b-3b4d-4a4c-822e-81cd53430724,1543,2026,Частно гражданско дело,Районен съд - Габрово,Г.К.А.,Длъжник,,
96ac691b-3b4d-4a4c-822e-81cd53430724,1543,2026,Частно гражданско дело,Районен съд - Габрово,Г.Я.Б.,Юрисконсулт,,
96a97919-386e-4555-a307-9dee8e73cc90,3626,2026,Частно гражданско дело,Районен съд - Варна,Е.М.З.,Молител,,
96a97919-386e-4555-a307-9dee8e73cc90,3626,2026,Частно гражданско дело,Районен съд - Варна,Е.М.В.,Законен представител,,
8ccf3cfd-6796-42a7-a396-e34d77e6a6e9,1739,2026,Частно гражданско дело,Районен съд - Велико Търново,БЕСТ Кепитъл България ЕАД,Заявител,,
8ccf3cfd-6796-42a7-a396-e34d77e6a6e9,1739,2026,Частно гражданско дело,Районен съд - Велико Търново,Е.А.Д.,Длъжник,,
8ccf3cfd-6796-42a7-a396-e34d77e6a6e9,1739,2026,Частно гражданско дело,Районен съд - Велико Търново,В.Л.Л.,Пълномощник,,
abc0e68f-d611-4887-80b8-01cf6bb917f0,634,2026,Административно дело,Административен съд - Хасково,Д.И.А.,Жалбоподател,,
abc0e68f-d611-4887-80b8-01cf6bb917f0,634,2026,Административно дело,Административен съд - Хасково,МЛ.ПОЛИЦЕЙСКИ ИНСПЕКТОР КЪМ РУ-ХАРМАНЛИ ПРИ ОД НА МВР-ХАСКОВО,Ответник,,
abc0e68f-d611-4887-80b8-01cf6bb917f0,634,2026,Административно дело,Административен съд - Хасково,Д.Т.К.А.,Адвокат,Доротея Теодосиева Казанджиева-Аврамова,
6a8c54bd-3d6b-4888-9c03-f3528e280d75,4383,2026,Частно гражданско дело,Районен съд - Враца,БЕСТ Кепитъл България ЕАД,Заявител,,
6a8c54bd-3d6b-4888-9c03-f3528e280d75,4383,2026,Частно гражданско дело,Районен съд - Враца,Г.Т.К.,Длъжник,,
6a8c54bd-3d6b-4888-9c03-f3528e280d75,4383,2026,Частно гражданско дело,Районен съд - Враца,Г.Я.Б.,Пълномощник,,
ed565eb5-1506-46fc-90ef-b319c01025a6,2211,2026,Частно наказателно дело,Районен съд - Варна,Районна прокуратура - Варна,Вносител,,
ed565eb5-1506-46fc-90ef-b319c01025a6,2211,2026,Частно наказателно дело,Районен съд - Варна,С.В.И.,Жалбоподател,,
ed565eb5-1506-46fc-90ef-b319c01025a6,2211,2026,Частно наказателно дело,Районен съд - Варна,Н.И.И.,Обвиняем,,
ed565eb5-1506-46fc-90ef-b319c01025a6,2211,2026,Частно наказателно дело,Районен съд - Варна,А.Х.Д.,Повереник,,
2d0112eb-88f8-4e8d-a711-c1328a8fe299,452,2026,Частно гражданско дело,Районен съд - Елена,БЕСТ Кепитъл България ЕАД,Заявител,,
2d0112eb-88f8-4e8d-a711-c1328a8fe299,452,2026,Частно гражданско дело,Районен съд - Елена,С.С.И.,Длъжник,,
2d0112eb-88f8-4e8d-a711-c1328a8fe299,452,2026,Частно гражданско дело,Районен съд - Елена,Е.С.Р.,Длъжник,,
2d0112eb-88f8-4e8d-a711-c1328a8fe299,452,2026,Частно гражданско дело,Районен съд - Елена,В.Л.Л.,Пълномощник,,
609ff1b2-4235-4023-9f06-6e1982631395,2810,2026,Частно гражданско дело,Районен съд - Шумен,БЕСТ Кепитъл България ЕАД,Заявител,,
609ff1b2-4235-4023-9f06-6e1982631395,2810,2026,Частно гражданско дело,Районен съд - Шумен,Г.О.А.,Длъжник,,
609ff1b2-4235-4023-9f06-6e1982631395,2810,2026,Частно гражданско дело,Районен съд - Шумен,Г.Я.Б.,Пълномощник,,
66d4871f-e193-4df6-96c2-07cd99b32c8f,1087,2026,Частно гражданско дело,Районен съд - Разград,БЕСТ Кепитъл България ЕАД,Заявител,,
66d4871f-e193-4df6-96c2-07cd99b32c8f,1087,2026,Частно гражданско дело,Районен съд - Разград,Д.Д.С.,Длъжник,,
66d4871f-e193-4df6-96c2-07cd99b32c8f,1087,2026,Частно гражданско дело,Районен съд - Разград,С.С.П.,Пълномощник,,
23243a6e-6c84-476e-aa68-19c4f55f2bac,1128,2026,Частно гражданско дело,Районен съд - Елин Пелин,БЕСТ Кепитъл България ЕАД,Заявител,,
23243a6e-6c84-476e-aa68-19c4f55f2bac,1128,2026,Частно гражданско дело,Районен съд - Елин Пелин,Е.Р.К.,Длъжник,,
23243a6e-6c84-476e-aa68-19c4f55f2bac,1128,2026,Частно гражданско дело,Районен съд - Елин Пелин,В.Л.Л.,Пълномощник,,
70515b6e-8c2f-41fd-b113-8bc2956301cb,5430,2026,Въззивно гражданско дело,Софийски градски съд,В.Р.,Въззивник,,
70515b6e-8c2f-41fd-b113-8bc2956301cb,5430,2026,Въззивно гражданско дело,Софийски градски съд,СЪДЪРЛАНД ГЛОБЪЛ СЪРВИСИЗ БЪЛГАРИЯ ЕООД,Въззиваема страна,,
70515b6e-8c2f-41fd-b113-8bc2956301cb,5430,2026,Въззивно гражданско дело,Софийски градски съд,Б.И.Б.,Адвокат,,
70515b6e-8c2f-41fd-b113-8bc2956301cb,5430,2026,Въззивно гражданско дело,Софийски градски съд,Т.Д.С.,Адвокат,,
bd990233-d149-458b-a580-4dd9d037899f,6215,2026,Административно дело,Административен съд - София-град,К.Р.Ш.,Жалбоподател,Иглика Василева Василева,
bd990233-d149-458b-a580-4dd9d037899f,6215,2026,Административно дело,Административен съд - София-град,ГДНП,Ответник,,
bd990233-d149-458b-a580-4dd9d037899f,6215,2026,Административно дело,Административен съд - София-град,"ДИРЕКТОР НА ГЛАВНА ДИРЕКЦИЯ ""НАЦИОНАЛНА ПОЛИЦИЯ""",Ответник,,
bd990233-d149-458b-a580-4dd9d037899f,6215,2026,Административно дело,Административен съд - София-град,И.В.,Адвокат,,
c66b9264-f797-4da0-9c18-a902fa80f8cf,213,2026,Частно наказателно дело,Окръжен съд - Ямбол,Окръжна прокуратура - Ямбол,Вносител,,
c66b9264-f797-4da0-9c18-a902fa80f8cf,213,2026,Частно наказателно дело,Окръжен съд - Ямбол,Ж.П.И.,Обвинител,,
c66b9264-f797-4da0-9c18-a902fa80f8cf,213,2026,Частно наказателно дело,Окръжен съд - Ямбол,М.К.,Обвиняем,,
c66b9264-f797-4da0-9c18-a902fa80f8cf,213,2026,Частно наказателно дело,Окръжен съд - Ямбол,М.Я.Ш.,Преводач,,
c66b9264-f797-4da0-9c18-a902fa80f8cf,213,2026,Частно наказателно дело,Окръжен съд - Ямбол,Н.Д.Н.,Адвокат,Николай Динков Начев,
258e3e96-fab8-4f21-953c-906a2132f46e,5429,2026,Въззивно частно гражданско дело,Софийски градски съд,ЕСОЕС ПРОПЪРТИ ООД,Ищец,,
17f93438-9221-45d3-9031-cd905138d1b4,3521,2026,Частно гражданско дело,Районен съд - Русе,БЕСТ Кепитъл България ЕАД,Заявител,,
17f93438-9221-45d3-9031-cd905138d1b4,3521,2026,Частно гражданско дело,Районен съд - Русе,В.В.С.,Длъжник,,
17f93438-9221-45d3-9031-cd905138d1b4,3521,2026,Частно гражданско дело,Районен съд - Русе,Г.Я.Б.,Пълномощник,,
b59b63ef-abc8-4c3a-b340-1da157c5140c,1864,2026,Частно гражданско дело,Районен съд - Горна Оряховица,БЕСТ Кепитъл България ЕАД,Заявител,,
b59b63ef-abc8-4c3a-b340-1da157c5140c,1864,2026,Частно гражданско дело,Районен съд - Горна Оряховица,Д.Г.С.,Длъжник,,
b59b63ef-abc8-4c3a-b340-1da157c5140c,1864,2026,Частно гражданско дело,Районен съд - Горна Оряховица,С.С.П.,Пълномощник,,
45bd947f-40e5-42cd-a0cb-f100bd20be5b,478,2026,Частно гражданско дело,Районен съд - Девня,БЕСТ Кепитъл България ЕАД,Заявител,,
45bd947f-40e5-42cd-a0cb-f100bd20be5b,478,2026,Частно гражданско дело,Районен съд - Девня,Е.П.И.,Длъжник,,
45bd947f-40e5-42cd-a0cb-f100bd20be5b,478,2026,Частно гражданско дело,Районен съд - Девня,В.Л.Л.,Пълномощник,,
b41d28f9-1569-48ae-a27e-845807a6677c,2171,2026,Частно гражданско дело,Районен съд - Пазарджик,БЕСТ Кепитъл България ЕАД,Заявител,,
b41d28f9-1569-48ae-a27e-845807a6677c,2171,2026,Частно гражданско дело,Районен съд - Пазарджик,В.Й.Г.,Длъжник,,
b41d28f9-1569-48ae-a27e-845807a6677c,2171,2026,Частно гражданско дело,Районен съд - Пазарджик,Г.Я.Б.,Пълномощник,,
0d2ada3c-39da-410f-9771-1d29bb8fac25,3520,2026,Частно гражданско дело,Районен съд - Русе,БЕСТ Кепитъл България ЕАД,Заявител,,
0d2ada3c-39da-410f-9771-1d29bb8fac25,3520,2026,Частно гражданско дело,Районен съд - Русе,Е.Г.К.,Длъжник,,
0d2ada3c-39da-410f-9771-1d29bb8fac25,3520,2026,Частно гражданско дело,Районен съд - Русе,В.Л.Л.,Юрисконсулт,,
40ad959d-9761-47c6-82ba-838a74f604b1,633,2026,Административно дело,Административен съд - Хасково,М.М.Н.,Жалбоподател,,
40ad959d-9761-47c6-82ba-838a74f604b1,633,2026,Административно дело,Административен съд - Хасково,НАЧАЛНИК РУ ХАРМАНЛИ ПРИ ОД НА МВР ХАСКОВО,Ответник,,
40ad959d-9761-47c6-82ba-838a74f604b1,633,2026,Административно дело,Административен съд - Хасково,Д.Т.К.А.,Адвокат,Доротея Теодосиева Казанджиева-Аврамова,
cb908fce-09c9-4796-be43-194530868711,1539,2026,Касационно административно дело,Административен съд - Пловдив,А.И.Й.,Касатор,,
cb908fce-09c9-4796-be43-194530868711,1539,2026,Касационно административно дело,Административен съд - Пловдив,ЗАМЕСТНИК КМЕТ ОБЩЕСТВЕН РЕД И СИГУРНОСТ В ОБЩИНА ПЛОВДИВ,Ответник,,
cb908fce-09c9-4796-be43-194530868711,1539,2026,Касационно административно дело,Административен съд - Пловдив,М.К.,Лице за съдебен адрес,Мадлен Раденкова Кавръкова-Хазаросян,
0d355e80-d455-45cc-8692-c8e66b8618d3,5521,2026,Частно гражданско дело,Районен съд - Перник,БЕСТ Кепитъл България ЕАД,Заявител,,
0d355e80-d455-45cc-8692-c8e66b8618d3,5521,2026,Частно гражданско дело,Районен съд - Перник,Д.Г.Д.,Длъжник,,
0d355e80-d455-45cc-8692-c8e66b8618d3,5521,2026,Частно гражданско дело,Районен съд - Перник,С.С.П.,Пълномощник,,
2135cf51-2859-4e46-8d13-7b0190e437c9,1511,2026,Административно наказателно дело,Районен съд - Стара Загора,Районно управление ”Полиция” 02 - Стара Загора,Вносител,,
2135cf51-2859-4e46-8d13-7b0190e437c9,1511,2026,Административно наказателно дело,Районен съд - Стара Загора,С.Н.М.,Нарушител,,
2135cf51-2859-4e46-8d13-7b0190e437c9,1511,2026,Административно наказателно дело,Районен съд - Стара Загора,К.Л.М.,Нарушител,,
2135cf51-2859-4e46-8d13-7b0190e437c9,1511,2026,Административно наказателно дело,Районен съд - Стара Загора,Районна прокуратура - Стара Загора,Страна,,
99c75d11-4be3-4d8e-b3c1-216e6cc04788,4382,2026,Частно гражданско дело,Районен съд - Враца,БЕСТ Кепитъл България ЕАД,Заявител,,
99c75d11-4be3-4d8e-b3c1-216e6cc04788,4382,2026,Частно гражданско дело,Районен съд - Враца,Е.В.Д.,Длъжник,,
99c75d11-4be3-4d8e-b3c1-216e6cc04788,4382,2026,Частно гражданско дело,Районен съд - Враца,В.Л.Л.,Пълномощник,,
c6082c36-caa5-4e54-9304-4f8c242b6c5f,216,2026,Наказателно дело от общ характер,Районен съд - Карлово,ТО-Карлово към РП-Пловдив,Вносител,,
c6082c36-caa5-4e54-9304-4f8c242b6c5f,216,2026,Наказателно дело от общ характер,Районен съд - Карлово,Районна прокуратура - Пловдив,Вносител,,
c6082c36-caa5-4e54-9304-4f8c242b6c5f,216,2026,Наказателно дело от общ характер,Районен съд - Карлово,П.П.Р.,Обвинител,,
c6082c36-caa5-4e54-9304-4f8c242b6c5f,216,2026,Наказателно дело от общ характер,Районен съд - Карлово,М.И.В.,Обвиняем,,
c6082c36-caa5-4e54-9304-4f8c242b6c5f,216,2026,Наказателно дело от общ характер,Районен съд - Карлово,П.П.К.,Защитник,,
52c6da84-15b4-4a11-9723-310bb4ed3b08,2094,2026,Частно гражданско дело,Районен съд - Видин,БЕСТ Кепитъл България ЕАД,Заявител,,
52c6da84-15b4-4a11-9723-310bb4ed3b08,2094,2026,Частно гражданско дело,Районен съд - Видин,Д.А.Д.,Длъжник,,
52c6da84-15b4-4a11-9723-310bb4ed3b08,2094,2026,Частно гражданско дело,Районен съд - Видин,С.С.П.,Пълномощник,,
c8c5aa59-17a0-4e1a-8573-8ea77b3625c9,396,2026,Частно наказателно дело,Окръжен съд - Плевен,АВСТРИЯ,Вносител,,
c8c5aa59-17a0-4e1a-8573-8ea77b3625c9,396,2026,Частно наказателно дело,Окръжен съд - Плевен,Г.Г.,Заинтересована страна,,
f4ecb565-ffdc-4f03-96c0-fafcefbb3fb4,4381,2026,Частно гражданско дело,Районен съд - Враца,БЕСТ Кепитъл България ЕАД,Заявител,,
f4ecb565-ffdc-4f03-96c0-fafcefbb3fb4,4381,2026,Частно гражданско дело,Районен съд - Враца,В.М.И.,Длъжник,,
f4ecb565-ffdc-4f03-96c0-fafcefbb3fb4,4381,2026,Частно гражданско дело,Районен съд - Враца,Г.Я.Б.,Пълномощник,,
45b25708-e3ee-4694-a497-2edc11957098,5428,2026,Въззивно гражданско дело,Софийски градски съд,Ц.П.К.,Въззивник,,
45b25708-e3ee-4694-a497-2edc11957098,5428,2026,Въззивно гражданско дело,Софийски градски съд,ЙЕТТЕЛ БЪЛГАРИЯ ЕАД,Въззиваема страна,,
45b25708-e3ee-4694-a497-2edc11957098,5428,2026,Въззивно гражданско дело,Софийски градски съд,Михаил Иванов Тодоров (1700315610 София),Особен представител,,
45b25708-e3ee-4694-a497-2edc11957098,5428,2026,Въззивно гражданско дело,Софийски градски съд,Сийка Василева Маринкова (1700642510 София),Адвокат,Сийка Василева Маринкова,
10174e95-67dd-4693-8ea4-e3dd0760c060,3519,2026,Частно гражданско дело,Районен съд - Русе,БЕСТ Кепитъл България ЕАД,Заявител,,
10174e95-67dd-4693-8ea4-e3dd0760c060,3519,2026,Частно гражданско дело,Районен съд - Русе,Е.Б.А.,Длъжник,,
10174e95-67dd-4693-8ea4-e3dd0760c060,3519,2026,Частно гражданско дело,Районен съд - Русе,В.Л.Л.,Пълномощник,,
e52e468d-0608-4269-b5a1-32b8c9320464,6214,2026,Административно дело,Административен съд - София-град,Д.И.Я.,Жалбоподател,,
e52e468d-0608-4269-b5a1-32b8c9320464,6214,2026,Административно дело,Административен съд - София-град,УМБАЛ АЛЕКСАНДРОВСКА ЕАД,Ответник,,
b98b3557-8aae-4a2c-bfa8-9fa8fd5f64f1,142,2026,Административно дело,Административен съд - Силистра,К.И.О.,Жалбоподател,,
b98b3557-8aae-4a2c-bfa8-9fa8fd5f64f1,142,2026,Административно дело,Административен съд - Силистра,"НАЧАЛНИК СЕКТОР КЪМ ОДМВР- СИЛИСТРА, СЕКТОР ПЪТНА ПОЛИЦИЯ-СИЛИСТРА",Ответник,,
b98b3557-8aae-4a2c-bfa8-9fa8fd5f64f1,142,2026,Административно дело,Административен съд - Силистра,НАЧАЛНИК НА СЕКТОР ПЪТНА ПОЛИЦИЯ КЪМ ОТДЕЛ ОХРАНИТЕЛНА ПОЛИЦИЯ ПРИ ОДМВР-СИЛИСТРА,Ответник,,
b98b3557-8aae-4a2c-bfa8-9fa8fd5f64f1,142,2026,Административно дело,Административен съд - Силистра,П.Й.Й.,Адвокат,,
aafb1419-61a2-4591-93af-783086299108,882,2026,Частно гражданско дело,Районен съд - Котел,БЕСТ Кепитъл България ЕАД,Заявител,,
aafb1419-61a2-4591-93af-783086299108,882,2026,Частно гражданско дело,Районен съд - Котел,Д.Д.,Длъжник,,
aafb1419-61a2-4591-93af-783086299108,882,2026,Частно гражданско дело,Районен съд - Котел,С.С.П.,Пълномощник,,
7e2fea60-8a99-47a1-b6cd-a885c38910af,2210,2026,Частно наказателно дело,Районен съд - Варна,Районна прокуратура - Варна,Вносител,,
7e2fea60-8a99-47a1-b6cd-a885c38910af,2210,2026,Частно наказателно дело,Районен съд - Варна,Ж.Н.Н.,Жалбоподател,,
7e2fea60-8a99-47a1-b6cd-a885c38910af,2210,2026,Частно наказателно дело,Районен съд - Варна,А.Д.А.,Адвокат,,
b616aa6b-f494-4545-9851-baa9c2b4a77e,1510,2026,Частно наказателно дело,Районен съд - Стара Загора,РАЙОНЕН СЪД ЩРАУСБЕРГ,Вносител,,
b616aa6b-f494-4545-9851-baa9c2b4a77e,1510,2026,Частно наказателно дело,Районен съд - Стара Загора,С.В.И.,Страна,,
8e59933b-0e14-4a4f-b64b-7c2f6b718102,2187,2026,Частно гражданско дело,Районен съд - Кюстендил,БЕСТ Кепитъл България ЕАД,Заявител,,
8e59933b-0e14-4a4f-b64b-7c2f6b718102,2187,2026,Частно гражданско дело,Районен съд - Кюстендил,Е.Б.Н.,Длъжник,,
8e59933b-0e14-4a4f-b64b-7c2f6b718102,2187,2026,Частно гражданско дело,Районен съд - Кюстендил,В.Л.Л.,Пълномощник,,
f25844a2-b572-43b3-a4f7-1aa739c247a5,1738,2026,Частно гражданско дело,Районен съд - Велико Търново,БЕСТ Кепитъл България ЕАД,Заявител,,
f25844a2-b572-43b3-a4f7-1aa739c247a5,1738,2026,Частно гражданско дело,Районен съд - Велико Търново,В.В.Ч.,Длъжник,,
f25844a2-b572-43b3-a4f7-1aa739c247a5,1738,2026,Частно гражданско дело,Районен съд - Велико Търново,Г.Я.Б.,Пълномощник,,
e754a6f5-a544-4de1-957c-e2fdac796d0f,931,2026,Частно гражданско дело,Районен съд - Силистра,БЕСТ Кепитъл България ЕАД,Заявител,,
e754a6f5-a544-4de1-957c-e2fdac796d0f,931,2026,Частно гражданско дело,Районен съд - Силистра,Е.А.А.,Длъжник,,
e754a6f5-a544-4de1-957c-e2fdac796d0f,931,2026,Частно гражданско дело,Районен съд - Силистра,В.Л.Л.,Пълномощник,,
3a470c0f-037f-468b-b433-e48d6732f799,2170,2026,Частно гражданско дело,Районен съд - Пазарджик,БЕСТ Кепитъл България ЕАД,Заявител,,
3a470c0f-037f-468b-b433-e48d6732f799,2170,2026,Частно гражданско дело,Районен съд - Пазарджик,В.Д.К.,Длъжник,,
3a470c0f-037f-468b-b433-e48d6732f799,2170,2026,Частно гражданско дело,Районен съд - Пазарджик,Г.Я.Б.,Пълномощник,,
1c924454-40a3-421b-afed-efb21fb29a77,1538,2026,Касационно частно наказателно дело,Административен съд - Пловдив,А.И.Й.,Касатор,Мадлен Раденкова Кавръкова-Хазаросян,
1c924454-40a3-421b-afed-efb21fb29a77,1538,2026,Касационно частно наказателно дело,Административен съд - Пловдив,"Заместник - кмет ""Обществен ред и сигурност"" в Община Пловдив",Ответник,,
fd949622-9b50-45bf-8f34-3cb76ff21eaf,632,2026,Частно административно дело,Административен съд - Хасково,Г.Р.И.,Жалбоподател,,
fd949622-9b50-45bf-8f34-3cb76ff21eaf,632,2026,Частно административно дело,Административен съд - Хасково,РУ СВИЛЕНГРАД КЪМ ОДМВР-ХАСКОВО,Ответник,,
fd949622-9b50-45bf-8f34-3cb76ff21eaf,632,2026,Частно административно дело,Административен съд - Хасково,Е.Г.М.,Адвокат,Елена Георгиева Милева,
bda1b6c7-d3e2-4607-9a21-7915a238f604,4203,2026,Частно гражданско дело,Районен съд - Пловдив,К.С.З.,Заявител,,
bda1b6c7-d3e2-4607-9a21-7915a238f604,4203,2026,Частно гражданско дело,Районен съд - Пловдив,Л.Р.Ч.,Длъжник,,
bda1b6c7-d3e2-4607-9a21-7915a238f604,4203,2026,Частно гражданско дело,Районен съд - Пловдив,Е.Й.А.Х.,Адвокат,Емилия Йорданова Ангелова-Ховагимян,
374563b6-849e-46ea-998a-3d085fb709aa,5427,2026,Въззивно гражданско дело,Софийски градски съд,БАЛКАН ТУЛС ЕООД,Въззивник,,
374563b6-849e-46ea-998a-3d085fb709aa,5427,2026,Въззивно гражданско дело,Софийски градски съд,Ю.И.В.,Въззиваема страна,,
374563b6-849e-46ea-998a-3d085fb709aa,5427,2026,Въззивно гражданско дело,Софийски градски съд,ИВАН ВАСИЛЕВ ЕЛЕНКОВ (1000026034 МОНТАНА),Адвокат,,
374563b6-849e-46ea-998a-3d085fb709aa,5427,2026,Въззивно гражданско дело,Софийски градски съд,Камен Добринов Добрев (1100581210 София),Адвокат,Камен Добринов Добрев,
74e85e65-a9a7-48ee-9f12-8a36c0c4bee7,1058,2026,Частно гражданско дело,Районен съд - Тетевен,БЕСТ Кепитъл България ЕАД,Заявител,,
74e85e65-a9a7-48ee-9f12-8a36c0c4bee7,1058,2026,Частно гражданско дело,Районен съд - Тетевен,В.Р.П.,Длъжник,,
74e85e65-a9a7-48ee-9f12-8a36c0c4bee7,1058,2026,Частно гражданско дело,Районен съд - Тетевен,Г.Я.Б.,Пълномощник,,
9cb22964-024f-4fe7-a4d0-67e4372ee75f,1542,2026,Частно гражданско дело,Районен съд - Габрово,Е.Р.В.,Молител,,
ad2e132d-6dca-43ef-a3a5-9e9c757a0bb6,1124,2026,Частно гражданско дело,Районен съд - Бяла,БЕСТ Кепитъл България ЕАД,Заявител,,
ad2e132d-6dca-43ef-a3a5-9e9c757a0bb6,1124,2026,Частно гражданско дело,Районен съд - Бяла,Д.Г.С.,Длъжник,,
ad2e132d-6dca-43ef-a3a5-9e9c757a0bb6,1124,2026,Частно гражданско дело,Районен съд - Бяла,С.С.П.,Пълномощник,,
134bd64d-a179-4f88-b335-4db78cbd0cba,5426,2026,Въззивно частно гражданско дело,Софийски градски съд,П.И.С.,Жалбоподател,,
4096ca7c-12d1-49e0-858b-a326210c84a2,1541,2026,Частно гражданско дело,Районен съд - Габрово,БЕСТ Кепитъл България ЕАД,Кредитор,,
4096ca7c-12d1-49e0-858b-a326210c84a2,1541,2026,Частно гражданско дело,Районен съд - Габрово,Е.С.Д.,Длъжник,,
4096ca7c-12d1-49e0-858b-a326210c84a2,1541,2026,Частно гражданско дело,Районен съд - Габрово,В.Л.Л.,Юрисконсулт,,
55075487-06ed-46f3-b8a2-9f8db6b0822c,1127,2026,Частно гражданско дело,Районен съд - Бяла Слатина,БЕСТ Кепитъл България ЕАД,Заявител,,
55075487-06ed-46f3-b8a2-9f8db6b0822c,1127,2026,Частно гражданско дело,Районен съд - Бяла Слатина,В.К.Д.,Длъжник,,
55075487-06ed-46f3-b8a2-9f8db6b0822c,1127,2026,Частно гражданско дело,Районен съд - Бяла Слатина,Г.Я.Б.,Пълномощник,,
15537034-5471-447b-90d8-0d02f204488e,3497,2026,Въззивно частно наказателно дело,Софийски градски съд,С.И.С.,Жалбоподател,,
15537034-5471-447b-90d8-0d02f204488e,3497,2026,Въззивно частно наказателно дело,Софийски градски съд,И.Г.И.,Подсъдим,,
538d4e04-c540-448a-a369-f7d8d8a21030,5425,2026,Въззивно гражданско дело,Софийски градски съд,Д.Г.Е.,Въззивник,,
538d4e04-c540-448a-a369-f7d8d8a21030,5425,2026,Въззивно гражданско дело,Софийски градски съд,АГЕНЦИЯ ЗА СЪБИРАНЕ НА ВЗЕМАНИЯ ЕАД,Въззиваема страна,,
538d4e04-c540-448a-a369-f7d8d8a21030,5425,2026,Въззивно гражданско дело,Софийски градски съд,Надежда Иванова Иванова (1800453710 София),Адвокат,,
5f05008c-b9e4-4387-b59e-7d674347a23a,1057,2026,Частно гражданско дело,Районен съд - Тетевен,БЕСТ Кепитъл България ЕАД,Заявител,,
5f05008c-b9e4-4387-b59e-7d674347a23a,1057,2026,Частно гражданско дело,Районен съд - Тетевен,Д.Д.И.,Длъжник,,
5f05008c-b9e4-4387-b59e-7d674347a23a,1057,2026,Частно гражданско дело,Районен съд - Тетевен,С.С.П.,Юрисконсулт,,
5f05008c-b9e4-4387-b59e-7d674347a23a,1057,2026,Частно гражданско дело,Районен съд - Тетевен,З.Н.Д.,Законен представител,,
42a6bc0f-abeb-435b-986f-19c81525e44f,3518,2026,Частно гражданско дело,Районен съд - Русе,БЕСТ Кепитъл България ЕАД,Заявител,,
42a6bc0f-abeb-435b-986f-19c81525e44f,3518,2026,Частно гражданско дело,Районен съд - Русе,В.Г.Й.,Длъжник,,
42a6bc0f-abeb-435b-986f-19c81525e44f,3518,2026,Частно гражданско дело,Районен съд - Русе,Г.Я.Б.,Пълномощник,,
f03de6ce-7544-4251-86c5-2801093db2c6,357,2026,Частно гражданско дело,Районен съд - Ихтиман,БЕСТ Кепитъл България ЕАД,Заявител,,
f03de6ce-7544-4251-86c5-2801093db2c6,357,2026,Частно гражданско дело,Районен съд - Ихтиман,Д.Б.Н.,Длъжник,,
f03de6ce-7544-4251-86c5-2801093db2c6,357,2026,Частно гражданско дело,Районен съд - Ихтиман,С.С.П.,Пълномощник,,
121f9d7f-422f-430d-970b-41b3009af00c,959,2026,Гражданско дело,Районен съд - Карлово,Д.Х.Х.,Ищец,,
121f9d7f-422f-430d-970b-41b3009af00c,959,2026,Гражданско дело,Районен съд - Карлово,С.Х.Х.,Ответник,,
121f9d7f-422f-430d-970b-41b3009af00c,959,2026,Гражданско дело,Районен съд - Карлово,Б.П.С.,Ответник,,
121f9d7f-422f-430d-970b-41b3009af00c,959,2026,Гражданско дело,Районен съд - Карлово,Г.К.Г.,Пълномощник,,
121f9d7f-422f-430d-970b-41b3009af00c,959,2026,Гражданско дело,Районен съд - Карлово,С.Х.Ш.,Пълномощник,,
ec5f2b08-b7e1-4399-a6b2-abb6fec6ec75,815,2026,Частно гражданско дело,Районен съд - Троян,БЕСТ Кепитъл България ЕАД,Кредитор,,
ec5f2b08-b7e1-4399-a6b2-abb6fec6ec75,815,2026,Частно гражданско дело,Районен съд - Троян,В.Р.У.,Длъжник,,
ec5f2b08-b7e1-4399-a6b2-abb6fec6ec75,815,2026,Частно гражданско дело,Районен съд - Троян,Г.Я.Б.,Юрисконсулт,,
736d6446-9658-4782-81d8-21bdd3387e3b,2186,2026,Частно гражданско дело,Районен съд - Кюстендил,БЕСТ Кепитъл България ЕАД,Заявител,,
736d6446-9658-4782-81d8-21bdd3387e3b,2186,2026,Частно гражданско дело,Районен съд - Кюстендил,В.К.К.,Длъжник,,
736d6446-9658-4782-81d8-21bdd3387e3b,2186,2026,Частно гражданско дело,Районен съд - Кюстендил,Г.Я.Б.,Пълномощник,,
02dba535-3c44-4da2-977b-40e0ac5e9633,2809,2026,Гражданско дело,Районен съд - Шумен,Д.Д.А.,Ищец,Метин Хилмиев Джамбазов,
02dba535-3c44-4da2-977b-40e0ac5e9633,2809,2026,Гражданско дело,Районен съд - Шумен,Г.А.А.,Ответник,,
02dba535-3c44-4da2-977b-40e0ac5e9633,2809,2026,Гражданско дело,Районен съд - Шумен,"АГЕНЦИЯ СОЦИАЛНО ПОДПОМАГАНЕ, Дирекция Социално Подпомагане-гр.Шумен",Контролираща страна,,
48b5dd80-fba6-4f3f-b651-9161e8cd74d5,1537,2026,Касационно частно наказателно дело,Административен съд - Пловдив,А.И.Й.,Жалбоподател,,
1cdb0007-d741-4d23-be28-cecfbae857df,3496,2026,Частно наказателно дело,Софийски градски съд,Софийска градска прокуратура,Вносител,,
1cdb0007-d741-4d23-be28-cecfbae857df,3496,2026,Частно наказателно дело,Софийски градски съд,Р.Н.Р.,Обвинител,,
1cdb0007-d741-4d23-be28-cecfbae857df,3496,2026,Частно наказателно дело,Софийски градски съд,Л.В.А.,Обвиняем,,
1cdb0007-d741-4d23-be28-cecfbae857df,3496,2026,Частно наказателно дело,Софийски градски съд,Д.Г.Г.,Защитник,,
fd174a38-dfb6-403a-9c70-1eda54765286,372,2026,Частно гражданско дело,Районен съд - Червен бряг,БЕСТ Кепитъл България ЕАД,Заявител,,
fd174a38-dfb6-403a-9c70-1eda54765286,372,2026,Частно гражданско дело,Районен съд - Червен бряг,Д.П.Д.,Длъжник,,
fd174a38-dfb6-403a-9c70-1eda54765286,372,2026,Частно гражданско дело,Районен съд - Червен бряг,С.С.П.,Пълномощник,,
69ee52a4-2e3a-4e87-a1df-c09e7ec7b6da,2169,2026,Частно гражданско дело,Районен съд - Пазарджик,БЕСТ Кепитъл България ЕАД,Заявител,,
69ee52a4-2e3a-4e87-a1df-c09e7ec7b6da,2169,2026,Частно гражданско дело,Районен съд - Пазарджик,В.И.А.,Длъжник,,
69ee52a4-2e3a-4e87-a1df-c09e7ec7b6da,2169,2026,Частно гражданско дело,Районен съд - Пазарджик,Г.Я.Б.,Пълномощник,,
bd262d6c-0246-4bc5-93ee-5522cb76ca5d,1086,2026,Частно гражданско дело,Районен съд - Разград,БЕСТ Кепитъл България ЕАД,Заявител,,
bd262d6c-0246-4bc5-93ee-5522cb76ca5d,1086,2026,Частно гражданско дело,Районен съд - Разград,В.С.И.,Длъжник,,
bd262d6c-0246-4bc5-93ee-5522cb76ca5d,1086,2026,Частно гражданско дело,Районен съд - Разград,Г.Я.Б.,Пълномощник,,
682445d3-669a-4145-a0c9-45306d31d1c2,221,2026,Частно гражданско дело,Районен съд - Трън,БЕСТ Кепитъл България ЕАД,Заявител,,
682445d3-669a-4145-a0c9-45306d31d1c2,221,2026,Частно гражданско дело,Районен съд - Трън,Д.С.О.,Длъжник,,
682445d3-669a-4145-a0c9-45306d31d1c2,221,2026,Частно гражданско дело,Районен съд - Трън,С.С.П.,Пълномощник,,
25bbb10a-ac9d-47b6-a25a-9a6249f9c9f3,749,2026,Частно гражданско дело,Районен съд - Ген. Тошево,САНДАНСКИ ПЛОД ЕООД,Заявител,,
25bbb10a-ac9d-47b6-a25a-9a6249f9c9f3,749,2026,Частно гражданско дело,Районен съд - Ген. Тошево,ТЕКО 1 - ИВАН ИВАНОВ ЕООД,Длъжник,,
25bbb10a-ac9d-47b6-a25a-9a6249f9c9f3,749,2026,Частно гражданско дело,Районен съд - Ген. Тошево,Й.Н.Н.З.,Адвокат,Йорданка Николова Нонева-Златкова,
25bbb10a-ac9d-47b6-a25a-9a6249f9c9f3,749,2026,Частно гражданско дело,Районен съд - Ген. Тошево,К.С.К.,Друго,,
fbb504e1-4784-4583-9680-865565748729,5424,2026,Въззивно гражданско дело,Софийски градски съд,С.И.Б.К.,Въззивник,,
fbb504e1-4784-4583-9680-865565748729,5424,2026,Въззивно гражданско дело,Софийски градски съд,БЪЛГАРСКИ СПОРТЕН ТОТАЛИЗАТОР ДП,Въззивник,,
fbb504e1-4784-4583-9680-865565748729,5424,2026,Въззивно гражданско дело,Софийски градски съд,В.Г.Б.,Адвокат,,
fbb504e1-4784-4583-9680-865565748729,5424,2026,Въззивно гражданско дело,Софийски градски съд,Г.С.Я.,Адвокат,,
fbb504e1-4784-4583-9680-865565748729,5424,2026,Въззивно гражданско дело,Софийски градски съд,Е.М.Д.,Адвокат,ЕДУАРД МИЛЧЕВ ДРАГАНОВ,
14b941c8-6a84-411b-aacf-e69e29f2d464,2868,2026,Наказателно дело от общ характер,Районен съд - Пловдив,Районна прокуратура - Пловдив,Вносител,,
14b941c8-6a84-411b-aacf-e69e29f2d464,2868,2026,Наказателно дело от общ характер,Районен съд - Пловдив,Д.А.Д.,Обвинител,,
14b941c8-6a84-411b-aacf-e69e29f2d464,2868,2026,Наказателно дело от общ характер,Районен съд - Пловдив,А.В.М.,Обвиняем,,
14b941c8-6a84-411b-aacf-e69e29f2d464,2868,2026,Наказателно дело от общ характер,Районен съд - Пловдив,Н.З.Ч.,Адвокат,,
e9a0739a-90dc-4885-aa14-bd4cdea13604,5423,2026,Въззивно частно гражданско дело,Софийски градски съд,Н.Г.К.,Жалбоподател,,
e9a0739a-90dc-4885-aa14-bd4cdea13604,5423,2026,Въззивно частно гражданско дело,Софийски градски съд,Й.А.М.,Ответник,,
e9a0739a-90dc-4885-aa14-bd4cdea13604,5423,2026,Въззивно частно гражданско дело,Софийски градски съд,Е.И.Д.,Адвокат,Екатерина Иванова Димитрова,
fa010f5a-203c-4470-a785-60acccce300d,255,2026,Въззивно частно търговско дело,Апелативен съд - Пловдив,МИХАЕЛА 2000 ООД,Жалбоподател,,
fa010f5a-203c-4470-a785-60acccce300d,255,2026,Въззивно частно търговско дело,Апелативен съд - Пловдив,В.Д.М.,Адвокат,,
2ce445d9-13fe-45eb-8644-b76b4a6c1724,930,2026,Частно гражданско дело,Районен съд - Силистра,В.Д.Р.,Молител,,
2ce445d9-13fe-45eb-8644-b76b4a6c1724,930,2026,Частно гражданско дело,Районен съд - Силистра,Ц.Д.Р.,Наследодател,,
7a4dcecc-43c3-45ef-ba5f-56323ec2b9cf,2808,2026,Гражданско дело,Районен съд - Шумен,Инспекторат към ВСС,Вносител,,
7a4dcecc-43c3-45ef-ba5f-56323ec2b9cf,2808,2026,Гражданско дело,Районен съд - Шумен,Г.К.К.,Страна,,
ccd7ccfa-370f-4293-b0e2-91cca29edab9,3625,2026,Частно гражданско дело,Районен съд - Варна,М.Ц.М.,Наследник,,
ccd7ccfa-370f-4293-b0e2-91cca29edab9,3625,2026,Частно гражданско дело,Районен съд - Варна,Ц.Х.А.,Наследодател,,
48d43358-4c10-4d12-925d-ea67b679fb30,788,2026,Частно гражданско дело,Районен съд - Димитровград,БЕСТ Кепитъл България ЕАД,Заявител,,
48d43358-4c10-4d12-925d-ea67b679fb30,788,2026,Частно гражданско дело,Районен съд - Димитровград,В.И.К.,Длъжник,,
48d43358-4c10-4d12-925d-ea67b679fb30,788,2026,Частно гражданско дело,Районен съд - Димитровград,Г.Я.Б.,Пълномощник,,
8ca13377-f9f1-45d2-a509-9e3552aef082,958,2026,Гражданско дело,Районен съд - Карлово,П.Д.Ш.,Молител,,
8ca13377-f9f1-45d2-a509-9e3552aef082,958,2026,Гражданско дело,Районен съд - Карлово,И.П.Г.,Молител,,
8ca13377-f9f1-45d2-a509-9e3552aef082,958,2026,Гражданско дело,Районен съд - Карлово,Г.К.Г.,Пълномощник,,
b4e18494-d230-4eac-ae87-b0e872bad402,1863,2026,Частно гражданско дело,Районен съд - Горна Оряховица,БЕСТ Кепитъл България ЕАД,Заявител,,
b4e18494-d230-4eac-ae87-b0e872bad402,1863,2026,Частно гражданско дело,Районен съд - Горна Оряховица,В.Д.Й.,Длъжник,,
b4e18494-d230-4eac-ae87-b0e872bad402,1863,2026,Частно гражданско дело,Районен съд - Горна Оряховица,Г.Я.Б.,Пълномощник,,
8210a87c-035d-4a53-a852-69d42a0a0fe9,637,2026,Частно гражданско дело,Районен съд - Брезник,БЕСТ Кепитъл България ЕАД,Заявител,,
8210a87c-035d-4a53-a852-69d42a0a0fe9,637,2026,Частно гражданско дело,Районен съд - Брезник,В.Д.Й.,Длъжник,,
8210a87c-035d-4a53-a852-69d42a0a0fe9,637,2026,Частно гражданско дело,Районен съд - Брезник,Г.Я.Б.,Пълномощник,,
6764e93b-dfce-4d01-a95d-03e87ca63f7c,141,2026,Гражданско дело,Окръжен съд - Кърджали,Н.М.П.,Ищец,,
6764e93b-dfce-4d01-a95d-03e87ca63f7c,141,2026,Гражданско дело,Окръжен съд - Кърджали,М.П.П.,Ответник,,
6764e93b-dfce-4d01-a95d-03e87ca63f7c,141,2026,Гражданско дело,Окръжен съд - Кърджали,Д.И.Д.,Адвокат,Димитър Илиев Димитров,
6764e93b-dfce-4d01-a95d-03e87ca63f7c,141,2026,Гражданско дело,Окръжен съд - Кърджали,Председател на Адвокатска колегия - Кърджали,Друго,,
6764e93b-dfce-4d01-a95d-03e87ca63f7c,141,2026,Гражданско дело,Окръжен съд - Кърджали,Д.А.П.,Особен представител,,
b0892c71-35d3-42ce-a311-fd16ad8cb8b3,2360,2026,Частно гражданско дело,Районен съд - Монтана,БЕСТ Кепитъл България ЕАД,Заявител,,
b0892c71-35d3-42ce-a311-fd16ad8cb8b3,2360,2026,Частно гражданско дело,Районен съд - Монтана,В.Г.Б.,Длъжник,,
b0892c71-35d3-42ce-a311-fd16ad8cb8b3,2360,2026,Частно гражданско дело,Районен съд - Монтана,Г.Я.Б.,Пълномощник,,
e427a334-a051-4377-bd3b-c929e256d953,5422,2026,Въззивно гражданско дело,Софийски градски съд,И.М.П.,Въззивник,,
e427a334-a051-4377-bd3b-c929e256d953,5422,2026,Въззивно гражданско дело,Софийски градски съд,ЗАСТРАХОВАТЕЛНО АКЦИОНЕРНО ДРУЖЕСТВО АРМЕЕЦ АД,Въззиваема страна,,
e427a334-a051-4377-bd3b-c929e256d953,5422,2026,Въззивно гражданско дело,Софийски градски съд,Г.С.Я.,Адвокат,,
e427a334-a051-4377-bd3b-c929e256d953,5422,2026,Въззивно гражданско дело,Софийски градски съд,Й.В.Р.,Адвокат,Йордан Ванев Райнов,
999ea468-eaca-460f-a628-503b749ec32d,925,2026,Частно гражданско дело,Районен съд - Сливница,БЕСТ Кепитъл България ЕАД,Заявител,,
999ea468-eaca-460f-a628-503b749ec32d,925,2026,Частно гражданско дело,Районен съд - Сливница,В.И.Л.,Длъжник,,
999ea468-eaca-460f-a628-503b749ec32d,925,2026,Частно гражданско дело,Районен съд - Сливница,Г.Я.Б.,Пълномощник,,
57fce8c0-e129-428d-bc50-7cf4b02771bc,468,2026,Частно наказателно дело,Районен съд - Ловеч,ОДМВР - Ловеч,Вносител,,
1b156345-4b96-452e-9952-91e00b0d3786,2807,2026,Гражданско дело,Районен съд - Шумен,Инспекторат към ВСС,Вносител,,
1b156345-4b96-452e-9952-91e00b0d3786,2807,2026,Гражданско дело,Районен съд - Шумен,С.Р.Я.,Страна,,
1b156345-4b96-452e-9952-91e00b0d3786,2807,2026,Гражданско дело,Районен съд - Шумен,И.К.Я.,Страна,,
c8376d09-fbad-4a49-9a7f-a167350585d7,1462,2026,Частно гражданско дело,Районен съд - Нови пазар,БЕСТ Кепитъл България ЕАД,Заявител,,
c8376d09-fbad-4a49-9a7f-a167350585d7,1462,2026,Частно гражданско дело,Районен съд - Нови пазар,В.Г.П.,Длъжник,,
c8376d09-fbad-4a49-9a7f-a167350585d7,1462,2026,Частно гражданско дело,Районен съд - Нови пазар,Г.Я.Б.,Пълномощник,,
ca95c7f4-53c4-4649-93c8-8ffdf030ef52,1536,2026,Частно административно дело,Административен съд - Пловдив,А.И.Й.,Жалбоподател,Мадлен Раденкова Кавръкова-Хазаросян,
fb1a10b8-c7dd-4ab4-88d3-32df57874b2f,254,2026,Въззивно търговско дело,Апелативен съд - Пловдив,ОБЩИНА ПЛОВДИВ,Жалбоподател,,
fb1a10b8-c7dd-4ab4-88d3-32df57874b2f,254,2026,Въззивно търговско дело,Апелативен съд - Пловдив,ЦИД - АТЛАС ЕООД,Ответник,,
fb1a10b8-c7dd-4ab4-88d3-32df57874b2f,254,2026,Въззивно търговско дело,Апелативен съд - Пловдив,И.И.Д.,Юрисконсулт,,
fb1a10b8-c7dd-4ab4-88d3-32df57874b2f,254,2026,Въззивно търговско дело,Апелативен съд - Пловдив,Г.Д.Г.,Адвокат,Гергана Димова Георгиева,
1e065cea-e8c0-43cb-9c7c-033d483c59a8,744,2026,Частно гражданско дело,Районен съд - Павликени,БЕСТ Кепитъл България ЕАД,Заявител,,
1e065cea-e8c0-43cb-9c7c-033d483c59a8,744,2026,Частно гражданско дело,Районен съд - Павликени,В.Г.Г.,Длъжник,,
1e065cea-e8c0-43cb-9c7c-033d483c59a8,744,2026,Частно гражданско дело,Районен съд - Павликени,Г.Я.Б.,Пълномощник,,
edce43e1-14cd-4c28-a92c-2638c36c6f72,1461,2026,Частно гражданско дело,Районен съд - Нови пазар,БЕСТ Кепитъл България ЕАД,Заявител,,
edce43e1-14cd-4c28-a92c-2638c36c6f72,1461,2026,Частно гражданско дело,Районен съд - Нови пазар,В.В.Л.,Длъжник,,
edce43e1-14cd-4c28-a92c-2638c36c6f72,1461,2026,Частно гражданско дело,Районен съд - Нови пазар,Г.Я.Б.,Пълномощник,,
ba5615b3-31b7-45ba-a04f-e9e2a561773f,467,2026,Частно наказателно дело,Районен съд - Ловеч,ОДМВР - Ловеч,Вносител,,
193b77c8-e9dc-4f0f-a81f-c3c4c73e1911,5421,2026,Въззивно гражданско дело,Софийски градски съд,ЗАСТРАХОВАТЕЛНО АКЦИОНЕРНО ДРУЖЕСТВО АРМЕЕЦ АД,Въззивник,,
193b77c8-e9dc-4f0f-a81f-c3c4c73e1911,5421,2026,Въззивно гражданско дело,Софийски градски съд,ГОЛД-КОНСТРЪКШЪНС ЕООД,Въззиваема страна,,
193b77c8-e9dc-4f0f-a81f-c3c4c73e1911,5421,2026,Въззивно гражданско дело,Софийски градски съд,Й.К.А.,Процесуален представител,Йордан Кирилов Алексиев,
193b77c8-e9dc-4f0f-a81f-c3c4c73e1911,5421,2026,Въззивно гражданско дело,Софийски градски съд,Л.М.М.Л.,Юрисконсулт,,
5be6d781-77b2-4cea-b4d3-83d1313562d8,2435,2026,Частно гражданско дело,Районен съд - Ботевград,БЕСТ Кепитъл България ЕАД,Заявител,,
5be6d781-77b2-4cea-b4d3-83d1313562d8,2435,2026,Частно гражданско дело,Районен съд - Ботевград,Б.К.Н.,Длъжник,,
5be6d781-77b2-4cea-b4d3-83d1313562d8,2435,2026,Частно гражданско дело,Районен съд - Ботевград,Г.Я.Б.,Пълномощник,,
12834f16-bc10-4549-9f2d-cbec4070da5d,2806,2026,Гражданско дело,Районен съд - Шумен,Инспекторат на ВСС,Вносител,,
12834f16-bc10-4549-9f2d-cbec4070da5d,2806,2026,Гражданско дело,Районен съд - Шумен,К.П.К.,Страна,,
12834f16-bc10-4549-9f2d-cbec4070da5d,2806,2026,Гражданско дело,Районен съд - Шумен,К.И.Г.,Страна,,
d1e9239f-5ff6-45d6-af88-24a302bd027d,5520,2026,Частно гражданско дело,Районен съд - Перник,БЕСТ Кепитъл България ЕАД,Заявител,,
d1e9239f-5ff6-45d6-af88-24a302bd027d,5520,2026,Частно гражданско дело,Районен съд - Перник,Б.С.А.,Длъжник,,
d1e9239f-5ff6-45d6-af88-24a302bd027d,5520,2026,Частно гражданско дело,Районен съд - Перник,Г.Я.Б.,Пълномощник,,
8037d665-998f-4d41-9524-70e7695c32e1,6213,2026,Частно административно дело,Административен съд - София-град,"""Софтрейд 2003"" ЕООД",Жалбоподател,Сибина Николаева Ефтенова-Маврова,
8037d665-998f-4d41-9524-70e7695c32e1,6213,2026,Частно административно дело,Административен съд - София-град,"ЕТ "" Минкин . Албена Минкин""",Жалбоподател,,
8037d665-998f-4d41-9524-70e7695c32e1,6213,2026,Частно административно дело,Административен съд - София-град,СТОЛИЧНА ОБЩИНА,Ответник,,
8037d665-998f-4d41-9524-70e7695c32e1,6213,2026,Частно административно дело,Административен съд - София-град,Ч.Н.Д.,Адвокат,,
7d93a2cd-6db1-451e-9002-0c1bd1b9b3fb,672,2026,Гражданско дело,Районен съд - Айтос,М.М.М.,Ищец,,
7d93a2cd-6db1-451e-9002-0c1bd1b9b3fb,672,2026,Гражданско дело,Районен съд - Айтос,И.Ю.М.,Ответник,,
7d93a2cd-6db1-451e-9002-0c1bd1b9b3fb,672,2026,Гражданско дело,Районен съд - Айтос,Р.Б.Н.,Адвокат,,
27c2baa2-ce61-4901-b512-d29bc5669870,14450,2026,Частно гражданско дело,Софийски районен съд,С.Р.Л.,Кредитор,,
27c2baa2-ce61-4901-b512-d29bc5669870,14450,2026,Частно гражданско дело,Софийски районен съд,И.Р.П.,Длъжник,,
6e6e2cec-cebb-414a-b943-b25d0a110109,14449,2026,Частно гражданско дело,Софийски районен съд,С.Р.Л.,Кредитор,,
6e6e2cec-cebb-414a-b943-b25d0a110109,14449,2026,Частно гражданско дело,Софийски районен съд,Т.А.К.,Длъжник,,
0bdf44c0-9790-4f0e-8c6b-16b1ed742c2e,2805,2026,Гражданско дело,Районен съд - Шумен,Инспекторат на ВСС,Вносител,,
0bdf44c0-9790-4f0e-8c6b-16b1ed742c2e,2805,2026,Гражданско дело,Районен съд - Шумен,Н.В.М.,Страна,,
0bdf44c0-9790-4f0e-8c6b-16b1ed742c2e,2805,2026,Гражданско дело,Районен съд - Шумен,Б.Й.Б.,Страна,,
c926ac6a-e328-4f97-bf91-291ff5ae2886,234,2026,Административно дело,Административен съд - Търговище,С.М.М.,Жалбоподател,Йордан Велинов Костадинов,
c926ac6a-e328-4f97-bf91-291ff5ae2886,234,2026,Административно дело,Административен съд - Търговище,"Мл. автоконтрольор към ОДМВР Търговище, С-Р ""ПП"" Търговище",Ответник,,
c926ac6a-e328-4f97-bf91-291ff5ae2886,234,2026,Административно дело,Административен съд - Търговище,"В.М.Д. - Мл. автоконтрольор към ОДМВР - Търговище, Сектор ""ПП""",Ответник,,
c926ac6a-e328-4f97-bf91-291ff5ae2886,234,2026,Административно дело,Административен съд - Търговище,Й.К.,Пълномощник,,
ae3d6d16-b3f6-4fcf-af04-f497c9f28ac1,2185,2026,Частно гражданско дело,Районен съд - Кюстендил,ЕОС МАТРИКС ЕАД,Заявител,,
ae3d6d16-b3f6-4fcf-af04-f497c9f28ac1,2185,2026,Частно гражданско дело,Районен съд - Кюстендил,Ж.А.Д.,Длъжник,,
ae3d6d16-b3f6-4fcf-af04-f497c9f28ac1,2185,2026,Частно гражданско дело,Районен съд - Кюстендил,Р.Ж.М.,Адвокат,Росица Живкова Маврова,
70e4bb01-75c8-47ea-a00e-b584c92fd0bc,5420,2026,Въззивно частно гражданско дело,Софийски градски съд,Н.А.Н.,Жалбоподател,,
c63d8b9b-c6f5-466a-8b02-122cb95f01d1,1085,2026,Частно гражданско дело,Районен съд - Разград,ЕОС МАТРИКС ЕАД,Заявител,,
c63d8b9b-c6f5-466a-8b02-122cb95f01d1,1085,2026,Частно гражданско дело,Районен съд - Разград,Ж.А.С.,Длъжник,,
c63d8b9b-c6f5-466a-8b02-122cb95f01d1,1085,2026,Частно гражданско дело,Районен съд - Разград,Р.Ж.М.,Адвокат,Росица Живкова Маврова,
2b9b91bd-9092-4089-bfb4-e3bd9681b3e5,671,2026,Гражданско дело,Районен съд - Айтос,Х.Ш.И.,Ищец,,
2b9b91bd-9092-4089-bfb4-e3bd9681b3e5,671,2026,Гражданско дело,Районен съд - Айтос,Х.М.И.,Ответник,,
2b9b91bd-9092-4089-bfb4-e3bd9681b3e5,671,2026,Гражданско дело,Районен съд - Айтос,Р.Б.Н.,Адвокат,,
2b9b91bd-9092-4089-bfb4-e3bd9681b3e5,671,2026,Гражданско дело,Районен съд - Айтос,"Дирекция ""Социално подпомагане"" Айтос-отдел ""Закрила на детето""",Заинтересована страна,,
2b9b91bd-9092-4089-bfb4-e3bd9681b3e5,671,2026,Гражданско дело,Районен съд - Айтос,Т.Р.Х.,Адвокат,,
ee6335f4-1141-4862-9f2e-e1361af83d79,5419,2026,Въззивно гражданско дело,Софийски градски съд,Й.М.Х.,Въззивник,,
ee6335f4-1141-4862-9f2e-e1361af83d79,5419,2026,Въззивно гражданско дело,Софийски градски съд,ЗАСТРАХОВАТЕЛНА КОМПАНИЯ ЛЕВ ИНС АД,Въззиваема страна,,
ee6335f4-1141-4862-9f2e-e1361af83d79,5419,2026,Въззивно гражданско дело,Софийски градски съд,"ЗД ""БУЛ ИНС"" АД",Въззиваема страна,,
ee6335f4-1141-4862-9f2e-e1361af83d79,5419,2026,Въззивно гражданско дело,Софийски градски съд,Ф.В.С.,Адвокат,ФОНИ ВАСИЛЕВ СТЕФАНОВ,
7b5dca9d-66f8-447b-9325-75acb5b43202,848,2026,Гражданско дело,Районен съд - Берковица,Н.Р.М.,Ищец,,
7b5dca9d-66f8-447b-9325-75acb5b43202,848,2026,Гражданско дело,Районен съд - Берковица,ОБЩИНА ВЪРЩЕЦ,Ответник,,
7b5dca9d-66f8-447b-9325-75acb5b43202,848,2026,Гражданско дело,Районен съд - Берковица,Ж.Г.С.,Адвокат,,
7b5dca9d-66f8-447b-9325-75acb5b43202,848,2026,Гражданско дело,Районен съд - Берковица,И.Л.,Представляващ,,
1f413814-f768-42f3-852d-2175d8575472,488,2026,Частно гражданско дело,Районен съд - Луковит,Б.Р.Д.,Кредитор,,
1f413814-f768-42f3-852d-2175d8575472,488,2026,Частно гражданско дело,Районен съд - Луковит,А.Н.Б.,Длъжник,Емилия Георгиева Атанасова,
1f413814-f768-42f3-852d-2175d8575472,488,2026,Частно гражданско дело,Районен съд - Луковит,Л.М.К.,Адвокат,Любен Минчев Казанлиев,
867328e8-ed2f-4ca9-9658-9222a54fcafd,2867,2026,Административно наказателно дело,Районен съд - Пловдив,В.Д.Д.,Жалбоподател,,
867328e8-ed2f-4ca9-9658-9222a54fcafd,2867,2026,Административно наказателно дело,Районен съд - Пловдив,НАЧАЛНИК ПЕТО РУ ПРИ ОД МВР ПЛОВДИВ,Админ.наказ.орган,,
867328e8-ed2f-4ca9-9658-9222a54fcafd,2867,2026,Административно наказателно дело,Районен съд - Пловдив,И.С.П.,Актосъставител,,
867328e8-ed2f-4ca9-9658-9222a54fcafd,2867,2026,Административно наказателно дело,Районен съд - Пловдив,Р.Ц.С.,Адвокат,Радостина Цветанова Стоянова,
867328e8-ed2f-4ca9-9658-9222a54fcafd,2867,2026,Административно наказателно дело,Районен съд - Пловдив,Ц.Д.Х.,Свидетел,,
7b353708-ab40-4856-9136-b68b59c2bcf1,1535,2026,Частно административно дело,Административен съд - Пловдив,А.И.Й.,Жалбоподател,,
6047d01e-0741-46e9-90d3-342946d7845c,628,2026,Частно гражданско дело,Районен съд - Мездра,Банка ДСК АД,Молител,,
6047d01e-0741-46e9-90d3-342946d7845c,628,2026,Частно гражданско дело,Районен съд - Мездра,Г.Н.Й.,Наследодател,,
6047d01e-0741-46e9-90d3-342946d7845c,628,2026,Частно гражданско дело,Районен съд - Мездра,Д.М.П.,Юрисконсулт,,
6047d01e-0741-46e9-90d3-342946d7845c,628,2026,Частно гражданско дело,Районен съд - Мездра,И.Г.Й.,Заинтересована страна,,
00071289-ee94-4e42-a03b-a82c377a91f3,670,2026,Гражданско дело,Районен съд - Айтос,Д.Х.Х.,Молител,,
00071289-ee94-4e42-a03b-a82c377a91f3,670,2026,Гражданско дело,Районен съд - Айтос,А.М.Х.,Молител,,
00071289-ee94-4e42-a03b-a82c377a91f3,670,2026,Гражданско дело,Районен съд - Айтос,Р.Б.Н.,Адвокат,,
00071289-ee94-4e42-a03b-a82c377a91f3,670,2026,Гражданско дело,Районен съд - Айтос,"Дирекция ""Социално подпомагане"" Руен-отдел ""Закрила на детето""",Заинтересована страна,,
e0c677da-0cd5-4420-894f-4a7fb471fd7e,2359,2026,Частно гражданско дело,Районен съд - Монтана,Банка ДСК АД,Заявител,,
e0c677da-0cd5-4420-894f-4a7fb471fd7e,2359,2026,Частно гражданско дело,Районен съд - Монтана,С.А.С.,Длъжник,,
e0c677da-0cd5-4420-894f-4a7fb471fd7e,2359,2026,Частно гражданско дело,Районен съд - Монтана,С.П.П.,Пълномощник,,
52743d17-9c47-48ff-ae94-8c317676f345,2804,2026,Гражданско дело,Районен съд - Шумен,Инспекторат на ВСС,Вносител,,
52743d17-9c47-48ff-ae94-8c317676f345,2804,2026,Гражданско дело,Районен съд - Шумен,О.Д.К.,Страна,,
52743d17-9c47-48ff-ae94-8c317676f345,2804,2026,Гражданско дело,Районен съд - Шумен,Л.М.К.,Страна,,
bf3324e8-e426-4e5c-b094-a79cae5432ea,929,2026,Частно гражданско дело,Районен съд - Силистра,Б.Р.Д.,Кредитор,,
bf3324e8-e426-4e5c-b094-a79cae5432ea,929,2026,Частно гражданско дело,Районен съд - Силистра,А.Н.Б.,Длъжник,,
bf3324e8-e426-4e5c-b094-a79cae5432ea,929,2026,Частно гражданско дело,Районен съд - Силистра,Л.М.К.,Адвокат,Любен Минчев Казанлиев,
bf3324e8-e426-4e5c-b094-a79cae5432ea,929,2026,Частно гражданско дело,Районен съд - Силистра,Е.Г.А.,Адвокат,Емилия Георгиева Атанасова,
06313c62-6da9-4b73-9c56-fb96f3e0cb1d,7559,2026,Частно наказателно дело,Софийски районен съд,08 РУ СДВР,Вносител,,
06313c62-6da9-4b73-9c56-fb96f3e0cb1d,7559,2026,Частно наказателно дело,Софийски районен съд,С.Л.С.,Свидетел,,
0bc7abd5-958c-4988-9136-5287efde035f,1127,2026,Частно гражданско дело,Районен съд - Елин Пелин,БЕСТ Кепитъл България ЕАД,Заявител,,
0bc7abd5-958c-4988-9136-5287efde035f,1127,2026,Частно гражданско дело,Районен съд - Елин Пелин,Б.Д.Б.,Длъжник,,
0bc7abd5-958c-4988-9136-5287efde035f,1127,2026,Частно гражданско дело,Районен съд - Елин Пелин,Г.Я.Б.,Пълномощник,,
495d0923-facc-4861-8274-06c703f9f6a3,1307,2026,Частно гражданско дело,Районен съд - Лом,ЕОС МАТРИКС ЕАД,Заявител,,
495d0923-facc-4861-8274-06c703f9f6a3,1307,2026,Частно гражданско дело,Районен съд - Лом,Е.С.Е.,Длъжник,,
495d0923-facc-4861-8274-06c703f9f6a3,1307,2026,Частно гражданско дело,Районен съд - Лом,Р.Ж.М.,Адвокат,Росица Живкова Маврова,
049e1798-ab43-4892-9a7d-5e321d98b0d7,627,2026,Частно гражданско дело,Районен съд - Мездра,Н.И.П.,Наследник,,
049e1798-ab43-4892-9a7d-5e321d98b0d7,627,2026,Частно гражданско дело,Районен съд - Мездра,Н.Ц.К.,Наследодател,,
5b5634ed-2a15-49ac-bffd-4cc0dccb1a81,658,2026,Частно гражданско дело,Районен съд - Тервел,Б.Р.Д.,Кредитор,,
5b5634ed-2a15-49ac-bffd-4cc0dccb1a81,658,2026,Частно гражданско дело,Районен съд - Тервел,А.Н.Б.,Длъжник,,
5b5634ed-2a15-49ac-bffd-4cc0dccb1a81,658,2026,Частно гражданско дело,Районен съд - Тервел,Л.М.К.,Адвокат,Любен Минчев Казанлиев,
5b5634ed-2a15-49ac-bffd-4cc0dccb1a81,658,2026,Частно гражданско дело,Районен съд - Тервел,Е.Г.А.,Адвокат,Емилия Георгиева Атанасова,
9d85501b-debf-4b37-ba07-390cb84575e4,669,2026,Гражданско дело,Районен съд - Айтос,Г.А.Х.,Ищец,,
9d85501b-debf-4b37-ba07-390cb84575e4,669,2026,Гражданско дело,Районен съд - Айтос,Р.М.,Ответник,,
9d85501b-debf-4b37-ba07-390cb84575e4,669,2026,Гражданско дело,Районен съд - Айтос,Р.Б.Н.,Адвокат,,
9d85501b-debf-4b37-ba07-390cb84575e4,669,2026,Гражданско дело,Районен съд - Айтос,"Дирекция ""Социално подпомагане"" Айтос-отдел ""Закрила на детето""",Заинтересована страна,,
2d3bef12-977f-488c-b970-24a65b9418e4,2803,2026,Гражданско дело,Районен съд - Шумен,Инспекторат на ВСС,Вносител,,
2d3bef12-977f-488c-b970-24a65b9418e4,2803,2026,Гражданско дело,Районен съд - Шумен,П.Р.В.,Страна,,
2d3bef12-977f-488c-b970-24a65b9418e4,2803,2026,Гражданско дело,Районен съд - Шумен,П.П.П.,Страна,,
35ef8673-4879-47bb-a617-0152e80670bc,233,2026,Административно дело,Административен съд - Търговище,Д.М.М.,Жалбоподател,,
35ef8673-4879-47bb-a617-0152e80670bc,233,2026,Административно дело,Административен съд - Търговище,Национална експертна лекарска комисия,Ответник,,
9ed302c6-a3a0-4d26-aece-cefc93eb7951,598,2026,Частно гражданско дело,Районен съд - Царево,ЕОС МАТРИКС ЕАД,Заявител,,
9ed302c6-a3a0-4d26-aece-cefc93eb7951,598,2026,Частно гражданско дело,Районен съд - Царево,Е.Б.Л.,Длъжник,,
9ed302c6-a3a0-4d26-aece-cefc93eb7951,598,2026,Частно гражданско дело,Районен съд - Царево,Р.Ж.М.,Адвокат,Росица Живкова Маврова,
b16155d0-e29e-457e-b0ff-20621538057d,4380,2026,Частно гражданско дело,Районен съд - Враца,БЕСТ Кепитъл България ЕАД,Заявител,,
b16155d0-e29e-457e-b0ff-20621538057d,4380,2026,Частно гражданско дело,Районен съд - Враца,Б.Г.Б.,Длъжник,,
b16155d0-e29e-457e-b0ff-20621538057d,4380,2026,Частно гражданско дело,Районен съд - Враца,Г.Я.Б.,Пълномощник,,
27f932f5-791f-4dc4-a213-f1e0a11c4d87,140,2026,Въззивно гражданско дело,Окръжен съд - Кърджали,С.Г.Д.,Жалбоподател,,
27f932f5-791f-4dc4-a213-f1e0a11c4d87,140,2026,Въззивно гражданско дело,Окръжен съд - Кърджали,Ц.Д.Д.,Жалбоподател,,
03fe4c9a-4264-4eb3-aebc-c18713dab84a,3517,2026,Частно гражданско дело,Районен съд - Русе,БЕСТ Кепитъл България ЕАД,Заявител,,
03fe4c9a-4264-4eb3-aebc-c18713dab84a,3517,2026,Частно гражданско дело,Районен съд - Русе,Б.Е.А.М.,Длъжник,,
03fe4c9a-4264-4eb3-aebc-c18713dab84a,3517,2026,Частно гражданско дело,Районен съд - Русе,Г.Я.Б.,Пълномощник,,
1515d426-ec87-4ed0-b180-2b03893cf03b,743,2026,Частно гражданско дело,Районен съд - Павликени,ЕОС МАТРИКС ЕАД,Заявител,,
1515d426-ec87-4ed0-b180-2b03893cf03b,743,2026,Частно гражданско дело,Районен съд - Павликени,Е.А.А.,Длъжник,,
1515d426-ec87-4ed0-b180-2b03893cf03b,743,2026,Частно гражданско дело,Районен съд - Павликени,Р.Ж.М.,Адвокат,Росица Живкова Маврова,
e24fabf1-8d2b-4d80-a8fb-b3bf0e3ccf85,5519,2026,Частно гражданско дело,Районен съд - Перник,КРЕДИТО ЕООД,Заявител,,
e24fabf1-8d2b-4d80-a8fb-b3bf0e3ccf85,5519,2026,Частно гражданско дело,Районен съд - Перник,В.Г.А.,Длъжник,,
e24fabf1-8d2b-4d80-a8fb-b3bf0e3ccf85,5519,2026,Частно гражданско дело,Районен съд - Перник,Р.Н.Т.,Представител,,
e24fabf1-8d2b-4d80-a8fb-b3bf0e3ccf85,5519,2026,Частно гражданско дело,Районен съд - Перник,П.Х.А.,Адвокат,,
c143d49a-dc55-4195-9f9f-d583841a1739,7558,2026,Наказателно дело от общ характер,Софийски районен съд,Районна прокуратура - София,Вносител,,
c143d49a-dc55-4195-9f9f-d583841a1739,7558,2026,Наказателно дело от общ характер,Софийски районен съд,Р.А.К.,Обвинител,,
c143d49a-dc55-4195-9f9f-d583841a1739,7558,2026,Наказателно дело от общ характер,Софийски районен съд,П.Г.Л.,Обвиняем,,
c143d49a-dc55-4195-9f9f-d583841a1739,7558,2026,Наказателно дело от общ характер,Софийски районен съд,И.В.Ю.,Адвокат,,
7563ae10-6a3d-41f0-b0e2-94810724a421,668,2026,Гражданско дело,Районен съд - Айтос,А.Й.О.,Ищец,,
7563ae10-6a3d-41f0-b0e2-94810724a421,668,2026,Гражданско дело,Районен съд - Айтос,Ц.С.Н.,Ответник,,
7563ae10-6a3d-41f0-b0e2-94810724a421,668,2026,Гражданско дело,Районен съд - Айтос,Й.А.О.,Ответник,,
7563ae10-6a3d-41f0-b0e2-94810724a421,668,2026,Гражданско дело,Районен съд - Айтос,К.Н.Я.,Адвокат,,
7563ae10-6a3d-41f0-b0e2-94810724a421,668,2026,Гражданско дело,Районен съд - Айтос,"Дирекция ""Социално подпомагане"" Айтос-отдел ""Закрила на детето""",Заинтересована страна,,
7563ae10-6a3d-41f0-b0e2-94810724a421,668,2026,Гражданско дело,Районен съд - Айтос,Р.Б.Н.,Адвокат,,
cbf56479-0457-4489-b063-a4dee2107313,2802,2026,Гражданско дело,Районен съд - Шумен,Инспекторат на ВСС,Вносител,,
cbf56479-0457-4489-b063-a4dee2107313,2802,2026,Гражданско дело,Районен съд - Шумен,Н.Г.Б.,Страна,,
c409d75b-71c7-4397-afba-8eae81969b73,1534,2026,Касационно частно наказателно дело,Административен съд - Пловдив,А.И.Й.,Жалбоподател,,
46114bbb-9455-4e94-8537-ead9cdc9e4f0,5418,2026,Въззивно частно гражданско дело,Софийски градски съд,С.Н.С.,Жалбоподател,,
91398cfb-b060-48f3-8c28-d5e16adb840e,1065,2026,Частно гражданско дело,Районен съд - Гоце Делчев,КРЕДИТО ЕООД,Заявител,,
91398cfb-b060-48f3-8c28-d5e16adb840e,1065,2026,Частно гражданско дело,Районен съд - Гоце Делчев,Ц.Т.Т.,Длъжник,,
91398cfb-b060-48f3-8c28-d5e16adb840e,1065,2026,Частно гражданско дело,Районен съд - Гоце Делчев,Р.Н.Т.,Представител,,
91398cfb-b060-48f3-8c28-d5e16adb840e,1065,2026,Частно гражданско дело,Районен съд - Гоце Делчев,П.Х.А.,Адвокат,,
9c7bb80a-7706-4d21-ae16-800990e25f82,2565,2026,Частно гражданско дело,Районен съд - Добрич,КРЕДИТО ЕООД,Заявител,,
9c7bb80a-7706-4d21-ae16-800990e25f82,2565,2026,Частно гражданско дело,Районен съд - Добрич,К.П.П.,Длъжник,,
9c7bb80a-7706-4d21-ae16-800990e25f82,2565,2026,Частно гражданско дело,Районен съд - Добрич,Р.Н.Т.,Представител,,
9c7bb80a-7706-4d21-ae16-800990e25f82,2565,2026,Частно гражданско дело,Районен съд - Добрич,П.Х.А.,Адвокат,,
9c7bb80a-7706-4d21-ae16-800990e25f82,2565,2026,Частно гражданско дело,Районен съд - Добрич,С.Д.Н.,Адвокат,,
9c7bb80a-7706-4d21-ae16-800990e25f82,2565,2026,Частно гражданско дело,Районен съд - Добрич,Й.Г.Х.,Адвокат,,
255939cd-0d7e-4785-9f31-e67370ecc3f2,2184,2026,Частно гражданско дело,Районен съд - Кюстендил,КРЕДИТО ЕООД,Заявител,,
255939cd-0d7e-4785-9f31-e67370ecc3f2,2184,2026,Частно гражданско дело,Районен съд - Кюстендил,С.Н.Б.,Длъжник,,
255939cd-0d7e-4785-9f31-e67370ecc3f2,2184,2026,Частно гражданско дело,Районен съд - Кюстендил,Р.Н.Т.,Представител,,
255939cd-0d7e-4785-9f31-e67370ecc3f2,2184,2026,Частно гражданско дело,Районен съд - Кюстендил,П.Х.А.,Адвокат,,
fe3d809c-bde2-4dd0-9a32-7aec287f710f,2801,2026,Гражданско дело,Районен съд - Шумен,Инспекторат на ВСС,Вносител,,
fe3d809c-bde2-4dd0-9a32-7aec287f710f,2801,2026,Гражданско дело,Районен съд - Шумен,В.Ц.К.,Страна,,
fe3d809c-bde2-4dd0-9a32-7aec287f710f,2801,2026,Гражданско дело,Районен съд - Шумен,Р.Д.Б.,Страна,,
4b9e1330-a35e-4902-815c-51101b6bfa7a,1230,2026,Частно гражданско дело,Районен съд - Благоевград,КРЕДИТО ЕООД,Заявител,,
4b9e1330-a35e-4902-815c-51101b6bfa7a,1230,2026,Частно гражданско дело,Районен съд - Благоевград,А.Ч.М.,Длъжник,,
4b9e1330-a35e-4902-815c-51101b6bfa7a,1230,2026,Частно гражданско дело,Районен съд - Благоевград,Р.Н.Т.,Представител,,
4b9e1330-a35e-4902-815c-51101b6bfa7a,1230,2026,Частно гражданско дело,Районен съд - Благоевград,П.Х.А.,Адвокат,,
893518b1-d115-4a78-8537-3697e5393fc7,2866,2026,Административно наказателно дело,Районен съд - Пловдив,С.С.З.,Жалбоподател,,
893518b1-d115-4a78-8537-3697e5393fc7,2866,2026,Административно наказателно дело,Районен съд - Пловдив,В.Г.Д.,Адвокат,Величка Георгиева Димитрова,
893518b1-d115-4a78-8537-3697e5393fc7,2866,2026,Административно наказателно дело,Районен съд - Пловдив,ВПД Началник сектор 04 РУ към ОД на МВР-Пловдив,Админ.наказ.орган,,
893518b1-d115-4a78-8537-3697e5393fc7,2866,2026,Административно наказателно дело,Районен съд - Пловдив,С.Д.К.,Актосъставител,,
0f5a6cd4-6695-4802-a0c9-913e45e76e53,2183,2026,Частно гражданско дело,Районен съд - Кюстендил,БЕСТ Кепитъл България ЕАД,Заявител,,
0f5a6cd4-6695-4802-a0c9-913e45e76e53,2183,2026,Частно гражданско дело,Районен съд - Кюстендил,Б.Д.Д.,Длъжник,,
0f5a6cd4-6695-4802-a0c9-913e45e76e53,2183,2026,Частно гражданско дело,Районен съд - Кюстендил,Г.Я.Б.,Пълномощник,,
934d0d3c-399e-4d48-92fb-d076949ad3cd,924,2026,Частно гражданско дело,Районен съд - Сливница,Банка ДСК АД,Заявител,,
934d0d3c-399e-4d48-92fb-d076949ad3cd,924,2026,Частно гражданско дело,Районен съд - Сливница,П.Т.И.,Длъжник,,
934d0d3c-399e-4d48-92fb-d076949ad3cd,924,2026,Частно гражданско дело,Районен съд - Сливница,П.Н.Т.,Представител,,
9675aeaa-f05a-46bb-b863-9bf32b65ece1,912,2026,Частно гражданско дело,Районен съд - Белоградчик,ЕОС МАТРИКС ЕАД,Заявител,,
9675aeaa-f05a-46bb-b863-9bf32b65ece1,912,2026,Частно гражданско дело,Районен съд - Белоградчик,Т.Б.Б.,Длъжник,,
9675aeaa-f05a-46bb-b863-9bf32b65ece1,912,2026,Частно гражданско дело,Районен съд - Белоградчик,М.Х.Х.,Адвокат,Мария Христова Христова,
9675aeaa-f05a-46bb-b863-9bf32b65ece1,912,2026,Частно гражданско дело,Районен съд - Белоградчик,Т.И.В.,Друго,,
9675aeaa-f05a-46bb-b863-9bf32b65ece1,912,2026,Частно гражданско дело,Районен съд - Белоградчик,Ж.Д.Д.,Пълномощник,,
184967e5-772e-49e7-8e81-7bcbc86130a4,487,2026,Частно гражданско дело,Районен съд - Луковит,АПС БЕТА БЪЛГАРИЯ ЕООД,Заявител,,
184967e5-772e-49e7-8e81-7bcbc86130a4,487,2026,Частно гражданско дело,Районен съд - Луковит,К.Г.Б.,Длъжник,,
184967e5-772e-49e7-8e81-7bcbc86130a4,487,2026,Частно гражданско дело,Районен съд - Луковит,П.Ф.Ц.,Юрисконсулт,,
184967e5-772e-49e7-8e81-7bcbc86130a4,487,2026,Частно гражданско дело,Районен съд - Луковит,Х.М.М.,Законен представител,,
184967e5-772e-49e7-8e81-7bcbc86130a4,487,2026,Частно гражданско дело,Районен съд - Луковит,П.В.,Законен представител,,
5b1031aa-7875-4633-bbe1-bc047e75fe7a,3495,2026,Въззивно наказателно дело от общ характер,Софийски градски съд,Р.Т.К.,Обвинител,,
5b1031aa-7875-4633-bbe1-bc047e75fe7a,3495,2026,Въззивно наказателно дело от общ характер,Софийски градски съд,Д.В.С.,Обвинител,,
5b1031aa-7875-4633-bbe1-bc047e75fe7a,3495,2026,Въззивно наказателно дело от общ характер,Софийски градски съд,Д.И.П.,Жалбоподател-подсъдим,,
5b1031aa-7875-4633-bbe1-bc047e75fe7a,3495,2026,Въззивно наказателно дело от общ характер,Софийски градски съд,Софийска градска прокуратура,Страна,,
5b1031aa-7875-4633-bbe1-bc047e75fe7a,3495,2026,Въззивно наказателно дело от общ характер,Софийски градски съд,И.А.,Защитник,,
17af5b95-879f-4e23-94cd-35dde5bbd598,2800,2026,Гражданско дело,Районен съд - Шумен,С.И.Т.,Ищец,,
17af5b95-879f-4e23-94cd-35dde5bbd598,2800,2026,Гражданско дело,Районен съд - Шумен,И.Т.И.,Ищец,,
17af5b95-879f-4e23-94cd-35dde5bbd598,2800,2026,Гражданско дело,Районен съд - Шумен,Г.С.И.,Ищец,,
17af5b95-879f-4e23-94cd-35dde5bbd598,2800,2026,Гражданско дело,Районен съд - Шумен,Д.Л.И.,Ответник,,
17af5b95-879f-4e23-94cd-35dde5bbd598,2800,2026,Гражданско дело,Районен съд - Шумен,Д.В.А.,Адвокат,,
17af5b95-879f-4e23-94cd-35dde5bbd598,2800,2026,Гражданско дело,Районен съд - Шумен,Н.С.Т.,Страна,,
17af5b95-879f-4e23-94cd-35dde5bbd598,2800,2026,Гражданско дело,Районен съд - Шумен,Р.С.Т.,Страна,,
17af5b95-879f-4e23-94cd-35dde5bbd598,2800,2026,Гражданско дело,Районен съд - Шумен,П.В.В.,Адвокат,,
fda90250-9dc7-464f-a4c7-b21a72e1f8ca,2434,2026,Частно гражданско дело,Районен съд - Ботевград,БЕСТ Кепитъл България ЕАД,Заявител,,
fda90250-9dc7-464f-a4c7-b21a72e1f8ca,2434,2026,Частно гражданско дело,Районен съд - Ботевград,Б.В.И.,Длъжник,,
fda90250-9dc7-464f-a4c7-b21a72e1f8ca,2434,2026,Частно гражданско дело,Районен съд - Ботевград,Г.Я.Б.,Пълномощник,,
b0a2db88-36b3-4b79-9008-b9c4ada8204d,1533,2026,Касационно частно наказателно дело,Административен съд - Пловдив,С.П.В.,Жалбоподател,,
2f20e849-c322-418e-84b5-aa898b0135a0,1160,2026,Частно гражданско дело,Районен съд - Козлодуй,Л.Л.Н.,Заявител,,
2f20e849-c322-418e-84b5-aa898b0135a0,1160,2026,Частно гражданско дело,Районен съд - Козлодуй,Порше Застраховане АГ - клон България,Длъжник,,
2f20e849-c322-418e-84b5-aa898b0135a0,1160,2026,Частно гражданско дело,Районен съд - Козлодуй,А.А.А.,Адвокат,Антоан Атанасов,
09fbda70-79e8-4726-9def-a07cd89a5aaa,3516,2026,Частно гражданско дело,Районен съд - Русе,П.Й.С.,Молител,,
fc700842-444b-40b6-a049-237da8f225ba,6212,2026,Административно дело,Административен съд - София-град,А.С.,Жалбоподател,Цветомила Цветанова Събинска,
fc700842-444b-40b6-a049-237da8f225ba,6212,2026,Административно дело,Административен съд - София-град,"ЕКАТЕРИНА БОЕВА НА ДЛЪЖНОСТ ПОЛИЦЕЙСКИ ИНСПЕКТОР КЪМ СДВР В ОТДЕЛ ""ПЪТНА ПОЛИЦИЯ"" ПРИ СДВР",Ответник,,
fc700842-444b-40b6-a049-237da8f225ba,6212,2026,Административно дело,Административен съд - София-град,С.С.,Друго,,
fc700842-444b-40b6-a049-237da8f225ba,6212,2026,Административно дело,Административен съд - София-град,Ц.Ц.С.,Адвокат,,
33962d4c-5385-4cf5-81c2-4644cd7203cd,5518,2026,Частно гражданско дело,Районен съд - Перник,АПС БЕТА БЪЛГАРИЯ ЕООД,Заявител,,
33962d4c-5385-4cf5-81c2-4644cd7203cd,5518,2026,Частно гражданско дело,Районен съд - Перник,К.Й.Б.,Длъжник,,
33962d4c-5385-4cf5-81c2-4644cd7203cd,5518,2026,Частно гражданско дело,Районен съд - Перник,П.Ф.Ц.,Юрисконсулт,,
33962d4c-5385-4cf5-81c2-4644cd7203cd,5518,2026,Частно гражданско дело,Районен съд - Перник,Х.М.М.,Законен представител,,
33962d4c-5385-4cf5-81c2-4644cd7203cd,5518,2026,Частно гражданско дело,Районен съд - Перник,П.В.,Законен представител,,
f4aeb13a-f3eb-4f57-8b33-620899b9188c,1999,2026,Частно гражданско дело,Районен съд - Плевен,Инспекторат на ВСС,Друго,,
f4aeb13a-f3eb-4f57-8b33-620899b9188c,1999,2026,Частно гражданско дело,Районен съд - Плевен,Ч.И.П.,Страна,,
f4aeb13a-f3eb-4f57-8b33-620899b9188c,1999,2026,Частно гражданско дело,Районен съд - Плевен,П.Г.П.,Страна,,
f4aeb13a-f3eb-4f57-8b33-620899b9188c,1999,2026,Частно гражданско дело,Районен съд - Плевен,К.Ч.П.,Страна,,
7c96cccc-d1cd-4e3c-991b-4d4c4b1498d3,407,2026,Частно гражданско дело,Районен съд - Провадия,ЕОС МАТРИКС ЕАД,Заявител,,
7c96cccc-d1cd-4e3c-991b-4d4c4b1498d3,407,2026,Частно гражданско дело,Районен съд - Провадия,Е.И.М.,Длъжник,,
7c96cccc-d1cd-4e3c-991b-4d4c4b1498d3,407,2026,Частно гражданско дело,Районен съд - Провадия,Р.Ж.М.,Адвокат,Росица Живкова Маврова,
3e1049c4-7716-45f8-bd87-ece5245f84ba,1540,2026,Частно гражданско дело,Районен съд - Габрово,АПС БЕТА БЪЛГАРИЯ ЕООД,Кредитор,,
3e1049c4-7716-45f8-bd87-ece5245f84ba,1540,2026,Частно гражданско дело,Районен съд - Габрово,П.Д.Д.,Длъжник,,
3e1049c4-7716-45f8-bd87-ece5245f84ba,1540,2026,Частно гражданско дело,Районен съд - Габрово,П.Ф.Ц.,Юрисконсулт,,
3e1049c4-7716-45f8-bd87-ece5245f84ba,1540,2026,Частно гражданско дело,Районен съд - Габрово,Х.М.М.,Законен представител,,
3e1049c4-7716-45f8-bd87-ece5245f84ba,1540,2026,Частно гражданско дело,Районен съд - Габрово,П.В.,Законен представител,,
c2282563-ed28-40e1-a66d-f22489efaf20,5417,2026,Въззивно частно гражданско дело,Софийски градски съд,Н.С.Н.,Жалбоподател,,
a235f929-edbd-418f-abc7-4dc71ab5e5d0,2433,2026,Частно гражданско дело,Районен съд - Ботевград,Банка ДСК АД,Заявител,,
a235f929-edbd-418f-abc7-4dc71ab5e5d0,2433,2026,Частно гражданско дело,Районен съд - Ботевград,Е.И.Т.,Длъжник,,
a235f929-edbd-418f-abc7-4dc71ab5e5d0,2433,2026,Частно гражданско дело,Районен съд - Ботевград,Н.Х.В.,Пълномощник,,
882555a6-1f1c-4305-9c27-f2ae0a7fbb42,1081,2026,Частно гражданско дело,Районен съд - Ловеч,ЕОС МАТРИКС ЕАД,Заявител,,
882555a6-1f1c-4305-9c27-f2ae0a7fbb42,1081,2026,Частно гражданско дело,Районен съд - Ловеч,С.Д.В.,Длъжник,,
882555a6-1f1c-4305-9c27-f2ae0a7fbb42,1081,2026,Частно гражданско дело,Районен съд - Ловеч,М.Х.Х.,Адвокат,Мария Христова Христова,
882555a6-1f1c-4305-9c27-f2ae0a7fbb42,1081,2026,Частно гражданско дело,Районен съд - Ловеч,Т.И.В.,Друго,,
5fd5e4a0-584f-426e-a606-26af9225634b,1460,2026,Частно гражданско дело,Районен съд - Нови пазар,ЕОС МАТРИКС ЕАД,Заявител,,
5fd5e4a0-584f-426e-a606-26af9225634b,1460,2026,Частно гражданско дело,Районен съд - Нови пазар,Д.Г.И.,Длъжник,,
5fd5e4a0-584f-426e-a606-26af9225634b,1460,2026,Частно гражданско дело,Районен съд - Нови пазар,Р.Ж.М.,Адвокат,Росица Живкова Маврова,
595aa601-d6c9-495d-bd13-47a64b8127a9,14448,2026,Частно гражданско дело,Софийски районен съд,В.Г.И.,Молител,,
595aa601-d6c9-495d-bd13-47a64b8127a9,14448,2026,Частно гражданско дело,Софийски районен съд,И.Н.И.,Молител,,
595aa601-d6c9-495d-bd13-47a64b8127a9,14448,2026,Частно гражданско дело,Софийски районен съд,ИФ СТРОЙ 26 ЕООД,Ответник,,
595aa601-d6c9-495d-bd13-47a64b8127a9,14448,2026,Частно гражданско дело,Софийски районен съд,ПРИМА ХОУМ ЕООД,Ответник,,
595aa601-d6c9-495d-bd13-47a64b8127a9,14448,2026,Частно гражданско дело,Софийски районен съд,Л.Н.Н.,Ответник,,
595aa601-d6c9-495d-bd13-47a64b8127a9,14448,2026,Частно гражданско дело,Софийски районен съд,В.Г.И.,Пълномощник,,
595aa601-d6c9-495d-bd13-47a64b8127a9,14448,2026,Частно гражданско дело,Софийски районен съд,А.П.П.,Адвокат,Александър Пейчев Пеев,
66902360-3da2-4ff5-9e62-c226acec3cee,667,2026,Частно гражданско дело,Районен съд - Айтос,АПС БЕТА БЪЛГАРИЯ ЕООД,Заявител,,
66902360-3da2-4ff5-9e62-c226acec3cee,667,2026,Частно гражданско дело,Районен съд - Айтос,Р.А.Г.,Длъжник,,
66902360-3da2-4ff5-9e62-c226acec3cee,667,2026,Частно гражданско дело,Районен съд - Айтос,П.Ф.Ц.,Юрисконсулт,,
66902360-3da2-4ff5-9e62-c226acec3cee,667,2026,Частно гражданско дело,Районен съд - Айтос,Х.М.М.,Законен представител,,
66902360-3da2-4ff5-9e62-c226acec3cee,667,2026,Частно гражданско дело,Районен съд - Айтос,П.В.,Законен представител,,
804c5920-14b5-43fb-9b78-da0251b1a5f6,466,2026,Частно наказателно дело,Районен съд - Ловеч,ОДМВР - Ловеч,Вносител,,
5942b4e2-ac88-4f0c-87a4-ef0879eac8d6,3494,2026,Частно наказателно дело,Софийски градски съд,Софийска градска прокуратура,Вносител,,
5942b4e2-ac88-4f0c-87a4-ef0879eac8d6,3494,2026,Частно наказателно дело,Софийски градски съд,В.П.Т.,Обвинител,,
5942b4e2-ac88-4f0c-87a4-ef0879eac8d6,3494,2026,Частно наказателно дело,Софийски градски съд,Г.З.З.,Обвиняем,,
5942b4e2-ac88-4f0c-87a4-ef0879eac8d6,3494,2026,Частно наказателно дело,Софийски градски съд,С.Й.М.,Защитник,,
da8f93e2-3b2c-4afa-830e-20ea8719b755,1080,2026,Частно гражданско дело,Районен съд - Ловеч,БЕСТ Кепитъл България ЕАД,Заявител,,
da8f93e2-3b2c-4afa-830e-20ea8719b755,1080,2026,Частно гражданско дело,Районен съд - Ловеч,Б.Р.Т.,Длъжник,,
da8f93e2-3b2c-4afa-830e-20ea8719b755,1080,2026,Частно гражданско дело,Районен съд - Ловеч,Г.Я.Б.,Пълномощник,,
b230c3a5-d766-42f6-97c5-479f368640b7,222,2026,Въззивно частно гражданско дело,Окръжен съд - Силистра,А1 България ЕАД,Частен жалбоподател,,
b230c3a5-d766-42f6-97c5-479f368640b7,222,2026,Въззивно частно гражданско дело,Окръжен съд - Силистра,И.Х.К.,Ответник,,
b230c3a5-d766-42f6-97c5-479f368640b7,222,2026,Въззивно частно гражданско дело,Окръжен съд - Силистра,Н.А.Г.,Представител,,
7f39a021-74cf-421b-ab49-543672a681ac,1532,2026,Частно административно дело,Административен съд - Пловдив,А.И.Й.,Касатор,,
7f39a021-74cf-421b-ab49-543672a681ac,1532,2026,Частно административно дело,Административен съд - Пловдив,Районен съд - Пловдив,Ответник,,
acc867c4-76bc-4b03-bbad-8924a8d84183,597,2026,Частно гражданско дело,Районен съд - Царево,Банка ДСК АД,Заявител,,
acc867c4-76bc-4b03-bbad-8924a8d84183,597,2026,Частно гражданско дело,Районен съд - Царево,С.А.Г.,Длъжник,,
acc867c4-76bc-4b03-bbad-8924a8d84183,597,2026,Частно гражданско дело,Районен съд - Царево,Ж.Г.Т.,Представител,,
861e940d-5059-4315-85ba-31c0ac85c7c3,2093,2026,Частно гражданско дело,Районен съд - Видин,ПРОФИ КРЕДИТ България ЕООД,Заявител,,
861e940d-5059-4315-85ba-31c0ac85c7c3,2093,2026,Частно гражданско дело,Районен съд - Видин,Е.А.А.,Длъжник,,
861e940d-5059-4315-85ba-31c0ac85c7c3,2093,2026,Частно гражданско дело,Районен съд - Видин,Е.К.,Юрисконсулт,,
68369069-6f49-4d2e-9885-518d731c3be0,6211,2026,Административно дело,Административен съд - София-град,И.В.К.,Жалбоподател,,
68369069-6f49-4d2e-9885-518d731c3be0,6211,2026,Административно дело,Административен съд - София-град,"М.А.К. СДВР - ОТДЕЛ "" П.П. """,Ответник,,
68369069-6f49-4d2e-9885-518d731c3be0,6211,2026,Административно дело,Административен съд - София-град,СГП,Друго,,
68369069-6f49-4d2e-9885-518d731c3be0,6211,2026,Административно дело,Административен съд - София-град,М.П.,Адвокат,,
749b7e1d-b658-4207-8282-45bda189e9a3,4379,2026,Частно гражданско дело,Районен съд - Враца,БЕСТ Кепитъл България ЕАД,Заявител,,
749b7e1d-b658-4207-8282-45bda189e9a3,4379,2026,Частно гражданско дело,Районен съд - Враца,Б.И.Н.,Длъжник,,
749b7e1d-b658-4207-8282-45bda189e9a3,4379,2026,Частно гражданско дело,Районен съд - Враца,Г.Я.Б.,Пълномощник,,
ee409294-d587-422b-818d-ff1a0af87619,636,2026,Частно гражданско дело,Районен съд - Брезник,АПС БЕТА БЪЛГАРИЯ ЕООД,Заявител,,
ee409294-d587-422b-818d-ff1a0af87619,636,2026,Частно гражданско дело,Районен съд - Брезник,В.Т.Г.,Длъжник,,
ee409294-d587-422b-818d-ff1a0af87619,636,2026,Частно гражданско дело,Районен съд - Брезник,П.Ф.Ц.,Юрисконсулт,,
ee409294-d587-422b-818d-ff1a0af87619,636,2026,Частно гражданско дело,Районен съд - Брезник,П.В.,Законен представител,,
ee409294-d587-422b-818d-ff1a0af87619,636,2026,Частно гражданско дело,Районен съд - Брезник,Х.М.М.,Законен представител,,
0c0e260b-4d3a-4a8c-b12f-f4d44d47a6e8,789,2026,Частно гражданско дело,Районен съд - Пирдоп,ЕОС МАТРИКС ЕАД,Заявител,,
0c0e260b-4d3a-4a8c-b12f-f4d44d47a6e8,789,2026,Частно гражданско дело,Районен съд - Пирдоп,Д.Г.С.,Длъжник,,
0c0e260b-4d3a-4a8c-b12f-f4d44d47a6e8,789,2026,Частно гражданско дело,Районен съд - Пирдоп,Р.Ж.М.,Адвокат,Росица Живкова Маврова,
7771a8b0-1793-48b6-ad80-9485ccbc5d89,1229,2026,Частно гражданско дело,Районен съд - Благоевград,В.И.,Заявител,,
7771a8b0-1793-48b6-ad80-9485ccbc5d89,1229,2026,Частно гражданско дело,Районен съд - Благоевград,"„УИЗ ЕЪР УНГАРИЯ“ Црт. (WIZZ Air Hungary Zrt.), дружество с ограничена отговорност, учредено съгласно законодателството на Република Унгария, рег. № Cg. 01-10-140174, чрез „УИЗ ЕЪР УНГАРИЯ Црт. – клон България“ КЧТ",Длъжник,,
7771a8b0-1793-48b6-ad80-9485ccbc5d89,1229,2026,Частно гражданско дело,Районен съд - Благоевград,К.В.В.,Адвокат,Константин Валентинов Василев,
7771a8b0-1793-48b6-ad80-9485ccbc5d89,1229,2026,Частно гражданско дело,Районен съд - Благоевград,К.П.И.,Адвокат,Красимира Петрова Иванова,
7196fc5c-4ac9-4960-ab51-525ab82f6db6,1076,2026,Наказателно дело от общ характер,Районен съд - Шумен,Районна прокуратура - Шумен,Обвинител,,
7196fc5c-4ac9-4960-ab51-525ab82f6db6,1076,2026,Наказателно дело от общ характер,Районен съд - Шумен,М.М.М.,Подсъдим,,
7196fc5c-4ac9-4960-ab51-525ab82f6db6,1076,2026,Наказателно дело от общ характер,Районен съд - Шумен,Г.И.Г.,Пострадал,,
7196fc5c-4ac9-4960-ab51-525ab82f6db6,1076,2026,Наказателно дело от общ характер,Районен съд - Шумен,Г.И.Г.,Пострадал,,
86c9b7be-09d9-445a-9cc0-84a7500d7e5c,928,2026,Частно гражданско дело,Районен съд - Силистра,Инспекторат на ВСС,Вносител,,
86c9b7be-09d9-445a-9cc0-84a7500d7e5c,928,2026,Частно гражданско дело,Районен съд - Силистра,К.В.К.,Страна,,
ab177e1d-8489-4480-803d-e9f8d7667615,465,2026,Частно наказателно дело,Районен съд - Ловеч,ОДМВР - Ловеч,Вносител,,
53982fe4-e7d0-40c0-a5de-149cf32caa77,2151,2026,Касационно гражданско дело,Върховен касационен съд,БЪЛГАРСКИ ФУТБОЛЕН СЪЮЗ Сдружение,Жалбоподател,,
53982fe4-e7d0-40c0-a5de-149cf32caa77,2151,2026,Касационно гражданско дело,Върховен касационен съд,В.А.А.,Ответник,,
53982fe4-e7d0-40c0-a5de-149cf32caa77,2151,2026,Касационно гражданско дело,Върховен касационен съд,Драгомир Георгиев Симеонов (4000097010 София),Адвокат,Драгомир Симеонов,
5033d9eb-42ae-40f1-ab08-56fe909d9a9b,14447,2026,Частно гражданско дело,Софийски районен съд,С.М.А.А.,Молител,,
5033d9eb-42ae-40f1-ab08-56fe909d9a9b,14447,2026,Частно гражданско дело,Софийски районен съд,АППДЕЙТ Б.В /APPDATE BV/,Ответник,,
5033d9eb-42ae-40f1-ab08-56fe909d9a9b,14447,2026,Частно гражданско дело,Софийски районен съд,Р.С.К.,Адвокат,,
1bef12e0-edea-4913-826f-96ae252f20a0,3515,2026,Частно гражданско дело,Районен съд - Русе,ПРОФИ КРЕДИТ БЪЛГАРИЯ ЕООД,Заявител,,
1bef12e0-edea-4913-826f-96ae252f20a0,3515,2026,Частно гражданско дело,Районен съд - Русе,А.А.К.,Длъжник,,
1bef12e0-edea-4913-826f-96ae252f20a0,3515,2026,Частно гражданско дело,Районен съд - Русе,Г.С.К.,Юрисконсулт,,
f3e16e7a-a233-48fd-95e4-5f963e8e8e04,840,2026,Въззивно частно наказателно дело,Окръжен съд - Варна,И.П.С.,Обвинител,,
f3e16e7a-a233-48fd-95e4-5f963e8e8e04,840,2026,Въззивно частно наказателно дело,Окръжен съд - Варна,Б.В.К.,Жалбоподател-подсъдим,,
f3e16e7a-a233-48fd-95e4-5f963e8e8e04,840,2026,Въззивно частно наказателно дело,Окръжен съд - Варна,А.Т.А.,Адвокат,,
f3e16e7a-a233-48fd-95e4-5f963e8e8e04,840,2026,Въззивно частно наказателно дело,Окръжен съд - Варна,Окръжна прокуратура - Варна,Страна,,
44895a90-3640-4168-8c80-83c531e67f1f,1531,2026,Касационно частно наказателно дело,Административен съд - Пловдив,А.И.Й.,Жалбоподател,,
21a8b99b-c9e8-447c-a202-02a2cfedef82,221,2026,Въззивно частно гражданско дело,Окръжен съд - Силистра,СОФИЙСКА ВОДА АД,Частен жалбоподател,,
21a8b99b-c9e8-447c-a202-02a2cfedef82,221,2026,Въззивно частно гражданско дело,Окръжен съд - Силистра,Ч.Ц.И.,Ответник,,
21a8b99b-c9e8-447c-a202-02a2cfedef82,221,2026,Въззивно частно гражданско дело,Окръжен съд - Силистра,А.П.,Пълномощник,,
21a8b99b-c9e8-447c-a202-02a2cfedef82,221,2026,Въззивно частно гражданско дело,Окръжен съд - Силистра,М.Л.Л.,Адвокат,,
97f3726c-a199-48a0-a003-cf7ab895597e,1758,2026,Частно гражданско дело,Районен съд - Стара Загора,Инспекторат към ВСС,Вносител,,
97f3726c-a199-48a0-a003-cf7ab895597e,1758,2026,Частно гражданско дело,Районен съд - Стара Загора,С.Д.С.,Страна,,
faf2004f-cef1-4b09-b2ce-a62b83daef69,742,2026,Гражданско дело,Районен съд - Павликени,М.Х.Х.,Ищец,,
faf2004f-cef1-4b09-b2ce-a62b83daef69,742,2026,Гражданско дело,Районен съд - Павликени,Д.К.А.,Ответник,,
faf2004f-cef1-4b09-b2ce-a62b83daef69,742,2026,Гражданско дело,Районен съд - Павликени,М.В.О.,Ответник,,
faf2004f-cef1-4b09-b2ce-a62b83daef69,742,2026,Гражданско дело,Районен съд - Павликени,К.Ц.Ц.,Ответник,,
faf2004f-cef1-4b09-b2ce-a62b83daef69,742,2026,Гражданско дело,Районен съд - Павликени,Х.Б.Р.,Ответник,,
faf2004f-cef1-4b09-b2ce-a62b83daef69,742,2026,Гражданско дело,Районен съд - Павликени,Г.И.Г.,Адвокат,Григор Иванов Григоров,
2f93cb80-abcb-45a2-97dd-9b0b48d7350c,927,2026,Частно гражданско дело,Районен съд - Силистра,Инспекторат на ВСС,Вносител,,
2f93cb80-abcb-45a2-97dd-9b0b48d7350c,927,2026,Частно гражданско дело,Районен съд - Силистра,С.Г.Т.,Страна,,
2f93cb80-abcb-45a2-97dd-9b0b48d7350c,927,2026,Частно гражданско дело,Районен съд - Силистра,Д.С.С.Т.,Страна,,
edbc70cf-56c9-485b-81e8-5855ae73cf93,417,2026,Въззивно частно гражданско дело,Окръжен съд - Русе,П.И.Ж.,Жалбоподател,,
edbc70cf-56c9-485b-81e8-5855ae73cf93,417,2026,Въззивно частно гражданско дело,Окръжен съд - Русе,Я.З.Д.,Родител,,
edbc70cf-56c9-485b-81e8-5855ae73cf93,417,2026,Въззивно частно гражданско дело,Окръжен съд - Русе,Д.К.Т.,Адвокат,,
00c24211-13d4-41b1-a547-aff2a5ab8c19,1757,2026,Частно гражданско дело,Районен съд - Стара Загора,Инспекторат към ВСС,Вносител,,
00c24211-13d4-41b1-a547-aff2a5ab8c19,1757,2026,Частно гражданско дело,Районен съд - Стара Загора,Н.М.Т.,Страна,,
3fff7754-5a54-4253-81ff-7122410eba5d,1530,2026,Касационно административно наказателно дело,Административен съд - Пловдив,В.Й.П.,Жалбоподател,Милко Маринов Тонев,
3fff7754-5a54-4253-81ff-7122410eba5d,1530,2026,Касационно административно наказателно дело,Административен съд - Пловдив,Началник РУ Асеновград при ОДМВР - Пловдив,Ответник,,
3fff7754-5a54-4253-81ff-7122410eba5d,1530,2026,Касационно административно наказателно дело,Административен съд - Пловдив,А.Н.С.,Свидетел,,
3fff7754-5a54-4253-81ff-7122410eba5d,1530,2026,Касационно административно наказателно дело,Административен съд - Пловдив,Г.Д.Д.,Свидетел,,
3fff7754-5a54-4253-81ff-7122410eba5d,1530,2026,Касационно административно наказателно дело,Административен съд - Пловдив,ОКРЪЖНА ПРОКУРАТУРА ПЛОВДИВ,Контролираща страна,,
3fff7754-5a54-4253-81ff-7122410eba5d,1530,2026,Касационно административно наказателно дело,Административен съд - Пловдив,М.М.Т.,Пълномощник,,
585716a0-9213-42ff-9110-1e0d7878b77b,741,2026,Частно гражданско дело,Районен съд - Павликени,Инспекторат на ВСС,Вносител,,
585716a0-9213-42ff-9110-1e0d7878b77b,741,2026,Частно гражданско дело,Районен съд - Павликени,А.А.Ф.,Ответник,,
585716a0-9213-42ff-9110-1e0d7878b77b,741,2026,Частно гражданско дело,Районен съд - Павликени,П.С.Ф.,Ответник,,
b8a755c8-58ad-449b-857a-c649b041246d,666,2026,Административно дело,Административен съд - София-област,""" Ридо "" ЕООД",Жалбоподател,,
b8a755c8-58ad-449b-857a-c649b041246d,666,2026,Административно дело,Административен съд - София-област,Кмета на Община Самоков,Ответник,,
b8a755c8-58ad-449b-857a-c649b041246d,666,2026,Административно дело,Административен съд - София-област,П.П.А.,Управител,,
b8a755c8-58ad-449b-857a-c649b041246d,666,2026,Административно дело,Административен съд - София-област,В.В.Г.,Адвокат,Владимир Владимиров Георгиев,
b8a755c8-58ad-449b-857a-c649b041246d,666,2026,Административно дело,Административен съд - София-област,Софийска окръжна прокуратура,Страна,,
d23fd240-5a3c-47da-b7d5-bd981028c293,416,2026,Въззивно частно гражданско дело,Окръжен съд - Русе,Районен съд – Бяла,Вносител,,
f880f2a9-44a6-4b33-a717-dda8b67599bd,109,2026,Наказателно дело от общ характер,Районен съд - Павликени,ТО-Павликени към РП-Велико Търново,Вносител,,
f880f2a9-44a6-4b33-a717-dda8b67599bd,109,2026,Наказателно дело от общ характер,Районен съд - Павликени,А.Ф.,Обвинител,,
f880f2a9-44a6-4b33-a717-dda8b67599bd,109,2026,Наказателно дело от общ характер,Районен съд - Павликени,Й.А.А.,Подсъдим,,
f880f2a9-44a6-4b33-a717-dda8b67599bd,109,2026,Наказателно дело от общ характер,Районен съд - Павликени,Х.М.Д.,Защитник,,
f880f2a9-44a6-4b33-a717-dda8b67599bd,109,2026,Наказателно дело от общ характер,Районен съд - Павликени,ОДМВР - Велико Търново,Пастир,,
28869b32-03a0-4fd8-834f-17a44ad9af14,1509,2026,Частно наказателно дело,Районен съд - Стара Загора,"Държавна агенция ""Национална сигурност"", ТД ""Национална сигурност"" - Стара Загора",Вносител,,
01a593e1-826f-4ed5-a45e-21a4a9f3e9a0,561,2026,Гражданско дело,Районен съд - Петрич,К.И.А.,Молител,,
01a593e1-826f-4ed5-a45e-21a4a9f3e9a0,561,2026,Гражданско дело,Районен съд - Петрич,Д.Г.А.,Молител,,
01a593e1-826f-4ed5-a45e-21a4a9f3e9a0,561,2026,Гражданско дело,Районен съд - Петрич,Г.А.К.,Пълномощник,,
6f22b76f-27d9-41a2-91a7-531246b25da5,1998,2026,Частно гражданско дело,Районен съд - Плевен,Инспекторат на ВСС,Друго,,
6f22b76f-27d9-41a2-91a7-531246b25da5,1998,2026,Частно гражданско дело,Районен съд - Плевен,Г.С.С.,Страна,,
83d1711e-9161-4c32-88da-97d506a8ccc3,1508,2026,Частно наказателно дело,Районен съд - Стара Загора,"Държавна агенция ""Национална сигурност"", ТД ""Национална сигурност"" - Стара Загора",Вносител,,
1079e89b-c9ff-444e-9b85-6964a6ae09aa,560,2026,Гражданско дело,Районен съд - Петрич,ЕВРО ФИНАНС КОЛЕКТ БЪЛГАРИЯ ЕООД,Ищец,,
1079e89b-c9ff-444e-9b85-6964a6ae09aa,560,2026,Гражданско дело,Районен съд - Петрич,Р.Б.Х.,Ответник,,
1079e89b-c9ff-444e-9b85-6964a6ae09aa,560,2026,Гражданско дело,Районен съд - Петрич,И.М.Л.,Пълномощник,,
7851fa0a-3afd-4b2b-a599-feae6ea69b95,1864,2026,Частно наказателно дело,Районен съд - Бургас,Районна прокуратура - Бургас,Вносител,,
545c110e-a40a-4207-a4ca-8c0d5b874bd7,1507,2026,Частно наказателно дело,Районен съд - Стара Загора,"Държавна агенция ""Национална сигурност"", ТД ""Национална сигурност"" - Стара Загора",Вносител,,
c6bd57d5-cbde-4ff2-8efb-17828bf516a7,1529,2026,Касационно административно наказателно дело,Административен съд - Пловдив,Е.И.И.,Жалбоподател,,
c6bd57d5-cbde-4ff2-8efb-17828bf516a7,1529,2026,Касационно административно наказателно дело,Административен съд - Пловдив,НАЧАЛНИК НА РУ АСЕНОВГРАД ПРИ ОДМВР ПЛОВДИВ,Жалбоподател,,
c6bd57d5-cbde-4ff2-8efb-17828bf516a7,1529,2026,Касационно административно наказателно дело,Административен съд - Пловдив,ТО-Асеновград към РП-Пловдив,Страна,,
c6bd57d5-cbde-4ff2-8efb-17828bf516a7,1529,2026,Касационно административно наказателно дело,Административен съд - Пловдив,К.И.С.,Свидетел,,
c6bd57d5-cbde-4ff2-8efb-17828bf516a7,1529,2026,Касационно административно наказателно дело,Административен съд - Пловдив,Е.Г.Н.,Пълномощник,,
c6bd57d5-cbde-4ff2-8efb-17828bf516a7,1529,2026,Касационно административно наказателно дело,Административен съд - Пловдив,О.П.П.,Контролираща страна,,
ea62a056-5869-4016-8a6a-dd8918025533,740,2026,Гражданско дело,Районен съд - Павликени,Д.М.А.,Ищец,,
ea62a056-5869-4016-8a6a-dd8918025533,740,2026,Гражданско дело,Районен съд - Павликени,В.Г.А.,Ответник,,
ea62a056-5869-4016-8a6a-dd8918025533,740,2026,Гражданско дело,Районен съд - Павликени,Е.С.Д.,Особен представител,,
7188830a-85fc-483f-9656-d0e2367c09f7,1075,2026,Наказателно дело от общ характер,Районен съд - Шумен,Районна прокуратура - Шумен,Вносител,,
7188830a-85fc-483f-9656-d0e2367c09f7,1075,2026,Наказателно дело от общ характер,Районен съд - Шумен,Л.М.Г.,Обвинител,,
7188830a-85fc-483f-9656-d0e2367c09f7,1075,2026,Наказателно дело от общ характер,Районен съд - Шумен,Р.С.И.,Обвиняем,,
7188830a-85fc-483f-9656-d0e2367c09f7,1075,2026,Наказателно дело от общ характер,Районен съд - Шумен,И.Д.Й.,Адвокат,,
aecb04a8-5288-4590-bee9-b9f630e68e1c,1506,2026,Частно наказателно дело,Районен съд - Стара Загора,"Държавна агенция ""Национална сигурност"", ТД ""Национална сигурност"" - Стара Загора",Вносител,,
3b0e47ec-d6f0-4ab5-9a91-4d9120365416,436,2026,Административно дело,Административен съд - Плевен,Д.Г.А.,Жалбоподател,,
3b0e47ec-d6f0-4ab5-9a91-4d9120365416,436,2026,Административно дело,Административен съд - Плевен,Началника на Затвора Плевен,Ответник,,
8b1d281b-6f82-40db-a3bc-edbecd5e7714,1528,2026,Касационно административно наказателно дело,Административен съд - Пловдив,"НАЧАЛНИК ГРУПА В ОДМВР ПЛОВДИВ, РУ КАРЛОВО",Касатор,,
8b1d281b-6f82-40db-a3bc-edbecd5e7714,1528,2026,Касационно административно наказателно дело,Административен съд - Пловдив,Р.А.М.,Ответник,,
8b1d281b-6f82-40db-a3bc-edbecd5e7714,1528,2026,Касационно административно наказателно дело,Административен съд - Пловдив,Й.Б.Ц.,Свидетел,,
8b1d281b-6f82-40db-a3bc-edbecd5e7714,1528,2026,Касационно административно наказателно дело,Административен съд - Пловдив,ОКРЪЖНА ПРОКУРАТУРА ПЛОВДИВ,Контролираща страна,,
8b1d281b-6f82-40db-a3bc-edbecd5e7714,1528,2026,Касационно административно наказателно дело,Административен съд - Пловдив,Е.Д.Ц.,Пълномощник,,
edfa80c8-e86f-4ce1-ab7b-3a9de5db1cac,1409,2026,Частно гражданско дело,Районен съд - Хасково,К.П.М.,Наследник,,
edfa80c8-e86f-4ce1-ab7b-3a9de5db1cac,1409,2026,Частно гражданско дело,Районен съд - Хасково,К.П.М.,Наследодател,,
edfa80c8-e86f-4ce1-ab7b-3a9de5db1cac,1409,2026,Частно гражданско дело,Районен съд - Хасково,М.Ж.Г.,Пълномощник,,
e2d4a2e5-6013-4ab1-a4e5-fe620acb1cbd,1505,2026,Частно наказателно дело,Районен съд - Стара Загора,"Държавна агенция ""Национална сигурност"", ТД ""Национална сигурност"" - Стара Загора",Вносител,,
45c67bcc-609d-4cbb-a2a7-f26f1b8a3c7e,1074,2026,Частно наказателно дело,Районен съд - Шумен,Окръжна прокуратура - Шумен,Вносител,,
8f2ca9eb-aeab-447f-9734-28ae9338d939,435,2026,Административно дело,Административен съд - Плевен,М.Д.Р.,Жалбоподател,,
8f2ca9eb-aeab-447f-9734-28ae9338d939,435,2026,Административно дело,Административен съд - Плевен,"М.А.К. О.Л., Р.Л.",Ответник,,
726c41d0-8fdb-4393-a8cd-d4a2fde2a009,2168,2026,Частно гражданско дело,Районен съд - Пазарджик,Инспекторат на ВСС,Вносител,,
b75d8e4f-cc5e-4272-81b7-68d30a952886,165,2026,Частно наказателно дело,Окръжен съд - Видин,Окръжна прокуратура - Видин,Вносител,,
b75d8e4f-cc5e-4272-81b7-68d30a952886,165,2026,Частно наказателно дело,Окръжен съд - Видин,А.Ч.,Обвиняем,,
b75d8e4f-cc5e-4272-81b7-68d30a952886,165,2026,Частно наказателно дело,Окръжен съд - Видин,С.И.Д.,Преводач,,
b75d8e4f-cc5e-4272-81b7-68d30a952886,165,2026,Частно наказателно дело,Окръжен съд - Видин,Р.К.А.,Служебен защитник,Росен Кръстев Ангелов,
5d0085ef-3065-49c0-a0a9-a166e6347a21,2865,2026,Частно наказателно дело,Районен съд - Пловдив,Районно управление ”Полиция” 02 - Пловдив,Вносител,,
5d0085ef-3065-49c0-a0a9-a166e6347a21,2865,2026,Частно наказателно дело,Районен съд - Пловдив,М.Н.К.,Лице по принудително действие,,
404d9993-00ce-4a1a-858f-e5f201b150ce,1504,2026,Частно наказателно дело,Районен съд - Стара Загора,"Държавна агенция ""Национална сигурност"", ТД ""Национална сигурност"" - Стара Загора",Вносител,,
5cc0f199-e54f-4897-afe4-89ef4d8a24c8,2864,2026,Частно наказателно дело,Районен съд - Пловдив,Районно управление ”Полиция” 04 - Пловдив,Вносител,,
5cc0f199-e54f-4897-afe4-89ef4d8a24c8,2864,2026,Частно наказателно дело,Районен съд - Пловдив,В.М.Б.,Лице по принудително действие,,
54e451e0-432d-47e6-94f3-48f510c6fb08,1527,2026,Касационно административно наказателно дело,Административен съд - Пловдив,"Началник група в ОДМВР – Пловдив, Сектор ПП",Жалбоподател,,
54e451e0-432d-47e6-94f3-48f510c6fb08,1527,2026,Касационно административно наказателно дело,Административен съд - Пловдив,Д.А.П.,Жалбоподател,,
54e451e0-432d-47e6-94f3-48f510c6fb08,1527,2026,Касационно административно наказателно дело,Административен съд - Пловдив,"НАЧАЛНИК СЕКТОР В ОДМВР ПЛОВДИВ, СЕКТОР ""ПЪТНА ПОЛИЦИЯ"" - ПЛОВДИВ",Касатор,,
54e451e0-432d-47e6-94f3-48f510c6fb08,1527,2026,Касационно административно наказателно дело,Административен съд - Пловдив,"НАЧАЛНИК СЕКТОР В ОДМВР ПЛОВДИВ, СЕКТОР ""ПЪТНА ПОЛИЦИЯ"" - ПЛОВДИВ",Ответник,,
54e451e0-432d-47e6-94f3-48f510c6fb08,1527,2026,Касационно административно наказателно дело,Административен съд - Пловдив,ОКРЪЖНА ПРОКУРАТУРА ПЛОВДИВ,Контролираща страна,,
54e451e0-432d-47e6-94f3-48f510c6fb08,1527,2026,Касационно административно наказателно дело,Административен съд - Пловдив,П.М.Г.,Пълномощник,,
abcb2e6e-c6f2-4fef-91ff-ea5453dae11d,119,2026,Частно наказателно дело,Районен съд - Карнобат,Районно управление ”Полиция” - Карнобат,Вносител,,
abcb2e6e-c6f2-4fef-91ff-ea5453dae11d,119,2026,Частно наказателно дело,Районен съд - Карнобат,Р.Ц.Г.,Свидетел,,
61b75638-9ef7-429f-8daf-079db528dc9d,5416,2026,Частно гражданско дело,Софийски градски съд,Д.И.М.,Жалбоподател,,
61b75638-9ef7-429f-8daf-079db528dc9d,5416,2026,Частно гражданско дело,Софийски градски съд,С.Д.И.,Жалбоподател,,
61b75638-9ef7-429f-8daf-079db528dc9d,5416,2026,Частно гражданско дело,Софийски градски съд,А.П.И.,Жалбоподател,,
495f5c86-2d83-4e9c-89dd-456fcd4e3b5e,2863,2026,Частно наказателно дело,Районен съд - Пловдив,Районно управление ”Полиция” 04 - Пловдив,Вносител,,
495f5c86-2d83-4e9c-89dd-456fcd4e3b5e,2863,2026,Частно наказателно дело,Районен съд - Пловдив,М.Д.К.,Лице по принудително действие,,
805e47b0-d66d-4eb1-8228-ffdb452d7e2d,2080,2026,Частно гражданско дело,Районен съд - Бургас,И.М.Д.,Молител,,
fbe2c55a-1a3c-4fbb-8657-5f0193f7ee97,1503,2026,Частно наказателно дело,Районен съд - Стара Загора,"Държавна агенция ""Национална сигурност"", ТД ""Национална сигурност"" - Стара Загора",Вносител,,
1a01cfc4-ad15-482c-bf02-216cce8f824f,3493,2026,Въззивно наказателно дело от общ характер,Софийски градски съд,Районна прокуратура - София,Вносител,,
1a01cfc4-ad15-482c-bf02-216cce8f824f,3493,2026,Въззивно наказателно дело от общ характер,Софийски градски съд,М.К.Г.,Обвинител,,
1a01cfc4-ad15-482c-bf02-216cce8f824f,3493,2026,Въззивно наказателно дело от общ характер,Софийски градски съд,И.П.М.,Подсъдим,,
1a01cfc4-ad15-482c-bf02-216cce8f824f,3493,2026,Въззивно наказателно дело от общ характер,Софийски градски съд,Софийска градска прокуратура,Страна,,
1a01cfc4-ad15-482c-bf02-216cce8f824f,3493,2026,Въззивно наказателно дело от общ характер,Софийски градски съд,И.А.А.,Адвокат,,
0fd69835-86da-40d2-bccb-be13635f2f46,2862,2026,Частно наказателно дело,Районен съд - Пловдив,Районно управление ”Полиция” 04 - Пловдив,Вносител,,
0fd69835-86da-40d2-bccb-be13635f2f46,2862,2026,Частно наказателно дело,Районен съд - Пловдив,С.Г.Г.,Лице по принудително действие,,
f248834b-600c-436b-95c2-41b591091b58,2167,2026,Частно гражданско дело,Районен съд - Пазарджик,Инспекторат на ВСС,Вносител,,
9f34922b-d517-4428-90a2-78442550baef,2079,2026,Гражданско дело,Районен съд - Бургас,С.Г.Р.,Ищец,,
9f34922b-d517-4428-90a2-78442550baef,2079,2026,Гражданско дело,Районен съд - Бургас,Аксес Файнанс АД,Ответник,,
9f34922b-d517-4428-90a2-78442550baef,2079,2026,Гражданско дело,Районен съд - Бургас,П.Т.Т.,Адвокат,Пламен Тотев,
7d52a010-bbf6-4bb7-a9b8-8de84e12d14b,839,2026,Въззивно частно наказателно дело,Окръжен съд - Варна,И.П.С.,Обвинител,,
7d52a010-bbf6-4bb7-a9b8-8de84e12d14b,839,2026,Въззивно частно наказателно дело,Окръжен съд - Варна,А.П.Н.,Жалбоподател-подсъдим,,
7d52a010-bbf6-4bb7-a9b8-8de84e12d14b,839,2026,Въззивно частно наказателно дело,Окръжен съд - Варна,С.П.Б.,Адвокат,,
7d52a010-bbf6-4bb7-a9b8-8de84e12d14b,839,2026,Въззивно частно наказателно дело,Окръжен съд - Варна,Окръжна прокуратура - Варна,Страна,,
0c01b4c7-becb-4cf0-aa9c-1850bed07537,2078,2026,Гражданско дело,Районен съд - Бургас,С.Г.Р.,Ищец,,
0c01b4c7-becb-4cf0-aa9c-1850bed07537,2078,2026,Гражданско дело,Районен съд - Бургас,ВИВА КРЕДИТ АД,Ответник,,
0c01b4c7-becb-4cf0-aa9c-1850bed07537,2078,2026,Гражданско дело,Районен съд - Бургас,П.Т.Т.,Адвокат,Пламен Тотев,
0c01b4c7-becb-4cf0-aa9c-1850bed07537,2078,2026,Гражданско дело,Районен съд - Бургас,А.Г.Н.,Адвокат,,
0c01b4c7-becb-4cf0-aa9c-1850bed07537,2078,2026,Гражданско дело,Районен съд - Бургас,М.П.М.С.,Юрисконсулт,,
1b67167a-ab30-4bf8-ab2c-d0a136f90810,1526,2026,Касационно административно наказателно дело,Административен съд - Пловдив,ПРЕДСЕДАТЕЛ НА КЕВР,Касатор,,
1b67167a-ab30-4bf8-ab2c-d0a136f90810,1526,2026,Касационно административно наказателно дело,Административен съд - Пловдив,ЕЛЕКТРОРАЗПРЕДЕЛЕНИЕ ЮГ ЕАД,Ответник,,
1b67167a-ab30-4bf8-ab2c-d0a136f90810,1526,2026,Касационно административно наказателно дело,Административен съд - Пловдив,ОКРЪЖЕН СЛЕДСТВЕН ОТДЕЛ ПРИ ОКРЪЖНА ПРОКУРАТУРА ПЛОВДИВ,Контролираща страна,,
1ec4af74-eb02-452a-b9c1-23ddc26f0d21,1502,2026,Частно наказателно дело,Районен съд - Стара Загора,"Държавна агенция ""Национална сигурност"", ТД ""Национална сигурност"" - Стара Загора",Вносител,,
8b29ff32-03cd-4cee-a96c-16010cbef7da,442,2026,Наказателно дело от общ характер,Районен съд - Хасково,Районна прокуратура - Хасково,Вносител,,
8b29ff32-03cd-4cee-a96c-16010cbef7da,442,2026,Наказателно дело от общ характер,Районен съд - Хасково,С.С.Б.,Обвинител,,
8b29ff32-03cd-4cee-a96c-16010cbef7da,442,2026,Наказателно дело от общ характер,Районен съд - Хасково,Д.М.Р.,Подсъдим,,
8b29ff32-03cd-4cee-a96c-16010cbef7da,442,2026,Наказателно дело от общ характер,Районен съд - Хасково,П.Д.Д.,Служебен защитник,,
90d06685-6719-46a4-9b06-497c85fc8df8,150,2026,Частно наказателно дело,Районен съд - Чирпан,ТО-Чирпан към РП-Стара Загора,Вносител,,
90d06685-6719-46a4-9b06-497c85fc8df8,150,2026,Частно наказателно дело,Районен съд - Чирпан,И.Н.П.,Обвинител,,
90d06685-6719-46a4-9b06-497c85fc8df8,150,2026,Частно наказателно дело,Районен съд - Чирпан,Н.И.Б.,Обвинител,,
90d06685-6719-46a4-9b06-497c85fc8df8,150,2026,Частно наказателно дело,Районен съд - Чирпан,П.С.Н.,Освидетелстван,,
90d06685-6719-46a4-9b06-497c85fc8df8,150,2026,Частно наказателно дело,Районен съд - Чирпан,С.Д.С.,Свидетел,,
90d06685-6719-46a4-9b06-497c85fc8df8,150,2026,Частно наказателно дело,Районен съд - Чирпан,Д.С.С.,Свидетел,,
90d06685-6719-46a4-9b06-497c85fc8df8,150,2026,Частно наказателно дело,Районен съд - Чирпан,Р.Ц.Д.,Експерт,,
90d06685-6719-46a4-9b06-497c85fc8df8,150,2026,Частно наказателно дело,Районен съд - Чирпан,Е.А.Ч.,Адвокат,,
90d06685-6719-46a4-9b06-497c85fc8df8,150,2026,Частно наказателно дело,Районен съд - Чирпан,Д.Р.С.В.Д.,Вещо лице,,
ec912158-17d5-4d60-b923-276278faa28e,2077,2026,Частно гражданско дело,Районен съд - Бургас,Б.В.Н.,Молител,,
ec912158-17d5-4d60-b923-276278faa28e,2077,2026,Частно гражданско дело,Районен съд - Бургас,М.Д.М.,Адвокат,Марияна Динева Матеева,
ec912158-17d5-4d60-b923-276278faa28e,2077,2026,Частно гражданско дело,Районен съд - Бургас,М.М.М.,Родител,,
ec912158-17d5-4d60-b923-276278faa28e,2077,2026,Частно гражданско дело,Районен съд - Бургас,Дирекция Социално подпомагане гр.Бургас,Друго,,
33ba559f-e186-4021-a771-800f86f78f9d,2209,2026,Административно наказателно дело,Районен съд - Варна,С.А.Д.,Жалбоподател,,
33ba559f-e186-4021-a771-800f86f78f9d,2209,2026,Административно наказателно дело,Районен съд - Варна,"НАЧАЛНИК РУ в ОД МВР , РУ 05 ЗЛАТНИ ПЯСЪЦИ",Админ.наказ.орган,,
33ba559f-e186-4021-a771-800f86f78f9d,2209,2026,Административно наказателно дело,Районен съд - Варна,Й.К.А.,Процесуален представител,Йордан Кирилов Алексиев,
b5d69af0-ad6b-4e25-bd0a-680752061e22,1501,2026,Частно наказателно дело,Районен съд - Стара Загора,"Държавна агенция ""Национална сигурност"", ТД ""Национална сигурност"" - Стара Загора",Вносител,,
c118fa2d-1277-4b1c-8a08-09f3f1150cc5,2166,2026,Частно гражданско дело,Районен съд - Пазарджик,Инспекторат на ВСС,Вносител,,
d053c252-e68c-4208-9c2f-bf1baefbe5fe,2076,2026,Гражданско дело,Районен съд - Бургас,С.Г.Р.,Ищец,,
d053c252-e68c-4208-9c2f-bf1baefbe5fe,2076,2026,Гражданско дело,Районен съд - Бургас,Аксес Файнанс АД,Ответник,,
d053c252-e68c-4208-9c2f-bf1baefbe5fe,2076,2026,Гражданско дело,Районен съд - Бургас,П.Т.Т.,Адвокат,Пламен Тотев,
d053c252-e68c-4208-9c2f-bf1baefbe5fe,2076,2026,Гражданско дело,Районен съд - Бургас,И.И.Н.,Юрисконсулт,,
fd39939d-65d0-4377-956d-41c19e65ad9e,441,2026,Наказателно дело от общ характер,Районен съд - Хасково,Районна прокуратура - Хасково,Вносител,,
fd39939d-65d0-4377-956d-41c19e65ad9e,441,2026,Наказателно дело от общ характер,Районен съд - Хасково,Р.В.С.,Обвинител,,
fd39939d-65d0-4377-956d-41c19e65ad9e,441,2026,Наказателно дело от общ характер,Районен съд - Хасково,Д.Г.П.,Подсъдим,,
fd39939d-65d0-4377-956d-41c19e65ad9e,441,2026,Наказателно дело от общ характер,Районен съд - Хасково,Д.И.М.,Защитник,,
3ce22c8b-96da-4259-9aca-54abd75dc546,1525,2026,Касационно административно наказателно дело,Административен съд - Пловдив,ДИРЕКТОР НА ДИРЕКЦИЯ ИНСПЕКЦИЯ ПО ТРУДА ПЛОВДИВ,Касатор,,
3ce22c8b-96da-4259-9aca-54abd75dc546,1525,2026,Касационно административно наказателно дело,Административен съд - Пловдив,ЕЛЛОН ЕООД,Ответник,,
3ce22c8b-96da-4259-9aca-54abd75dc546,1525,2026,Касационно административно наказателно дело,Административен съд - Пловдив,Г.Р.,Лице за съдебен адрес,,
3ce22c8b-96da-4259-9aca-54abd75dc546,1525,2026,Касационно административно наказателно дело,Административен съд - Пловдив,ОКРЪЖНА ПРОКУРАТУРА ПЛОВДИВ,Контролираща страна,,
b1ad7e98-34ad-4850-a083-e9d619d07fb5,1500,2026,Частно наказателно дело,Районен съд - Стара Загора,"Държавна агенция ""Национална сигурност"", ТД ""Национална сигурност"" - Стара Загора",Вносител,,
4c86a40a-7a0a-4d0b-abc6-fb0ff04f5091,2075,2026,Гражданско дело,Районен съд - Бургас,С.Г.Р.,Ищец,,
4c86a40a-7a0a-4d0b-abc6-fb0ff04f5091,2075,2026,Гражданско дело,Районен съд - Бургас,КЕШ КРЕДИТ МОБАЙЛ ЕАД,Ответник,,
4c86a40a-7a0a-4d0b-abc6-fb0ff04f5091,2075,2026,Гражданско дело,Районен съд - Бургас,Кредит Гаранция ЕООД,Ответник,,
4c86a40a-7a0a-4d0b-abc6-fb0ff04f5091,2075,2026,Гражданско дело,Районен съд - Бургас,П.Т.Т.,Адвокат,Пламен Тотев,
4c86a40a-7a0a-4d0b-abc6-fb0ff04f5091,2075,2026,Гражданско дело,Районен съд - Бургас,П.Т.С.,Вещо лице,,
15d6c0f2-46e3-41f3-87b7-ea6d14301c16,4378,2026,Гражданско дело,Районен съд - Враца,ЗАСТРАХОВАТЕЛНО АКЦИОНЕРНО ДРУЖЕСТВО АРМЕЕЦ АД,Ищец,,
15d6c0f2-46e3-41f3-87b7-ea6d14301c16,4378,2026,Гражданско дело,Районен съд - Враца,ОБЩИНА ВРАЦА,Ответник,,
15d6c0f2-46e3-41f3-87b7-ea6d14301c16,4378,2026,Гражданско дело,Районен съд - Враца,М.В.Ж.,Юрисконсулт,,
15d6c0f2-46e3-41f3-87b7-ea6d14301c16,4378,2026,Гражданско дело,Районен съд - Враца,В.Т.П.,Вещо лице,,
15d6c0f2-46e3-41f3-87b7-ea6d14301c16,4378,2026,Гражданско дело,Районен съд - Враца,Й.И.Й.,Свидетел,,
6234759b-8162-4c63-968f-2922b89f542a,292,2026,Гражданско дело,Районен съд - Харманли,Н.Г.Ж.,Ищец,,
6234759b-8162-4c63-968f-2922b89f542a,292,2026,Гражданско дело,Районен съд - Харманли,С.М.Ж.,Адвокат,,
6234759b-8162-4c63-968f-2922b89f542a,292,2026,Гражданско дело,Районен съд - Харманли,Б.Г.Ж.,Заинтересована страна,,
6234759b-8162-4c63-968f-2922b89f542a,292,2026,Гражданско дело,Районен съд - Харманли,М.В.С.,Заинтересована страна,,
6234759b-8162-4c63-968f-2922b89f542a,292,2026,Гражданско дело,Районен съд - Харманли,Р.К.М.,Заинтересована страна,,
6234759b-8162-4c63-968f-2922b89f542a,292,2026,Гражданско дело,Районен съд - Харманли,ТО-Харманли към РП-Хасково,Заинтересована страна,,
6234759b-8162-4c63-968f-2922b89f542a,292,2026,Гражданско дело,Районен съд - Харманли,ОБЩИНА ХАРМАНЛИ,Заинтересована страна,,
2a17d252-cd79-4bd7-8a4a-2cba2331784a,126,2026,Частно наказателно дело,Районен съд - Свищов,ТО-Свищов към РП-Велико Търново,Вносител,,
2a17d252-cd79-4bd7-8a4a-2cba2331784a,126,2026,Частно наказателно дело,Районен съд - Свищов,Е.Л.Н.,Лице по принудително действие,,
6cc6d7db-6388-44ed-bb28-f39069bf25f9,1499,2026,Частно наказателно дело,Районен съд - Стара Загора,"Държавна агенция ""Национална сигурност"", ТД ""Национална сигурност"" - Стара Загора",Вносител,,
d5ac299b-0457-466f-ba2d-05b92e429f84,215,2026,Административно дело,Административен съд - Ямбол,П.Д.К.,Жалбоподател,,
d5ac299b-0457-466f-ba2d-05b92e429f84,215,2026,Административно дело,Административен съд - Ямбол,НАЧАЛНИК СЕКТОР ПЪТНА ПОЛИЦИЯ ЯМБОЛ КЪМ ОД НА МВР-ЯМБОЛ,Ответник,,
d5ac299b-0457-466f-ba2d-05b92e429f84,215,2026,Административно дело,Административен съд - Ямбол,И.Д.Л.,Адвокат,,
2de0eb06-9175-4e71-8695-1234c1528c90,2074,2026,Гражданско дело,Районен съд - Бургас,С.Г.Р.,Ищец,,
2de0eb06-9175-4e71-8695-1234c1528c90,2074,2026,Гражданско дело,Районен съд - Бургас,МЪНИ ЛИЙЗ ЕАД,Ответник,,
2de0eb06-9175-4e71-8695-1234c1528c90,2074,2026,Гражданско дело,Районен съд - Бургас,П.Т.Т.,Адвокат,Пламен Тотев,
2de0eb06-9175-4e71-8695-1234c1528c90,2074,2026,Гражданско дело,Районен съд - Бургас,М.И.Й.,Адвокат,,
76c69d16-489a-46fb-b6db-c3de7ebcc5fe,299,2026,Частно наказателно дело,Окръжен съд - Сливен,НИДЕРЛАНДИЯ,Вносител,,
76c69d16-489a-46fb-b6db-c3de7ebcc5fe,299,2026,Частно наказателно дело,Окръжен съд - Сливен,К.Г.М.,Обвинител,,
76c69d16-489a-46fb-b6db-c3de7ebcc5fe,299,2026,Частно наказателно дело,Окръжен съд - Сливен,Д.Г.С.,Заинтересована страна,,
76c69d16-489a-46fb-b6db-c3de7ebcc5fe,299,2026,Частно наказателно дело,Окръжен съд - Сливен,Окръжна прокуратура - Сливен,Страна,,
3e3cdf27-aab5-41d4-9f66-ef2657bbf177,553,2026,Гражданско дело,Районен съд - Несебър,В.М.М.,Ищец,,
3e3cdf27-aab5-41d4-9f66-ef2657bbf177,553,2026,Гражданско дело,Районен съд - Несебър,К.М.М.Ш.,Ответник,,
3e3cdf27-aab5-41d4-9f66-ef2657bbf177,553,2026,Гражданско дело,Районен съд - Несебър,П.Д.Д.,Ответник,,
3e3cdf27-aab5-41d4-9f66-ef2657bbf177,553,2026,Гражданско дело,Районен съд - Несебър,Т.Т.Е.,Адвокат,Татяна Тодорова Енчева,
3e3cdf27-aab5-41d4-9f66-ef2657bbf177,553,2026,Гражданско дело,Районен съд - Несебър,Я.М.М.,Трето лице помагач,,
3e3cdf27-aab5-41d4-9f66-ef2657bbf177,553,2026,Гражданско дело,Районен съд - Несебър,В.Г.П.,Адвокат,Владимир Георгиев Пенев,
3d4a2d46-e1a9-44b3-b3ed-847afc41175b,440,2026,Наказателно дело от общ характер,Районен съд - Хасково,Районна прокуратура - Хасково,Вносител,,
3d4a2d46-e1a9-44b3-b3ed-847afc41175b,440,2026,Наказателно дело от общ характер,Районен съд - Хасково,Р.В.С.,Обвинител,,
3d4a2d46-e1a9-44b3-b3ed-847afc41175b,440,2026,Наказателно дело от общ характер,Районен съд - Хасково,С.С.Б.,Обвинител,,
3d4a2d46-e1a9-44b3-b3ed-847afc41175b,440,2026,Наказателно дело от общ характер,Районен съд - Хасково,Р.В.С.,Обвинител,,
3d4a2d46-e1a9-44b3-b3ed-847afc41175b,440,2026,Наказателно дело от общ характер,Районен съд - Хасково,Д.М.Х.,Подсъдим,,
3d4a2d46-e1a9-44b3-b3ed-847afc41175b,440,2026,Наказателно дело от общ характер,Районен съд - Хасково,Д.А.О.,Служебен защитник,,
f4cfee07-7891-4739-a93e-b14cc8b4f6c7,2165,2026,Частно гражданско дело,Районен съд - Пазарджик,Инспекторат на ВСС,Вносител,,
d67f5ded-08a3-4bad-9035-9530f97d8dee,1498,2026,Частно наказателно дело,Районен съд - Стара Загора,"Държавна агенция ""Национална сигурност"", ТД ""Национална сигурност"" - Стара Загора",Вносител,,
eff1808e-42cd-4943-ad5c-d3f52f0cd8ae,2208,2026,Частно наказателно дело,Районен съд - Варна,ОДМВР - Варна,Вносител,,
f99adbf0-bba2-408b-88cc-6d87adff60ea,291,2026,Частно административно дело,Административен съд - Сливен,Окръжна прокуратура Сливен,Вносител,,
88724f30-13c7-4887-b92e-9fcd1b1cdad6,1524,2026,Касационно административно наказателно дело,Административен съд - Пловдив,"зам.кмет ""Обществен ред и сигурност"" в ОБЩИНА ПЛОВДИВ",Жалбоподател,,
88724f30-13c7-4887-b92e-9fcd1b1cdad6,1524,2026,Касационно административно наказателно дело,Административен съд - Пловдив,К.И.М.,Жалбоподател,,
88724f30-13c7-4887-b92e-9fcd1b1cdad6,1524,2026,Касационно административно наказателно дело,Административен съд - Пловдив,ЗАМЕСТНИК КМЕТ ОБЩЕСТВЕН РЕД И СИГУРНОСТ В ОБЩИНА ПЛОВДИВ,Касатор,,
88724f30-13c7-4887-b92e-9fcd1b1cdad6,1524,2026,Касационно административно наказателно дело,Административен съд - Пловдив,С.Ж.П.,Пълномощник,,
88724f30-13c7-4887-b92e-9fcd1b1cdad6,1524,2026,Касационно административно наказателно дело,Административен съд - Пловдив,ОКРЪЖНА ПРОКУРАТУРА ПЛОВДИВ,Контролираща страна,,
88724f30-13c7-4887-b92e-9fcd1b1cdad6,1524,2026,Касационно административно наказателно дело,Административен съд - Пловдив,Г.Т.Р.,Процесуален представител,,
ae572ff6-ad3d-4f35-bfdb-d052b9acda88,552,2026,Гражданско дело,Районен съд - Несебър,В.М.М.,Ищец,,
ae572ff6-ad3d-4f35-bfdb-d052b9acda88,552,2026,Гражданско дело,Районен съд - Несебър,К.М.М.Ш.,Ответник,,
ae572ff6-ad3d-4f35-bfdb-d052b9acda88,552,2026,Гражданско дело,Районен съд - Несебър,Д.А.А.,Ответник,,
ae572ff6-ad3d-4f35-bfdb-d052b9acda88,552,2026,Гражданско дело,Районен съд - Несебър,Т.Т.Е.,Адвокат,Татяна Тодорова Енчева,
ae572ff6-ad3d-4f35-bfdb-d052b9acda88,552,2026,Гражданско дело,Районен съд - Несебър,Я.М.М.,Трето лице помагач,,
ae572ff6-ad3d-4f35-bfdb-d052b9acda88,552,2026,Гражданско дело,Районен съд - Несебър,В.Г.П.,Адвокат,Владимир Георгиев Пенев,
5b396635-5900-4ed7-aa10-cc191aac5882,134,2026,Търговско дело,Окръжен съд - Благоевград,"ИНТЕРКАМ ВЪЗОБНОВЯЕМИ ЕНЕРГИЙНИ СИСТЕМИ ЕООД, предст. от Серхат Юдаим",Ищец,,
5b396635-5900-4ed7-aa10-cc191aac5882,134,2026,Търговско дело,Окръжен съд - Благоевград,"ГЛОБАЛ ЕНЕРДЖИ 2024 ООД, предст. от Крум Карамфилов",Ответник,,
5b396635-5900-4ed7-aa10-cc191aac5882,134,2026,Търговско дело,Окръжен съд - Благоевград,А.М.Д.,Адвокат,Ахмед Метинов Джамбазов,
a6a0ec36-babd-454a-b016-a165575bf713,291,2026,Частно гражданско дело,Районен съд - Харманли,Инспекторат на ВСС,Вносител,,
a6a0ec36-babd-454a-b016-a165575bf713,291,2026,Частно гражданско дело,Районен съд - Харманли,Г.Г.Г.,Страна,,
a6a0ec36-babd-454a-b016-a165575bf713,291,2026,Частно гражданско дело,Районен съд - Харманли,Д.Т.Г.,Страна,,
ab080129-b7ee-4d0a-b280-5f709c0bc902,508,2026,Въззивно частно гражданско дело,Окръжен съд - Плевен,ПЪРВА ИНВЕСТИЦИОННА БАНКА,Жалбоподател,,
404df44a-6503-4860-adc5-cd0d598d125e,290,2026,Частно административно дело,Административен съд - Сливен,Окръжна прокуратура Сливен,Вносител,,
28f80e57-4a59-41da-b2b3-8c19f78db9f3,1228,2026,Частно гражданско дело,Районен съд - Благоевград,Инспекторат към ВСС,Вносител,,
04d65c4f-fece-4288-9caa-67d720eb2a0b,1497,2026,Частно наказателно дело,Районен съд - Стара Загора,"Държавна агенция ""Национална сигурност"", ТД ""Национална сигурност"" - Стара Загора",Вносител,,
8943991b-aeb3-4ccb-af5b-e78f96df56a9,1496,2026,Частно наказателно дело,Районен съд - Стара Загора,Районен съд – Разлог,Вносител,,
8943991b-aeb3-4ccb-af5b-e78f96df56a9,1496,2026,Частно наказателно дело,Районен съд - Стара Загора,Р.К.Н.,Страна,,
d8fcd115-8051-478a-8155-3447b672dc5c,38,2026,Административно наказателно дело,Районен съд - Мадан,ТО-Златоград към РП-Смолян,Вносител,,
d8fcd115-8051-478a-8155-3447b672dc5c,38,2026,Административно наказателно дело,Районен съд - Мадан,С.И.М.,Обвиняем,,
d8fcd115-8051-478a-8155-3447b672dc5c,38,2026,Административно наказателно дело,Районен съд - Мадан,Я.С.К.,Защитник,,
9517da2c-5d6d-41b8-ae70-d08f74c3c0a2,3514,2026,Частно гражданско дело,Районен съд - Русе,М.К.Я.,Наследник,,
9517da2c-5d6d-41b8-ae70-d08f74c3c0a2,3514,2026,Частно гражданско дело,Районен съд - Русе,А.Г.С.,Наследодател,,
3185902e-e87b-423f-945a-c4e705768a02,289,2026,Административно дело,Административен съд - Сливен,В.Т.Т.,Жалбоподател,Станислав Иванов Раднев,
3185902e-e87b-423f-945a-c4e705768a02,289,2026,Административно дело,Административен съд - Сливен,"Началник отдел ""Пенсии"" при ТП на НОИ Сливен",Ответник,,
3185902e-e87b-423f-945a-c4e705768a02,289,2026,Административно дело,Административен съд - Сливен,С.И.Р.,Адвокат,,
4a9c42ec-1ce4-4292-b51a-2a60ce35ad0e,214,2026,Частно административно дело,Административен съд - Ямбол,А.Н.Н.,Частен жалбоподател,,
4a9c42ec-1ce4-4292-b51a-2a60ce35ad0e,214,2026,Частно административно дело,Административен съд - Ямбол,"НЕЛК СПЕЦИАЛИЗИРАН СЪСТАВ ПО ВЪТРЕШНИ, ХИРУРГИЧНИ, НЕРВНИ И СЪРДЕЧНО-СЪДОВИ ЗАБОЛЯВАНИЯ",Ответник,,
19a47d54-31cb-466b-a135-5bd1dca440c4,439,2026,Частно наказателно дело,Районен съд - Хасково,Районна прокуратура - Хасково,Вносител,,
19a47d54-31cb-466b-a135-5bd1dca440c4,439,2026,Частно наказателно дело,Районен съд - Хасково,Д.И.С.,Обвинител,,
19a47d54-31cb-466b-a135-5bd1dca440c4,439,2026,Частно наказателно дело,Районен съд - Хасково,С.Р.А.,Осъден,,
19a47d54-31cb-466b-a135-5bd1dca440c4,439,2026,Частно наказателно дело,Районен съд - Хасково,Т.Г.Д.,Служебен защитник,,
df9535f5-2f1b-48c1-805b-6118bb191e1c,1495,2026,Частно наказателно дело,Районен съд - Стара Загора,"Държавна агенция ""Национална сигурност"", ТД ""Национална сигурност"" - Стара Загора",Вносител,,
0028ffa5-e237-4f78-80a8-a26367802507,288,2026,Административно дело,Административен съд - Сливен,О.Х.М.,Жалбоподател,,
0028ffa5-e237-4f78-80a8-a26367802507,288,2026,Административно дело,Административен съд - Сливен,О.Х.М.,Жалбоподател,,
0028ffa5-e237-4f78-80a8-a26367802507,288,2026,Административно дело,Административен съд - Сливен,Светослав Симеонов Иванов-гл. инспектор при Областен отдел Автомобилна администрация гр. Русе,Ответник,,
0028ffa5-e237-4f78-80a8-a26367802507,288,2026,Административно дело,Административен съд - Сливен,"Главен инспектор при Областен отдел ""Автомобилна администрация"" - Русе - Светослав Симеонов Иванов",Ответник,,
0028ffa5-e237-4f78-80a8-a26367802507,288,2026,Административно дело,Административен съд - Сливен,Н.К.П.,Адвокат,,
49b68a72-7540-42d4-96a0-f6c3a911d59e,1227,2026,Частно гражданско дело,Районен съд - Благоевград,Инспекторат към ВСС,Вносител,,
1c2641e0-94f1-4dc9-9e00-4d8090b71f05,2164,2026,Частно гражданско дело,Районен съд - Пазарджик,Инспекторат на ВСС,Вносител,,
3653c41d-cde3-480e-a7da-8608fcb09b95,507,2026,Въззивно частно гражданско дело,Окръжен съд - Плевен,СИТИ КЕШ ООД,Жалбоподател,,
3653c41d-cde3-480e-a7da-8608fcb09b95,507,2026,Въззивно частно гражданско дело,Окръжен съд - Плевен,Х.М.Г.,Адвокат,"Адвокатско дружество Нестори, Угляров, Милчев",
d647687a-109e-497c-9c8c-e047c55f960e,344,2026,Частно наказателно дело,Районен съд - Асеновград,ТО-Асеновград към РП-Пловдив,Обвинител,,
d647687a-109e-497c-9c8c-e047c55f960e,344,2026,Частно наказателно дело,Районен съд - Асеновград,М.Л.А.,Обвинител,,
d647687a-109e-497c-9c8c-e047c55f960e,344,2026,Частно наказателно дело,Районен съд - Асеновград,Т.Т.Т.,Обвиняем,,
d647687a-109e-497c-9c8c-e047c55f960e,344,2026,Частно наказателно дело,Районен съд - Асеновград,Е.Г.Н.,Служебен защитник,Енко Георгиев Найденов,
c3ee69bd-453a-44a7-80c1-adc59c334983,1494,2026,Частно наказателно дело,Районен съд - Стара Загора,"Държавна агенция ""Национална сигурност"", ТД ""Национална сигурност"" - Стара Загора",Вносител,,
1096a24c-d33d-4ca6-a663-ecf269cec840,1523,2026,Касационно административно наказателно дело,Административен съд - Пловдив,П.Д.Т.,Касатор,,
1096a24c-d33d-4ca6-a663-ecf269cec840,1523,2026,Касационно административно наказателно дело,Административен съд - Пловдив,ЗАМЕСТНИК КМЕТ ОБЩЕСТВЕН РЕД И СИГУРНОСТ В ОБЩИНА ПЛОВДИВ,Ответник,,
1096a24c-d33d-4ca6-a663-ecf269cec840,1523,2026,Касационно административно наказателно дело,Административен съд - Пловдив,ОКРЪЖНА ПРОКУРАТУРА ПЛОВДИВ,Контролираща страна,,
4c261450-0744-46a2-a8f0-b5d6f4314116,5278,2026,Касационно административно дело,Върховен административен съд,И.Е.Д.,Касатор,,
4c261450-0744-46a2-a8f0-b5d6f4314116,5278,2026,Касационно административно дело,Върховен административен съд,КОМИСИЯ ЗА ПРОТИВОДЕЙСТВИЕ НА КОРУПЦИЯТА (КПК),Ответник,,
4c261450-0744-46a2-a8f0-b5d6f4314116,5278,2026,Касационно административно дело,Върховен административен съд,Председателя на Сметната палата,Ответник,,
4c261450-0744-46a2-a8f0-b5d6f4314116,5278,2026,Касационно административно дело,Върховен административен съд,Сметната палата на Република България,Ответник,,
4c261450-0744-46a2-a8f0-b5d6f4314116,5278,2026,Касационно административно дело,Върховен административен съд,Ц.Д.,Адвокат,,
7d57095b-5be4-4e62-a7ea-400d8b9d7581,597,2026,Гражданско дело,Районен съд - Асеновград,П.И.Т.,Ищец,,
7d57095b-5be4-4e62-a7ea-400d8b9d7581,597,2026,Гражданско дело,Районен съд - Асеновград,ХИГИА 1 ЕООД,Ответник,,
7d57095b-5be4-4e62-a7ea-400d8b9d7581,597,2026,Гражданско дело,Районен съд - Асеновград,В.Б.Т.,Адвокат,ВИОЛЕТА БОРИСОВА ТРЪМБЕВА,
697e9939-5488-4940-a8f5-f2a7387f52e4,2207,2026,Административно наказателно дело,Районен съд - Варна,С.А.Д.,Жалбоподател,,
697e9939-5488-4940-a8f5-f2a7387f52e4,2207,2026,Административно наказателно дело,Районен съд - Варна,"НАЧАЛНИК РУ в ОД МВР , РУ 05 ЗЛАТНИ ПЯСЪЦИ",Админ.наказ.орган,,
697e9939-5488-4940-a8f5-f2a7387f52e4,2207,2026,Административно наказателно дело,Районен съд - Варна,Й.К.А.,Процесуален представител,Йордан Кирилов Алексиев,
ebc05632-bb36-4f92-85cf-8c3aa2026eae,679,2026,Наказателно дело от общ характер,Районен съд - Сливен,Районна прокуратура - Сливен,Обвинител,,
ebc05632-bb36-4f92-85cf-8c3aa2026eae,679,2026,Наказателно дело от общ характер,Районен съд - Сливен,Н.Д.С.,Обвинител,,
ebc05632-bb36-4f92-85cf-8c3aa2026eae,679,2026,Наказателно дело от общ характер,Районен съд - Сливен,Б.Б.Д.,Подсъдим,,
ebc05632-bb36-4f92-85cf-8c3aa2026eae,679,2026,Наказателно дело от общ характер,Районен съд - Сливен,У.М.Р.,Подсъдим,,
ebc05632-bb36-4f92-85cf-8c3aa2026eae,679,2026,Наказателно дело от общ характер,Районен съд - Сливен,К.Д.К.,Пострадал,,
ebc05632-bb36-4f92-85cf-8c3aa2026eae,679,2026,Наказателно дело от общ характер,Районен съд - Сливен,Л.Л.Т.,Защитник,,
ebc05632-bb36-4f92-85cf-8c3aa2026eae,679,2026,Наказателно дело от общ характер,Районен съд - Сливен,П.С.Н.,Защитник,,
ebc05632-bb36-4f92-85cf-8c3aa2026eae,679,2026,Наказателно дело от общ характер,Районен съд - Сливен,С.Р.К.,Адвокат,,
9e95eb55-85d2-4999-a7f1-0c15c1ce9408,2163,2026,Частно гражданско дело,Районен съд - Пазарджик,Инспекторат на ВСС,Вносител,,
83ead34a-55e3-41b0-ace9-1068d74b1d8c,213,2026,Административно дело,Административен съд - Ямбол,Г.Д.Д.,Жалбоподател,,
83ead34a-55e3-41b0-ace9-1068d74b1d8c,213,2026,Административно дело,Административен съд - Ямбол,НАЧАЛНИК СЕКТОР ПЪТНА ПОЛИЦИЯ ЯМБОЛ КЪМ ОД НА МВР-ЯМБОЛ,Ответник,,
83ead34a-55e3-41b0-ace9-1068d74b1d8c,213,2026,Административно дело,Административен съд - Ямбол,"НАЧАЛНИК СЕКТОР КЪМ ОД НА МВР-ГР.ЯМБОЛ, СЕКТОР ПЪТНА ПОЛИЦИЯ ЯМБОЛ",Ответник,,
83ead34a-55e3-41b0-ace9-1068d74b1d8c,213,2026,Административно дело,Административен съд - Ямбол,Д.К.К.,Адвокат,Диан Костадинов Костадинов,
83ead34a-55e3-41b0-ace9-1068d74b1d8c,213,2026,Административно дело,Административен съд - Ямбол,З.Щ.А.,Юрисконсулт,,
83ead34a-55e3-41b0-ace9-1068d74b1d8c,213,2026,Административно дело,Административен съд - Ямбол,В.Й.В.М.А.К.С.П.О.Я.,Свидетел,,
55de8b93-0a0e-45c8-8439-0fb18b079ca1,506,2026,Въззивно частно гражданско дело,Окръжен съд - Плевен,Г.Ц.И.,Жалбоподател,,
55de8b93-0a0e-45c8-8439-0fb18b079ca1,506,2026,Въззивно частно гражданско дело,Окръжен съд - Плевен,В.Е.Г.,Адвокат,Василен Емилов Георгиев,
6a37d7ee-96e7-48ab-9fb1-2cd572591408,1493,2026,Наказателно дело от общ характер,Районен съд - Стара Загора,Районна прокуратура - Стара Загора,Вносител,,
6a37d7ee-96e7-48ab-9fb1-2cd572591408,1493,2026,Наказателно дело от общ характер,Районен съд - Стара Загора,Д.С.П.,Обвинител,,
6a37d7ee-96e7-48ab-9fb1-2cd572591408,1493,2026,Наказателно дело от общ характер,Районен съд - Стара Загора,В.Д.С.,Подсъдим,,
6a37d7ee-96e7-48ab-9fb1-2cd572591408,1493,2026,Наказателно дело от общ характер,Районен съд - Стара Загора,П.А.К.,Адвокат,Пламен Атанасов Кордов,
6a37d7ee-96e7-48ab-9fb1-2cd572591408,1493,2026,Наказателно дело от общ характер,Районен съд - Стара Загора,ОДМВР - Стара Загора,Друго,,
19d03cb8-19cb-41d0-a242-7487bcc4bde4,750,2026,Гражданско дело,Районен съд - Своге,В.Е.Д.,Ищец,,
19d03cb8-19cb-41d0-a242-7487bcc4bde4,750,2026,Гражданско дело,Районен съд - Своге,С.З.М.,Ответник,,
19d03cb8-19cb-41d0-a242-7487bcc4bde4,750,2026,Гражданско дело,Районен съд - Своге,С.И.П.,Адвокат,,
c9375f75-b7b6-4293-b1b6-96f4592d2bbc,1522,2026,Касационно административно наказателно дело,Административен съд - Пловдив,И.М.Т.,Касатор,,
c9375f75-b7b6-4293-b1b6-96f4592d2bbc,1522,2026,Касационно административно наказателно дело,Административен съд - Пловдив,НАЧАЛНИК СЕКТОР В ОДМВР ПЛОВДИВ 03 РУ,Ответник,,
c9375f75-b7b6-4293-b1b6-96f4592d2bbc,1522,2026,Касационно административно наказателно дело,Административен съд - Пловдив,ОКРЪЖНА ПРОКУРАТУРА ПЛОВДИВ,Контролираща страна,,
c9375f75-b7b6-4293-b1b6-96f4592d2bbc,1522,2026,Касационно административно наказателно дело,Административен съд - Пловдив,И.М.М.,Пълномощник,,
01abdca4-0a15-44e3-b7dc-b9d2097d7572,231,2026,Въззивно частно гражданско дело,Апелативен съд - Варна,Б.С.Ж.,Въззивник,,
01abdca4-0a15-44e3-b7dc-b9d2097d7572,231,2026,Въззивно частно гражданско дело,Апелативен съд - Варна,С.Ф.В.,Въззиваема страна,,
01abdca4-0a15-44e3-b7dc-b9d2097d7572,231,2026,Въззивно частно гражданско дело,Апелативен съд - Варна,Ю.А.Б.,Адвокат,,
01abdca4-0a15-44e3-b7dc-b9d2097d7572,231,2026,Въззивно частно гражданско дело,Апелативен съд - Варна,П.С.Х.,Адвокат,Пенка Стоянова Христова,
01abdca4-0a15-44e3-b7dc-b9d2097d7572,231,2026,Въззивно частно гражданско дело,Апелативен съд - Варна,Д.Г.Б.,Адвокат,,
12d67392-5263-4423-b5ee-d20eb239441d,1492,2026,Наказателно дело от общ характер,Районен съд - Стара Загора,Районна прокуратура - Стара Загора,Вносител,,
12d67392-5263-4423-b5ee-d20eb239441d,1492,2026,Наказателно дело от общ характер,Районен съд - Стара Загора,К.Н.К.,Обвинител,,
12d67392-5263-4423-b5ee-d20eb239441d,1492,2026,Наказателно дело от общ характер,Районен съд - Стара Загора,И.Р.И.,Осъден,,
12d67392-5263-4423-b5ee-d20eb239441d,1492,2026,Наказателно дело от общ характер,Районен съд - Стара Загора,Ю.Р.Н.,Адвокат,,
12d67392-5263-4423-b5ee-d20eb239441d,1492,2026,Наказателно дело от общ характер,Районен съд - Стара Загора,ОДМВР - Стара Загора,Друго,,
12d67392-5263-4423-b5ee-d20eb239441d,1492,2026,Наказателно дело от общ характер,Районен съд - Стара Загора,Районно управление ”Полиция” 02 - Стара Загора,Друго,,
f7d7b311-86a4-441a-81cf-1f0518ff2450,5277,2026,Касационно административно дело,Върховен административен съд,Национална експертна лекарска комисия,Касатор,,
f7d7b311-86a4-441a-81cf-1f0518ff2450,5277,2026,Касационно административно дело,Върховен административен съд,Ж.В.З.,Жалбоподател,,
f7d7b311-86a4-441a-81cf-1f0518ff2450,5277,2026,Касационно административно дело,Върховен административен съд,Ж.В.З.,Ответник,,
f7d7b311-86a4-441a-81cf-1f0518ff2450,5277,2026,Касационно административно дело,Върховен административен съд,"""Втора Многопрофилна Болница за активно лечение София"" ЕАД",Ответник,,
f7d7b311-86a4-441a-81cf-1f0518ff2450,5277,2026,Касационно административно дело,Върховен административен съд,Агенция за хората с увреждания,Ответник,,
f7d7b311-86a4-441a-81cf-1f0518ff2450,5277,2026,Касационно административно дело,Върховен административен съд,ДКЦ ХVІІ ООД - Обща ЛКК,Ответник,,
f7d7b311-86a4-441a-81cf-1f0518ff2450,5277,2026,Касационно административно дело,Върховен административен съд,"""Луфтханза Техник София"" ООД",Ответник,,
f7d7b311-86a4-441a-81cf-1f0518ff2450,5277,2026,Касационно административно дело,Върховен административен съд,Териториално поделение на НОИ - София-град.,Ответник,,
f7d7b311-86a4-441a-81cf-1f0518ff2450,5277,2026,Касационно административно дело,Върховен административен съд,ВТОРА МБАЛ СОФИЯ ЕАД,Заинтересована страна,,
f7d7b311-86a4-441a-81cf-1f0518ff2450,5277,2026,Касационно административно дело,Върховен административен съд,Е.И.,Адвокат,,
f7d7b311-86a4-441a-81cf-1f0518ff2450,5277,2026,Касационно административно дело,Върховен административен съд,АГЕНЦИЯ ЗА ХОРАТА С УВРЕЖДАНИЯ,Заинтересована страна,,
f7d7b311-86a4-441a-81cf-1f0518ff2450,5277,2026,Касационно административно дело,Върховен административен съд,ДКЦ XVII ООД ОБЩА ЛКК,Заинтересована страна,,
f7d7b311-86a4-441a-81cf-1f0518ff2450,5277,2026,Касационно административно дело,Върховен административен съд,ЛУФХАНЗА ТЕХНИК СОФИЯ ООД,Заинтересована страна,,
f7d7b311-86a4-441a-81cf-1f0518ff2450,5277,2026,Касационно административно дело,Върховен административен съд,ТП НА НОИ - СОФИЯ ГРАД,Заинтересована страна,,
f7d7b311-86a4-441a-81cf-1f0518ff2450,5277,2026,Касационно административно дело,Върховен административен съд,С.П.С.,Адвокат,,
2087349d-54b8-4176-a717-b6a6326de8ed,212,2026,Административно дело,Административен съд - Ямбол,А.С.А.,Жалбоподател,,
2087349d-54b8-4176-a717-b6a6326de8ed,212,2026,Административно дело,Административен съд - Ямбол,Светослав Симеонов Иванов-гл. инспектор при Областен отдел Автомобилна администрация гр. Русе,Ответник,,
2087349d-54b8-4176-a717-b6a6326de8ed,212,2026,Административно дело,Административен съд - Ямбол,М.Г.Б.,Адвокат,,
4162fbdd-51b6-44a5-9ac1-fb420309d11a,1491,2026,Наказателно дело от общ характер,Районен съд - Стара Загора,Районна прокуратура - Стара Загора,Вносител,,
4162fbdd-51b6-44a5-9ac1-fb420309d11a,1491,2026,Наказателно дело от общ характер,Районен съд - Стара Загора,Ж.С.В.,Обвинител,,
4162fbdd-51b6-44a5-9ac1-fb420309d11a,1491,2026,Наказателно дело от общ характер,Районен съд - Стара Загора,К.К.К.,Осъден,,
4162fbdd-51b6-44a5-9ac1-fb420309d11a,1491,2026,Наказателно дело от общ характер,Районен съд - Стара Загора,Г.Н.Г.,Защитник,,
4162fbdd-51b6-44a5-9ac1-fb420309d11a,1491,2026,Наказателно дело от общ характер,Районен съд - Стара Загора,М.М.Д.,Пострадал,,
4162fbdd-51b6-44a5-9ac1-fb420309d11a,1491,2026,Наказателно дело от общ характер,Районен съд - Стара Загора,Т.Ж.В.,Защитник,Тихомир Желев Василев,
4162fbdd-51b6-44a5-9ac1-fb420309d11a,1491,2026,Наказателно дело от общ характер,Районен съд - Стара Загора,ОДМВР - Стара Загора,Друго,,
a58f466e-0293-4155-abf0-7d37a92aa296,749,2026,Гражданско дело,Районен съд - Своге,ЗАСТРАХОВАТЕЛНА КОМПАНИЯ ЛЕВ ИНС АД,Ищец,,
a58f466e-0293-4155-abf0-7d37a92aa296,749,2026,Гражданско дело,Районен съд - Своге,И.О.М.,Ответник,,
a58f466e-0293-4155-abf0-7d37a92aa296,749,2026,Гражданско дело,Районен съд - Своге,Х.П.,Юрисконсулт,,
3ea5c30e-954c-4b09-8049-06683424ad3b,551,2026,Гражданско дело,Районен съд - Несебър,В.М.М.,Ищец,,
3ea5c30e-954c-4b09-8049-06683424ad3b,551,2026,Гражданско дело,Районен съд - Несебър,К.М.М.Ш.,Ответник,,
3ea5c30e-954c-4b09-8049-06683424ad3b,551,2026,Гражданско дело,Районен съд - Несебър,М.А.А.,Ответник,,
3ea5c30e-954c-4b09-8049-06683424ad3b,551,2026,Гражданско дело,Районен съд - Несебър,Т.Т.Е.,Адвокат,Татяна Тодорова Енчева,
3ea5c30e-954c-4b09-8049-06683424ad3b,551,2026,Гражданско дело,Районен съд - Несебър,Я.М.М.,Трето лице помагач,,
3ea5c30e-954c-4b09-8049-06683424ad3b,551,2026,Гражданско дело,Районен съд - Несебър,В.Г.П.,Адвокат,Владимир Георгиев Пенев,
353f537e-0e8b-416e-be97-9c38155f8cc6,678,2026,Частно наказателно дело,Районен съд - Сливен,Районна прокуратура - Сливен,Вносител,,
353f537e-0e8b-416e-be97-9c38155f8cc6,678,2026,Частно наказателно дело,Районен съд - Сливен,Я.Н.К.,Обвинител,,
353f537e-0e8b-416e-be97-9c38155f8cc6,678,2026,Частно наказателно дело,Районен съд - Сливен,Д.А.Д.,Осъден,,
5831424d-6d9d-4a0b-9b70-b6ba92a55019,5517,2026,Частно гражданско дело,Районен съд - Перник,ХИДРОСТРОЙ ООД,Молител,,
5831424d-6d9d-4a0b-9b70-b6ba92a55019,5517,2026,Частно гражданско дело,Районен съд - Перник,НИК СТРОЙ 2000 ЕООД,Ответник,,
5831424d-6d9d-4a0b-9b70-b6ba92a55019,5517,2026,Частно гражданско дело,Районен съд - Перник,П.К.К.,Адвокат,,
57ccadf0-2493-4761-9b55-8f7e8ea8e801,2206,2026,Административно наказателно дело,Районен съд - Варна,МАРЧЕЛА ТРЕЙДИНГ ООД,Жалбоподател,,
57ccadf0-2493-4761-9b55-8f7e8ea8e801,2206,2026,Административно наказателно дело,Районен съд - Варна,В.И.Д.ПРЕДСЕДАТЕЛ НА КОМИСИЯТА ЗА ЗАЩИТА НА ПОТРЕБИТЕЛИТЕ,Админ.наказ.орган,,
57ccadf0-2493-4761-9b55-8f7e8ea8e801,2206,2026,Административно наказателно дело,Районен съд - Варна,И.С.С.,Адвокат,Илиян Стефанов Станоев,
57ccadf0-2493-4761-9b55-8f7e8ea8e801,2206,2026,Административно наказателно дело,Районен съд - Варна,С.Е.Е.,Свидетел,,
36aff20f-6476-4d1e-9ab5-f2b0babdd0c4,1490,2026,Административно наказателно дело,Районен съд - Стара Загора,СИКС ГРУП - 09 ООД,Жалбоподател,,
36aff20f-6476-4d1e-9ab5-f2b0babdd0c4,1490,2026,Административно наказателно дело,Районен съд - Стара Загора,И.Е.Г.,Защитник,Иван Емилов Георгиев,
36aff20f-6476-4d1e-9ab5-f2b0babdd0c4,1490,2026,Административно наказателно дело,Районен съд - Стара Загора,Изпълнителен директор на Национална агенция за приходите,Админ.наказ.орган,,
36aff20f-6476-4d1e-9ab5-f2b0babdd0c4,1490,2026,Административно наказателно дело,Районен съд - Стара Загора,Районна прокуратура - Стара Загора,Пастир,,
36aff20f-6476-4d1e-9ab5-f2b0babdd0c4,1490,2026,Административно наказателно дело,Районен съд - Стара Загора,С.В.П.,Актосъставител,,
36aff20f-6476-4d1e-9ab5-f2b0babdd0c4,1490,2026,Административно наказателно дело,Районен съд - Стара Загора,К.М.Б.,Свидетел,,
af088f1e-0123-4f58-96d7-3816441d5fd9,3492,2026,Въззивно частно наказателно дело,Софийски градски съд,Т.Г.А.,Обвинител,,
af088f1e-0123-4f58-96d7-3816441d5fd9,3492,2026,Въззивно частно наказателно дело,Софийски градски съд,С.С.,Обвиняем,,
af088f1e-0123-4f58-96d7-3816441d5fd9,3492,2026,Въззивно частно наказателно дело,Софийски градски съд,Ц.М.Н.,Преводач,,
a2a6fb8c-b8cd-4234-ab1c-b0f703883814,5276,2026,Касационно административно дело,Върховен административен съд,"УМБАЛСМ ""Н. И. Пирогов"" ЕАД",Касатор,,
a2a6fb8c-b8cd-4234-ab1c-b0f703883814,5276,2026,Касационно административно дело,Върховен административен съд,Д-РА СЗОК,Ответник,,
a2a6fb8c-b8cd-4234-ab1c-b0f703883814,5276,2026,Касационно административно дело,Върховен административен съд,Директорът на Столична здравноосигурителна каса,Ответник,,
a2a6fb8c-b8cd-4234-ab1c-b0f703883814,5276,2026,Касационно административно дело,Върховен административен съд,СГП,Друго,,
a2a6fb8c-b8cd-4234-ab1c-b0f703883814,5276,2026,Касационно административно дело,Върховен административен съд,М.И.Я.,Адвокат,,
d99d2c22-2c95-4573-a9a3-554b9ef424d5,677,2026,Частно наказателно дело,Районен съд - Сливен,Районна прокуратура - Сливен,Вносител,,
7a42511c-dd3e-457c-bf1f-bfb40d3821ea,211,2026,Административно дело,Административен съд - Ямбол,В.Ж.К.,Жалбоподател,,
7a42511c-dd3e-457c-bf1f-bfb40d3821ea,211,2026,Административно дело,Административен съд - Ямбол,СТОЯН ГАНЧЕВ СТОЯНОВ ИНСПЕКТОР КЪМ РУ КОТЕЛ ПРИ ОД МВР СЛИВЕН,Ответник,,
7a42511c-dd3e-457c-bf1f-bfb40d3821ea,211,2026,Административно дело,Административен съд - Ямбол,"Инспектор към РУ Котел, ОДМВР Сливен",Ответник,,
7a42511c-dd3e-457c-bf1f-bfb40d3821ea,211,2026,Административно дело,Административен съд - Ямбол,М.П.А.,Адвокат,,
219da773-b4a4-45cc-a86a-f873f0aaa68e,1489,2026,Административно наказателно дело,Районен съд - Стара Загора,АУТОТЕСТ ГРУП ЕООД,Жалбоподател,,
219da773-b4a4-45cc-a86a-f873f0aaa68e,1489,2026,Административно наказателно дело,Районен съд - Стара Загора,"Началник на отдел оперативни дейности-Пловдив, дирекция Оперативни дейности в ГД Фискален контрол, ЦУ на НАП",Админ.наказ.орган,,
219da773-b4a4-45cc-a86a-f873f0aaa68e,1489,2026,Административно наказателно дело,Районен съд - Стара Загора,Ц.М.К.,Представляващ,,
219da773-b4a4-45cc-a86a-f873f0aaa68e,1489,2026,Административно наказателно дело,Районен съд - Стара Загора,Г.С.Г.,Актосъставител,,
219da773-b4a4-45cc-a86a-f873f0aaa68e,1489,2026,Административно наказателно дело,Районен съд - Стара Загора,В.К.Б.,Свидетел,,
219da773-b4a4-45cc-a86a-f873f0aaa68e,1489,2026,Административно наказателно дело,Районен съд - Стара Загора,А.Й.Е.,Свидетел,,
219da773-b4a4-45cc-a86a-f873f0aaa68e,1489,2026,Административно наказателно дело,Районен съд - Стара Загора,А.Г.В.,Адвокат,Атанас ганчев Вълков,
219da773-b4a4-45cc-a86a-f873f0aaa68e,1489,2026,Административно наказателно дело,Районен съд - Стара Загора,Е.П.С.,Свидетел,,
219da773-b4a4-45cc-a86a-f873f0aaa68e,1489,2026,Административно наказателно дело,Районен съд - Стара Загора,Т.П.Т.,Юрисконсулт,,
55f0beeb-f147-4081-b883-bd64a16e7375,1521,2026,Касационно административно наказателно дело,Административен съд - Пловдив,А.И.Х.,Касатор,,
55f0beeb-f147-4081-b883-bd64a16e7375,1521,2026,Касационно административно наказателно дело,Административен съд - Пловдив,"в.п.д. началник група в одмвр пловдив, ру труд",Ответник,,
55f0beeb-f147-4081-b883-bd64a16e7375,1521,2026,Касационно административно наказателно дело,Административен съд - Пловдив,Й.Д.,Пълномощник,,
55f0beeb-f147-4081-b883-bd64a16e7375,1521,2026,Касационно административно наказателно дело,Административен съд - Пловдив,ОКРЪЖНА ПРОКУРАТУРА ПЛОВДИВ,Контролираща страна,,
83bd81d1-a026-45d4-8e92-7c8aca6d6f3b,5516,2026,Гражданско дело,Районен съд - Перник,Х.Р.Т.,Ищец,,
83bd81d1-a026-45d4-8e92-7c8aca6d6f3b,5516,2026,Гражданско дело,Районен съд - Перник,Л.Р.Л.,Ответник,,
83bd81d1-a026-45d4-8e92-7c8aca6d6f3b,5516,2026,Гражданско дело,Районен съд - Перник,Р.А.Б.,Ответник,,
83bd81d1-a026-45d4-8e92-7c8aca6d6f3b,5516,2026,Гражданско дело,Районен съд - Перник,Е.Н.Г.,Ответник,,
83bd81d1-a026-45d4-8e92-7c8aca6d6f3b,5516,2026,Гражданско дело,Районен съд - Перник,Б.Б.Б.,Адвокат,,
75a43518-8f34-47dc-8c8e-6d2104868ffc,2205,2026,Частно наказателно дело,Районен съд - Варна,БОП - Варна,Вносител,,
987aeb43-fcb3-4c61-bb31-2ffeacfeaa9d,1488,2026,Административно наказателно дело,Районен съд - Стара Загора,ЕТ ТЕМЕНУГА СТИВЪН - СИТИ ЕКСПРЕС,Жалбоподател,,
987aeb43-fcb3-4c61-bb31-2ffeacfeaa9d,1488,2026,Административно наказателно дело,Районен съд - Стара Загора,"Началник на отдел оперативни дейности-Пловдив, дирекция Оперативни дейности в ГД Фискален контрол, ЦУ на НАП",Админ.наказ.орган,,
987aeb43-fcb3-4c61-bb31-2ffeacfeaa9d,1488,2026,Административно наказателно дело,Районен съд - Стара Загора,М.Ю.Х.,Актосъставител,,
987aeb43-fcb3-4c61-bb31-2ffeacfeaa9d,1488,2026,Административно наказателно дело,Районен съд - Стара Загора,И.Р.Р.,Свидетел,,
987aeb43-fcb3-4c61-bb31-2ffeacfeaa9d,1488,2026,Административно наказателно дело,Районен съд - Стара Загора,Т.Д.С.,Представляващ,,
987aeb43-fcb3-4c61-bb31-2ffeacfeaa9d,1488,2026,Административно наказателно дело,Районен съд - Стара Загора,ЦУ на НАП - София,Друго,,
0574c2fe-7072-4c48-b8ae-5650d605bc7f,4377,2026,Гражданско дело,Районен съд - Враца,Р.Г.Д.,Ищец,,
0574c2fe-7072-4c48-b8ae-5650d605bc7f,4377,2026,Гражданско дело,Районен съд - Враца,М.Г.Г.,Ответник,,
0efb74e1-0df2-4a17-9b69-ca6ee84eb6d5,414,2026,Частно наказателно дело,Районен съд - Габрово,Районна прокуратура - Габрово,Вносител,,
30dbbaec-08ac-424e-8e5c-fc37bc93e78b,696,2026,Въззивно частно наказателно дело,Апелативен съд - София,Окръжна прокуратура - Благоевград,Вносител,,
30dbbaec-08ac-424e-8e5c-fc37bc93e78b,696,2026,Въззивно частно наказателно дело,Апелативен съд - София,В.С.С.,Обвинител,,
30dbbaec-08ac-424e-8e5c-fc37bc93e78b,696,2026,Въззивно частно наказателно дело,Апелативен съд - София,Д.К.А.,Обвинител,,
30dbbaec-08ac-424e-8e5c-fc37bc93e78b,696,2026,Въззивно частно наказателно дело,Апелативен съд - София,Д.К.А.,Обвинител,,
30dbbaec-08ac-424e-8e5c-fc37bc93e78b,696,2026,Въззивно частно наказателно дело,Апелативен съд - София,Н.П.З.,Обвиняем,,
30dbbaec-08ac-424e-8e5c-fc37bc93e78b,696,2026,Въззивно частно наказателно дело,Апелативен съд - София,С.А.А.,Адвокат,,
9ea994f5-1764-43ec-9265-9a1383cf5c1c,5275,2026,Частно административно дело,Върховен административен съд,"""Професионален футболен клуб Локомотив Пловдив-1926""АД",Частен жалбоподател,,
9ea994f5-1764-43ec-9265-9a1383cf5c1c,5275,2026,Частно административно дело,Върховен административен съд,Български футболен съюз,Ответник,,
3298bf37-aad9-41d9-bbdc-731bb2dfed97,5515,2026,Гражданско дело,Районен съд - Перник,Д.Г.Д.,Ищец,,
3298bf37-aad9-41d9-bbdc-731bb2dfed97,5515,2026,Гражданско дело,Районен съд - Перник,И.Г.Т.Д.,Ищец,,
3298bf37-aad9-41d9-bbdc-731bb2dfed97,5515,2026,Гражданско дело,Районен съд - Перник,П.Г.Р.,Ищец,,
3298bf37-aad9-41d9-bbdc-731bb2dfed97,5515,2026,Гражданско дело,Районен съд - Перник,Н.П.Н.,Ответник,,
3298bf37-aad9-41d9-bbdc-731bb2dfed97,5515,2026,Гражданско дело,Районен съд - Перник,С.И.Ц.,Адвокат,Снежана Иванова Цекова,
df3ecabc-2e62-4284-a35b-136e3fa024bd,1487,2026,Наказателно от частен характер дело,Районен съд - Стара Загора,А.И.И.,Тъжител,,
df3ecabc-2e62-4284-a35b-136e3fa024bd,1487,2026,Наказателно от частен характер дело,Районен съд - Стара Загора,А.И.И.,Тъжител,,
df3ecabc-2e62-4284-a35b-136e3fa024bd,1487,2026,Наказателно от частен характер дело,Районен съд - Стара Загора,Е.И.И.,Подсъдим,,
df3ecabc-2e62-4284-a35b-136e3fa024bd,1487,2026,Наказателно от частен характер дело,Районен съд - Стара Загора,Н.А.Д.,Особен представител,,
a2893bd9-242b-4097-94b6-1080e3bc25ab,1520,2026,Касационно административно наказателно дело,Административен съд - Пловдив,"Началник на отдел оперативни дейности-Пловдив, дирекция Оперативни дейности в ГД Фискален контрол, ЦУ на НАП",Касатор,,
a2893bd9-242b-4097-94b6-1080e3bc25ab,1520,2026,Касационно административно наказателно дело,Административен съд - Пловдив,"""Дизелор"" ЕООД",Ответник,,
a2893bd9-242b-4097-94b6-1080e3bc25ab,1520,2026,Касационно административно наказателно дело,Административен съд - Пловдив,Б.О.З.,Пълномощник,,
a2893bd9-242b-4097-94b6-1080e3bc25ab,1520,2026,Касационно административно наказателно дело,Административен съд - Пловдив,ОКРЪЖНА ПРОКУРАТУРА ПЛОВДИВ,Контролираща страна,,
a44c92ac-4c98-4c6f-aab1-397ea2141042,676,2026,Частно наказателно дело,Районен съд - Сливен,Районна прокуратура - Сливен,Обвинител,,
a44c92ac-4c98-4c6f-aab1-397ea2141042,676,2026,Частно наказателно дело,Районен съд - Сливен,М.С.В.,Обвинител,,
a44c92ac-4c98-4c6f-aab1-397ea2141042,676,2026,Частно наказателно дело,Районен съд - Сливен,Г.К.С.,Обвиняем,,
a44c92ac-4c98-4c6f-aab1-397ea2141042,676,2026,Частно наказателно дело,Районен съд - Сливен,В.Л.К.,Служебен защитник,,
89a66eca-a443-4a8d-8950-e129e1c761d9,14446,2026,Гражданско дело,Софийски районен съд,СЛОВОРЕД 2020 ООД,Ищец,,
89a66eca-a443-4a8d-8950-e129e1c761d9,14446,2026,Гражданско дело,Софийски районен съд,ПУЛСИО АД,Ответник,,
89a66eca-a443-4a8d-8950-e129e1c761d9,14446,2026,Гражданско дело,Софийски районен съд,К.Х.Н.,Адвокат,,
89a66eca-a443-4a8d-8950-e129e1c761d9,14446,2026,Гражданско дело,Софийски районен съд,А.Р.К.,Адвокат,Антония Руменова Котова,
f219fede-296b-404c-8837-0c52f792922c,5514,2026,Гражданско дело,Районен съд - Перник,С.И.С.,Ищец,,
f219fede-296b-404c-8837-0c52f792922c,5514,2026,Гражданско дело,Районен съд - Перник,И.Л.Д.,Ответник,,
f219fede-296b-404c-8837-0c52f792922c,5514,2026,Гражданско дело,Районен съд - Перник,Д.Т.Т.,Адвокат,Добри Тенчев Тенев,
f219fede-296b-404c-8837-0c52f792922c,5514,2026,Гражданско дело,Районен съд - Перник,"ДИРЕКЦИЯ ""СОЦИАЛНО ПОДПОМАГАНЕ"" - ПЕРНИК",Заинтересована страна,,
f219fede-296b-404c-8837-0c52f792922c,5514,2026,Гражданско дело,Районен съд - Перник,А.С.З.,Адвокат,,
f219fede-296b-404c-8837-0c52f792922c,5514,2026,Гражданско дело,Районен съд - Перник,"Дирекция ""Социално подпомагане"" Плевен-отдел ""Закрила на детето""",Заинтересована страна,,
f219fede-296b-404c-8837-0c52f792922c,5514,2026,Гражданско дело,Районен съд - Перник,Т.Б.Т.,Вещо лице,,
f219fede-296b-404c-8837-0c52f792922c,5514,2026,Гражданско дело,Районен съд - Перник,Х.Й.Й.,Вещо лице,,
643d2b1d-46c6-462b-a095-910fb1ae0fcd,6210,2026,Административно дело,Административен съд - София-град,ЕТ КЕРИАН КЕТИ ДИМОВА,Жалбоподател,,
643d2b1d-46c6-462b-a095-910fb1ae0fcd,6210,2026,Административно дело,Административен съд - София-град,СО ДОП,Ответник,,
9efbd6c5-83f4-45ef-ad60-478e42921b58,2204,2026,Частно наказателно дело,Районен съд - Варна,Районна прокуратура - Варна,Вносител,,
187e0653-6859-4ac3-8aa3-07e8596f8606,1862,2026,Гражданско дело,Районен съд - Горна Оряховица,А.Н.А.,Молител,,
187e0653-6859-4ac3-8aa3-07e8596f8606,1862,2026,Гражданско дело,Районен съд - Горна Оряховица,Н.А.А.,Ответник,,
187e0653-6859-4ac3-8aa3-07e8596f8606,1862,2026,Гражданско дело,Районен съд - Горна Оряховица,Районно управление ”Полиция” - Горна Оряховица,Контролираща страна,,
db8fc226-b446-4098-9a50-021873e864a4,3491,2026,Въззивно частно наказателно дело,Софийски градски съд,Т.Г.А.,Обвинител,,
db8fc226-b446-4098-9a50-021873e864a4,3491,2026,Въззивно частно наказателно дело,Софийски градски съд,Н.А.В.,Обвиняем,,
728cf525-0480-4a55-a418-d3fcb57546af,1861,2026,Гражданско дело,Районен съд - Горна Оряховица,АГЕНЦИЯ ЗА СЪБИРАНЕ НА ВЗЕМАНИЯ ЕАД,Ищец,,
728cf525-0480-4a55-a418-d3fcb57546af,1861,2026,Гражданско дело,Районен съд - Горна Оряховица,П.С.С.,Ответник,,
728cf525-0480-4a55-a418-d3fcb57546af,1861,2026,Гражданско дело,Районен съд - Горна Оряховица,Н.Г.П.А.,Юрисконсулт,,
927fe928-763f-48e9-80d9-0f13259b9df4,1860,2026,Частно гражданско дело,Районен съд - Горна Оряховица,Инспекторат на ВСС,Молител,,
927fe928-763f-48e9-80d9-0f13259b9df4,1860,2026,Частно гражданско дело,Районен съд - Горна Оряховица,Ц.В.П.,Страна,,
927fe928-763f-48e9-80d9-0f13259b9df4,1860,2026,Частно гражданско дело,Районен съд - Горна Оряховица,Д.Д.П.,Страна,,
927fe928-763f-48e9-80d9-0f13259b9df4,1860,2026,Частно гражданско дело,Районен съд - Горна Оряховица,К.Ц.П.,Страна,,
d93ab7af-c586-4444-8f32-5ec617bf8847,14445,2026,Частно гражданско дело,Софийски районен съд,Д.И.Б.,Ищец,,
d93ab7af-c586-4444-8f32-5ec617bf8847,14445,2026,Частно гражданско дело,Софийски районен съд,Валентино - парк ЕООД,Ответник,,
d93ab7af-c586-4444-8f32-5ec617bf8847,14445,2026,Частно гражданско дело,Софийски районен съд,Г.Н.Ч.,Адвокат,,
d93ab7af-c586-4444-8f32-5ec617bf8847,14445,2026,Частно гражданско дело,Софийски районен съд,С.В.М.,Адвокат,,
d93ab7af-c586-4444-8f32-5ec617bf8847,14445,2026,Частно гражданско дело,Софийски районен съд,Б.М.С.,Вещо лице,,
d93ab7af-c586-4444-8f32-5ec617bf8847,14445,2026,Частно гражданско дело,Софийски районен съд,П.Й.Л.,Свидетел,,
60d413a4-5353-419e-b5da-e5f610afb8f0,1519,2026,Касационно административно наказателно дело,Административен съд - Пловдив,"Началник група в ОДМВР Пловдив, сектор ,,Пътна полиция‘‘",Касатор,,
60d413a4-5353-419e-b5da-e5f610afb8f0,1519,2026,Касационно административно наказателно дело,Административен съд - Пловдив,НАЧАЛНИК НА ГРУПА В СЕКТОР ПЪТНА ПОЛИЦИЯ В ОДМВР ГР. ПЛОВДИВ,Касатор,,
60d413a4-5353-419e-b5da-e5f610afb8f0,1519,2026,Касационно административно наказателно дело,Административен съд - Пловдив,М.Р.Л.,Ответник,,
60d413a4-5353-419e-b5da-e5f610afb8f0,1519,2026,Касационно административно наказателно дело,Административен съд - Пловдив,Окръжна Прокуратура Пловдив,Контролираща страна,,
60d413a4-5353-419e-b5da-e5f610afb8f0,1519,2026,Касационно административно наказателно дело,Административен съд - Пловдив,Т.В.Т.,Пълномощник,,
5b31ccb9-9117-4643-8fe5-4d4f4bfacf22,1859,2026,Гражданско дело,Районен съд - Горна Оряховица,С.Т.К.,Молител,,
5b31ccb9-9117-4643-8fe5-4d4f4bfacf22,1859,2026,Гражданско дело,Районен съд - Горна Оряховица,М.Г.К.,Молител,,
5b31ccb9-9117-4643-8fe5-4d4f4bfacf22,1859,2026,Гражданско дело,Районен съд - Горна Оряховица,Р.С.И.,Адвокат,Росен Стоянов Илиев,
b98d4615-cf9a-4ba5-8a33-749f1ce22974,672,2026,Частно гражданско дело,Районен съд - Попово,КПКОНПИ - ТД ВАРНА,Молител,,
b98d4615-cf9a-4ba5-8a33-749f1ce22974,672,2026,Частно гражданско дело,Районен съд - Попово,Г.А.С.,Страна,,
6ee7efdf-23b1-414f-9515-abea86d90ecb,237,2026,Административно дело,Административен съд - Видин,Д.Ф.Л.,Жалбоподател,,
6ee7efdf-23b1-414f-9515-abea86d90ecb,237,2026,Административно дело,Административен съд - Видин,МЛ.А.Р.Х. П.О.Х.,Ответник,,
6ee7efdf-23b1-414f-9515-abea86d90ecb,237,2026,Административно дело,Административен съд - Видин,Д.Т.К.А.,Пълномощник,Доротея Теодосиева Казанджиева-Аврамова,
29dde08b-65dc-4d18-84db-48b1a6a510a0,748,2026,Гражданско дело,Районен съд - Своге,БЕЛСИСТЕМС ООД,Ищец,,
29dde08b-65dc-4d18-84db-48b1a6a510a0,748,2026,Гражданско дело,Районен съд - Своге,В и Д ПАНЧЕВИ ЕООД,Ответник,,
29dde08b-65dc-4d18-84db-48b1a6a510a0,748,2026,Гражданско дело,Районен съд - Своге,С.И.С.,Адвокат,Светлина Иванова Стефанова,
8601164f-d14a-45d8-8ba3-b63470eff814,671,2026,Гражданско дело,Районен съд - Попово,М.Х.А.,Молител,,
8601164f-d14a-45d8-8ba3-b63470eff814,671,2026,Гражданско дело,Районен съд - Попово,Е.И.А.,Молител,,
8601164f-d14a-45d8-8ba3-b63470eff814,671,2026,Гражданско дело,Районен съд - Попово,С.М.Р.,Адвокат,,
c799a8c7-b804-4148-b375-9723aa47b294,6209,2026,Административно дело,Административен съд - София-град,В.Д.Т.,Жалбоподател,,
c799a8c7-b804-4148-b375-9723aa47b294,6209,2026,Административно дело,Административен съд - София-град,Д.Р.Т.,Жалбоподател,,
c799a8c7-b804-4148-b375-9723aa47b294,6209,2026,Административно дело,Административен съд - София-град,Главния архитект на СО район „Триадица“,Ответник,,
c799a8c7-b804-4148-b375-9723aa47b294,6209,2026,Административно дело,Административен съд - София-град,СО Р-Н ТРИАДИЦА,Ответник,,
614f86e0-7101-48f4-a309-76a1c995cd33,1518,2026,Касационно административно наказателно дело,Административен съд - Пловдив,КОМИСИЯ ЗА ЕНЕРГИЙНО И ВОДНО РЕГУЛИРАНЕ,Касатор,,
614f86e0-7101-48f4-a309-76a1c995cd33,1518,2026,Касационно административно наказателно дело,Административен съд - Пловдив,ПРЕДСЕДАТЕЛ НА КОМИСИЯ ЗА ЕНЕРГИЙНО И ВОДНО РЕГУЛИРАНЕ,Касатор,,
614f86e0-7101-48f4-a309-76a1c995cd33,1518,2026,Касационно административно наказателно дело,Административен съд - Пловдив,ЕЛЕКТРОРАЗПРЕДЕЛЕНИЕ ЮГ ЕАД,Ответник,,
614f86e0-7101-48f4-a309-76a1c995cd33,1518,2026,Касационно административно наказателно дело,Административен съд - Пловдив,ОКРЪЖНА ПРОКУРАТУРА ПЛОВДИВ,Контролираща страна,,
da9334cc-7b79-41b4-ada6-091ed59def0a,1116,2026,Касационно търговско дело,Върховен касационен съд,община Чирпан,Ищец,Вилиана Костадинова Цонева,
da9334cc-7b79-41b4-ada6-091ed59def0a,1116,2026,Касационно търговско дело,Върховен касационен съд,"""Евро Интегра Консулт"" ЕООД",Ответник,,
da9334cc-7b79-41b4-ada6-091ed59def0a,1116,2026,Касационно търговско дело,Върховен касационен съд,В.К.Ц.,Адвокат,,
51293e89-6882-40e8-b180-12794202c997,14444,2026,Частно гражданско дело,Софийски районен съд,Ц.Й.Т.,Ищец,,
51293e89-6882-40e8-b180-12794202c997,14444,2026,Частно гражданско дело,Софийски районен съд,Н.М.Б.,Ищец,,
51293e89-6882-40e8-b180-12794202c997,14444,2026,Частно гражданско дело,Софийски районен съд,РАЙЪНЕР ДАК,Ответник,,
51293e89-6882-40e8-b180-12794202c997,14444,2026,Частно гражданско дело,Софийски районен съд,Е.Б.К.,Адвокат,Елеонора Борисова Караиванова,
5ed15534-2f44-4e5b-b8a7-d018be963473,1115,2026,Касационно търговско дело,Върховен касационен съд,община Чирпан,Ищец,Вилиана Костадинова Цонева,
5ed15534-2f44-4e5b-b8a7-d018be963473,1115,2026,Касационно търговско дело,Върховен касационен съд,ЕВРО ИНТЕГРА КОНСУЛТ ЕООД,Ответник,,
5ed15534-2f44-4e5b-b8a7-d018be963473,1115,2026,Касационно търговско дело,Върховен касационен съд,В.Ц.,Адвокат,,
ca0066d1-a042-40c1-b731-88af7a580bb7,14443,2026,Гражданско дело,Софийски районен съд,А.В.И.,Ищец,,
ca0066d1-a042-40c1-b731-88af7a580bb7,14443,2026,Гражданско дело,Софийски районен съд,С.В.К.,Ответник,,
ca0066d1-a042-40c1-b731-88af7a580bb7,14443,2026,Гражданско дело,Софийски районен съд,К.Б.Я.,Адвокат,,
ca0066d1-a042-40c1-b731-88af7a580bb7,14443,2026,Гражданско дело,Софийски районен съд,И.Г.И.,Адвокат,,
e4c416ed-41cd-44d8-99bd-0a20c25f4c75,1583,2026,Административно дело,Административен съд - Варна,Р.И.К.,Жалбоподател,,
e4c416ed-41cd-44d8-99bd-0a20c25f4c75,1583,2026,Административно дело,Административен съд - Варна,"ГЛАВНА ДИРЕКЦИЯ "" ИЗПЪЛНЕНИЕ НА НАКАЗНИЯТА """,Ответник,,
0b53d8df-4e54-4a13-b071-d0c3d7df18f2,1517,2026,Касационно административно наказателно дело,Административен съд - Пловдив,Председателя на Комисия за енергийно и водно регулиране,Касатор,,
0b53d8df-4e54-4a13-b071-d0c3d7df18f2,1517,2026,Касационно административно наказателно дело,Административен съд - Пловдив,ЕЛЕКТРОРАЗПРЕДЕЛЕНИЕ ЮГ ЕАД,Ответник,,
0b53d8df-4e54-4a13-b071-d0c3d7df18f2,1517,2026,Касационно административно наказателно дело,Административен съд - Пловдив,ОКРЪЖНА ПРОКУРАТУРА ПЛОВДИВ,Контролираща страна,,
f018b9cc-9d5f-4925-a459-40ec5fc01430,3490,2026,Въззивно частно наказателно дело,Софийски градски съд,Т.Г.А.,Обвинител,,
f018b9cc-9d5f-4925-a459-40ec5fc01430,3490,2026,Въззивно частно наказателно дело,Софийски градски съд,Л.В.Д.,Обвинител,,
f018b9cc-9d5f-4925-a459-40ec5fc01430,3490,2026,Въззивно частно наказателно дело,Софийски градски съд,М.А.Н.,Обвиняем,,
f018b9cc-9d5f-4925-a459-40ec5fc01430,3490,2026,Въззивно частно наказателно дело,Софийски градски съд,А.М.,Адвокат,,
f018b9cc-9d5f-4925-a459-40ec5fc01430,3490,2026,Въззивно частно наказателно дело,Софийски градски съд,В.Х.,Адвокат,,
f018b9cc-9d5f-4925-a459-40ec5fc01430,3490,2026,Въззивно частно наказателно дело,Софийски градски съд,Ц.Н.Г.,Вещо лице,,
f018b9cc-9d5f-4925-a459-40ec5fc01430,3490,2026,Въззивно частно наказателно дело,Софийски градски съд,А.П.А.,Вещо лице,,
f018b9cc-9d5f-4925-a459-40ec5fc01430,3490,2026,Въззивно частно наказателно дело,Софийски градски съд,М.К.Д.,Вещо лице,,
74c083de-264e-4980-9005-54a8fd1e0d45,14442,2026,Гражданско дело,Софийски районен съд,ТИ АЙ ХОУМС МЕНИДЖМЪНТ ЕООД,Ищец,,
74c083de-264e-4980-9005-54a8fd1e0d45,14442,2026,Гражданско дело,Софийски районен съд,С.Г.Д.,Ответник,,
74c083de-264e-4980-9005-54a8fd1e0d45,14442,2026,Гражданско дело,Софийски районен съд,Н.В.Д.,Ответник,,
74c083de-264e-4980-9005-54a8fd1e0d45,14442,2026,Гражданско дело,Софийски районен съд,Г.Г.З.,Ответник,,
74c083de-264e-4980-9005-54a8fd1e0d45,14442,2026,Гражданско дело,Софийски районен съд,С.Н.Т.,Адвокат,Станимира Николова Трифонова,
4e380bc3-f9ee-4e2f-81c6-d61c0c0d9a85,1582,2026,Частно административно дело,Административен съд - Варна,ТД на НАП Варна,Вносител,,
5bd5f2c1-e11a-4572-aac2-7fb46bb5b82c,14441,2026,Гражданско дело,Софийски районен съд,Д.А.Л.,Ищец,,
5bd5f2c1-e11a-4572-aac2-7fb46bb5b82c,14441,2026,Гражданско дело,Софийски районен съд,"СУ ""СВ. КЛИМЕНТ ОХРИДСКИ """,Ответник,,
5bd5f2c1-e11a-4572-aac2-7fb46bb5b82c,14441,2026,Гражданско дело,Софийски районен съд,Е.Б.П.,Адвокат,Елица Боянова Попхлебарова,
d90d1f72-a46d-4c58-acc6-8c146fa5498f,1114,2026,Касационно търговско дело,Върховен касационен съд,Община Чирпан,Ищец,Вилиана Костадинова Цонева,
d90d1f72-a46d-4c58-acc6-8c146fa5498f,1114,2026,Касационно търговско дело,Върховен касационен съд,"""Евро Интегра Консулт"" ЕООД",Ответник,,
27096804-f24f-48c2-97c9-e82bcae8b3e1,14440,2026,Гражданско дело,Софийски районен съд,Е.П.Т.,Ищец,,
27096804-f24f-48c2-97c9-e82bcae8b3e1,14440,2026,Гражданско дело,Софийски районен съд,СОФИЙСКА ВОДА АД,Ответник,,
27096804-f24f-48c2-97c9-e82bcae8b3e1,14440,2026,Гражданско дело,Софийски районен съд,И.А.Н.,Адвокат,,
fb8beadf-9072-469c-8141-824f3cb7f23a,1516,2026,Касационно административно наказателно дело,Административен съд - Пловдив,П.К.Ш.,Касатор,,
fb8beadf-9072-469c-8141-824f3cb7f23a,1516,2026,Касационно административно наказателно дело,Административен съд - Пловдив,НАЧАЛНИК СЕКТОР В ШЕСТО РУ В ОД НА МВР ПЛОВДИВ,Ответник,,
fb8beadf-9072-469c-8141-824f3cb7f23a,1516,2026,Касационно административно наказателно дело,Административен съд - Пловдив,Окръжна Прокуратура Пловдив,Контролираща страна,,
fb8beadf-9072-469c-8141-824f3cb7f23a,1516,2026,Касационно административно наказателно дело,Административен съд - Пловдив,С.Ж.П.,Пълномощник,,
07d7603b-0c29-4c35-aef1-abf612d2fca0,2203,2026,Частно наказателно дело,Районен съд - Варна,П.Н.П.,Обвинител,,
07d7603b-0c29-4c35-aef1-abf612d2fca0,2203,2026,Частно наказателно дело,Районен съд - Варна,Районна прокуратура - Варна,Страна,,
07d7603b-0c29-4c35-aef1-abf612d2fca0,2203,2026,Частно наказателно дело,Районен съд - Варна,Р.Х.А.,Освидетелстван,,
07d7603b-0c29-4c35-aef1-abf612d2fca0,2203,2026,Частно наказателно дело,Районен съд - Варна,Р.В.Б.,Вещо лице,,
07d7603b-0c29-4c35-aef1-abf612d2fca0,2203,2026,Частно наказателно дело,Районен съд - Варна,З.Х.А.,Свидетел,,
07d7603b-0c29-4c35-aef1-abf612d2fca0,2203,2026,Частно наказателно дело,Районен съд - Варна,З.Х.А.,Свидетел,,
07d7603b-0c29-4c35-aef1-abf612d2fca0,2203,2026,Частно наказателно дело,Районен съд - Варна,С.П.Г.,Служебен защитник,Силвия Петрова Гетова-Пачкова,
103d31ad-1eaa-4d9e-bc6a-903698b249d4,1581,2026,Касационно административно наказателно дело,Административен съд - Варна,П.К.К.,Жалбоподател,Златина Захариева Зашева,
103d31ad-1eaa-4d9e-bc6a-903698b249d4,1581,2026,Касационно административно наказателно дело,Административен съд - Варна,Старши полицай при РУ 04 при ОДМВР Варна,Ответник,,
103d31ad-1eaa-4d9e-bc6a-903698b249d4,1581,2026,Касационно административно наказателно дело,Административен съд - Варна,ПОЛИЦЕЙСКИ ОРГАН ПРИ 04 РУ НА ОД НА МВР ВАРНА,Ответник,,
103d31ad-1eaa-4d9e-bc6a-903698b249d4,1581,2026,Касационно административно наказателно дело,Административен съд - Варна,ПОЛИЦЕЙСКИ ОРГАН ПРИ 04 РУ НА ОД НА МВР ВАРНА МЛ. ИНСПЕКТОР ППД,Ответник,,
103d31ad-1eaa-4d9e-bc6a-903698b249d4,1581,2026,Касационно административно наказателно дело,Административен съд - Варна,З.З.З.,Адвокат,,
c5d63044-5243-4b6f-b715-930539810e6a,14439,2026,Гражданско дело,Софийски районен съд,Л.Д.С.,Ищец,,
c5d63044-5243-4b6f-b715-930539810e6a,14439,2026,Гражданско дело,Софийски районен съд,"СУ ""СВ. КЛИМЕНТ ОХРИДСКИ """,Ответник,,
c5d63044-5243-4b6f-b715-930539810e6a,14439,2026,Гражданско дело,Софийски районен съд,Н.Н.С.,Адвокат,,
c5d63044-5243-4b6f-b715-930539810e6a,14439,2026,Гражданско дело,Софийски районен съд,Е.Б.П.,Адвокат,Елица Боянова Попхлебарова,
378658eb-3fc3-49e6-98d9-b3702902262e,2150,2026,Касационно частно гражданско дело,Върховен касационен съд,Й.Н.А.,Жалбоподател,,
378658eb-3fc3-49e6-98d9-b3702902262e,2150,2026,Касационно частно гражданско дело,Върховен касационен съд,М.К.С.,Жалбоподател,,
378658eb-3fc3-49e6-98d9-b3702902262e,2150,2026,Касационно частно гражданско дело,Върховен касационен съд,В.Й.Д.,Ответник,,
378658eb-3fc3-49e6-98d9-b3702902262e,2150,2026,Касационно частно гражданско дело,Върховен касационен съд,К.К.С.,Ответник,,
378658eb-3fc3-49e6-98d9-b3702902262e,2150,2026,Касационно частно гражданско дело,Върховен касационен съд,Д.С.А.,Адвокат,,
378658eb-3fc3-49e6-98d9-b3702902262e,2150,2026,Касационно частно гражданско дело,Върховен касационен съд,С.С.Г.,Адвокат,,
483845a5-515f-4357-952a-b71aa15fc755,14438,2026,Гражданско дело,Софийски районен съд,М.П.Г.,Ищец,,
483845a5-515f-4357-952a-b71aa15fc755,14438,2026,Гражданско дело,Софийски районен съд,СОФИЙСКА ВОДА АД,Ответник,,
483845a5-515f-4357-952a-b71aa15fc755,14438,2026,Гражданско дело,Софийски районен съд,И.А.Н.,Адвокат,,
1e623496-1c99-464e-b9c6-7c5e62f3c238,3624,2026,Частно гражданско дело,Районен съд - Варна,Г.С.С.,Молител,,
1e623496-1c99-464e-b9c6-7c5e62f3c238,3624,2026,Частно гражданско дело,Районен съд - Варна,С.Е.Р.,Законен представител,,
a9e58aa4-585d-4775-95fc-a92613efae5e,1113,2026,Касационно търговско дело,Върховен касационен съд,община Чирпан,Ищец,Вилиана Костадинова Цонева,
a9e58aa4-585d-4775-95fc-a92613efae5e,1113,2026,Касационно търговско дело,Върховен касационен съд,"""Евро Интегра Консулт"" ЕООД",Ответник,,
a9e58aa4-585d-4775-95fc-a92613efae5e,1113,2026,Касационно търговско дело,Върховен касационен съд,В.К.Ц.,Адвокат,,
93801254-c446-4028-a8b2-0b2f93e50d0a,2432,2026,Гражданско дело,Районен съд - Ботевград,Д.П.А.,Ищец,,
93801254-c446-4028-a8b2-0b2f93e50d0a,2432,2026,Гражданско дело,Районен съд - Ботевград,Д.Н.Г.,Ответник,,
93801254-c446-4028-a8b2-0b2f93e50d0a,2432,2026,Гражданско дело,Районен съд - Ботевград,Г.Д.Д.,Адвокат,,
93801254-c446-4028-a8b2-0b2f93e50d0a,2432,2026,Гражданско дело,Районен съд - Ботевград,Н.А.Н.,Адвокат,Николай Алеков Николов,
98431939-b015-445f-a358-8282b8e4fd6e,2358,2026,Частно гражданско дело,Районен съд - Монтана,Инспекторат на ВСС,Заявител,,
0611c903-b086-4fc2-ad11-92b7881e1ba6,14437,2026,Гражданско дело,Софийски районен съд,Г.А.З.,Ищец,,
0611c903-b086-4fc2-ad11-92b7881e1ba6,14437,2026,Гражданско дело,Софийски районен съд,"СУ ""СВ. КЛИМЕНТ ОХРИДСКИ """,Ответник,,
0611c903-b086-4fc2-ad11-92b7881e1ba6,14437,2026,Гражданско дело,Софийски районен съд,Е.Б.П.,Адвокат,Елица Боянова Попхлебарова,
06b59f8f-a04c-40c8-9059-de76ea83ddbf,577,2026,Частно гражданско дело,Районен съд - Пещера,Инспекторат на ВСС,Вносител,,
06b59f8f-a04c-40c8-9059-de76ea83ddbf,577,2026,Частно гражданско дело,Районен съд - Пещера,Г.К.М.,Ответник,,
06b59f8f-a04c-40c8-9059-de76ea83ddbf,577,2026,Частно гражданско дело,Районен съд - Пещера,К.Б.Д.,Ответник,,
95b04dbf-6660-424b-a007-7b9db3244cbb,7557,2026,Наказателно дело от общ характер,Софийски районен съд,Районна прокуратура - София,Вносител,,
95b04dbf-6660-424b-a007-7b9db3244cbb,7557,2026,Наказателно дело от общ характер,Софийски районен съд,И.Л.,Обвинител,,
95b04dbf-6660-424b-a007-7b9db3244cbb,7557,2026,Наказателно дело от общ характер,Софийски районен съд,Г.Ц.П.,Обвиняем,,
080b75b8-d851-421c-8b22-36e6f51b92cd,204,2026,Гражданско дело,Районен съд - Първомай,Дирекция Социално подпомагане Първомай,Молител,,
080b75b8-d851-421c-8b22-36e6f51b92cd,204,2026,Гражданско дело,Районен съд - Първомай,М.Т.Г.,Родител,,
080b75b8-d851-421c-8b22-36e6f51b92cd,204,2026,Гражданско дело,Районен съд - Първомай,А.С.А.,Родител,,
080b75b8-d851-421c-8b22-36e6f51b92cd,204,2026,Гражданско дело,Районен съд - Първомай,М.Х.А.,Родител,,
e45f1052-16ac-4a69-b249-89347694712f,2357,2026,Гражданско дело,Районен съд - Монтана,Г.Б.К.,Ищец,,
e45f1052-16ac-4a69-b249-89347694712f,2357,2026,Гражданско дело,Районен съд - Монтана,ПРОФИ КРЕДИТ БЪЛГАРИЯ ЕООД,Ответник,,
e45f1052-16ac-4a69-b249-89347694712f,2357,2026,Гражданско дело,Районен съд - Монтана,П.Т.Т.,Адвокат,Пламен Тотев,
e7e301fa-c06d-4f04-b737-f64eaa09d2ee,14436,2026,Гражданско дело,Софийски районен съд,ЙЕТТЕЛ БЪЛГАРИЯ ЕАД,Ищец,,
e7e301fa-c06d-4f04-b737-f64eaa09d2ee,14436,2026,Гражданско дело,Софийски районен съд,М.Б.С.,Ответник,,
e7e301fa-c06d-4f04-b737-f64eaa09d2ee,14436,2026,Гражданско дело,Софийски районен съд,Г.И.З.,Адвокат,,
23e95d18-7bbf-4962-9c48-a5ccced85d63,4202,2026,Частно гражданско дело,Районен съд - Пловдив,Инспекторат на ВСС,Вносител,,
e7bbf4e4-b706-4885-a5d8-3c719fc1b52e,1112,2026,Касационно търговско дело,Върховен касационен съд,Община Чирпан,Ищец,Вилиана Костадинова Цонева,
e7bbf4e4-b706-4885-a5d8-3c719fc1b52e,1112,2026,Касационно търговско дело,Върховен касационен съд,"""Евро Интегра Консулт"" ЕООД",Ответник,,
e7bbf4e4-b706-4885-a5d8-3c719fc1b52e,1112,2026,Касационно търговско дело,Върховен касационен съд,В.К.Ц.,Адвокат,,
55cf4729-4635-44bb-bf39-fa8768b0c74a,1515,2026,Административно дело,Административен съд - Пловдив,Б.Д.С.,Жалбоподател,,
55cf4729-4635-44bb-bf39-fa8768b0c74a,1515,2026,Административно дело,Административен съд - Пловдив,„АЙ ТИ ЕФ ГРУП“ АД,Ответник,,
2dbd7f31-3bbd-4670-93d9-e15cc2c45061,4201,2026,Частно гражданско дело,Районен съд - Пловдив,Инспекторат на ВСС,Вносител,,
294356fa-2622-4574-8e11-609acd4871b3,7556,2026,Частно наказателно дело,Софийски районен съд,СДВР,Вносител,,
294356fa-2622-4574-8e11-609acd4871b3,7556,2026,Частно наказателно дело,Софийски районен съд,Р.В.М.,Свидетел,,
9399d699-04d3-4fda-a125-29b8a9dc96ec,1111,2026,Касационно търговско дело,Върховен касационен съд,община Чирпан,Ищец,Вилиана Костадинова Цонева,
9399d699-04d3-4fda-a125-29b8a9dc96ec,1111,2026,Касационно търговско дело,Върховен касационен съд,"""ЕВРО ИНТЕГРА КОНСУЛТ"" ЕООД",Ответник,,
9399d699-04d3-4fda-a125-29b8a9dc96ec,1111,2026,Касационно търговско дело,Върховен касационен съд,В.К.Ц.,Адвокат,,
bb9f7d95-3eb4-4e9c-b1f3-3a175f0534e0,1110,2026,Касационно търговско дело,Върховен касационен съд,община Чирпан,Ищец,,
bb9f7d95-3eb4-4e9c-b1f3-3a175f0534e0,1110,2026,Касационно търговско дело,Върховен касационен съд,"""ЕВРО ИНТЕГРА КОНСУЛТ"" ЕООД",Ответник,,
bb9f7d95-3eb4-4e9c-b1f3-3a175f0534e0,1110,2026,Касационно търговско дело,Върховен касационен съд,В.К.Ц.,Адвокат,,
b293abb6-4089-48de-85f7-66a342fd9240,4200,2026,Частно гражданско дело,Районен съд - Пловдив,Инспекторат на ВСС,Вносител,,
deb94dd0-bb5c-416f-831d-8033e09d05df,1109,2026,Касационно търговско дело,Върховен касационен съд,Община Чирпан,Ищец,Вилиана Костадинова Цонева,
deb94dd0-bb5c-416f-831d-8033e09d05df,1109,2026,Касационно търговско дело,Върховен касационен съд,Евро Интегра Консулт ЕООД,Ответник,,
deb94dd0-bb5c-416f-831d-8033e09d05df,1109,2026,Касационно търговско дело,Върховен касационен съд,В.К.Ц.,Адвокат,,
b3794d95-ef86-4020-999e-a8b6e1d9b1fb,298,2026,Частно наказателно дело,Окръжен съд - Сливен,Окръжна прокуратура - Сливен,Вносител,,
e0b242b3-dd7d-41da-af53-68b0027ef87e,4199,2026,Частно гражданско дело,Районен съд - Пловдив,Инспекторат на ВСС,Вносител,,
f804ffad-6438-4450-a3b2-ac35ce88b088,1580,2026,Касационно административно наказателно дело,Административен съд - Варна,КЕЪР СЪРВИСИЗ БЪЛГАРИЯ ЕООД,Жалбоподател,Кирил Георгиев,
f804ffad-6438-4450-a3b2-ac35ce88b088,1580,2026,Касационно административно наказателно дело,Административен съд - Варна,И. Д. ДИРЕКТОР НА ДИРЕКЦИЯ ИНСПЕКЦИЯ ПО ТРУДА ВАРНА,Ответник,,
f804ffad-6438-4450-a3b2-ac35ce88b088,1580,2026,Касационно административно наказателно дело,Административен съд - Варна,К.В.Г.,Адвокат,,
d9b6aebe-4158-4959-ad63-105452657ca5,4198,2026,Частно гражданско дело,Районен съд - Пловдив,Инспекторат на ВСС,Вносител,,
40955e09-9bae-40e4-a4f8-42a17b13140c,14435,2026,Частно гражданско дело,Софийски районен съд,М.С.М.,Ищец,,
40955e09-9bae-40e4-a4f8-42a17b13140c,14435,2026,Частно гражданско дело,Софийски районен съд,Райънеър ДАК,Ответник,,
40955e09-9bae-40e4-a4f8-42a17b13140c,14435,2026,Частно гражданско дело,Софийски районен съд,Е.Б.К.,Адвокат,Елеонора Борисова Караиванова,
40955e09-9bae-40e4-a4f8-42a17b13140c,14435,2026,Частно гражданско дело,Софийски районен съд,А.М.Х.К.,Адвокат,,
40955e09-9bae-40e4-a4f8-42a17b13140c,14435,2026,Частно гражданско дело,Софийски районен съд,Л.С.М.,Адвокат,Лъчезар Стоянов Миков,
6ffc81d0-918a-40f1-9dc3-781d08eedd76,4197,2026,Частно гражданско дело,Районен съд - Пловдив,Инспекторат на ВСС,Вносител,,
4708baf4-8f55-4645-b789-59c120df63c5,1234,2026,Въззивно частно гражданско дело,Окръжен съд - Пловдив,КРЕДИСИМО ЕАД,Жалбоподател,,
4708baf4-8f55-4645-b789-59c120df63c5,1234,2026,Въззивно частно гражданско дело,Окръжен съд - Пловдив,Е.М.Б.,Въззиваема страна,,
4708baf4-8f55-4645-b789-59c120df63c5,1234,2026,Въззивно частно гражданско дело,Окръжен съд - Пловдив,К.Й.К.,Адвокат,Катерина Йорданова Кацарска,
929fc540-6a80-48b3-acfe-89045fc11ebf,4196,2026,Частно гражданско дело,Районен съд - Пловдив,Инспекторат на ВСС,Вносител,,
2fab7fbf-135a-403e-a75c-64cd25a44af1,4195,2026,Частно гражданско дело,Районен съд - Пловдив,Инспекторат на ВСС,Вносител,,
0ef171e9-c1bd-4e02-afbb-2d9265b21e4a,14434,2026,Гражданско дело,Софийски районен съд,Ц.В.Т.,Ищец,,
0ef171e9-c1bd-4e02-afbb-2d9265b21e4a,14434,2026,Гражданско дело,Софийски районен съд,И.М.М.,Ищец,,
0ef171e9-c1bd-4e02-afbb-2d9265b21e4a,14434,2026,Гражданско дело,Софийски районен съд,АЛМА АТА ЕООД,Ответник,,
0ef171e9-c1bd-4e02-afbb-2d9265b21e4a,14434,2026,Гражданско дело,Софийски районен съд,К.С.К.,Ответник,,
0ef171e9-c1bd-4e02-afbb-2d9265b21e4a,14434,2026,Гражданско дело,Софийски районен съд,М.И.К.,Ответник,,
0ef171e9-c1bd-4e02-afbb-2d9265b21e4a,14434,2026,Гражданско дело,Софийски районен съд,Д.Б.,Адвокат,,
0ef171e9-c1bd-4e02-afbb-2d9265b21e4a,14434,2026,Гражданско дело,Софийски районен съд,Н.,Адвокат,,
842420ca-57df-4ed0-b83f-c2c61f76e757,1579,2026,Касационно административно наказателно дело,Административен съд - Варна,""" ЛИДЛ БЪЛГАРИЯ ЕООД ЕНД КО "" КД",Жалбоподател,,
842420ca-57df-4ed0-b83f-c2c61f76e757,1579,2026,Касационно административно наказателно дело,Административен съд - Варна,"ЗА Началник на ТО за областите Варна, Добрич, Шумен към ГД ""Контрол на пазара"" при КЗП - Варна",Ответник,,
64665bec-ed94-42b4-aee5-45f352a856c1,4194,2026,Частно гражданско дело,Районен съд - Пловдив,Инспекторат на ВСС,Вносител,,
e8539db3-7ead-4b40-82b0-785f55b8275d,236,2026,Административно дело,Административен съд - Видин,В.М.М.,Жалбоподател,,
e8539db3-7ead-4b40-82b0-785f55b8275d,236,2026,Административно дело,Административен съд - Видин,НАЧАЛНИК НА СЕКТОР ПРИ ТД НА НАП - ВЕЛИКО ТЪРНОВО,Ответник,,
e8539db3-7ead-4b40-82b0-785f55b8275d,236,2026,Административно дело,Административен съд - Видин,Т.Ц.Ц.,Пълномощник,,
f7593bd1-66fb-4bdf-88bf-80b53f735f06,1108,2026,Касационно търговско дело,Върховен касационен съд,Община Чирпан,Ищец,,
f7593bd1-66fb-4bdf-88bf-80b53f735f06,1108,2026,Касационно търговско дело,Върховен касационен съд,"""Евро Интегра Консулт"" ЕООД",Ответник,,
fe1b12c7-e23a-43e1-af9d-4658cb5fa7a5,4193,2026,Частно гражданско дело,Районен съд - Пловдив,Инспекторат на ВСС,Вносител,,
88e85fa7-ff04-4fc1-8332-0bbffe1a99d9,4192,2026,Частно гражданско дело,Районен съд - Пловдив,Инспекторат на ВСС,Вносител,,
a19ab3eb-b487-4352-abfc-f9b15b2db774,2202,2026,Частно наказателно дело,Районен съд - Варна,Министерство на правосъдието,Вносител,,
a19ab3eb-b487-4352-abfc-f9b15b2db774,2202,2026,Частно наказателно дело,Районен съд - Варна,Д.Д.М.,Страна,,
597be2c4-846f-4528-a6b9-b671f773a45f,4191,2026,Частно гражданско дело,Районен съд - Пловдив,Инспекторат на ВСС,Вносител,,
463ef5bd-dfea-41db-8702-af555755f6b6,1578,2026,Касационно административно наказателно дело,Административен съд - Варна,ИНДУСТРИАЛ БЛАСТ ГРУП ООД с представляващ Ж. Т. З.,Жалбоподател,Асен Петев Христанов,
463ef5bd-dfea-41db-8702-af555755f6b6,1578,2026,Касационно административно наказателно дело,Административен съд - Варна,"ДИРЕКТОР ДИРЕКЦИЯ ""ИНСПЕКЦИЯ ПО ТРУДА ""- ВАРНА",Ответник,,
463ef5bd-dfea-41db-8702-af555755f6b6,1578,2026,Касационно административно наказателно дело,Административен съд - Варна,Окръжна прокуратура Варна,Друго,,
463ef5bd-dfea-41db-8702-af555755f6b6,1578,2026,Касационно административно наказателно дело,Административен съд - Варна,А.П.Х.,Адвокат,,
51cbff8f-e68d-48a1-bf0f-0bc08ec3c03a,4190,2026,Частно гражданско дело,Районен съд - Пловдив,Инспекторат на ВСС,Вносител,,
302d0975-2fc5-45ea-ad19-2f98ce7cb301,1107,2026,Касационно търговско дело,Върховен касационен съд,община Чирпан,Ищец,,
302d0975-2fc5-45ea-ad19-2f98ce7cb301,1107,2026,Касационно търговско дело,Върховен касационен съд,ЕВРО ИНТЕГРА КОНСУЛТ ЕООД,Ответник,,
302d0975-2fc5-45ea-ad19-2f98ce7cb301,1107,2026,Касационно търговско дело,Върховен касационен съд,В.Ц.,Адвокат,,
cdde5e25-ccae-40a9-9310-d894fd3d90d6,4189,2026,Частно гражданско дело,Районен съд - Пловдив,Инспекторат на ВСС,Вносител,,
ecb19e0b-492e-45d4-aa62-413226836c5a,1233,2026,Въззивно частно гражданско дело,Окръжен съд - Пловдив,SUMFINIDADE UNIPESSOAL LDA /ZFM/,Жалбоподател,,
ecb19e0b-492e-45d4-aa62-413226836c5a,1233,2026,Въззивно частно гражданско дело,Окръжен съд - Пловдив,ИЗДАТЕЛСКА КЪЩА МАРИЦА ЕООД,Въззиваема страна,,
61d9d994-c37e-4f6d-95e1-d68ceb8a3056,14433,2026,Частно гражданско дело,Софийски районен съд,БЕНЕФИТ СИСТЕМС БЪЛГАРИЯ ООД,Молител,,
61d9d994-c37e-4f6d-95e1-d68ceb8a3056,14433,2026,Частно гражданско дело,Софийски районен съд,ТИРИЗИС КЛУБ ООД,Ответник,,
61d9d994-c37e-4f6d-95e1-d68ceb8a3056,14433,2026,Частно гражданско дело,Софийски районен съд,С.Н.С.,Юрисконсулт,,
82ce126a-8107-4324-8e95-e6eb3a88d8e5,4188,2026,Частно гражданско дело,Районен съд - Пловдив,Инспекторат на ВСС,Вносител,,
b7ccbafe-2be6-44b6-9255-e3d0499c6e50,689,2026,Гражданско дело,Районен съд - Севлиево,ДИРЕКЦИЯ СОЦИАЛНО ПОДПОМАГАНЕ - СЕВЛИВО,Молител,,
b7ccbafe-2be6-44b6-9255-e3d0499c6e50,689,2026,Гражданско дело,Районен съд - Севлиево,П.К.Т.,Молител,,
b7ccbafe-2be6-44b6-9255-e3d0499c6e50,689,2026,Гражданско дело,Районен съд - Севлиево,Б.Д.К.,Настойник,,
ef352168-4e69-4dd2-b0dd-66a3fba579bf,4187,2026,Частно гражданско дело,Районен съд - Пловдив,Инспекторат на ВСС,Вносител,,
ee630d90-71f7-4a64-a69d-2d9a9dc39efd,596,2026,Частно наказателно дело,Районен съд - Кюстендил,А.С.Й.,Молител,,
1e9bf000-056e-42be-a74e-873c336f9c64,4186,2026,Частно гражданско дело,Районен съд - Пловдив,Инспекторат на ВСС,Вносител,,
33e84b73-69cc-4a81-a411-62851ae050ed,1106,2026,Касационно търговско дело,Върховен касационен съд,община Чирпан,Ищец,Вилиана Костадинова Цонева,
33e84b73-69cc-4a81-a411-62851ae050ed,1106,2026,Касационно търговско дело,Върховен касационен съд,""".И.К.Е.",Ответник,,
33e84b73-69cc-4a81-a411-62851ae050ed,1106,2026,Касационно търговско дело,Върховен касационен съд,В.К.Ц.,Адвокат,,
587e96ac-8ae1-4c84-80a7-cdb3554a9f46,4185,2026,Частно гражданско дело,Районен съд - Пловдив,Инспекторат на ВСС,Вносител,,
c52b53fb-0d33-4004-a3f3-3c98e141433e,1577,2026,Административно дело,Административен съд - Варна,Р.Г.Р.,Жалбоподател,,
c52b53fb-0d33-4004-a3f3-3c98e141433e,1577,2026,Административно дело,Административен съд - Варна,АДМИНИСТРАЦИЯТА НА ЗАТВОРА ВАРНА,Ответник,,
c52b53fb-0d33-4004-a3f3-3c98e141433e,1577,2026,Административно дело,Административен съд - Варна,"ГЛАВНА ДИРЕКЦИЯ ""ИЗПЪЛНЕНИЕ НА НАКАЗАНИЯТА"" /ГДИН/",Ответник,,
c52b53fb-0d33-4004-a3f3-3c98e141433e,1577,2026,Административно дело,Административен съд - Варна,ГЛАВНА ДИРЕКЦИЯ ИЗПЪЛНЕНИЕ НА НАКАЗАНИЯТА,Ответник,,
c52b53fb-0d33-4004-a3f3-3c98e141433e,1577,2026,Административно дело,Административен съд - Варна,ОКРЪЖНА ПРОКУРАТУРА ВАРНА,Контролираща страна,,
5b8b565f-b9dc-4ea0-8b98-58ebba2441f1,2182,2026,Гражданско дело,Районен съд - Кюстендил,М.В.Р.Н.,Молител,,
5b8b565f-b9dc-4ea0-8b98-58ebba2441f1,2182,2026,Гражданско дело,Районен съд - Кюстендил,А.П.Н.,Молител,,
5b8b565f-b9dc-4ea0-8b98-58ebba2441f1,2182,2026,Гражданско дело,Районен съд - Кюстендил,С.Д.Л.,Адвокат,,
5b8b565f-b9dc-4ea0-8b98-58ebba2441f1,2182,2026,Гражданско дело,Районен съд - Кюстендил,"Дирекция ""Социално подпомагане"" Кюстендил-отдел ""Закрила на детето""",Страна,,
402f2b8a-e427-4792-9ee3-1f009b0a2c7e,451,2026,Въззивно частно наказателно дело,Окръжен съд - Русе,Районна прокуратура - Русе,Вносител,,
402f2b8a-e427-4792-9ee3-1f009b0a2c7e,451,2026,Въззивно частно наказателно дело,Окръжен съд - Русе,Х.С.М.,Обвинител,,
402f2b8a-e427-4792-9ee3-1f009b0a2c7e,451,2026,Въззивно частно наказателно дело,Окръжен съд - Русе,Д.Р.К.,Обвинител,,
402f2b8a-e427-4792-9ee3-1f009b0a2c7e,451,2026,Въззивно частно наказателно дело,Окръжен съд - Русе,Ю.Р.Д.,Обвиняем,,
402f2b8a-e427-4792-9ee3-1f009b0a2c7e,451,2026,Въззивно частно наказателно дело,Окръжен съд - Русе,Окръжна прокуратура - Русе,Страна,,
402f2b8a-e427-4792-9ee3-1f009b0a2c7e,451,2026,Въззивно частно наказателно дело,Окръжен съд - Русе,А.Й.С.,Адвокат,,
402f2b8a-e427-4792-9ee3-1f009b0a2c7e,451,2026,Въззивно частно наказателно дело,Окръжен съд - Русе,П.Г.Д.,Вещо лице,,
402f2b8a-e427-4792-9ee3-1f009b0a2c7e,451,2026,Въззивно частно наказателно дело,Окръжен съд - Русе,И.Х.С.,Вещо лице,,
402f2b8a-e427-4792-9ee3-1f009b0a2c7e,451,2026,Въззивно частно наказателно дело,Окръжен съд - Русе,И.Х.С.,Вещо лице,,
402f2b8a-e427-4792-9ee3-1f009b0a2c7e,451,2026,Въззивно частно наказателно дело,Окръжен съд - Русе,С.В.Й.,Вещо лице,,
402f2b8a-e427-4792-9ee3-1f009b0a2c7e,451,2026,Въззивно частно наказателно дело,Окръжен съд - Русе,О.И.Б.,Адвокат,,
402f2b8a-e427-4792-9ee3-1f009b0a2c7e,451,2026,Въззивно частно наказателно дело,Окръжен съд - Русе,М.М.В.,Адвокат,,
1830ff6c-cba5-4151-b289-f83e341d7a88,14432,2026,Гражданско дело,Софийски районен съд,Електроразпределителни мрежи Запад ЕАД,Ищец,,
1830ff6c-cba5-4151-b289-f83e341d7a88,14432,2026,Гражданско дело,Софийски районен съд,Е.С.Й.,Ответник,,
1830ff6c-cba5-4151-b289-f83e341d7a88,14432,2026,Гражданско дело,Софийски районен съд,И.В.Й.,Ответник,,
89fa56f2-b31f-4b88-8f35-8c0e9027b530,2149,2026,Касационно гражданско дело,Върховен касационен съд,А.Б.Б.,Жалбоподател,,
89fa56f2-b31f-4b88-8f35-8c0e9027b530,2149,2026,Касационно гражданско дело,Върховен касационен съд,"ТЕРИТОРИАЛНО ПОДЕЛЕНИЕ ""ДЪРЖАВНО ГОРСКО СТОПАНСТВО - КЛИСУРА""",Ответник,,
89fa56f2-b31f-4b88-8f35-8c0e9027b530,2149,2026,Касационно гражданско дело,Върховен касационен съд,А.С.С.,Представляващ,,
89fa56f2-b31f-4b88-8f35-8c0e9027b530,2149,2026,Касационно гражданско дело,Върховен касационен съд,Я.С.Т.,Адвокат,,
89fa56f2-b31f-4b88-8f35-8c0e9027b530,2149,2026,Касационно гражданско дело,Върховен касационен съд,А.К.И.,Адвокат,,
89fa56f2-b31f-4b88-8f35-8c0e9027b530,2149,2026,Касационно гражданско дело,Върховен касационен съд,Т.В.Т.,Адвокат,,
58fe350e-f9ee-40ef-a66a-9fe927498a03,1576,2026,Административно дело,Административен съд - Варна,Б.П.И.,Жалбоподател,Ива Георгиева Димитрова,
58fe350e-f9ee-40ef-a66a-9fe927498a03,1576,2026,Административно дело,Административен съд - Варна,ПЛ КОНСУЛТ ООД,Жалбоподател,,
58fe350e-f9ee-40ef-a66a-9fe927498a03,1576,2026,Административно дело,Административен съд - Варна,СИТИКОНСУЛТ ООД,Жалбоподател,,
58fe350e-f9ee-40ef-a66a-9fe927498a03,1576,2026,Административно дело,Административен съд - Варна,ПРИВА ИНВЕСТ ООД,Жалбоподател,,
58fe350e-f9ee-40ef-a66a-9fe927498a03,1576,2026,Административно дело,Административен съд - Варна,СИТИ БИЛД 2011 ООД,Жалбоподател,,
58fe350e-f9ee-40ef-a66a-9fe927498a03,1576,2026,Административно дело,Административен съд - Варна,ИМОТИ И ИНВЕСТИЦИИ ООД,Жалбоподател,,
58fe350e-f9ee-40ef-a66a-9fe927498a03,1576,2026,Административно дело,Административен съд - Варна,ПРИВА ИНВЕСТ 2015 ООД,Жалбоподател,,
58fe350e-f9ee-40ef-a66a-9fe927498a03,1576,2026,Административно дело,Административен съд - Варна,П.Б.И.,Жалбоподател,,
58fe350e-f9ee-40ef-a66a-9fe927498a03,1576,2026,Административно дело,Административен съд - Варна,КМЕТА НА ОБЩИНА ВАРНА,Ответник,,
58fe350e-f9ee-40ef-a66a-9fe927498a03,1576,2026,Административно дело,Административен съд - Варна,И.Г.Д.,Адвокат,,
36ceeae8-10d9-4a89-b495-74d43413148a,1105,2026,Касационно търговско дело,Върховен касационен съд,ОБЩИНА ЧИРПАН,Ищец,,
36ceeae8-10d9-4a89-b495-74d43413148a,1105,2026,Касационно търговско дело,Върховен касационен съд,ЕВРО ИНТЕГРА КОНСУЛТ ЕООД,Ответник,,
36ceeae8-10d9-4a89-b495-74d43413148a,1105,2026,Касационно търговско дело,Върховен касационен съд,В.К.Ц.,Адвокат,,
06b69277-876b-44d2-ab21-e7c5305a1352,14431,2026,Гражданско дело,Софийски районен съд,М.Г.А.,Ищец,,
06b69277-876b-44d2-ab21-e7c5305a1352,14431,2026,Гражданско дело,Софийски районен съд,ФИНАНС ИНФО АСИСТАНС ЕАД,Ответник,,
06b69277-876b-44d2-ab21-e7c5305a1352,14431,2026,Гражданско дело,Софийски районен съд,Н.К.Г.,Адвокат,,
06b69277-876b-44d2-ab21-e7c5305a1352,14431,2026,Гражданско дело,Софийски районен съд,К.А.К.,Адвокат,Калин Анастасов Кашеров БЕСТ Кепитъл България ЕАД,
e4b6f30e-9e45-4487-b9b2-c000d7a33aec,1104,2026,Касационно търговско дело,Върховен касационен съд,община Чирпан,Ищец,Вилиана Костадинова Цонева,
e4b6f30e-9e45-4487-b9b2-c000d7a33aec,1104,2026,Касационно търговско дело,Върховен касационен съд,"""Евро Интегра Консулт"" ЕООД",Ответник,,
e4b6f30e-9e45-4487-b9b2-c000d7a33aec,1104,2026,Касационно търговско дело,Върховен касационен съд,В.К.Ц.,Адвокат,,
0f865951-1810-41cf-bbb0-0a7d3b5fae4c,1232,2026,Въззивно частно гражданско дело,Окръжен съд - Пловдив,ДАИКС ООД,Жалбоподател,,
0f865951-1810-41cf-bbb0-0a7d3b5fae4c,1232,2026,Въззивно частно гражданско дело,Окръжен съд - Пловдив,К.И.И.,Въззиваема страна,,
0f865951-1810-41cf-bbb0-0a7d3b5fae4c,1232,2026,Въззивно частно гражданско дело,Окръжен съд - Пловдив,А.М.Д.,Адвокат,,
90691590-a316-48fa-bcf2-7eb8d7d692fe,1103,2026,Касационно търговско дело,Върховен касационен съд,ОБЩИНА ЧИРПАН,Ищец,,
90691590-a316-48fa-bcf2-7eb8d7d692fe,1103,2026,Касационно търговско дело,Върховен касационен съд,ЕВРО ИНТЕГРА КОНСУЛТ ЕООД,Ответник,,
90691590-a316-48fa-bcf2-7eb8d7d692fe,1103,2026,Касационно търговско дело,Върховен касационен съд,В.К.Ц.,Адвокат,,
7e6f2f90-df45-4286-acef-195126f0b7a9,1575,2026,Административно дело,Административен съд - Варна,В.В.И.,Жалбоподател,,
7e6f2f90-df45-4286-acef-195126f0b7a9,1575,2026,Административно дело,Административен съд - Варна,"Младши инспектор към РУ Девня, ОДМВР - ВАРНА",Ответник,,
c6138159-237f-4fc5-b7fd-3e1451645244,1231,2026,Въззивно частно гражданско дело,Окръжен съд - Пловдив,Кредирект ЕООД,Жалбоподател,,
c6138159-237f-4fc5-b7fd-3e1451645244,1231,2026,Въззивно частно гражданско дело,Окръжен съд - Пловдив,Х.В.Д.,Въззиваема страна,,
c6138159-237f-4fc5-b7fd-3e1451645244,1231,2026,Въззивно частно гражданско дело,Окръжен съд - Пловдив,Р.Н.Р.,Адвокат,Радостин Николаев Радев,
c6138159-237f-4fc5-b7fd-3e1451645244,1231,2026,Въззивно частно гражданско дело,Окръжен съд - Пловдив,Х.М.Г.,Адвокат,"Адвокатско дружество Нестори, Угляров, Милчев",
d19de3fd-0ced-40b3-8035-1a8bb6119780,1574,2026,Административно дело,Административен съд - Варна,К.С.А.,Жалбоподател,,
d19de3fd-0ced-40b3-8035-1a8bb6119780,1574,2026,Административно дело,Административен съд - Варна,Полицай към РУ Девня при ОДМВР Варна Р.Т.,Ответник,,
d19de3fd-0ced-40b3-8035-1a8bb6119780,1574,2026,Административно дело,Административен съд - Варна,И.М.Д.,Адвокат,,
eeca87fa-7629-440f-babb-4e43fd52ed12,5274,2026,Частно административно дело,Върховен административен съд,П.Н.К.,Частен жалбоподател,Любомира Димитрова Минкова,
eeca87fa-7629-440f-babb-4e43fd52ed12,5274,2026,Частно административно дело,Върховен административен съд,ОД МВР БУРГАС РУ ПРИМОРСКО,Ответник,,
eeca87fa-7629-440f-babb-4e43fd52ed12,5274,2026,Частно административно дело,Върховен административен съд,"СТАЙКО ОВЧАРОВ - ПОЛИЦЕЙСКИ ИНСПЕКТОР КЪМ ОД НА МВР - ГР.БУРГАС, РУ ПРИМОРСКО",Ответник,,
eeca87fa-7629-440f-babb-4e43fd52ed12,5274,2026,Частно административно дело,Върховен административен съд,Л.М.,Адвокат,,
1d8c9eac-d608-4be4-be97-aaa1cd5ebc05,14430,2026,Гражданско дело,Софийски районен съд,А.К.М.,Ищец,,
1d8c9eac-d608-4be4-be97-aaa1cd5ebc05,14430,2026,Гражданско дело,Софийски районен съд,БЪЛГАРИЯ ЕЪР АД,Ответник,,
1d8c9eac-d608-4be4-be97-aaa1cd5ebc05,14430,2026,Гражданско дело,Софийски районен съд,Е.Б.В.,Адвокат,,
4e10ea23-aa37-4522-bd82-f7f86938f78f,142,2026,Частно наказателно дело,Окръжен съд - Търговище,ОДМВР - Търговище,Вносител,,
4e10ea23-aa37-4522-bd82-f7f86938f78f,142,2026,Частно наказателно дело,Окръжен съд - Търговище,М.Т.М.,Обвиняем,,
11e99bfc-aec9-4ccc-a740-ef81b2ed346d,1230,2026,Въззивно гражданско дело,Окръжен съд - Пловдив,М.К.С.,Жалбоподател,,
11e99bfc-aec9-4ccc-a740-ef81b2ed346d,1230,2026,Въззивно гражданско дело,Окръжен съд - Пловдив,Д.С.Д.,Жалбоподател,,
11e99bfc-aec9-4ccc-a740-ef81b2ed346d,1230,2026,Въззивно гражданско дело,Окръжен съд - Пловдив,П.Н.С.,Жалбоподател,,
11e99bfc-aec9-4ccc-a740-ef81b2ed346d,1230,2026,Въззивно гражданско дело,Окръжен съд - Пловдив,Ж.Н.С.,Жалбоподател,,
11e99bfc-aec9-4ccc-a740-ef81b2ed346d,1230,2026,Въззивно гражданско дело,Окръжен съд - Пловдив,Б.С.И.,Адвокат,Борислав Стоилов Иванов,
11e99bfc-aec9-4ccc-a740-ef81b2ed346d,1230,2026,Въззивно гражданско дело,Окръжен съд - Пловдив,М.С.П.,Адвокат,Мария Стайкова Пищалова,
ba2e35c2-081f-46b7-9bfb-5a22463286f7,1573,2026,Административно дело,Административен съд - Варна,С.Д.Д.,Жалбоподател,,
ba2e35c2-081f-46b7-9bfb-5a22463286f7,1573,2026,Административно дело,Административен съд - Варна,ДИРЕКТОР ТД НА НАП ВАРНА,Ответник,,
ba2e35c2-081f-46b7-9bfb-5a22463286f7,1573,2026,Административно дело,Административен съд - Варна,Б.Г.Й.,Адвокат,,
134e6fb2-866d-436c-8a56-c708616b9dc3,1102,2026,Касационно търговско дело,Върховен касационен съд,община Чирпан,Ищец,,
134e6fb2-866d-436c-8a56-c708616b9dc3,1102,2026,Касационно търговско дело,Върховен касационен съд,"""ЕВРО ИНТЕГРА КОНСУЛТ"" ЕООД",Ответник,,
134e6fb2-866d-436c-8a56-c708616b9dc3,1102,2026,Касационно търговско дело,Върховен касационен съд,В.К.Ц.,Адвокат,,
5c8c9781-dbb7-40fb-a3b2-9dffddfa8bfd,14429,2026,Гражданско дело,Софийски районен съд,Р.Х.К.,Ищец,,
5c8c9781-dbb7-40fb-a3b2-9dffddfa8bfd,14429,2026,Гражданско дело,Софийски районен съд,Прокуратура на Република България,Ответник,,
5c8c9781-dbb7-40fb-a3b2-9dffddfa8bfd,14429,2026,Гражданско дело,Софийски районен съд,М.О.Й.,Адвокат,,
7c910381-eaaf-4637-9f84-c8633b79c039,5273,2026,Частно административно дело,Върховен административен съд,Петър Владев Казаков,Частен жалбоподател,,
7c910381-eaaf-4637-9f84-c8633b79c039,5273,2026,Частно административно дело,Върховен административен съд,"ВАСИЛ НИКОЛАЕВ СКОПЧАНОВ-ПОЛИЦЕЙСКИ ИНСПЕКТОР КЪМ ОД НА МВР-БУРГАС,СЕКТОР ПЪТНА ПОЛИЦИЯ-БУРГАС",Ответник,,
7c910381-eaaf-4637-9f84-c8633b79c039,5273,2026,Частно административно дело,Върховен административен съд,ВАСИЛ НИКОЛАЕВ СКОПЧАНОВ ПОЛИЦЕЙСКИ ИНСПЕКТОР КЪМ ОД НА МВР БУРГАС СЕКТОР ПЪТНА ПОЛИЦИЯ,Ответник,,
7c910381-eaaf-4637-9f84-c8633b79c039,5273,2026,Частно административно дело,Върховен административен съд,В.Е.,Адвокат,,
7c910381-eaaf-4637-9f84-c8633b79c039,5273,2026,Частно административно дело,Върховен административен съд,В.Е.Г.,Процесуален представител,Василен Емилов Георгиев,
c2658e80-e620-4090-af5f-a7a15efe07e1,235,2026,Касационно частно наказателно дело,Административен съд - Монтана,М.П.Г.,Касатор,,
c2658e80-e620-4090-af5f-a7a15efe07e1,235,2026,Касационно частно наказателно дело,Административен съд - Монтана,ОД НА МВР МОНТАНА,Ответник,,
d0da60c4-c591-421f-9836-6a890ed9c777,1514,2026,Административно дело,Административен съд - Пловдив,А.П.Г.,Ищец,,
d0da60c4-c591-421f-9836-6a890ed9c777,1514,2026,Административно дело,Административен съд - Пловдив,"ГЛАВНА ДИРЕКЦИЯ ""ИЗПЪЛНЕНИЕ НА НАКАЗАНИЯТА "" СОФИЯ",Ответник,,
115041e9-e4d2-40c4-ba31-8cfa0dfb8465,1572,2026,Административно дело,Административен съд - Варна,"""Изток инвест 3000""ЕООД",Ищец,МИГЛЕН ГЕОРГИЕВ ТОДОРОВ,
115041e9-e4d2-40c4-ba31-8cfa0dfb8465,1572,2026,Административно дело,Административен съд - Варна,НАП СОФИЯ,Ответник,,
115041e9-e4d2-40c4-ba31-8cfa0dfb8465,1572,2026,Административно дело,Административен съд - Варна,М.Г.Т.,Адвокат,,
115041e9-e4d2-40c4-ba31-8cfa0dfb8465,1572,2026,Административно дело,Административен съд - Варна,ОКРЪЖНА ПРОКУРАТУРА ВАРНА,Контролираща страна,,
972b7cea-2ed1-40f4-865c-8297a78a77d5,1229,2026,Въззивно гражданско дело,Окръжен съд - Пловдив,М.С.Н.,Жалбоподател,,
972b7cea-2ed1-40f4-865c-8297a78a77d5,1229,2026,Въззивно гражданско дело,Окръжен съд - Пловдив,Й.А.С.,Жалбоподател,,
972b7cea-2ed1-40f4-865c-8297a78a77d5,1229,2026,Въззивно гражданско дело,Окръжен съд - Пловдив,А.С.С.,Жалбоподател,,
972b7cea-2ed1-40f4-865c-8297a78a77d5,1229,2026,Въззивно гражданско дело,Окръжен съд - Пловдив,Б.С.И.,Адвокат,Борислав Стоилов Иванов,
972b7cea-2ed1-40f4-865c-8297a78a77d5,1229,2026,Въззивно гражданско дело,Окръжен съд - Пловдив,М.В.И.,Адвокат,,
972b7cea-2ed1-40f4-865c-8297a78a77d5,1229,2026,Въззивно гражданско дело,Окръжен съд - Пловдив,А.Б.Б.,Адвокат,,
972b7cea-2ed1-40f4-865c-8297a78a77d5,1229,2026,Въззивно гражданско дело,Окръжен съд - Пловдив,М.Д.К.,Адвокат,Мариана Димитрова Каварджикова - Михайлова,
972b7cea-2ed1-40f4-865c-8297a78a77d5,1229,2026,Въззивно гражданско дело,Окръжен съд - Пловдив,М.С.Н.,Законен представител,,
7e9cecb0-42d4-42a7-93ae-f7f037da60fb,1101,2026,Касационно търговско дело,Върховен касационен съд,община Чирпан,Ищец,,
7e9cecb0-42d4-42a7-93ae-f7f037da60fb,1101,2026,Касационно търговско дело,Върховен касационен съд,ЕВРО ИНТЕГРА КОНСУЛТ ЕООД,Ответник,,
7e9cecb0-42d4-42a7-93ae-f7f037da60fb,1101,2026,Касационно търговско дело,Върховен касационен съд,В.Ц.,Адвокат,,
3df003df-8bba-4280-878a-05eaea1f429b,183,2026,Гражданско дело,Районен съд - Свиленград,С.Т.С.,Ищец,ИВАН АТАНАСОВ ДЖЕЛЕПОВ,
3df003df-8bba-4280-878a-05eaea1f429b,183,2026,Гражданско дело,Районен съд - Свиленград,Т.Г.Т.,Ответник,,
3df003df-8bba-4280-878a-05eaea1f429b,183,2026,Гражданско дело,Районен съд - Свиленград,Р.Р.Н.,Ответник,,
3df003df-8bba-4280-878a-05eaea1f429b,183,2026,Гражданско дело,Районен съд - Свиленград,М.Т.Т.,Страна,,
3df003df-8bba-4280-878a-05eaea1f429b,183,2026,Гражданско дело,Районен съд - Свиленград,И.А.Д.,Адвокат,,
6722473d-3cd2-48ef-875e-6c4a27f9ad01,1100,2026,Касационно търговско дело,Върховен касационен съд,община Чирпан,Ищец,,
6722473d-3cd2-48ef-875e-6c4a27f9ad01,1100,2026,Касационно търговско дело,Върховен касационен съд,"""Евро Интегра Консулт"" ЕООД",Ответник,,
6722473d-3cd2-48ef-875e-6c4a27f9ad01,1100,2026,Касационно търговско дело,Върховен касационен съд,В.К.Ц.,Адвокат,,
9d41454d-8283-430e-bd87-c431fa6b9a21,1074,2026,Гражданско дело,Районен съд - Ямбол,Й.К.К.,Ищец,,
9d41454d-8283-430e-bd87-c431fa6b9a21,1074,2026,Гражданско дело,Районен съд - Ямбол,Д.Н.Й.,Ответник,,
9d41454d-8283-430e-bd87-c431fa6b9a21,1074,2026,Гражданско дело,Районен съд - Ямбол,Д.Л.З.,Адвокат,ДАНИЕЛА ЛЮБОМИРОВА ЗАРЕВА,
9d41454d-8283-430e-bd87-c431fa6b9a21,1074,2026,Гражданско дело,Районен съд - Ямбол,Д.А.Й.,Адвокат,,
8334e4c9-1eee-4481-a076-1a8a76b38c97,234,2026,Касационно административно наказателно дело,Административен съд - Монтана,З П Ненчо Драганов Радев,Касатор,,
8334e4c9-1eee-4481-a076-1a8a76b38c97,234,2026,Касационно административно наказателно дело,Административен съд - Монтана,ДИРЕКТОР ДИРЕКЦИЯ ИНСПЕКЦИЯ ПО ТРУДА - МОНТАНА,Ответник,,
8334e4c9-1eee-4481-a076-1a8a76b38c97,234,2026,Касационно административно наказателно дело,Административен съд - Монтана,В.П.,Адвокат,,
a2e049d7-93ab-478a-bf20-46dd5fa9f5fb,1099,2026,Касационно търговско дело,Върховен касационен съд,Община Чирпан,Ищец,Вилиана Костадинова Цонева,
a2e049d7-93ab-478a-bf20-46dd5fa9f5fb,1099,2026,Касационно търговско дело,Върховен касационен съд,"""Евро Интегра Консулт"" ЕООД",Ответник,,
a2e049d7-93ab-478a-bf20-46dd5fa9f5fb,1099,2026,Касационно търговско дело,Върховен касационен съд,В.К.Ц.,Адвокат,,
999ff5c9-bacb-4832-b194-b9826804ef92,1571,2026,Административно дело,Административен съд - Варна,П.К.П.,Жалбоподател,Илия Костадинов Златев,
999ff5c9-bacb-4832-b194-b9826804ef92,1571,2026,Административно дело,Административен съд - Варна,"НАЧАЛНИК ГРУПА КЪМ ОДМВР ВАРНА, РУ ДЕВНЯ",Ответник,,
999ff5c9-bacb-4832-b194-b9826804ef92,1571,2026,Административно дело,Административен съд - Варна,И.К.З.,Адвокат,,
d770b75c-4764-43a4-a759-3c2cbbf6603c,233,2026,Административно дело,Административен съд - Монтана,Н.Д.А.,Жалбоподател,,
d770b75c-4764-43a4-a759-3c2cbbf6603c,233,2026,Административно дело,Административен съд - Монтана,Кмета на община Чипровци,Ответник,,
d770b75c-4764-43a4-a759-3c2cbbf6603c,233,2026,Административно дело,Административен съд - Монтана,З.В.Г.М.,Адвокат,Зорница Витанова Горанова-Маркова,
d770b75c-4764-43a4-a759-3c2cbbf6603c,233,2026,Административно дело,Административен съд - Монтана,Д.П.П.,Заинтересована страна,,
d770b75c-4764-43a4-a759-3c2cbbf6603c,233,2026,Административно дело,Административен съд - Монтана,А.Х.И.,Заинтересована страна,,
d770b75c-4764-43a4-a759-3c2cbbf6603c,233,2026,Административно дело,Административен съд - Монтана,М.И.П.Е.,Заинтересована страна,,
d770b75c-4764-43a4-a759-3c2cbbf6603c,233,2026,Административно дело,Административен съд - Монтана,Л.К.А.,Адвокат,Любляна Красимирова Аврамова,
d770b75c-4764-43a4-a759-3c2cbbf6603c,233,2026,Административно дело,Административен съд - Монтана,К.Б.Б.,Вещо лице,,
d770b75c-4764-43a4-a759-3c2cbbf6603c,233,2026,Административно дело,Административен съд - Монтана,Г.Д.А.,Вещо лице,,
d86532c1-4fab-44dc-923a-115e0b429d63,326,2026,Наказателно дело от общ характер,Районен съд - Кърджали,Районна прокуратура - Кърджали,Обвинител,,
d86532c1-4fab-44dc-923a-115e0b429d63,326,2026,Наказателно дело от общ характер,Районен съд - Кърджали,М.М.А.,Обвинител,,
d86532c1-4fab-44dc-923a-115e0b429d63,326,2026,Наказателно дело от общ характер,Районен съд - Кърджали,М.С.А.,Подсъдим,,
d86532c1-4fab-44dc-923a-115e0b429d63,326,2026,Наказателно дело от общ характер,Районен съд - Кърджали,М.Е.Д.,Свидетел,,
d86532c1-4fab-44dc-923a-115e0b429d63,326,2026,Наказателно дело от общ характер,Районен съд - Кърджали,И.В.Г.,Свидетел,,
d86532c1-4fab-44dc-923a-115e0b429d63,326,2026,Наказателно дело от общ характер,Районен съд - Кърджали,С.Р.Х.,Свидетел,,
d86532c1-4fab-44dc-923a-115e0b429d63,326,2026,Наказателно дело от общ характер,Районен съд - Кърджали,М.Т.,Свидетел,,
d86532c1-4fab-44dc-923a-115e0b429d63,326,2026,Наказателно дело от общ характер,Районен съд - Кърджали,В.Д.Д.,Вещо лице,,
d86532c1-4fab-44dc-923a-115e0b429d63,326,2026,Наказателно дело от общ характер,Районен съд - Кърджали,Д.К.Н.,Вещо лице,,
d86532c1-4fab-44dc-923a-115e0b429d63,326,2026,Наказателно дело от общ характер,Районен съд - Кърджали,Б.М.Ч.,Преводач,,
d86532c1-4fab-44dc-923a-115e0b429d63,326,2026,Наказателно дело от общ характер,Районен съд - Кърджали,С.Ф.М.,Защитник,,
85f83a56-1b08-43e1-9407-ea01af750a6e,1228,2026,Въззивно частно гражданско дело,Окръжен съд - Пловдив,Т.И.П.,Жалбоподател,,
85f83a56-1b08-43e1-9407-ea01af750a6e,1228,2026,Въззивно частно гражданско дело,Окръжен съд - Пловдив,Г.Х.М.,Въззиваема страна,,
85f83a56-1b08-43e1-9407-ea01af750a6e,1228,2026,Въззивно частно гражданско дело,Окръжен съд - Пловдив,М.Д.К.,Адвокат,,
85f83a56-1b08-43e1-9407-ea01af750a6e,1228,2026,Въззивно частно гражданско дело,Окръжен съд - Пловдив,Е.Ц.Г.,Адвокат,,
85f83a56-1b08-43e1-9407-ea01af750a6e,1228,2026,Въззивно частно гражданско дело,Окръжен съд - Пловдив,С.Н.К.,Адвокат,,
07fa5325-c21f-49d5-b3e2-9854e0b3bcff,2148,2026,Касационно частно гражданско дело,Върховен касационен съд,Ц.А.С.,Жалбоподател,,
07fa5325-c21f-49d5-b3e2-9854e0b3bcff,2148,2026,Касационно частно гражданско дело,Върховен касационен съд,С.С.,Жалбоподател,,
07fa5325-c21f-49d5-b3e2-9854e0b3bcff,2148,2026,Касационно частно гражданско дело,Върховен касационен съд,Б.Б.Б.,Адвокат,,
07fa5325-c21f-49d5-b3e2-9854e0b3bcff,2148,2026,Касационно частно гражданско дело,Върховен касационен съд,"Дирекция ""Социално подпомагане-Лом""",Заинтересована страна,,
07fa5325-c21f-49d5-b3e2-9854e0b3bcff,2148,2026,Касационно частно гражданско дело,Върховен касационен съд,ДИРЕКЦИЯ СОЦИАЛНО ПОДПОМАГАНЕ -р-н КРАСНО СЕЛО КЪМ РЕГИОНАЛНА ДИРЕКЦИЯ-СОФИЯ ГРАД,Заинтересована страна,,
07fa5325-c21f-49d5-b3e2-9854e0b3bcff,2148,2026,Касационно частно гражданско дело,Върховен касационен съд,Д.В.В.,Адвокат,,
42e0fab7-7bd4-4947-861a-31041ab98bfc,1098,2026,Касационно търговско дело,Върховен касационен съд,община Чирпан,Ищец,Вилиана Костадинова Цонева,
42e0fab7-7bd4-4947-861a-31041ab98bfc,1098,2026,Касационно търговско дело,Върховен касационен съд,"""Евро Интегра Консулт"" ЕООД",Ответник,,
42e0fab7-7bd4-4947-861a-31041ab98bfc,1098,2026,Касационно търговско дело,Върховен касационен съд,В.К.Ц.,Адвокат,,
cdb4f225-1fa1-43ca-bafc-3f9fc6837fa3,5272,2026,Касационно административно дело,Върховен административен съд,"""Мъни Лийз"" ЕАД",Касатор,,
cdb4f225-1fa1-43ca-bafc-3f9fc6837fa3,5272,2026,Касационно административно дело,Върховен административен съд,КОМИСИЯ ЗА ЗАЩИТА НА ПОТРЕБИТЕЛИТЕ,Ответник,,
cdb4f225-1fa1-43ca-bafc-3f9fc6837fa3,5272,2026,Касационно административно дело,Върховен административен съд,Председател на КЗП,Ответник,,
cdb4f225-1fa1-43ca-bafc-3f9fc6837fa3,5272,2026,Касационно административно дело,Върховен административен съд,Председателя на Комисия за защита на потребителите,Ответник,,
cdb4f225-1fa1-43ca-bafc-3f9fc6837fa3,5272,2026,Касационно административно дело,Върховен административен съд,В.Д.,Адвокат,,
cdb4f225-1fa1-43ca-bafc-3f9fc6837fa3,5272,2026,Касационно административно дело,Върховен административен съд,В.Х.,Адвокат,,
a56fd554-dd0b-42b0-99db-cf7529b8b0e5,1097,2026,Касационно търговско дело,Върховен касационен съд,община Чирпан,Ищец,Вилиана Костадинова Цонева,
a56fd554-dd0b-42b0-99db-cf7529b8b0e5,1097,2026,Касационно търговско дело,Върховен касационен съд,"""ЕВРО ИНТЕГРА КОНСУЛТ"" ЕООД",Ответник,,
a56fd554-dd0b-42b0-99db-cf7529b8b0e5,1097,2026,Касационно търговско дело,Върховен касационен съд,В.К.Ц.,Адвокат,,
c2360f16-cb90-470a-bf82-cd49f7ca22f4,1570,2026,Административно дело,Административен съд - Варна,Г.С.Р.,Жалбоподател,,
c2360f16-cb90-470a-bf82-cd49f7ca22f4,1570,2026,Административно дело,Административен съд - Варна,З.Д.Р.,Жалбоподател,,
c2360f16-cb90-470a-bf82-cd49f7ca22f4,1570,2026,Административно дело,Административен съд - Варна,И.Г.С.,Жалбоподател,,
c2360f16-cb90-470a-bf82-cd49f7ca22f4,1570,2026,Административно дело,Административен съд - Варна,С.Г.В.,Жалбоподател,,
c2360f16-cb90-470a-bf82-cd49f7ca22f4,1570,2026,Административно дело,Административен съд - Варна,ДИРЕКТОР НА ДИРЕКЦИЯ МЕСТНИ ДАНЪЦИ ПРИ ОБЩИНА ВАРНА,Ответник,,
c2360f16-cb90-470a-bf82-cd49f7ca22f4,1570,2026,Административно дело,Административен съд - Варна,П.И.К.,Адвокат,Полина Иванова Кръстева,
770400e7-845a-487d-857d-52482049f7c4,14428,2026,Гражданско дело,Софийски районен съд,К.В.Т.,Ищец,,
770400e7-845a-487d-857d-52482049f7c4,14428,2026,Гражданско дело,Софийски районен съд,АЙ - МА ИНТЪРНЕШЪНЪЛ ООД,Ответник,,
770400e7-845a-487d-857d-52482049f7c4,14428,2026,Гражданско дело,Софийски районен съд,"АДВОКАТСКО ДРУЖЕСТВО "" СТАНКОВ, ТОДОРОВ, ХИНКОВ И СПАСОВ""",Процесуален представител,,
770400e7-845a-487d-857d-52482049f7c4,14428,2026,Гражданско дело,Софийски районен съд,Д.И.Г.,Адвокат,Димитър Иванов Гъдев,
d6e7a572-055f-443d-b6ca-a3a2a03e5b51,1227,2026,Въззивно гражданско дело,Окръжен съд - Пловдив,Г.Г.Т.З.,Жалбоподател,,
d6e7a572-055f-443d-b6ca-a3a2a03e5b51,1227,2026,Въззивно гражданско дело,Окръжен съд - Пловдив,Ч.И.С.,Въззиваема страна,,
d6e7a572-055f-443d-b6ca-a3a2a03e5b51,1227,2026,Въззивно гражданско дело,Окръжен съд - Пловдив,К.Г.К.,Адвокат,,
d6e7a572-055f-443d-b6ca-a3a2a03e5b51,1227,2026,Въззивно гражданско дело,Окръжен съд - Пловдив,С.С.П.,Адвокат,Стефан Светославов Петров,
c2b8f654-36b4-489c-afeb-1315754a4a48,52,2026,Наказателно дело от общ характер,Районен съд - Ген. Тошево,ТО-Генерал Тошево към РП-Добрич,Вносител,,
c2b8f654-36b4-489c-afeb-1315754a4a48,52,2026,Наказателно дело от общ характер,Районен съд - Ген. Тошево,Л.Д.А.,Подсъдим,,
c2b8f654-36b4-489c-afeb-1315754a4a48,52,2026,Наказателно дело от общ характер,Районен съд - Ген. Тошево,И.И.Ц.,Адвокат,,
c2b8f654-36b4-489c-afeb-1315754a4a48,52,2026,Наказателно дело от общ характер,Районен съд - Ген. Тошево,Х.М.Х.,Преводач,,
c66ba0f1-c5e0-4ce0-85b8-d62fe406fb1b,241,2026,Въззивно частно наказателно дело,Апелативен съд - Пловдив,А.В.Н.,Жалбоподател,,
c66ba0f1-c5e0-4ce0-85b8-d62fe406fb1b,241,2026,Въззивно частно наказателно дело,Апелативен съд - Пловдив,И.Г.Д.,Обвинител,,
c66ba0f1-c5e0-4ce0-85b8-d62fe406fb1b,241,2026,Въззивно частно наказателно дело,Апелативен съд - Пловдив,Р.И.К.,Адвокат,,
c66ba0f1-c5e0-4ce0-85b8-d62fe406fb1b,241,2026,Въззивно частно наказателно дело,Апелативен съд - Пловдив,Апелативна прокуратура - Пловдив,Страна,,
daa80c31-e2d2-4bc0-901e-c57ed621d7af,196,2026,Частно наказателно дело,Окръжен съд - Добрич,ОДМВР - Добрич,Друго,,
d22b1c3b-ab34-4e3f-9171-9f67a96ae730,839,2026,Гражданско дело,Районен съд - Кубрат,С.Х.М.,Ищец,,
d22b1c3b-ab34-4e3f-9171-9f67a96ae730,839,2026,Гражданско дело,Районен съд - Кубрат,С.М.М.,Ответник,,
d22b1c3b-ab34-4e3f-9171-9f67a96ae730,839,2026,Гражданско дело,Районен съд - Кубрат,М.В.Н.,Лице за съдебен адрес,,
d22b1c3b-ab34-4e3f-9171-9f67a96ae730,839,2026,Гражданско дело,Районен съд - Кубрат,Р.П.К.,Пълномощник,,
d22b1c3b-ab34-4e3f-9171-9f67a96ae730,839,2026,Гражданско дело,Районен съд - Кубрат,"Дирекция ""Социално подпомагане"" Кубрат.-отдел ""Закрила на детето""",Друго,,
b4056fe5-9558-457d-822f-f901c657e411,559,2026,Гражданско дело,Районен съд - Петрич,Г.Л.С.,Ищец,,
b4056fe5-9558-457d-822f-f901c657e411,559,2026,Гражданско дело,Районен съд - Петрич,КРЕДИСИМО ЕАД,Ответник,,
b4056fe5-9558-457d-822f-f901c657e411,559,2026,Гражданско дело,Районен съд - Петрич,АЙ ТРЪСТ ЕООД,Ответник,,
b4056fe5-9558-457d-822f-f901c657e411,559,2026,Гражданско дело,Районен съд - Петрич,В.С.М.,Пълномощник,,
b4056fe5-9558-457d-822f-f901c657e411,559,2026,Гражданско дело,Районен съд - Петрич,В.Д.Т.,Юрисконсулт,,
b4056fe5-9558-457d-822f-f901c657e411,559,2026,Гражданско дело,Районен съд - Петрич,С.Р.С.,Юрисконсулт,,
80b136fd-3220-4fe5-b015-0f3c0278d03e,325,2026,Частно наказателно дело,Районен съд - Кърджали,Районна прокуратура - Кърджали,Вносител,,
80b136fd-3220-4fe5-b015-0f3c0278d03e,325,2026,Частно наказателно дело,Районен съд - Кърджали,П.Г.Ч.,Обвинител,,
80b136fd-3220-4fe5-b015-0f3c0278d03e,325,2026,Частно наказателно дело,Районен съд - Кърджали,Р.Ф.Р.,Освидетелстван,,
80b136fd-3220-4fe5-b015-0f3c0278d03e,325,2026,Частно наказателно дело,Районен съд - Кърджали,М.А.О.,Свидетел,,
80b136fd-3220-4fe5-b015-0f3c0278d03e,325,2026,Частно наказателно дело,Районен съд - Кърджали,Н.М.О.,Свидетел,,
80b136fd-3220-4fe5-b015-0f3c0278d03e,325,2026,Частно наказателно дело,Районен съд - Кърджали,А.М.Ф.,Свидетел,,
80b136fd-3220-4fe5-b015-0f3c0278d03e,325,2026,Частно наказателно дело,Районен съд - Кърджали,Директора на Държавна Психиатрична болница-гр.Кърджали,Друго,,
80b136fd-3220-4fe5-b015-0f3c0278d03e,325,2026,Частно наказателно дело,Районен съд - Кърджали,Д.И.Д.,Вещо лице,,
80b136fd-3220-4fe5-b015-0f3c0278d03e,325,2026,Частно наказателно дело,Районен съд - Кърджали,К.П.П.,Служебен защитник,,
80b136fd-3220-4fe5-b015-0f3c0278d03e,325,2026,Частно наказателно дело,Районен съд - Кърджали,КМЕТ НА ОБЩИНА КЪРДЖАЛИ,Друго,,
80b136fd-3220-4fe5-b015-0f3c0278d03e,325,2026,Частно наказателно дело,Районен съд - Кърджали,С.М.Ш.,Свидетел,,
8556bc34-e484-4eab-b776-120586bcdfef,1226,2026,Въззивно гражданско дело,Окръжен съд - Пловдив,ВОДОСНАБДЯВАНЕ И КАНАЛИЗАЦИЯ ЕООД,Жалбоподател,,
8556bc34-e484-4eab-b776-120586bcdfef,1226,2026,Въззивно гражданско дело,Окръжен съд - Пловдив,К.Ж.М.,Въззиваема страна,,
8556bc34-e484-4eab-b776-120586bcdfef,1226,2026,Въззивно гражданско дело,Окръжен съд - Пловдив,А.И.Г.,Представляващ,,
8556bc34-e484-4eab-b776-120586bcdfef,1226,2026,Въззивно гражданско дело,Окръжен съд - Пловдив,М.Л.Б.,Особен представител,,
8556bc34-e484-4eab-b776-120586bcdfef,1226,2026,Въззивно гражданско дело,Окръжен съд - Пловдив,Г.С.Н.Ш.,Юрисконсулт,,
9dc16627-e888-46c0-81a9-038ffa7780c7,665,2026,Административно дело,Административен съд - София-област,М.И.А.,Жалбоподател,,
9dc16627-e888-46c0-81a9-038ffa7780c7,665,2026,Административно дело,Административен съд - София-област,"Орган по приходи в ""Местни данъци и такси"" Община Драгоман",Ответник,,
9dc16627-e888-46c0-81a9-038ffa7780c7,665,2026,Административно дело,Административен съд - София-област,В.Б.К.,Адвокат,Васил Борисов Калибацев,
4282f451-42bd-48e2-bba4-859e88d9bbb2,954,2026,Частно гражданско дело,Окръжен съд - Бургас,Ю.И.Я.,Молител,,
4282f451-42bd-48e2-bba4-859e88d9bbb2,954,2026,Частно гражданско дело,Окръжен съд - Бургас,ПАУЕРТЕН - БЪЛГАРИЯ ООД,Ответник,,
4282f451-42bd-48e2-bba4-859e88d9bbb2,954,2026,Частно гражданско дело,Окръжен съд - Бургас,А.И.И.,Адвокат,,
4282f451-42bd-48e2-bba4-859e88d9bbb2,954,2026,Частно гражданско дело,Окръжен съд - Бургас,Б.Р.П.,Адвокат,,
171df103-630f-47b7-8ab7-80fbf57f06eb,1225,2026,Въззивно частно гражданско дело,Окръжен съд - Пловдив,Н.А.А.,Жалбоподател,,
171df103-630f-47b7-8ab7-80fbf57f06eb,1225,2026,Въззивно частно гражданско дело,Окръжен съд - Пловдив,Уайзър Технолоджи Консултинг ЕАД,Въззиваема страна,,
1bc16069-c730-4a1f-80f1-bf172b1996d0,480,2026,Наказателно дело за възобновяване,Върховен касационен съд,В.С.,Обвинител,,
1bc16069-c730-4a1f-80f1-bf172b1996d0,480,2026,Наказателно дело за възобновяване,Върховен касационен съд,Е.Х.С.,Обвинител,,
1bc16069-c730-4a1f-80f1-bf172b1996d0,480,2026,Наказателно дело за възобновяване,Върховен касационен съд,А.Ю.Р.,Осъден,,
1bc16069-c730-4a1f-80f1-bf172b1996d0,480,2026,Наказателно дело за възобновяване,Върховен касационен съд,Върховна касационна прокуратура,Страна,,
3e16dfca-79f4-4bfb-8d9e-fb80a21bed3d,2147,2026,Касационно гражданско дело,Върховен касационен съд,Н.Б.Х.,Молител,,
3e16dfca-79f4-4bfb-8d9e-fb80a21bed3d,2147,2026,Касационно гражданско дело,Върховен касационен съд,Л.А.М.,Ответник,,
3e16dfca-79f4-4bfb-8d9e-fb80a21bed3d,2147,2026,Касационно гражданско дело,Върховен касационен съд,В.Т.Т.,Адвокат,Виктор Трифонов Тодоров,
b3bc8105-6026-4b1b-b799-61f50e23d860,664,2026,Административно дело,Административен съд - София-област,В.Д.Т.,Жалбоподател,,
b3bc8105-6026-4b1b-b799-61f50e23d860,664,2026,Административно дело,Административен съд - София-област,"Георги Ценов - мл. автоконрольор към ОДМВР София, РУ ЕТРОПОЛЕ",Ответник,,
b3bc8105-6026-4b1b-b799-61f50e23d860,664,2026,Административно дело,Административен съд - София-област,П.О.П.,Адвокат,,
b3bc8105-6026-4b1b-b799-61f50e23d860,664,2026,Административно дело,Административен съд - София-област,Софийска окръжна прокуратура,Страна,,
4c6cada3-6760-4182-a6bc-30160770ef52,1224,2026,Въззивно частно гражданско дело,Окръжен съд - Пловдив,"БАЧКОВСКА СВЕТА ОБИТЕЛ ""УСПЕНИЕ БОГОРОДИЧНО""",Жалбоподател,,
4c6cada3-6760-4182-a6bc-30160770ef52,1224,2026,Въззивно частно гражданско дело,Окръжен съд - Пловдив,УЧЕНИЧЕСКИ ОТДИХ И СПОРТ ЕАД,Въззиваема страна,,
4c6cada3-6760-4182-a6bc-30160770ef52,1224,2026,Въззивно частно гражданско дело,Окръжен съд - Пловдив,Г.Д.П.,Адвокат,,
4c6cada3-6760-4182-a6bc-30160770ef52,1224,2026,Въззивно частно гражданско дело,Окръжен съд - Пловдив,Р.Н.Г.,Адвокат,,
4c6cada3-6760-4182-a6bc-30160770ef52,1224,2026,Въззивно частно гражданско дело,Окръжен съд - Пловдив,П.С.М.,Законен представител,,
925c587f-8c97-4ef5-95a6-e83ecf31a3f3,479,2026,Касационно частно наказателно дело,Върховен касационен съд,Д.А.Й.,Ответник,,
925c587f-8c97-4ef5-95a6-e83ecf31a3f3,479,2026,Касационно частно наказателно дело,Върховен касационен съд,Районен съд – Русе,Друго,,
973a16be-fe26-4238-ab9e-b6b1d943246f,1223,2026,Въззивно гражданско дело,Окръжен съд - Пловдив,И.Н.С.,Жалбоподател,,
973a16be-fe26-4238-ab9e-b6b1d943246f,1223,2026,Въззивно гражданско дело,Окръжен съд - Пловдив,Г.Г.С.,Жалбоподател,,
973a16be-fe26-4238-ab9e-b6b1d943246f,1223,2026,Въззивно гражданско дело,Окръжен съд - Пловдив,НАЦИОНАЛНА АГЕНЦИЯ ЗА ПРИХОДИТЕ,Въззиваема страна,,
973a16be-fe26-4238-ab9e-b6b1d943246f,1223,2026,Въззивно гражданско дело,Окръжен съд - Пловдив,Б.И.Ш.,Юрисконсулт,,
973a16be-fe26-4238-ab9e-b6b1d943246f,1223,2026,Въззивно гражданско дело,Окръжен съд - Пловдив,Г.Н.С.,Родител,,
973a16be-fe26-4238-ab9e-b6b1d943246f,1223,2026,Въззивно гражданско дело,Окръжен съд - Пловдив,Й.С.Л.,Адвокат,,
d01684b2-2652-4bf6-84ca-665d9b52a050,464,2026,Административно наказателно дело,Районен съд - Ловеч,ИБ ЛЕТНИЦА ООД,Жалбоподател,,
d01684b2-2652-4bf6-84ca-665d9b52a050,464,2026,Административно наказателно дело,Районен съд - Ловеч,"Началник на отдел ""Оперативни дейности"" В.Търново, Дирекция ""Оперативни дейности"" в ГД ""Фискален контрол""",Страна,,
d01684b2-2652-4bf6-84ca-665d9b52a050,464,2026,Административно наказателно дело,Районен съд - Ловеч,Д.С.М.,Актосъставител,,
d01684b2-2652-4bf6-84ca-665d9b52a050,464,2026,Административно наказателно дело,Районен съд - Ловеч,М.П.Т.,Свидетел,,
d01684b2-2652-4bf6-84ca-665d9b52a050,464,2026,Административно наказателно дело,Районен съд - Ловеч,Г.С.Д.,Свидетел,,
d01684b2-2652-4bf6-84ca-665d9b52a050,464,2026,Административно наказателно дело,Районен съд - Ловеч,И.Г.Д.,Представляващ,,
d01684b2-2652-4bf6-84ca-665d9b52a050,464,2026,Административно наказателно дело,Районен съд - Ловеч,А.А.,Юрисконсулт,,
74f9442c-3980-429e-a3e4-7ad8c7a5a45d,14427,2026,Гражданско дело,Софийски районен съд,ИНИЦИАТИВИ АД,Ищец,,
74f9442c-3980-429e-a3e4-7ad8c7a5a45d,14427,2026,Гражданско дело,Софийски районен съд,Стейдж Дайвинг Стъдис ЕООД,Ищец,,
74f9442c-3980-429e-a3e4-7ad8c7a5a45d,14427,2026,Гражданско дело,Софийски районен съд,Парк Енерго Про ООД,Ищец,,
74f9442c-3980-429e-a3e4-7ad8c7a5a45d,14427,2026,Гражданско дело,Софийски районен съд,КЕФО БЪЛГАРИЯ ЕООД,Ищец,,
74f9442c-3980-429e-a3e4-7ad8c7a5a45d,14427,2026,Гражданско дело,Софийски районен съд,Х.Н.Г.,Ответник,,
74f9442c-3980-429e-a3e4-7ad8c7a5a45d,14427,2026,Гражданско дело,Софийски районен съд,Л.Б.Х.,Пълномощник,,
74f9442c-3980-429e-a3e4-7ad8c7a5a45d,14427,2026,Гражданско дело,Софийски районен съд,С.Т.,Адвокат,,
cd41ee73-1539-473c-aec6-87bc95260b35,2162,2026,Частно гражданско дело,Районен съд - Пазарджик,Банка ДСК АД,Молител,,
cd41ee73-1539-473c-aec6-87bc95260b35,2162,2026,Частно гражданско дело,Районен съд - Пазарджик,Г.С.П.,Юрисконсулт,,
cd41ee73-1539-473c-aec6-87bc95260b35,2162,2026,Частно гражданско дело,Районен съд - Пазарджик,И.Й.Г.,Наследник,,
cd41ee73-1539-473c-aec6-87bc95260b35,2162,2026,Частно гражданско дело,Районен съд - Пазарджик,Е.Й.Г.,Наследник,,
cd41ee73-1539-473c-aec6-87bc95260b35,2162,2026,Частно гражданско дело,Районен съд - Пазарджик,Е.К.Г.,Наследодател,,
638c92af-90ba-4041-8602-7da906613eb0,2201,2026,Частно наказателно дело,Районен съд - Варна,Районна прокуратура - Варна,Вносител,,
638c92af-90ba-4041-8602-7da906613eb0,2201,2026,Частно наказателно дело,Районен съд - Варна,Б.З.М.,Обвинител,,
638c92af-90ba-4041-8602-7da906613eb0,2201,2026,Частно наказателно дело,Районен съд - Варна,Б.В.Г.,Освидетелстван,,
638c92af-90ba-4041-8602-7da906613eb0,2201,2026,Частно наказателно дело,Районен съд - Варна,А.Д.А.,Служебен защитник,Албена Димитрова Атанасова,
638c92af-90ba-4041-8602-7da906613eb0,2201,2026,Частно наказателно дело,Районен съд - Варна,Р.В.Б.,Вещо лице,,
638c92af-90ba-4041-8602-7da906613eb0,2201,2026,Частно наказателно дело,Районен съд - Варна,В.Г.В.,Свидетел,,
638c92af-90ba-4041-8602-7da906613eb0,2201,2026,Частно наказателно дело,Районен съд - Варна,С.И.И.,Свидетел,,
581d5cd3-067d-4a42-b887-1669bdb73033,1539,2026,Частно гражданско дело,Районен съд - Габрово,Инспекторат на ВСС,Вносител,,
581d5cd3-067d-4a42-b887-1669bdb73033,1539,2026,Частно гражданско дело,Районен съд - Габрово,Ж.Х.Ш.,Страна,,
581d5cd3-067d-4a42-b887-1669bdb73033,1539,2026,Частно гражданско дело,Районен съд - Габрово,Д.Х.Ш.,Страна,,
2ec20329-1717-4ab5-b0c0-58b89c680103,208,2026,Търговско дело,Окръжен съд - Бургас,Ц.А.О.,Ищец,,
2ec20329-1717-4ab5-b0c0-58b89c680103,208,2026,Търговско дело,Окръжен съд - Бургас,ЕИВ ООД,Ответник,,
2ec20329-1717-4ab5-b0c0-58b89c680103,208,2026,Търговско дело,Окръжен съд - Бургас,Д.П.С.,Адвокат,,
2ec20329-1717-4ab5-b0c0-58b89c680103,208,2026,Търговско дело,Окръжен съд - Бургас,А.И.П.,Адвокат,Ана Иванова Панайотова,
a110d007-4f38-4dcc-aef7-94a21911506b,14426,2026,Гражданско дело,Софийски районен съд,Минолби ЕООД,Ищец,,
a110d007-4f38-4dcc-aef7-94a21911506b,14426,2026,Гражданско дело,Софийски районен съд,А1 България ЕАД,Ответник,,
a110d007-4f38-4dcc-aef7-94a21911506b,14426,2026,Гражданско дело,Софийски районен съд,К.И.Т.,Адвокат,Константин Иванов Тончев,
f1a5006c-5f9a-40cf-b752-7391bd54ee32,478,2026,Касационно частно наказателно дело,Върховен касационен съд,И.С.К.,Ответник,,
f1a5006c-5f9a-40cf-b752-7391bd54ee32,478,2026,Касационно частно наказателно дело,Върховен касационен съд,Окръжен съд – Шумен,Друго,,
96497a97-813a-4ab4-8a7d-67001db12e75,2161,2026,Частно гражданско дело,Районен съд - Пазарджик,Банка ДСК АД,Молител,,
96497a97-813a-4ab4-8a7d-67001db12e75,2161,2026,Частно гражданско дело,Районен съд - Пазарджик,Г.С.П.,Юрисконсулт,,
96497a97-813a-4ab4-8a7d-67001db12e75,2161,2026,Частно гражданско дело,Районен съд - Пазарджик,Н.А.Б.,Наследодател,,
96497a97-813a-4ab4-8a7d-67001db12e75,2161,2026,Частно гражданско дело,Районен съд - Пазарджик,З.А.Б.,Наследник,,
96497a97-813a-4ab4-8a7d-67001db12e75,2161,2026,Частно гражданско дело,Районен съд - Пазарджик,А.Н.Б.,Наследник,,
96497a97-813a-4ab4-8a7d-67001db12e75,2161,2026,Частно гражданско дело,Районен съд - Пазарджик,Л.Г.Л.,Адвокат,Любомира Георгиева Лазарова,
e6ce9772-22d3-4a61-a976-6fafa8b15c90,836,2026,Частно гражданско дело,Районен съд - Крумовград,КОНПИ ТД-ПЛОВДИВ,Вносител,,
e6ce9772-22d3-4a61-a976-6fafa8b15c90,836,2026,Частно гражданско дело,Районен съд - Крумовград,Р.С.Х.,Страна,,
0d9a180d-ff23-45b2-87ea-587ebafb2c80,14425,2026,Гражданско дело,Софийски районен съд,Минолби ЕООД,Ищец,,
0d9a180d-ff23-45b2-87ea-587ebafb2c80,14425,2026,Гражданско дело,Софийски районен съд,А1 България ЕАД,Ответник,,
0d9a180d-ff23-45b2-87ea-587ebafb2c80,14425,2026,Гражданско дело,Софийски районен съд,К.И.Т.,Адвокат,Константин Иванов Тончев,
cd2ad317-9482-4f20-8655-de2337ccac00,695,2026,Въззивно частно наказателно дело,Апелативен съд - София,Софийска градска прокуратура,Вносител,,
cd2ad317-9482-4f20-8655-de2337ccac00,695,2026,Въззивно частно наказателно дело,Апелативен съд - София,Л.И.Н.,Обвинител,,
cd2ad317-9482-4f20-8655-de2337ccac00,695,2026,Въззивно частно наказателно дело,Апелативен съд - София,Д.К.А.,Обвинител,,
cd2ad317-9482-4f20-8655-de2337ccac00,695,2026,Въззивно частно наказателно дело,Апелативен съд - София,К.А.Т.,Обвиняем,,
cd2ad317-9482-4f20-8655-de2337ccac00,695,2026,Въззивно частно наказателно дело,Апелативен съд - София,Т.Л.Х.,Защитник,,
cd2ad317-9482-4f20-8655-de2337ccac00,695,2026,Въззивно частно наказателно дело,Апелативен съд - София,С.А.М.,Преводач,,
fc6565b0-1e3b-4a3f-a058-4ad5fa116f48,688,2026,Гражданско дело,Районен съд - Севлиево,В.И.Н.,Ищец,,
fc6565b0-1e3b-4a3f-a058-4ad5fa116f48,688,2026,Гражданско дело,Районен съд - Севлиево,М.Н.Н.,Ищец,,
fc6565b0-1e3b-4a3f-a058-4ad5fa116f48,688,2026,Гражданско дело,Районен съд - Севлиево,Е.И.М.,Ищец,,
fc6565b0-1e3b-4a3f-a058-4ad5fa116f48,688,2026,Гражданско дело,Районен съд - Севлиево,Н.И.Н.,Ищец,,
fc6565b0-1e3b-4a3f-a058-4ad5fa116f48,688,2026,Гражданско дело,Районен съд - Севлиево,Г.Й.Ц.,Ответник,,
fc6565b0-1e3b-4a3f-a058-4ad5fa116f48,688,2026,Гражданско дело,Районен съд - Севлиево,Т.Г.В.,Ответник,,
fc6565b0-1e3b-4a3f-a058-4ad5fa116f48,688,2026,Гражданско дело,Районен съд - Севлиево,Д.А.Б.,Ответник,,
fc6565b0-1e3b-4a3f-a058-4ad5fa116f48,688,2026,Гражданско дело,Районен съд - Севлиево,С.С.С.,Ответник,,
fc6565b0-1e3b-4a3f-a058-4ad5fa116f48,688,2026,Гражданско дело,Районен съд - Севлиево,В.Б.Б.,Адвокат,Веселин Бранимиров Борисов,
fc6565b0-1e3b-4a3f-a058-4ad5fa116f48,688,2026,Гражданско дело,Районен съд - Севлиево,А.Г.Г.,Адвокат,АНЖЕЛО ГЕОРГИЕВ ГЕОРГИЕВ,
fc6565b0-1e3b-4a3f-a058-4ad5fa116f48,688,2026,Гражданско дело,Районен съд - Севлиево,Р.Д.Н.,Адвокат,,
6eab3528-0e72-456b-b9f9-3f06ca1cc817,215,2026,Частно наказателно дело,Районен съд - Карлово,А.П.К.,Молител,,
6eab3528-0e72-456b-b9f9-3f06ca1cc817,215,2026,Частно наказателно дело,Районен съд - Карлово,Р.Г.И.,Обвинител,,
6eab3528-0e72-456b-b9f9-3f06ca1cc817,215,2026,Частно наказателно дело,Районен съд - Карлово,Д.Д.Ш.,Обвинител,,
6eab3528-0e72-456b-b9f9-3f06ca1cc817,215,2026,Частно наказателно дело,Районен съд - Карлово,Л.Н.Н.,Пълномощник,Лидия Найденова Начева,
6eab3528-0e72-456b-b9f9-3f06ca1cc817,215,2026,Частно наказателно дело,Районен съд - Карлово,ТО-Карлово към РП-Пловдив,Страна,,
6eab3528-0e72-456b-b9f9-3f06ca1cc817,215,2026,Частно наказателно дело,Районен съд - Карлово,Районна прокуратура - Пловдив,Страна,,
788f4dac-34b6-43ba-9398-f5fc09e02118,214,2026,Частно наказателно дело,Районен съд - Карлово,П.М.Г.,Молител,,
788f4dac-34b6-43ba-9398-f5fc09e02118,214,2026,Частно наказателно дело,Районен съд - Карлово,П.П.Р.,Обвинител,,
788f4dac-34b6-43ba-9398-f5fc09e02118,214,2026,Частно наказателно дело,Районен съд - Карлово,Л.Н.Н.,Пълномощник,Лидия Найденова Начева,
788f4dac-34b6-43ba-9398-f5fc09e02118,214,2026,Частно наказателно дело,Районен съд - Карлово,ТО-Карлово към РП-Пловдив,Страна,,
788f4dac-34b6-43ba-9398-f5fc09e02118,214,2026,Частно наказателно дело,Районен съд - Карлово,Районна прокуратура - Пловдив,Страна,,
359ecc34-17f4-4e6f-ac42-b966775edc39,14424,2026,Гражданско дело,Софийски районен съд,Минолби ЕООД,Ищец,,
359ecc34-17f4-4e6f-ac42-b966775edc39,14424,2026,Гражданско дело,Софийски районен съд,А1 България ЕАД,Ответник,,
359ecc34-17f4-4e6f-ac42-b966775edc39,14424,2026,Гражданско дело,Софийски районен съд,К.И.Т.,Адвокат,Константин Иванов Тончев,
6f645778-0261-4f11-828a-3afae3cd5090,2431,2026,Гражданско дело,Районен съд - Ботевград,Б.А.И.П.,Ищец,,
6f645778-0261-4f11-828a-3afae3cd5090,2431,2026,Гражданско дело,Районен съд - Ботевград,А.П.П.,Ищец,,
6f645778-0261-4f11-828a-3afae3cd5090,2431,2026,Гражданско дело,Районен съд - Ботевград,Л.И.П.,Ответник,,
6f645778-0261-4f11-828a-3afae3cd5090,2431,2026,Гражданско дело,Районен съд - Ботевград,Г.П.Ц.,Ответник,,
6f645778-0261-4f11-828a-3afae3cd5090,2431,2026,Гражданско дело,Районен съд - Ботевград,З.П.Г.,Ответник,,
6f645778-0261-4f11-828a-3afae3cd5090,2431,2026,Гражданско дело,Районен съд - Ботевград,Ц.Г.С.,Адвокат,,
7b00e4f8-38b0-4c3e-943c-81bbfec51c9f,267,2026,Гражданско дело,Районен съд - Поморие,М.К.Ш.,Ищец,,
7b00e4f8-38b0-4c3e-943c-81bbfec51c9f,267,2026,Гражданско дело,Районен съд - Поморие,Аксес Файнанс АД,Ответник,,
7b00e4f8-38b0-4c3e-943c-81bbfec51c9f,267,2026,Гражданско дело,Районен съд - Поморие,П.Т.Т.,Адвокат,Пламен Тотев,
7b00e4f8-38b0-4c3e-943c-81bbfec51c9f,267,2026,Гражданско дело,Районен съд - Поморие,И.И.Н.,Пълномощник,,
b92df3ae-b31b-4c4e-a6f6-f4fca5ffbbb7,2160,2026,Гражданско дело,Районен съд - Пазарджик,П.И.А.,Ищец,,
b92df3ae-b31b-4c4e-a6f6-f4fca5ffbbb7,2160,2026,Гражданско дело,Районен съд - Пазарджик,Д.М.Ш.,Ответник,,
b92df3ae-b31b-4c4e-a6f6-f4fca5ffbbb7,2160,2026,Гражданско дело,Районен съд - Пазарджик,М.А.Ц.,Адвокат,Мая Андонова Цонкова-Ангелова,
b92df3ae-b31b-4c4e-a6f6-f4fca5ffbbb7,2160,2026,Гражданско дело,Районен съд - Пазарджик,Ф.И.Ф.,Адвокат,,
1e6d25de-95ed-42e6-a3ca-2f2128a733ec,953,2026,Частно наказателно дело,Районен съд - Перник,ОДМВР - Перник,Вносител,,
62526a6f-8617-4085-879b-02b252cbef09,14423,2026,Гражданско дело,Софийски районен съд,П.В.В.,Ищец,,
62526a6f-8617-4085-879b-02b252cbef09,14423,2026,Гражданско дело,Софийски районен съд,ОБЩИНСКА СЛУЖБА ПО ЗЕМЕДЕЛИЕ ИЗТОЧНА,Ответник,,
62526a6f-8617-4085-879b-02b252cbef09,14423,2026,Гражданско дело,Софийски районен съд,И.Ю.А.,Адвокат,,
62526a6f-8617-4085-879b-02b252cbef09,14423,2026,Гражданско дело,Софийски районен съд,Н.В.В.,Заинтересована страна,,
62526a6f-8617-4085-879b-02b252cbef09,14423,2026,Гражданско дело,Софийски районен съд,З.Р.Д.,Заинтересована страна,,
62526a6f-8617-4085-879b-02b252cbef09,14423,2026,Гражданско дело,Софийски районен съд,И.Д.Д.,Заинтересована страна,,
62526a6f-8617-4085-879b-02b252cbef09,14423,2026,Гражданско дело,Софийски районен съд,Б.Д.Д.,Заинтересована страна,,
62526a6f-8617-4085-879b-02b252cbef09,14423,2026,Гражданско дело,Софийски районен съд,П.Д.Г.,Заинтересована страна,,
62526a6f-8617-4085-879b-02b252cbef09,14423,2026,Гражданско дело,Софийски районен съд,Н.Н.А.,Заинтересована страна,,
62526a6f-8617-4085-879b-02b252cbef09,14423,2026,Гражданско дело,Софийски районен съд,Ц.Д.П.,Адвокат,,
62526a6f-8617-4085-879b-02b252cbef09,14423,2026,Гражданско дело,Софийски районен съд,Г.С.К.,Заинтересована страна,,
62526a6f-8617-4085-879b-02b252cbef09,14423,2026,Гражданско дело,Софийски районен съд,В.С.В.,Заинтересована страна,,
433936ff-5a24-4dda-8a04-a948e4cc5e51,14422,2026,Гражданско дело,Софийски районен съд,АЛСО България ЕООД,Ищец,,
433936ff-5a24-4dda-8a04-a948e4cc5e51,14422,2026,Гражданско дело,Софийски районен съд,ЯКМАГ ЕООД,Ответник,,
433936ff-5a24-4dda-8a04-a948e4cc5e51,14422,2026,Гражданско дело,Софийски районен съд,Г.Д.М.,Адвокат,,
433936ff-5a24-4dda-8a04-a948e4cc5e51,14422,2026,Гражданско дело,Софийски районен съд,С.А.П.,Представляващ,,
6973c621-ba35-44bb-a7ed-ce4be19d3c04,952,2026,Частно наказателно дело,Районен съд - Перник,ОДМВР - Перник,Вносител,,
3a2ae8ab-7757-49ed-840f-cabc78895514,266,2026,Гражданско дело,Районен съд - Поморие,М.К.Ш.,Ищец,,
3a2ae8ab-7757-49ed-840f-cabc78895514,266,2026,Гражданско дело,Районен съд - Поморие,ИЗИ АСЕТ МЕНИДЖМЪНТ АД,Ответник,,
3a2ae8ab-7757-49ed-840f-cabc78895514,266,2026,Гражданско дело,Районен съд - Поморие,П.Т.Т.,Адвокат,Пламен Тотев,
3a2ae8ab-7757-49ed-840f-cabc78895514,266,2026,Гражданско дело,Районен съд - Поморие,Д.К.Н.,Пълномощник,,
ebed6279-4a63-4bf2-b2e4-c82e315d3c55,14421,2026,Гражданско дело,Софийски районен съд,А.Г.П.,Ищец,,
ebed6279-4a63-4bf2-b2e4-c82e315d3c55,14421,2026,Гражданско дело,Софийски районен съд,АЙ ТИ ЕФ ГРУП АД,Ответник,,
ebed6279-4a63-4bf2-b2e4-c82e315d3c55,14421,2026,Гражданско дело,Софийски районен съд,Д.Д.Г.,Адвокат,Димитър Гърков,
ebed6279-4a63-4bf2-b2e4-c82e315d3c55,14421,2026,Гражданско дело,Софийски районен съд,Л.В.В.,Адвокат,Лили Венелин Вълкова,
099fd8a5-e1a6-4303-9cc7-5fd681e2f66f,265,2026,Гражданско дело,Районен съд - Поморие,М.К.Ш.,Ищец,,
099fd8a5-e1a6-4303-9cc7-5fd681e2f66f,265,2026,Гражданско дело,Районен съд - Поморие,ПРОФИ КРЕДИТ БЪЛГАРИЯ ЕООД,Ответник,,
099fd8a5-e1a6-4303-9cc7-5fd681e2f66f,265,2026,Гражданско дело,Районен съд - Поморие,П.Т.Т.,Адвокат,Пламен Тотев,
b5fd0b09-fa66-4b91-a0e5-1fa96df6f414,5271,2026,Касационно административно дело,Върховен административен съд,"Ръководител на Управляващия орган по Програма ""Интеррег ИПП за трансгранично сътрудничество България-Сърбия 2014-2020 г.""",Касатор,,
b5fd0b09-fa66-4b91-a0e5-1fa96df6f414,5271,2026,Касационно административно дело,Върховен административен съд,Община Своге представлявана от Емил Кирилов Иванов- кмет,Жалбоподател,,
b5fd0b09-fa66-4b91-a0e5-1fa96df6f414,5271,2026,Касационно административно дело,Върховен административен съд,Община Своге,Жалбоподател,,
b5fd0b09-fa66-4b91-a0e5-1fa96df6f414,5271,2026,Касационно административно дело,Върховен административен съд,"зам. министър и ръководител на УО по програма ""Интеррег- ИПП за трансгранично сътрудничество България- Сърбия 2014-2020""",Ответник,,
b5fd0b09-fa66-4b91-a0e5-1fa96df6f414,5271,2026,Касационно административно дело,Върховен административен съд,Софийска окръжна прокуратура,Страна,,
b5fd0b09-fa66-4b91-a0e5-1fa96df6f414,5271,2026,Касационно административно дело,Върховен административен съд,С.С.,Вещо лице,,
b5fd0b09-fa66-4b91-a0e5-1fa96df6f414,5271,2026,Касационно административно дело,Върховен административен съд,О.П.,Вещо лице,,
b5fd0b09-fa66-4b91-a0e5-1fa96df6f414,5271,2026,Касационно административно дело,Върховен административен съд,И.Ц.Ц.,Адвокат,Ирина Цветкова Цветкова,
9ebfc886-a48b-4ff0-ab7b-b96c73aeae46,14420,2026,Гражданско дело,Софийски районен съд,Й.Х.Ц.,Ищец,,
9ebfc886-a48b-4ff0-ab7b-b96c73aeae46,14420,2026,Гражданско дело,Софийски районен съд,"33 ЕЗИКОВА ГИМНАЗИЯ ""СВЕТА СОФИЯ""",Ответник,,
9ebfc886-a48b-4ff0-ab7b-b96c73aeae46,14420,2026,Гражданско дело,Софийски районен съд,Е.Д.Ч.,Адвокат,,
292fd120-9cd6-442e-a837-a541faccfa14,14419,2026,Частно гражданско дело,Софийски районен съд,Г.И.Ю.,Молител,,
292fd120-9cd6-442e-a837-a541faccfa14,14419,2026,Частно гражданско дело,Софийски районен съд,С.Ц.С.Ю.,Законен представител,,
292fd120-9cd6-442e-a837-a541faccfa14,14419,2026,Частно гражданско дело,Софийски районен съд,АГЕНЦИЯ ЗА СОЦИАЛНО ПОДПОМАГАНЕ - ДСП КРАСНО СЕЛО,Заинтересована страна,,
6edb192d-d87f-4b28-9b67-02d35dc11860,264,2026,Гражданско дело,Районен съд - Поморие,М.К.Ш.,Ищец,,
6edb192d-d87f-4b28-9b67-02d35dc11860,264,2026,Гражданско дело,Районен съд - Поморие,ВИВА КРЕДИТ АД,Ответник,,
6edb192d-d87f-4b28-9b67-02d35dc11860,264,2026,Гражданско дело,Районен съд - Поморие,П.Т.Т.,Адвокат,Пламен Тотев,
6edb192d-d87f-4b28-9b67-02d35dc11860,264,2026,Гражданско дело,Районен съд - Поморие,К.К.,Представител,,
7f7f3a68-5578-4d59-b095-363d1f18b05a,14418,2026,Гражданско дело,Софийски районен съд,В.К.Е.,Ищец,,
7f7f3a68-5578-4d59-b095-363d1f18b05a,14418,2026,Гражданско дело,Софийски районен съд,К.Г.Е.,Ответник,,
7f7f3a68-5578-4d59-b095-363d1f18b05a,14418,2026,Гражданско дело,Софийски районен съд,Ю.В.С.,Законен представител,,
7f7f3a68-5578-4d59-b095-363d1f18b05a,14418,2026,Гражданско дело,Софийски районен съд,И.Т.Г.,Адвокат,,
7f7f3a68-5578-4d59-b095-363d1f18b05a,14418,2026,Гражданско дело,Софийски районен съд,Н.Д.К.,Адвокат,Николина Денева Казакова,
7f7f3a68-5578-4d59-b095-363d1f18b05a,14418,2026,Гражданско дело,Софийски районен съд,АГЕНЦИЯ ЗА СОЦИАЛНО ПОДПОМАГАНЕ - ДСП КРАСНО СЕЛО,Заинтересована страна,,
7f7f3a68-5578-4d59-b095-363d1f18b05a,14418,2026,Гражданско дело,Софийски районен съд,АГЕНЦИЯ ЗА СОЦИАЛНО ПОДПОМАГАНЕ - ДСП ВЪЗРАЖДАНЕ,Заинтересована страна,,
6b797e0d-4ef4-473e-a234-03a646098e3f,2146,2026,Касационно частно гражданско дело,Върховен касационен съд,Д.Б.Г.,Жалбоподател,,
6b797e0d-4ef4-473e-a234-03a646098e3f,2146,2026,Касационно частно гражданско дело,Върховен касационен съд,ТОПЛОФИКАЦИЯ СОФИЯ ЕАД,Ответник,,
6b797e0d-4ef4-473e-a234-03a646098e3f,2146,2026,Касационно частно гражданско дело,Върховен касационен съд,В.А.Я.,Адвокат,,
0cf49622-9d58-48ca-a138-4b5176bc3674,14417,2026,Гражданско дело,Софийски районен съд,И.Б.И.,Молител,,
0cf49622-9d58-48ca-a138-4b5176bc3674,14417,2026,Гражданско дело,Софийски районен съд,П.Ц.Ц.,Молител,,
0cf49622-9d58-48ca-a138-4b5176bc3674,14417,2026,Гражданско дело,Софийски районен съд,Г.И.Г.,Адвокат,Гина Иванова Грошева,
0cf49622-9d58-48ca-a138-4b5176bc3674,14417,2026,Гражданско дело,Софийски районен съд,"Дирекция ""Социално подпомагане"" Младост-отдел ""Закрила на детето""",Заинтересована страна,,
17ec7bb7-3e9f-4b23-8d98-791f7e693e29,6208,2026,Административно дело,Административен съд - София-град,ФАСТО КУРИЕР ЕООД,Жалбоподател,,
17ec7bb7-3e9f-4b23-8d98-791f7e693e29,6208,2026,Административно дело,Административен съд - София-град,ДИРЕКТОР НА ТД НА НАП ГР. СОФИЯ,Ответник,,
17ec7bb7-3e9f-4b23-8d98-791f7e693e29,6208,2026,Административно дело,Административен съд - София-град,СГП,Друго,,
17ec7bb7-3e9f-4b23-8d98-791f7e693e29,6208,2026,Административно дело,Административен съд - София-град,О.Х.Т.,Вещо лице,,
67313bbe-35f1-445b-8ea4-0f818baca681,14416,2026,Гражданско дело,Софийски районен съд,Р.Д.К.,Молител,,
47eaaea2-7fdf-44b7-bcc9-e05f2c068ddf,2200,2026,Частно наказателно дело,Районен съд - Варна,Районна прокуратура - Варна,Вносител,,
47eaaea2-7fdf-44b7-bcc9-e05f2c068ddf,2200,2026,Частно наказателно дело,Районен съд - Варна,Н.В.Н.,Обвинител,,
47eaaea2-7fdf-44b7-bcc9-e05f2c068ddf,2200,2026,Частно наказателно дело,Районен съд - Варна,И.Н.П.,Обвинител,,
47eaaea2-7fdf-44b7-bcc9-e05f2c068ddf,2200,2026,Частно наказателно дело,Районен съд - Варна,И.К.М.,Освидетелстван,,
47eaaea2-7fdf-44b7-bcc9-e05f2c068ddf,2200,2026,Частно наказателно дело,Районен съд - Варна,А.И.С.,Свидетел,,
47eaaea2-7fdf-44b7-bcc9-e05f2c068ddf,2200,2026,Частно наказателно дело,Районен съд - Варна,Б.Т.К.,Свидетел,,
47eaaea2-7fdf-44b7-bcc9-e05f2c068ddf,2200,2026,Частно наказателно дело,Районен съд - Варна,Ж.С.Т.,Свидетел,,
47eaaea2-7fdf-44b7-bcc9-e05f2c068ddf,2200,2026,Частно наказателно дело,Районен съд - Варна,С.В.В.,Вещо лице,,
47eaaea2-7fdf-44b7-bcc9-e05f2c068ddf,2200,2026,Частно наказателно дело,Районен съд - Варна,С.К.Т.,Служебен защитник,Свилен Красимиров Томовски,
b60d64bb-13c7-4026-9d4e-3f738463a97f,263,2026,Гражданско дело,Районен съд - Поморие,М.К.Ш.,Ищец,,
b60d64bb-13c7-4026-9d4e-3f738463a97f,263,2026,Гражданско дело,Районен съд - Поморие,КРЕДИ ЙЕС ООД,Ответник,,
b60d64bb-13c7-4026-9d4e-3f738463a97f,263,2026,Гражданско дело,Районен съд - Поморие,П.Т.Т.,Адвокат,Пламен Тотев,
b60d64bb-13c7-4026-9d4e-3f738463a97f,263,2026,Гражданско дело,Районен съд - Поморие,Н.Г.Ш.,Адвокат,,
12998955-674a-4129-8d07-ff72342d91fd,14415,2026,Частно гражданско дело,Софийски районен съд,Х.Т.П.,Молител,,
12998955-674a-4129-8d07-ff72342d91fd,14415,2026,Частно гражданско дело,Софийски районен съд,И.Г.Ц.,Адвокат,,
12998955-674a-4129-8d07-ff72342d91fd,14415,2026,Частно гражданско дело,Софийски районен съд,Т.В.П.,Законен представител,,
12998955-674a-4129-8d07-ff72342d91fd,14415,2026,Частно гражданско дело,Софийски районен съд,А.Л.П.,Законен представител,,
1817b7c1-bc49-42ed-ac58-47f95efc930e,4376,2026,Частно гражданско дело,Районен съд - Враца,Банка ДСК АД,Заявител,,
1817b7c1-bc49-42ed-ac58-47f95efc930e,4376,2026,Частно гражданско дело,Районен съд - Враца,Х.К.П.,Представител,,
1817b7c1-bc49-42ed-ac58-47f95efc930e,4376,2026,Частно гражданско дело,Районен съд - Враца,И.Г.К.,Наследодател,,
1817b7c1-bc49-42ed-ac58-47f95efc930e,4376,2026,Частно гражданско дело,Районен съд - Враца,И.Г.К.,Наследник,,
1817b7c1-bc49-42ed-ac58-47f95efc930e,4376,2026,Частно гражданско дело,Районен съд - Враца,А.И.Г.,Наследник,,
1817b7c1-bc49-42ed-ac58-47f95efc930e,4376,2026,Частно гражданско дело,Районен съд - Враца,Г.И.Г.,Наследник,,
91cd6684-fddc-4c32-adbe-0a2b533bc4aa,4375,2026,Гражданско дело,Районен съд - Враца,ПРОФИ КРЕДИТ БЪЛГАРИЯ ЕООД,Ищец,,
91cd6684-fddc-4c32-adbe-0a2b533bc4aa,4375,2026,Гражданско дело,Районен съд - Враца,М.Р.Г.,Ответник,,
91cd6684-fddc-4c32-adbe-0a2b533bc4aa,4375,2026,Гражданско дело,Районен съд - Враца,Е.С.К.,Юрисконсулт,,
c315261a-50f0-4781-a690-f9e8c2fac96e,14414,2026,Гражданско дело,Софийски районен съд,Ц.П.Н.,Ищец,,
c315261a-50f0-4781-a690-f9e8c2fac96e,14414,2026,Гражданско дело,Софийски районен съд,А.С.Т.,Ищец,,
c315261a-50f0-4781-a690-f9e8c2fac96e,14414,2026,Гражданско дело,Софийски районен съд,С.Ю.Т.,Ответник,,
c315261a-50f0-4781-a690-f9e8c2fac96e,14414,2026,Гражданско дело,Софийски районен съд,Ц.П.Н.,Законен представител,,
5736c8ac-c764-4417-bc2a-d11b650e90f5,6207,2026,Административно дело,Административен съд - София-град,П.Г.Ц.,Жалбоподател,,
5736c8ac-c764-4417-bc2a-d11b650e90f5,6207,2026,Административно дело,Административен съд - София-град,ПОЛИЦЕЙСКИ ИНСПЕКТОР ПРИ РУ ДОЛНА МИТРОПОЛИЯ ПРИ ОД НА МВР ПЛЕВЕН,Ответник,,
12fd5f8d-ff12-4784-a231-21c041af74a9,325,2026,Частно наказателно дело,Районен съд - Ботевград,Районно управление ”Полиция” - Ботевград,Вносител,,
37927f6e-4736-41d2-b4cc-7a48a8a858c7,14413,2026,Гражданско дело,Софийски районен съд,И.Л.И.,Ищец,,
37927f6e-4736-41d2-b4cc-7a48a8a858c7,14413,2026,Гражданско дело,Софийски районен съд,ТИ БИ АЙ Банк ЕАД,Ответник,,
37927f6e-4736-41d2-b4cc-7a48a8a858c7,14413,2026,Гражданско дело,Софийски районен съд,Д.С.Р.,Юрисконсулт,,
ac9739e7-1d2a-44c5-85c0-6eac37fc102c,2159,2026,Гражданско дело,Районен съд - Пазарджик,Ф.В.К.,Ищец,,
ac9739e7-1d2a-44c5-85c0-6eac37fc102c,2159,2026,Гражданско дело,Районен съд - Пазарджик,А.Ю.К.,Ответник,,
ac9739e7-1d2a-44c5-85c0-6eac37fc102c,2159,2026,Гражданско дело,Районен съд - Пазарджик,Р.С.И.,Адвокат,Радостин Славчев Иванов,
ac9739e7-1d2a-44c5-85c0-6eac37fc102c,2159,2026,Гражданско дело,Районен съд - Пазарджик,К.Ч.Р.,Адвокат,Красимира Чавдарова Ралчева,
ac9739e7-1d2a-44c5-85c0-6eac37fc102c,2159,2026,Гражданско дело,Районен съд - Пазарджик,Н.И.К.,Адвокат,Красимира Чавдарова Ралчева,
08e611fa-509e-4d4f-9c2f-d97d8c395f62,14412,2026,Гражданско дело,Софийски районен съд,Д.Х.С.,Ищец,,
08e611fa-509e-4d4f-9c2f-d97d8c395f62,14412,2026,Гражданско дело,Софийски районен съд,Коника Минолта Бизнес Солюшънс България ЕООД,Ответник,,
08e611fa-509e-4d4f-9c2f-d97d8c395f62,14412,2026,Гражданско дело,Софийски районен съд,Н.Х.Р.,Адвокат,Никол Христомилова Рахманлиева,
08e611fa-509e-4d4f-9c2f-d97d8c395f62,14412,2026,Гражданско дело,Софийски районен съд,В.С.С.,Вещо лице,,
0760668c-4869-4a66-ad85-a6de1b261d3d,14411,2026,Гражданско дело,Софийски районен съд,Н.Б.А.,Ищец,,
0760668c-4869-4a66-ad85-a6de1b261d3d,14411,2026,Гражданско дело,Софийски районен съд,ТОПЛОФИКАЦИЯ СОФИЯ ЕАД,Ответник,,
0760668c-4869-4a66-ad85-a6de1b261d3d,14411,2026,Гражданско дело,Софийски районен съд,И.А.Н.,Адвокат,,
75aa1767-0906-4b26-8810-6f1de7166941,479,2026,Частно гражданско дело,Районен съд - Тутракан,Инспекторат на ВСС,Вносител,,
75aa1767-0906-4b26-8810-6f1de7166941,479,2026,Частно гражданско дело,Районен съд - Тутракан,К.Д.П.,Страна,,
75aa1767-0906-4b26-8810-6f1de7166941,479,2026,Частно гражданско дело,Районен съд - Тутракан,Д.И.А.П.,Страна,,
75aa1767-0906-4b26-8810-6f1de7166941,479,2026,Частно гражданско дело,Районен съд - Тутракан,М.К.П.,Страна,,
75aa1767-0906-4b26-8810-6f1de7166941,479,2026,Частно гражданско дело,Районен съд - Тутракан,Л.С.,Представител,,
9e5d0f4d-d984-411b-bece-4a6b0925b8bd,371,2026,Гражданско дело,Районен съд - Червен бряг,А.С.С.,Ищец,,
9e5d0f4d-d984-411b-bece-4a6b0925b8bd,371,2026,Гражданско дело,Районен съд - Червен бряг,И.Г.Я.,Ответник,,
9e5d0f4d-d984-411b-bece-4a6b0925b8bd,371,2026,Гражданско дело,Районен съд - Червен бряг,О.Н.М.,Адвокат,Огнян Николаев Минчев,
ac66d7d2-5b2e-4a51-a6bb-ecbeff9a1833,6206,2026,Административно дело,Административен съд - София-град,ПНП АУТО РЕНТ ЕООД,Жалбоподател,,
ac66d7d2-5b2e-4a51-a6bb-ecbeff9a1833,6206,2026,Административно дело,Административен съд - София-град,ДОДОП НАП,Ответник,,
ac66d7d2-5b2e-4a51-a6bb-ecbeff9a1833,6206,2026,Административно дело,Административен съд - София-град,СГП,Друго,,
ac66d7d2-5b2e-4a51-a6bb-ecbeff9a1833,6206,2026,Административно дело,Административен съд - София-град,Т.П.Т.,Адвокат,,
d8eb5e72-6784-43cd-b77b-74a7a2f02c85,477,2026,Гражданско дело,Районен съд - Девня,М.А.С.,Ищец,,
d8eb5e72-6784-43cd-b77b-74a7a2f02c85,477,2026,Гражданско дело,Районен съд - Девня,Р.Х.,Ответник,,
d8eb5e72-6784-43cd-b77b-74a7a2f02c85,477,2026,Гражданско дело,Районен съд - Девня,К.В.В.,Адвокат,Коста Владимиров Владимиров,
15fb6b2c-e33e-4b8b-8968-2858109f7492,957,2026,Гражданско дело,Районен съд - Карлово,П.Х.С.,Ищец,,
15fb6b2c-e33e-4b8b-8968-2858109f7492,957,2026,Гражданско дело,Районен съд - Карлово,ПРОФИ КРЕДИТ БЪЛГАРИЯ ЕООД,Ответник,,
15fb6b2c-e33e-4b8b-8968-2858109f7492,957,2026,Гражданско дело,Районен съд - Карлово,Д.П.И.,Пълномощник,Дейвид,
15fb6b2c-e33e-4b8b-8968-2858109f7492,957,2026,Гражданско дело,Районен съд - Карлово,Г.Й.К.,Пълномощник,,
15fb6b2c-e33e-4b8b-8968-2858109f7492,957,2026,Гражданско дело,Районен съд - Карлово,Г.С.С.К.,Юрисконсулт,,
b42efbe1-100e-4336-873c-d68fdbc57b30,3623,2026,Гражданско дело,Районен съд - Варна,Д.К.А.,Молител,,
b42efbe1-100e-4336-873c-d68fdbc57b30,3623,2026,Гражданско дело,Районен съд - Варна,В.Г.Г.,Ответник,,
6406cbd5-1ec6-4ae2-b307-b75823f087cd,6205,2026,Административно дело,Административен съд - София-град,"""Джофра Х"" ЕООД",Жалбоподател,Атанас Георгиев Павлов,
6406cbd5-1ec6-4ae2-b307-b75823f087cd,6205,2026,Административно дело,Административен съд - София-град,Директорът на дирекция ОДОП - София,Ответник,,
6406cbd5-1ec6-4ae2-b307-b75823f087cd,6205,2026,Административно дело,Административен съд - София-град,А. .П.,Адвокат,,
6406cbd5-1ec6-4ae2-b307-b75823f087cd,6205,2026,Административно дело,Административен съд - София-град,СГП,Друго,,
b72492d3-d36c-47f3-9908-93009db6281a,2158,2026,Гражданско дело,Районен съд - Пазарджик,И.А.Д.,Ищец,,
b72492d3-d36c-47f3-9908-93009db6281a,2158,2026,Гражданско дело,Районен съд - Пазарджик,Районен съд – Велинград,Ответник,,
b72492d3-d36c-47f3-9908-93009db6281a,2158,2026,Гражданско дело,Районен съд - Пазарджик,Д.М.Т.,Адвокат,Джуна Муса Тупева,
bf8c2aa7-d347-45e6-9d5a-012ebaa7129d,2861,2026,Наказателно дело от общ характер,Районен съд - Пловдив,Районна прокуратура - Пловдив,Обвинител,,
bf8c2aa7-d347-45e6-9d5a-012ebaa7129d,2861,2026,Наказателно дело от общ характер,Районен съд - Пловдив,Е.К.Б.,Обвинител,,
bf8c2aa7-d347-45e6-9d5a-012ebaa7129d,2861,2026,Наказателно дело от общ характер,Районен съд - Пловдив,Г.П.К.,Подсъдим,,
bf8c2aa7-d347-45e6-9d5a-012ebaa7129d,2861,2026,Наказателно дело от общ характер,Районен съд - Пловдив,П.К.К.,Адвокат,Петър Константинов Костадинов,
89b2fd34-7423-4081-b37f-4c690d1c4bb3,6204,2026,Административно дело,Административен съд - София-град,РОЯЛС БИЛДИНГ ООД ЧРЕЗ УПРАВИТЕЛ ВЕСЕЛ ЧУШКОВ,Жалбоподател,,
89b2fd34-7423-4081-b37f-4c690d1c4bb3,6204,2026,Административно дело,Административен съд - София-град,"Д.Д."".О.Д.О.П."".Ц.Н.С.",Ответник,,
89b2fd34-7423-4081-b37f-4c690d1c4bb3,6204,2026,Административно дело,Административен съд - София-град,СГП,Друго,,
89580b30-9f40-4826-9fb6-d253c61d3c17,3622,2026,Гражданско дело,Районен съд - Варна,С.Л.Х.,Молител,,
89580b30-9f40-4826-9fb6-d253c61d3c17,3622,2026,Гражданско дело,Районен съд - Варна,Ю.Н.К.,Ответник,,
89580b30-9f40-4826-9fb6-d253c61d3c17,3622,2026,Гражданско дело,Районен съд - Варна,Н.Х.К.,Адвокат,,
3cd0e087-9629-485f-9376-8a55ba385b0b,3489,2026,Частно наказателно дело,Софийски градски съд,Софийска градска прокуратура,Вносител,,
fe3f5049-e3a0-4514-874a-23314cb3f218,2157,2026,Гражданско дело,Районен съд - Пазарджик,М.Г.С.,Ищец,,
fe3f5049-e3a0-4514-874a-23314cb3f218,2157,2026,Гражданско дело,Районен съд - Пазарджик,НЕТКРЕДИТ ООД,Ответник,,
fe3f5049-e3a0-4514-874a-23314cb3f218,2157,2026,Гражданско дело,Районен съд - Пазарджик,А.А.А.,Адвокат,Антоан Атанасов,
fe3f5049-e3a0-4514-874a-23314cb3f218,2157,2026,Гражданско дело,Районен съд - Пазарджик,Д.П.Д.,Юрисконсулт,,
17742500-4c44-42a4-a0be-1cdbbe8e8497,3488,2026,Частно наказателно дело,Софийски градски съд,Софийска градска прокуратура,Вносител,,
d726b4ad-1513-4700-bbe8-c250529d82c3,14410,2026,Частно гражданско дело,Софийски районен съд,РИСАК 08 ЕООД,Молител,,
d726b4ad-1513-4700-bbe8-c250529d82c3,14410,2026,Частно гражданско дело,Софийски районен съд,ОЙЛ ТРЕЙД 78 ЕООД,Ответник,,
d726b4ad-1513-4700-bbe8-c250529d82c3,14410,2026,Частно гражданско дело,Софийски районен съд,И.Н.М.,Адвокат,Иван Найденов Мардеросов,
eb9a87c8-a020-4d80-a0dc-4a2622a19fee,6203,2026,Административно дело,Административен съд - София-град,В.С.С.,Жалбоподател,,
eb9a87c8-a020-4d80-a0dc-4a2622a19fee,6203,2026,Административно дело,Административен съд - София-град,ЗАМЕСТНИК-МИНИСТЪРА НА ПРАВОСЪДИЕТО,Ответник,,
4005eb29-bcdc-4f44-9f63-7c72876191fa,312,2026,Частно наказателно дело,Районен съд - Разград,Окръжна прокуратура - Разград,Вносител,,
acdaf4cb-b7ca-4b24-be96-e666eea1e5e2,194,2026,Частно гражданско дело,Окръжен съд - Кюстендил,ЕКОНТ ЕКСПРЕС АД,Молител,,
acdaf4cb-b7ca-4b24-be96-e666eea1e5e2,194,2026,Частно гражданско дело,Окръжен съд - Кюстендил,ГОРСТО ЕООД,Ответник,,
acdaf4cb-b7ca-4b24-be96-e666eea1e5e2,194,2026,Частно гражданско дело,Окръжен съд - Кюстендил,Г.Х.Т.,Адвокат,Гинка Христова Тодорова,
8104a0a0-20f8-4cde-a7b2-4ccb653708c4,14409,2026,Гражданско дело,Софийски районен съд,Г.С.П.,Ищец,,
8104a0a0-20f8-4cde-a7b2-4ccb653708c4,14409,2026,Гражданско дело,Софийски районен съд,"ЕТАЖНА СОБСТВЕНОСТ С АДМИНИСТРАТИВЕН АДРЕС: ГР. СОФИЯ, КВ. ВИТОША, УЛ. ""АЛБЕРТ АЙНЩАЙН"" № 12 В, ВХ.Д, ЖК ""AZURO GARDEN""",Ответник,,
8104a0a0-20f8-4cde-a7b2-4ccb653708c4,14409,2026,Гражданско дело,Софийски районен съд,К.Г.К.,Адвокат,,
d0968abc-6ae6-4a7b-9da3-9d74c3bdc634,395,2026,Частно наказателно дело,Окръжен съд - Плевен,Районно управление Полиция-Гулянци,Вносител,,
c51d2536-41d3-4491-957c-7a6122a7d2e3,14408,2026,Гражданско дело,Софийски районен съд,К.В.Ч.,Ищец,,
c51d2536-41d3-4491-957c-7a6122a7d2e3,14408,2026,Гражданско дело,Софийски районен съд,"ЕТАЖНАТА СОБСТВЕНОСТ В ЖИЛИЩНА СГРАДА С АДМИНИСТРАТИВЕН АДРЕС: ГР. СОФИЯ, КВ. ВИТОША, УЛ. ""АЛБЕРТ АЙНЩАЙН"" № 12Е, ВХ.Е, ЖК ""AZURO GARDEN""",Ответник,,
c51d2536-41d3-4491-957c-7a6122a7d2e3,14408,2026,Гражданско дело,Софийски районен съд,Г.С.П.,Законен представител,,
c51d2536-41d3-4491-957c-7a6122a7d2e3,14408,2026,Гражданско дело,Софийски районен съд,К.Г.К.,Адвокат,,
96f049c0-457d-4b0f-a355-5b19a0f13905,14407,2026,Гражданско дело,Софийски районен съд,Д.П.Х.,Ищец,,
96f049c0-457d-4b0f-a355-5b19a0f13905,14407,2026,Гражданско дело,Софийски районен съд,ЕОС МАТРИКС ЕООД,Ответник,,
96f049c0-457d-4b0f-a355-5b19a0f13905,14407,2026,Гражданско дело,Софийски районен съд,Н.Д.К.,Адвокат,,
0d5942f0-268d-4b87-a141-4d17ee71a05a,7555,2026,Частно наказателно дело,Софийски районен съд,Районен съд – Сандански,Вносител,,
0d5942f0-268d-4b87-a141-4d17ee71a05a,7555,2026,Частно наказателно дело,Софийски районен съд,Г.Л.С.,Вещо лице,,
0d5942f0-268d-4b87-a141-4d17ee71a05a,7555,2026,Частно наказателно дело,Софийски районен съд,Д.Р.Б.Г.М.,Вещо лице,,
851995c0-82d5-4597-9223-c7608acd18e3,7554,2026,Частно наказателно дело,Софийски районен съд,Окръжен съд – Пазарджик,Вносител,,
851995c0-82d5-4597-9223-c7608acd18e3,7554,2026,Частно наказателно дело,Софийски районен съд,Б.Г.М.,Вещо лице,,
851995c0-82d5-4597-9223-c7608acd18e3,7554,2026,Частно наказателно дело,Софийски районен съд,Й.Л.К.,Вещо лице,,
6a148b65-5ead-4a65-9de1-5ab0ebcbd67e,345,2026,Административно дело,Административен съд - Добрич,П.М.Д.,Жалбоподател,,
6a148b65-5ead-4a65-9de1-5ab0ebcbd67e,345,2026,Административно дело,Административен съд - Добрич,М.И.Д.,Жалбоподател,,
6a148b65-5ead-4a65-9de1-5ab0ebcbd67e,345,2026,Административно дело,Административен съд - Добрич,"ДИРЕКТОРА НА ДИРЕКЦИЯ ""СОЦИАЛНО ПОДПОМАГАНЕ"" - ДОБРИЧ",Ответник,,
6a148b65-5ead-4a65-9de1-5ab0ebcbd67e,345,2026,Административно дело,Административен съд - Добрич,Г.К.Г.,Адвокат,,
31b42262-8cb7-43ae-88de-6d52d0cc9d39,492,2026,Частно наказателно дело,Районен съд - Ямбол,Районна прокуратура - Ямбол,Вносител,,
31b42262-8cb7-43ae-88de-6d52d0cc9d39,492,2026,Частно наказателно дело,Районен съд - Ямбол,В.В.Т.,Обвинител,,
31b42262-8cb7-43ae-88de-6d52d0cc9d39,492,2026,Частно наказателно дело,Районен съд - Ямбол,Ю.И.Ч.,Осъден,,
31b42262-8cb7-43ae-88de-6d52d0cc9d39,492,2026,Частно наказателно дело,Районен съд - Ямбол,Х.Д.К.,Адвокат,Христина Димитрова Кожухарова,
226bb5f3-07cd-45b8-9466-9ef478559ba4,2199,2026,Частно наказателно дело,Районен съд - Варна,Районно управление ”Полиция” 03 - Варна,Вносител,,
226bb5f3-07cd-45b8-9466-9ef478559ba4,2199,2026,Частно наказателно дело,Районен съд - Варна,Т.Г.И.,Обвиняем,,
bdd2769a-574d-4ee3-b963-5fb6a5110941,7553,2026,Частно наказателно дело,Софийски районен съд,Районен съд – Велинград,Вносител,,
bdd2769a-574d-4ee3-b963-5fb6a5110941,7553,2026,Частно наказателно дело,Софийски районен съд,М.М.,Вещо лице,,
bdd2769a-574d-4ee3-b963-5fb6a5110941,7553,2026,Частно наказателно дело,Софийски районен съд,И.И.,Вещо лице,,
f57817a3-d634-492a-a7bf-7b011aa0fa9f,5270,2026,Касационно административно дело,Върховен административен съд,Директора на ТД на НАП – Варна,Касатор,,
f57817a3-d634-492a-a7bf-7b011aa0fa9f,5270,2026,Касационно административно дело,Върховен административен съд,Лиа-Варна ООД,Жалбоподател,,
f57817a3-d634-492a-a7bf-7b011aa0fa9f,5270,2026,Касационно административно дело,Върховен административен съд,Началник сектор в отдел Проверки в ТД на НАП Варна,Ответник,,
f57817a3-d634-492a-a7bf-7b011aa0fa9f,5270,2026,Касационно административно дело,Върховен административен съд,ДИРЕКТОР НА ТД НА НАП ВАРНА,Трето неучастващо лице,,
f57817a3-d634-492a-a7bf-7b011aa0fa9f,5270,2026,Касационно административно дело,Върховен административен съд,М.Н.Н.,Представляващ,,
f57817a3-d634-492a-a7bf-7b011aa0fa9f,5270,2026,Касационно административно дело,Върховен административен съд,С.З.А.,Адвокат,,
7d24d8fe-4495-4c77-a39a-0b7d4ee6a8d4,7552,2026,Частно наказателно дело,Софийски районен съд,06 РУ СДВР,Вносител,,
7d24d8fe-4495-4c77-a39a-0b7d4ee6a8d4,7552,2026,Частно наказателно дело,Софийски районен съд,В.И.Р.,Свидетел,,
37fda019-353b-42de-a383-7883b833bd3b,5269,2026,Касационно административно дело,Върховен административен съд,"""Еврокапитал - България"" ЕАД",Касатор,,
37fda019-353b-42de-a383-7883b833bd3b,5269,2026,Касационно административно дело,Върховен административен съд,"""Еврокапитал-България"" ЕАД /в несъстоятелност/ представлявано от синдика адв. Десислава Николова",Касатор,,
37fda019-353b-42de-a383-7883b833bd3b,5269,2026,Касационно административно дело,Върховен административен съд,ДИРЕКТОР НА ДИРЕКЦИЯ ОБЖАЛВАНЕ И ДАНЪЧНО ОСИГУРИТЕЛНА ПРАКТИКА БУРГАС ПРИ ЦУ НА НАП,Ответник,,
37fda019-353b-42de-a383-7883b833bd3b,5269,2026,Касационно административно дело,Върховен административен съд,"Директора на Дирекция ""Обжалване и данъчно-осигурителна практика"" Бургас",Ответник,,
37fda019-353b-42de-a383-7883b833bd3b,5269,2026,Касационно административно дело,Върховен административен съд,Л.Г.И.,Адвокат,,
37fda019-353b-42de-a383-7883b833bd3b,5269,2026,Касационно административно дело,Върховен административен съд,Д.Г.Н.,Процесуален представител,,
53c60817-1605-4f95-a075-c23a6ce0cb35,6202,2026,Административно дело,Административен съд - София-град,АБИМИ ЕООД,Жалбоподател,,
53c60817-1605-4f95-a075-c23a6ce0cb35,6202,2026,Административно дело,Административен съд - София-град,ДОДОП НАП,Ответник,,
5fe8639e-990e-44ca-b1c3-9f7d21212b8f,5268,2026,Частно административно дело,Върховен административен съд,"Директора на Дирекция ""Обжалване и данъчно-осигурителна практика"" Пловдив",Частен жалбоподател,,
5fe8639e-990e-44ca-b1c3-9f7d21212b8f,5268,2026,Частно административно дело,Върховен административен съд,СОДИБУЛ ЕООД,Жалбоподател,,
2056e64b-bac3-489c-9824-027d54791256,476,2026,Гражданско дело,Районен съд - Девня,А.С.И.,Ищец,,
2056e64b-bac3-489c-9824-027d54791256,476,2026,Гражданско дело,Районен съд - Девня,М.М.Х.,Ответник,,
2056e64b-bac3-489c-9824-027d54791256,476,2026,Гражданско дело,Районен съд - Девня,Е.А.Д.,Адвокат,,
2056e64b-bac3-489c-9824-027d54791256,476,2026,Гражданско дело,Районен съд - Девня,Г.М.М.,Страна,,
2056e64b-bac3-489c-9824-027d54791256,476,2026,Гражданско дело,Районен съд - Девня,М.К.Д.,Адвокат,,
2c91531a-22e5-4be2-abb5-d319edcecffb,1079,2026,Гражданско дело,Районен съд - Ловеч,И.В.В.,Ищец,,
2c91531a-22e5-4be2-abb5-d319edcecffb,1079,2026,Гражданско дело,Районен съд - Ловеч,ФЕРАТУМ БЪЛГАРИЯ ЕООД,Ответник,,
2c91531a-22e5-4be2-abb5-d319edcecffb,1079,2026,Гражданско дело,Районен съд - Ловеч,MULTITUDE BANK P.L.C /ФЕРАТУМ БАНК/ вписано в Търговския Регистър на Република Малта с № С56251,Ответник,,
2c91531a-22e5-4be2-abb5-d319edcecffb,1079,2026,Гражданско дело,Районен съд - Ловеч,В.Б.Б.,Адвокат,Владислав Бисеров Божиков,
2c91531a-22e5-4be2-abb5-d319edcecffb,1079,2026,Гражданско дело,Районен съд - Ловеч,Г.Г.Г.,Пълномощник,,
f58f0d3f-ee66-4b26-8fe7-40989530e3e5,6201,2026,Административно дело,Административен съд - София-град,О.Ч.,Жалбоподател,,
f58f0d3f-ee66-4b26-8fe7-40989530e3e5,6201,2026,Административно дело,Административен съд - София-град,Председател на ДАБ към МС,Ответник,,
7a1be28e-3e5d-4bf0-a55b-5c8205661777,5267,2026,Касационно административно дело,Върховен административен съд,"Директора на Дирекция ""Обжалване и данъчно-осигурителна практика"" Велико Търново",Касатор,,
7a1be28e-3e5d-4bf0-a55b-5c8205661777,5267,2026,Касационно административно дело,Върховен административен съд,УЕСТ АЛВИ ДЗЗД,Жалбоподател,,
7a1be28e-3e5d-4bf0-a55b-5c8205661777,5267,2026,Касационно административно дело,Върховен административен съд,"""Уест Алви ДЗЗД""",Ответник,,
7a1be28e-3e5d-4bf0-a55b-5c8205661777,5267,2026,Касационно административно дело,Върховен административен съд,ОКРЪЖНА ПРОКУРАТУРА ВРАЦА,Друго,,
7a1be28e-3e5d-4bf0-a55b-5c8205661777,5267,2026,Касационно административно дело,Върховен административен съд,Ц.И.М.,Вещо лице,,
7a1be28e-3e5d-4bf0-a55b-5c8205661777,5267,2026,Касационно административно дело,Върховен административен съд,Х.П.,Адвокат,,
7a1be28e-3e5d-4bf0-a55b-5c8205661777,5267,2026,Касационно административно дело,Върховен административен съд,В.Л.В.,Юрисконсулт,,
7a1be28e-3e5d-4bf0-a55b-5c8205661777,5267,2026,Касационно административно дело,Върховен административен съд,В.Р.А.,Адвокат,Виктор Руменов Антов,
7a1be28e-3e5d-4bf0-a55b-5c8205661777,5267,2026,Касационно административно дело,Върховен административен съд,В.А.,Адвокат,,
3b415ef8-fdb3-4dfe-8b12-ea73c713b003,1073,2026,Частно наказателно дело,Районен съд - Шумен,Районна прокуратура - Шумен,Вносител,,
3b415ef8-fdb3-4dfe-8b12-ea73c713b003,1073,2026,Частно наказателно дело,Районен съд - Шумен,Н.К.К.,Лице по принудително действие,,
e24ae6e3-c901-4588-8485-8887d58129d4,1078,2026,Гражданско дело,Районен съд - Ловеч,И.В.В.,Ищец,,
e24ae6e3-c901-4588-8485-8887d58129d4,1078,2026,Гражданско дело,Районен съд - Ловеч,БИ ЕНД ДЖИ КРЕДИТ ООД,Ответник,,
e24ae6e3-c901-4588-8485-8887d58129d4,1078,2026,Гражданско дело,Районен съд - Ловеч,В.Б.Б.,Адвокат,Владислав Бисеров Божиков,
ec30c758-b568-4f9e-946b-84b0bce2a98a,838,2026,Частно наказателно дело,Окръжен съд - Варна,Окръжна прокуратура - Варна,Вносител,,
a857e042-f526-483c-aa0b-175a13cac2f3,1072,2026,Частно наказателно дело,Районен съд - Шумен,Районна прокуратура - Шумен,Вносител,,
a857e042-f526-483c-aa0b-175a13cac2f3,1072,2026,Частно наказателно дело,Районен съд - Шумен,Н.К.К.,Лице по принудително действие,,
2ebd68e5-a359-4e13-9163-1216e24204a9,1077,2026,Гражданско дело,Районен съд - Ловеч,И.В.В.,Ищец,,
2ebd68e5-a359-4e13-9163-1216e24204a9,1077,2026,Гражданско дело,Районен съд - Ловеч,КРЕДИ ЙЕС ООД,Ответник,,
2ebd68e5-a359-4e13-9163-1216e24204a9,1077,2026,Гражданско дело,Районен съд - Ловеч,В.Б.Б.,Адвокат,Владислав Бисеров Божиков,
09aae065-b0a1-4d26-b1f1-71ac53822f61,6200,2026,Административно дело,Административен съд - София-град,Х.А.Н.,Жалбоподател,,
09aae065-b0a1-4d26-b1f1-71ac53822f61,6200,2026,Административно дело,Административен съд - София-град,ИНТЕРВЮИРАЩИЯ ОРГАН КЪМ ДЪРЖАВНАТА АГЕНЦИЯ ЗА БЕЖАНЦИТЕ ПРИ МИНИСТЕРСКИ СЪВЕТ,Ответник,,
09aae065-b0a1-4d26-b1f1-71ac53822f61,6200,2026,Административно дело,Административен съд - София-град,С.И.,Адвокат,,
09aae065-b0a1-4d26-b1f1-71ac53822f61,6200,2026,Административно дело,Административен съд - София-град,Т.А.Ю.,Преводач,,
596e28bb-2610-48e6-a8f8-883e8e4f1d1b,5266,2026,Касационно административно дело,Върховен административен съд,В.Д.А.,Касатор,Милена Дончева Филипова,
596e28bb-2610-48e6-a8f8-883e8e4f1d1b,5266,2026,Касационно административно дело,Върховен административен съд,"Директора на Дирекция ""Обжалване и данъчно-осигурителна практика"" Пловдив",Частен жалбоподател,,
596e28bb-2610-48e6-a8f8-883e8e4f1d1b,5266,2026,Касационно административно дело,Върховен административен съд,НАЧАЛНИК СЕКТОР -РЕВИЗИИ-ДИРЕКЦИЯ-КОНТРОЛ- ПРИ ТД НА НАП-ПЛОВДИВ,Ответник,,
596e28bb-2610-48e6-a8f8-883e8e4f1d1b,5266,2026,Касационно административно дело,Върховен административен съд,ДИРЕКТОР НА ДИРЕКЦИЯ ОДОП ПЛОВДИВ ПРИ ЦУ НА НАП,Ответник,,
596e28bb-2610-48e6-a8f8-883e8e4f1d1b,5266,2026,Касационно административно дело,Върховен административен съд,Административен съд - Хасково,Ответник,,
596e28bb-2610-48e6-a8f8-883e8e4f1d1b,5266,2026,Касационно административно дело,Върховен административен съд,Р.М.К.,Вещо лице,,
596e28bb-2610-48e6-a8f8-883e8e4f1d1b,5266,2026,Касационно административно дело,Върховен административен съд,М.Д.Ф.,Адвокат,,
596e28bb-2610-48e6-a8f8-883e8e4f1d1b,5266,2026,Касационно административно дело,Върховен административен съд,Н.Е.П.,Процесуален представител,,
24a2df2d-1023-4d4e-9eea-fa3b50326fdd,837,2026,Частно наказателно дело,Окръжен съд - Варна,Районен съд Пржеров Чешка република,Вносител,,
9465488e-4914-48ef-a343-a64c750f3964,6199,2026,Административно дело,Административен съд - София-град,А.А.Х.,Жалбоподател,,
9465488e-4914-48ef-a343-a64c750f3964,6199,2026,Административно дело,Административен съд - София-град,ИНТЕРВЮИРАЩ ОРГАН В РПЦ - ХАРМАНЛИ НА ДАБ ПРИ МС,Ответник,,
85f8ca5c-46f5-4d92-ba09-863e5a203917,836,2026,Частно наказателно дело,Окръжен съд - Варна,Окръжна прокуратура - Варна,Вносител,,
85f8ca5c-46f5-4d92-ba09-863e5a203917,836,2026,Частно наказателно дело,Окръжен съд - Варна,Д.И.И.,Обвинител,,
85f8ca5c-46f5-4d92-ba09-863e5a203917,836,2026,Частно наказателно дело,Окръжен съд - Варна,Н.А.А.,Подсъдим,,
85f8ca5c-46f5-4d92-ba09-863e5a203917,836,2026,Частно наказателно дело,Окръжен съд - Варна,В.Г.Т.,Служебен защитник,,
dc22a0a7-c0b4-4069-a0c6-f6d637cb5d9c,1538,2026,Гражданско дело,Районен съд - Габрово,Р.Х.К.,Молител,,
dc22a0a7-c0b4-4069-a0c6-f6d637cb5d9c,1538,2026,Гражданско дело,Районен съд - Габрово,М.Х.К.,Молител,,
f7de5a58-e06b-43d3-a763-2c6701af1307,5265,2026,Касационно административно дело,Върховен административен съд,Г.З.Д.,Касатор,,
f7de5a58-e06b-43d3-a763-2c6701af1307,5265,2026,Касационно административно дело,Върховен административен съд,ДИРЕКТОРА НА ДИРЕКЦИЯ ОДОП-СОФИЯ ПРИ НА ЦУ НА НАП,Ответник,,
f7de5a58-e06b-43d3-a763-2c6701af1307,5265,2026,Касационно административно дело,Върховен административен съд,"Директора на Дирекция ""Обжалване и данъчно-осигурителна практика"" София",Ответник,,
f7de5a58-e06b-43d3-a763-2c6701af1307,5265,2026,Касационно административно дело,Върховен административен съд,СОФИЙСКА ГРАДСКА ПРОКУРАТУРА,Друго,,
f7de5a58-e06b-43d3-a763-2c6701af1307,5265,2026,Касационно административно дело,Върховен административен съд,М.Г.Е.,Вещо лице,,
f7de5a58-e06b-43d3-a763-2c6701af1307,5265,2026,Касационно административно дело,Върховен административен съд,Р.Н.Н.,Адвокат,,
f7de5a58-e06b-43d3-a763-2c6701af1307,5265,2026,Касационно административно дело,Върховен административен съд,Р.Н.Н.,Адвокат,,
f7de5a58-e06b-43d3-a763-2c6701af1307,5265,2026,Касационно административно дело,Върховен административен съд,Р.Н.Н.,Адвокат,,
b50b2fff-aa7a-4d5b-baef-ac6b723cc760,6198,2026,Административно дело,Административен съд - София-град,ДИАНД ЕООД,Жалбоподател,,
b50b2fff-aa7a-4d5b-baef-ac6b723cc760,6198,2026,Административно дело,Административен съд - София-град,ДОДОП НАП,Ответник,,
b50b2fff-aa7a-4d5b-baef-ac6b723cc760,6198,2026,Административно дело,Административен съд - София-град,А.Т.Т.,Адвокат,,
8eceaed0-5839-4983-b5fb-d2c4cb938d81,632,2026,Гражданско дело,Районен съд - Разлог,О.М.Д.К.,Ищец,Венета Господинова Тенева,
8eceaed0-5839-4983-b5fb-d2c4cb938d81,632,2026,Гражданско дело,Районен съд - Разлог,"Етажна собственост комплекс ""Сейнт Джордж Лодж"", предст. от управителя Тимъти Ууд",Ответник,,
5c8861f0-c042-4691-bdca-4d7010801bd2,835,2026,Частно наказателно дело,Окръжен съд - Варна,Министерство на правосъдието Словения,Вносител,,
5c8861f0-c042-4691-bdca-4d7010801bd2,835,2026,Частно наказателно дело,Окръжен съд - Варна,Е.А.А.,Заинтересована страна,,
3992b395-5f16-4ad7-b915-81577362b997,6197,2026,Административно дело,Административен съд - София-град,С.М.Е.,Жалбоподател,,
3992b395-5f16-4ad7-b915-81577362b997,6197,2026,Административно дело,Административен съд - София-град,"ДИРЕКТОРА НА ДИРЕКЦИЯ ""ОДОП"" ГР. СОФИЯ ПРИ ЦУ НА НАП",Ответник,,
2c7bc49d-d53c-405e-aa97-5ea1bdb47170,1537,2026,Гражданско дело,Районен съд - Габрово,Д.Н.Л.,Ищец,,
2c7bc49d-d53c-405e-aa97-5ea1bdb47170,1537,2026,Гражданско дело,Районен съд - Габрово,ЙЕТТЕЛ БЪЛГАРИЯ ЕАД,Ответник,,
2c7bc49d-d53c-405e-aa97-5ea1bdb47170,1537,2026,Гражданско дело,Районен съд - Габрово,В.В.С.,Адвокат,Валерия Владимирова Спасова,
2c7bc49d-d53c-405e-aa97-5ea1bdb47170,1537,2026,Гражданско дело,Районен съд - Габрово,И.П.А.,Юрисконсулт,,
96a23f5a-d3d9-4636-a143-8e12de6a3099,6196,2026,Административно дело,Административен съд - София-град,ВРАТИЦА ВРАЦА АД,Жалбоподател,,
96a23f5a-d3d9-4636-a143-8e12de6a3099,6196,2026,Административно дело,Административен съд - София-град,"ДИРЕКТОРЪТ НА ДИРЕКЦИЯ ""ОДОП"" - СОФИЯ ПРИ ЦУ НА НАП",Ответник,,
96a23f5a-d3d9-4636-a143-8e12de6a3099,6196,2026,Административно дело,Административен съд - София-град,СГП,Друго,,
96a23f5a-d3d9-4636-a143-8e12de6a3099,6196,2026,Административно дело,Административен съд - София-град,Е.Н.Л.,Адвокат,Емилия Натова Лазарова,
b297596e-6862-48d4-9115-66c5bfb7d4da,330,2026,Гражданско дело,Районен съд - Нова Загора,К.Г.Т.,Ищец,,
b297596e-6862-48d4-9115-66c5bfb7d4da,330,2026,Гражданско дело,Районен съд - Нова Загора,Окръжен съд – Сливен,Ответник,,
fa32bb1d-f2c3-4bcf-82ae-3567fd68e8a5,834,2026,Частно наказателно дело,Окръжен съд - Варна,Окръжна прокуратура - Варна,Вносител,,
fa32bb1d-f2c3-4bcf-82ae-3567fd68e8a5,834,2026,Частно наказателно дело,Окръжен съд - Варна,Министерство на регионалното развитие и благоустройството,Жалбоподател,,
fa32bb1d-f2c3-4bcf-82ae-3567fd68e8a5,834,2026,Частно наказателно дело,Окръжен съд - Варна,А.К.С.,Представляващ,,
bbf1e114-44d9-4d6c-bcd9-08758158aac7,2799,2026,Гражданско дело,Районен съд - Шумен,И.Т.И.,Ищец,Красен Димитров Кръстев,
bbf1e114-44d9-4d6c-bcd9-08758158aac7,2799,2026,Гражданско дело,Районен съд - Шумен,ОБЕДИНЕНА БЪЛГАРСКА БАНКА АД,Ответник,,
61248af3-5471-465f-83f3-b016078c68e0,758,2026,Административно наказателно дело,Районен съд - Пазарджик,Районна прокуратура - Пазарджик,Вносител,,
61248af3-5471-465f-83f3-b016078c68e0,758,2026,Административно наказателно дело,Районен съд - Пазарджик,М.Б.С.,Обвиняем,,
61248af3-5471-465f-83f3-b016078c68e0,758,2026,Административно наказателно дело,Районен съд - Пазарджик,В.И.Н.,Адвокат,,
e8f65743-1958-48ad-9f98-da0a87189001,757,2026,Административно наказателно дело,Районен съд - Пазарджик,Районна прокуратура - Пазарджик,Вносител,,
e8f65743-1958-48ad-9f98-da0a87189001,757,2026,Административно наказателно дело,Районен съд - Пазарджик,Д.К.Ч.,Обвинител,,
e8f65743-1958-48ad-9f98-da0a87189001,757,2026,Административно наказателно дело,Районен съд - Пазарджик,Б.Г.А.,Обвиняем,,
e8f65743-1958-48ad-9f98-da0a87189001,757,2026,Административно наказателно дело,Районен съд - Пазарджик,К.Я.Б.,Свидетел,,
9ef7ef11-62db-466c-be8b-1e1853c4b3e8,756,2026,Наказателно дело от общ характер,Районен съд - Пазарджик,Районна прокуратура - Пазарджик,Вносител,,
9ef7ef11-62db-466c-be8b-1e1853c4b3e8,756,2026,Наказателно дело от общ характер,Районен съд - Пазарджик,М.А.А.,Обвинител,,
9ef7ef11-62db-466c-be8b-1e1853c4b3e8,756,2026,Наказателно дело от общ характер,Районен съд - Пазарджик,С.К.Т.,Обвиняем,,
9ef7ef11-62db-466c-be8b-1e1853c4b3e8,756,2026,Наказателно дело от общ характер,Районен съд - Пазарджик,Н.А.К.,Адвокат,,
9ef7ef11-62db-466c-be8b-1e1853c4b3e8,756,2026,Наказателно дело от общ характер,Районен съд - Пазарджик,Затвор - Пазарджик,Друго,,
123875b7-44f1-44df-a398-6be9502cef64,755,2026,Наказателно дело от общ характер,Районен съд - Пазарджик,Районна прокуратура - Пазарджик,Вносител,,
123875b7-44f1-44df-a398-6be9502cef64,755,2026,Наказателно дело от общ характер,Районен съд - Пазарджик,А.Й.А.,Обвинител,,
123875b7-44f1-44df-a398-6be9502cef64,755,2026,Наказателно дело от общ характер,Районен съд - Пазарджик,В.С.Г.,Обвинител,,
123875b7-44f1-44df-a398-6be9502cef64,755,2026,Наказателно дело от общ характер,Районен съд - Пазарджик,С.Г.Ф.,Обвиняем,,
123875b7-44f1-44df-a398-6be9502cef64,755,2026,Наказателно дело от общ характер,Районен съд - Пазарджик,Т.С.К.,Адвокат,,
3942328f-d00e-4633-b4f6-b2597faeab5f,754,2026,Административно наказателно дело,Районен съд - Пазарджик,ХЕБРОС БУС АД,Жалбоподател,,
3942328f-d00e-4633-b4f6-b2597faeab5f,754,2026,Административно наказателно дело,Районен съд - Пазарджик,АПИ НАЦИОНАЛНО ТОЛ УПРАВЛЕНИЕ-гр.СОФИЯ,Админ.наказ.орган,,
3942328f-d00e-4633-b4f6-b2597faeab5f,754,2026,Административно наказателно дело,Районен съд - Пазарджик,Й.К.Л.,Адвокат,Йоана Красимирова Лалова,
3942328f-d00e-4633-b4f6-b2597faeab5f,754,2026,Административно наказателно дело,Районен съд - Пазарджик,А.М.М.,Юрисконсулт,,
1cb275cf-a959-4a50-acf2-3f7856051501,753,2026,Административно наказателно дело,Районен съд - Пазарджик,ЕТ НИКОЛЕТА ВАСИЛЕВА - НИКОЛЕТИИ,Жалбоподател,,
1cb275cf-a959-4a50-acf2-3f7856051501,753,2026,Административно наказателно дело,Районен съд - Пазарджик,Н.Б.В.,Законен представител,,
1cb275cf-a959-4a50-acf2-3f7856051501,753,2026,Административно наказателно дело,Районен съд - Пазарджик,"ДИРЕКТОР НА ДИРЕКЦИЯ ""ИНСПЕКЦИЯ ПО ТРУДА"" ГР.ПАЗАРДЖИК",Админ.наказ.орган,,
1cb275cf-a959-4a50-acf2-3f7856051501,753,2026,Административно наказателно дело,Районен съд - Пазарджик,А.Н.Г.,Актосъставител,,
1cb275cf-a959-4a50-acf2-3f7856051501,753,2026,Административно наказателно дело,Районен съд - Пазарджик,Н.К.С.,Юрисконсулт,,
1cb275cf-a959-4a50-acf2-3f7856051501,753,2026,Административно наказателно дело,Районен съд - Пазарджик,М.Й.Ш.,Свидетел,,
81643bfe-fd05-4a57-921a-dd585a3ddafc,752,2026,Административно наказателно дело,Районен съд - Пазарджик,А.Р.К.,Жалбоподател,,
81643bfe-fd05-4a57-921a-dd585a3ddafc,752,2026,Административно наказателно дело,Районен съд - Пазарджик,Сектор “Пътна полиция” - ОДМВР – Пазарджик,Админ.наказ.орган,,
81643bfe-fd05-4a57-921a-dd585a3ddafc,752,2026,Административно наказателно дело,Районен съд - Пазарджик,К.М.У.,Адвокат,,
81643bfe-fd05-4a57-921a-dd585a3ddafc,752,2026,Административно наказателно дело,Районен съд - Пазарджик,"НАЧАЛНИК СЕКТОР ПРИ ОД МВР ПАЗАРДЖИК ,РУ ПАЗАРДЖИК",Админ.наказ.орган,,
81643bfe-fd05-4a57-921a-dd585a3ddafc,752,2026,Административно наказателно дело,Районен съд - Пазарджик,Д.Н.Ц.,Актосъставител,,
81643bfe-fd05-4a57-921a-dd585a3ddafc,752,2026,Административно наказателно дело,Районен съд - Пазарджик,Районна прокуратура - Пазарджик,Страна,,
52f0e3b4-489b-416f-b280-43e7fcd69cfa,18,2026,Частно административно дело,Върховен административен съд,Министър на вътрешните работи,Частен жалбоподател,,
aafca1d6-3f52-4c01-89be-09d06c496e24,5319,2026,Касационно административно дело,Върховен административен съд,"Комисия за защита на личните данни, гр. София",Касатор,,
aafca1d6-3f52-4c01-89be-09d06c496e24,5319,2026,Касационно административно дело,Върховен административен съд,"""Стеник груп"" ООД",Жалбоподател,,
aafca1d6-3f52-4c01-89be-09d06c496e24,5319,2026,Касационно административно дело,Върховен административен съд,Административен съд - София-град,Ответник,,
aafca1d6-3f52-4c01-89be-09d06c496e24,5319,2026,Касационно административно дело,Върховен административен съд,ПРОКУРОР ПРИ СГП,Друго,,
aafca1d6-3f52-4c01-89be-09d06c496e24,5319,2026,Касационно административно дело,Върховен административен съд,ДАНИЕЛ ЗЛАТИМИРОВ КАРАПАНЧЕВ,Вещо лице,,
aafca1d6-3f52-4c01-89be-09d06c496e24,5319,2026,Касационно административно дело,Върховен административен съд,"АДВОКАТСКО ДРУЖЕСДТВО ""ВЛАДИМИРОВ КИСКИНОВ"" ЧРЕЗ АДВ. НИКОЛАЙ КИСКИНОВ",Адвокат,,
aafca1d6-3f52-4c01-89be-09d06c496e24,5319,2026,Касационно административно дело,Върховен административен съд,Н.К.,Адвокат,,
8d7997d3-286f-401c-a9f5-3db913aae1a2,5318,2026,Частно административно дело,Върховен административен съд,Г.В.К.,Частен жалбоподател,,
8d7997d3-286f-401c-a9f5-3db913aae1a2,5318,2026,Частно административно дело,Върховен административен съд,Г.В.К.,Частен жалбоподател,,
8d7997d3-286f-401c-a9f5-3db913aae1a2,5318,2026,Частно административно дело,Върховен административен съд,Г.В.К.,Частен жалбоподател,,
8d7997d3-286f-401c-a9f5-3db913aae1a2,5318,2026,Частно административно дело,Върховен административен съд,АССО,Ответник,,
8d7997d3-286f-401c-a9f5-3db913aae1a2,5318,2026,Частно административно дело,Върховен административен съд,АССГ,Ответник,,
8d7997d3-286f-401c-a9f5-3db913aae1a2,5318,2026,Частно административно дело,Върховен административен съд,Административен съд - София-град,Ответник,,
6ecca898-31af-4f02-a20a-7b45d5501d4e,5317,2026,Частно административно дело,Върховен административен съд,С.П.С.,Частен жалбоподател,,
6ecca898-31af-4f02-a20a-7b45d5501d4e,5317,2026,Частно административно дело,Върховен административен съд,ГЛАВНА ДИРЕКЦИЯ ИЗПЪЛНЕНИЕ НА НАКАЗАНИЯТА КЪМ МИНИСТЕРСТВО НА ПРАВОСЪДИЕТО,Ответник,,
8f63621b-1bec-493e-941b-06f5769c9ed7,5316,2026,Касационно административно дело,Върховен административен съд,Община Благоевград,Касатор,,
8f63621b-1bec-493e-941b-06f5769c9ed7,5316,2026,Касационно административно дело,Върховен административен съд,К.А.Ш.,Ищец,,
8f63621b-1bec-493e-941b-06f5769c9ed7,5316,2026,Касационно административно дело,Върховен административен съд,Окръжна прокуратура Благоевград,Контролираща страна,,
8f63621b-1bec-493e-941b-06f5769c9ed7,5316,2026,Касационно административно дело,Върховен административен съд,Д.П.,Адвокат,,
8f63621b-1bec-493e-941b-06f5769c9ed7,5316,2026,Касационно административно дело,Върховен административен съд,С.Б.,Адвокат,,
8f63621b-1bec-493e-941b-06f5769c9ed7,5316,2026,Касационно административно дело,Върховен административен съд,И.С.Я.,Юрисконсулт,,
8f63621b-1bec-493e-941b-06f5769c9ed7,5316,2026,Касационно административно дело,Върховен административен съд,Р.А.Г.,Юрисконсулт,,
08d0973a-b080-4158-931f-30e8289c7aad,5315,2026,Частно административно дело,Върховен административен съд,"""Карго линк транспорт"" ООД",Частен жалбоподател,,
08d0973a-b080-4158-931f-30e8289c7aad,5315,2026,Частно административно дело,Върховен административен съд,"""КаргоЛинк транспорт"" ЕООД",Касатор,,
08d0973a-b080-4158-931f-30e8289c7aad,5315,2026,Частно административно дело,Върховен административен съд,ОД МВР ПП КАТ БУРГАС,Ответник,,
08d0973a-b080-4158-931f-30e8289c7aad,5315,2026,Частно административно дело,Върховен административен съд,ОД НА МВР БУРГАС,Ответник,,
08d0973a-b080-4158-931f-30e8289c7aad,5315,2026,Частно административно дело,Върховен административен съд,Административен съд - Бургас,Ответник,,
08d0973a-b080-4158-931f-30e8289c7aad,5315,2026,Частно административно дело,Върховен административен съд,ОКРЪЖНА ПРОКУРАТУРА БУРГАС,Контролираща страна,,
08d0973a-b080-4158-931f-30e8289c7aad,5315,2026,Частно административно дело,Върховен административен съд,И.Г.М.,Адвокат,,
08d0973a-b080-4158-931f-30e8289c7aad,5315,2026,Частно административно дело,Върховен административен съд,А.Д.И.,Процесуален представител,,
0b09969b-af68-4a2d-99c2-262f8c29a859,5314,2026,Касационно административно дело,Върховен административен съд,А.С.П.,Касатор,,
0b09969b-af68-4a2d-99c2-262f8c29a859,5314,2026,Касационно административно дело,Върховен административен съд,"ДЪРЖАВЕН ФОНД ""ЗЕМЕДЕЛИЕ""",Ответник,,
0b09969b-af68-4a2d-99c2-262f8c29a859,5314,2026,Касационно административно дело,Върховен административен съд,ЗАМЕСТНИК ИЗПЪЛНИТЕЛЕН ДИРЕКТОР НА ДФ ЗЕМЕДЕЛИЕ,Ответник,,
0b09969b-af68-4a2d-99c2-262f8c29a859,5314,2026,Касационно административно дело,Върховен административен съд,"Заместник изпълнителния директор на Държавен фонд ""Земеделие""",Ответник,,
0b09969b-af68-4a2d-99c2-262f8c29a859,5314,2026,Касационно административно дело,Върховен административен съд,М.Й.В.,Вещо лице,,
0b09969b-af68-4a2d-99c2-262f8c29a859,5314,2026,Касационно административно дело,Върховен административен съд,И.Н.С.,Вещо лице,,
0b09969b-af68-4a2d-99c2-262f8c29a859,5314,2026,Касационно административно дело,Върховен административен съд,С.Р.М.,Свидетел,,
0b09969b-af68-4a2d-99c2-262f8c29a859,5314,2026,Касационно административно дело,Върховен административен съд,Б.В.М.,Свидетел,,
0b09969b-af68-4a2d-99c2-262f8c29a859,5314,2026,Касационно административно дело,Върховен административен съд,К.К.,Пълномощник,,
0b09969b-af68-4a2d-99c2-262f8c29a859,5314,2026,Касационно административно дело,Върховен административен съд,К.Л.К.,Пълномощник,,
0b09969b-af68-4a2d-99c2-262f8c29a859,5314,2026,Касационно административно дело,Върховен административен съд,Д.И.Ч.,Свидетел,,
0b09969b-af68-4a2d-99c2-262f8c29a859,5314,2026,Касационно административно дело,Върховен административен съд,А.И.О.,Адвокат,,
9c9372cb-8a8a-40a1-82f8-ccecd8cbbd10,5313,2026,Частно административно дело,Върховен административен съд,Михаил Михайлов Стефанов,Частен жалбоподател,,
9c9372cb-8a8a-40a1-82f8-ccecd8cbbd10,5313,2026,Частно административно дело,Върховен административен съд,АГЕНЦИЯ ПО ВПИДВАНИЯТА,Ответник,,
9c9372cb-8a8a-40a1-82f8-ccecd8cbbd10,5313,2026,Частно административно дело,Върховен административен съд,СОФИЙСКА ГРАДСКА ПРОКУРАТУРА,Друго,,
9c9372cb-8a8a-40a1-82f8-ccecd8cbbd10,5313,2026,Частно административно дело,Върховен административен съд,А.Л.Н.,Вещо лице,,
9c9372cb-8a8a-40a1-82f8-ccecd8cbbd10,5313,2026,Частно административно дело,Върховен административен съд,Е.К.В.К.В.,Вещо лице,,
9c9372cb-8a8a-40a1-82f8-ccecd8cbbd10,5313,2026,Частно административно дело,Върховен административен съд,Д.Р.Д.Р.М.,Вещо лице,,
9c9372cb-8a8a-40a1-82f8-ccecd8cbbd10,5313,2026,Частно административно дело,Върховен административен съд,Д.Д.П.Д.П.,Вещо лице,,
9c9372cb-8a8a-40a1-82f8-ccecd8cbbd10,5313,2026,Частно административно дело,Върховен административен съд,М.Х.Ц.,Адвокат,,
916c483a-be4c-4de7-a9ef-362af54d10a0,5312,2026,Частно административно дело,Върховен административен съд,Е.В.В.,Частен жалбоподател,КРАСИМИР ГЕОРГИЕВ МАРКОВ,
916c483a-be4c-4de7-a9ef-362af54d10a0,5312,2026,Частно административно дело,Върховен административен съд,МИНИСТЕРСТВО НА ВЪТРЕШНИТЕ РАБОТИ (МВР),Ответник,,
916c483a-be4c-4de7-a9ef-362af54d10a0,5312,2026,Частно административно дело,Върховен административен съд,ВЪРХОВЕН АДМИНИСТРАТИВЕ СЪД,Ответник,,
916c483a-be4c-4de7-a9ef-362af54d10a0,5312,2026,Частно административно дело,Върховен административен съд,СОФИЙСКА ГРАДСКА ПРОКУРАТУРА,Друго,,
916c483a-be4c-4de7-a9ef-362af54d10a0,5312,2026,Частно административно дело,Върховен административен съд,К.Г.М.,Адвокат,,
916c483a-be4c-4de7-a9ef-362af54d10a0,5312,2026,Частно административно дело,Върховен административен съд,К.Г.М.,Адвокат,,
4b02ae80-21d2-4aef-a426-7f1d677f3c1d,5311,2026,Частно административно дело,Върховен административен съд,Д.В.Ш.,Частен жалбоподател,,
4b02ae80-21d2-4aef-a426-7f1d677f3c1d,5311,2026,Частно административно дело,Върховен административен съд,Административен съд -Варна,Ответник,,
4b02ae80-21d2-4aef-a426-7f1d677f3c1d,5311,2026,Частно административно дело,Върховен административен съд,заместник и.ф административен ръководител-председател на РС-Девня,Ответник,,
4b02ae80-21d2-4aef-a426-7f1d677f3c1d,5311,2026,Частно административно дело,Върховен административен съд,Софийска окръжна прокуратура,Страна,,
18ed2609-538a-446d-a650-aba14af42d8a,5310,2026,Частно административно дело,Върховен административен съд,Областен управител на област София,Частен жалбоподател,,
18ed2609-538a-446d-a650-aba14af42d8a,5310,2026,Частно административно дело,Върховен административен съд,Н.Д.С.П.,Жалбоподател,,
18ed2609-538a-446d-a650-aba14af42d8a,5310,2026,Частно административно дело,Върховен административен съд,Т.М.Д.,Адвокат,Теодора Мирославова Досова,
cfc9b6fd-33d8-47b0-af8a-d670949e38eb,5309,2026,Касационно административно дело,Върховен административен съд,К.С.К.,Касатор,,
cfc9b6fd-33d8-47b0-af8a-d670949e38eb,5309,2026,Касационно административно дело,Върховен административен съд,Комисия за енергийно и водно регулиране,Касатор,,
cfc9b6fd-33d8-47b0-af8a-d670949e38eb,5309,2026,Касационно административно дело,Върховен административен съд,КЕВР,Ответник,,
cfc9b6fd-33d8-47b0-af8a-d670949e38eb,5309,2026,Касационно административно дело,Върховен административен съд,Административен съд - София-град,Ответник,,
cfc9b6fd-33d8-47b0-af8a-d670949e38eb,5309,2026,Касационно административно дело,Върховен административен съд,"""Електроразпределение Север"" АД",Ответник,,
cfc9b6fd-33d8-47b0-af8a-d670949e38eb,5309,2026,Касационно административно дело,Върховен административен съд,СГП,Друго,,
cfc9b6fd-33d8-47b0-af8a-d670949e38eb,5309,2026,Касационно административно дело,Върховен административен съд,""" ЕЛЕКТРОРАЗПРЕДЕЛЕНИЕ СЕВЕР"" АД",Заинтересована страна,,
cfc9b6fd-33d8-47b0-af8a-d670949e38eb,5309,2026,Касационно административно дело,Върховен административен съд,С.Г.С.,Адвокат,,
cfc9b6fd-33d8-47b0-af8a-d670949e38eb,5309,2026,Касационно административно дело,Върховен административен съд,С.Г.С.,Адвокат,,
cfc9b6fd-33d8-47b0-af8a-d670949e38eb,5309,2026,Касационно административно дело,Върховен административен съд,А.П.Г.Н.,Адвокат,,
cfc9b6fd-33d8-47b0-af8a-d670949e38eb,5309,2026,Касационно административно дело,Върховен административен съд,П.Н.,Адвокат,,
8e23285c-179a-438c-9fc2-ba1fe4580c95,5308,2026,Касационно административно дело,Върховен административен съд,"""Банка ДСК"" АД",Касатор,,
8e23285c-179a-438c-9fc2-ba1fe4580c95,5308,2026,Касационно административно дело,Върховен административен съд,А.В.А.,Жалбоподател,,
8e23285c-179a-438c-9fc2-ba1fe4580c95,5308,2026,Касационно административно дело,Върховен административен съд,БАНКА ДСК АД,Ответник,,
8e23285c-179a-438c-9fc2-ba1fe4580c95,5308,2026,Касационно административно дело,Върховен административен съд,Александър Венциславов Атанасов,Ответник,Айлин Фахри Али,
8e23285c-179a-438c-9fc2-ba1fe4580c95,5308,2026,Касационно административно дело,Върховен административен съд,А.А.,Адвокат,,
8e23285c-179a-438c-9fc2-ba1fe4580c95,5308,2026,Касационно административно дело,Върховен административен съд,Х.К.Д.,Пълномощник,,
8e23285c-179a-438c-9fc2-ba1fe4580c95,5308,2026,Касационно административно дело,Върховен административен съд,Христиана Красимирова Димитрова,Пълномощник,,
8e23285c-179a-438c-9fc2-ba1fe4580c95,5308,2026,Касационно административно дело,Върховен административен съд,Айлин Али.,Адвокат,,
a725e39a-1343-4691-be6c-0449e38713dc,5307,2026,Частно административно дело,Върховен административен съд,"""Рууф къмпани Про"" ЕООД",Частен жалбоподател,,
a725e39a-1343-4691-be6c-0449e38713dc,5307,2026,Частно административно дело,Върховен административен съд,"Басейнова дирекция""Дунавски район""",Ответник,,
a725e39a-1343-4691-be6c-0449e38713dc,5307,2026,Частно административно дело,Върховен административен съд,П.С.З.,Адвокат,,
fa7d73bb-94d4-475b-935e-d9564c9a227b,5306,2026,Касационно административно дело,Върховен административен съд,"Кмета на Столична община - район ""Красна поляна""",Касатор,,
fa7d73bb-94d4-475b-935e-d9564c9a227b,5306,2026,Касационно административно дело,Върховен административен съд,ЕТ НЕБИ -РАДИНА ЙОЦЕВА,Жалбоподател,,
fa7d73bb-94d4-475b-935e-d9564c9a227b,5306,2026,Касационно административно дело,Върховен административен съд,"Кмета на район ""Красна поляна"" - Столична община",Ответник,,
fa7d73bb-94d4-475b-935e-d9564c9a227b,5306,2026,Касационно административно дело,Върховен административен съд,"ЕТ ""Неби - Радина Йоцева""",Ответник,,
fa7d73bb-94d4-475b-935e-d9564c9a227b,5306,2026,Касационно административно дело,Върховен административен съд,Р.Д.Й.,Представляващ,,
3a492bad-2113-471c-a89b-68a5fcc202b8,5305,2026,Частно административно дело,Върховен административен съд,М.Б.Т.,Частен жалбоподател,,
3a492bad-2113-471c-a89b-68a5fcc202b8,5305,2026,Частно административно дело,Върховен административен съд,И.Б.Г.,Жалбоподател,,
3a492bad-2113-471c-a89b-68a5fcc202b8,5305,2026,Частно административно дело,Върховен административен съд,КМЕТЪТ НА РАЙОН ПАНЧАРЕВО,Ответник,,
3a492bad-2113-471c-a89b-68a5fcc202b8,5305,2026,Частно административно дело,Върховен административен съд,СГП,Друго,,
3a492bad-2113-471c-a89b-68a5fcc202b8,5305,2026,Частно административно дело,Върховен административен съд,М.Б.Т.,Трето лице,,
3a492bad-2113-471c-a89b-68a5fcc202b8,5305,2026,Частно административно дело,Върховен административен съд,Г.С.,Адвокат,,
3a492bad-2113-471c-a89b-68a5fcc202b8,5305,2026,Частно административно дело,Върховен административен съд,М.П.М.,Адвокат,,
2a906a1c-b1b7-4300-a93c-b501341f8b79,5304,2026,Касационно административно дело,Върховен административен съд,"ВПД директор на Главна дирекция ""Национална полиция""",Касатор,,
2a906a1c-b1b7-4300-a93c-b501341f8b79,5304,2026,Касационно административно дело,Върховен административен съд,П.И.К.,Жалбоподател,,
2a906a1c-b1b7-4300-a93c-b501341f8b79,5304,2026,Касационно административно дело,Върховен административен съд,ДИРЕКТОРА НА ГД „НАЦИОНАЛНА ПОЛИЦИЯ‘‘,Ответник,,
2a906a1c-b1b7-4300-a93c-b501341f8b79,5304,2026,Касационно административно дело,Върховен административен съд,П.И.К.,Ответник,,
2a906a1c-b1b7-4300-a93c-b501341f8b79,5304,2026,Касационно административно дело,Върховен административен съд,К.Х.,Адвокат,,
2a906a1c-b1b7-4300-a93c-b501341f8b79,5304,2026,Касационно административно дело,Върховен административен съд,К.Г.Х.,Адвокат,,
9aa4385a-91b9-4ed3-aa24-4d7ec2792c81,5303,2026,Касационно административно дело,Върховен административен съд,"""Италгифт БГ"" ЕООД",Касатор,,
9aa4385a-91b9-4ed3-aa24-4d7ec2792c81,5303,2026,Касационно административно дело,Върховен административен съд,Национална агенция за приходите,Ответник,,
9aa4385a-91b9-4ed3-aa24-4d7ec2792c81,5303,2026,Касационно административно дело,Върховен административен съд,М.И.,Вещо лице,,
9aa4385a-91b9-4ed3-aa24-4d7ec2792c81,5303,2026,Касационно административно дело,Върховен административен съд,И.А.М.,Адвокат,,
9aa4385a-91b9-4ed3-aa24-4d7ec2792c81,5303,2026,Касационно административно дело,Върховен административен съд,А.И.А.М.,Представляващ,,
09a994c8-cc82-4dba-8fdc-997a68c1a53c,5302,2026,Касационно административно дело,Върховен административен съд,"ВПД директор на Главна дирекция ""Национална полиция""",Касатор,,
09a994c8-cc82-4dba-8fdc-997a68c1a53c,5302,2026,Касационно административно дело,Върховен административен съд,М.И.Ю.,Жалбоподател,,
09a994c8-cc82-4dba-8fdc-997a68c1a53c,5302,2026,Касационно административно дело,Върховен административен съд,М.И.Ю.,Ответник,,
09a994c8-cc82-4dba-8fdc-997a68c1a53c,5302,2026,Касационно административно дело,Върховен административен съд,ПРОКУРОР ПРИ СГП,Друго,,
09a994c8-cc82-4dba-8fdc-997a68c1a53c,5302,2026,Касационно административно дело,Върховен административен съд,И.Д.И.,Адвокат,,
eb2e8973-c140-4dec-ba98-4f3008445f32,5301,2026,Касационно административно дело,Върховен административен съд,К.А.К.,Касатор,Тихомир Желев Василев,
eb2e8973-c140-4dec-ba98-4f3008445f32,5301,2026,Касационно административно дело,Върховен административен съд,ОД на МВР Стара Загора,Ответник,,
eb2e8973-c140-4dec-ba98-4f3008445f32,5301,2026,Касационно административно дело,Върховен административен съд,Областна дирекция на МВР Стара Загора,Ответник,,
eb2e8973-c140-4dec-ba98-4f3008445f32,5301,2026,Касационно административно дело,Върховен административен съд,ОКРЪЖНА ПРОКУРАТУРА СТАРА ЗАГОРА,Страна,,
eb2e8973-c140-4dec-ba98-4f3008445f32,5301,2026,Касационно административно дело,Върховен административен съд,Т.Ж.В.,Адвокат,,
e41e4b74-ec4e-4f71-a67a-35046ddcee67,5300,2026,Касационно административно дело,Върховен административен съд,К.И.С.,Касатор,,
e41e4b74-ec4e-4f71-a67a-35046ddcee67,5300,2026,Касационно административно дело,Върховен административен съд,Д.Г.К.,Жалбоподател,,
e41e4b74-ec4e-4f71-a67a-35046ddcee67,5300,2026,Касационно административно дело,Върховен административен съд,Д.Г.К.,Касатор,,
e41e4b74-ec4e-4f71-a67a-35046ddcee67,5300,2026,Касационно административно дело,Върховен административен съд,КЗД - СОФИЯ,Ответник,,
e41e4b74-ec4e-4f71-a67a-35046ddcee67,5300,2026,Касационно административно дело,Върховен административен съд,Комисия за защита от дискриминация,Ответник,,
e41e4b74-ec4e-4f71-a67a-35046ddcee67,5300,2026,Касационно административно дело,Върховен административен съд,О.Д.К.,Ответник,,
e41e4b74-ec4e-4f71-a67a-35046ddcee67,5300,2026,Касационно административно дело,Върховен административен съд,О.Д.К.,Заинтересована страна,,
e41e4b74-ec4e-4f71-a67a-35046ddcee67,5300,2026,Касационно административно дело,Върховен административен съд,Н.С.,Адвокат,,
e41e4b74-ec4e-4f71-a67a-35046ddcee67,5300,2026,Касационно административно дело,Върховен административен съд,С.К.,Адвокат,,
9a8b317d-3c56-4a5f-a15c-71d1f170a1a6,5299,2026,Частно административно дело,Върховен административен съд,"Директора на 35 СЕУ ""Добри Войников""",Частен жалбоподател,,
9a8b317d-3c56-4a5f-a15c-71d1f170a1a6,5299,2026,Частно административно дело,Върховен административен съд,А.К.К.,Жалбоподател,,
9a8b317d-3c56-4a5f-a15c-71d1f170a1a6,5299,2026,Частно административно дело,Върховен административен съд,В.К.К.К.М.З.П.А.К.К.,Законен представител,,
9a8b317d-3c56-4a5f-a15c-71d1f170a1a6,5299,2026,Частно административно дело,Върховен административен съд,Д.С.,Адвокат,,
59790d94-d60e-4d38-9082-0d8fe6ca820a,5298,2026,Касационно административно дело,Върховен административен съд,Научно жури определено със Заповед № Р-2186/29.04.2025 г.на заместник-ректор на МУ- Пловдив,Касатор,,
59790d94-d60e-4d38-9082-0d8fe6ca820a,5298,2026,Касационно административно дело,Върховен административен съд,Н.Г.И.,Жалбоподател,,
59790d94-d60e-4d38-9082-0d8fe6ca820a,5298,2026,Касационно административно дело,Върховен административен съд,Г.Х.Ф.,Трето лице,,
59790d94-d60e-4d38-9082-0d8fe6ca820a,5298,2026,Касационно административно дело,Върховен административен съд,Н.И.Д.,Юрисконсулт,,
59790d94-d60e-4d38-9082-0d8fe6ca820a,5298,2026,Касационно административно дело,Върховен административен съд,М.С.П.,Пълномощник,,
0e39efe1-4501-4ef3-905f-60556460d881,5297,2026,Касационно административно дело,Върховен административен съд,Директора на Областна дирекция по безопасност на храните - Кюстендил,Касатор,,
0e39efe1-4501-4ef3-905f-60556460d881,5297,2026,Касационно административно дело,Върховен административен съд,А.Х.П.,Жалбоподател,,
0e39efe1-4501-4ef3-905f-60556460d881,5297,2026,Касационно административно дело,Върховен административен съд,А.Х.П.,Ответник,,
321516ce-889a-4174-b054-4a97c47cdbce,5296,2026,Частно административно дело,Върховен административен съд,"""Арти ИнПроСтрой"" ЕООД",Частен жалбоподател,,
321516ce-889a-4174-b054-4a97c47cdbce,5296,2026,Частно административно дело,Върховен административен съд,ОДБХ ХАСКОВО,Ответник,,
321516ce-889a-4174-b054-4a97c47cdbce,5296,2026,Частно административно дело,Върховен административен съд,И.А.Д.,Адвокат,,
7dd5fd88-b844-4a70-ae84-c7b4dc63bfcb,5295,2026,Частно административно дело,Върховен административен съд,С.Х.К.,Частен жалбоподател,,
ddd51877-a21f-4c1c-aa18-7d3c8e64b43e,5294,2026,Касационно административно дело,Върховен административен съд,"""Братя Пенчеви"" ЕООД",Касатор,,
ddd51877-a21f-4c1c-aa18-7d3c8e64b43e,5294,2026,Касационно административно дело,Върховен административен съд,"ЗАМ. ИЗПЪЛНИТЕЛЕН ДИРЕКТОР НА ДФ ""ЗЕМЕДЕЛИЕ""",Ответник,,
ddd51877-a21f-4c1c-aa18-7d3c8e64b43e,5294,2026,Касационно административно дело,Върховен административен съд,"Изпълнителният директор на Държавен фонд ""Земеделие""",Ответник,,
ddd51877-a21f-4c1c-aa18-7d3c8e64b43e,5294,2026,Касационно административно дело,Върховен административен съд,В.Г.М.,Вещо лице,,
ddd51877-a21f-4c1c-aa18-7d3c8e64b43e,5294,2026,Касационно административно дело,Върховен административен съд,Н.В.,Адвокат,,
ddd51877-a21f-4c1c-aa18-7d3c8e64b43e,5294,2026,Касационно административно дело,Върховен административен съд,Ц.С.Ц.,Процесуален представител,,
ddd51877-a21f-4c1c-aa18-7d3c8e64b43e,5294,2026,Касационно административно дело,Върховен административен съд,Н.Л.В.,Адвокат,,
e68c4d55-6318-44ff-a7e9-498acc484c89,5293,2026,Касационно административно дело,Върховен административен съд,Директора на ТД на НАП – Варна,Касатор,,
e68c4d55-6318-44ff-a7e9-498acc484c89,5293,2026,Касационно административно дело,Върховен административен съд,Ж.В.К.,Жалбоподател,,
e68c4d55-6318-44ff-a7e9-498acc484c89,5293,2026,Касационно административно дело,Върховен административен съд,М.Х.Г.,Адвокат,,
513b2a84-002d-4171-9144-592d2f0cc308,5292,2026,Частно административно дело,Върховен административен съд,А.Р.Г.,Частен жалбоподател,,
513b2a84-002d-4171-9144-592d2f0cc308,5292,2026,Частно административно дело,Върховен административен съд,А.Р.Г.Ч.Р.С.Р.Г.М.В.,Жалбоподател,,
513b2a84-002d-4171-9144-592d2f0cc308,5292,2026,Частно административно дело,Върховен административен съд,РЕГИОНАЛНО УПРАВЛЕНИЕ НА ОБРАЗОВАНИЕТО - СОФИЯ-ГРАД,Частен жалбоподател,,
513b2a84-002d-4171-9144-592d2f0cc308,5292,2026,Частно административно дело,Върховен административен съд,НАЧАЛНИК НА РУО СОФИЯ ГРАД,Ответник,,
513b2a84-002d-4171-9144-592d2f0cc308,5292,2026,Частно административно дело,Върховен административен съд,Административен съд - София-град,Ответник,,
513b2a84-002d-4171-9144-592d2f0cc308,5292,2026,Частно административно дело,Върховен административен съд,Д.Д.К.,Адвокат,,
513b2a84-002d-4171-9144-592d2f0cc308,5292,2026,Частно административно дело,Върховен административен съд,Д.Д.К.,Адвокат,,
8a1cb983-2976-45a5-8c63-928f4dc4b44d,5291,2026,Касационно административно дело,Върховен административен съд,К.А.А.,Жалбоподател,,
8a1cb983-2976-45a5-8c63-928f4dc4b44d,5291,2026,Касационно административно дело,Върховен административен съд,К.А.А.,Касатор,ПАНАЙОТ ВАСКОВ ЙОТОВ,
8a1cb983-2976-45a5-8c63-928f4dc4b44d,5291,2026,Касационно административно дело,Върховен административен съд,К.А.А.С.З.С.С.М.З.П.Л.Т.М.,Касатор,,
8a1cb983-2976-45a5-8c63-928f4dc4b44d,5291,2026,Касационно административно дело,Върховен административен съд,Зам. Началника на 01 РУ-СДВР,Ответник,,
8a1cb983-2976-45a5-8c63-928f4dc4b44d,5291,2026,Касационно административно дело,Върховен административен съд,01 РУ СДВР,Ответник,,
8a1cb983-2976-45a5-8c63-928f4dc4b44d,5291,2026,Касационно административно дело,Върховен административен съд,Заместник-началника на 01 РУ на МВР - СДВР,Ответник,,
8a1cb983-2976-45a5-8c63-928f4dc4b44d,5291,2026,Касационно административно дело,Върховен административен съд,СОФИЙСКА ГРАДСКА ПРОКУРАТУРА,Друго,,
8a1cb983-2976-45a5-8c63-928f4dc4b44d,5291,2026,Касационно административно дело,Върховен административен съд,П.Й.,Адвокат,,
27a71706-e4ff-4df1-809c-e685f09eb523,5290,2026,Касационно административно дело,Върховен административен съд,Б.Х.Х.Х.,Касатор,,
27a71706-e4ff-4df1-809c-e685f09eb523,5290,2026,Касационно административно дело,Върховен административен съд,Г.А.М.Ч.Б.Х.Х.Х.М.З.П.,Жалбоподател,,
27a71706-e4ff-4df1-809c-e685f09eb523,5290,2026,Касационно административно дело,Върховен административен съд,Г.А.М.Ч.Б.Х.Х.Х.М.З.П.,Касатор,,
27a71706-e4ff-4df1-809c-e685f09eb523,5290,2026,Касационно административно дело,Върховен административен съд,ПРЕДСЕДАТЕЛ НА ДЪРЖАВНА АГЕНЦИЯ ЗА БЕЖАНЦИТЕ - МС,Ответник,,
27a71706-e4ff-4df1-809c-e685f09eb523,5290,2026,Касационно административно дело,Върховен административен съд,Председателя на Държавна агенция за бежанците при Министерски съвет,Ответник,,
27a71706-e4ff-4df1-809c-e685f09eb523,5290,2026,Касационно административно дело,Върховен административен съд,Д.Т.,Преводач,,
27a71706-e4ff-4df1-809c-e685f09eb523,5290,2026,Касационно административно дело,Върховен административен съд,Ц.Д.,Адвокат,,
27a71706-e4ff-4df1-809c-e685f09eb523,5290,2026,Касационно административно дело,Върховен административен съд,Г.Г.Д.,Адвокат,,
27a71706-e4ff-4df1-809c-e685f09eb523,5290,2026,Касационно административно дело,Върховен административен съд,Евгения Мандраджиева,Преводач,,
b63bc2d5-1d42-42bf-9da1-7cd6bb1d0b39,5289,2026,Касационно административно дело,Върховен административен съд,"Зам.-кмета по административно-правно обслужване, обществени поръчки, финанси и управление на собствеността на община Благоевград",Касатор,,
b63bc2d5-1d42-42bf-9da1-7cd6bb1d0b39,5289,2026,Касационно административно дело,Върховен административен съд,"""ПАРК ИНВЕСТ 2025"" ЕООД, предст. от Атанас Станкев Камбитов",Жалбоподател,,
b63bc2d5-1d42-42bf-9da1-7cd6bb1d0b39,5289,2026,Касационно административно дело,Върховен административен съд,"Ася Димитрова Иванова - заместник-кмет по административно-правно обслужване, обществени поръчки, финанси и управление на собствеността на Община Благоевград",Касатор,,
b63bc2d5-1d42-42bf-9da1-7cd6bb1d0b39,5289,2026,Касационно административно дело,Върховен административен съд,Кмета на община Благоевград,Ответник,,
b63bc2d5-1d42-42bf-9da1-7cd6bb1d0b39,5289,2026,Касационно административно дело,Върховен административен съд,"""ПАРК ИНВЕСТ 2025"" ЕООД",Ответник,,
b63bc2d5-1d42-42bf-9da1-7cd6bb1d0b39,5289,2026,Касационно административно дело,Върховен административен съд,В.Б.,Адвокат,,
b63bc2d5-1d42-42bf-9da1-7cd6bb1d0b39,5289,2026,Касационно административно дело,Върховен административен съд,Г.Ч.,Адвокат,,
b63bc2d5-1d42-42bf-9da1-7cd6bb1d0b39,5289,2026,Касационно административно дело,Върховен административен съд,"Адвокатско дружество ""Бакалова, Дамянов и Атанасов"" чрез адвокат Валентина Бакалова и адвокат Светослав Атанасов",Адвокат,,
b63bc2d5-1d42-42bf-9da1-7cd6bb1d0b39,5289,2026,Касационно административно дело,Върховен административен съд,Георги Чорбаджийски,Адвокат,,
b4f09f91-2c02-4634-8428-7326f57418c7,5288,2026,Касационно административно дело,Върховен административен съд,В.Б.Е.,Молител,,
b4f09f91-2c02-4634-8428-7326f57418c7,5288,2026,Касационно административно дело,Върховен административен съд,"Деньо Денев -изпълняващ функциите на председател на ДА "" Националн асигурност""",Ответник,,
b4f09f91-2c02-4634-8428-7326f57418c7,5288,2026,Касационно административно дело,Върховен административен съд,"Деньо Денев, изпълняващ функциите на председател на Държавна агенция ""Национална сигурност""",Ответник,,
b4f09f91-2c02-4634-8428-7326f57418c7,5288,2026,Касационно административно дело,Върховен административен съд,"Деньо Денев, изпълняващ функциите председател на Държавна агенция ""Национална сигурност""",Ответник,,
b4f09f91-2c02-4634-8428-7326f57418c7,5288,2026,Касационно административно дело,Върховен административен съд,С.Д.Г.,Адвокат,,
b4f09f91-2c02-4634-8428-7326f57418c7,5288,2026,Касационно административно дело,Върховен административен съд,Г.А.К.,Процесуален представител,,
64b15145-2453-46a1-997a-93049b0b65e5,5287,2026,Частно административно дело,Върховен административен съд,Ш.Н.Е.М.,Частен жалбоподател,,
64b15145-2453-46a1-997a-93049b0b65e5,5287,2026,Частно административно дело,Върховен административен съд,КО МВНР,Ответник,,
64b15145-2453-46a1-997a-93049b0b65e5,5287,2026,Частно административно дело,Върховен административен съд,О.И.Б.,Адвокат,,
64b15145-2453-46a1-997a-93049b0b65e5,5287,2026,Частно административно дело,Върховен административен съд,О.И.Б.,Адвокат,,
d94266f7-60ad-46a2-abc9-afa27eab311f,5286,2026,Касационно административно дело,Върховен административен съд,Завеждащ Консулска Служба -Методи Димитров Герасимов -ДП-Аман,Касатор,,
d94266f7-60ad-46a2-abc9-afa27eab311f,5286,2026,Касационно административно дело,Върховен административен съд,Р.А.З.,Жалбоподател,,
d94266f7-60ad-46a2-abc9-afa27eab311f,5286,2026,Касационно административно дело,Върховен административен съд,"Консулско длъжностно лице в Посолството на Република България в Аман, Йордания чрез Министерство на външните работи",Касатор,,
d94266f7-60ad-46a2-abc9-afa27eab311f,5286,2026,Касационно административно дело,Върховен административен съд,"КОНСУЛСКО ДЛЪЖНОСТНО ЛИЦЕ В ПОСОЛСТВОТО НА РЕПУБЛИКА БЪЛГАРИЯ В АМАН, ЙОРДАНИЯ чрез МВнР",Ответник,,
d94266f7-60ad-46a2-abc9-afa27eab311f,5286,2026,Касационно административно дело,Върховен административен съд,Р.А.З.,Ответник,,
d94266f7-60ad-46a2-abc9-afa27eab311f,5286,2026,Касационно административно дело,Върховен административен съд,В.Х.А.В.С.,Адвокат,,
d94266f7-60ad-46a2-abc9-afa27eab311f,5286,2026,Касационно административно дело,Върховен административен съд,Венета Симеонова Симеонова,Адвокат,,
d94266f7-60ad-46a2-abc9-afa27eab311f,5286,2026,Касационно административно дело,Върховен административен съд,Владимир Емилов Хаджиев.,Адвокат,,
b03effdb-77eb-4231-b438-22573aa7f90f,5285,2026,Касационно административно дело,Върховен административен съд,"КДЛ в Консулска служба при Посолството на Рехублика България в Делхи, Индия",Касатор,,
b03effdb-77eb-4231-b438-22573aa7f90f,5285,2026,Касационно административно дело,Върховен административен съд,Г.К.И.,Жалбоподател,,
b03effdb-77eb-4231-b438-22573aa7f90f,5285,2026,Касационно административно дело,Върховен административен съд,"КДЛ в Консулска служба при Посолството на Република България в Делхи, Индия чрез Дирекция Консулски отношения в МВнР",Касатор,,
b03effdb-77eb-4231-b438-22573aa7f90f,5285,2026,Касационно административно дело,Върховен административен съд,КДЛ В КОНСУЛСКА СЛУЖБА КЪМ ПОСОЛСТВОТО НА ДЕЛХИ ИНДИЯ чрез ЧРЕЗ ДИРЕКЦИЯ КОНСУЛСКИ ОТНОШЕНИЯ В МВнР ЮРК. ИВЕЛИНА АТАНАСОВА,Ответник,,
b03effdb-77eb-4231-b438-22573aa7f90f,5285,2026,Касационно административно дело,Върховен административен съд,Г.К.И.,Ответник,,
b03effdb-77eb-4231-b438-22573aa7f90f,5285,2026,Касационно административно дело,Върховен административен съд,СГП,Друго,,
b03effdb-77eb-4231-b438-22573aa7f90f,5285,2026,Касационно административно дело,Върховен административен съд,Б.Б.,Адвокат,,
b03effdb-77eb-4231-b438-22573aa7f90f,5285,2026,Касационно административно дело,Върховен административен съд,Благовест Пенчев Байрактаров,Адвокат,Благовест Пенчев Байрактаров,
810c9d88-dac8-4a40-81e6-aaae1652d23e,5284,2026,Частно административно дело,Върховен административен съд,Т.К.Г.,Частен жалбоподател,,
810c9d88-dac8-4a40-81e6-aaae1652d23e,5284,2026,Частно административно дело,Върховен административен съд,Д.Б.Г.,Жалбоподател,,
810c9d88-dac8-4a40-81e6-aaae1652d23e,5284,2026,Частно административно дело,Върховен административен съд,Р.Б.Г.,Жалбоподател,,
810c9d88-dac8-4a40-81e6-aaae1652d23e,5284,2026,Частно административно дело,Върховен административен съд,КМЕТ НА ОБЩИНА ПЛОВДИВ,Ответник,,
810c9d88-dac8-4a40-81e6-aaae1652d23e,5284,2026,Частно административно дело,Върховен административен съд,П.Г.Х.,Адвокат,,
feed112b-c700-4961-a4f9-e431aacf8cc4,5283,2026,Частно административно дело,Върховен административен съд,С.Т.С.,Частен жалбоподател,,
feed112b-c700-4961-a4f9-e431aacf8cc4,5283,2026,Частно административно дело,Върховен административен съд,КМЕТА НА РАЙОН ПРИМОРСКИ НА ОБЩИНА ВАРНА,Ответник,,
feed112b-c700-4961-a4f9-e431aacf8cc4,5283,2026,Частно административно дело,Върховен административен съд,С.В.С.,Адвокат,,
c570771c-1421-49aa-bd4f-74374a9968bf,5282,2026,Касационно административно дело,Върховен административен съд,"""М-Синтез""ЕООД",Касатор,,
c570771c-1421-49aa-bd4f-74374a9968bf,5282,2026,Касационно административно дело,Върховен административен съд,КЗК,Ответник,,
c570771c-1421-49aa-bd4f-74374a9968bf,5282,2026,Касационно административно дело,Върховен административен съд,"Ректора на Софийски университет ""Св. Климент Охридски""",Ответник,,
c570771c-1421-49aa-bd4f-74374a9968bf,5282,2026,Касационно административно дело,Върховен административен съд,""" Тилев Архитекти"" ЕООД",Ответник,,
c570771c-1421-49aa-bd4f-74374a9968bf,5282,2026,Касационно административно дело,Върховен административен съд,Кремена Асенова Данева,Адвокат,,
c570771c-1421-49aa-bd4f-74374a9968bf,5282,2026,Касационно административно дело,Върховен административен съд,Венцислав Маринов Соколов,Адвокат,,
85a0bd57-00bd-4973-8fb1-97a2d22de3d0,5281,2026,Касационно административно дело,Върховен административен съд,"Консорциум ""Техномашимпекс - Райсенс""",Касатор,,
85a0bd57-00bd-4973-8fb1-97a2d22de3d0,5281,2026,Касационно административно дело,Върховен административен съд,КЗК,Ответник,,
85a0bd57-00bd-4973-8fb1-97a2d22de3d0,5281,2026,Касационно административно дело,Върховен административен съд,"Изпълнителния директор и председателя на Съвета на директорите на ""Столичен електротранспорт"" ЕАД",Ответник,,
85a0bd57-00bd-4973-8fb1-97a2d22de3d0,5281,2026,Касационно административно дело,Върховен административен съд,"""Керхер"" ЕООД",Ответник,,
85a0bd57-00bd-4973-8fb1-97a2d22de3d0,5281,2026,Касационно административно дело,Върховен административен съд,"""Феникс Хил"" ЕООД",Ответник,,
85a0bd57-00bd-4973-8fb1-97a2d22de3d0,5281,2026,Касационно административно дело,Върховен административен съд,Л.С.,Адвокат,,
cbfbd378-5cae-4b4e-8c85-012f3bba0325,5280,2026,Касационно административно дело,Върховен административен съд,"""Екселор Холдинг Груп"" АД",Касатор,,
cbfbd378-5cae-4b4e-8c85-012f3bba0325,5280,2026,Касационно административно дело,Върховен административен съд,КЗК,Ответник,,
cbfbd378-5cae-4b4e-8c85-012f3bba0325,5280,2026,Касационно административно дело,Върховен административен съд,Кмета на Община Белица.,Ответник,,
cbfbd378-5cae-4b4e-8c85-012f3bba0325,5280,2026,Касационно административно дело,Върховен административен съд,"""Престиж бизнес-93"" ООД",Ответник,,
dee9ac53-784d-4fa1-b763-05f98bb7d09d,5279,2026,Частно административно дело,Върховен административен съд,"""Хим Комерс 2009"" ЕООД",Частен жалбоподател,,
dee9ac53-784d-4fa1-b763-05f98bb7d09d,5279,2026,Частно административно дело,Върховен административен съд,КЗК,Ответник,,
dee9ac53-784d-4fa1-b763-05f98bb7d09d,5279,2026,Частно административно дело,Върховен административен съд,Н.В.М.,Адвокат,,
8a028dc8-ea12-43cf-9b3c-6115443feaa2,393,2026,Частно наказателно дело,Районен съд - Враца,Районна прокуратура - Враца,Вносител,,
8a028dc8-ea12-43cf-9b3c-6115443feaa2,393,2026,Частно наказателно дело,Районен съд - Враца,Д.И.Х.,Страна,,
51aca299-2d90-4316-beca-b564ce50d985,392,2026,Частно наказателно дело,Районен съд - Враца,Районна прокуратура - Враца,Вносител,,
51aca299-2d90-4316-beca-b564ce50d985,392,2026,Частно наказателно дело,Районен съд - Враца,Д.И.Х.,Страна,,
88631937-6a46-4cd6-a509-592a0f8364c8,806,2026,Частно наказателно дело,Районен съд - Русе,Районна прокуратура - Русе,Вносител,,
88631937-6a46-4cd6-a509-592a0f8364c8,806,2026,Частно наказателно дело,Районен съд - Русе,С.Й.М.,Обвиняем,,
7ec76098-9a3f-4fd1-b95e-33841222b650,2860,2026,Частно наказателно дело,Районен съд - Пловдив,Районна прокуратура - Пловдив,Вносител,,
c7ab0d74-5a71-4e9b-98fb-34d7fe81c4d7,3487,2026,Частно наказателно дело,Софийски градски съд,Софийска градска прокуратура,Вносител,,
7621b1eb-2ba8-48ac-87eb-3e970821eb83,3486,2026,Частно наказателно дело,Софийски градски съд,Софийска градска прокуратура,Вносител,,
8d38a3f9-8aa8-4291-84b2-a3792d983d69,3485,2026,Частно наказателно дело,Софийски градски съд,Софийска градска прокуратура,Вносител,,
6f27aaf8-e30a-4078-bd8a-c832996f4dd7,2859,2026,Частно наказателно дело,Районен съд - Пловдив,Районна прокуратура - Пловдив,Вносител,,
e388f8f0-8c4a-4355-8286-f6393dae1abb,178,2026,Частно наказателно дело,Районен съд - Мездра,ТО-Мездра към РП-Враца,Вносител,,
e388f8f0-8c4a-4355-8286-f6393dae1abb,178,2026,Частно наказателно дело,Районен съд - Мездра,П.Г.Т.,Страна,,
80772a22-6044-448f-8c32-dec94af3f4dd,7551,2026,Частно наказателно дело,Софийски районен съд,Районна прокуратура - София,Вносител,,
9ae1eb4c-9ee5-4273-afbd-cf2178db642c,951,2026,Частно наказателно дело,Районен съд - Перник,Районна прокуратура - Перник,Вносител,,
c32a0400-6325-4330-83e4-cf4068068204,950,2026,Частно наказателно дело,Районен съд - Перник,Районна прокуратура - Перник,Вносител,,
fd016d6c-9dbd-43b4-96b2-aba3059bb40f,2198,2026,Частно наказателно дело,Районен съд - Варна,Районна прокуратура - Варна,Вносител,,
fd016d6c-9dbd-43b4-96b2-aba3059bb40f,2198,2026,Частно наказателно дело,Районен съд - Варна,Т.М.Т.,Обвинител,,
fd016d6c-9dbd-43b4-96b2-aba3059bb40f,2198,2026,Частно наказателно дело,Районен съд - Варна,Т.С.С.,Обвиняем,,
fd016d6c-9dbd-43b4-96b2-aba3059bb40f,2198,2026,Частно наказателно дело,Районен съд - Варна,И.К.И.,Служебен защитник,,
1ff9e12a-86b3-42a7-b2fe-afa28d8e4ab9,1009,2026,Частно наказателно дело,Окръжен съд - Пловдив,Окръжна прокуратура - Пловдив,Вносител,,
1ff9e12a-86b3-42a7-b2fe-afa28d8e4ab9,1009,2026,Частно наказателно дело,Окръжен съд - Пловдив,В.П.В.,Обвинител,,
1ff9e12a-86b3-42a7-b2fe-afa28d8e4ab9,1009,2026,Частно наказателно дело,Окръжен съд - Пловдив,А.И.А.,Обвиняем,,
1ff9e12a-86b3-42a7-b2fe-afa28d8e4ab9,1009,2026,Частно наказателно дело,Окръжен съд - Пловдив,Н.Б.А.,Преводач,,
1ff9e12a-86b3-42a7-b2fe-afa28d8e4ab9,1009,2026,Частно наказателно дело,Окръжен съд - Пловдив,С.Г.Х.,Адвокат,Стефан Георгиев Харизанов,
d4f019e5-dc16-4f2a-bcea-a1930c3525cd,7550,2026,Административно наказателно дело,Софийски районен съд,07 РУ СДВР,Вносител,,
d4f019e5-dc16-4f2a-bcea-a1930c3525cd,7550,2026,Административно наказателно дело,Софийски районен съд,Р.В.П.,Нарушител,,
ae357794-4501-401a-97af-337b34702b7b,21,2026,Частно наказателно дело,Районен съд - Брезник,Районна прокуратура - Перник,Вносител,,
27dc4304-eb70-45a8-936d-5ea092d7587b,1863,2026,Частно наказателно дело,Районен съд - Бургас,ЦЕНТЪР ЗА ПСИХИЧНО ЗДРАВЕ ПРОФ. Д - Р ИВАН ТЕМКОВ - БУРГАС ЕООД,Вносител,,
27dc4304-eb70-45a8-936d-5ea092d7587b,1863,2026,Частно наказателно дело,Районен съд - Бургас,Н.С.Х.,Освидетелстван,,
d5da7f7a-922c-41ed-9600-6e2f3d237692,1862,2026,Частно наказателно дело,Районен съд - Бургас,ЦЕНТЪР ЗА ПСИХИЧНО ЗДРАВЕ ПРОФ. Д - Р ИВАН ТЕМКОВ - БУРГАС ЕООД,Вносител,,
d5da7f7a-922c-41ed-9600-6e2f3d237692,1862,2026,Частно наказателно дело,Районен съд - Бургас,К.М.М.,Обвинител,,
d5da7f7a-922c-41ed-9600-6e2f3d237692,1862,2026,Частно наказателно дело,Районен съд - Бургас,С.В.Д.,Освидетелстван,,
d5da7f7a-922c-41ed-9600-6e2f3d237692,1862,2026,Частно наказателно дело,Районен съд - Бургас,Районна прокуратура - Бургас,Страна,,
d5da7f7a-922c-41ed-9600-6e2f3d237692,1862,2026,Частно наказателно дело,Районен съд - Бургас,С.П.П.,Адвокат,,
d5da7f7a-922c-41ed-9600-6e2f3d237692,1862,2026,Частно наказателно дело,Районен съд - Бургас,Д.Х.,Свидетел,,
73f1d347-8bd7-4b83-b4b5-5baa1d63ce6b,1861,2026,Частно наказателно дело,Районен съд - Бургас,Районна прокуратура - Бургас,Вносител,,
4f77ab9c-da5a-4dc9-b28f-de154da58a78,413,2026,Частно наказателно дело,Районен съд - Габрово,ОДМВР - Габрово,Вносител,,
4f77ab9c-da5a-4dc9-b28f-de154da58a78,413,2026,Частно наказателно дело,Районен съд - Габрово,В.И.Х.,Обвиняем,,
8853b27f-09bb-4221-8c6b-bc1e45e7b8eb,7549,2026,Частно наказателно дело,Софийски районен съд,Районна прокуратура - София,Вносител,,
f72171bf-d36d-449a-a90e-d498526d606a,3484,2026,Частно наказателно дело,Софийски градски съд,Софийска градска прокуратура,Вносител,,
f72171bf-d36d-449a-a90e-d498526d606a,3484,2026,Частно наказателно дело,Софийски градски съд,Г.Л.М.,Обвинител,,
f72171bf-d36d-449a-a90e-d498526d606a,3484,2026,Частно наказателно дело,Софийски градски съд,М.И.С.,Обвиняем,,
f72171bf-d36d-449a-a90e-d498526d606a,3484,2026,Частно наказателно дело,Софийски градски съд,А.И.Н.,Адвокат,,
e14cb5a0-1835-4df9-85cd-8624eb5ce1d3,1008,2026,Частно наказателно дело,Окръжен съд - Пловдив,Окръжна прокуратура - Пловдив,Вносител,,
e14cb5a0-1835-4df9-85cd-8624eb5ce1d3,1008,2026,Частно наказателно дело,Окръжен съд - Пловдив,Т.П.П.,Обвинител,,
e14cb5a0-1835-4df9-85cd-8624eb5ce1d3,1008,2026,Частно наказателно дело,Окръжен съд - Пловдив,А.И.,Обвиняем,,
6a769a97-97e9-4cdc-9da2-225378a89f35,37,2026,Частно наказателно дело,Районен съд - Мадан,Районна прокуратура - Смолян,Вносител,,
6a769a97-97e9-4cdc-9da2-225378a89f35,37,2026,Частно наказателно дело,Районен съд - Мадан,С.Н.Т.,Искано лице,,
49d612f9-b947-4ff7-96aa-2d20f81c5093,751,2026,Частно наказателно дело,Районен съд - Пазарджик,Районна прокуратура - Пазарджик,Вносител,,
4d2cf0d1-fc92-4508-b564-c395fd1db1ed,7548,2026,Частно наказателно дело,Софийски районен съд,Районна прокуратура - София,Вносител,,
4d2cf0d1-fc92-4508-b564-c395fd1db1ed,7548,2026,Частно наказателно дело,Софийски районен съд,Г.А.М.Г.,Обвинител,,
4d2cf0d1-fc92-4508-b564-c395fd1db1ed,7548,2026,Частно наказателно дело,Софийски районен съд,Й.Й.Н.,Обвиняем,,
ec2ca0a4-c4a2-4ac1-97b3-ee2beb5c3422,7547,2026,Частно наказателно дело,Софийски районен съд,Районна прокуратура - София,Вносител,,
ec2ca0a4-c4a2-4ac1-97b3-ee2beb5c3422,7547,2026,Частно наказателно дело,Софийски районен съд,Г.А.М.Г.,Обвинител,,
ec2ca0a4-c4a2-4ac1-97b3-ee2beb5c3422,7547,2026,Частно наказателно дело,Софийски районен съд,О.В.Б.,Обвиняем,,
ec2ca0a4-c4a2-4ac1-97b3-ee2beb5c3422,7547,2026,Частно наказателно дело,Софийски районен съд,Г.С.Г.,Адвокат,,
34bb73b7-5d9d-4203-8357-7c12db7bd245,124,2026,Частно наказателно дело,Районен съд - Радомир,ТО-Радомир към РП-Перник,Вносител,,
1253cf78-ad1f-4c8b-9e93-54a659d59ae5,546,2026,Частно наказателно дело,Окръжен съд - Благоевград,Районно управление ”Полиция” 02 - Благоевград,Вносител,,
1253cf78-ad1f-4c8b-9e93-54a659d59ae5,546,2026,Частно наказателно дело,Окръжен съд - Благоевград,М.В.С.,Свидетел,,
206449ea-3412-404d-b428-e0de8af2385e,545,2026,Частно наказателно дело,Окръжен съд - Благоевград,Районно управление ”Полиция” 02 - Благоевград,Друго,,
206449ea-3412-404d-b428-e0de8af2385e,545,2026,Частно наказателно дело,Окръжен съд - Благоевград,М.Е.М.,Свидетел,,
8f20b18d-742f-439d-b4a1-f56d56df5821,544,2026,Частно наказателно дело,Окръжен съд - Благоевград,Районно управление ”Полиция” 02 - Благоевград,Вносител,,
8f20b18d-742f-439d-b4a1-f56d56df5821,544,2026,Частно наказателно дело,Окръжен съд - Благоевград,Х.Г.Т.,Свидетел,,
33fa5c3b-a836-4ae7-abc9-c3d18af884dd,543,2026,Частно наказателно дело,Окръжен съд - Благоевград,Районно управление ”Полиция” 02 - Благоевград,Вносител,,
33fa5c3b-a836-4ae7-abc9-c3d18af884dd,543,2026,Частно наказателно дело,Окръжен съд - Благоевград,П.Е.М.,Свидетел,,
2e27f5b3-8871-4d82-af97-375f516ed788,949,2026,Частно наказателно дело,Районен съд - Перник,Районна прокуратура - Перник,Вносител,,
7db3c83e-fb3b-45fd-af54-782679545f4d,948,2026,Частно наказателно дело,Районен съд - Перник,Районна прокуратура - Перник,Вносител,,
77696a74-1774-4bf8-8fac-39fcbd87ffe4,947,2026,Частно наказателно дело,Районен съд - Перник,Районна прокуратура - Перник,Вносител,,
e810a818-202a-489d-bd5f-80b0d1d5004f,98,2026,Административно наказателно дело,Районен съд - Първомай,Районно управление ”Полиция” - Първомай,Вносител,,
e810a818-202a-489d-bd5f-80b0d1d5004f,98,2026,Административно наказателно дело,Районен съд - Първомай,Х.И.С.,Нарушител,,
e810a818-202a-489d-bd5f-80b0d1d5004f,98,2026,Административно наказателно дело,Районен съд - Първомай,ТО-Първомай към РП-Пловдив,Друго,,
c2fc343f-63ac-4825-b49c-33ce593e1c44,1860,2026,Частно наказателно дело,Районен съд - Бургас,Ф.Ф.Ф.,Друго,,
957fee82-1e06-4efe-8631-5ad88bbbc80d,97,2026,Административно наказателно дело,Районен съд - Първомай,Районно управление ”Полиция” - Първомай,Вносител,,
957fee82-1e06-4efe-8631-5ad88bbbc80d,97,2026,Административно наказателно дело,Районен съд - Първомай,С.С.И.,Нарушител,,
957fee82-1e06-4efe-8631-5ad88bbbc80d,97,2026,Административно наказателно дело,Районен съд - Първомай,ТО-Първомай към РП-Пловдив,Друго,,
88ed11e1-7811-40dd-be6c-9c38259d1a66,7546,2026,Административно наказателно дело,Софийски районен съд,09 РУ СДВР,Вносител,,
88ed11e1-7811-40dd-be6c-9c38259d1a66,7546,2026,Административно наказателно дело,Софийски районен съд,Районна прокуратура - София,Обвинител,,
88ed11e1-7811-40dd-be6c-9c38259d1a66,7546,2026,Административно наказателно дело,Софийски районен съд,В.Т.П.,Нарушител,,
76268e03-fa6a-4e41-922e-f2661a948c00,536,2026,Частно наказателно дело,Районен съд - Дупница,ТО-Дупница към РП-Кюстендил,Вносител,,
16413d67-9616-4b84-8874-22406b1af87f,535,2026,Частно наказателно дело,Районен съд - Дупница,ТО-Дупница към РП-Кюстендил,Вносител,,
16413d67-9616-4b84-8874-22406b1af87f,535,2026,Частно наказателно дело,Районен съд - Дупница,С.Й.Б.,Страна,,
8f1e4091-56b1-4119-82f7-ae399bca33a8,534,2026,Частно наказателно дело,Районен съд - Дупница,Районна прокуратура - Кюстендил,Вносител,,
8f1e4091-56b1-4119-82f7-ae399bca33a8,534,2026,Частно наказателно дело,Районен съд - Дупница,ТО-Дупница към РП-Кюстендил,Вносител,,
8f1e4091-56b1-4119-82f7-ae399bca33a8,534,2026,Частно наказателно дело,Районен съд - Дупница,Г.Р.Л.Б.,Страна,,
fcce5e0a-08f7-470e-aa25-c4a7ccbb68cc,533,2026,Частно наказателно дело,Районен съд - Дупница,ТО-Дупница към РП-Кюстендил,Вносител,,
fcce5e0a-08f7-470e-aa25-c4a7ccbb68cc,533,2026,Частно наказателно дело,Районен съд - Дупница,Й.Г.Б.,Страна,,
95c12e0f-98f7-4062-b6d4-29c8766b915f,532,2026,Частно наказателно дело,Районен съд - Дупница,ТО-Дупница към РП-Кюстендил,Вносител,,
95c12e0f-98f7-4062-b6d4-29c8766b915f,532,2026,Частно наказателно дело,Районен съд - Дупница,С.Й.Б.,Страна,,
50bda40a-4724-4972-9d72-953ec7dd04dd,2858,2026,Частно наказателно дело,Районен съд - Пловдив,Районна прокуратура - Пловдив,Вносител,,
50bda40a-4724-4972-9d72-953ec7dd04dd,2858,2026,Частно наказателно дело,Районен съд - Пловдив,Г.М.П.,Лице по принудително действие,,
bff09f43-1363-4d70-9dfd-e8e1b82f7663,2857,2026,Частно наказателно дело,Районен съд - Пловдив,Районна прокуратура - Пловдив,Вносител,,
bff09f43-1363-4d70-9dfd-e8e1b82f7663,2857,2026,Частно наказателно дело,Районен съд - Пловдив,Г.М.П.,Лице по принудително действие,,
0909955d-3914-41e4-a2f8-1d0ed45288c5,1486,2026,Частно наказателно дело,Районен съд - Стара Загора,Районна прокуратура - Стара Загора,Вносител,,
579f37a9-2ba5-4c95-a94a-9738d127d522,1859,2026,Частно наказателно дело,Районен съд - Бургас,О.Е.П.,Освидетелстван,,
beac3f6d-c5cd-4fdf-88dc-248d4f2d5eb3,1485,2026,Частно наказателно дело,Районен съд - Стара Загора,Районна прокуратура - Стара Загора,Вносител,,
fd1bb9f1-d8bd-4153-b2f3-f36f50835daa,1858,2026,Частно наказателно дело,Районен съд - Бургас,ЦЕНТЪР ЗА ПСИХИЧНО ЗДРАВЕ ПРОФ. Д - Р ИВАН ТЕМКОВ - БУРГАС ЕООД,Вносител,,
fd1bb9f1-d8bd-4153-b2f3-f36f50835daa,1858,2026,Частно наказателно дело,Районен съд - Бургас,Д.Я.М.,Обвинител,,
fd1bb9f1-d8bd-4153-b2f3-f36f50835daa,1858,2026,Частно наказателно дело,Районен съд - Бургас,К.М.М.,Обвинител,,
fd1bb9f1-d8bd-4153-b2f3-f36f50835daa,1858,2026,Частно наказателно дело,Районен съд - Бургас,П.И.П.,Освидетелстван,,
fd1bb9f1-d8bd-4153-b2f3-f36f50835daa,1858,2026,Частно наказателно дело,Районен съд - Бургас,Районна прокуратура - Бургас,Друго,,
fd1bb9f1-d8bd-4153-b2f3-f36f50835daa,1858,2026,Частно наказателно дело,Районен съд - Бургас,С.И.И.,Адвокат,Стоян Илчев Иванов,
fd1bb9f1-d8bd-4153-b2f3-f36f50835daa,1858,2026,Частно наказателно дело,Районен съд - Бургас,Ф.Л.С.,Вещо лице,,
e15f9f4b-0458-4b25-a86b-c1b455bd0523,1857,2026,Частно наказателно дело,Районен съд - Бургас,ЦЕНТЪР ЗА ПСИХИЧНО ЗДРАВЕ ПРОФ. Д - Р ИВАН ТЕМКОВ - БУРГАС ЕООД,Вносител,,
e15f9f4b-0458-4b25-a86b-c1b455bd0523,1857,2026,Частно наказателно дело,Районен съд - Бургас,Д.Я.М.,Обвинител,,
e15f9f4b-0458-4b25-a86b-c1b455bd0523,1857,2026,Частно наказателно дело,Районен съд - Бургас,А.М.А.,Освидетелстван,,
e15f9f4b-0458-4b25-a86b-c1b455bd0523,1857,2026,Частно наказателно дело,Районен съд - Бургас,Районна прокуратура - Бургас,Друго,,
e15f9f4b-0458-4b25-a86b-c1b455bd0523,1857,2026,Частно наказателно дело,Районен съд - Бургас,С.И.И.,Адвокат,Стоян Илчев Иванов,
df68da2c-3562-4e72-9fbc-1c7bb8c4a817,1856,2026,Частно наказателно дело,Районен съд - Бургас,ЦЕНТЪР ЗА ПСИХИЧНО ЗДРАВЕ ПРОФ. Д - Р ИВАН ТЕМКОВ - БУРГАС ЕООД,Вносител,,
df68da2c-3562-4e72-9fbc-1c7bb8c4a817,1856,2026,Частно наказателно дело,Районен съд - Бургас,Д.Я.М.,Обвинител,,
df68da2c-3562-4e72-9fbc-1c7bb8c4a817,1856,2026,Частно наказателно дело,Районен съд - Бургас,К.М.М.,Обвинител,,
df68da2c-3562-4e72-9fbc-1c7bb8c4a817,1856,2026,Частно наказателно дело,Районен съд - Бургас,Д.Х.Г.,Освидетелстван,,
df68da2c-3562-4e72-9fbc-1c7bb8c4a817,1856,2026,Частно наказателно дело,Районен съд - Бургас,Районна прокуратура - Бургас,Друго,,
df68da2c-3562-4e72-9fbc-1c7bb8c4a817,1856,2026,Частно наказателно дело,Районен съд - Бургас,С.И.И.,Адвокат,Стоян Илчев Иванов,
df68da2c-3562-4e72-9fbc-1c7bb8c4a817,1856,2026,Частно наказателно дело,Районен съд - Бургас,И.К.К.,Свидетел,,
df68da2c-3562-4e72-9fbc-1c7bb8c4a817,1856,2026,Частно наказателно дело,Районен съд - Бургас,Г.М.Г.,Вещо лице,,
41547da6-97b0-4f8a-9489-b7bfc649e398,374,2026,Частно наказателно дело,Окръжен съд - Хасково,Окръжна прокуратура - Хасково,Вносител,,
857c26a5-a899-4f11-a5d8-3256b3c203f6,7545,2026,Административно наказателно дело,Софийски районен съд,04 РУ СДВР,Вносител,,
857c26a5-a899-4f11-a5d8-3256b3c203f6,7545,2026,Административно наказателно дело,Софийски районен съд,Районна прокуратура - София,Обвинител,,
857c26a5-a899-4f11-a5d8-3256b3c203f6,7545,2026,Административно наказателно дело,Софийски районен съд,И.А.,Нарушител,,
8090fa4b-68ff-4a09-ab80-f202d4a4c1de,750,2026,Частно наказателно дело,Районен съд - Пазарджик,Районна прокуратура - Пазарджик,Вносител,,
04bb2caa-6f35-413c-bdba-2997847656df,1007,2026,Частно наказателно дело,Окръжен съд - Пловдив,Окръжна прокуратура - Пловдив,Вносител,,
04bb2caa-6f35-413c-bdba-2997847656df,1007,2026,Частно наказателно дело,Окръжен съд - Пловдив,С.С.П.,Обвинител,,
04bb2caa-6f35-413c-bdba-2997847656df,1007,2026,Частно наказателно дело,Окръжен съд - Пловдив,К.В.П.,Обвиняем,,
14af1d60-c19a-40c7-849a-6232ecf6fd23,1006,2026,Частно наказателно дело,Окръжен съд - Пловдив,Окръжна прокуратура - Пловдив,Вносител,,
14af1d60-c19a-40c7-849a-6232ecf6fd23,1006,2026,Частно наказателно дело,Окръжен съд - Пловдив,С.С.П.,Обвинител,,
14af1d60-c19a-40c7-849a-6232ecf6fd23,1006,2026,Частно наказателно дело,Окръжен съд - Пловдив,С.А.,Обвиняем,,
b870c14a-9726-4c8b-8769-214cf0496732,7544,2026,Частно наказателно дело,Софийски районен съд,Районна прокуратура - София,Вносител,,
b870c14a-9726-4c8b-8769-214cf0496732,7544,2026,Частно наказателно дело,Софийски районен съд,Т.Й.Й.,Обвинител,,
b870c14a-9726-4c8b-8769-214cf0496732,7544,2026,Частно наказателно дело,Софийски районен съд,Л.Л.П.,Обвиняем,,
b870c14a-9726-4c8b-8769-214cf0496732,7544,2026,Частно наказателно дело,Софийски районен съд,Е.Й.,Служебен защитник,,
c1af03dc-636c-4880-853b-829e639ba82a,3483,2026,Частно наказателно дело,Софийски градски съд,Софийска градска прокуратура,Вносител,,
c1af03dc-636c-4880-853b-829e639ba82a,3483,2026,Частно наказателно дело,Софийски градски съд,С.Н.Х.,Обвинител,,
c1af03dc-636c-4880-853b-829e639ba82a,3483,2026,Частно наказателно дело,Софийски градски съд,М.С.Л.,Обвиняем,,
c1af03dc-636c-4880-853b-829e639ba82a,3483,2026,Частно наказателно дело,Софийски градски съд,Ж.Г.Ж.,Защитник,,
b68f2bfe-28de-44d0-a348-56343de4ae9a,833,2026,Частно наказателно дело,Окръжен съд - Варна,Окръжна прокуратура - Варна,Вносител,,
b68f2bfe-28de-44d0-a348-56343de4ae9a,833,2026,Частно наказателно дело,Окръжен съд - Варна,Н.В.В.,Обвинител,,
b68f2bfe-28de-44d0-a348-56343de4ae9a,833,2026,Частно наказателно дело,Окръжен съд - Варна,К.Н.Н.,Обвиняем,,
b68f2bfe-28de-44d0-a348-56343de4ae9a,833,2026,Частно наказателно дело,Окръжен съд - Варна,О.Д.А.,Адвокат,,
8326dce8-2f10-4264-babd-4524fdc3009d,7543,2026,Частно наказателно дело,Софийски районен съд,Районна прокуратура - София,Вносител,,
d784d6e8-65e7-4e4f-a04a-06b84c899e0e,7542,2026,Частно наказателно дело,Софийски районен съд,Районна прокуратура - София,Вносител,,
d784d6e8-65e7-4e4f-a04a-06b84c899e0e,7542,2026,Частно наказателно дело,Софийски районен съд,Т.Й.Й.,Обвинител,,
d784d6e8-65e7-4e4f-a04a-06b84c899e0e,7542,2026,Частно наказателно дело,Софийски районен съд,М.С.А.,Обвиняем,,
d784d6e8-65e7-4e4f-a04a-06b84c899e0e,7542,2026,Частно наказателно дело,Софийски районен съд,И.Г.,Служебен защитник,,
6bc9b1ca-7606-4c2c-a895-3bee2cc32a86,123,2026,Частно наказателно дело,Районен съд - Радомир,ТО-Радомир към РП-Перник,Вносител,,
6ce02dd2-c19e-43ae-9eb1-04edec8e71ac,373,2026,Частно наказателно дело,Окръжен съд - Хасково,Окръжна прокуратура - Хасково,Вносител,,
5b825f54-a911-4945-b8e9-1cada3936833,372,2026,Частно наказателно дело,Окръжен съд - Хасково,Окръжна прокуратура - Хасково,Вносител,,
5c11d659-d336-4abb-aa31-d06585d26d9a,371,2026,Частно наказателно дело,Окръжен съд - Хасково,Окръжна прокуратура - Хасково,Вносител,,
86ca91cd-9813-4f3b-908b-239227fbdfb0,370,2026,Частно наказателно дело,Окръжен съд - Хасково,Окръжна прокуратура - Хасково,Вносител,,
5dac2514-0391-442a-89e5-2f7d3eb80d98,369,2026,Частно наказателно дело,Окръжен съд - Хасково,Окръжна прокуратура - Хасково,Вносител,,
7645ffde-7aa7-4841-95fe-055fe5a63e7d,368,2026,Частно наказателно дело,Окръжен съд - Хасково,Окръжна прокуратура - Хасково,Вносител,,
bb890cd7-ab92-4ef7-af10-0d94b69688e4,3482,2026,Частно наказателно дело,Софийски градски съд,Софийска градска прокуратура,Вносител,,
5d9012fd-7c29-4816-a03c-f2b30b6c55d9,3481,2026,Частно наказателно дело,Софийски градски съд,Софийска градска прокуратура,Вносител,,
5923ec23-694b-4678-87fc-4c7b5547f4a6,3480,2026,Частно наказателно дело,Софийски градски съд,Софийска градска прокуратура,Вносител,,
21e63606-0d53-487f-9025-6bf567516412,3479,2026,Частно наказателно дело,Софийски градски съд,Софийска градска прокуратура,Вносител,,
45e4120d-1972-48f2-92b4-5e60c8e4ec05,367,2026,Частно наказателно дело,Окръжен съд - Хасково,Окръжна прокуратура - Хасково,Вносител,,
4b423cab-1c22-47e6-b255-507dae8329b2,366,2026,Частно наказателно дело,Окръжен съд - Хасково,Окръжна прокуратура - Хасково,Вносител,,
e53fe3b9-f9c6-416c-b2b7-dc0293e8f343,285,2026,Частно наказателно дело,Районен съд - Лом,Районна прокуратура - Монтана,Вносител,,
e53fe3b9-f9c6-416c-b2b7-dc0293e8f343,285,2026,Частно наказателно дело,Районен съд - Лом,И.Р.К.,Обвинител,,
e53fe3b9-f9c6-416c-b2b7-dc0293e8f343,285,2026,Частно наказателно дело,Районен съд - Лом,ТО-Лом към РП-Монтана,Вносител,,
e53fe3b9-f9c6-416c-b2b7-dc0293e8f343,285,2026,Частно наказателно дело,Районен съд - Лом,И.И.М.,Обвиняем,,
e53fe3b9-f9c6-416c-b2b7-dc0293e8f343,285,2026,Частно наказателно дело,Районен съд - Лом,П.А.П.,Адвокат,,
3ce68f48-b01c-4857-ac51-65918565792b,2856,2026,Частно наказателно дело,Районен съд - Пловдив,Районна прокуратура - Пловдив,Вносител,,
3ce68f48-b01c-4857-ac51-65918565792b,2856,2026,Частно наказателно дело,Районен съд - Пловдив,Ю.Н.С.,Лице по принудително действие,,
c98853cd-c490-4595-ba4c-4e05be1d4a9f,2855,2026,Частно наказателно дело,Районен съд - Пловдив,Районна прокуратура - Пловдив,Вносител,,
c98853cd-c490-4595-ba4c-4e05be1d4a9f,2855,2026,Частно наказателно дело,Районен съд - Пловдив,И.К.К.,Лице по принудително действие,,
19f49325-8bb9-4aa3-962f-41f8d0a8b0ff,236,2026,Частно наказателно дело,Окръжен съд - Перник,Окръжна прокуратура - Перник,Вносител,,
19f49325-8bb9-4aa3-962f-41f8d0a8b0ff,236,2026,Частно наказателно дело,Окръжен съд - Перник,Б.И.К.,Обвинител,,
19f49325-8bb9-4aa3-962f-41f8d0a8b0ff,236,2026,Частно наказателно дело,Окръжен съд - Перник,Е.В.Н.,Обвиняем,,
19f49325-8bb9-4aa3-962f-41f8d0a8b0ff,236,2026,Частно наказателно дело,Окръжен съд - Перник,А.М.В.,Защитник,,
55d261c0-6360-4ce4-8060-446ab39f634d,2197,2026,Частно наказателно дело,Районен съд - Варна,Районна прокуратура - Варна,Вносител,,
55d261c0-6360-4ce4-8060-446ab39f634d,2197,2026,Частно наказателно дело,Районен съд - Варна,Т.С.С.,Страна,,
b14f9f23-ac72-4eea-a04a-fca094369cd3,212,2026,Частно наказателно дело,Окръжен съд - Ямбол,Окръжна прокуратура - Ямбол,Вносител,,
b14f9f23-ac72-4eea-a04a-fca094369cd3,212,2026,Частно наказателно дело,Окръжен съд - Ямбол,Ж.П.И.,Обвинител,,
b14f9f23-ac72-4eea-a04a-fca094369cd3,212,2026,Частно наказателно дело,Окръжен съд - Ямбол,М.К.,Обвиняем,,
b14f9f23-ac72-4eea-a04a-fca094369cd3,212,2026,Частно наказателно дело,Окръжен съд - Ямбол,Н.Д.Н.,Адвокат,Николай Динков Начев,
b14f9f23-ac72-4eea-a04a-fca094369cd3,212,2026,Частно наказателно дело,Окръжен съд - Ямбол,Милка Шигулова,Преводач,,
3fa0b34e-89cc-406b-b56b-c7eb22c9d9e3,7541,2026,Частно наказателно дело,Софийски районен съд,Районна прокуратура - София,Вносител,,
8b54369e-4985-4045-81a1-e116a402f696,7540,2026,Частно наказателно дело,Софийски районен съд,Районна прокуратура - София,Вносител,,
dedadc43-583f-42cf-9ca1-7955e0f612af,7539,2026,Частно наказателно дело,Софийски районен съд,Районна прокуратура - София,Вносител,,
9b01a64b-9345-4986-b4c5-430ff2e14970,7538,2026,Частно наказателно дело,Софийски районен съд,Районна прокуратура - София,Вносител,,
9bbeb748-a9f9-4d98-9c89-00799f8ac3b6,49,2026,Частно наказателно дело,Военен съд - Пловдив,Военно - окръжна прокуратура гр. Пловдив,Вносител,,
9bbeb748-a9f9-4d98-9c89-00799f8ac3b6,49,2026,Частно наказателно дело,Военен съд - Пловдив,А.Г.Г.,Страна,,
5ed01305-a724-4a5c-ae6a-1bd7865e9857,48,2026,Частно наказателно дело,Военен съд - Пловдив,Военно - окръжна прокуратура гр. Пловдив,Вносител,,
5ed01305-a724-4a5c-ae6a-1bd7865e9857,48,2026,Частно наказателно дело,Военен съд - Пловдив,А.Г.Г.,Страна,,
6d967566-337d-44d4-950d-61071f44a32d,2854,2026,Административно наказателно дело,Районен съд - Пловдив,Районно управление ”Полиция” - Стамболийски,Вносител,,
6d967566-337d-44d4-950d-61071f44a32d,2854,2026,Административно наказателно дело,Районен съд - Пловдив,Х.В.М.,Нарушител,,
70060cd0-c219-49c9-a1a5-b4f2f5549e72,832,2026,Частно наказателно дело,Окръжен съд - Варна,Окръжна прокуратура - Варна,Вносител,,
70060cd0-c219-49c9-a1a5-b4f2f5549e72,832,2026,Частно наказателно дело,Окръжен съд - Варна,З.А.З.,Обвинител,,
70060cd0-c219-49c9-a1a5-b4f2f5549e72,832,2026,Частно наказателно дело,Окръжен съд - Варна,К.П.,Обвиняем,,
a7746e6e-46a7-444e-bfea-fa68aadf7fce,2196,2026,Частно наказателно дело,Районен съд - Варна,Районна прокуратура - Варна,Вносител,,
a7746e6e-46a7-444e-bfea-fa68aadf7fce,2196,2026,Частно наказателно дело,Районен съд - Варна,М.Н.К.,Страна,,
86c02b2a-c49a-4adf-b30b-1a1a617d6934,2853,2026,Частно наказателно дело,Районен съд - Пловдив,Районна прокуратура - Пловдив,Вносител,,
86c02b2a-c49a-4adf-b30b-1a1a617d6934,2853,2026,Частно наказателно дело,Районен съд - Пловдив,Л.П.А.,Лице по принудително действие,,
5f315fa8-f258-46c2-8ece-55d87ae15d7f,831,2026,Частно наказателно дело,Окръжен съд - Варна,З.А.З.,Обвинител,,
5f315fa8-f258-46c2-8ece-55d87ae15d7f,831,2026,Частно наказателно дело,Окръжен съд - Варна,Д.Д.,Обвиняем,,
5f315fa8-f258-46c2-8ece-55d87ae15d7f,831,2026,Частно наказателно дело,Окръжен съд - Варна,Окръжна прокуратура - Варна,Друго,,
d9549abb-99c6-40da-8edc-225073674306,36,2026,Частно наказателно дело,Районен съд - Мадан,Районна прокуратура - Смолян,Вносител,,
d9549abb-99c6-40da-8edc-225073674306,36,2026,Частно наказателно дело,Районен съд - Мадан,M.M.,Искано лице,,
244ef019-bc84-4cbc-a196-0cb405894f0a,164,2026,Частно наказателно дело,Окръжен съд - Видин,Окръжна прокуратура - Видин,Вносител,,
960e5b2c-5774-4715-9fd1-6d9728785272,1855,2026,Частно наказателно дело,Районен съд - Бургас,С.В.Д.,Освидетелстван,,
030a955a-3af4-4d65-a2cc-fca28bc4e36f,1854,2026,Частно наказателно дело,Районен съд - Бургас,ЦЕНТЪР ЗА ПСИХИЧНО ЗДРАВЕ ПРОФ. Д - Р ИВАН ТЕМКОВ - БУРГАС ЕООД,Вносител,,
030a955a-3af4-4d65-a2cc-fca28bc4e36f,1854,2026,Частно наказателно дело,Районен съд - Бургас,Б.И.Ж.,Обвинител,,
030a955a-3af4-4d65-a2cc-fca28bc4e36f,1854,2026,Частно наказателно дело,Районен съд - Бургас,П.П.К.,Освидетелстван,,
030a955a-3af4-4d65-a2cc-fca28bc4e36f,1854,2026,Частно наказателно дело,Районен съд - Бургас,Районна прокуратура - Бургас,Друго,,
030a955a-3af4-4d65-a2cc-fca28bc4e36f,1854,2026,Частно наказателно дело,Районен съд - Бургас,С.К.К.,Адвокат,,
030a955a-3af4-4d65-a2cc-fca28bc4e36f,1854,2026,Частно наказателно дело,Районен съд - Бургас,Ф.Л.С.,Вещо лице,,
b2d587e0-c054-4272-87b8-3414af19655f,830,2026,Частно наказателно дело,Окръжен съд - Варна,Окръжна прокуратура - Варна,Вносител,,
b2d587e0-c054-4272-87b8-3414af19655f,830,2026,Частно наказателно дело,Окръжен съд - Варна,Н.В.В.,Обвинител,,
b2d587e0-c054-4272-87b8-3414af19655f,830,2026,Частно наказателно дело,Окръжен съд - Варна,С.Ж.П.,Обвиняем,,
b2d587e0-c054-4272-87b8-3414af19655f,830,2026,Частно наказателно дело,Окръжен съд - Варна,М.П.Н.,Адвокат,,
72e9ae92-309b-45b7-bc01-bb412c31753d,412,2026,Частно наказателно дело,Районен съд - Габрово,Районна прокуратура - Габрово,Вносител,,
aea8aa76-9a7a-4c3b-9999-f10fe1897855,463,2026,Административно наказателно дело,Районен съд - Ловеч,Районно управление ”Полиция” - Ловеч,Вносител,,
aea8aa76-9a7a-4c3b-9999-f10fe1897855,463,2026,Административно наказателно дело,Районен съд - Ловеч,А.М.Б.,Нарушител,,
aea8aa76-9a7a-4c3b-9999-f10fe1897855,463,2026,Административно наказателно дело,Районен съд - Ловеч,Районна прокуратура - Ловеч,Страна,,
6ba0055f-4a99-4f8b-958a-3ec2d4ef9464,749,2026,Частно наказателно дело,Районен съд - Пазарджик,Районна прокуратура - Пазарджик,Вносител,,
1e41f04b-7e42-4f79-bb65-df76be741ecb,718,2026,Частно наказателно дело,Окръжен съд - Бургас,Окръжна прокуратура - Бургас,Вносител,,
5924a5df-56bf-4c2b-a75b-24a4edc7145f,7537,2026,Частно наказателно дело,Софийски районен съд,Районна прокуратура - София,Вносител,,
5924a5df-56bf-4c2b-a75b-24a4edc7145f,7537,2026,Частно наказателно дело,Софийски районен съд,А.И.С.,Обвинител,,
5924a5df-56bf-4c2b-a75b-24a4edc7145f,7537,2026,Частно наказателно дело,Софийски районен съд,Г.Д.Р.,Обвиняем,,
5924a5df-56bf-4c2b-a75b-24a4edc7145f,7537,2026,Частно наказателно дело,Софийски районен съд,Х.Д.Д.,Адвокат,,
5924a5df-56bf-4c2b-a75b-24a4edc7145f,7537,2026,Частно наказателно дело,Софийски районен съд,И.М.М.,Адвокат,,
14ad5ed1-17e7-4dbf-af6a-fb4fabdfa1af,717,2026,Частно наказателно дело,Окръжен съд - Бургас,Окръжна прокуратура - Бургас,Вносител,,
c7d63ddf-46ae-4505-a083-f45829902b7c,7536,2026,Частно наказателно дело,Софийски районен съд,Районна прокуратура - София,Вносител,,
c7d63ddf-46ae-4505-a083-f45829902b7c,7536,2026,Частно наказателно дело,Софийски районен съд,А.И.С.,Обвинител,,
c7d63ddf-46ae-4505-a083-f45829902b7c,7536,2026,Частно наказателно дело,Софийски районен съд,И.Н.В.,Обвиняем,,
c7d63ddf-46ae-4505-a083-f45829902b7c,7536,2026,Частно наказателно дело,Софийски районен съд,А.Г.К.,Адвокат,,
bcadefb5-8014-4083-b7e8-c32faabb88a8,3478,2026,Частно наказателно дело,Софийски градски съд,Софийска градска прокуратура,Вносител,,
f456c738-2390-4df3-be12-a854c3a3f0e5,7535,2026,Частно наказателно дело,Софийски районен съд,Районна прокуратура - София,Вносител,,
f456c738-2390-4df3-be12-a854c3a3f0e5,7535,2026,Частно наказателно дело,Софийски районен съд,А.И.С.,Обвинител,,
f456c738-2390-4df3-be12-a854c3a3f0e5,7535,2026,Частно наказателно дело,Софийски районен съд,Ц.В.Д.,Обвиняем,,
f456c738-2390-4df3-be12-a854c3a3f0e5,7535,2026,Частно наказателно дело,Софийски районен съд,М.С.К.,Адвокат,,
93a56380-0278-4b19-a3b9-be12c38fdbf4,3477,2026,Частно наказателно дело,Софийски градски съд,Софийска градска прокуратура,Вносител,,
b08534a2-1fec-4268-a7e9-9fa875bb0158,3476,2026,Частно наказателно дело,Софийски градски съд,Софийска градска прокуратура,Вносител,,
706ca01c-ea3e-409b-8a36-a669d440f998,169,2026,Частно наказателно дело,Районен съд - Нови пазар,Районна прокуратура - Шумен,Вносител,,
706ca01c-ea3e-409b-8a36-a669d440f998,169,2026,Частно наказателно дело,Районен съд - Нови пазар,А.Я.С.,Страна,,
d3206e34-bf95-4a80-b543-c39e4e421ea0,168,2026,Частно наказателно дело,Районен съд - Нови пазар,Районна прокуратура - Шумен,Вносител,,
d3206e34-bf95-4a80-b543-c39e4e421ea0,168,2026,Частно наказателно дело,Районен съд - Нови пазар,А.Я.С.,Страна,,
acc70109-5830-4f56-b40f-bbb30b41f770,3475,2026,Частно наказателно дело,Софийски градски съд,Софийска градска прокуратура,Вносител,,
acc70109-5830-4f56-b40f-bbb30b41f770,3475,2026,Частно наказателно дело,Софийски градски съд,И.И.Б.,Обвинител,,
acc70109-5830-4f56-b40f-bbb30b41f770,3475,2026,Частно наказателно дело,Софийски градски съд,Н.Р.П.,Обвиняем,,
acc70109-5830-4f56-b40f-bbb30b41f770,3475,2026,Частно наказателно дело,Софийски градски съд,Г.Л.М.,Адвокат,Господин Любенов Милев,
47cb3efe-0d12-47b7-a3e1-1ce041ed8550,2852,2026,Частно наказателно дело,Районен съд - Пловдив,Районна прокуратура - Пловдив,Обвинител,,
47cb3efe-0d12-47b7-a3e1-1ce041ed8550,2852,2026,Частно наказателно дело,Районен съд - Пловдив,М.Д.С.,Обвинител,,
47cb3efe-0d12-47b7-a3e1-1ce041ed8550,2852,2026,Частно наказателно дело,Районен съд - Пловдив,А.Г.Х.,Обвиняем,,
47cb3efe-0d12-47b7-a3e1-1ce041ed8550,2852,2026,Частно наказателно дело,Районен съд - Пловдив,Н.К.,Служебен защитник,,
09ae66fe-d81d-42ed-ad5c-aec219b9ce04,997,2026,Търговско дело,Софийски градски съд,ДИДЖИМАРК ИНТЕРНЕШЪНЪЛ ЕООД,Молител,,
09ae66fe-d81d-42ed-ad5c-aec219b9ce04,997,2026,Търговско дело,Софийски градски съд,З.Ц.Л.,Адвокат,,
09ae66fe-d81d-42ed-ad5c-aec219b9ce04,997,2026,Търговско дело,Софийски градски съд,Д.И.С.,Вещо лице,,
6e671323-aebb-45c9-a6d0-01de617dfcc0,996,2026,Търговско дело,Софийски градски съд,В.М.П.,Ищец,,
6e671323-aebb-45c9-a6d0-01de617dfcc0,996,2026,Търговско дело,Софийски градски съд,ФЛИЙТС ООД,Ответник,,
6e671323-aebb-45c9-a6d0-01de617dfcc0,996,2026,Търговско дело,Софийски градски съд,О.Б.Б.,Адвокат,Олга Борисова Вальова,
6e671323-aebb-45c9-a6d0-01de617dfcc0,996,2026,Търговско дело,Софийски градски съд,Д.Г.М.,Адвокат,Делян Георгиев Манчев,
6e671323-aebb-45c9-a6d0-01de617dfcc0,996,2026,Търговско дело,Софийски градски съд,Д.Г.М.,Адвокат,Делян Георгиев Манчев,
b8ab9d5d-9b10-4186-8557-acd4ddd0e894,5415,2026,Гражданско дело,Софийски градски съд,И.Д.Т.,Ищец,,
b8ab9d5d-9b10-4186-8557-acd4ddd0e894,5415,2026,Гражданско дело,Софийски градски съд,МЕДИЦИНСКИ ЦЕНТЪР ПРАЙМ МЕДИКА КЛИНИК ЕООД,Ответник,,
b8ab9d5d-9b10-4186-8557-acd4ddd0e894,5415,2026,Гражданско дело,Софийски градски съд,Т.И.Д.,Адвокат,Тома Иванов Драшков,
e62d5527-125f-493a-9696-b236fff0a4bf,5414,2026,Гражданско дело,Софийски градски съд,КОНСЕРВИНВЕСТ ООД,Ищец,,
e62d5527-125f-493a-9696-b236fff0a4bf,5414,2026,Гражданско дело,Софийски градски съд,БУЛКОНС ПЪРВОМАЙ ЕООД,Ответник,,
e62d5527-125f-493a-9696-b236fff0a4bf,5414,2026,Гражданско дело,Софийски градски съд,П.Х.А.,Адвокат,Петко Христов Ангелов,
c7474a32-fa15-48d0-86d6-c8766c9a9f3d,5413,2026,Гражданско дело,Софийски градски съд,Р.П.Т.,Ищец,,
c7474a32-fa15-48d0-86d6-c8766c9a9f3d,5413,2026,Гражданско дело,Софийски градски съд,М.М.К.,Ответник,,
c7474a32-fa15-48d0-86d6-c8766c9a9f3d,5413,2026,Гражданско дело,Софийски градски съд,М.П.П.,Пълномощник,Маргарита Пенева Пенева,
37584af2-8384-4d65-ba63-e51aef2c9dc9,5412,2026,Гражданско дело,Софийски градски съд,З.В.Н.,Ищец,,
37584af2-8384-4d65-ba63-e51aef2c9dc9,5412,2026,Гражданско дело,Софийски градски съд,В.В.Й.,Ищец,,
37584af2-8384-4d65-ba63-e51aef2c9dc9,5412,2026,Гражданско дело,Софийски градски съд,Е.И.Т.,Ответник,,
37584af2-8384-4d65-ba63-e51aef2c9dc9,5412,2026,Гражданско дело,Софийски градски съд,Е.И.Т.,Ответник,,
37584af2-8384-4d65-ba63-e51aef2c9dc9,5412,2026,Гражданско дело,Софийски градски съд,З.В.Н.,Настойник,,
37584af2-8384-4d65-ba63-e51aef2c9dc9,5412,2026,Гражданско дело,Софийски градски съд,М.С.К.,Адвокат,,
5675d14d-30a6-46f0-82ee-8d078dcdb78b,5411,2026,Гражданско дело,Софийски градски съд,М.К.М.,Ищец,,
5675d14d-30a6-46f0-82ee-8d078dcdb78b,5411,2026,Гражданско дело,Софийски градски съд,С.С.С.,Ответник,,
5675d14d-30a6-46f0-82ee-8d078dcdb78b,5411,2026,Гражданско дело,Софийски градски съд,С.С.Ч.,Адвокат,,
5675d14d-30a6-46f0-82ee-8d078dcdb78b,5411,2026,Гражданско дело,Софийски градски съд,В.В.Т.,Вещо лице,,
5675d14d-30a6-46f0-82ee-8d078dcdb78b,5411,2026,Гражданско дело,Софийски градски съд,И.С.М.,Адвокат,Ива Стефанова Митрова,
caddad8d-9f25-4e6b-aee7-e9b4d1ca99f8,5410,2026,Гражданско дело,Софийски градски съд,УНИБЕТ ООД,Ищец,,
caddad8d-9f25-4e6b-aee7-e9b4d1ca99f8,5410,2026,Гражданско дело,Софийски градски съд,Т.И.И.,Ответник,,
caddad8d-9f25-4e6b-aee7-e9b4d1ca99f8,5410,2026,Гражданско дело,Софийски градски съд,С.Р.М.,Адвокат,Симеон Рачев Миков,
2aa7f3c5-9ec0-4199-803d-b085231e5eaf,5409,2026,Гражданско дело,Софийски градски съд,Г.Н.Т.,Ищец,,
2aa7f3c5-9ec0-4199-803d-b085231e5eaf,5409,2026,Гражданско дело,Софийски градски съд,Висш съдебен съвет,Ответник,,
2aa7f3c5-9ec0-4199-803d-b085231e5eaf,5409,2026,Гражданско дело,Софийски градски съд,ОДМВР - Пловдив,Ответник,,
2aa7f3c5-9ec0-4199-803d-b085231e5eaf,5409,2026,Гражданско дело,Софийски градски съд,ОБЩИНА ПЛОВДИВ,Ответник,,
2aa7f3c5-9ec0-4199-803d-b085231e5eaf,5409,2026,Гражданско дело,Софийски градски съд,Районен съд – Пловдив,Ответник,,
2aa7f3c5-9ec0-4199-803d-b085231e5eaf,5409,2026,Гражданско дело,Софийски градски съд,Районна прокуратура - Пловдив,Ответник,,
2aa7f3c5-9ec0-4199-803d-b085231e5eaf,5409,2026,Гражданско дело,Софийски градски съд,ОП ЖИЛФОНД Пловдив,Ответник,,
766987c8-9d83-4517-8015-437992523a94,3474,2026,Частно наказателно дело,Софийски градски съд,Държавна агенция Национална сигурност,Заявител,,
5ce57ce2-92d0-4c73-b8f8-1737b01c2c3c,3473,2026,Частно наказателно дело,Софийски градски съд,ГДБОП,Заявител,,
66180bfc-435f-4ae2-be7d-7f8f441064df,3472,2026,Частно наказателно дело,Софийски градски съд,ГДБОП,Заявител,,
d8ec8b1d-6423-432b-9849-f83a6ecfa6d7,5408,2026,Гражданско дело,Софийски градски съд,Д.Д.Г.,Ищец,,
d8ec8b1d-6423-432b-9849-f83a6ecfa6d7,5408,2026,Гражданско дело,Софийски градски съд,СТОЛИЧНА ОБЩИНА,Ответник,,
d8ec8b1d-6423-432b-9849-f83a6ecfa6d7,5408,2026,Гражданско дело,Софийски градски съд,А.М.Т.,Адвокат,Ангелина Милошева Тодорова,
bc8c6860-ad28-4cca-8d04-576ab6f5a88a,3471,2026,Частно наказателно дело,Софийски градски съд,ГДБОП,Заявител,,
5eee43be-33e7-4044-9643-00a11ac5f5ea,631,2026,Административно дело,Административен съд - Хасково,М.С.П.,Жалбоподател,,
5eee43be-33e7-4044-9643-00a11ac5f5ea,631,2026,Административно дело,Административен съд - Хасково,ВОЕННО МЕДИЦИНСКА АКАДЕМИЯ СОФИЯ,Ответник,,
5eee43be-33e7-4044-9643-00a11ac5f5ea,631,2026,Административно дело,Административен съд - Хасково,Функционална военномедицинска комисия при МБАЛ Пловдив към ВМА София,Ответник,,
5eee43be-33e7-4044-9643-00a11ac5f5ea,631,2026,Административно дело,Административен съд - Хасково,Д.Ж.Д.,Адвокат,ДИЛЯНА ЖЕЛЯЗКОВА ДИМОВА,
5eee43be-33e7-4044-9643-00a11ac5f5ea,631,2026,Административно дело,Административен съд - Хасково,Х.Ж.К.,Адвокат,,
5eee43be-33e7-4044-9643-00a11ac5f5ea,631,2026,Административно дело,Административен съд - Хасково,Р.П.П.,Адвокат,Росица Петрова Попова,
4098c19e-be27-426e-9d95-bea522186539,3470,2026,Частно наказателно дело,Софийски градски съд,ГДБОП,Заявител,,
bdafa380-c906-45f3-9abd-c16b20c0f9dc,3469,2026,Частно наказателно дело,Софийски градски съд,ГДБОП,Заявител,,
20e71cf1-832e-4847-9c49-61e3599d2c7b,3468,2026,Частно наказателно дело,Софийски градски съд,ГДБОП,Заявител,,
12971ad9-4097-4661-a426-9587318155ba,3467,2026,Частно наказателно дело,Софийски градски съд,ГДБОП,Заявител,,
222e5fc3-671b-4971-957a-1847a0c7bf74,5407,2026,Гражданско дело,Софийски градски съд,Н.М.Ш.,Ищец,,
222e5fc3-671b-4971-957a-1847a0c7bf74,5407,2026,Гражданско дело,Софийски градски съд,Прокуратура на Република България,Ответник,,
222e5fc3-671b-4971-957a-1847a0c7bf74,5407,2026,Гражданско дело,Софийски градски съд,К.Н.Й.,Адвокат,Камелия Николаева Йотова,
9c1609ba-9d03-42fb-a1cc-039b38869d4a,995,2026,Търговско дело,Софийски градски съд,Софийска градска прокуратура,Ищец,,
9c1609ba-9d03-42fb-a1cc-039b38869d4a,995,2026,Търговско дело,Софийски градски съд,ФЛОРАН 3 ООД,Ответник,,
ac4ac859-ad18-4081-a65d-ce3fb8f00d7c,5406,2026,Гражданско дело,Софийски градски съд,СТОЛИЧНА ОБЩИНА,Ищец,,
ac4ac859-ad18-4081-a65d-ce3fb8f00d7c,5406,2026,Гражданско дело,Софийски градски съд,МЕД ЕКО ООД,Ответник,,
ac4ac859-ad18-4081-a65d-ce3fb8f00d7c,5406,2026,Гражданско дело,Софийски градски съд,И.В.Р.,Ответник,,
ac4ac859-ad18-4081-a65d-ce3fb8f00d7c,5406,2026,Гражданско дело,Софийски градски съд,М.И.Р.,Ответник,,
ac4ac859-ad18-4081-a65d-ce3fb8f00d7c,5406,2026,Гражданско дело,Софийски градски съд,В.П.Н.,Юрисконсулт,,
59945b58-b539-4c46-98ab-12fcd551d919,994,2026,Търговско дело,Софийски градски съд,Софийска градска прокуратура,Ищец,,
59945b58-b539-4c46-98ab-12fcd551d919,994,2026,Търговско дело,Софийски градски съд,СМАРТОН ДЕВЕЛОПМЕНТ ЕООД,Ответник,,
41811c69-6e98-47c1-ab7c-a1ae5efcadcb,5405,2026,Гражданско дело,Софийски градски съд,Д.Г.Б.,Ищец,,
41811c69-6e98-47c1-ab7c-a1ae5efcadcb,5405,2026,Гражданско дело,Софийски градски съд,Прокуратурата на Република България,Ответник,,
41811c69-6e98-47c1-ab7c-a1ae5efcadcb,5405,2026,Гражданско дело,Софийски градски съд,Софийски градски съд,Ответник,,
1e75bcc7-5981-46bc-b2ad-d2b82bc83361,993,2026,Търговско дело,Софийски градски съд,Софийска градска прокуратура,Ищец,,
1e75bcc7-5981-46bc-b2ad-d2b82bc83361,993,2026,Търговско дело,Софийски градски съд,ЛАБТЕСТ 2000 ООД,Ответник,,
9e651e9b-638b-4cd2-8aee-c08487d18bdb,5404,2026,Гражданско дело,Софийски градски съд,М.С.Т.,Ищец,,
9e651e9b-638b-4cd2-8aee-c08487d18bdb,5404,2026,Гражданско дело,Софийски градски съд,Г.Д.,Ответник,,
9e651e9b-638b-4cd2-8aee-c08487d18bdb,5404,2026,Гражданско дело,Софийски градски съд,А.Т.А.,Ответник,,
9e651e9b-638b-4cd2-8aee-c08487d18bdb,5404,2026,Гражданско дело,Софийски градски съд,Т.М.Т.,Ответник,,
9e651e9b-638b-4cd2-8aee-c08487d18bdb,5404,2026,Гражданско дело,Софийски градски съд,Г.С.Р.,Ответник,,
e60bc4e0-6433-4044-8388-41d863fb0a45,992,2026,Търговско дело,Софийски градски съд,ЕЛФИ - ТЕХ ООД,Молител,,
e60bc4e0-6433-4044-8388-41d863fb0a45,992,2026,Търговско дело,Софийски градски съд,ЕЛЕН ИНВЕСТ ЕООД,Ответник,,
e60bc4e0-6433-4044-8388-41d863fb0a45,992,2026,Търговско дело,Софийски градски съд,К.Н.Й.,Адвокат,Камелия Николаева Йотова,
e60bc4e0-6433-4044-8388-41d863fb0a45,992,2026,Търговско дело,Софийски градски съд,Х.Р.Б.,Адвокат,Христо Руменов Болашъков,
e60bc4e0-6433-4044-8388-41d863fb0a45,992,2026,Търговско дело,Софийски градски съд,М.К.М.,Адвокат,МАРГАРИТА КРЪСТЕВА МИЛАНОВА,
ccf3a745-f479-408b-a7e0-4d27891f93ba,991,2026,Търговско дело,Софийски градски съд,НЕТПИК ЕООД,Ищец,,
ccf3a745-f479-408b-a7e0-4d27891f93ba,991,2026,Търговско дело,Софийски градски съд,Е.В.В.,Ответник,,
ccf3a745-f479-408b-a7e0-4d27891f93ba,991,2026,Търговско дело,Софийски градски съд,З Консулт 93 ООД,Ответник,,
ccf3a745-f479-408b-a7e0-4d27891f93ba,991,2026,Търговско дело,Софийски градски съд,ЗЕВС КОНСУЛТ ООД,Ответник,,
ccf3a745-f479-408b-a7e0-4d27891f93ba,991,2026,Търговско дело,Софийски градски съд,Д.Г.Г.,Адвокат,Димо Григориев Господинов,
ccf3a745-f479-408b-a7e0-4d27891f93ba,991,2026,Търговско дело,Софийски градски съд,Г.Р.П.,Адвокат,Гергана Радославова Пейчева,
ccf3a745-f479-408b-a7e0-4d27891f93ba,991,2026,Търговско дело,Софийски градски съд,П.К.К.,Адвокат,Пламена Красимирова Кръстева,
5e9cf380-3751-4264-9090-7880239558b8,990,2026,Търговско дело,Софийски градски съд,И.Р.Г.,Ищец,,
5e9cf380-3751-4264-9090-7880239558b8,990,2026,Търговско дело,Софийски градски съд,НОВА БРОУДКАСТИНГ ГРУП ЕООД,Ответник,,
5e9cf380-3751-4264-9090-7880239558b8,990,2026,Търговско дело,Софийски градски съд,И.В.Е.,Адвокат,,
172567f6-b940-4275-abb8-d54563d05931,989,2026,Търговско дело,Софийски градски съд,Н.К.Ц.,Ищец,,
172567f6-b940-4275-abb8-d54563d05931,989,2026,Търговско дело,Софийски градски съд,СМАРТ СЕРВИЗ 2016 ЕООД,Ответник,,
9479423f-6402-448a-9c6c-7b0ca726b0e8,988,2026,Търговско дело,Софийски градски съд,ЕЯ 2015 ЕООД,Молител,,
9479423f-6402-448a-9c6c-7b0ca726b0e8,988,2026,Търговско дело,Софийски градски съд,В.С.Г.,Адвокат,Виктория Гогуланова,
4489439b-f80d-4f58-92ba-f687138f192d,622,2026,Касационно административно наказателно дело,Административен съд - Стара Загора,С.С.С.,Касатор,,
4489439b-f80d-4f58-92ba-f687138f192d,622,2026,Касационно административно наказателно дело,Административен съд - Стара Загора,НАЧАЛНИК ГРУПА В СЕКТОР ПЪТНА ПОЛИЦИЯ ПРИ ОД НА МВР СТАРА ЗАГОРА,Ответник,,
4489439b-f80d-4f58-92ba-f687138f192d,622,2026,Касационно административно наказателно дело,Административен съд - Стара Загора,М.И.А.,Юрисконсулт,,
4489439b-f80d-4f58-92ba-f687138f192d,622,2026,Касационно административно наказателно дело,Административен съд - Стара Загора,Н.С.К.,Адвокат,,
1d52318f-26e1-4904-bdc5-1e47ef86eb85,621,2026,Касационно административно наказателно дело,Административен съд - Стара Загора,ДИРЕКТОР НА РЕГИОНАЛНА ИНСПЕКЦИЯ ПО ОКОЛНАТА СРЕДА И ВОДИТЕ-СТАРА ЗАГОРА,Жалбоподател,,
1d52318f-26e1-4904-bdc5-1e47ef86eb85,621,2026,Касационно административно наказателно дело,Административен съд - Стара Загора,ДИРЕКТОР НА РИОСВ - Стара Загора,Касатор,,
1d52318f-26e1-4904-bdc5-1e47ef86eb85,621,2026,Касационно административно наказателно дело,Административен съд - Стара Загора,Енерджи- 2 ООД,Ответник,,
1d52318f-26e1-4904-bdc5-1e47ef86eb85,621,2026,Касационно административно наказателно дело,Административен съд - Стара Загора,П.Т.М.,Юрисконсулт,,
1d52318f-26e1-4904-bdc5-1e47ef86eb85,621,2026,Касационно административно наказателно дело,Административен съд - Стара Загора,К.Д.Д.,Адвокат,,
1d52318f-26e1-4904-bdc5-1e47ef86eb85,621,2026,Касационно административно наказателно дело,Административен съд - Стара Загора,П.Х.К.,Адвокат,,
1d52318f-26e1-4904-bdc5-1e47ef86eb85,621,2026,Касационно административно наказателно дело,Административен съд - Стара Загора,А.А.,Адвокат,,
c6e4e2e3-5366-4145-b0b8-86f664db6fcc,596,2026,Гражданско дело,Районен съд - Асеновград,В.Г.А.,Молител,,
c6e4e2e3-5366-4145-b0b8-86f664db6fcc,596,2026,Гражданско дело,Районен съд - Асеновград,Г.К.Ч.,Ответник,,
c6e4e2e3-5366-4145-b0b8-86f664db6fcc,596,2026,Гражданско дело,Районен съд - Асеновград,М.В.Ч.,Ответник,,
c6e4e2e3-5366-4145-b0b8-86f664db6fcc,596,2026,Гражданско дело,Районен съд - Асеновград,С.К.Д.,Адвокат,,
c6e4e2e3-5366-4145-b0b8-86f664db6fcc,596,2026,Гражданско дело,Районен съд - Асеновград,Т.П.П.,Адвокат,Тенко Пейчев Пантов,
3e99bef2-5a2e-48a4-a103-4e544acb301a,595,2026,Гражданско дело,Районен съд - Асеновград,Г.А.Д.,Ищец,,
3e99bef2-5a2e-48a4-a103-4e544acb301a,595,2026,Гражданско дело,Районен съд - Асеновград,БИ ЕНД ДЖИ КРЕДИТ ООД,Ответник,,
3e99bef2-5a2e-48a4-a103-4e544acb301a,595,2026,Гражданско дело,Районен съд - Асеновград,С.К.Н.,Адвокат,,
3e99bef2-5a2e-48a4-a103-4e544acb301a,595,2026,Гражданско дело,Районен съд - Асеновград,Б.К.Б.,Представляващ,,
2dcefc04-0e3e-4aec-b128-18cdd15c0395,620,2026,Касационно административно наказателно дело,Административен съд - Стара Загора,ДИРЕКТОР НА ДИРЕКЦИЯ ИНСПЕКЦИЯ ПО ТРУДА,Жалбоподател,,
2dcefc04-0e3e-4aec-b128-18cdd15c0395,620,2026,Касационно административно наказателно дело,Административен съд - Стара Загора,ПАУЪР-ИНЖЕНЕРИНГ ЕООД,Жалбоподател,,
2dcefc04-0e3e-4aec-b128-18cdd15c0395,620,2026,Касационно административно наказателно дело,Административен съд - Стара Загора,Районна прокуратура - Стара Загора,Друго,,
2dcefc04-0e3e-4aec-b128-18cdd15c0395,620,2026,Касационно административно наказателно дело,Административен съд - Стара Загора,Д.А.К.,Адвокат,,
2dcefc04-0e3e-4aec-b128-18cdd15c0395,620,2026,Касационно административно наказателно дело,Административен съд - Стара Загора,Д.А.К.,Адвокат,Десислава Атанасова Кънева,
8affed62-998e-4f2f-a136-8e43eb0f8579,594,2026,Гражданско дело,Районен съд - Асеновград,Г.А.Д.,Ищец,,
8affed62-998e-4f2f-a136-8e43eb0f8579,594,2026,Гражданско дело,Районен съд - Асеновград,БИ ЕНД ДЖИ КРЕДИТ ООД,Ответник,,
8affed62-998e-4f2f-a136-8e43eb0f8579,594,2026,Гражданско дело,Районен съд - Асеновград,С.К.Н.,Адвокат,,
8affed62-998e-4f2f-a136-8e43eb0f8579,594,2026,Гражданско дело,Районен съд - Асеновград,Б.К.Б.,Представляващ,,
0bfd55c1-7d8b-4eca-bb94-cd9f8d6f872a,593,2026,Гражданско дело,Районен съд - Асеновград,Г.А.Д.,Ищец,,
0bfd55c1-7d8b-4eca-bb94-cd9f8d6f872a,593,2026,Гражданско дело,Районен съд - Асеновград,НЕТКРЕДИТ ООД,Ответник,,
0bfd55c1-7d8b-4eca-bb94-cd9f8d6f872a,593,2026,Гражданско дело,Районен съд - Асеновград,С.К.Н.,Адвокат,,
0bfd55c1-7d8b-4eca-bb94-cd9f8d6f872a,593,2026,Гражданско дело,Районен съд - Асеновград,И.Н.Х.С.,Представител,,
d46cd29d-32fc-4947-9332-999be60cd2a4,619,2026,Касационно административно наказателно дело,Административен съд - Стара Загора,"Директор на Дирекция ""Инспекция по труда""-Стара Загора",Касатор,,
d46cd29d-32fc-4947-9332-999be60cd2a4,619,2026,Касационно административно наказателно дело,Административен съд - Стара Загора,ПАУЪР-ИНЖЕНЕРИНГ ЕООД,Ответник,,
d46cd29d-32fc-4947-9332-999be60cd2a4,619,2026,Касационно административно наказателно дело,Административен съд - Стара Загора,Д.А.К.,Адвокат,Десислава Атанасова Кънева,
ed0e250c-6610-412f-b7c4-270a860cfed4,414,2026,Наказателно дело от общ характер,Софийски окръжен съд,Окръжна прокуратура - София,Обвинител,,
ed0e250c-6610-412f-b7c4-270a860cfed4,414,2026,Наказателно дело от общ характер,Софийски окръжен съд,К.Г.Д.,Обвинител,,
ed0e250c-6610-412f-b7c4-270a860cfed4,414,2026,Наказателно дело от общ характер,Софийски окръжен съд,К.Р.Н.,Обвинител,,
ed0e250c-6610-412f-b7c4-270a860cfed4,414,2026,Наказателно дело от общ характер,Софийски окръжен съд,Б.Г.П.,Подсъдим,,
ed0e250c-6610-412f-b7c4-270a860cfed4,414,2026,Наказателно дело от общ характер,Софийски окръжен съд,А.Б.П.,Подсъдим,,
ed0e250c-6610-412f-b7c4-270a860cfed4,414,2026,Наказателно дело от общ характер,Софийски окръжен съд,А.А.Л.А.,Служебен защитник,,
ed0e250c-6610-412f-b7c4-270a860cfed4,414,2026,Наказателно дело от общ характер,Софийски окръжен съд,А.Ю.С.С.,Служебен защитник,,
0633c82a-bf84-4100-896e-5a2a75687ada,618,2026,Касационно административно наказателно дело,Административен съд - Стара Загора,КЕРАСУС ЛОДЖИСТИК ООД,Касатор,,
0633c82a-bf84-4100-896e-5a2a75687ada,618,2026,Касационно административно наказателно дело,Административен съд - Стара Загора,ДИРЕКТОР НА ДИРЕКЦИЯ ИНСПЕКЦИЯ ПО ТРУДА СТАРА ЗАГОРА,Ответник,,
0633c82a-bf84-4100-896e-5a2a75687ada,618,2026,Касационно административно наказателно дело,Административен съд - Стара Загора,П.С.Д.,Адвокат,,
29381d13-9ff2-4482-820c-66f593136836,617,2026,Касационно административно наказателно дело,Административен съд - Стара Загора,КЕРАСУС ЛОДЖИСТИК ООД,Касатор,,
29381d13-9ff2-4482-820c-66f593136836,617,2026,Касационно административно наказателно дело,Административен съд - Стара Загора,ДИРЕКТОР НА ДИРЕКЦИЯ ИНСПЕКЦИЯ ПО ТРУДА СТАРА ЗАГОРА,Ответник,,
29381d13-9ff2-4482-820c-66f593136836,617,2026,Касационно административно наказателно дело,Административен съд - Стара Загора,Районна прокуратура - Стара Загора,Страна,,
29381d13-9ff2-4482-820c-66f593136836,617,2026,Касационно административно наказателно дело,Административен съд - Стара Загора,П.С.Д.,Адвокат,,
ffd352c7-fcdc-49c2-8a4f-286b8f02b8da,592,2026,Гражданско дело,Районен съд - Асеновград,Г.Р.И.,Ищец,,
ffd352c7-fcdc-49c2-8a4f-286b8f02b8da,592,2026,Гражданско дело,Районен съд - Асеновград,АЙ ТИ ЕФ ГРУП АД,Ответник,,
ffd352c7-fcdc-49c2-8a4f-286b8f02b8da,592,2026,Гражданско дело,Районен съд - Асеновград,С.К.Н.,Адвокат,,
ffd352c7-fcdc-49c2-8a4f-286b8f02b8da,592,2026,Гражданско дело,Районен съд - Асеновград,Л.В.В.,Адвокат,Лили Венелин Вълкова,
b3e7b358-d7ab-46d5-8a01-c9a090dcff8a,591,2026,Гражданско дело,Районен съд - Асеновград,Г.А.Д.,Ищец,,
b3e7b358-d7ab-46d5-8a01-c9a090dcff8a,591,2026,Гражданско дело,Районен съд - Асеновград,СТИК - КРЕДИТ АД,Ответник,,
b3e7b358-d7ab-46d5-8a01-c9a090dcff8a,591,2026,Гражданско дело,Районен съд - Асеновград,С.К.Н.,Адвокат,,
b3e7b358-d7ab-46d5-8a01-c9a090dcff8a,591,2026,Гражданско дело,Районен съд - Асеновград,Х.М.Г.,Адвокат,Христо Милчев Георгиев,
3b48d33b-1495-4c5f-9b9d-66658102466d,616,2026,Касационно административно наказателно дело,Административен съд - Стара Загора,КЕРАСУС ЛОДЖИСТИК ООД,Касатор,,
3b48d33b-1495-4c5f-9b9d-66658102466d,616,2026,Касационно административно наказателно дело,Административен съд - Стара Загора,ДИРЕКТОР ДИРЕКЦИЯ ИНСПЕКЦИЯ ПО ТРУДА СТАРА ЗАГОРА,Ответник,,
3b48d33b-1495-4c5f-9b9d-66658102466d,616,2026,Касационно административно наказателно дело,Административен съд - Стара Загора,Окръжна прокуратура Стара Загора,Страна,,
3b48d33b-1495-4c5f-9b9d-66658102466d,616,2026,Касационно административно наказателно дело,Административен съд - Стара Загора,П.С.Д.,Адвокат,,
52378f86-cf4a-4d98-be38-627cb215659a,343,2026,Наказателно дело от общ характер,Районен съд - Асеновград,ТО-Асеновград към РП-Пловдив,Обвинител,,
52378f86-cf4a-4d98-be38-627cb215659a,343,2026,Наказателно дело от общ характер,Районен съд - Асеновград,Д.З.А.,Обвинител,,
52378f86-cf4a-4d98-be38-627cb215659a,343,2026,Наказателно дело от общ характер,Районен съд - Асеновград,А.Н.Е.,Подсъдим,,
52378f86-cf4a-4d98-be38-627cb215659a,343,2026,Наказателно дело от общ характер,Районен съд - Асеновград,Ц.К.С.,Защитник,Цветка Костадинова Сократова,
52378f86-cf4a-4d98-be38-627cb215659a,343,2026,Наказателно дело от общ характер,Районен съд - Асеновград,Б.Ш.А.,Преводач,,
4ebdea43-b31c-4585-ab66-be2c13b52b75,1737,2026,Частно гражданско дело,Районен съд - Велико Търново,Софийски районен съд,Възложител,,
4ebdea43-b31c-4585-ab66-be2c13b52b75,1737,2026,Частно гражданско дело,Районен съд - Велико Търново,Й.Ц.Й.,Свидетел,,
4ebdea43-b31c-4585-ab66-be2c13b52b75,1737,2026,Частно гражданско дело,Районен съд - Велико Търново,СТОЛИЧНА ОБЩИНА,Друго,,
4ebdea43-b31c-4585-ab66-be2c13b52b75,1737,2026,Частно гражданско дело,Районен съд - Велико Търново,"ЗАСТРАХОВАТЕЛНО ЕДНОЛИЧНО АКЦИОНЕРНО ДРУЖЕСТВО ""БУЛСТРАД ВИЕНА ИНШУРЪНС ГРУП"" ЕАД",Друго,,
24f49a6e-690d-4ea3-9966-4e460cb38dc3,1620,2026,Гражданско дело,Районен съд - Казанлък,К.Я.Д.,Ищец,,
24f49a6e-690d-4ea3-9966-4e460cb38dc3,1620,2026,Гражданско дело,Районен съд - Казанлък,М.К.Д.,Ищец,,
24f49a6e-690d-4ea3-9966-4e460cb38dc3,1620,2026,Гражданско дело,Районен съд - Казанлък,А.К.Д.,Ищец,,
24f49a6e-690d-4ea3-9966-4e460cb38dc3,1620,2026,Гражданско дело,Районен съд - Казанлък,Й.Н.Н.,Ответник,,
24f49a6e-690d-4ea3-9966-4e460cb38dc3,1620,2026,Гражданско дело,Районен съд - Казанлък,Г.А.М.,Ответник,,
24f49a6e-690d-4ea3-9966-4e460cb38dc3,1620,2026,Гражданско дело,Районен съд - Казанлък,С.Й.Н.,Ответник,,
24f49a6e-690d-4ea3-9966-4e460cb38dc3,1620,2026,Гражданско дело,Районен съд - Казанлък,Ж.Н.Ж.,Ответник,,
24f49a6e-690d-4ea3-9966-4e460cb38dc3,1620,2026,Гражданско дело,Районен съд - Казанлък,К.Т.Б.,Ответник,,
24f49a6e-690d-4ea3-9966-4e460cb38dc3,1620,2026,Гражданско дело,Районен съд - Казанлък,И.А.М.,Ответник,,
24f49a6e-690d-4ea3-9966-4e460cb38dc3,1620,2026,Гражданско дело,Районен съд - Казанлък,М.Й.Г.,Адвокат,,
b59e3ca5-4d20-4444-91f1-3bdfaae950c4,1736,2026,Гражданско дело,Районен съд - Велико Търново,"Дирекция ""Социално подпомагане"" Велико Търново",Молител,,
b59e3ca5-4d20-4444-91f1-3bdfaae950c4,1736,2026,Гражданско дело,Районен съд - Велико Търново,Ф.Ю.М.,Страна,,
b59e3ca5-4d20-4444-91f1-3bdfaae950c4,1736,2026,Гражданско дело,Районен съд - Велико Търново,Ю.Ф.М.,Родител,,
b59e3ca5-4d20-4444-91f1-3bdfaae950c4,1736,2026,Гражданско дело,Районен съд - Велико Търново,З.А.Н.,Родител,,
9773c822-5b4f-47b7-a051-59abd546e7f0,788,2026,Частно гражданско дело,Районен съд - Пирдоп,БЕСТ Кепитъл България ЕАД,Заявител,,
9773c822-5b4f-47b7-a051-59abd546e7f0,788,2026,Частно гражданско дело,Районен съд - Пирдоп,Б.Т.О.,Длъжник,,
9773c822-5b4f-47b7-a051-59abd546e7f0,788,2026,Частно гражданско дело,Районен съд - Пирдоп,Г.Я.Б.,Пълномощник,,
d5e72c1f-05f4-41a8-aad5-b9aeaab14c8c,2356,2026,Частно гражданско дело,Районен съд - Монтана,АПС БЕТА България ЕООД,Заявител,,
d5e72c1f-05f4-41a8-aad5-b9aeaab14c8c,2356,2026,Частно гражданско дело,Районен съд - Монтана,Н.В.Ф.,Длъжник,,
d5e72c1f-05f4-41a8-aad5-b9aeaab14c8c,2356,2026,Частно гражданско дело,Районен съд - Монтана,П.Ф.Ц.,Юрисконсулт,,
d5e72c1f-05f4-41a8-aad5-b9aeaab14c8c,2356,2026,Частно гражданско дело,Районен съд - Монтана,Х.М.М.,Законен представител,,
d5e72c1f-05f4-41a8-aad5-b9aeaab14c8c,2356,2026,Частно гражданско дело,Районен съд - Монтана,П.В.,Законен представител,,
81405a03-81b0-49a2-976c-309da152394a,1619,2026,Гражданско дело,Районен съд - Казанлък,"ДИРЕКЦИЯ ""СОЦИАЛНО ПОДПОМАГАНЕ"" - МЪГЛИЖ",Молител,,
81405a03-81b0-49a2-976c-309da152394a,1619,2026,Гражданско дело,Районен съд - Казанлък,З.А.С.,Заинтересована страна,,
81405a03-81b0-49a2-976c-309da152394a,1619,2026,Гражданско дело,Районен съд - Казанлък,Р.С.С.,Заинтересована страна,,
81405a03-81b0-49a2-976c-309da152394a,1619,2026,Гражданско дело,Районен съд - Казанлък,А.Р.С.,Заинтересована страна,,
81405a03-81b0-49a2-976c-309da152394a,1619,2026,Гражданско дело,Районен съд - Казанлък,Районна прокуратура - Стара Загора,Друго,,
1b5eeb77-6968-4400-bd1e-9a32a959b6d9,14406,2026,Частно гражданско дело,Софийски районен съд,Г.Е.З.,Ищец,,
1b5eeb77-6968-4400-bd1e-9a32a959b6d9,14406,2026,Частно гражданско дело,Софийски районен съд,Demotex GmbH,Ответник,,
2166cfe7-f03e-4c43-9777-bc0a9416ef2e,1105,2026,Частно гражданско дело,Районен съд - Смолян,Банка ДСК АД,Заявител,,
2166cfe7-f03e-4c43-9777-bc0a9416ef2e,1105,2026,Частно гражданско дело,Районен съд - Смолян,Н.Ж.Й.,Длъжник,,
2166cfe7-f03e-4c43-9777-bc0a9416ef2e,1105,2026,Частно гражданско дело,Районен съд - Смолян,Б.Р.Н.,Пълномощник,,
491699d3-b52e-4d6b-8357-0823ba045b01,5513,2026,Частно гражданско дело,Районен съд - Перник,ПРОФИ КРЕДИТ България ЕООД,Заявител,,
491699d3-b52e-4d6b-8357-0823ba045b01,5513,2026,Частно гражданско дело,Районен съд - Перник,К.С.Д.,Длъжник,,
491699d3-b52e-4d6b-8357-0823ba045b01,5513,2026,Частно гражданско дело,Районен съд - Перник,Е.К.,Юрисконсулт,,
c51db1e6-17e9-4e13-a45a-e96dc1be068f,1306,2026,Частно гражданско дело,Районен съд - Лом,Банка ДСК АД,Заявител,,
c51db1e6-17e9-4e13-a45a-e96dc1be068f,1306,2026,Частно гражданско дело,Районен съд - Лом,Р.О.Я.,Длъжник,,
c51db1e6-17e9-4e13-a45a-e96dc1be068f,1306,2026,Частно гражданско дело,Районен съд - Лом,Д.Г.Б.,Пълномощник,,
6833b7b8-ee2f-41da-aa73-cafd41860c0d,2181,2026,Частно гражданско дело,Районен съд - Кюстендил,ЕОС МАТРИКС ЕАД,Заявител,,
6833b7b8-ee2f-41da-aa73-cafd41860c0d,2181,2026,Частно гражданско дело,Районен съд - Кюстендил,Д.Ш.С.,Длъжник,,
6833b7b8-ee2f-41da-aa73-cafd41860c0d,2181,2026,Частно гражданско дело,Районен съд - Кюстендил,Р.Ж.М.,Адвокат,Росица Живкова Маврова,
9d5d4b56-f322-446e-bb14-66eec134316a,576,2026,Частно гражданско дело,Районен съд - Пещера,Обединена Българска Банка АД,Заявител,,
9d5d4b56-f322-446e-bb14-66eec134316a,576,2026,Частно гражданско дело,Районен съд - Пещера,Л.П.Д.,Длъжник,,
9d5d4b56-f322-446e-bb14-66eec134316a,576,2026,Частно гражданско дело,Районен съд - Пещера,Е.В.Н.,Юрисконсулт,,
8e485c28-3464-47c0-8168-58a981319533,1858,2026,Частно гражданско дело,Районен съд - Горна Оряховица,М.Д.К.,Молител,,
8e485c28-3464-47c0-8168-58a981319533,1858,2026,Частно гражданско дело,Районен съд - Горна Оряховица,М.Г.К.,Родител,,
8e485c28-3464-47c0-8168-58a981319533,1858,2026,Частно гражданско дело,Районен съд - Горна Оряховица,Д.И.К.,Родител,,
a76e870a-f4f0-4bea-9b05-0f8e825e3891,1536,2026,Частно гражданско дело,Районен съд - Габрово,Банка ДСК АД,Кредитор,,
a76e870a-f4f0-4bea-9b05-0f8e825e3891,1536,2026,Частно гражданско дело,Районен съд - Габрово,И.Т.К.,Длъжник,,
a76e870a-f4f0-4bea-9b05-0f8e825e3891,1536,2026,Частно гражданско дело,Районен съд - Габрово,Х.К.П.,Пълномощник,,
97dbd6fa-836a-43f7-881f-3c7e68ff35eb,14405,2026,Гражданско дело,Софийски районен съд,"ЕС - СОФИЯ , НАДЕЖДА 1 ,БЛ.1087,ВХ.А",Ищец,,
97dbd6fa-836a-43f7-881f-3c7e68ff35eb,14405,2026,Гражданско дело,Софийски районен съд,Столична Община,Ответник,,
97dbd6fa-836a-43f7-881f-3c7e68ff35eb,14405,2026,Гражданско дело,Софийски районен съд,И.М.Г.,Адвокат,Илиян Митков Громков,
97dbd6fa-836a-43f7-881f-3c7e68ff35eb,14405,2026,Гражданско дело,Софийски районен съд,ВХОД МЕНИДЖЪР ЕООД,Представляващ,,
1dfae2b0-4f1e-4ff0-a355-8d40e9d9b59a,3513,2026,Частно гражданско дело,Районен съд - Русе,ТИ БИ АЙ Банк ЕАД,Заявител,,
1dfae2b0-4f1e-4ff0-a355-8d40e9d9b59a,3513,2026,Частно гражданско дело,Районен съд - Русе,Т.Г.Х.,Длъжник,,
1dfae2b0-4f1e-4ff0-a355-8d40e9d9b59a,3513,2026,Частно гражданско дело,Районен съд - Русе,Д.В.И.,Юрисконсулт,,
0a0409dc-0715-4d39-a7bb-71907a10b87a,1064,2026,Гражданско дело,Районен съд - Гоце Делчев,Д.Ю.К.,Молител,,
0a0409dc-0715-4d39-a7bb-71907a10b87a,1064,2026,Гражданско дело,Районен съд - Гоце Делчев,Д.А.К.,Молител,,
0a0409dc-0715-4d39-a7bb-71907a10b87a,1064,2026,Гражданско дело,Районен съд - Гоце Делчев,Ф.И.К.,Молител,,
0a0409dc-0715-4d39-a7bb-71907a10b87a,1064,2026,Гражданско дело,Районен съд - Гоце Делчев,ОБЩИНА ГЪРМЕН,Заинтересована страна,,
0a0409dc-0715-4d39-a7bb-71907a10b87a,1064,2026,Гражданско дело,Районен съд - Гоце Делчев,ТО-Гоце Делчев към РП-Благоевград,Заинтересована страна,,
0a0409dc-0715-4d39-a7bb-71907a10b87a,1064,2026,Гражданско дело,Районен съд - Гоце Делчев,ДИРЕКЦИЯ СОЦИАЛНО ПОДПОМАГАНЕ - ГОЦЕ ДЕЛЧЕВ,Заинтересована страна,,
f57e5eaa-91e9-484c-8f9b-e8b6d0683818,88,2026,Частно наказателно дело,Районен съд - Оряхово,ТО-Оряхово към РП-Враца,Вносител,,
f57e5eaa-91e9-484c-8f9b-e8b6d0683818,88,2026,Частно наказателно дело,Районен съд - Оряхово,Н.А.Т.,Жалбоподател,,
f57e5eaa-91e9-484c-8f9b-e8b6d0683818,88,2026,Частно наказателно дело,Районен съд - Оряхово,Ц.З.З.,Адвокат,,
f57e5eaa-91e9-484c-8f9b-e8b6d0683818,88,2026,Частно наказателно дело,Районен съд - Оряхово,Районна прокуратура - Враца,Страна,,
9a1d4fcb-af06-478e-94e0-b82267175544,394,2026,Въззивно частно наказателно дело,Окръжен съд - Плевен,К.Г.Д.,Жалбоподател,,
9a1d4fcb-af06-478e-94e0-b82267175544,394,2026,Въззивно частно наказателно дело,Окръжен съд - Плевен,В.В.Н.,Обвинител,,
9a1d4fcb-af06-478e-94e0-b82267175544,394,2026,Въззивно частно наказателно дело,Окръжен съд - Плевен,И.Г.Т.,Служебен защитник,,
9a1d4fcb-af06-478e-94e0-b82267175544,394,2026,Въззивно частно наказателно дело,Окръжен съд - Плевен,Окръжна прокуратура - Плевен,Страна,,
0e41928c-0500-4bd7-beb8-19f5ec73a5eb,656,2026,Административно наказателно дело,Районен съд - Благоевград,Й.Я.Ч.,Жалбоподател,,
0e41928c-0500-4bd7-beb8-19f5ec73a5eb,656,2026,Административно наказателно дело,Районен съд - Благоевград,Районна прокуратура - Благоевград,Страна,,
0e41928c-0500-4bd7-beb8-19f5ec73a5eb,656,2026,Административно наказателно дело,Районен съд - Благоевград,"НАЧАЛНИК ГРУПА В ОДМВР БЛАГОЕВГРАД,С-Р ПЪТНА ПОЛИЦИЯ БЛАГОЕВГРАД НП № 25-1116-004139/10.11.25Г.",Админ.наказ.орган,,
6e4b9f86-cc8a-480c-ad97-e25b01d0455a,1857,2026,Гражданско дело,Районен съд - Горна Оряховица,Р.Й.Г.,Ищец,,
6e4b9f86-cc8a-480c-ad97-e25b01d0455a,1857,2026,Гражданско дело,Районен съд - Горна Оряховица,ОБЩИНА ЛЯСКОВЕЦ,Ответник,,
6e4b9f86-cc8a-480c-ad97-e25b01d0455a,1857,2026,Гражданско дело,Районен съд - Горна Оряховица,И.Б.Б.,Адвокат,Илиян Боянов Байчев,
6e4b9f86-cc8a-480c-ad97-e25b01d0455a,1857,2026,Гражданско дело,Районен съд - Горна Оряховица,М.И.Н.,Адвокат,Малина Иванова Николова-Янчева,
d1cf4506-ba30-4394-86b8-1d9ca75deac7,14404,2026,Гражданско дело,Софийски районен съд,Софийска вода АД,Ищец,,
d1cf4506-ba30-4394-86b8-1d9ca75deac7,14404,2026,Гражданско дело,Софийски районен съд,Е.С.А.,Ответник,,
670f4d6c-6041-4c25-be1e-d56085bba85e,847,2026,Частно гражданско дело,Районен съд - Берковица,БЕСТ Кепитъл България ЕАД,Заявител,,
670f4d6c-6041-4c25-be1e-d56085bba85e,847,2026,Частно гражданско дело,Районен съд - Берковица,Б.А.Б.,Длъжник,,
670f4d6c-6041-4c25-be1e-d56085bba85e,847,2026,Частно гражданско дело,Районен съд - Берковица,Г.Я.Б.,Пълномощник,,
ffd4a604-b022-423e-a328-3c0215e1709c,535,2026,Гражданско дело,Районен съд - Оряхово,М.Б.М.,Ищец,,
ffd4a604-b022-423e-a328-3c0215e1709c,535,2026,Гражданско дело,Районен съд - Оряхово,СОФИЙСКА ВОДА АД,Ответник,,
ffd4a604-b022-423e-a328-3c0215e1709c,535,2026,Гражданско дело,Районен съд - Оряхово,П.И.Х.,Адвокат,Петър Иванов Хранов,
f7479ce1-1d78-4b63-9ce5-2b2480af85c7,655,2026,Частно наказателно дело,Районен съд - Благоевград,Следствен отдел в ОП Благоевград,Вносител,,
f7479ce1-1d78-4b63-9ce5-2b2480af85c7,655,2026,Частно наказателно дело,Районен съд - Благоевград,Р.С.Д.,Свидетел,,
96b846db-15fe-4d78-9a1d-99f623b0ba3f,177,2026,Наказателно дело от общ характер,Районен съд - Бяла,Районна прокуратура - Русе,Обвинител,,
96b846db-15fe-4d78-9a1d-99f623b0ba3f,177,2026,Наказателно дело от общ характер,Районен съд - Бяла,И.Г.Х.,Обвинител,,
96b846db-15fe-4d78-9a1d-99f623b0ba3f,177,2026,Наказателно дело от общ характер,Районен съд - Бяла,Ф.Ф.К.,Обвиняем,,
96b846db-15fe-4d78-9a1d-99f623b0ba3f,177,2026,Наказателно дело от общ характер,Районен съд - Бяла,Г.Й.Я.,Служебен защитник,,
93cee606-fc1d-4497-ac42-9f7481c6b995,654,2026,Частно наказателно дело,Районен съд - Благоевград,Следствен отдел в ОП Благоевград,Вносител,,
93cee606-fc1d-4497-ac42-9f7481c6b995,654,2026,Частно наказателно дело,Районен съд - Благоевград,В.А.Л.,Свидетел,,
29b230c1-243c-4d62-a92f-fa748887e104,657,2026,Частно гражданско дело,Районен съд - Тервел,АПС БЕТА БЪЛГАРИЯ ЕООД,Заявител,,
29b230c1-243c-4d62-a92f-fa748887e104,657,2026,Частно гражданско дело,Районен съд - Тервел,Р.И.Х.,Длъжник,,
29b230c1-243c-4d62-a92f-fa748887e104,657,2026,Частно гражданско дело,Районен съд - Тервел,П.Ф.Ц.,Юрисконсулт,,
29b230c1-243c-4d62-a92f-fa748887e104,657,2026,Частно гражданско дело,Районен съд - Тервел,Х.М.М.,Законен представител,,
29b230c1-243c-4d62-a92f-fa748887e104,657,2026,Частно гражданско дело,Районен съд - Тервел,П.В.,Законен представител,,
da1d9924-7089-4a51-a340-cbac90687dfc,846,2026,Частно гражданско дело,Районен съд - Берковица,Обединена Българска Банка АД,Заявител,,
da1d9924-7089-4a51-a340-cbac90687dfc,846,2026,Частно гражданско дело,Районен съд - Берковица,И.А.А.,Длъжник,,
da1d9924-7089-4a51-a340-cbac90687dfc,846,2026,Частно гражданско дело,Районен съд - Берковица,Б.С.М.,Юрисконсулт,,
b5aa0588-a8bf-4b3f-bf06-ad295ed001eb,653,2026,Наказателно дело от общ характер,Районен съд - Благоевград,Районна прокуратура - Благоевград,Вносител,,
b5aa0588-a8bf-4b3f-bf06-ad295ed001eb,653,2026,Наказателно дело от общ характер,Районен съд - Благоевград,Б.Й.Л.,Обвинител,,
b5aa0588-a8bf-4b3f-bf06-ad295ed001eb,653,2026,Наказателно дело от общ характер,Районен съд - Благоевград,К.Ж.С.,Подсъдим,,
b5aa0588-a8bf-4b3f-bf06-ad295ed001eb,653,2026,Наказателно дело от общ характер,Районен съд - Благоевград,К.Д.Д.,Адвокат,,
e21d566b-0982-4e7a-850b-eb8b636fdf0a,14403,2026,Гражданско дело,Софийски районен съд,М.Т.С.,Ищец,,
e21d566b-0982-4e7a-850b-eb8b636fdf0a,14403,2026,Гражданско дело,Софийски районен съд,"33 ЕЗИКОВА ГИМНАЗИЯ ""СВЕТА СОФИЯ""",Ответник,,
e21d566b-0982-4e7a-850b-eb8b636fdf0a,14403,2026,Гражданско дело,Софийски районен съд,Е.Д.Ч.,Адвокат,,
e21d566b-0982-4e7a-850b-eb8b636fdf0a,14403,2026,Гражданско дело,Софийски районен съд,Л.П.Л.,Адвокат,,
0df3c251-729c-486a-94bd-9a6d3b24111a,392,2026,Административно дело,Административен съд - Русе,"ЕТ ""НИСИ - НИКОЛА СТОЯНОВ""",Жалбоподател,,
0df3c251-729c-486a-94bd-9a6d3b24111a,392,2026,Административно дело,Административен съд - Русе,КМЕТ НА ОБЩИНА РУСЕ,Ответник,,
0df3c251-729c-486a-94bd-9a6d3b24111a,392,2026,Административно дело,Административен съд - Русе,Н.С.С.,Представляващ,,
0df3c251-729c-486a-94bd-9a6d3b24111a,392,2026,Административно дело,Административен съд - Русе,В.Н.Н.,Процесуален представител,,
0df3c251-729c-486a-94bd-9a6d3b24111a,392,2026,Административно дело,Административен съд - Русе,Я.Ж.Г.,Вещо лице,,
1752aa16-9013-47ed-b755-a4f1dd395c78,475,2026,Частно гражданско дело,Районен съд - Девня,ПЪРВА ИНВЕСТИЦИОННА БАНКА АД,Заявител,,
1752aa16-9013-47ed-b755-a4f1dd395c78,475,2026,Частно гражданско дело,Районен съд - Девня,ИНДАСТРИАЛ СОЛЮШЪНС ЕНД ТЕХНОЛОДЖИ ЕООД,Длъжник,,
1752aa16-9013-47ed-b755-a4f1dd395c78,475,2026,Частно гражданско дело,Районен съд - Девня,С.Н.Н.,Юрисконсулт,,
026123af-8b1a-4b9d-9faa-3a5827650e97,1184,2026,Административно дело,Административен съд - Бургас,П.П.В.,Жалбоподател,,
026123af-8b1a-4b9d-9faa-3a5827650e97,1184,2026,Административно дело,Административен съд - Бургас,"Полицейски инспектор към РУ Поморие, ОДМВР Бургас",Ответник,,
026123af-8b1a-4b9d-9faa-3a5827650e97,1184,2026,Административно дело,Административен съд - Бургас,С.Г.С.,Процесуален представител,Соня Георгиева Скъпиева-Тодорова,
a5e89815-a0cc-4fd3-911b-4535d63fe3f3,1459,2026,Гражданско дело,Районен съд - Нови пазар,М.Д.А.,Ищец,,
a5e89815-a0cc-4fd3-911b-4535d63fe3f3,1459,2026,Гражданско дело,Районен съд - Нови пазар,Д.Д.И.,Ищец,,
a5e89815-a0cc-4fd3-911b-4535d63fe3f3,1459,2026,Гражданско дело,Районен съд - Нови пазар,Я.И.И.,Ищец,,
a5e89815-a0cc-4fd3-911b-4535d63fe3f3,1459,2026,Гражданско дело,Районен съд - Нови пазар,В.И.И.,Ищец,,
a5e89815-a0cc-4fd3-911b-4535d63fe3f3,1459,2026,Гражданско дело,Районен съд - Нови пазар,К.П.К.,Ответник,,
a5e89815-a0cc-4fd3-911b-4535d63fe3f3,1459,2026,Гражданско дело,Районен съд - Нови пазар,Ж.В.Д.,Адвокат,Женета Веселинова Даскалова-Димова,
8b6741bb-069d-4aab-b2bc-b7fbab9d23a3,14402,2026,Гражданско дело,Софийски районен съд,БЕСТ Кепитъл България ЕАД,Ищец,,
8b6741bb-069d-4aab-b2bc-b7fbab9d23a3,14402,2026,Гражданско дело,Софийски районен съд,Н.С.Л.,Ответник,,
8b6741bb-069d-4aab-b2bc-b7fbab9d23a3,14402,2026,Гражданско дело,Софийски районен съд,Б.И.К.,Пълномощник,,
415a8f5a-8b84-48aa-aa7a-11503d232142,1073,2026,Частно гражданско дело,Районен съд - Дряново,БЕСТ Кепитъл България ЕАД,Заявител,,
415a8f5a-8b84-48aa-aa7a-11503d232142,1073,2026,Частно гражданско дело,Районен съд - Дряново,Б.А.Б.,Длъжник,,
415a8f5a-8b84-48aa-aa7a-11503d232142,1073,2026,Частно гражданско дело,Районен съд - Дряново,Г.Я.Б.,Пълномощник,,
77dbfbd5-6b46-479b-aae2-dbe98beb47d4,1063,2026,Частно гражданско дело,Районен съд - Гоце Делчев,ПРОФИ КРЕДИТ България ЕООД,Заявител,,
77dbfbd5-6b46-479b-aae2-dbe98beb47d4,1063,2026,Частно гражданско дело,Районен съд - Гоце Делчев,Г.Т.П.,Длъжник,,
77dbfbd5-6b46-479b-aae2-dbe98beb47d4,1063,2026,Частно гражданско дело,Районен съд - Гоце Делчев,Г.С.К.,Юрисконсулт,,
ac5e23ac-ec32-4cb1-8402-0724cfb342b4,2798,2026,Частно гражданско дело,Районен съд - Шумен,"""Водоснабдяване и канализационни услуги"" ЕООД гр. София",Заявител,,
ac5e23ac-ec32-4cb1-8402-0724cfb342b4,2798,2026,Частно гражданско дело,Районен съд - Шумен,Я.Т.П.,Длъжник,,
ac5e23ac-ec32-4cb1-8402-0724cfb342b4,2798,2026,Частно гражданско дело,Районен съд - Шумен,П.Н.Х.,Адвокат,Петя Нейчева Харизанова,
ac5e23ac-ec32-4cb1-8402-0724cfb342b4,2798,2026,Частно гражданско дело,Районен съд - Шумен,Р.С.И.,Законен представител,,
69952e13-7471-464d-8807-b71b97ede45a,391,2026,Административно дело,Административен съд - Русе,ОБЩЕСТВЕН ПОСРЕДНИК - ОБЩИНА РУСЕ,Жалбоподател,,
69952e13-7471-464d-8807-b71b97ede45a,391,2026,Административно дело,Административен съд - Русе,КМЕТ НА ОБЩИНА РУСЕ,Ответник,,
69952e13-7471-464d-8807-b71b97ede45a,391,2026,Административно дело,Административен съд - Русе,В.Д.Д.,Представител,,
4cfe2409-ba24-4085-819a-b28013e68b45,2180,2026,Гражданско дело,Районен съд - Кюстендил,Н.Д.Д.,Ищец,,
4cfe2409-ba24-4085-819a-b28013e68b45,2180,2026,Гражданско дело,Районен съд - Кюстендил,В.М.Д.,Ответник,,
4cfe2409-ba24-4085-819a-b28013e68b45,2180,2026,Гражданско дело,Районен съд - Кюстендил,Е.С.Й.,Пълномощник,,
4cfe2409-ba24-4085-819a-b28013e68b45,2180,2026,Гражданско дело,Районен съд - Кюстендил,В.П.П.,Пълномощник,,
4cfe2409-ba24-4085-819a-b28013e68b45,2180,2026,Гражданско дело,Районен съд - Кюстендил,"Дирекция ""Социално подпомагане"" Кюстендил-отдел ""Закрила на детето""",Страна,,
a5910607-d105-403c-b54a-5e09f4b7b0d1,251,2026,Частно наказателно дело,Районен съд - Смолян,Районна прокуратура - Смолян,Вносител,,
a5910607-d105-403c-b54a-5e09f4b7b0d1,251,2026,Частно наказателно дело,Районен съд - Смолян,С.С.П.,Страна,,
04008301-1ad8-4a13-af66-fa17f97dffd9,1159,2026,Частно гражданско дело,Районен съд - Козлодуй,ПРОФИ КРЕДИТ България ЕООД,Заявител,,
04008301-1ad8-4a13-af66-fa17f97dffd9,1159,2026,Частно гражданско дело,Районен съд - Козлодуй,П.К.В.,Длъжник,,
04008301-1ad8-4a13-af66-fa17f97dffd9,1159,2026,Частно гражданско дело,Районен съд - Козлодуй,Е.К.,Юрисконсулт,,
5bef9663-e68f-4cd1-ba92-1eed445c2309,14401,2026,Гражданско дело,Софийски районен съд,С.В.В.,Ищец,,
5bef9663-e68f-4cd1-ba92-1eed445c2309,14401,2026,Гражданско дело,Софийски районен съд,В.Г.Г.,Ответник,,
17d18825-098e-4e25-891b-1b26e3f46380,14400,2026,Гражданско дело,Софийски районен съд,Т.Я.С.,Ищец,,
17d18825-098e-4e25-891b-1b26e3f46380,14400,2026,Гражданско дело,Софийски районен съд,М.Д.С.,Ответник,,
17d18825-098e-4e25-891b-1b26e3f46380,14400,2026,Гражданско дело,Софийски районен съд,К.Н.Й.,Адвокат,Камелия Николаева Йотова,
b27fffe4-05dd-46b4-87ca-2cf5c99e22d7,1084,2026,Частно гражданско дело,Районен съд - Разград,Банка ДСК АД,Заявител,,
b27fffe4-05dd-46b4-87ca-2cf5c99e22d7,1084,2026,Частно гражданско дело,Районен съд - Разград,М.Й.Д.,Длъжник,,
b27fffe4-05dd-46b4-87ca-2cf5c99e22d7,1084,2026,Частно гражданско дело,Районен съд - Разград,П.Г.М.,Пълномощник,,
16fd47bc-19bc-4cf9-90e2-5fd85580c045,1226,2026,Частно гражданско дело,Районен съд - Благоевград,Банка ДСК АД,Заявител,,
16fd47bc-19bc-4cf9-90e2-5fd85580c045,1226,2026,Частно гражданско дело,Районен съд - Благоевград,Х.В.Д.,Длъжник,,
16fd47bc-19bc-4cf9-90e2-5fd85580c045,1226,2026,Частно гражданско дело,Районен съд - Благоевград,Б.В.Х.,Пълномощник,,
c316ad8e-5b57-42b3-87f6-978700bdef7e,14399,2026,Гражданско дело,Софийски районен съд,АПС БЕТА БЪЛГАРИЯ ЕООД,Ищец,,
c316ad8e-5b57-42b3-87f6-978700bdef7e,14399,2026,Гражданско дело,Софийски районен съд,Ю.А.А.,Ответник,,
6cf7b570-2bdb-45bf-bcfb-424485cfa316,390,2026,Частно административно дело,Административен съд - Русе,ПУБЛИЧЕН ИЗПЪЛНИТЕЛ ПРИ ТД НА НАП ВАРНА ОФИС РУСЕ,Вносител,,
9eb2372c-a5b8-4fd0-a93c-adbdce947ee4,14398,2026,Гражданско дело,Софийски районен съд,Д.Р.И.,Ищец,,
9eb2372c-a5b8-4fd0-a93c-adbdce947ee4,14398,2026,Гражданско дело,Софийски районен съд,Софийски окръжен съд,Ответник,,
dc8c9aa5-f656-465e-8d00-3c7e7cb310ef,389,2026,Частно административно дело,Административен съд - Русе,СТАРШИ ПУБЛИЧЕН ИЗПЪЛНИТЕЛ В ТД НА НАП ОФИС РУСЕ,Вносител,,
ed612979-dd46-454c-8503-3432597dca39,624,2026,Административно дело,Административен съд - Пазарджик,Б.В.Л.,Жалбоподател,,
ed612979-dd46-454c-8503-3432597dca39,624,2026,Административно дело,Административен съд - Пазарджик,КМЕТ НА ОБЩИНА ПАНАГЮРИЩЕ,Ответник,,
da6fedf7-92c9-471d-a22c-3840f55ed8b8,838,2026,Частно гражданско дело,Районен съд - Кубрат,Банка ДСК АД,Заявител,,
da6fedf7-92c9-471d-a22c-3840f55ed8b8,838,2026,Частно гражданско дело,Районен съд - Кубрат,Й.Р.З.,Длъжник,,
da6fedf7-92c9-471d-a22c-3840f55ed8b8,838,2026,Частно гражданско дело,Районен съд - Кубрат,А.С.Д.,Пълномощник,,
dffdd0cd-b8e7-4aeb-b94d-b84b6ec16079,14397,2026,Гражданско дело,Софийски районен съд,Агенция за събиране на вземания ЕАД,Ищец,,
dffdd0cd-b8e7-4aeb-b94d-b84b6ec16079,14397,2026,Гражданско дело,Софийски районен съд,Р.В.В.,Ответник,,
dffdd0cd-b8e7-4aeb-b94d-b84b6ec16079,14397,2026,Гражданско дело,Софийски районен съд,Н.Г.П.А.,Пълномощник,,
dffdd0cd-b8e7-4aeb-b94d-b84b6ec16079,14397,2026,Гражданско дело,Софийски районен съд,М.В.М.,Пълномощник,Мартин Веселинов Мавров,
a819ab47-5c36-4f0a-b92f-886e120a28dc,2179,2026,Частно гражданско дело,Районен съд - Кюстендил,ПРОФИ КРЕДИТ България ЕООД,Заявител,,
a819ab47-5c36-4f0a-b92f-886e120a28dc,2179,2026,Частно гражданско дело,Районен съд - Кюстендил,В.А.Н.,Длъжник,,
a819ab47-5c36-4f0a-b92f-886e120a28dc,2179,2026,Частно гражданско дело,Районен съд - Кюстендил,Н.М.Л.,Юрисконсулт,,
7a74ffc4-05c8-44b2-aed3-1ad5ccf46040,2564,2026,Частно гражданско дело,Районен съд - Добрич,БЕСТ Кепитъл България ЕАД,Заявител,,
7a74ffc4-05c8-44b2-aed3-1ad5ccf46040,2564,2026,Частно гражданско дело,Районен съд - Добрич,А.М.Е.,Длъжник,,
7a74ffc4-05c8-44b2-aed3-1ad5ccf46040,2564,2026,Частно гражданско дело,Районен съд - Добрич,Г.Я.Б.,Пълномощник,,
715f9c61-bcec-47f6-8d4a-d20795540ff3,14396,2026,Гражданско дело,Софийски районен съд,Н.В.В.,Ищец,,
715f9c61-bcec-47f6-8d4a-d20795540ff3,14396,2026,Гражданско дело,Софийски районен съд,Кредирект ЕООД,Ответник,,
715f9c61-bcec-47f6-8d4a-d20795540ff3,14396,2026,Гражданско дело,Софийски районен съд,П.П.К.,Адвокат,,
715f9c61-bcec-47f6-8d4a-d20795540ff3,14396,2026,Гражданско дело,Софийски районен съд,В.Б.Б.,Адвокат,Владислав Бисеров Божиков,
7a1c329f-30b1-4a89-8e4f-e46773a75fbb,388,2026,Частно административно дело,Административен съд - Русе,СТАРШИ ПУБЛИЧЕН ИЗПЪЛНИТЕЛ В ТД НА НАП ОФИС РУСЕ,Вносител,,
4b9b8a8e-5b3c-424b-8f77-b1ec9458274c,623,2026,Административно дело,Административен съд - Пазарджик,Б.В.Л.,Жалбоподател,,
4b9b8a8e-5b3c-424b-8f77-b1ec9458274c,623,2026,Административно дело,Административен съд - Пазарджик,КМЕТ НА ОБЩИНА ПАНАГЮРИЩЕ,Ответник,,
46567e50-c05b-4a7b-9639-d355d8fead4a,387,2026,Частно административно дело,Административен съд - Русе,"ГЛАВЕН ПУБЛИЧЕН ИЗПЪЛНИТЕЛ ПРИ ТД НА НАП - ВАРНА, ОФИС РУСЕ",Вносител,,
4f1840ef-c04c-467f-9ac8-a3dcc4335269,1212,2026,Частно гражданско дело,Районен съд - Търговище,Банка ДСК АД,Молител,,
4f1840ef-c04c-467f-9ac8-a3dcc4335269,1212,2026,Частно гражданско дело,Районен съд - Търговище,Н.Х.Р.,Наследодател,,
4f1840ef-c04c-467f-9ac8-a3dcc4335269,1212,2026,Частно гражданско дело,Районен съд - Търговище,Т.З.Х.Т.,Юрисконсулт,,
86b2b135-fb9a-4a95-b6c3-ed869e015999,14395,2026,Гражданско дело,Софийски районен съд,Д.Д.С.,Ищец,,
86b2b135-fb9a-4a95-b6c3-ed869e015999,14395,2026,Гражданско дело,Софийски районен съд,Е.С.Т.,Ответник,,
86b2b135-fb9a-4a95-b6c3-ed869e015999,14395,2026,Гражданско дело,Софийски районен съд,Т.С.М.,Адвокат,Тодор Славчев Мангъров,
38261861-f786-490b-82cc-b6a9e1a5363c,386,2026,Административно дело,Административен съд - Русе,Т.Г.Т.,Ищец,,
38261861-f786-490b-82cc-b6a9e1a5363c,386,2026,Административно дело,Административен съд - Русе,ОД НА МВР - ПЛЕВЕН,Ответник,,
38261861-f786-490b-82cc-b6a9e1a5363c,386,2026,Административно дело,Административен съд - Русе,Е.Т.,Адвокат,,
38261861-f786-490b-82cc-b6a9e1a5363c,386,2026,Административно дело,Административен съд - Русе,РУСЕНСКА ОКРЪЖНА ПРОКУРАТУРА,Контролираща страна,,
38261861-f786-490b-82cc-b6a9e1a5363c,386,2026,Административно дело,Административен съд - Русе,Ю.П.С.,Свидетел,,
38261861-f786-490b-82cc-b6a9e1a5363c,386,2026,Административно дело,Административен съд - Русе,Г.Т.Г.,Свидетел,,
38261861-f786-490b-82cc-b6a9e1a5363c,386,2026,Административно дело,Административен съд - Русе,РАЙОННА ПРОКУРАТУРА - ПЛЕВЕН,Трето лице,,
1dc0425b-c7b0-47ff-a073-0a7d7d193ed4,14394,2026,Гражданско дело,Софийски районен съд,БЕСТ Кепитъл България ЕАД,Ищец,,
1dc0425b-c7b0-47ff-a073-0a7d7d193ed4,14394,2026,Гражданско дело,Софийски районен съд,С.А.М.,Ответник,,
1dc0425b-c7b0-47ff-a073-0a7d7d193ed4,14394,2026,Гражданско дело,Софийски районен съд,Б.И.К.,Пълномощник,,
6d759615-2df5-4460-93a1-738d29d5ab51,3512,2026,Частно гражданско дело,Районен съд - Русе,Банка ДСК АД,Заявител,,
6d759615-2df5-4460-93a1-738d29d5ab51,3512,2026,Частно гражданско дело,Районен съд - Русе,С.З.С.,Длъжник,,
6d759615-2df5-4460-93a1-738d29d5ab51,3512,2026,Частно гражданско дело,Районен съд - Русе,Н.Х.В.,Пълномощник,,
a4e681aa-c639-4ed3-8259-e0829b96aa27,687,2026,Частно гражданско дело,Районен съд - Севлиево,АБВ БЪЛГАРИЯ ЕООД,Заявител,,
a4e681aa-c639-4ed3-8259-e0829b96aa27,687,2026,Частно гражданско дело,Районен съд - Севлиево,С.Т.Ю.,Длъжник,,
a4e681aa-c639-4ed3-8259-e0829b96aa27,687,2026,Частно гражданско дело,Районен съд - Севлиево,М.Д.И.,Представител,,
a4e681aa-c639-4ed3-8259-e0829b96aa27,687,2026,Частно гражданско дело,Районен съд - Севлиево,Р.Т.Е.,Юрисконсулт,,
98e18292-7b96-4828-8570-747f23cb29bd,926,2026,Частно гражданско дело,Районен съд - Силистра,Й.М.Е.,Молител,,
98e18292-7b96-4828-8570-747f23cb29bd,926,2026,Частно гражданско дело,Районен съд - Силистра,Й.П.Й.,Наследодател,,
e2fe0e57-b270-44f1-94f9-8960e65f5228,385,2026,Административно дело,Административен съд - Русе,З.С.М.,Ищец,,
e2fe0e57-b270-44f1-94f9-8960e65f5228,385,2026,Административно дело,Административен съд - Русе,ПУБЛИЧЕН ИЗПЪЛНИТЕЛ ПРИ ТД НА НАП-РУСЕ,Ответник,,
1c19447c-7307-4dd0-999a-80ae621aa973,814,2026,Частно гражданско дело,Районен съд - Троян,АПС БЕТА БЪЛГАРИЯ ЕООД,Кредитор,,
1c19447c-7307-4dd0-999a-80ae621aa973,814,2026,Частно гражданско дело,Районен съд - Троян,С.С.Д.,Длъжник,,
1c19447c-7307-4dd0-999a-80ae621aa973,814,2026,Частно гражданско дело,Районен съд - Троян,П.Ф.Ц.,Юрисконсулт,,
1c19447c-7307-4dd0-999a-80ae621aa973,814,2026,Частно гражданско дело,Районен съд - Троян,Х.М.М.,Законен представител,,
1c19447c-7307-4dd0-999a-80ae621aa973,814,2026,Частно гражданско дело,Районен съд - Троян,П.В.,Законен представител,,
9253ceaf-f1f1-432d-a557-dd43d91cb3a2,925,2026,Частно гражданско дело,Районен съд - Силистра,АБВ БЪЛГАРИЯ ЕООД,Заявител,,
9253ceaf-f1f1-432d-a557-dd43d91cb3a2,925,2026,Частно гражданско дело,Районен съд - Силистра,Р.И.Р.,Длъжник,,
9253ceaf-f1f1-432d-a557-dd43d91cb3a2,925,2026,Частно гражданско дело,Районен съд - Силистра,М.Д.И.,Представител,,
9253ceaf-f1f1-432d-a557-dd43d91cb3a2,925,2026,Частно гражданско дело,Районен съд - Силистра,Р.Т.Е.,Юрисконсулт,,
e239bfc6-e523-44fe-9b32-84e0de66ddb3,2355,2026,Частно гражданско дело,Районен съд - Монтана,ВОДОСНАБДЯВАНЕ И КАНАЛИЗАЦИЯ ЕООД,Заявител,,
e239bfc6-e523-44fe-9b32-84e0de66ddb3,2355,2026,Частно гражданско дело,Районен съд - Монтана,Б.И.Г.,Длъжник,,
e239bfc6-e523-44fe-9b32-84e0de66ddb3,2355,2026,Частно гражданско дело,Районен съд - Монтана,П.Н.Х.,Адвокат,Петя Нейчева Харизанова,
e239bfc6-e523-44fe-9b32-84e0de66ddb3,2355,2026,Частно гражданско дело,Районен съд - Монтана,Р.С.И.,Законен представител,,
762eccf6-04e2-498f-a728-49acd1a07ee9,2430,2026,Частно гражданско дело,Районен съд - Ботевград,ПРОФИ КРЕДИТ България ЕООД,Заявител,,
762eccf6-04e2-498f-a728-49acd1a07ee9,2430,2026,Частно гражданско дело,Районен съд - Ботевград,М.П.Г.,Длъжник,,
762eccf6-04e2-498f-a728-49acd1a07ee9,2430,2026,Частно гражданско дело,Районен съд - Ботевград,Г.С.С.К.,Юрисконсулт,,
ae28eadb-b5e2-488a-92d8-5c582380516d,86,2026,Частно наказателно дело,Районен съд - Пещера,Р.Г.Б.,Обвинител,,
ae28eadb-b5e2-488a-92d8-5c582380516d,86,2026,Частно наказателно дело,Районен съд - Пещера,В.А.Г.,Осъден,,
ae28eadb-b5e2-488a-92d8-5c582380516d,86,2026,Частно наказателно дело,Районен съд - Пещера,В.Г.И.,Пълномощник,,
ae28eadb-b5e2-488a-92d8-5c582380516d,86,2026,Частно наказателно дело,Районен съд - Пещера,"ТО-Пещера, РП-Пазарджик",Страна,,
1aaa8ab3-2e40-4b11-9bf7-687df795ba50,14393,2026,Гражданско дело,Софийски районен съд,Д.Н.Г.,Ищец,,
1aaa8ab3-2e40-4b11-9bf7-687df795ba50,14393,2026,Гражданско дело,Софийски районен съд,П.Н.Б.,Адвокат,Петър Николаев Белчев,
1aaa8ab3-2e40-4b11-9bf7-687df795ba50,14393,2026,Гражданско дело,Софийски районен съд,Ц.В.Д.,Наследодател,,
a322be0b-be42-41ce-afe3-edc931afcdd0,14392,2026,Гражданско дело,Софийски районен съд,Ц.П.Т.,Ищец,,
a322be0b-be42-41ce-afe3-edc931afcdd0,14392,2026,Гражданско дело,Софийски районен съд,СИТИ КЕШ ООД,Ответник,,
a322be0b-be42-41ce-afe3-edc931afcdd0,14392,2026,Гражданско дело,Софийски районен съд,Д.Д.Г.,Адвокат,,
e50d4a59-d93a-4888-8696-a32678fd2b3c,2073,2026,Гражданско дело,Районен съд - Бургас,Д.К.Г.,Молител,,
e50d4a59-d93a-4888-8696-a32678fd2b3c,2073,2026,Гражданско дело,Районен съд - Бургас,Х.З.Г.,Молител,,
e50d4a59-d93a-4888-8696-a32678fd2b3c,2073,2026,Гражданско дело,Районен съд - Бургас,Дирекция Социално подпомагане гр.Бургас,Заинтересована страна,,
e50d4a59-d93a-4888-8696-a32678fd2b3c,2073,2026,Гражданско дело,Районен съд - Бургас,Районен съд – Варна,Друго,,
18e9557c-8f8a-4680-8a9e-d14336f449c0,663,2026,Административно дело,Административен съд - София-област,Г.В.Н.,Жалбоподател,,
18e9557c-8f8a-4680-8a9e-d14336f449c0,663,2026,Административно дело,Административен съд - София-област,гл. Архитект на община Етрополе,Ответник,,
18e9557c-8f8a-4680-8a9e-d14336f449c0,663,2026,Административно дело,Административен съд - София-област,И.С.Б.,Адвокат,,
18e9557c-8f8a-4680-8a9e-d14336f449c0,663,2026,Административно дело,Административен съд - София-област,З.В.С.,Адвокат,,
3276c826-5774-4dbf-a2ac-fb2a14e1a5d3,845,2026,Частно гражданско дело,Районен съд - Берковица,МАКСО БЪЛГАРИЯ АД,Заявител,,
3276c826-5774-4dbf-a2ac-fb2a14e1a5d3,845,2026,Частно гражданско дело,Районен съд - Берковица,К.И.К.,Длъжник,,
3276c826-5774-4dbf-a2ac-fb2a14e1a5d3,845,2026,Частно гражданско дело,Районен съд - Берковица,А.О.Б.,Пълномощник,,
3f11afb3-affe-4928-8ab3-66236c1afa50,14391,2026,Гражданско дело,Софийски районен съд,Ц.П.Т.,Ищец,,
3f11afb3-affe-4928-8ab3-66236c1afa50,14391,2026,Гражданско дело,Софийски районен съд,ВИВУС.БГ ЕООД,Ответник,,
3f11afb3-affe-4928-8ab3-66236c1afa50,14391,2026,Гражданско дело,Софийски районен съд,Д.Д.Г.,Адвокат,Димитър Гърков,
3f11afb3-affe-4928-8ab3-66236c1afa50,14391,2026,Гражданско дело,Софийски районен съд,Д.Д.Д.,Юрисконсулт,,
8abb89d2-04a7-46cc-ab90-ccf66fc7b9b5,14390,2026,Гражданско дело,Софийски районен съд,Т.М.В.,Ищец,,
8abb89d2-04a7-46cc-ab90-ccf66fc7b9b5,14390,2026,Гражданско дело,Софийски районен съд,О.С.М.,Ответник,,
2426dbe2-89ba-44c6-bd4c-c7f539f5f819,14389,2026,Частно гражданско дело,Софийски районен съд,ЧЕШКА РЕПУБЛИКА,Вносител,,
2426dbe2-89ba-44c6-bd4c-c7f539f5f819,14389,2026,Частно гражданско дело,Софийски районен съд,Д.И.М.,Ответник,,
59a7be69-c9a3-4b3a-a626-91b42697e27b,1535,2026,Частно гражданско дело,Районен съд - Габрово,БЕСТ Кепитъл България ЕАД,Кредитор,,
59a7be69-c9a3-4b3a-a626-91b42697e27b,1535,2026,Частно гражданско дело,Районен съд - Габрово,А.Х.А.,Длъжник,,
59a7be69-c9a3-4b3a-a626-91b42697e27b,1535,2026,Частно гражданско дело,Районен съд - Габрово,Г.Я.Б.,Пълномощник,,
61cce37e-9cd2-49f8-bdf4-2573708283bb,5403,2026,Гражданско дело,Софийски градски съд,Г.А.К.,Ищец,,
61cce37e-9cd2-49f8-bdf4-2573708283bb,5403,2026,Гражданско дело,Софийски градски съд,СТОЛИЧНА ОБЩИНА РАЙОН СЛАТИНА,Ответник,,
61cce37e-9cd2-49f8-bdf4-2573708283bb,5403,2026,Гражданско дело,Софийски градски съд,Б.К.С.,Пълномощник,Биляна Крумова Симеонова,
27154bc2-c142-4c45-8bd5-831065297337,1158,2026,Частно гражданско дело,Районен съд - Козлодуй,ПРОФИ КРЕДИТ България ЕООД,Заявител,,
27154bc2-c142-4c45-8bd5-831065297337,1158,2026,Частно гражданско дело,Районен съд - Козлодуй,Я.М.Я.,Длъжник,,
27154bc2-c142-4c45-8bd5-831065297337,1158,2026,Частно гражданско дело,Районен съд - Козлодуй,Н.М.Л.,Юрисконсулт,,
95da6660-8326-4fe9-a94b-ec4e799a072d,2349,2026,Частно гражданско дело,Районен съд - Дупница,ПРОФИ КРЕДИТ България ЕООД,Заявител,,
95da6660-8326-4fe9-a94b-ec4e799a072d,2349,2026,Частно гражданско дело,Районен съд - Дупница,С.А.А.,Длъжник,,
95da6660-8326-4fe9-a94b-ec4e799a072d,2349,2026,Частно гражданско дело,Районен съд - Дупница,Е.К.,Юрисконсулт,,
dbda9471-4238-4ce0-8dd7-1178369b1351,14388,2026,Гражданско дело,Софийски районен съд,ВЕНИТИ 82 ЕООД,Ищец,,
dbda9471-4238-4ce0-8dd7-1178369b1351,14388,2026,Гражданско дело,Софийски районен съд,М.В.,Ответник,,
dbda9471-4238-4ce0-8dd7-1178369b1351,14388,2026,Гражданско дело,Софийски районен съд,К.К.Т.,Адвокат,,
ae9bde54-6735-4e43-b5fb-3125f1100aa7,2563,2026,Частно гражданско дело,Районен съд - Добрич,А.Г.Г.,Наследник,,
ae9bde54-6735-4e43-b5fb-3125f1100aa7,2563,2026,Частно гражданско дело,Районен съд - Добрич,Г.П.Г.,Наследодател,,
403f08c2-ff53-4d81-8447-e55c2211197b,176,2026,Административно наказателно дело,Районен съд - Бяла,Районна прокуратура - Русе,Вносител,,
403f08c2-ff53-4d81-8447-e55c2211197b,176,2026,Административно наказателно дело,Районен съд - Бяла,И.Г.Х.,Обвинител,,
403f08c2-ff53-4d81-8447-e55c2211197b,176,2026,Административно наказателно дело,Районен съд - Бяла,Б.Г.А.,Обвиняем,,
b4a7f86f-4a13-4571-8ee0-dc9a8ddd9dd7,2562,2026,Гражданско дело,Районен съд - Добрич,Д.К.И.,Ищец,,
b4a7f86f-4a13-4571-8ee0-dc9a8ddd9dd7,2562,2026,Гражданско дело,Районен съд - Добрич,АЯКС-2002 ООД,Ответник,,
b4a7f86f-4a13-4571-8ee0-dc9a8ddd9dd7,2562,2026,Гражданско дело,Районен съд - Добрич,И.Я.К.,Ответник,,
b4a7f86f-4a13-4571-8ee0-dc9a8ddd9dd7,2562,2026,Гражданско дело,Районен съд - Добрич,А.И.А.,Адвокат,Ангел Иванов Ангелов,
3cc3c81d-7e95-4bca-94d3-9430a0a2163c,1756,2026,Частно гражданско дело,Районен съд - Стара Загора,Д.А.Р.,Родител,,
3cc3c81d-7e95-4bca-94d3-9430a0a2163c,1756,2026,Частно гражданско дело,Районен съд - Стара Загора,А.П.Т.,Заинтересована страна,,
191bb1a4-73ce-4b60-bb62-b4a31ee78aed,1909,2026,Гражданско дело,Районен съд - Сливен,Р.Т.Д.,Ищец,,
191bb1a4-73ce-4b60-bb62-b4a31ee78aed,1909,2026,Гражданско дело,Районен съд - Сливен,АЙ ТИ ЕФ ГРУП АД,Ответник,,
191bb1a4-73ce-4b60-bb62-b4a31ee78aed,1909,2026,Гражданско дело,Районен съд - Сливен,В.С.М.,Адвокат,,
191bb1a4-73ce-4b60-bb62-b4a31ee78aed,1909,2026,Гражданско дело,Районен съд - Сливен,Л.В.В.,Адвокат,Лили Венелин Вълкова,
63250966-602a-4c5f-9581-c4869ba21bf2,5402,2026,Гражданско дело,Софийски градски съд,А.Ж.В.,Ищец,,
63250966-602a-4c5f-9581-c4869ba21bf2,5402,2026,Гражданско дело,Софийски градски съд,Ж.А.Д.,Ответник,,
63250966-602a-4c5f-9581-c4869ba21bf2,5402,2026,Гражданско дело,Софийски градски съд,М.С.Д.,Пълномощник,Митко Спасов Димитров,
63250966-602a-4c5f-9581-c4869ba21bf2,5402,2026,Гражданско дело,Софийски градски съд,Софийска градска прокуратура,Контролираща страна,,
63250966-602a-4c5f-9581-c4869ba21bf2,5402,2026,Гражданско дело,Софийски градски съд,Р.Ц.К.,Вещо лице,,
6080450b-dd2f-4980-8d23-5d4ec88f9033,1908,2026,Гражданско дело,Районен съд - Сливен,Р.Т.Д.,Ищец,,
6080450b-dd2f-4980-8d23-5d4ec88f9033,1908,2026,Гражданско дело,Районен съд - Сливен,КРЕДИСИМО ЕАД,Ответник,,
6080450b-dd2f-4980-8d23-5d4ec88f9033,1908,2026,Гражданско дело,Районен съд - Сливен,АЙ ТРЪСТ ЕООД,Ответник,,
6080450b-dd2f-4980-8d23-5d4ec88f9033,1908,2026,Гражданско дело,Районен съд - Сливен,В.С.М.,Адвокат,,
6080450b-dd2f-4980-8d23-5d4ec88f9033,1908,2026,Гражданско дело,Районен съд - Сливен,С.Н.З.Ч.,Вещо лице,,
e9b7c62b-9159-490b-89d4-91276f69553e,787,2026,Гражданско дело,Районен съд - Пирдоп,С.М.Х.К.,Молител,,
e9b7c62b-9159-490b-89d4-91276f69553e,787,2026,Гражданско дело,Районен съд - Пирдоп,М.М.К.,Молител,,
e9b7c62b-9159-490b-89d4-91276f69553e,787,2026,Гражданско дело,Районен съд - Пирдоп,Р.Г.С.,Адвокат,Ренета Георгиева Станчева,
6a695446-4e7a-4590-94df-4d922e67a0a5,1907,2026,Гражданско дело,Районен съд - Сливен,Р.Д.,Молител,,
6a695446-4e7a-4590-94df-4d922e67a0a5,1907,2026,Гражданско дело,Районен съд - Сливен,Б.Ц.И.,Адвокат,,
6a695446-4e7a-4590-94df-4d922e67a0a5,1907,2026,Гражданско дело,Районен съд - Сливен,Районна прокуратура - Сливен,Заинтересована страна,,
6a695446-4e7a-4590-94df-4d922e67a0a5,1907,2026,Гражданско дело,Районен съд - Сливен,ОБЩИНА СЛИВЕН,Заинтересована страна,,
213d7796-6d59-42de-9e3d-e0ffbc62457f,2561,2026,Гражданско дело,Районен съд - Добрич,М.С.Н.,Ищец,,
213d7796-6d59-42de-9e3d-e0ffbc62457f,2561,2026,Гражданско дело,Районен съд - Добрич,ВИВУС.БГ ЕООД,Ответник,,
213d7796-6d59-42de-9e3d-e0ffbc62457f,2561,2026,Гражданско дело,Районен съд - Добрич,Д.Д.Г.,Адвокат,Димитър Гърков,
213d7796-6d59-42de-9e3d-e0ffbc62457f,2561,2026,Гражданско дело,Районен съд - Добрич,Д.Д.Д.,Юрисконсулт,,
f5954c15-ca2d-4fbc-bfe5-60a406f3c7c9,881,2026,Частно гражданско дело,Районен съд - Самоков,С.В.А.,Молител,,
8b684cb3-0349-45d3-bbfa-3948b77bac2f,455,2026,Частно гражданско дело,Районен съд - Свищов,З.З.Н.,Молител,,
8b684cb3-0349-45d3-bbfa-3948b77bac2f,455,2026,Частно гражданско дело,Районен съд - Свищов,М.Р.Н.,Родител,,
8b684cb3-0349-45d3-bbfa-3948b77bac2f,455,2026,Частно гражданско дело,Районен съд - Свищов,Х.С.Т.,Адвокат,,
8b684cb3-0349-45d3-bbfa-3948b77bac2f,455,2026,Частно гражданско дело,Районен съд - Свищов,"ДИРЕКЦИЯ ""СОЦИАЛНО ПОДПОМАГАНЕ"" - СВИЩОВ",Друго,,
b811faff-115b-4bc3-9762-207943ba2c02,83,2026,Административно наказателно дело,Районен съд - Пирдоп,Д.В.Ц.,Жалбоподател,,
b811faff-115b-4bc3-9762-207943ba2c02,83,2026,Административно наказателно дело,Районен съд - Пирдоп,"НАЧАЛНИК РУ В ОДМВР СОФИЯ, РУ ПИРДОП",Админ.наказ.орган,,
b811faff-115b-4bc3-9762-207943ba2c02,83,2026,Административно наказателно дело,Районен съд - Пирдоп,П.Г.М.,Адвокат,Петър Георгиев Мулешков,
b811faff-115b-4bc3-9762-207943ba2c02,83,2026,Административно наказателно дело,Районен съд - Пирдоп,ТО-Пирдоп към РП-Елин Пелин,Страна,,
b811faff-115b-4bc3-9762-207943ba2c02,83,2026,Административно наказателно дело,Районен съд - Пирдоп,А.А.А.,Актосъставител,,
b811faff-115b-4bc3-9762-207943ba2c02,83,2026,Административно наказателно дело,Районен съд - Пирдоп,М.А.Т.,Свидетел,,
da21f553-2097-4cad-85d3-b56cee4fa2dd,953,2026,Гражданско дело,Окръжен съд - Бургас,ПЪРВА ИНВЕСТИЦИОННА БАНКА АД,Ищец,,
da21f553-2097-4cad-85d3-b56cee4fa2dd,953,2026,Гражданско дело,Окръжен съд - Бургас,К.И.С.,Ответник,,
da21f553-2097-4cad-85d3-b56cee4fa2dd,953,2026,Гражданско дело,Окръжен съд - Бургас,Т.Г.М.Д.,Юрисконсулт,,
74452bde-d683-411a-94d6-982a38854f96,14387,2026,Гражданско дело,Софийски районен съд,Ц.П.Т.,Ищец,,
74452bde-d683-411a-94d6-982a38854f96,14387,2026,Гражданско дело,Софийски районен съд,МАКРОАДВАНС АД,Ответник,,
74452bde-d683-411a-94d6-982a38854f96,14387,2026,Гражданско дело,Софийски районен съд,Д.Д.Г.,Адвокат,Димитър Гърков,
74452bde-d683-411a-94d6-982a38854f96,14387,2026,Гражданско дело,Софийски районен съд,М.К.К.,Адвокат,МАРИЯ КИРИЛОВА КАБЛЕШКОВА,
7e0692e2-40e8-43b3-94bb-5db5df038fcd,2429,2026,Частно гражданско дело,Районен съд - Ботевград,АПС БЕТА БЪЛГАРИЯ ЕООД,Заявител,,
7e0692e2-40e8-43b3-94bb-5db5df038fcd,2429,2026,Частно гражданско дело,Районен съд - Ботевград,Д.П.Д.,Длъжник,,
7e0692e2-40e8-43b3-94bb-5db5df038fcd,2429,2026,Частно гражданско дело,Районен съд - Ботевград,П.Ф.Ц.,Юрисконсулт,,
7e0692e2-40e8-43b3-94bb-5db5df038fcd,2429,2026,Частно гражданско дело,Районен съд - Ботевград,Х.М.М.,Законен представител,,
7e0692e2-40e8-43b3-94bb-5db5df038fcd,2429,2026,Частно гражданско дело,Районен съд - Ботевград,П.В.,Законен представител,,
9d095240-d6e8-4526-9102-6832bc535fec,1755,2026,Частно гражданско дело,Районен съд - Стара Загора,Инспекторат на ВСС,Вносител,,
9d095240-d6e8-4526-9102-6832bc535fec,1755,2026,Частно гражданско дело,Районен съд - Стара Загора,М.Е.Й.,Страна,,
a7b7b6d7-290c-4a62-8afc-e9122aab1c78,1104,2026,Частно гражданско дело,Районен съд - Смолян,Банка ДСК АД,Заявител,,
a7b7b6d7-290c-4a62-8afc-e9122aab1c78,1104,2026,Частно гражданско дело,Районен съд - Смолян,Р.А.И.,Длъжник,,
a7b7b6d7-290c-4a62-8afc-e9122aab1c78,1104,2026,Частно гражданско дело,Районен съд - Смолян,Д.Г.Б.,Пълномощник,,
da9aead7-e597-495c-a86b-689cb95501e0,666,2026,Частно гражданско дело,Районен съд - Айтос,Банка ДСК АД,Заявител,,
da9aead7-e597-495c-a86b-689cb95501e0,666,2026,Частно гражданско дело,Районен съд - Айтос,Н.С.Р.,Длъжник,,
da9aead7-e597-495c-a86b-689cb95501e0,666,2026,Частно гражданско дело,Районен съд - Айтос,Д.М.П.,Пълномощник,,
5595147a-41cd-4174-ac73-09001ccae892,486,2026,Частно гражданско дело,Районен съд - Луковит,АБВ БЪЛГАРИЯ ЕООД,Заявител,,
5595147a-41cd-4174-ac73-09001ccae892,486,2026,Частно гражданско дело,Районен съд - Луковит,Х.Х.Ю.,Длъжник,,
5595147a-41cd-4174-ac73-09001ccae892,486,2026,Частно гражданско дело,Районен съд - Луковит,М.Д.И.,Представител,,
5595147a-41cd-4174-ac73-09001ccae892,486,2026,Частно гражданско дело,Районен съд - Луковит,Р.Т.Е.,Юрисконсулт,,
629319a3-1131-4340-8e74-f280ff824aad,14386,2026,Гражданско дело,Софийски районен съд,"ЮАБ Скайкоп.ком, дружество, регистрирано в Държавния център за регистрация на предприятия (SECR) в Република Литва, регистрационен номер 304423851",Ищец,,
629319a3-1131-4340-8e74-f280ff824aad,14386,2026,Гражданско дело,Софийски районен съд,ГП Авиейшън ЕООД представлявано от Ганеш Кристиян Стефан Пига,Ответник,,
629319a3-1131-4340-8e74-f280ff824aad,14386,2026,Гражданско дело,Софийски районен съд,Б.Д.М.,Адвокат,Борислав Добромиров Миладинов,
89952d31-09fc-417e-9a1b-e5bf087e3c0e,2560,2026,Частно гражданско дело,Районен съд - Добрич,Банка ДСК АД,Молител,,
89952d31-09fc-417e-9a1b-e5bf087e3c0e,2560,2026,Частно гражданско дело,Районен съд - Добрич,М.М.Д.,Ответник,,
89952d31-09fc-417e-9a1b-e5bf087e3c0e,2560,2026,Частно гражданско дело,Районен съд - Добрич,И.Д.Й.,Ответник,,
89952d31-09fc-417e-9a1b-e5bf087e3c0e,2560,2026,Частно гражданско дело,Районен съд - Добрич,Р.Д.Д.,Ответник,,
89952d31-09fc-417e-9a1b-e5bf087e3c0e,2560,2026,Частно гражданско дело,Районен съд - Добрич,Д.Д.Д.,Ответник,,
89952d31-09fc-417e-9a1b-e5bf087e3c0e,2560,2026,Частно гражданско дело,Районен съд - Добрич,Г.С.П.,Юрисконсулт,,
f477fb98-d760-47fc-98d6-fc5d536b8466,1754,2026,Частно гражданско дело,Районен съд - Стара Загора,Инспекторат на ВСС,Вносител,,
f477fb98-d760-47fc-98d6-fc5d536b8466,1754,2026,Частно гражданско дело,Районен съд - Стара Загора,С.И.Ж.,Страна,,
4512169c-f907-41f7-a0ab-b6eab8eab781,82,2026,Административно наказателно дело,Районен съд - Пирдоп,М.К.К.,Жалбоподател,,
4512169c-f907-41f7-a0ab-b6eab8eab781,82,2026,Административно наказателно дело,Районен съд - Пирдоп,М.Ж.Ч.,Адвокат,,
4512169c-f907-41f7-a0ab-b6eab8eab781,82,2026,Административно наказателно дело,Районен съд - Пирдоп,"НАЧАЛНИК РУ В ОДМВР СОФИЯ, РУ ПИРДОП",Админ.наказ.орган,,
4512169c-f907-41f7-a0ab-b6eab8eab781,82,2026,Административно наказателно дело,Районен съд - Пирдоп,ТО-Пирдоп към РП-Елин Пелин,Страна,,
4512169c-f907-41f7-a0ab-b6eab8eab781,82,2026,Административно наказателно дело,Районен съд - Пирдоп,Л.Н.А.,Актосъставител,,
4512169c-f907-41f7-a0ab-b6eab8eab781,82,2026,Административно наказателно дело,Районен съд - Пирдоп,М.А.Т.,Свидетел,,
18ecaec4-ae43-45fe-b055-6a5f92128d25,14385,2026,Гражданско дело,Софийски районен съд,Ц.П.Т.,Ищец,,
18ecaec4-ae43-45fe-b055-6a5f92128d25,14385,2026,Гражданско дело,Софийски районен съд,ВИВУС.БГ ЕООД,Ответник,,
18ecaec4-ae43-45fe-b055-6a5f92128d25,14385,2026,Гражданско дело,Софийски районен съд,Д.Д.Г.,Адвокат,Димитър Гърков,
18ecaec4-ae43-45fe-b055-6a5f92128d25,14385,2026,Гражданско дело,Софийски районен съд,Д.Д.Д.,Юрисконсулт,,
dee0af82-a67f-41cb-a9de-54e32fa90ac9,1225,2026,Частно гражданско дело,Районен съд - Благоевград,К.Н.И.,Наследник,,
dee0af82-a67f-41cb-a9de-54e32fa90ac9,1225,2026,Частно гражданско дело,Районен съд - Благоевград,Д.Р.К.,Наследодател,,
e00f8a47-a896-4d1a-a588-1ad8923d1746,259,2026,Административно наказателно дело,Районен съд - Сандански,Г.С.Б.,Жалбоподател,,
e00f8a47-a896-4d1a-a588-1ad8923d1746,259,2026,Административно наказателно дело,Районен съд - Сандански,ТО-Сандански към РП-Благоевград,Обвинител,,
e00f8a47-a896-4d1a-a588-1ad8923d1746,259,2026,Административно наказателно дело,Районен съд - Сандански,АГЕНЦИЯ ПЪТНА ИНФРАСТРУКТУРА,Ответник,,
e00f8a47-a896-4d1a-a588-1ad8923d1746,259,2026,Административно наказателно дело,Районен съд - Сандански,Ю.О.Г.,Адвокат,,
e00f8a47-a896-4d1a-a588-1ad8923d1746,259,2026,Административно наказателно дело,Районен съд - Сандански,Д.И.Р.,Юрисконсулт,,
8d58dc1f-52bb-4016-8523-14ac78e9f3cf,911,2026,Частно гражданско дело,Районен съд - Белоградчик,ПЪРВА ИНВЕСТИЦИОННА БАНКА АД,Заявител,,
8d58dc1f-52bb-4016-8523-14ac78e9f3cf,911,2026,Частно гражданско дело,Районен съд - Белоградчик,“ИНДАСТРИАЛ СОЛЮШЪНС ЕНД ТЕХНОЛОДЖИ” ЕООД,Длъжник,,
8d58dc1f-52bb-4016-8523-14ac78e9f3cf,911,2026,Частно гражданско дело,Районен съд - Белоградчик,С.Н.Н.,Юрисконсулт,,
f63df195-1cd6-4100-9d45-f457588436c4,786,2026,Гражданско дело,Районен съд - Пирдоп,Г.Р.Д.,Молител,,
f63df195-1cd6-4100-9d45-f457588436c4,786,2026,Гражданско дело,Районен съд - Пирдоп,Т.Д.,Молител,,
f63df195-1cd6-4100-9d45-f457588436c4,786,2026,Гражданско дело,Районен съд - Пирдоп,А.Г.Ч.,Адвокат,,
f63df195-1cd6-4100-9d45-f457588436c4,786,2026,Гражданско дело,Районен съд - Пирдоп,П.В.П.,Адвокат,,
6e9304f8-f43d-4133-ba5e-0dc6f067eddf,1123,2026,Частно гражданско дело,Районен съд - Бяла,БЕСТ Кепитъл България ЕАД,Заявител,,
6e9304f8-f43d-4133-ba5e-0dc6f067eddf,1123,2026,Частно гражданско дело,Районен съд - Бяла,А.А.О.,Длъжник,,
6e9304f8-f43d-4133-ba5e-0dc6f067eddf,1123,2026,Частно гражданско дело,Районен съд - Бяла,Б.И.К.,Пълномощник,,
4ec9d83d-97fd-45d2-acd3-f1a6b8d72968,1753,2026,Частно гражданско дело,Районен съд - Стара Загора,Инспекторат на ВСС,Вносител,,
4ec9d83d-97fd-45d2-acd3-f1a6b8d72968,1753,2026,Частно гражданско дело,Районен съд - Стара Загора,Д.С.К.,Страна,,
4f19c4a3-784e-4935-930a-73b9b36949b6,5512,2026,Частно гражданско дело,Районен съд - Перник,БЕСТ Кепитъл България ЕАД,Заявител,,
4f19c4a3-784e-4935-930a-73b9b36949b6,5512,2026,Частно гражданско дело,Районен съд - Перник,А.Х.А.,Длъжник,,
4f19c4a3-784e-4935-930a-73b9b36949b6,5512,2026,Частно гражданско дело,Районен съд - Перник,Г.Я.Б.,Пълномощник,,
55861c51-c54d-4ad5-8f06-8bd5972f9b23,254,2026,Въззивно частно гражданско дело,Окръжен съд - Видин,Хепи Кредит ООД,Заявител,,
55861c51-c54d-4ad5-8f06-8bd5972f9b23,254,2026,Въззивно частно гражданско дело,Окръжен съд - Видин,В.Й.С.,Жалбоподател,,
55861c51-c54d-4ad5-8f06-8bd5972f9b23,254,2026,Въззивно частно гражданско дело,Окръжен съд - Видин,Б.В.С.,Адвокат,,
2e6e5727-5af4-4372-b71e-105768b18c52,596,2026,Частно гражданско дело,Районен съд - Царево,"""Водоснабдяване и канализационни услуги"" ЕООД гр. София",Заявител,,
2e6e5727-5af4-4372-b71e-105768b18c52,596,2026,Частно гражданско дело,Районен съд - Царево,Д.И.Р.,Длъжник,,
2e6e5727-5af4-4372-b71e-105768b18c52,596,2026,Частно гражданско дело,Районен съд - Царево,П.Н.Х.,Адвокат,Петя Нейчева Харизанова,
2e6e5727-5af4-4372-b71e-105768b18c52,596,2026,Частно гражданско дело,Районен съд - Царево,Р.С.И.,Законен представител,,
49081c29-4282-436a-984c-e40d30d7961d,141,2026,Частно наказателно дело,Районен съд - Костинброд,Районна прокуратура - Костинброд,Вносител,,
f960a6da-a6c6-4e25-9d6a-c2ebe9b60790,1408,2026,Гражданско дело,Районен съд - Хасково,К.Г.Б.,Ищец,,
f960a6da-a6c6-4e25-9d6a-c2ebe9b60790,1408,2026,Гражданско дело,Районен съд - Хасково,А.Р.Б.,Ответник,,
f960a6da-a6c6-4e25-9d6a-c2ebe9b60790,1408,2026,Гражданско дело,Районен съд - Хасково,В.Н.Д.,Адвокат,,
7b4ce64b-7b01-482a-8e9e-b693f5339fc4,140,2026,Частно наказателно дело,Районен съд - Костинброд,Районна прокуратура - Костинброд,Вносител,,
85833fde-195c-4ef0-91cf-10efd9fe3c34,4184,2026,Гражданско дело,Районен съд - Пловдив,О.Ш.,Молител,,
85833fde-195c-4ef0-91cf-10efd9fe3c34,4184,2026,Гражданско дело,Районен съд - Пловдив,М.Т.,Молител,,
85833fde-195c-4ef0-91cf-10efd9fe3c34,4184,2026,Гражданско дело,Районен съд - Пловдив,Г.А.М.,Адвокат,,
6f96a96d-1ccb-4a6d-8095-9400e1e04ed9,14384,2026,Гражданско дело,Софийски районен съд,ЗАСТРАХОВАТЕЛНО АКЦИОНЕРНО ДРУЖЕСТВО АРМЕЕЦ АД,Ищец,,
6f96a96d-1ccb-4a6d-8095-9400e1e04ed9,14384,2026,Гражданско дело,Софийски районен съд,АГЕНЦИЯ ПЪТНА ИНФРАСТРУКТУРА,Ответник,,
3495ecff-353f-4a79-847f-3fd46d1f180b,253,2026,Гражданско дело,Окръжен съд - Видин,И.Т.И.,Ищец,Велин Велков Младенов,
3495ecff-353f-4a79-847f-3fd46d1f180b,253,2026,Гражданско дело,Окръжен съд - Видин,"ЗАСТРАХОВАТЕЛНО АКЦИОНЕРНО ДРУЖЕСТВО ""ОЗК - ЗАСТРАХОВАНЕ "" АД",Ответник,Ивац Анев Илиев,
3495ecff-353f-4a79-847f-3fd46d1f180b,253,2026,Гражданско дело,Окръжен съд - Видин,В.В.М.,Адвокат,,
3495ecff-353f-4a79-847f-3fd46d1f180b,253,2026,Гражданско дело,Окръжен съд - Видин,Т.И.Т.,Адвокат,,
7d758882-50c3-4f6e-b99f-aa80597356e5,2178,2026,Частно гражданско дело,Районен съд - Кюстендил,ПЪРВА ИНВЕСТИЦИОННА БАНКА АД,Заявител,,
7d758882-50c3-4f6e-b99f-aa80597356e5,2178,2026,Частно гражданско дело,Районен съд - Кюстендил,„ГЕОСТРУКТ” ЕООД,Длъжник,,
7d758882-50c3-4f6e-b99f-aa80597356e5,2178,2026,Частно гражданско дело,Районен съд - Кюстендил,„ЕКОРЕПЛАСТ“ЕООД,Длъжник,,
7d758882-50c3-4f6e-b99f-aa80597356e5,2178,2026,Частно гражданско дело,Районен съд - Кюстендил,Ю.В.Г.,Длъжник,,
7d758882-50c3-4f6e-b99f-aa80597356e5,2178,2026,Частно гражданско дело,Районен съд - Кюстендил,М.М.З.,Представител,,
d9875fc8-6fa9-495e-9429-98a94b5c5802,924,2026,Частно гражданско дело,Районен съд - Силистра,А1 България ЕАД,Заявител,,
d9875fc8-6fa9-495e-9429-98a94b5c5802,924,2026,Частно гражданско дело,Районен съд - Силистра,К.И.,Длъжник,,
d9875fc8-6fa9-495e-9429-98a94b5c5802,924,2026,Частно гражданско дело,Районен съд - Силистра,М.М.К.,Юрисконсулт,,
e2dca799-7a71-4ac4-b708-99686611d401,2559,2026,Частно гражданско дело,Районен съд - Добрич,ПРОФИ КРЕДИТ България ЕООД,Заявител,,
e2dca799-7a71-4ac4-b708-99686611d401,2559,2026,Частно гражданско дело,Районен съд - Добрич,Е.А.Ю.,Длъжник,,
e2dca799-7a71-4ac4-b708-99686611d401,2559,2026,Частно гражданско дело,Районен съд - Добрич,Г.С.К.,Юрисконсулт,,
b7e99202-45d1-4cde-a99f-68cdee94d442,2072,2026,Гражданско дело,Районен съд - Бургас,В.И.В.,Ищец,,
b7e99202-45d1-4cde-a99f-68cdee94d442,2072,2026,Гражданско дело,Районен съд - Бургас,ПРОМСТРОЙ ООД,Ответник,,
b7e99202-45d1-4cde-a99f-68cdee94d442,2072,2026,Гражданско дело,Районен съд - Бургас,В.И.Б.,Адвокат,,
b7e99202-45d1-4cde-a99f-68cdee94d442,2072,2026,Гражданско дело,Районен съд - Бургас,П.Г.Г.,Адвокат,Пламена Георгиева Гьорчева,
ed61587b-3bdd-4441-8dc7-0da5790ad59e,1458,2026,Частно гражданско дело,Районен съд - Нови пазар,БЕСТ Кепитъл България ЕАД,Заявител,,
ed61587b-3bdd-4441-8dc7-0da5790ad59e,1458,2026,Частно гражданско дело,Районен съд - Нови пазар,А.А.О.,Длъжник,,
ed61587b-3bdd-4441-8dc7-0da5790ad59e,1458,2026,Частно гражданско дело,Районен съд - Нови пазар,Б.И.К.,Пълномощник,,
337c13de-98c7-4501-86b4-e830f9b6b039,1407,2026,Частно гражданско дело,Районен съд - Хасково,ПРОФИ КРЕДИТ България ЕООД,Заявител,,
337c13de-98c7-4501-86b4-e830f9b6b039,1407,2026,Частно гражданско дело,Районен съд - Хасково,В.М.Ф.,Длъжник,,
337c13de-98c7-4501-86b4-e830f9b6b039,1407,2026,Частно гражданско дело,Районен съд - Хасково,Н.М.Л.,Юрисконсулт,,
cb2be6e9-445d-4305-bc69-36111efd84a8,4374,2026,Частно гражданско дело,Районен съд - Враца,АПС БЕТА БЪЛГАРИЯ ЕООД,Заявител,,
cb2be6e9-445d-4305-bc69-36111efd84a8,4374,2026,Частно гражданско дело,Районен съд - Враца,М.М.А.,Длъжник,,
cb2be6e9-445d-4305-bc69-36111efd84a8,4374,2026,Частно гражданско дело,Районен съд - Враца,П.Ф.Ц.,Юрисконсулт,,
cb2be6e9-445d-4305-bc69-36111efd84a8,4374,2026,Частно гражданско дело,Районен съд - Враца,Х.М.М.,Законен представител,,
cb2be6e9-445d-4305-bc69-36111efd84a8,4374,2026,Частно гражданско дело,Районен съд - Враца,П.В.,Законен представител,,
429d7bb7-53c3-429e-8a9d-a8dddddc25c1,582,2026,Гражданско дело,Районен съд - Чепеларе,"Дирекция ""Социално подпомагане"" - Смолян",Молител,,
429d7bb7-53c3-429e-8a9d-a8dddddc25c1,582,2026,Гражданско дело,Районен съд - Чепеларе,Районна прокуратура - Смолян,Обвинител,,
429d7bb7-53c3-429e-8a9d-a8dddddc25c1,582,2026,Гражданско дело,Районен съд - Чепеларе,Г.С.А.,Страна,,
429d7bb7-53c3-429e-8a9d-a8dddddc25c1,582,2026,Гражданско дело,Районен съд - Чепеларе,С.Ф.К.,Страна,,
429d7bb7-53c3-429e-8a9d-a8dddddc25c1,582,2026,Гражданско дело,Районен съд - Чепеларе,Ф.М.К.,Родител,,
429d7bb7-53c3-429e-8a9d-a8dddddc25c1,582,2026,Гражданско дело,Районен съд - Чепеларе,С.Н.А.,Родител,,
429d7bb7-53c3-429e-8a9d-a8dddddc25c1,582,2026,Гражданско дело,Районен съд - Чепеларе,ЦЕНТЪР ЗА НАСТАНЯВАНЕ ОТ СЕМЕЕН ТИП ЗА ДЕЦА БЕЗ УВРЕЖДАНИЯ,Заинтересована страна,,
429d7bb7-53c3-429e-8a9d-a8dddddc25c1,582,2026,Гражданско дело,Районен съд - Чепеларе,Е.К.К.,Юрисконсулт,,
63100842-a0dd-4ed0-8abe-6055edc25d35,14383,2026,Частно гражданско дело,Софийски районен съд,С.К.С.,Наследник,,
63100842-a0dd-4ed0-8abe-6055edc25d35,14383,2026,Частно гражданско дело,Софийски районен съд,К.С.С.,Наследодател,,
ee7f69a9-faf2-4e2d-b1ef-babc06234a51,2851,2026,Частно наказателно дело,Районен съд - Пловдив,Районна прокуратура - Пловдив,Вносител,,
ee7f69a9-faf2-4e2d-b1ef-babc06234a51,2851,2026,Частно наказателно дело,Районен съд - Пловдив,К.Т.М.,Обвинител,,
ee7f69a9-faf2-4e2d-b1ef-babc06234a51,2851,2026,Частно наказателно дело,Районен съд - Пловдив,Г.П.К.,Осъден,,
ee7f69a9-faf2-4e2d-b1ef-babc06234a51,2851,2026,Частно наказателно дело,Районен съд - Пловдив,М.И.К.,Адвокат,,
3daa1991-9c77-498a-83c7-6b64e8919444,2092,2026,Частно гражданско дело,Районен съд - Видин,Макроадванс АД,Заявител,,
3daa1991-9c77-498a-83c7-6b64e8919444,2092,2026,Частно гражданско дело,Районен съд - Видин,К.К.Г.,Длъжник,,
3daa1991-9c77-498a-83c7-6b64e8919444,2092,2026,Частно гражданско дело,Районен съд - Видин,К.Г.,Пълномощник,,
17e1c460-3db6-4ae7-8c89-448d174e76e1,3511,2026,Частно гражданско дело,Районен съд - Русе,УниКредит Булбанк АД,Заявител,,
17e1c460-3db6-4ae7-8c89-448d174e76e1,3511,2026,Частно гражданско дело,Районен съд - Русе,Т.Р.М.,Длъжник,,
17e1c460-3db6-4ae7-8c89-448d174e76e1,3511,2026,Частно гражданско дело,Районен съд - Русе,В.К.Д.,Пълномощник,Веселин Константинов Динков,
afe1ce6c-ab1a-4879-9215-fb849a3de18c,14382,2026,Частно гражданско дело,Софийски районен съд,С.П.И.,Наследник,,
afe1ce6c-ab1a-4879-9215-fb849a3de18c,14382,2026,Частно гражданско дело,Софийски районен съд,И.С.К.,Наследодател,,
491e376f-3324-4ba1-b0e3-5ab2e9ff4c2c,1072,2026,Частно гражданско дело,Районен съд - Дряново,А1 България ЕАД,Заявител,,
491e376f-3324-4ba1-b0e3-5ab2e9ff4c2c,1072,2026,Частно гражданско дело,Районен съд - Дряново,К.Г.Й.,Длъжник,,
491e376f-3324-4ba1-b0e3-5ab2e9ff4c2c,1072,2026,Частно гражданско дело,Районен съд - Дряново,М.М.К.,Представител,,
c83d3249-8ed4-4265-a408-69942f086aa8,1534,2026,Частно гражданско дело,Районен съд - Габрово,МАКСО БЪЛГАРИЯ АД,Кредитор,,
c83d3249-8ed4-4265-a408-69942f086aa8,1534,2026,Частно гражданско дело,Районен съд - Габрово,Н.Н.Н.,Длъжник,,
c83d3249-8ed4-4265-a408-69942f086aa8,1534,2026,Частно гражданско дело,Районен съд - Габрово,А.О.Б.,Юрисконсулт,,
4b328b69-ed85-4a60-84fc-51163533fa55,3510,2026,Частно гражданско дело,Районен съд - Русе,"""Водоснабдяване и канализационни услуги"" ЕООД гр. София",Заявител,,
4b328b69-ed85-4a60-84fc-51163533fa55,3510,2026,Частно гражданско дело,Районен съд - Русе,Б.Б.Х.,Длъжник,,
4b328b69-ed85-4a60-84fc-51163533fa55,3510,2026,Частно гражданско дело,Районен съд - Русе,П.Н.Х.,Адвокат,Петя Нейчева Харизанова,
4b328b69-ed85-4a60-84fc-51163533fa55,3510,2026,Частно гражданско дело,Районен съд - Русе,Р.С.И.,Законен представител,,
13247168-1e18-4ef3-b8f8-c59107bef989,4373,2026,Частно гражданско дело,Районен съд - Враца,БЕСТ Кепитъл България ЕАД,Заявител,,
13247168-1e18-4ef3-b8f8-c59107bef989,4373,2026,Частно гражданско дело,Районен съд - Враца,А.Х.А.,Длъжник,,
13247168-1e18-4ef3-b8f8-c59107bef989,4373,2026,Частно гражданско дело,Районен съд - Враца,Г.Я.Б.,Пълномощник,,
141a929a-b5d6-4352-8ee8-943a4c986772,14381,2026,Гражданско дело,Софийски районен съд,Л.П.В.,Ищец,,
141a929a-b5d6-4352-8ee8-943a4c986772,14381,2026,Гражданско дело,Софийски районен съд,И.Р.Д.,Ответник,,
141a929a-b5d6-4352-8ee8-943a4c986772,14381,2026,Гражданско дело,Софийски районен съд,Д.Г.Х.,Адвокат,,
5d83e7fa-bc83-4e51-b08d-262e380dcf67,1122,2026,Гражданско дело,Районен съд - Бяла,БЕСТ Кепитъл България ЕАД,Ищец,,
5d83e7fa-bc83-4e51-b08d-262e380dcf67,1122,2026,Гражданско дело,Районен съд - Бяла,О.Б.,Ответник,,
5d83e7fa-bc83-4e51-b08d-262e380dcf67,1122,2026,Гражданско дело,Районен съд - Бяла,Г.Я.Б.,Пълномощник,,
f9d755b0-0074-45b2-9308-99b0d31d501b,14380,2026,Частно гражданско дело,Софийски районен съд,Р.В.Р.,Молител,,
f9d755b0-0074-45b2-9308-99b0d31d501b,14380,2026,Частно гражданско дело,Софийски районен съд,В.Р.Р.,Законен представител,,
f9d755b0-0074-45b2-9308-99b0d31d501b,14380,2026,Частно гражданско дело,Софийски районен съд,Дирекция социално подпомагане София-Красно село,Заинтересована страна,,
5f17a612-1d16-45ec-b47f-2baf95460bbf,14379,2026,Гражданско дело,Софийски районен съд,Д.Б.Г.Р.,Ищец,,
5f17a612-1d16-45ec-b47f-2baf95460bbf,14379,2026,Гражданско дело,Софийски районен съд,Х.Р.,Ответник,,
5f17a612-1d16-45ec-b47f-2baf95460bbf,14379,2026,Гражданско дело,Софийски районен съд,Г.Ж.Г.,Адвокат,Гергана Желязкова Господинова,
5f17a612-1d16-45ec-b47f-2baf95460bbf,14379,2026,Гражданско дело,Софийски районен съд,Л.Ю.М.,Адвокат,Лидияна Юлиянова Тодорова,
da95477b-f54c-461c-a97a-592e18be8b3b,5511,2026,Частно гражданско дело,Районен съд - Перник,ПРОФИ КРЕДИТ България ЕООД,Заявител,,
da95477b-f54c-461c-a97a-592e18be8b3b,5511,2026,Частно гражданско дело,Районен съд - Перник,В.П.Б.,Длъжник,,
da95477b-f54c-461c-a97a-592e18be8b3b,5511,2026,Частно гражданско дело,Районен съд - Перник,Н.М.Л.,Юрисконсулт,,
fea31a75-8f4f-4d36-a582-4fe3d283f357,1103,2026,Частно гражданско дело,Районен съд - Смолян,Н.Г.М.,Наследодател,,
fea31a75-8f4f-4d36-a582-4fe3d283f357,1103,2026,Частно гражданско дело,Районен съд - Смолян,К.Х.Т.,Наследник,,
c01715fd-7e6c-43c6-8e19-b92b93695ab2,14378,2026,Гражданско дело,Софийски районен съд,С.Г.Г.,Ищец,,
c01715fd-7e6c-43c6-8e19-b92b93695ab2,14378,2026,Гражданско дело,Софийски районен съд,С.С.Г.,Ищец,,
c01715fd-7e6c-43c6-8e19-b92b93695ab2,14378,2026,Гражданско дело,Софийски районен съд,Р.Р.Н.,Ответник,,
c01715fd-7e6c-43c6-8e19-b92b93695ab2,14378,2026,Гражданско дело,Софийски районен съд,С.Г.Г.,Законен представител,,
c01715fd-7e6c-43c6-8e19-b92b93695ab2,14378,2026,Гражданско дело,Софийски районен съд,Н.Д.А.,Адвокат,Николай Дойчев Атанасов,
c01715fd-7e6c-43c6-8e19-b92b93695ab2,14378,2026,Гражданско дело,Софийски районен съд,"Дирекция ""Социално подпомагане"" Връбница-отдел ""Закрила на детето""",Заинтересована страна,,
c01715fd-7e6c-43c6-8e19-b92b93695ab2,14378,2026,Гражданско дело,Софийски районен съд,"Дирекция ""Социално подпомагане"" Сердика-отдел ""Закрила на детето""",Заинтересована страна,,
c01715fd-7e6c-43c6-8e19-b92b93695ab2,14378,2026,Гражданско дело,Софийски районен съд,Ю.Р.Н.,Адвокат,,
c01715fd-7e6c-43c6-8e19-b92b93695ab2,14378,2026,Гражданско дело,Софийски районен съд,С.Г.Ц.,Адвокат,Светослав Георгиев Цеков,
e902580d-a0b9-4ca1-a428-b8ce9d8db367,14377,2026,Частно гражданско дело,Софийски районен съд,Г.И.К.,Наследник,,
b2539ed4-ca70-4c94-809b-34c79f4ab884,1997,2026,Гражданско дело,Районен съд - Плевен,В.В.Ц.,Ищец,,
b2539ed4-ca70-4c94-809b-34c79f4ab884,1997,2026,Гражданско дело,Районен съд - Плевен,КЕШ ПОЙНТ БЪЛГАРИЯ ООД,Ответник,,
b2539ed4-ca70-4c94-809b-34c79f4ab884,1997,2026,Гражданско дело,Районен съд - Плевен,С.С.Т.,Адвокат,СТЕФАН СТАНИСЛАВОВ ТАСКОВ,
63f4e1cf-d7aa-4535-9bd0-af22441cb2fb,1102,2026,Частно гражданско дело,Районен съд - Смолян,Н.Г.М.,Наследодател,,
63f4e1cf-d7aa-4535-9bd0-af22441cb2fb,1102,2026,Частно гражданско дело,Районен съд - Смолян,М.Х.Х.Б.,Наследник,,
b0a5b98e-3a96-4080-a48b-d92b3877526f,485,2026,Частно гражданско дело,Районен съд - Луковит,ТИ БИ АЙ Банк ЕАД,Заявител,,
b0a5b98e-3a96-4080-a48b-d92b3877526f,485,2026,Частно гражданско дело,Районен съд - Луковит,Е.К.Н.,Длъжник,,
b0a5b98e-3a96-4080-a48b-d92b3877526f,485,2026,Частно гражданско дело,Районен съд - Луковит,Д.В.И.,Юрисконсулт,,
3613c12a-5f1d-4220-aa0e-161e2785b37f,14376,2026,Частно гражданско дело,Софийски районен съд,К.Г.Б.,Наследник,,
3613c12a-5f1d-4220-aa0e-161e2785b37f,14376,2026,Частно гражданско дело,Софийски районен съд,М.М.Б.,Наследодател,,
37b3bc17-c6dc-43ec-9bdd-9b502ed4555d,454,2026,Частно гражданско дело,Районен съд - Свищов,ПРОФИ КРЕДИТ България ЕООД,Заявител,,
37b3bc17-c6dc-43ec-9bdd-9b502ed4555d,454,2026,Частно гражданско дело,Районен съд - Свищов,М.Д.Г.,Длъжник,,
37b3bc17-c6dc-43ec-9bdd-9b502ed4555d,454,2026,Частно гражданско дело,Районен съд - Свищов,Н.М.Л.,Юрисконсулт,,
dc1e30f7-dc31-4871-ab96-9b0bbe799159,1996,2026,Гражданско дело,Районен съд - Плевен,В.В.Ц.,Ищец,,
dc1e30f7-dc31-4871-ab96-9b0bbe799159,1996,2026,Гражданско дело,Районен съд - Плевен,КРЕДИ ЙЕС ООД,Ответник,,
dc1e30f7-dc31-4871-ab96-9b0bbe799159,1996,2026,Гражданско дело,Районен съд - Плевен,С.С.Т.,Адвокат,,
3688dd7a-f710-4e2a-b2e7-a4ece435882a,1735,2026,Частно гражданско дело,Районен съд - Велико Търново,Банка ДСК АД,Заявител,,
3688dd7a-f710-4e2a-b2e7-a4ece435882a,1735,2026,Частно гражданско дело,Районен съд - Велико Търново,С.С.Ц.,Длъжник,,
3688dd7a-f710-4e2a-b2e7-a4ece435882a,1735,2026,Частно гражданско дело,Районен съд - Велико Търново,Л.Ц.Л.,Пълномощник,,
66ecb03a-dc6f-419b-8fff-62c5d44fcd96,90,2026,Административно наказателно дело,Районен съд - Белоградчик,Районно управление ”Полиция” - Белоградчик,Вносител,,
66ecb03a-dc6f-419b-8fff-62c5d44fcd96,90,2026,Административно наказателно дело,Районен съд - Белоградчик,М.Д.Н.,Нарушител,,
66ecb03a-dc6f-419b-8fff-62c5d44fcd96,90,2026,Административно наказателно дело,Районен съд - Белоградчик,Районна прокуратура - Видин,Друго,,
f3452487-bbfa-4721-bb7b-ae24064ab9d3,14375,2026,Гражданско дело,Софийски районен съд,М.В.Т.,Ищец,,
f3452487-bbfa-4721-bb7b-ae24064ab9d3,14375,2026,Гражданско дело,Софийски районен съд,А.Х.Т.,Ищец,,
f3452487-bbfa-4721-bb7b-ae24064ab9d3,14375,2026,Гражданско дело,Софийски районен съд,Г.Д.К.,Ответник,,
f3452487-bbfa-4721-bb7b-ae24064ab9d3,14375,2026,Гражданско дело,Софийски районен съд,Л.А.Т.,Ответник,,
f3452487-bbfa-4721-bb7b-ae24064ab9d3,14375,2026,Гражданско дело,Софийски районен съд,И.М.Г.,Адвокат,Иво Милчев Георгиев,
b2b5b481-1e57-4a72-a025-c527514c23fd,1995,2026,Гражданско дело,Районен съд - Плевен,В.В.Ц.,Ищец,,
b2b5b481-1e57-4a72-a025-c527514c23fd,1995,2026,Гражданско дело,Районен съд - Плевен,КРЕДИ ЙЕС ООД,Ответник,,
b2b5b481-1e57-4a72-a025-c527514c23fd,1995,2026,Гражданско дело,Районен съд - Плевен,С.С.Т.,Адвокат,,
fdd39f03-c1bb-40e7-af88-328a932fe82b,14374,2026,Гражданско дело,Софийски районен съд,А.Л.,Молител,,
fdd39f03-c1bb-40e7-af88-328a932fe82b,14374,2026,Гражданско дело,Софийски районен съд,С.С.Г.,Молител,,
0cfe4ea6-2766-4bf0-ac3b-118cab3bb411,1101,2026,Частно гражданско дело,Районен съд - Смолян,Н.Г.М.,Наследодател,,
0cfe4ea6-2766-4bf0-ac3b-118cab3bb411,1101,2026,Частно гражданско дело,Районен съд - Смолян,М.И.Я.,Наследник,,
6370750c-d291-4131-bbc7-2972a3eb9a04,1994,2026,Гражданско дело,Районен съд - Плевен,В.В.Ц.,Ищец,,
6370750c-d291-4131-bbc7-2972a3eb9a04,1994,2026,Гражданско дело,Районен съд - Плевен,КРЕДИ ЙЕС ООД,Ответник,,
6370750c-d291-4131-bbc7-2972a3eb9a04,1994,2026,Гражданско дело,Районен съд - Плевен,С.С.Т.,Адвокат,СТЕФАН СТАНИСЛАВОВ ТАСКОВ,
a460b53c-7bc7-43b0-8473-02f89999a33d,14373,2026,Частно гражданско дело,Софийски районен съд,Банка ДСК АД,Молител,,
a460b53c-7bc7-43b0-8473-02f89999a33d,14373,2026,Частно гражданско дело,Софийски районен съд,Я.М.С.,Наследодател,,
a460b53c-7bc7-43b0-8473-02f89999a33d,14373,2026,Частно гражданско дело,Софийски районен съд,П.Б.А.,Юрисконсулт,,
a460b53c-7bc7-43b0-8473-02f89999a33d,14373,2026,Частно гражданско дело,Софийски районен съд,Р.Я.Д.,Заинтересована страна,,
a460b53c-7bc7-43b0-8473-02f89999a33d,14373,2026,Частно гражданско дело,Софийски районен съд,С.Я.М.,Заинтересована страна,,
a460b53c-7bc7-43b0-8473-02f89999a33d,14373,2026,Частно гражданско дело,Софийски районен съд,А.Я.М.,Заинтересована страна,,
a460b53c-7bc7-43b0-8473-02f89999a33d,14373,2026,Частно гражданско дело,Софийски районен съд,Н.Я.М.,Заинтересована страна,,
a460b53c-7bc7-43b0-8473-02f89999a33d,14373,2026,Частно гражданско дело,Софийски районен съд,В.Я.М.,Заинтересована страна,,
1e95739f-d8ac-4526-b52d-45de0ad1aad9,4372,2026,Частно гражданско дело,Районен съд - Враца,БЕСТ Кепитъл България ЕАД,Заявител,,
1e95739f-d8ac-4526-b52d-45de0ad1aad9,4372,2026,Частно гражданско дело,Районен съд - Враца,А.С.С.,Длъжник,,
1e95739f-d8ac-4526-b52d-45de0ad1aad9,4372,2026,Частно гражданско дело,Районен съд - Враца,Б.И.К.,Пълномощник,,
a7550b0b-af28-4824-b850-20f4b2ac994b,769,2026,Административно дело,Административен съд - Благоевград,М.Л.М.,Жалбоподател,,
a7550b0b-af28-4824-b850-20f4b2ac994b,769,2026,Административно дело,Административен съд - Благоевград,Александър Любенов Игнатов на длъжност младши автоконтрольор в Районно управление Петрич към Областна дирекция на Министерство на вътрешните работи - Благоевград,Ответник,,
a7550b0b-af28-4824-b850-20f4b2ac994b,769,2026,Административно дело,Административен съд - Благоевград,В.П.,Адвокат,Велина Георгиева Пиргова,
f2826a75-c145-4b5d-bc32-d8201ccce4a0,1993,2026,Гражданско дело,Районен съд - Плевен,В.В.Ц.,Ищец,,
f2826a75-c145-4b5d-bc32-d8201ccce4a0,1993,2026,Гражданско дело,Районен съд - Плевен,ПРОФИ КРЕДИТ БЪЛГАРИЯ ЕООД,Ответник,,
f2826a75-c145-4b5d-bc32-d8201ccce4a0,1993,2026,Гражданско дело,Районен съд - Плевен,С.С.Т.,Адвокат,,
fade7d2e-ea22-4ba6-a795-e8a82460dcd4,1100,2026,Частно гражданско дело,Районен съд - Смолян,Н.Г.М.,Наследодател,,
fade7d2e-ea22-4ba6-a795-e8a82460dcd4,1100,2026,Частно гражданско дело,Районен съд - Смолян,Д.И.Ж.,Наследник,,
50c3236f-6e3a-4f8a-8d24-6069626cde9e,1071,2026,Наказателно от частен характер дело,Районен съд - Шумен,Г.Н.М.,Тъжител,Айфер Джошкунова Хрюстемова-Чаушева,
50c3236f-6e3a-4f8a-8d24-6069626cde9e,1071,2026,Наказателно от частен характер дело,Районен съд - Шумен,Е.Б.Т.,Подсъдим,,
50c3236f-6e3a-4f8a-8d24-6069626cde9e,1071,2026,Наказателно от частен характер дело,Районен съд - Шумен,Н.П.С.,Адвокат,,
50c3236f-6e3a-4f8a-8d24-6069626cde9e,1071,2026,Наказателно от частен характер дело,Районен съд - Шумен,А.Д.Х.Ч.,Адвокат,,
50c3236f-6e3a-4f8a-8d24-6069626cde9e,1071,2026,Наказателно от частен характер дело,Районен съд - Шумен,И.Д.Й.,Адвокат,,
7ecfc7d9-d242-47b6-876a-e12d3bcda4d7,14372,2026,Частно гражданско дело,Софийски районен съд,Н.А.М.,Наследник,,
7ecfc7d9-d242-47b6-876a-e12d3bcda4d7,14372,2026,Частно гражданско дело,Софийски районен съд,А.А.М.,Наследодател,,
7ecfc7d9-d242-47b6-876a-e12d3bcda4d7,14372,2026,Частно гражданско дело,Софийски районен съд,А.И.Г.,Адвокат,,
615a5539-c3b2-4bf3-b91a-692876e5d671,1113,2026,Частно наказателно дело,Районен съд - Плевен,Районна прокуратура - Плевен,Вносител,,
9ac462e0-19f3-4f46-beab-f02ffcdc4819,14371,2026,Гражданско дело,Софийски районен съд,ЗАСТРАХОВАТЕЛНО АКЦИОНЕРНО ДРУЖЕСТВО АРМЕЕЦ АД,Ищец,,
9ac462e0-19f3-4f46-beab-f02ffcdc4819,14371,2026,Гражданско дело,Софийски районен съд,Столична Община,Ответник,,
9ac462e0-19f3-4f46-beab-f02ffcdc4819,14371,2026,Гражданско дело,Софийски районен съд,Й.Д.Й.,Вещо лице,,
9ac462e0-19f3-4f46-beab-f02ffcdc4819,14371,2026,Гражданско дело,Софийски районен съд,К.Н.С.,Свидетел,,
b4df270a-8781-47a6-85cf-86cb0a75b8a2,768,2026,Административно дело,Административен съд - Благоевград,"""ПИРИН-СТРИЙТ"" ЕООД, предст. от Атанас Костадинов Ангелинин",Жалбоподател,,
b4df270a-8781-47a6-85cf-86cb0a75b8a2,768,2026,Административно дело,Административен съд - Благоевград,Общински съвет Банско,Ответник,,
b4df270a-8781-47a6-85cf-86cb0a75b8a2,768,2026,Административно дело,Административен съд - Благоевград,С.Б.,Адвокат,Сайфие Мустафа Бузгьова,
920587ed-dee9-4b49-a34a-2301a28e13e8,550,2026,Частно гражданско дело,Районен съд - Несебър,ТИ БИ АЙ Банк ЕАД,Заявител,,
920587ed-dee9-4b49-a34a-2301a28e13e8,550,2026,Частно гражданско дело,Районен съд - Несебър,Е.Й.П.,Длъжник,,
920587ed-dee9-4b49-a34a-2301a28e13e8,550,2026,Частно гражданско дело,Районен съд - Несебър,Д.В.И.,Юрисконсулт,,
f1d5ea75-5b54-4a98-b7fc-d3e722cb874c,14370,2026,Частно гражданско дело,Софийски районен съд,М.К.Т.,Молител,,
f1d5ea75-5b54-4a98-b7fc-d3e722cb874c,14370,2026,Частно гражданско дело,Софийски районен съд,Д.П.С.,Законен представител,,
f1d5ea75-5b54-4a98-b7fc-d3e722cb874c,14370,2026,Частно гражданско дело,Софийски районен съд,"Дирекция ""Социално подпомагане"" Лозенец-отдел ""Закрила на детето""",Трето неучастващо лице,,
a811a41f-dd6e-4fb9-a419-4a7b631ccc7e,1112,2026,Частно наказателно дело,Районен съд - Плевен,Районна прокуратура - Плевен,Вносител,,
6af7c04f-9c12-49c4-aefc-e3a87b0cf8ab,14369,2026,Гражданско дело,Софийски районен съд,ЗАСТРАХОВАТЕЛНО АКЦИОНЕРНО ДРУЖЕСТВО АРМЕЕЦ АД,Ищец,,
6af7c04f-9c12-49c4-aefc-e3a87b0cf8ab,14369,2026,Гражданско дело,Софийски районен съд,АГЕНЦИЯ ПЪТНА ИНФРАСТРУКТУРА,Ответник,,
6cedfe40-2c49-4027-9557-6f79d25fa256,7534,2026,Частно наказателно дело,Софийски районен съд,Районна прокуратура - София,Вносител,,
eb96d751-920c-4f76-8cea-6a4f324a55fa,946,2026,Частно наказателно дело,Районен съд - Перник,Районна прокуратура - Перник,Вносител,,
d237623b-0af6-4c40-8c11-d4ca12a9a861,1099,2026,Частно гражданско дело,Районен съд - Смолян,Н.Г.М.,Наследодател,,
d237623b-0af6-4c40-8c11-d4ca12a9a861,1099,2026,Частно гражданско дело,Районен съд - Смолян,Г.В.М.,Наследник,,
a733d95f-e395-4959-91bc-d1d3d18c214f,1406,2026,Частно гражданско дело,Районен съд - Хасково,А1 България ЕАД,Заявител,,
a733d95f-e395-4959-91bc-d1d3d18c214f,1406,2026,Частно гражданско дело,Районен съд - Хасково,Я.Г.А.,Длъжник,,
a733d95f-e395-4959-91bc-d1d3d18c214f,1406,2026,Частно гражданско дело,Районен съд - Хасково,М.М.К.,Представител,,
58b2ac9a-da5f-4714-94e2-b2323f6aa70e,739,2026,Частно гражданско дело,Районен съд - Павликени,БЕСТ Кепитъл България ЕАД,Заявител,,
58b2ac9a-da5f-4714-94e2-b2323f6aa70e,739,2026,Частно гражданско дело,Районен съд - Павликени,А.М.К.,Длъжник,,
58b2ac9a-da5f-4714-94e2-b2323f6aa70e,739,2026,Частно гражданско дело,Районен съд - Павликени,Г.Я.Б.,Пълномощник,,
3016f886-8216-4dcc-9af4-ddd47e6530cf,7533,2026,Частно наказателно дело,Софийски районен съд,Районна прокуратура - София,Вносител,,
1372d59e-6b5c-465c-8205-3e5c8f6f4860,1098,2026,Частно гражданско дело,Районен съд - Смолян,Н.Г.М.,Наследодател,,
1372d59e-6b5c-465c-8205-3e5c8f6f4860,1098,2026,Частно гражданско дело,Районен съд - Смолян,М.Г.Ш.,Наследник,,
0fd069df-1c5d-40e8-986b-ba0f9a0945e2,1752,2026,Частно гражданско дело,Районен съд - Стара Загора,БЕСТ Кепитъл България ЕАД,Заявител,,
0fd069df-1c5d-40e8-986b-ba0f9a0945e2,1752,2026,Частно гражданско дело,Районен съд - Стара Загора,А.С.С.,Длъжник,,
0fd069df-1c5d-40e8-986b-ba0f9a0945e2,1752,2026,Частно гражданско дело,Районен съд - Стара Загора,Б.И.К.,Пълномощник,,
eab3636b-d844-488c-9325-df3e6a8f9daa,1111,2026,Частно наказателно дело,Районен съд - Плевен,Районна прокуратура - Плевен,Вносител,,
f9d8bcb8-379b-48b4-abf2-41a03c9e9832,825,2026,Гражданско дело,Районен съд - Радомир,Е.И.П.,Ищец,,
f9d8bcb8-379b-48b4-abf2-41a03c9e9832,825,2026,Гражданско дело,Районен съд - Радомир,С.Н.Р.,Ответник,,
f9d8bcb8-379b-48b4-abf2-41a03c9e9832,825,2026,Гражданско дело,Районен съд - Радомир,Н.Е.И.,Страна,,
f9d8bcb8-379b-48b4-abf2-41a03c9e9832,825,2026,Гражданско дело,Районен съд - Радомир,Т.Е.И.,Страна,,
f9d8bcb8-379b-48b4-abf2-41a03c9e9832,825,2026,Гражданско дело,Районен съд - Радомир,Р.М.К.,Друго,Румен Максимов Кирилов,
f9d8bcb8-379b-48b4-abf2-41a03c9e9832,825,2026,Гражданско дело,Районен съд - Радомир,Д.К.П.,Процесуален представител,,
f9d6b95c-3f1d-4ffb-b55b-3f20b14330d2,549,2026,Частно наказателно дело,Районен съд - Добрич,Районна прокуратура - Добрич,Вносител,,
c5778cf4-8b9b-4fbf-9dca-5ee2a9957a1f,3509,2026,Частно гражданско дело,Районен съд - Русе,Топлофикация София ЕАД,Заявител,,
c5778cf4-8b9b-4fbf-9dca-5ee2a9957a1f,3509,2026,Частно гражданско дело,Районен съд - Русе,Д.М.С.,Длъжник,,
c5778cf4-8b9b-4fbf-9dca-5ee2a9957a1f,3509,2026,Частно гражданско дело,Районен съд - Русе,М.С.К.,Длъжник,,
c5778cf4-8b9b-4fbf-9dca-5ee2a9957a1f,3509,2026,Частно гражданско дело,Районен съд - Русе,Д.Б.Б.,Пълномощник,,
c5778cf4-8b9b-4fbf-9dca-5ee2a9957a1f,3509,2026,Частно гражданско дело,Районен съд - Русе,П.Р.П.,Представляващ,,
c5778cf4-8b9b-4fbf-9dca-5ee2a9957a1f,3509,2026,Частно гражданско дело,Районен съд - Русе,Р.Д.Г.,Представляващ,,
c5778cf4-8b9b-4fbf-9dca-5ee2a9957a1f,3509,2026,Частно гражданско дело,Районен съд - Русе,В.А.М.,Адвокат,Ваня Андонова Стоянова,
c5778cf4-8b9b-4fbf-9dca-5ee2a9957a1f,3509,2026,Частно гражданско дело,Районен съд - Русе,В.А.М.,Адвокат,,
fa077adf-017e-4869-86cc-63b6962b8d6e,1533,2026,Частно гражданско дело,Районен съд - Габрово,ТИ БИ АЙ Банк ЕАД,Заявител,,
fa077adf-017e-4869-86cc-63b6962b8d6e,1533,2026,Частно гражданско дело,Районен съд - Габрово,Е.К.З.,Длъжник,,
fa077adf-017e-4869-86cc-63b6962b8d6e,1533,2026,Частно гражданско дело,Районен съд - Габрово,Д.В.И.,Юрисконсулт,,
e4f09006-d352-446d-a1c0-15ca746c1710,484,2026,Частно гражданско дело,Районен съд - Луковит,АПС БЕТА БЪЛГАРИЯ ЕООД,Заявител,,
e4f09006-d352-446d-a1c0-15ca746c1710,484,2026,Частно гражданско дело,Районен съд - Луковит,М.Р.М.,Длъжник,,
e4f09006-d352-446d-a1c0-15ca746c1710,484,2026,Частно гражданско дело,Районен съд - Луковит,П.Ф.Ц.,Юрисконсулт,,
e4f09006-d352-446d-a1c0-15ca746c1710,484,2026,Частно гражданско дело,Районен съд - Луковит,Х.М.М.,Законен представител,,
e4f09006-d352-446d-a1c0-15ca746c1710,484,2026,Частно гражданско дело,Районен съд - Луковит,П.В.,Законен представител,,
53f05aab-e175-47fc-98f5-831f4150577b,1457,2026,Частно гражданско дело,Районен съд - Нови пазар,Банка ДСК АД,Заявител,,
53f05aab-e175-47fc-98f5-831f4150577b,1457,2026,Частно гражданско дело,Районен съд - Нови пазар,Е.Т.С.,Длъжник,,
53f05aab-e175-47fc-98f5-831f4150577b,1457,2026,Частно гражданско дело,Районен съд - Нови пазар,Б.Р.Н.,Пълномощник,,
29374e70-a92c-4aff-904f-fde12b01e2c1,14368,2026,Частно гражданско дело,Софийски районен съд,В.Л.В.,Кредитор,,
29374e70-a92c-4aff-904f-fde12b01e2c1,14368,2026,Частно гражданско дело,Софийски районен съд,В.К.М.,Длъжник,,
29374e70-a92c-4aff-904f-fde12b01e2c1,14368,2026,Частно гражданско дело,Софийски районен съд,И.И.Г.,Адвокат,Иван Илиев Геров,
07f920f2-dc5d-4056-a564-d408c5b94550,324,2026,Административно наказателно дело,Районен съд - Кърджали,СЕРВИС ИНВЕСТ ЕООД,Жалбоподател,,
07f920f2-dc5d-4056-a564-d408c5b94550,324,2026,Административно наказателно дело,Районен съд - Кърджали,Т.П.Н.,Пълномощник,,
07f920f2-dc5d-4056-a564-d408c5b94550,324,2026,Административно наказателно дело,Районен съд - Кърджали,"Директор на Дирекция ""Инспекция по труда"" гр.Кърджали",Админ.наказ.орган,,
07f920f2-dc5d-4056-a564-d408c5b94550,324,2026,Административно наказателно дело,Районен съд - Кърджали,Районна прокуратура - Кърджали,Страна,,
07f920f2-dc5d-4056-a564-d408c5b94550,324,2026,Административно наказателно дело,Районен съд - Кърджали,Х.Г.Ч.,Актосъставител,,
07f920f2-dc5d-4056-a564-d408c5b94550,324,2026,Административно наказателно дело,Районен съд - Кърджали,Д.В.В.,Свидетел,,
07f920f2-dc5d-4056-a564-d408c5b94550,324,2026,Административно наказателно дело,Районен съд - Кърджали,Б.Х.М.,Свидетел,,
3ed442e1-e348-4456-9a8a-96f1e64c1da4,548,2026,Частно наказателно дело,Районен съд - Добрич,Районна прокуратура - Добрич,Вносител,,
6fe192c5-aa85-42b1-b51c-a73df06cff36,1618,2026,Гражданско дело,Районен съд - Казанлък,С.И.Ц.,Ищец,,
6fe192c5-aa85-42b1-b51c-a73df06cff36,1618,2026,Гражданско дело,Районен съд - Казанлък,А.Н.Б.,Ответник,,
6fe192c5-aa85-42b1-b51c-a73df06cff36,1618,2026,Гражданско дело,Районен съд - Казанлък,Ц.И.М.,Адвокат,,
6fe192c5-aa85-42b1-b51c-a73df06cff36,1618,2026,Гражданско дело,Районен съд - Казанлък,"ДИРЕКЦИЯ ""СОЦИАЛНО ПОДПОМАГАНЕ"" - КАЗАНЛЪК",Заинтересована страна,,
5b5478f7-a357-4e94-9a24-f2736e21ce21,383,2026,Административно наказателно дело,Районен съд - Търговище,ЕСТИЛО - 2015 ЕООД,Жалбоподател,,
5b5478f7-a357-4e94-9a24-f2736e21ce21,383,2026,Административно наказателно дело,Районен съд - Търговище,"НАЧАЛНИК НА ОТДЕЛ ""ОПЕРАТИВНИ ДЕЙНОСТИ""- ВАРНА, ДИРЕКЦИЯ ""ОПЕРАТИВНИ ДЕЙНОСТИ"" В ГД ""ФИСКАЛЕН КОНТОЛ""",Админ.наказ.орган,,
5b5478f7-a357-4e94-9a24-f2736e21ce21,383,2026,Административно наказателно дело,Районен съд - Търговище,Е.А.Р.,Актосъставител,,
5b5478f7-a357-4e94-9a24-f2736e21ce21,383,2026,Административно наказателно дело,Районен съд - Търговище,М.Р.Б.,Свидетел,,
5b5478f7-a357-4e94-9a24-f2736e21ce21,383,2026,Административно наказателно дело,Районен съд - Търговище,М.Д.Й.,Юрисконсулт,,
1498868e-ed72-454a-be18-8497143cd2d0,1110,2026,Частно наказателно дело,Районен съд - Плевен,Районна прокуратура - Плевен,Вносител,,
159fc9e6-8765-4ed8-b9ae-57023c8670b8,1030,2026,Частно гражданско дело,Районен съд - Карнобат,БЕСТ Кепитъл България ЕАД,Заявител,,
159fc9e6-8765-4ed8-b9ae-57023c8670b8,1030,2026,Частно гражданско дело,Районен съд - Карнобат,А.Ф.Ф.,Длъжник,,
159fc9e6-8765-4ed8-b9ae-57023c8670b8,1030,2026,Частно гражданско дело,Районен съд - Карнобат,Г.Я.Б.,Пълномощник,,
a408a2a1-5eee-47e0-b77a-6c990a1682f3,2177,2026,Частно гражданско дело,Районен съд - Кюстендил,„УниКредит Булбанк“ АД,Заявител,,
a408a2a1-5eee-47e0-b77a-6c990a1682f3,2177,2026,Частно гражданско дело,Районен съд - Кюстендил,А.И.В.,Длъжник,,
a408a2a1-5eee-47e0-b77a-6c990a1682f3,2177,2026,Частно гражданско дело,Районен съд - Кюстендил,В.К.Д.,Пълномощник,Веселин Константинов Динков,
0795259e-a4e8-4a34-ac6c-5381ac8195c0,6195,2026,Административно дело,Административен съд - София-град,"""Дабъл куик"" ООД",Жалбоподател,,
0795259e-a4e8-4a34-ac6c-5381ac8195c0,6195,2026,Административно дело,Административен съд - София-град,СО Р-Н ВРЪБНИЦА,Ответник,,
0795259e-a4e8-4a34-ac6c-5381ac8195c0,6195,2026,Административно дело,Административен съд - София-град,Нели Илиева,Адвокат,Нели Иванова Илиева,
98419ad3-6cd3-4154-ae94-103e35fff72c,211,2026,Въззивно частно наказателно дело,Окръжен съд - Ямбол,Окръжна прокуратура - Ямбол,Въззивник,,
98419ad3-6cd3-4154-ae94-103e35fff72c,211,2026,Въззивно частно наказателно дело,Окръжен съд - Ямбол,Д.Т.Ш.Г.,Обвинител,,
98419ad3-6cd3-4154-ae94-103e35fff72c,211,2026,Въззивно частно наказателно дело,Окръжен съд - Ямбол,П.И.Й.,Въззиваема страна,,
98419ad3-6cd3-4154-ae94-103e35fff72c,211,2026,Въззивно частно наказателно дело,Окръжен съд - Ямбол,Д.М.Д.,Адвокат,,
2136f1b7-9b7f-4ecd-a022-073fa21497ab,474,2026,Частно гражданско дело,Районен съд - Девня,МАКСО БЪЛГАРИЯ АД,Заявител,,
2136f1b7-9b7f-4ecd-a022-073fa21497ab,474,2026,Частно гражданско дело,Районен съд - Девня,С.Л.М.,Длъжник,,
2136f1b7-9b7f-4ecd-a022-073fa21497ab,474,2026,Частно гражданско дело,Районен съд - Девня,А.О.Б.,Пълномощник,,
f11b179b-7a4d-4260-9889-d9e1c880d61f,169,2026,Частно наказателно дело,Районен съд - Девня,ТО-Девня при РП-Варна,Вносител,,
2bf3652a-4da1-4845-ae5a-2188b99708f7,4371,2026,Частно гражданско дело,Районен съд - Враца,БЕСТ Кепитъл България ЕАД,Заявител,,
2bf3652a-4da1-4845-ae5a-2188b99708f7,4371,2026,Частно гражданско дело,Районен съд - Враца,А.А.Й.,Длъжник,,
2bf3652a-4da1-4845-ae5a-2188b99708f7,4371,2026,Частно гражданско дело,Районен съд - Враца,Б.И.К.,Пълномощник,,
4271547e-77d9-4547-a24b-07a4ae2eaa8c,4183,2026,Гражданско дело,Районен съд - Пловдив,Ц.И.В.,Молител,,
4271547e-77d9-4547-a24b-07a4ae2eaa8c,4183,2026,Гражданско дело,Районен съд - Пловдив,Е.И.М.,Адвокат,Емилия Иванова,
4271547e-77d9-4547-a24b-07a4ae2eaa8c,4183,2026,Гражданско дело,Районен съд - Пловдив,ОБЩИНА ПЛОВДИВ,Заинтересована страна,,
4271547e-77d9-4547-a24b-07a4ae2eaa8c,4183,2026,Гражданско дело,Районен съд - Пловдив,Районна прокуратура - Пловдив,Контролираща страна,,
4271547e-77d9-4547-a24b-07a4ae2eaa8c,4183,2026,Гражданско дело,Районен съд - Пловдив,Д.И.Й.Г.,Юрисконсулт,,
f497c0aa-113c-4f97-bd8b-1e9e9b9266cd,1076,2026,Частно гражданско дело,Районен съд - Ловеч,Банка ДСК АД,Заявител,,
f497c0aa-113c-4f97-bd8b-1e9e9b9266cd,1076,2026,Частно гражданско дело,Районен съд - Ловеч,Х.Х.Я.,Длъжник,,
f497c0aa-113c-4f97-bd8b-1e9e9b9266cd,1076,2026,Частно гражданско дело,Районен съд - Ловеч,Т.З.Х.Т.,Пълномощник,,
032cb10d-59b4-43b1-9773-a58b7f4b71e4,1617,2026,Гражданско дело,Районен съд - Казанлък,Г.Д.Г.,Ищец,Петя Матева Генова,
032cb10d-59b4-43b1-9773-a58b7f4b71e4,1617,2026,Гражданско дело,Районен съд - Казанлък,Х.Н.Г.,Ответник,Валентин Димитров Михов,
032cb10d-59b4-43b1-9773-a58b7f4b71e4,1617,2026,Гражданско дело,Районен съд - Казанлък,П.М.Г.,Адвокат,,
032cb10d-59b4-43b1-9773-a58b7f4b71e4,1617,2026,Гражданско дело,Районен съд - Казанлък,В.Д.М.,Адвокат,,
032cb10d-59b4-43b1-9773-a58b7f4b71e4,1617,2026,Гражданско дело,Районен съд - Казанлък,Д.Т.С.,Адвокат,,
7696ec6e-431f-4a5c-8764-9a4e00187882,382,2026,Наказателно от частен характер дело,Районен съд - Търговище,Й.Д.У.,Тъжител,,
7696ec6e-431f-4a5c-8764-9a4e00187882,382,2026,Наказателно от частен характер дело,Районен съд - Търговище,Й.З.Й.,Подсъдим,,
7696ec6e-431f-4a5c-8764-9a4e00187882,382,2026,Наказателно от частен характер дело,Районен съд - Търговище,Д.Б.Д.,Адвокат,Димо Борисов Димитров,
7696ec6e-431f-4a5c-8764-9a4e00187882,382,2026,Наказателно от частен характер дело,Районен съд - Търговище,Д.П.П.,Защитник,ДЕЯН ПЕНЧЕВ ПАНТЕВ,
7696ec6e-431f-4a5c-8764-9a4e00187882,382,2026,Наказателно от частен характер дело,Районен съд - Търговище,С.Т.С.,Свидетел,,
7696ec6e-431f-4a5c-8764-9a4e00187882,382,2026,Наказателно от частен характер дело,Районен съд - Търговище,Ш.Н.М.,Свидетел,,
7696ec6e-431f-4a5c-8764-9a4e00187882,382,2026,Наказателно от частен характер дело,Районен съд - Търговище,Б.Д.А.,Свидетел,,
b9bcfa9f-5642-4b3c-b53f-143fdb44f499,615,2026,Административно дело,Административен съд - Стара Загора,"""Тракия финанс"" ООД",Ищец,,
b9bcfa9f-5642-4b3c-b53f-143fdb44f499,615,2026,Административно дело,Административен съд - Стара Загора,Национална агенция за приходите,Ответник,,
b9bcfa9f-5642-4b3c-b53f-143fdb44f499,615,2026,Административно дело,Административен съд - Стара Загора,М.Д.Р.,Адвокат,,
b9bcfa9f-5642-4b3c-b53f-143fdb44f499,615,2026,Административно дело,Административен съд - Стара Загора,М.Д.Р.,Адвокат,Мария Димитрова Райчева,
b9bcfa9f-5642-4b3c-b53f-143fdb44f499,615,2026,Административно дело,Административен съд - Стара Загора,Окръжна прокуратура Стара Загора,Страна,,
2cb58430-413b-4000-a854-5436fa9bea1e,1126,2026,Частно гражданско дело,Районен съд - Бяла Слатина,Р.Х.С.,Заявител,,
2cb58430-413b-4000-a854-5436fa9bea1e,1126,2026,Частно гражданско дело,Районен съд - Бяла Слатина,"""ДЕТЕЛИНА-ДРИТА"" ЕООД",Длъжник,,
2cb58430-413b-4000-a854-5436fa9bea1e,1126,2026,Частно гражданско дело,Районен съд - Бяла Слатина,К.Д.Х.,Адвокат,Катина Драгомирова Христова,
58523755-e312-4ea0-83c8-8a333f9cfba3,614,2026,Административно дело,Административен съд - Стара Загора,С.В.А.,Жалбоподател,,
58523755-e312-4ea0-83c8-8a333f9cfba3,614,2026,Административно дело,Административен съд - Стара Загора,Е.И.А.,Жалбоподател,,
58523755-e312-4ea0-83c8-8a333f9cfba3,614,2026,Административно дело,Административен съд - Стара Загора,С.М.М.,Жалбоподател,,
58523755-e312-4ea0-83c8-8a333f9cfba3,614,2026,Административно дело,Административен съд - Стара Загора,Р.К.В.,Жалбоподател,,
58523755-e312-4ea0-83c8-8a333f9cfba3,614,2026,Административно дело,Административен съд - Стара Загора,Кмет на Община Стара Загора,Ответник,,
58523755-e312-4ea0-83c8-8a333f9cfba3,614,2026,Административно дело,Административен съд - Стара Загора,В.К.Ц.,Адвокат,Вилиана Костадинова Цонева,
58523755-e312-4ea0-83c8-8a333f9cfba3,614,2026,Административно дело,Административен съд - Стара Загора,К.Р.В.,Законен представител,,
88622e79-9954-4a05-b5a9-7f217ba4c4b8,3508,2026,Частно гражданско дело,Районен съд - Русе,ЕОС МАТРИКС ЕАД,Заявител,,
88622e79-9954-4a05-b5a9-7f217ba4c4b8,3508,2026,Частно гражданско дело,Районен съд - Русе,Т.С.С.,Длъжник,,
88622e79-9954-4a05-b5a9-7f217ba4c4b8,3508,2026,Частно гражданско дело,Районен съд - Русе,М.Х.Х.,Адвокат,Мария Христова Христова,
88622e79-9954-4a05-b5a9-7f217ba4c4b8,3508,2026,Частно гражданско дело,Районен съд - Русе,Т.И.В.,Друго,,
6849a6a3-2954-4e5b-a739-82162255a04a,2176,2026,Частно гражданско дело,Районен съд - Кюстендил,Мото-Пфое Лизинг ЕООД,Заявител,,
6849a6a3-2954-4e5b-a739-82162255a04a,2176,2026,Частно гражданско дело,Районен съд - Кюстендил,"""НЮ АЙДИАС ПАРТНЪРС"" ЕООД",Длъжник,,
6849a6a3-2954-4e5b-a739-82162255a04a,2176,2026,Частно гражданско дело,Районен съд - Кюстендил,Д.И.Г.,Адвокат,Димитър Иванов Гъдев,
6849a6a3-2954-4e5b-a739-82162255a04a,2176,2026,Частно гражданско дело,Районен съд - Кюстендил,Й.В.,Друго,,
d8b32dab-83ab-4c04-bc2a-c4ed7837fbd6,402,2026,Частно гражданско дело,Районен съд - Сандански,ЙОАНА ЕДИТА САЛАМОН ПАНДЕВА,Молител,,
cc678d8b-61f4-4da5-bb67-99fccc59442e,1183,2026,Касационно административно наказателно дело,Административен съд - Бургас,Г.З.И.,Касатор,,
cc678d8b-61f4-4da5-bb67-99fccc59442e,1183,2026,Касационно административно наказателно дело,Административен съд - Бургас,Началник РУ Сунгурларе ОДМВР Бургас,Ответник,,
cc678d8b-61f4-4da5-bb67-99fccc59442e,1183,2026,Касационно административно наказателно дело,Административен съд - Бургас,ОКРЪЖНА ПРОКУРАТУРА БУРГАС,Друго,,
cc678d8b-61f4-4da5-bb67-99fccc59442e,1183,2026,Касационно административно наказателно дело,Административен съд - Бургас,С.Г.К.,Процесуален представител,,
e350dd4d-f86b-42da-abea-b1709d7da59a,4182,2026,Гражданско дело,Районен съд - Пловдив,ПЕНЧЕВ - 2002 ООД,Ищец,,
e350dd4d-f86b-42da-abea-b1709d7da59a,4182,2026,Гражданско дело,Районен съд - Пловдив,ВАС МИЛК ЕООД,Ответник,,
e350dd4d-f86b-42da-abea-b1709d7da59a,4182,2026,Гражданско дело,Районен съд - Пловдив,В.М.Д.,Адвокат,,
e350dd4d-f86b-42da-abea-b1709d7da59a,4182,2026,Гражданско дело,Районен съд - Пловдив,В.Т.К.,Адвокат,Валентина Тодорова Кунева,
40baf498-9981-4054-9fbd-c283276060b8,381,2026,Наказателно от частен характер дело,Районен съд - Търговище,С.Й.К.,Тъжител,,
40baf498-9981-4054-9fbd-c283276060b8,381,2026,Наказателно от частен характер дело,Районен съд - Търговище,А.М.М.,Подсъдим,,
40baf498-9981-4054-9fbd-c283276060b8,381,2026,Наказателно от частен характер дело,Районен съд - Търговище,А.М.В.,Подсъдим,,
40baf498-9981-4054-9fbd-c283276060b8,381,2026,Наказателно от частен характер дело,Районен съд - Търговище,С.Д.П.,Адвокат,Стефан Добромиров Панов,
40baf498-9981-4054-9fbd-c283276060b8,381,2026,Наказателно от частен характер дело,Районен съд - Търговище,Н.Л.Т.,Адвокат,Недялка Любенова Тасева,
40baf498-9981-4054-9fbd-c283276060b8,381,2026,Наказателно от частен характер дело,Районен съд - Търговище,Н.С.С.,Вещо лице,,
b05de5e3-598d-48fd-8552-c6ed9258f891,4370,2026,Частно гражданско дело,Районен съд - Враца,ТИ БИ АЙ Банк ЕАД,Заявител,,
b05de5e3-598d-48fd-8552-c6ed9258f891,4370,2026,Частно гражданско дело,Районен съд - Враца,Д.Р.Х.,Длъжник,,
b05de5e3-598d-48fd-8552-c6ed9258f891,4370,2026,Частно гражданско дело,Районен съд - Враца,Д.В.И.,Юрисконсулт,,
956f55c3-2dbc-4b8d-9adb-761108973f2f,837,2026,Частно гражданско дело,Районен съд - Кубрат,АПС БЕТА БЪЛГАРИЯ ЕООД,Заявител,,
956f55c3-2dbc-4b8d-9adb-761108973f2f,837,2026,Частно гражданско дело,Районен съд - Кубрат,О.О.И.,Длъжник,,
956f55c3-2dbc-4b8d-9adb-761108973f2f,837,2026,Частно гражданско дело,Районен съд - Кубрат,П.Ф.Ц.,Юрисконсулт,,
956f55c3-2dbc-4b8d-9adb-761108973f2f,837,2026,Частно гражданско дело,Районен съд - Кубрат,Х.М.М.,Законен представител,,
956f55c3-2dbc-4b8d-9adb-761108973f2f,837,2026,Частно гражданско дело,Районен съд - Кубрат,П.В.,Законен представител,,
598c6a24-57cc-4ff3-a6be-a70f25115ecd,20,2026,Търговско дело,Окръжен съд - Смолян,ЕТ „Туринг спорт – Константин Бозов”,Ищец,,
598c6a24-57cc-4ff3-a6be-a70f25115ecd,20,2026,Търговско дело,Окръжен съд - Смолян,"""ТРАЙСКОМ ЛЕС"" ООД",Ответник,,
598c6a24-57cc-4ff3-a6be-a70f25115ecd,20,2026,Търговско дело,Окръжен съд - Смолян,С.П.М.,Адвокат,СТОЯН ПАНТЕЛЕЕВ МЕМЦОВ,
598c6a24-57cc-4ff3-a6be-a70f25115ecd,20,2026,Търговско дело,Окръжен съд - Смолян,С.Д.Д.,Адвокат,,
598c6a24-57cc-4ff3-a6be-a70f25115ecd,20,2026,Търговско дело,Окръжен съд - Смолян,Д.А.А.,Адвокат,Димитър Александров Атанасов,
6cdbc476-d051-47f1-8ee4-4119af51173e,5510,2026,Частно гражданско дело,Районен съд - Перник,БЕСТ Кепитъл България ЕАД,Заявител,,
6cdbc476-d051-47f1-8ee4-4119af51173e,5510,2026,Частно гражданско дело,Районен съд - Перник,А.Ф.Ф.,Длъжник,,
6cdbc476-d051-47f1-8ee4-4119af51173e,5510,2026,Частно гражданско дело,Районен съд - Перник,Г.Я.Б.,Пълномощник,,
14dc323d-82f6-4a9e-9e32-7ad0b399b319,1456,2026,Частно гражданско дело,Районен съд - Нови пазар,"""Водоснабдяване и канализационни услуги"" ЕООД гр. София",Заявител,,
14dc323d-82f6-4a9e-9e32-7ad0b399b319,1456,2026,Частно гражданско дело,Районен съд - Нови пазар,М.В.К.,Длъжник,,
14dc323d-82f6-4a9e-9e32-7ad0b399b319,1456,2026,Частно гражданско дело,Районен съд - Нови пазар,П.Н.Х.,Адвокат,Петя Нейчева Харизанова,
14dc323d-82f6-4a9e-9e32-7ad0b399b319,1456,2026,Частно гражданско дело,Районен съд - Нови пазар,Р.С.И.,Законен представител,,
528e268a-5ef7-4338-a628-9179d81b2e3f,613,2026,Административно дело,Административен съд - Стара Загора,П.Ж.П.,Ищец,,
fad9f57c-e74c-4206-8993-7cb5874975d0,6194,2026,Административно дело,Административен съд - София-град,Д.В.Г.,Жалбоподател,,
fad9f57c-e74c-4206-8993-7cb5874975d0,6194,2026,Административно дело,Административен съд - София-град,В.Д.Г.,Жалбоподател,,
fad9f57c-e74c-4206-8993-7cb5874975d0,6194,2026,Административно дело,Административен съд - София-град,Б.В.Г.,Жалбоподател,,
fad9f57c-e74c-4206-8993-7cb5874975d0,6194,2026,Административно дело,Административен съд - София-град,В.В.Г.,Жалбоподател,,
fad9f57c-e74c-4206-8993-7cb5874975d0,6194,2026,Административно дело,Административен съд - София-град,"Кмета на район""Оборище""-СО",Ответник,,
fad9f57c-e74c-4206-8993-7cb5874975d0,6194,2026,Административно дело,Административен съд - София-град,К.Г.,Адвокат,,
5ec25169-eab0-4ebd-9a3b-d3086df68ff4,491,2026,Частно наказателно дело,Районен съд - Ямбол,Районен съд Олпе,Вносител,,
5ec25169-eab0-4ebd-9a3b-d3086df68ff4,491,2026,Частно наказателно дело,Районен съд - Ямбол,П.М.К.,Заинтересована страна,,
2b605608-495c-40ae-9cfd-d32c27c37ce1,506,2026,Гражданско дело,Районен съд - Раднево,В.И.Н.,Молител,,
2b605608-495c-40ae-9cfd-d32c27c37ce1,506,2026,Гражданско дело,Районен съд - Раднево,Н.И.Н.,Ответник,,
2b605608-495c-40ae-9cfd-d32c27c37ce1,506,2026,Гражданско дело,Районен съд - Раднево,Г.И.Д.,Адвокат,Ганка Илева Драганова,
2db416f9-f74c-4e06-9500-c07cd4996edc,534,2026,Частно гражданско дело,Районен съд - Оряхово,Топлофикация София ЕАД,Заявител,,
2db416f9-f74c-4e06-9500-c07cd4996edc,534,2026,Частно гражданско дело,Районен съд - Оряхово,М.Т.Т.,Длъжник,,
2db416f9-f74c-4e06-9500-c07cd4996edc,534,2026,Частно гражданско дело,Районен съд - Оряхово,Д.Б.Б.,Пълномощник,,
2db416f9-f74c-4e06-9500-c07cd4996edc,534,2026,Частно гражданско дело,Районен съд - Оряхово,П.Р.П.,Представляващ,,
2db416f9-f74c-4e06-9500-c07cd4996edc,534,2026,Частно гражданско дело,Районен съд - Оряхово,Р.Д.Г.,Представляващ,,
b8d43967-8050-4a11-8f87-c84460274ded,1083,2026,Частно гражданско дело,Районен съд - Разград,БЕСТ Кепитъл България ЕАД,Заявител,,
b8d43967-8050-4a11-8f87-c84460274ded,1083,2026,Частно гражданско дело,Районен съд - Разград,А.Н.А.,Длъжник,,
b8d43967-8050-4a11-8f87-c84460274ded,1083,2026,Частно гражданско дело,Районен съд - Разград,Б.И.К.,Пълномощник,,
7c4ad66c-3376-44b8-8f4e-7b5776f73ca6,4369,2026,Частно гражданско дело,Районен съд - Враца,„Евро Финанс Колект България” ЕООД,Заявител,,
7c4ad66c-3376-44b8-8f4e-7b5776f73ca6,4369,2026,Частно гражданско дело,Районен съд - Враца,Е.А.Е.,Длъжник,,
7c4ad66c-3376-44b8-8f4e-7b5776f73ca6,4369,2026,Частно гражданско дело,Районен съд - Враца,К.В.К.,Адвокат,Кремен Валентинов Константинов,
77c3249b-c4e5-4cf2-a3e2-377a2e8bb964,4181,2026,Гражданско дело,Районен съд - Пловдив,В.С.А.,Ищец,,
77c3249b-c4e5-4cf2-a3e2-377a2e8bb964,4181,2026,Гражданско дело,Районен съд - Пловдив,М.С.А.,Ответник,,
77c3249b-c4e5-4cf2-a3e2-377a2e8bb964,4181,2026,Гражданско дело,Районен съд - Пловдив,В.Л.К.,Адвокат,Валентина Любомирова Кръстева,
09f198d0-662a-4dd2-bff8-703f16701a45,805,2026,Частно наказателно дело,Районен съд - Русе,Министерство на правосъдието,Вносител,,
09f198d0-662a-4dd2-bff8-703f16701a45,805,2026,Частно наказателно дело,Районен съд - Русе,П.Г.А.,Обвинител,,
09f198d0-662a-4dd2-bff8-703f16701a45,805,2026,Частно наказателно дело,Районен съд - Русе,Р.М.Й.,Страна,,
09f198d0-662a-4dd2-bff8-703f16701a45,805,2026,Частно наказателно дело,Районен съд - Русе,Районна прокуратура - Русе,Страна,,
6f6a6f30-28f9-4c6d-a0e7-c30860e80f00,1405,2026,Частно гражданско дело,Районен съд - Хасково,Е.Г.М.,Молител,,
6f6a6f30-28f9-4c6d-a0e7-c30860e80f00,1405,2026,Частно гражданско дело,Районен съд - Хасково,Р.Г.М.,Настойник,,
6f6a6f30-28f9-4c6d-a0e7-c30860e80f00,1405,2026,Частно гражданско дело,Районен съд - Хасково,"Дирекция ""Социално подпомагане"" Хасково-отдел ""Закрила на детето""",Заинтересована страна,,
5779d196-3a73-48b9-9251-33a973b962b5,5509,2026,Частно гражданско дело,Районен съд - Перник,ТИ БИ АЙ Банк ЕАД,Заявител,,
5779d196-3a73-48b9-9251-33a973b962b5,5509,2026,Частно гражданско дело,Районен съд - Перник,Д.А.М.,Длъжник,,
5779d196-3a73-48b9-9251-33a973b962b5,5509,2026,Частно гражданско дело,Районен съд - Перник,Д.В.И.,Юрисконсулт,,
68166a13-838d-47ec-8119-a9347237b3ea,4180,2026,Гражданско дело,Районен съд - Пловдив,ПЛОВДИВСКА КОНСЕРВА АД,Ищец,,
68166a13-838d-47ec-8119-a9347237b3ea,4180,2026,Гражданско дело,Районен съд - Пловдив,ДЪРЖАВНА АГЕНЦИЯ ДЪРЖАВЕН РЕЗЕРВ И ВОЕННОВРЕМЕННИ ЗАПАСИ,Ответник,,
68166a13-838d-47ec-8119-a9347237b3ea,4180,2026,Гражданско дело,Районен съд - Пловдив,С.С.С.,Адвокат,Спас Стоянов Стоянов,
68166a13-838d-47ec-8119-a9347237b3ea,4180,2026,Гражданско дело,Районен съд - Пловдив,Р.Д.Г.,Вещо лице,,
8746255f-35a3-4ef4-97de-ab54eea55716,2071,2026,Частно гражданско дело,Районен съд - Бургас,Я.С.Д.,Молител,,
8746255f-35a3-4ef4-97de-ab54eea55716,2071,2026,Частно гражданско дело,Районен съд - Бургас,Т.К.Д.,Законен представител,,
8746255f-35a3-4ef4-97de-ab54eea55716,2071,2026,Частно гражданско дело,Районен съд - Бургас,С.Д.Д.,Наследодател,,
3f09d156-610f-4aff-985b-5de72e7a3c80,1404,2026,Гражданско дело,Районен съд - Хасково,Г.Н.К.,Жалбоподател,,
3f09d156-610f-4aff-985b-5de72e7a3c80,1404,2026,Гражданско дело,Районен съд - Хасково,МЛАДШИ ИНСПЕКТОР ПРИ РУ ХАСКОВО,Ответник,,
3f09d156-610f-4aff-985b-5de72e7a3c80,1404,2026,Гражданско дело,Районен съд - Хасково,М.К.,Адвокат,,
94de7cb1-9885-4955-8bba-44b85673cadb,4368,2026,Частно гражданско дело,Районен съд - Враца,"ТД НА НАП ВЕЛИКО ТЪРНОВО, ОФИС ВРАЦА (0000000600 )",Молител,,
94de7cb1-9885-4955-8bba-44b85673cadb,4368,2026,Частно гражданско дело,Районен съд - Враца,ЕНЕРГОИНВЕСТ 09 ЕООД,Страна,,
94de7cb1-9885-4955-8bba-44b85673cadb,4368,2026,Частно гражданско дело,Районен съд - Враца,И.М.Ц.,Друго,,
0e08066d-0f59-4b1c-8fd1-057531dc0341,652,2026,Частно наказателно дело,Районен съд - Благоевград,Районна прокуратура - Благоевград,Вносител,,
9045737e-63e5-437f-816a-fbfe70faf2e5,2070,2026,Гражданско дело,Районен съд - Бургас,К.М.К.,Молител,,
9045737e-63e5-437f-816a-fbfe70faf2e5,2070,2026,Гражданско дело,Районен съд - Бургас,А.С.К.,Молител,,
9045737e-63e5-437f-816a-fbfe70faf2e5,2070,2026,Гражданско дело,Районен съд - Бургас,С.Н.К.,Адвокат,Стоян Николов Кацаров,
9045737e-63e5-437f-816a-fbfe70faf2e5,2070,2026,Гражданско дело,Районен съд - Бургас,Дирекция Социално подпомагане гр.Бургас,Друго,,
8f9b2261-e88e-445e-9f7e-278a7185bcc5,4179,2026,Гражданско дело,Районен съд - Пловдив,Т.П.С.,Ищец,,
8f9b2261-e88e-445e-9f7e-278a7185bcc5,4179,2026,Гражданско дело,Районен съд - Пловдив,"Етажна собственост с административен адрес: гр. Пловдив, бул. ""Марица"" № 160А, сграда А",Ответник,,
8f9b2261-e88e-445e-9f7e-278a7185bcc5,4179,2026,Гражданско дело,Районен съд - Пловдив,"Етажна собственост с административен адрес: гр. Пловдив, бул. ""Марица"" № 160Б, сграда Б",Ответник,,
8f9b2261-e88e-445e-9f7e-278a7185bcc5,4179,2026,Гражданско дело,Районен съд - Пловдив,"Етажна собственост с административен адрес: гр. Пловдив, бул. ""Марица"" № 160В, сграда В",Ответник,,
8f9b2261-e88e-445e-9f7e-278a7185bcc5,4179,2026,Гражданско дело,Районен съд - Пловдив,"Етажна собственост с административен адрес: гр. Пловдив, бул. ""Марица"" № 160Г, сграда Г",Ответник,,
8f9b2261-e88e-445e-9f7e-278a7185bcc5,4179,2026,Гражданско дело,Районен съд - Пловдив,"Етажна собственост с административен адрес: гр. Пловдив, бул. ""Шести септември"" № 221Д, сграда Д",Ответник,,
8f9b2261-e88e-445e-9f7e-278a7185bcc5,4179,2026,Гражданско дело,Районен съд - Пловдив,"Етажна собственост с административен адрес: гр. Пловдив, бул. ""Шести септември"" № 221Е, сграда Е",Ответник,,
f7685060-e3cf-427f-bb5d-646a7408ebbe,3507,2026,Частно гражданско дело,Районен съд - Русе,БЕСТ Кепитъл България ЕАД,Заявител,,
f7685060-e3cf-427f-bb5d-646a7408ebbe,3507,2026,Частно гражданско дело,Районен съд - Русе,А.Н.А.,Длъжник,,
f7685060-e3cf-427f-bb5d-646a7408ebbe,3507,2026,Частно гражданско дело,Районен съд - Русе,Б.И.К.,Пълномощник,,
07e33cdb-bfb3-4f82-a6cf-ff707047ed6d,2069,2026,Гражданско дело,Районен съд - Бургас,Б.Б.Ч.,Ищец,,
07e33cdb-bfb3-4f82-a6cf-ff707047ed6d,2069,2026,Гражданско дело,Районен съд - Бургас,ОБЩИНА БУРГАС,Ответник,,
07e33cdb-bfb3-4f82-a6cf-ff707047ed6d,2069,2026,Гражданско дело,Районен съд - Бургас,Г.Д.П.,Законен представител,,
07e33cdb-bfb3-4f82-a6cf-ff707047ed6d,2069,2026,Гражданско дело,Районен съд - Бургас,И.Л.Н.,Адвокат,Ивайло Любомиров Найденов,
07e33cdb-bfb3-4f82-a6cf-ff707047ed6d,2069,2026,Гражданско дело,Районен съд - Бургас,Й.М.Г.Д.,Пълномощник,,
07e33cdb-bfb3-4f82-a6cf-ff707047ed6d,2069,2026,Гражданско дело,Районен съд - Бургас,ЕНИКОРП АД,Трето лице помагач,,
07e33cdb-bfb3-4f82-a6cf-ff707047ed6d,2069,2026,Гражданско дело,Районен съд - Бургас,За Чист Град ЕООД,Трето лице помагач,,
07e33cdb-bfb3-4f82-a6cf-ff707047ed6d,2069,2026,Гражданско дело,Районен съд - Бургас,ЗАУБА ЕАД,Трето лице помагач,,
07e33cdb-bfb3-4f82-a6cf-ff707047ed6d,2069,2026,Гражданско дело,Районен съд - Бургас,ТРЕЗИНА ООД,Трето лице помагач,,
07e33cdb-bfb3-4f82-a6cf-ff707047ed6d,2069,2026,Гражданско дело,Районен съд - Бургас,ТРАНС 2025 ЕООД,Трето лице помагач,,
7edcf8b1-0e74-4bff-9464-716465f13887,558,2026,Частно гражданско дело,Районен съд - Петрич,АПС БЕТА България ЕООД,Заявител,,
7edcf8b1-0e74-4bff-9464-716465f13887,558,2026,Частно гражданско дело,Районен съд - Петрич,Б.Ж.Д.,Длъжник,,
7edcf8b1-0e74-4bff-9464-716465f13887,558,2026,Частно гражданско дело,Районен съд - Петрич,П.Ф.Ц.,Юрисконсулт,,
7edcf8b1-0e74-4bff-9464-716465f13887,558,2026,Частно гражданско дело,Районен съд - Петрич,Х.М.М.,Законен представител,,
7edcf8b1-0e74-4bff-9464-716465f13887,558,2026,Частно гражданско дело,Районен съд - Петрич,П.В.,Законен представител,,
6a687482-0ec9-4897-97b9-7997ddb10000,651,2026,Частно наказателно дело,Районен съд - Благоевград,Районна прокуратура - Благоевград,Вносител,,
ab926adb-7e03-40cf-be66-0c06ac71b3d1,5401,2026,Частно гражданско дело,Софийски градски съд,А.Д.Д.,Молител,,
ab926adb-7e03-40cf-be66-0c06ac71b3d1,5401,2026,Частно гражданско дело,Софийски градски съд,В.А.В.,Адвокат,Веска Атанасова Волева,
5c7d9e03-b8ea-4365-97b4-59bfea2ae84b,650,2026,Частно наказателно дело,Районен съд - Благоевград,Районна прокуратура - Благоевград,Вносител,,
46e85294-ba6f-4de6-b938-373011a6826a,2156,2026,Частно гражданско дело,Районен съд - Пазарджик,ТИ БИ АЙ Банк ЕАД,Заявител,,
46e85294-ba6f-4de6-b938-373011a6826a,2156,2026,Частно гражданско дело,Районен съд - Пазарджик,Д.Т.Д.,Длъжник,,
46e85294-ba6f-4de6-b938-373011a6826a,2156,2026,Частно гражданско дело,Районен съд - Пазарджик,Д.В.И.,Юрисконсулт,,
95ecb3eb-1d45-43fc-b8cf-8adf4b0752c8,1075,2026,Частно гражданско дело,Районен съд - Ловеч,БЕСТ Кепитъл България ЕАД,Заявител,,
95ecb3eb-1d45-43fc-b8cf-8adf4b0752c8,1075,2026,Частно гражданско дело,Районен съд - Ловеч,А.М.К.,Длъжник,,
95ecb3eb-1d45-43fc-b8cf-8adf4b0752c8,1075,2026,Частно гражданско дело,Районен съд - Ловеч,Г.Я.Б.,Пълномощник,,
ae55d55e-023f-4167-bec0-a9c56b451113,3506,2026,Частно гражданско дело,Районен съд - Русе,А1 България ЕАД,Заявител,,
ae55d55e-023f-4167-bec0-a9c56b451113,3506,2026,Частно гражданско дело,Районен съд - Русе,Ц.Г.В.,Длъжник,,
ae55d55e-023f-4167-bec0-a9c56b451113,3506,2026,Частно гражданско дело,Районен съд - Русе,М.М.К.,Представител,,
062f60c1-ec30-48ea-9854-c0a127cbdf1b,4178,2026,Гражданско дело,Районен съд - Пловдив,Б.В.К.,Ищец,,
062f60c1-ec30-48ea-9854-c0a127cbdf1b,4178,2026,Гражданско дело,Районен съд - Пловдив,ВИДЕЛИНА ЕООД,Ответник,,
062f60c1-ec30-48ea-9854-c0a127cbdf1b,4178,2026,Гражданско дело,Районен съд - Пловдив,ОБЩИНА ПЛОВДИВ,Ответник,,
062f60c1-ec30-48ea-9854-c0a127cbdf1b,4178,2026,Гражданско дело,Районен съд - Пловдив,А.И.К.,Представител,,
dd65d038-e868-4eb3-baf1-1a68a91babbd,649,2026,Частно наказателно дело,Районен съд - Благоевград,Районна прокуратура - Благоевград,Вносител,,
05455eaf-a8de-4094-bd09-a414cf439f0e,1073,2026,Частно гражданско дело,Районен съд - Ямбол,Районен съд Келхаим,Молител,,
05455eaf-a8de-4094-bd09-a414cf439f0e,1073,2026,Частно гражданско дело,Районен съд - Ямбол,Г.И.Б.,Ответник,,
0a49d68a-80b2-4aa9-932f-01eed9517d70,6193,2026,Административно дело,Административен съд - София-град,"ФОНД ""СИГУРНОСТ НА ЕЛЕКТРОЕНЕРГИЙНАТА СИСТЕМА""",Жалбоподател,,
0a49d68a-80b2-4aa9-932f-01eed9517d70,6193,2026,Административно дело,Административен съд - София-град,УО ОПРР 2014-2020,Ответник,,
0217ce5f-d721-4d65-ab2b-abfbf1f7227d,648,2026,Частно наказателно дело,Районен съд - Благоевград,Районна прокуратура - Благоевград,Вносител,,
541569ab-febf-4be8-9660-7bb6d64aa5af,804,2026,Частно наказателно дело,Районен съд - Русе,Районна прокуратура - Русе,Вносител,,
541569ab-febf-4be8-9660-7bb6d64aa5af,804,2026,Частно наказателно дело,Районен съд - Русе,В.П.П.,Обвинител,,
541569ab-febf-4be8-9660-7bb6d64aa5af,804,2026,Частно наказателно дело,Районен съд - Русе,Д.М.А.,Осъден,,
541569ab-febf-4be8-9660-7bb6d64aa5af,804,2026,Частно наказателно дело,Районен съд - Русе,А.П.К.,Служебен защитник,,
9da645e2-5f3c-4104-b4fa-218b9002525d,652,2026,Частно гражданско дело,Районен съд - Кърджали,ТИ БИ АЙ Банк ЕАД,Заявител,,
9da645e2-5f3c-4104-b4fa-218b9002525d,652,2026,Частно гражданско дело,Районен съд - Кърджали,Д.П.П.,Длъжник,,
9da645e2-5f3c-4104-b4fa-218b9002525d,652,2026,Частно гражданско дело,Районен съд - Кърджали,Д.В.И.,Юрисконсулт,,
8ff179a2-89e6-4c6c-ab26-7518dcfa9f97,473,2026,Частно гражданско дело,Районен съд - Девня,МАКСО БЪЛГАРИЯ АД,Заявител,,
8ff179a2-89e6-4c6c-ab26-7518dcfa9f97,473,2026,Частно гражданско дело,Районен съд - Девня,А.С.И.,Длъжник,,
8ff179a2-89e6-4c6c-ab26-7518dcfa9f97,473,2026,Частно гражданско дело,Районен съд - Девня,А.О.Б.,Пълномощник,,
07a2dfa8-e60a-4f58-9aa3-23d5e34fcb5d,151,2026,Частно наказателно дело,Районен съд - Елин Пелин,Районна прокуратура - Елин Пелин,Вносител,,
07a2dfa8-e60a-4f58-9aa3-23d5e34fcb5d,151,2026,Частно наказателно дело,Районен съд - Елин Пелин,И.Ц.Я.,Освидетелстван,,
07a2dfa8-e60a-4f58-9aa3-23d5e34fcb5d,151,2026,Частно наказателно дело,Районен съд - Елин Пелин,Л.М.Й.,Свидетел,,
07a2dfa8-e60a-4f58-9aa3-23d5e34fcb5d,151,2026,Частно наказателно дело,Районен съд - Елин Пелин,Ц.Д.П.,Вещо лице,,
07a2dfa8-e60a-4f58-9aa3-23d5e34fcb5d,151,2026,Частно наказателно дело,Районен съд - Елин Пелин,М.А.М.,Адвокат,,
0f81b771-b755-40b3-b51c-6eb1a199f252,6192,2026,Административно дело,Административен съд - София-град,Б.С.Б.,Жалбоподател,,
0f81b771-b755-40b3-b51c-6eb1a199f252,6192,2026,Административно дело,Административен съд - София-град,ОТДЕЛ МИГРАЦИЯ СДВР,Ответник,,
5b5e527e-fe1c-4808-9653-d28ebdbc3a46,647,2026,Частно наказателно дело,Районен съд - Благоевград,Районна прокуратура - Благоевград,Вносител,,
f676e68d-916e-43ac-a5cd-efeb123dfa22,606,2026,Въззивно частно гражданско дело,Софийски окръжен съд,О.С.С.,Ищец,,
f676e68d-916e-43ac-a5cd-efeb123dfa22,606,2026,Въззивно частно гражданско дело,Софийски окръжен съд,И.Т.И.,Обвинител,,
f676e68d-916e-43ac-a5cd-efeb123dfa22,606,2026,Въззивно частно гражданско дело,Софийски окръжен съд,С.Р.С.,Ответник,,
f676e68d-916e-43ac-a5cd-efeb123dfa22,606,2026,Въззивно частно гражданско дело,Софийски окръжен съд,Районен съд – Костинброд,Друго,,
f676e68d-916e-43ac-a5cd-efeb123dfa22,606,2026,Въззивно частно гражданско дело,Софийски окръжен съд,Л.Н.,Пълномощник,,
f676e68d-916e-43ac-a5cd-efeb123dfa22,606,2026,Въззивно частно гражданско дело,Софийски окръжен съд,Районна прокуратура - Костинброд,Страна,,
4c33fae3-0b65-499a-a5eb-a8de5bc96192,1005,2026,Наказателно дело от общ характер,Окръжен съд - Пловдив,Окръжна прокуратура - Пловдив,Вносител,,
4c33fae3-0b65-499a-a5eb-a8de5bc96192,1005,2026,Наказателно дело от общ характер,Окръжен съд - Пловдив,Р.Н.К.,Обвинител,,
4c33fae3-0b65-499a-a5eb-a8de5bc96192,1005,2026,Наказателно дело от общ характер,Окръжен съд - Пловдив,Б.И.Д.,Обвиняем,,
4c33fae3-0b65-499a-a5eb-a8de5bc96192,1005,2026,Наказателно дело от общ характер,Окръжен съд - Пловдив,Н.И.С.,Защитник,,
29fae035-0107-486b-874d-5e3bcf4f355f,646,2026,Частно наказателно дело,Районен съд - Благоевград,Районна прокуратура - Благоевград,Вносител,,
d39a20af-6571-4ae2-9b1c-26eacc641034,645,2026,Частно наказателно дело,Районен съд - Благоевград,Районна прокуратура - Благоевград,Вносител,,
d39a20af-6571-4ae2-9b1c-26eacc641034,645,2026,Частно наказателно дело,Районен съд - Благоевград,П.Л.М.,Обвинител,,
d39a20af-6571-4ae2-9b1c-26eacc641034,645,2026,Частно наказателно дело,Районен съд - Благоевград,Е.З.М.,Осъден,,
d39a20af-6571-4ae2-9b1c-26eacc641034,645,2026,Частно наказателно дело,Районен съд - Благоевград,Н.К.Г.,Адвокат,,
1f789518-99eb-484e-9297-56432defc406,1074,2026,Частно гражданско дело,Районен съд - Ловеч,ТИ БИ АЙ Банк ЕАД,Заявител,,
1f789518-99eb-484e-9297-56432defc406,1074,2026,Частно гражданско дело,Районен съд - Ловеч,Д.П.П.,Длъжник,,
1f789518-99eb-484e-9297-56432defc406,1074,2026,Частно гражданско дело,Районен съд - Ловеч,Д.В.И.,Юрисконсулт,,
01892e52-e7dd-4a68-9021-a89c415e9275,1004,2026,Въззивно частно наказателно дело,Окръжен съд - Пловдив,И.Р.Р.,Жалбоподател-подсъдим,,
01892e52-e7dd-4a68-9021-a89c415e9275,1004,2026,Въззивно частно наказателно дело,Окръжен съд - Пловдив,Й.Л.Л.,Адвокат,Йорданка Любомирова Ловчева,
68fae73f-686a-4c47-a3cd-30f196ac9a1e,644,2026,Наказателно от частен характер дело,Районен съд - Благоевград,В.С.Ц.,Тъжител,,
68fae73f-686a-4c47-a3cd-30f196ac9a1e,644,2026,Наказателно от частен характер дело,Районен съд - Благоевград,С.И.Р.,Подсъдим,,
68fae73f-686a-4c47-a3cd-30f196ac9a1e,644,2026,Наказателно от частен характер дело,Районен съд - Благоевград,Б.П.Н.,Адвокат,,
68fae73f-686a-4c47-a3cd-30f196ac9a1e,644,2026,Наказателно от частен характер дело,Районен съд - Благоевград,В.З.У.,Адвокат,,
68fae73f-686a-4c47-a3cd-30f196ac9a1e,644,2026,Наказателно от частен характер дело,Районен съд - Благоевград,Д.С.Т.,Адвокат,,
99ed7fe8-7e4b-43f6-98de-aeb3a0940de3,956,2026,Гражданско дело,Районен съд - Карлово,А.Е.П.,Ищец,,
99ed7fe8-7e4b-43f6-98de-aeb3a0940de3,956,2026,Гражданско дело,Районен съд - Карлово,Н.А.П.,Ответник,,
99ed7fe8-7e4b-43f6-98de-aeb3a0940de3,956,2026,Гражданско дело,Районен съд - Карлово,С.П.П.,Пълномощник,,
99ed7fe8-7e4b-43f6-98de-aeb3a0940de3,956,2026,Гражданско дело,Районен съд - Карлово,АДВОКАТСКА КОЛЕГИЯ - ПЛОВДИВ,Друго,,
99ed7fe8-7e4b-43f6-98de-aeb3a0940de3,956,2026,Гражданско дело,Районен съд - Карлово,П.Н.М.,Особен представител,,
bc3ded0b-36f8-4ac7-a917-9b9cf43f07b0,6191,2026,Административно дело,Административен съд - София-град,М.В.Д.,Жалбоподател,,
bc3ded0b-36f8-4ac7-a917-9b9cf43f07b0,6191,2026,Административно дело,Административен съд - София-град,ТД НАП,Ответник,,
37f346d5-ea1d-444a-875b-6c6dc7deab0f,910,2026,Частно гражданско дело,Районен съд - Белоградчик,БЕСТ Кепитъл България ЕАД,Заявител,,
37f346d5-ea1d-444a-875b-6c6dc7deab0f,910,2026,Частно гражданско дело,Районен съд - Белоградчик,А.Н.А.,Длъжник,,
37f346d5-ea1d-444a-875b-6c6dc7deab0f,910,2026,Частно гражданско дело,Районен съд - Белоградчик,Б.И.К.,Пълномощник,,
a39dd57e-a198-4ee8-9500-a03103e74269,5508,2026,Частно гражданско дело,Районен съд - Перник,АПС БЕТА БЪЛГАРИЯ ЕООД,Заявител,,
a39dd57e-a198-4ee8-9500-a03103e74269,5508,2026,Частно гражданско дело,Районен съд - Перник,Г.С.Г.,Длъжник,,
a39dd57e-a198-4ee8-9500-a03103e74269,5508,2026,Частно гражданско дело,Районен съд - Перник,П.Ф.Ц.,Юрисконсулт,,
a39dd57e-a198-4ee8-9500-a03103e74269,5508,2026,Частно гражданско дело,Районен съд - Перник,Х.М.М.,Законен представител,,
a39dd57e-a198-4ee8-9500-a03103e74269,5508,2026,Частно гражданско дело,Районен съд - Перник,П.В.,Законен представител,,
8b083836-e448-4ff2-9257-60a37362bff8,631,2026,Гражданско дело,Районен съд - Разлог,Д.Т.П.,Ищец,Мира Димитрова Гайтанджиева,
8b083836-e448-4ff2-9257-60a37362bff8,631,2026,Гражданско дело,Районен съд - Разлог,М.Д.В.,Ответник,,
8b083836-e448-4ff2-9257-60a37362bff8,631,2026,Гражданско дело,Районен съд - Разлог,"Дирекция ""Социално подпомагане"" Разлог-отдел ""Закрила на детето""",Заинтересована страна,,
41b5454d-bc32-4bd7-8249-800d7bf7ab89,6190,2026,Административно дело,Административен съд - София-град,МИНИСТЕРСТВО НА ОБРАЗОВАНИЕТО И НАУКАТА,Жалбоподател,,
41b5454d-bc32-4bd7-8249-800d7bf7ab89,6190,2026,Административно дело,Административен съд - София-град,Ръководител на Управляващия орган на Оперативна програма „Региони в растеж“ 2014-2020 (ОПРР).,Ответник,,
41b5454d-bc32-4bd7-8249-800d7bf7ab89,6190,2026,Административно дело,Административен съд - София-град,СГП,Друго,,
81d575dc-c191-4677-8355-c64681a3cb24,84,2026,Търговско дело,Окръжен съд - Добрич,999 - ИВ. АСЕНОВ ЕООД,Ищец,,
81d575dc-c191-4677-8355-c64681a3cb24,84,2026,Търговско дело,Окръжен съд - Добрич,ЗП ГАЛИН САШЕВ ЯНКОВ,Ответник,,
81d575dc-c191-4677-8355-c64681a3cb24,84,2026,Търговско дело,Окръжен съд - Добрич,Д.С.А.,Адвокат,Десислава Стефанова Ангелова,
81d575dc-c191-4677-8355-c64681a3cb24,84,2026,Търговско дело,Окръжен съд - Добрич,Д.И.Д.,Адвокат,Диана Илиева Далакманска,
170cdf60-87f9-45cd-9853-6fe8e65c6bf9,2850,2026,Административно наказателно дело,Районен съд - Пловдив,ЛАТЕКОЕР БЪЛГАРИЯ ЕООД,Жалбоподател,,
170cdf60-87f9-45cd-9853-6fe8e65c6bf9,2850,2026,Административно наказателно дело,Районен съд - Пловдив,В.Я.,Адвокат,,
170cdf60-87f9-45cd-9853-6fe8e65c6bf9,2850,2026,Административно наказателно дело,Районен съд - Пловдив,ЗАМЕСТНИК ДИРЕКТОР НА ТД МИТНИЦА СОФИЯ НА АГЕНЦИЯ МИТНИЦИ,Админ.наказ.орган,,
170cdf60-87f9-45cd-9853-6fe8e65c6bf9,2850,2026,Административно наказателно дело,Районен съд - Пловдив,Д.Д.К.,Актосъставител,,
170cdf60-87f9-45cd-9853-6fe8e65c6bf9,2850,2026,Административно наказателно дело,Районен съд - Пловдив,С.Д.С.,Процесуален представител,,
04f21ca5-156c-4a1f-a912-56a4b6f507ac,14367,2026,Гражданско дело,Софийски районен съд,К.Н.Й.,Ищец,,
04f21ca5-156c-4a1f-a912-56a4b6f507ac,14367,2026,Гражданско дело,Софийски районен съд,"ДОЙЧЕ ЛУФТХАНЗА АД, чрез ТЪРГОВСКО ПРЕДСТАВИТЕЛСТВО ДОЙЧЕ ЛУФТХАНЗА",Ответник,,
04f21ca5-156c-4a1f-a912-56a4b6f507ac,14367,2026,Гражданско дело,Софийски районен съд,А.А.Д.,Адвокат,Аделина Атанасова Демирева,
04f21ca5-156c-4a1f-a912-56a4b6f507ac,14367,2026,Гражданско дело,Софийски районен съд,Н.И.Й.,Законен представител,,
04f21ca5-156c-4a1f-a912-56a4b6f507ac,14367,2026,Гражданско дело,Софийски районен съд,И.Б.Й.,Законен представител,,
ebc03cce-9d9f-4f4e-a75c-8ff1b4ed213e,406,2026,Частно гражданско дело,Районен съд - Провадия,Мото-Пфое Лизинг ЕООД,Заявител,,
ebc03cce-9d9f-4f4e-a75c-8ff1b4ed213e,406,2026,Частно гражданско дело,Районен съд - Провадия,"""НЮ АЙДИАС ПАРТНЪРС"" ЕООД",Длъжник,,
ebc03cce-9d9f-4f4e-a75c-8ff1b4ed213e,406,2026,Частно гражданско дело,Районен съд - Провадия,Д.И.Г.,Адвокат,Димитър Иванов Гъдев,
ebc03cce-9d9f-4f4e-a75c-8ff1b4ed213e,406,2026,Частно гражданско дело,Районен съд - Провадия,Й.В.,Друго,,
cc3c03c0-7177-417e-8b47-d88b5cf389de,1532,2026,Частно гражданско дело,Районен съд - Габрово,"""Водоснабдяване и канализационни услуги"" ЕООД гр. София",Кредитор,,
cc3c03c0-7177-417e-8b47-d88b5cf389de,1532,2026,Частно гражданско дело,Районен съд - Габрово,Н.М.С.,Длъжник,,
cc3c03c0-7177-417e-8b47-d88b5cf389de,1532,2026,Частно гражданско дело,Районен съд - Габрово,П.Н.Х.,Адвокат,Петя Нейчева Харизанова,
cc3c03c0-7177-417e-8b47-d88b5cf389de,1532,2026,Частно гражданско дело,Районен съд - Габрово,Р.С.И.,Законен представител,,
ee7d81c8-d959-44a2-bf28-b8bea3fac67f,748,2026,Частно гражданско дело,Районен съд - Ген. Тошево,МАКРОАДВАНС АД,Заявител,,
ee7d81c8-d959-44a2-bf28-b8bea3fac67f,748,2026,Частно гражданско дело,Районен съд - Ген. Тошево,М.О.Ш.,Длъжник,,
ee7d81c8-d959-44a2-bf28-b8bea3fac67f,748,2026,Частно гражданско дело,Районен съд - Ген. Тошево,К.К.Г.,Пълномощник,,
4248436b-ccb1-4ff4-946d-43eea168f52c,483,2026,Гражданско дело,Районен съд - Луковит,В.Н.В.,Ищец,,
4248436b-ccb1-4ff4-946d-43eea168f52c,483,2026,Гражданско дело,Районен съд - Луковит,ТИ БИ АЙ Банк ЕАД,Ответник,,
4248436b-ccb1-4ff4-946d-43eea168f52c,483,2026,Гражданско дело,Районен съд - Луковит,Х.Ц.Р.,Адвокат,,
93bdf4c8-79c6-4eb2-8136-dd1e27f55ef4,170,2026,Наказателно дело от общ характер,Районен съд - Луковит,ТО-Луковит към РП-Ловеч,Обвинител,,
93bdf4c8-79c6-4eb2-8136-dd1e27f55ef4,170,2026,Наказателно дело от общ характер,Районен съд - Луковит,П.М.Г.,Обвинител,,
93bdf4c8-79c6-4eb2-8136-dd1e27f55ef4,170,2026,Наказателно дело от общ характер,Районен съд - Луковит,Н.М.Н.,Подсъдим,,
93bdf4c8-79c6-4eb2-8136-dd1e27f55ef4,170,2026,Наказателно дело от общ характер,Районен съд - Луковит,С.К.Х.,Адвокат,,
93bdf4c8-79c6-4eb2-8136-dd1e27f55ef4,170,2026,Наказателно дело от общ характер,Районен съд - Луковит,Районно управление ”Полиция” - Луковит,Друго,,
b811edde-164c-4ba8-90ca-0d8243cd3f96,14366,2026,Гражданско дело,Софийски районен съд,БРЕД ЛОГИСТИК СОФИЯ ЕООД,Ищец,,
b811edde-164c-4ba8-90ca-0d8243cd3f96,14366,2026,Гражданско дело,Софийски районен съд,ЮРОБАНК БЪЛГАРИЯ АД,Ответник,,
b811edde-164c-4ba8-90ca-0d8243cd3f96,14366,2026,Гражданско дело,Софийски районен съд,К.С.П.,Адвокат,,
553ea009-23a0-4bf6-a9a3-b4d03b1b4bdd,1305,2026,Гражданско дело,Районен съд - Лом,ПРОФИ КРЕДИТ БЪЛГАРИЯ ЕООД,Ищец,,
553ea009-23a0-4bf6-a9a3-b4d03b1b4bdd,1305,2026,Гражданско дело,Районен съд - Лом,Л.М.В.Ц.,Ответник,,
553ea009-23a0-4bf6-a9a3-b4d03b1b4bdd,1305,2026,Гражданско дело,Районен съд - Лом,Е.К.,Юрисконсулт,,
1be3509c-02f1-4c4b-9d1f-66c65c5d8e35,5507,2026,Частно гражданско дело,Районен съд - Перник,АПС БЕТА БЪЛГАРИЯ ЕООД,Заявител,,
1be3509c-02f1-4c4b-9d1f-66c65c5d8e35,5507,2026,Частно гражданско дело,Районен съд - Перник,Г.И.Д.,Длъжник,,
1be3509c-02f1-4c4b-9d1f-66c65c5d8e35,5507,2026,Частно гражданско дело,Районен съд - Перник,П.Ф.Ц.,Юрисконсулт,,
1be3509c-02f1-4c4b-9d1f-66c65c5d8e35,5507,2026,Частно гражданско дело,Районен съд - Перник,Х.М.М.,Законен представител,,
1be3509c-02f1-4c4b-9d1f-66c65c5d8e35,5507,2026,Частно гражданско дело,Районен съд - Перник,П.В.,Законен представител,,
18dd1342-49ba-49ac-864a-efebd0addc3f,356,2026,Частно гражданско дело,Районен съд - Ихтиман,БЕСТ Кепитъл България ЕАД,Заявител,,
18dd1342-49ba-49ac-864a-efebd0addc3f,356,2026,Частно гражданско дело,Районен съд - Ихтиман,А.И.Д.,Длъжник,,
18dd1342-49ba-49ac-864a-efebd0addc3f,356,2026,Частно гражданско дело,Районен съд - Ихтиман,Б.И.К.,Пълномощник,,
f014b2a1-9c1a-4986-9982-61cc0f6f3d50,564,2026,Частно гражданско дело,Районен съд - Балчик,А1 България ЕАД,Заявител,,
f014b2a1-9c1a-4986-9982-61cc0f6f3d50,564,2026,Частно гражданско дело,Районен съд - Балчик,А.Ц.Й.,Длъжник,,
f014b2a1-9c1a-4986-9982-61cc0f6f3d50,564,2026,Частно гражданско дело,Районен съд - Балчик,М.М.К.,Представител,,
18700465-5008-40ce-9fbf-40d3a08bd972,1126,2026,Частно гражданско дело,Районен съд - Елин Пелин,ЕЙ УАН ВИЖЪН ЕООД,Заявител,,
18700465-5008-40ce-9fbf-40d3a08bd972,1126,2026,Частно гражданско дело,Районен съд - Елин Пелин,И.Н.Г.,Длъжник,,
18700465-5008-40ce-9fbf-40d3a08bd972,1126,2026,Частно гражданско дело,Районен съд - Елин Пелин,Р.С.,Юрисконсулт,,
5774882a-363f-4dc2-96be-4aafdaef07bf,14365,2026,Гражданско дело,Софийски районен съд,ТОПЛОФИКАЦИЯ СОФИЯ ЕАД,Ищец,,
5774882a-363f-4dc2-96be-4aafdaef07bf,14365,2026,Гражданско дело,Софийски районен съд,А.К.,Ответник,,
ab0d7e5a-e341-4876-9e52-cff7772c0581,349,2026,Административно наказателно дело,Районен съд - Силистра,И.К.К.,Жалбоподател,,
ab0d7e5a-e341-4876-9e52-cff7772c0581,349,2026,Административно наказателно дело,Районен съд - Силистра,"НАЧАЛНИК ГРУПА В ОДМВР - СИЛИСТРА, СЕКТОР ПЪТНА ПОЛИЦИЯ",Админ.наказ.орган,,
ab0d7e5a-e341-4876-9e52-cff7772c0581,349,2026,Административно наказателно дело,Районен съд - Силистра,В.Ж.М.,Адвокат,,
d444e544-094a-455d-b0a0-3652951725df,482,2026,Гражданско дело,Районен съд - Луковит,ЕНЕРГО-ПРО ПРОДАЖБИ АД,Ищец,,
d444e544-094a-455d-b0a0-3652951725df,482,2026,Гражданско дело,Районен съд - Луковит,С.С.М.,Ответник,,
d444e544-094a-455d-b0a0-3652951725df,482,2026,Гражданско дело,Районен съд - Луковит,Районен съд – Шумен,Друго,,
5a552d98-af33-4ba6-b8e8-f0b6634ded4f,348,2026,Административно наказателно дело,Районен съд - Силистра,И.К.К.,Жалбоподател,,
5a552d98-af33-4ba6-b8e8-f0b6634ded4f,348,2026,Административно наказателно дело,Районен съд - Силистра,"НАЧАЛНИК ГРУПА В ОДМВР - СИЛИСТРА, СЕКТОР ПЪТНА ПОЛИЦИЯ",Админ.наказ.орган,,
5a552d98-af33-4ba6-b8e8-f0b6634ded4f,348,2026,Административно наказателно дело,Районен съд - Силистра,В.Ж.М.,Адвокат,,
5a552d98-af33-4ba6-b8e8-f0b6634ded4f,348,2026,Административно наказателно дело,Районен съд - Силистра,Районна прокуратура - Силистра,Страна,,
5a552d98-af33-4ba6-b8e8-f0b6634ded4f,348,2026,Административно наказателно дело,Районен съд - Силистра,Г.Т.К.,Актосъставител,,
5a552d98-af33-4ba6-b8e8-f0b6634ded4f,348,2026,Административно наказателно дело,Районен съд - Силистра,П.Г.И.,Свидетел,,
5a552d98-af33-4ba6-b8e8-f0b6634ded4f,348,2026,Административно наказателно дело,Районен съд - Силистра,В.П.А.,Юрисконсулт,,
7d085538-fb75-4825-bf04-3f1a5dbb0283,557,2026,Частно гражданско дело,Районен съд - Велики Преслав,Обединена Българска Банка АД,Заявител,,
7d085538-fb75-4825-bf04-3f1a5dbb0283,557,2026,Частно гражданско дело,Районен съд - Велики Преслав,В.Й.И.,Длъжник,,
7d085538-fb75-4825-bf04-3f1a5dbb0283,557,2026,Частно гражданско дело,Районен съд - Велики Преслав,Б.С.М.,Юрисконсулт,,
09182b28-a7a7-48a3-af77-7cb296e893fd,355,2026,Частно гражданско дело,Районен съд - Ихтиман,ТИ БИ АЙ Банк ЕАД,Заявител,,
09182b28-a7a7-48a3-af77-7cb296e893fd,355,2026,Частно гражданско дело,Районен съд - Ихтиман,Д.Г.И.,Длъжник,,
09182b28-a7a7-48a3-af77-7cb296e893fd,355,2026,Частно гражданско дело,Районен съд - Ихтиман,Д.В.И.,Юрисконсулт,,
07a4678e-85cf-4ce3-b206-5f6552dc1961,14364,2026,Гражданско дело,Софийски районен съд,ТОПЛОФИКАЦИЯ СОФИЯ ЕАД,Ищец,,
07a4678e-85cf-4ce3-b206-5f6552dc1961,14364,2026,Гражданско дело,Софийски районен съд,Ю.К.,Ответник,,
61e874f9-4fdb-4638-bda7-f8b681daca47,531,2026,Частно наказателно дело,Районен съд - Дупница,ТО-Дупница към РП-Кюстендил,Вносител,,
61e874f9-4fdb-4638-bda7-f8b681daca47,531,2026,Частно наказателно дело,Районен съд - Дупница,"ЕТ ""КИРИЛ ЛОНДРЕВ""",Страна,,
fa66c436-65ed-48c8-b72c-58fd7128c09c,665,2026,Частно гражданско дело,Районен съд - Айтос,БЕСТ Кепитъл България ЕАД,Заявител,,
fa66c436-65ed-48c8-b72c-58fd7128c09c,665,2026,Частно гражданско дело,Районен съд - Айтос,А.М.М.,Длъжник,,
fa66c436-65ed-48c8-b72c-58fd7128c09c,665,2026,Частно гражданско дело,Районен съд - Айтос,Б.И.К.,Пълномощник,,
c9b81ffb-d53c-42be-b9e4-49c7d903bde5,1109,2026,Административно наказателно дело,Районен съд - Плевен,ОХРИД Експрес ЕООД,Жалбоподател,,
c9b81ffb-d53c-42be-b9e4-49c7d903bde5,1109,2026,Административно наказателно дело,Районен съд - Плевен,Д.И.Й.,Актосъставител,,
c9b81ffb-d53c-42be-b9e4-49c7d903bde5,1109,2026,Административно наказателно дело,Районен съд - Плевен,П.М.Т.,Свидетел,,
c9b81ffb-d53c-42be-b9e4-49c7d903bde5,1109,2026,Административно наказателно дело,Районен съд - Плевен,П.Н.И.,Свидетел,,
c9b81ffb-d53c-42be-b9e4-49c7d903bde5,1109,2026,Административно наказателно дело,Районен съд - Плевен,Н.Т.Д.,Пълномощник,,
c9b81ffb-d53c-42be-b9e4-49c7d903bde5,1109,2026,Административно наказателно дело,Районен съд - Плевен,ДИРЕКТОР НА ДИРЕКЦИЯ ИНСПЕКЦИЯ ПО ТРУДА,Админ.наказ.орган,,
eae154d7-42c8-4efb-8a04-78b5c5563dc6,530,2026,Частно наказателно дело,Районен съд - Дупница,ТО-Дупница към РП-Кюстендил,Вносител,,
eae154d7-42c8-4efb-8a04-78b5c5563dc6,530,2026,Частно наказателно дело,Районен съд - Дупница,"ЕТ ""ДАНИЕЛ КОСТАДИНОВ-КРИСИ""",Страна,,
153e5015-a8b4-4ed8-92b0-6e406fbd3561,595,2026,Частно гражданско дело,Районен съд - Царево,"""Водоснабдяване и канализационни услуги"" ЕООД гр. София",Заявител,,
153e5015-a8b4-4ed8-92b0-6e406fbd3561,595,2026,Частно гражданско дело,Районен съд - Царево,Ц.К.М.,Длъжник,,
153e5015-a8b4-4ed8-92b0-6e406fbd3561,595,2026,Частно гражданско дело,Районен съд - Царево,П.Н.Х.,Адвокат,Петя Нейчева Харизанова,
153e5015-a8b4-4ed8-92b0-6e406fbd3561,595,2026,Частно гражданско дело,Районен съд - Царево,Р.С.И.,Законен представител,,
3905cba4-7b54-46f6-9b13-a931c11112b3,6189,2026,Административно дело,Административен съд - София-град,Ш.Д.А.,Жалбоподател,,
3905cba4-7b54-46f6-9b13-a931c11112b3,6189,2026,Административно дело,Административен съд - София-град,И.О.Д.А.З.Б.М.С.,Ответник,,
3905cba4-7b54-46f6-9b13-a931c11112b3,6189,2026,Административно дело,Административен съд - София-град,СГП,Друго,,
3905cba4-7b54-46f6-9b13-a931c11112b3,6189,2026,Административно дело,Административен съд - София-град,К.А.К.,Адвокат,Калин Анастасов Кашеров,
3905cba4-7b54-46f6-9b13-a931c11112b3,6189,2026,Административно дело,Административен съд - София-град,Д.Т.,Преводач,,
a2e21c25-5956-4a99-b704-f978dafdd322,829,2026,Частно наказателно дело,Окръжен съд - Варна,Окръжна прокуратура - Варна,Вносител,,
a2e21c25-5956-4a99-b704-f978dafdd322,829,2026,Частно наказателно дело,Окръжен съд - Варна,К.Н.Н.,Лице по принудително действие,,
33bcbb3f-bc7f-4d72-be2e-f15151cceefe,594,2026,Частно гражданско дело,Районен съд - Царево,"""Водоснабдяване и канализационни услуги"" ЕООД гр. София",Заявител,,
33bcbb3f-bc7f-4d72-be2e-f15151cceefe,594,2026,Частно гражданско дело,Районен съд - Царево,Т.А.Н.,Длъжник,,
33bcbb3f-bc7f-4d72-be2e-f15151cceefe,594,2026,Частно гражданско дело,Районен съд - Царево,П.Н.Х.,Адвокат,Петя Нейчева Харизанова,
33bcbb3f-bc7f-4d72-be2e-f15151cceefe,594,2026,Частно гражданско дело,Районен съд - Царево,Р.С.И.,Законен представител,,
8a3a546a-bec5-4e38-8cf1-c3a8b7f2aa2e,1125,2026,Частно гражданско дело,Районен съд - Елин Пелин,ЕЙ УАН ВИЖЪН ЕООД,Заявител,,
8a3a546a-bec5-4e38-8cf1-c3a8b7f2aa2e,1125,2026,Частно гражданско дело,Районен съд - Елин Пелин,И.И.А.,Длъжник,,
8a3a546a-bec5-4e38-8cf1-c3a8b7f2aa2e,1125,2026,Частно гражданско дело,Районен съд - Елин Пелин,Р.С.,Юрисконсулт,,
3c553cc3-61b3-421b-9667-0d110df1d030,1073,2026,Частно гражданско дело,Районен съд - Ловеч,Топлофикация София ЕАД,Заявител,,
3c553cc3-61b3-421b-9667-0d110df1d030,1073,2026,Частно гражданско дело,Районен съд - Ловеч,Р.Л.К.,Длъжник,,
3c553cc3-61b3-421b-9667-0d110df1d030,1073,2026,Частно гражданско дело,Районен съд - Ловеч,Р.Д.Д.К.,Длъжник,,
3c553cc3-61b3-421b-9667-0d110df1d030,1073,2026,Частно гражданско дело,Районен съд - Ловеч,Е.Г.К.,Длъжник,,
3c553cc3-61b3-421b-9667-0d110df1d030,1073,2026,Частно гражданско дело,Районен съд - Ловеч,Л.И.Ц.,Длъжник,,
3c553cc3-61b3-421b-9667-0d110df1d030,1073,2026,Частно гражданско дело,Районен съд - Ловеч,Д.И.Ц.,Длъжник,,
3c553cc3-61b3-421b-9667-0d110df1d030,1073,2026,Частно гражданско дело,Районен съд - Ловеч,В.Й.К.,Длъжник,,
3c553cc3-61b3-421b-9667-0d110df1d030,1073,2026,Частно гражданско дело,Районен съд - Ловеч,Р.Ц.С.,Длъжник,,
3c553cc3-61b3-421b-9667-0d110df1d030,1073,2026,Частно гражданско дело,Районен съд - Ловеч,Х.К.М.,Длъжник,,
3c553cc3-61b3-421b-9667-0d110df1d030,1073,2026,Частно гражданско дело,Районен съд - Ловеч,М.К.М.,Длъжник,,
3c553cc3-61b3-421b-9667-0d110df1d030,1073,2026,Частно гражданско дело,Районен съд - Ловеч,Д.Б.Б.,Пълномощник,,
3c553cc3-61b3-421b-9667-0d110df1d030,1073,2026,Частно гражданско дело,Районен съд - Ловеч,П.Р.П.,Представляващ,,
3c553cc3-61b3-421b-9667-0d110df1d030,1073,2026,Частно гражданско дело,Районен съд - Ловеч,Р.Д.Г.,Представляващ,,
c667d772-d899-4776-a572-954419a384a6,347,2026,Административно наказателно дело,Районен съд - Силистра,И.К.К.,Жалбоподател,,
c667d772-d899-4776-a572-954419a384a6,347,2026,Административно наказателно дело,Районен съд - Силистра,"НАЧАЛНИК ГРУПА В ОДМВР - СИЛИСТРА, СЕКТОР ПЪТНА ПОЛИЦИЯ",Админ.наказ.орган,,
c667d772-d899-4776-a572-954419a384a6,347,2026,Административно наказателно дело,Районен съд - Силистра,В.Ж.М.,Адвокат,,
c667d772-d899-4776-a572-954419a384a6,347,2026,Административно наказателно дело,Районен съд - Силистра,Районна прокуратура - Силистра,Страна,,
c667d772-d899-4776-a572-954419a384a6,347,2026,Административно наказателно дело,Районен съд - Силистра,Г.Т.К.,Актосъставител,,
c667d772-d899-4776-a572-954419a384a6,347,2026,Административно наказателно дело,Районен съд - Силистра,П.Г.И.,Свидетел,,
c667d772-d899-4776-a572-954419a384a6,347,2026,Административно наказателно дело,Районен съд - Силистра,В.П.А.,Юрисконсулт,,
296fb95f-7b76-4441-9898-5fbbf1b849b6,2797,2026,Частно гражданско дело,Районен съд - Шумен,БЕСТ Кепитъл България ЕАД,Заявител,,
296fb95f-7b76-4441-9898-5fbbf1b849b6,2797,2026,Частно гражданско дело,Районен съд - Шумен,Д.В.К.,Длъжник,,
296fb95f-7b76-4441-9898-5fbbf1b849b6,2797,2026,Частно гражданско дело,Районен съд - Шумен,С.С.П.,Пълномощник,,
cf0ab741-8a81-4f84-8be0-d2e784a7130c,1125,2026,Частно гражданско дело,Районен съд - Бяла Слатина,ТИ БИ АЙ Банк ЕАД,Заявител,,
cf0ab741-8a81-4f84-8be0-d2e784a7130c,1125,2026,Частно гражданско дело,Районен съд - Бяла Слатина,Г.Н.К.,Длъжник,,
cf0ab741-8a81-4f84-8be0-d2e784a7130c,1125,2026,Частно гражданско дело,Районен съд - Бяла Слатина,Д.В.И.,Юрисконсулт,,
2a9b6316-daad-4dff-ab17-0d2d78c10bde,14363,2026,Гражданско дело,Софийски районен съд,ТОПЛОФИКАЦИЯ СОФИЯ ЕАД,Ищец,,
2a9b6316-daad-4dff-ab17-0d2d78c10bde,14363,2026,Гражданско дело,Софийски районен съд,М.Р.Т.,Наследодател,,
728b0a24-f25f-470e-9102-5e6e18f40d29,1072,2026,Частно гражданско дело,Районен съд - Ловеч,ЕОС МАТРИКС ЕАД,Заявител,,
728b0a24-f25f-470e-9102-5e6e18f40d29,1072,2026,Частно гражданско дело,Районен съд - Ловеч,Е.Р.Б.,Длъжник,,
728b0a24-f25f-470e-9102-5e6e18f40d29,1072,2026,Частно гражданско дело,Районен съд - Ловеч,Р.Ж.М.,Адвокат,Росица Живкова Маврова,
d7b35df2-6d25-4696-bacc-301c120c94c9,1108,2026,Административно наказателно дело,Районен съд - Плевен,ЕТ ВЕСЕЛКА ХРИСТОВА - ФАВОРИТ,Жалбоподател,,
248d2603-5a0f-4157-a861-a8cd752f88b9,747,2026,Частно гражданско дело,Районен съд - Своге,Регионална дирекция за социално подпомагане - Пазарджик,Заявител,,
248d2603-5a0f-4157-a861-a8cd752f88b9,747,2026,Частно гражданско дело,Районен съд - Своге,Дирекция социално подопомагане - Септември,Кредитор,,
248d2603-5a0f-4157-a861-a8cd752f88b9,747,2026,Частно гражданско дело,Районен съд - Своге,Е.Н.Б.,Длъжник,,
248d2603-5a0f-4157-a861-a8cd752f88b9,747,2026,Частно гражданско дело,Районен съд - Своге,Д.Е.Д.,Представител,,
11aeaddd-28bc-4979-a94c-493e5e82a0b3,2175,2026,Частно гражданско дело,Районен съд - Кюстендил,БЕСТ Кепитъл България ЕАД,Заявител,,
11aeaddd-28bc-4979-a94c-493e5e82a0b3,2175,2026,Частно гражданско дело,Районен съд - Кюстендил,И.Е.С.,Длъжник,,
11aeaddd-28bc-4979-a94c-493e5e82a0b3,2175,2026,Частно гражданско дело,Районен съд - Кюстендил,В.Л.Л.,Пълномощник,,
f82e9b99-1f39-4819-9e21-0a4580359ebc,909,2026,Частно гражданско дело,Районен съд - Белоградчик,БЕСТ Кепитъл България ЕАД,Заявител,,
f82e9b99-1f39-4819-9e21-0a4580359ebc,909,2026,Частно гражданско дело,Районен съд - Белоградчик,Д.С.М.,Длъжник,,
f82e9b99-1f39-4819-9e21-0a4580359ebc,909,2026,Частно гражданско дело,Районен съд - Белоградчик,С.С.П.,Пълномощник,,
5847a69a-0d00-4782-a0fe-6bd9120fe558,14362,2026,Гражданско дело,Софийски районен съд,Т.Й.Н.,Ищец,,
5847a69a-0d00-4782-a0fe-6bd9120fe558,14362,2026,Гражданско дело,Софийски районен съд,"КМЕТА НА РАЙОН ""ПАНЧАРЕВО"" - СТОЛИЧНА ОБЩИНА",Ответник,,
5847a69a-0d00-4782-a0fe-6bd9120fe558,14362,2026,Гражданско дело,Софийски районен съд,В.Й.С.,Заинтересована страна,,
97dc3991-1f12-484f-80c4-3c4eba7bce59,881,2026,Частно гражданско дело,Районен съд - Котел,БЕСТ Кепитъл България ЕАД,Заявител,,
97dc3991-1f12-484f-80c4-3c4eba7bce59,881,2026,Частно гражданско дело,Районен съд - Котел,А.М.М.,Длъжник,,
97dc3991-1f12-484f-80c4-3c4eba7bce59,881,2026,Частно гражданско дело,Районен съд - Котел,Б.И.К.,Пълномощник,,
eaee2226-f4f9-443f-b6a9-08b967fdc233,481,2026,Частно гражданско дело,Районен съд - Луковит,Банка ДСК АД,Заявител,,
eaee2226-f4f9-443f-b6a9-08b967fdc233,481,2026,Частно гражданско дело,Районен съд - Луковит,Р.В.Х.,Длъжник,,
eaee2226-f4f9-443f-b6a9-08b967fdc233,481,2026,Частно гражданско дело,Районен съд - Луковит,Х.К.П.,Пълномощник,,
209cb1ed-e457-4c6a-85e6-62fc61f4d8e9,1107,2026,Административно наказателно дело,Районен съд - Плевен,Р.Й.З.,Жалбоподател,,
209cb1ed-e457-4c6a-85e6-62fc61f4d8e9,1107,2026,Административно наказателно дело,Районен съд - Плевен,Р.И.И.,Актосъставител,,
209cb1ed-e457-4c6a-85e6-62fc61f4d8e9,1107,2026,Административно наказателно дело,Районен съд - Плевен,М.В.П.,Свидетел,,
209cb1ed-e457-4c6a-85e6-62fc61f4d8e9,1107,2026,Административно наказателно дело,Районен съд - Плевен,"НАЧАЛНИК ГРУПА В ОД МВР - ПЛЕВЕН, РУ 01 ПЛЕВЕН",Админ.наказ.орган,,
209cb1ed-e457-4c6a-85e6-62fc61f4d8e9,1107,2026,Административно наказателно дело,Районен съд - Плевен,И.Н.,Свидетел,,
6462041f-3162-4816-9d85-a27dc5c935fe,346,2026,Административно наказателно дело,Районен съд - Силистра,СЕНОН ТРЕЙД ЕООД,Жалбоподател,,
6462041f-3162-4816-9d85-a27dc5c935fe,346,2026,Административно наказателно дело,Районен съд - Силистра,"Началник на отдел “Оперативни дейности“-Варна, Дирекция „Оперативни дейности“ в ГД „Фиксален контрол“, ЦУ на НАП",Админ.наказ.орган,,
6462041f-3162-4816-9d85-a27dc5c935fe,346,2026,Административно наказателно дело,Районен съд - Силистра,К.С.Х.,Адвокат,,
6462041f-3162-4816-9d85-a27dc5c935fe,346,2026,Административно наказателно дело,Районен съд - Силистра,М.П.П.,Актосъставител,,
6462041f-3162-4816-9d85-a27dc5c935fe,346,2026,Административно наказателно дело,Районен съд - Силистра,И.И.К.,Свидетел,,
6462041f-3162-4816-9d85-a27dc5c935fe,346,2026,Административно наказателно дело,Районен съд - Силистра,Районна прокуратура - Силистра,Страна,,
6462041f-3162-4816-9d85-a27dc5c935fe,346,2026,Административно наказателно дело,Районен съд - Силистра,Н.О.,Юрисконсулт,,
96c66380-dcfe-473f-8c8c-0baa877dfcec,480,2026,Частно гражданско дело,Районен съд - Луковит,БЕСТ Кепитъл България ЕАД,Заявител,,
96c66380-dcfe-473f-8c8c-0baa877dfcec,480,2026,Частно гражданско дело,Районен съд - Луковит,И.Г.И.,Длъжник,,
96c66380-dcfe-473f-8c8c-0baa877dfcec,480,2026,Частно гражданско дело,Районен съд - Луковит,В.Л.Л.,Пълномощник,,
a41d0e73-3d31-4918-89b0-dc99fb41669d,1082,2026,Частно гражданско дело,Районен съд - Разград,Обединена Българска Банка АД,Заявител,,
a41d0e73-3d31-4918-89b0-dc99fb41669d,1082,2026,Частно гражданско дело,Районен съд - Разград,К.К.З.,Длъжник,,
a41d0e73-3d31-4918-89b0-dc99fb41669d,1082,2026,Частно гражданско дело,Районен съд - Разград,Е.В.Н.,Юрисконсулт,,
94992bac-c401-4e68-b8bc-afb5bf16eecb,2091,2026,Частно гражданско дело,Районен съд - Видин,Топлофикация София ЕАД,Заявител,,
94992bac-c401-4e68-b8bc-afb5bf16eecb,2091,2026,Частно гражданско дело,Районен съд - Видин,К.Н.Н.,Длъжник,,
94992bac-c401-4e68-b8bc-afb5bf16eecb,2091,2026,Частно гражданско дело,Районен съд - Видин,Д.Д.Н.,Длъжник,,
94992bac-c401-4e68-b8bc-afb5bf16eecb,2091,2026,Частно гражданско дело,Районен съд - Видин,Д.Б.Б.,Пълномощник,,
94992bac-c401-4e68-b8bc-afb5bf16eecb,2091,2026,Частно гражданско дело,Районен съд - Видин,П.Р.П.,Представляващ,,
94992bac-c401-4e68-b8bc-afb5bf16eecb,2091,2026,Частно гражданско дело,Районен съд - Видин,Р.Д.Г.,Представляващ,,
f51bb465-e15a-4eb4-9c55-ddb8bbca7353,159,2026,Частно наказателно дело,Районен съд - Троян,И.Н.С.,Жалбоподател,,
f51bb465-e15a-4eb4-9c55-ddb8bbca7353,159,2026,Частно наказателно дело,Районен съд - Троян,Окръжна прокуратура - Ловеч,Страна,,
a85e8181-c8ba-4077-bbde-322f744bdf21,3505,2026,Частно гражданско дело,Районен съд - Русе,БЕСТ Кепитъл България ЕАД,Заявител,,
a85e8181-c8ba-4077-bbde-322f744bdf21,3505,2026,Частно гражданско дело,Районен съд - Русе,Д.С.М.,Длъжник,,
a85e8181-c8ba-4077-bbde-322f744bdf21,3505,2026,Частно гражданско дело,Районен съд - Русе,С.С.П.,Пълномощник,,
eb16fe7b-a390-40cf-a1ef-a898513a83bb,785,2026,Частно гражданско дело,Районен съд - Пирдоп,ТИ БИ АЙ Банк ЕАД,Заявител,,
eb16fe7b-a390-40cf-a1ef-a898513a83bb,785,2026,Частно гражданско дело,Районен съд - Пирдоп,Г.Н.К.,Длъжник,,
eb16fe7b-a390-40cf-a1ef-a898513a83bb,785,2026,Частно гражданско дело,Районен съд - Пирдоп,Д.В.И.,Юрисконсулт,,
ae53ca55-4be5-4665-bb30-070f7d09e633,1106,2026,Административно наказателно дело,Районен съд - Плевен,Р.Й.З.,Жалбоподател,,
ae53ca55-4be5-4665-bb30-070f7d09e633,1106,2026,Административно наказателно дело,Районен съд - Плевен,"НАЧАЛНИК ГРУПА В ОД МВР - ПЛЕВЕН, РУ 01 - ПЛЕВЕН",Админ.наказ.орган,,
ae53ca55-4be5-4665-bb30-070f7d09e633,1106,2026,Административно наказателно дело,Районен съд - Плевен,Р.И.И.,Актосъставител,,
ae53ca55-4be5-4665-bb30-070f7d09e633,1106,2026,Административно наказателно дело,Районен съд - Плевен,К.А.Г.,Свидетел,,
8f04cad0-15e5-414f-a542-2e9d79bd8c18,1097,2026,Частно гражданско дело,Районен съд - Смолян,БЕСТ Кепитъл България ЕАД,Заявител,,
8f04cad0-15e5-414f-a542-2e9d79bd8c18,1097,2026,Частно гражданско дело,Районен съд - Смолян,З.П.С.,Длъжник,,
8f04cad0-15e5-414f-a542-2e9d79bd8c18,1097,2026,Частно гражданско дело,Районен съд - Смолян,В.Л.Л.,Пълномощник,,
f6156b83-ad87-4b2a-a938-50d2143893bb,1062,2026,Частно гражданско дело,Районен съд - Гоце Делчев,„ЕОС МАТРИКС” ЕАД,Заявител,,
f6156b83-ad87-4b2a-a938-50d2143893bb,1062,2026,Частно гражданско дело,Районен съд - Гоце Делчев,Г.А.Ш.,Длъжник,,
f6156b83-ad87-4b2a-a938-50d2143893bb,1062,2026,Частно гражданско дело,Районен съд - Гоце Делчев,Ж.Д.Д.,Адвокат,Жельо Денев Денев,
3f101495-3771-4d62-a943-5dc7b085e3f7,1081,2026,Частно гражданско дело,Районен съд - Разград,Сити Кеш ООД,Заявител,,
3f101495-3771-4d62-a943-5dc7b085e3f7,1081,2026,Частно гражданско дело,Районен съд - Разград,Д.З.К.,Длъжник,,
3f101495-3771-4d62-a943-5dc7b085e3f7,1081,2026,Частно гражданско дело,Районен съд - Разград,М.Т.Т.,Юрисконсулт,,
3f823ddb-b80c-49ca-9b59-ec015a375f91,14361,2026,Гражданско дело,Софийски районен съд,ТОПЛОФИКАЦИЯ СОФИЯ ЕАД,Ищец,,
3f823ddb-b80c-49ca-9b59-ec015a375f91,14361,2026,Гражданско дело,Софийски районен съд,А.П.Т.,Ответник,,
3f823ddb-b80c-49ca-9b59-ec015a375f91,14361,2026,Гражданско дело,Софийски районен съд,Н.Л.В.,Ответник,,
3f823ddb-b80c-49ca-9b59-ec015a375f91,14361,2026,Гражданско дело,Софийски районен съд,В.Л.В.,Ответник,,
3f823ddb-b80c-49ca-9b59-ec015a375f91,14361,2026,Гражданско дело,Софийски районен съд,Д.Р.К.,Ответник,,
3f823ddb-b80c-49ca-9b59-ec015a375f91,14361,2026,Гражданско дело,Софийски районен съд,В.Р.Ц.,Ответник,,
3f823ddb-b80c-49ca-9b59-ec015a375f91,14361,2026,Гражданско дело,Софийски районен съд,Д.В.Ц.,Ответник,,
3f823ddb-b80c-49ca-9b59-ec015a375f91,14361,2026,Гражданско дело,Софийски районен съд,П.В.Т.,Ответник,,
3f823ddb-b80c-49ca-9b59-ec015a375f91,14361,2026,Гражданско дело,Софийски районен съд,И.Б.С.,Ответник,,
3f823ddb-b80c-49ca-9b59-ec015a375f91,14361,2026,Гражданско дело,Софийски районен съд,М.Б.С.,Ответник,,
3f823ddb-b80c-49ca-9b59-ec015a375f91,14361,2026,Гражданско дело,Софийски районен съд,Д.В.Н.,Ответник,,
3f823ddb-b80c-49ca-9b59-ec015a375f91,14361,2026,Гражданско дело,Софийски районен съд,Б.В.И.,Ответник,,
3f823ddb-b80c-49ca-9b59-ec015a375f91,14361,2026,Гражданско дело,Софийски районен съд,Д.С.А.,Ответник,,
3f823ddb-b80c-49ca-9b59-ec015a375f91,14361,2026,Гражданско дело,Софийски районен съд,Р.И.С.,Ответник,,
3f823ddb-b80c-49ca-9b59-ec015a375f91,14361,2026,Гражданско дело,Софийски районен съд,М.С.М.,Ответник,,
3f823ddb-b80c-49ca-9b59-ec015a375f91,14361,2026,Гражданско дело,Софийски районен съд,С.С.М.,Ответник,,
3f823ddb-b80c-49ca-9b59-ec015a375f91,14361,2026,Гражданско дело,Софийски районен съд,Г.М.С.,Ответник,,
3f823ddb-b80c-49ca-9b59-ec015a375f91,14361,2026,Гражданско дело,Софийски районен съд,Й.С.С.,Ответник,,
3f823ddb-b80c-49ca-9b59-ec015a375f91,14361,2026,Гражданско дело,Софийски районен съд,Д.К.Г.,Ответник,,
3f823ddb-b80c-49ca-9b59-ec015a375f91,14361,2026,Гражданско дело,Софийски районен съд,Е.К.Д.,Ответник,,
3f823ddb-b80c-49ca-9b59-ec015a375f91,14361,2026,Гражданско дело,Софийски районен съд,В.Г.Д.,Ответник,,
3f823ddb-b80c-49ca-9b59-ec015a375f91,14361,2026,Гражданско дело,Софийски районен съд,Б.Е.С.,Ответник,,
3f823ddb-b80c-49ca-9b59-ec015a375f91,14361,2026,Гражданско дело,Софийски районен съд,В.В.Ц.,Наследодател,,
57e02333-f3a9-4c3b-b6ec-abb9055de3a5,2796,2026,Частно гражданско дело,Районен съд - Шумен,АПС БЕТА БЪЛГАРИЯ ЕООД,Заявител,,
57e02333-f3a9-4c3b-b6ec-abb9055de3a5,2796,2026,Частно гражданско дело,Районен съд - Шумен,И.А.М.,Длъжник,,
57e02333-f3a9-4c3b-b6ec-abb9055de3a5,2796,2026,Частно гражданско дело,Районен съд - Шумен,П.Ф.Ц.,Юрисконсулт,,
57e02333-f3a9-4c3b-b6ec-abb9055de3a5,2796,2026,Частно гражданско дело,Районен съд - Шумен,Х.М.М.,Законен представител,,
57e02333-f3a9-4c3b-b6ec-abb9055de3a5,2796,2026,Частно гражданско дело,Районен съд - Шумен,П.В.,Законен представител,,
60ac1b67-8d73-4606-961f-a24600af0be3,5506,2026,Частно гражданско дело,Районен съд - Перник,Банка ДСК АД,Заявител,,
60ac1b67-8d73-4606-961f-a24600af0be3,5506,2026,Частно гражданско дело,Районен съд - Перник,П.Х.П.,Длъжник,,
60ac1b67-8d73-4606-961f-a24600af0be3,5506,2026,Частно гражданско дело,Районен съд - Перник,Т.З.Х.Т.,Пълномощник,,
a7a7ac9c-e221-405a-bdb8-82b4d1977b01,635,2026,Частно гражданско дело,Районен съд - Брезник,ТИ БИ АЙ Банк ЕАД,Заявител,,
a7a7ac9c-e221-405a-bdb8-82b4d1977b01,635,2026,Частно гражданско дело,Районен съд - Брезник,Г.Г.Н.,Длъжник,,
a7a7ac9c-e221-405a-bdb8-82b4d1977b01,635,2026,Частно гражданско дело,Районен съд - Брезник,Д.В.И.,Юрисконсулт,,
615d6967-cfef-4a09-a770-6f4b0c03ed73,220,2026,Частно гражданско дело,Районен съд - Трън,БЕСТ Кепитъл България ЕАД,Заявител,,
615d6967-cfef-4a09-a770-6f4b0c03ed73,220,2026,Частно гражданско дело,Районен съд - Трън,З.П.К.,Длъжник,,
615d6967-cfef-4a09-a770-6f4b0c03ed73,220,2026,Частно гражданско дело,Районен съд - Трън,В.Л.Л.,Пълномощник,,
f2e59cd3-8294-4f11-a64e-aa716010ff41,1105,2026,Административно наказателно дело,Районен съд - Плевен,Р.И.Д.,Жалбоподател,,
f2e59cd3-8294-4f11-a64e-aa716010ff41,1105,2026,Административно наказателно дело,Районен съд - Плевен,"НАЧАЛНИК СЕКТОР В ОДМВР ПЛЕВЕН, РУ 01 ПЛЕВЕН",Админ.наказ.орган,,
f2e59cd3-8294-4f11-a64e-aa716010ff41,1105,2026,Административно наказателно дело,Районен съд - Плевен,И.К.И.,Актосъставител,,
f2e59cd3-8294-4f11-a64e-aa716010ff41,1105,2026,Административно наказателно дело,Районен съд - Плевен,Д.Ц.М.,Свидетел,,
f2e59cd3-8294-4f11-a64e-aa716010ff41,1105,2026,Административно наказателно дело,Районен съд - Плевен,Х.Т.Т.,Адвокат,Христина Тошкова Тошева,
b3f9bb34-ab9d-4b06-b4e1-a95d023d8c94,2558,2026,Частно гражданско дело,Районен съд - Добрич,БЕСТ Кепитъл България ЕАД,Заявител,,
b3f9bb34-ab9d-4b06-b4e1-a95d023d8c94,2558,2026,Частно гражданско дело,Районен съд - Добрич,А.З.С.,Длъжник,,
b3f9bb34-ab9d-4b06-b4e1-a95d023d8c94,2558,2026,Частно гражданско дело,Районен съд - Добрич,Б.И.К.,Пълномощник,,
f2672ede-030a-46e1-b6f3-68de4c74112e,1124,2026,Частно гражданско дело,Районен съд - Бяла Слатина,Топлофикация София ЕАД,Заявител,,
f2672ede-030a-46e1-b6f3-68de4c74112e,1124,2026,Частно гражданско дело,Районен съд - Бяла Слатина,В.Г.Д.,Длъжник,,
f2672ede-030a-46e1-b6f3-68de4c74112e,1124,2026,Частно гражданско дело,Районен съд - Бяла Слатина,Д.Б.Б.,Пълномощник,,
f2672ede-030a-46e1-b6f3-68de4c74112e,1124,2026,Частно гражданско дело,Районен съд - Бяла Слатина,П.Р.П.,Представляващ,,
f2672ede-030a-46e1-b6f3-68de4c74112e,1124,2026,Частно гражданско дело,Районен съд - Бяла Слатина,Р.Д.Г.,Представляващ,,
bd54223b-bdd1-4285-be41-5bf2b8989f72,4367,2026,Частно гражданско дело,Районен съд - Враца,БЕСТ Кепитъл България ЕАД,Заявител,,
bd54223b-bdd1-4285-be41-5bf2b8989f72,4367,2026,Частно гражданско дело,Районен съд - Враца,З.Й.К.,Длъжник,,
bd54223b-bdd1-4285-be41-5bf2b8989f72,4367,2026,Частно гражданско дело,Районен съд - Враца,В.Л.Л.,Пълномощник,,
15b0e26c-218f-4953-923a-c7353465f5be,3504,2026,Частно гражданско дело,Районен съд - Русе,МАКСО БЪЛГАРИЯ АД,Заявител,,
15b0e26c-218f-4953-923a-c7353465f5be,3504,2026,Частно гражданско дело,Районен съд - Русе,Б.Н.Г.,Длъжник,,
15b0e26c-218f-4953-923a-c7353465f5be,3504,2026,Частно гражданско дело,Районен съд - Русе,А.О.Б.,Пълномощник,,
3f90b6f9-d89d-4124-85c5-cb62950f8f42,14360,2026,Гражданско дело,Софийски районен съд,ТОПЛОФИКАЦИЯ СОФИЯ ЕАД,Ищец,,
3f90b6f9-d89d-4124-85c5-cb62950f8f42,14360,2026,Гражданско дело,Софийски районен съд,Г.С.И.,Ответник,,
3f90b6f9-d89d-4124-85c5-cb62950f8f42,14360,2026,Гражданско дело,Софийски районен съд,М.Г.И.,Ответник,,
3f90b6f9-d89d-4124-85c5-cb62950f8f42,14360,2026,Гражданско дело,Софийски районен съд,В.Г.И.,Ответник,,
3f90b6f9-d89d-4124-85c5-cb62950f8f42,14360,2026,Гражданско дело,Софийски районен съд,Е.Г.И.Г.,Ответник,,
3f90b6f9-d89d-4124-85c5-cb62950f8f42,14360,2026,Гражданско дело,Софийски районен съд,Р.И.С.И.,Наследодател,,
3f90b6f9-d89d-4124-85c5-cb62950f8f42,14360,2026,Гражданско дело,Софийски районен съд,НЕЛБО АД,Трето лице помагач,,
70d0c7c2-de16-4123-9695-6445e3c92791,4366,2026,Частно гражданско дело,Районен съд - Враца,Сити Кеш ООД,Заявител,,
70d0c7c2-de16-4123-9695-6445e3c92791,4366,2026,Частно гражданско дело,Районен съд - Враца,Г.Д.Б.,Длъжник,,
70d0c7c2-de16-4123-9695-6445e3c92791,4366,2026,Частно гражданско дело,Районен съд - Враца,М.Т.Т.,Юрисконсулт,,
a744f484-73bf-496e-93d8-21355e7aa1df,479,2026,Частно гражданско дело,Районен съд - Луковит,ТИ БИ АЙ Банк ЕАД,Заявител,,
a744f484-73bf-496e-93d8-21355e7aa1df,479,2026,Частно гражданско дело,Районен съд - Луковит,В.А.А.,Длъжник,,
a744f484-73bf-496e-93d8-21355e7aa1df,479,2026,Частно гражданско дело,Районен съд - Луковит,Д.В.И.,Юрисконсулт,,
1d4afc8f-8181-4785-b43d-d2face501dd6,1104,2026,Наказателно дело от общ характер,Районен съд - Плевен,Районна прокуратура - Плевен,Обвинител,,
1d4afc8f-8181-4785-b43d-d2face501dd6,1104,2026,Наказателно дело от общ характер,Районен съд - Плевен,М.Ц.Г.,Обвинител,,
1d4afc8f-8181-4785-b43d-d2face501dd6,1104,2026,Наказателно дело от общ характер,Районен съд - Плевен,М.П.Т.,Подсъдим,,
1d4afc8f-8181-4785-b43d-d2face501dd6,1104,2026,Наказателно дело от общ характер,Районен съд - Плевен,Л.М.Н.,Служебен защитник,,
4d05ad01-ec43-4c0e-93d1-69378f3dea5c,1531,2026,Частно гражданско дело,Районен съд - Габрово,Топлофикация София ЕАД,Заявител,,
4d05ad01-ec43-4c0e-93d1-69378f3dea5c,1531,2026,Частно гражданско дело,Районен съд - Габрово,Г.Н.М.,Длъжник,,
4d05ad01-ec43-4c0e-93d1-69378f3dea5c,1531,2026,Частно гражданско дело,Районен съд - Габрово,Д.Д.,Пълномощник,,
4d05ad01-ec43-4c0e-93d1-69378f3dea5c,1531,2026,Частно гражданско дело,Районен съд - Габрово,П.Р.П.,Представляващ,,
4d05ad01-ec43-4c0e-93d1-69378f3dea5c,1531,2026,Частно гражданско дело,Районен съд - Габрово,Р.Д.Г.,Представляващ,,
dc7e8bce-1ffa-44ba-b853-d3631861dfbe,2795,2026,Частно гражданско дело,Районен съд - Шумен,„ЕОС МАТРИКС” ЕАД,Заявител,,
dc7e8bce-1ffa-44ba-b853-d3631861dfbe,2795,2026,Частно гражданско дело,Районен съд - Шумен,Г.Н.Ю.,Длъжник,,
dc7e8bce-1ffa-44ba-b853-d3631861dfbe,2795,2026,Частно гражданско дело,Районен съд - Шумен,Ж.Д.Д.,Адвокат,Жельо Денев Денев,
99cb74a5-b9a2-4e44-9463-94ca3d1b8850,1121,2026,Частно гражданско дело,Районен съд - Бяла,Банка ДСК АД,Заявител,,
99cb74a5-b9a2-4e44-9463-94ca3d1b8850,1121,2026,Частно гражданско дело,Районен съд - Бяла,К.И.Й.,Длъжник,,
99cb74a5-b9a2-4e44-9463-94ca3d1b8850,1121,2026,Частно гражданско дело,Районен съд - Бяла,Л.Ц.Л.,Пълномощник,,
2ca85b2b-7e48-4d7b-99bc-6c533e093998,2428,2026,Частно гражданско дело,Районен съд - Ботевград,Топлофикация София ЕАД,Заявител,,
2ca85b2b-7e48-4d7b-99bc-6c533e093998,2428,2026,Частно гражданско дело,Районен съд - Ботевград,И.В.И.,Длъжник,,
2ca85b2b-7e48-4d7b-99bc-6c533e093998,2428,2026,Частно гражданско дело,Районен съд - Ботевград,Г.С.И.,Длъжник,,
2ca85b2b-7e48-4d7b-99bc-6c533e093998,2428,2026,Частно гражданско дело,Районен съд - Ботевград,Д.Б.Б.,Пълномощник,,
2ca85b2b-7e48-4d7b-99bc-6c533e093998,2428,2026,Частно гражданско дело,Районен съд - Ботевград,П.Р.П.,Представляващ,,
2ca85b2b-7e48-4d7b-99bc-6c533e093998,2428,2026,Частно гражданско дело,Районен съд - Ботевград,Р.Д.Г.,Представляващ,,
d5e8602e-50cc-4470-b3fa-42d58bb8159a,1061,2026,Частно гражданско дело,Районен съд - Гоце Делчев,БЕСТ Кепитъл България ЕАД,Заявител,,
d5e8602e-50cc-4470-b3fa-42d58bb8159a,1061,2026,Частно гражданско дело,Районен съд - Гоце Делчев,А.Л.К.,Длъжник,,
d5e8602e-50cc-4470-b3fa-42d58bb8159a,1061,2026,Частно гражданско дело,Районен съд - Гоце Делчев,Б.И.К.,Пълномощник,,
c1b5b96b-7b9c-4aef-8a75-7ed9b68a78dd,622,2026,Административно дело,Административен съд - Пазарджик,Г.Х.Б.,Жалбоподател,,
c1b5b96b-7b9c-4aef-8a75-7ed9b68a78dd,622,2026,Административно дело,Административен съд - Пазарджик,"Благовест Венелинов Владиславов мл. автоконтрольор към РУ Лом, ОДМВР Монтана",Ответник,,
c1b5b96b-7b9c-4aef-8a75-7ed9b68a78dd,622,2026,Административно дело,Административен съд - Пазарджик,"Младши автоконтрольор към РУ Лом, ОДМВР Монтана",Ответник,,
c1b5b96b-7b9c-4aef-8a75-7ed9b68a78dd,622,2026,Административно дело,Административен съд - Пазарджик,З.М.,Адвокат,,
b01abdec-3420-46fb-aa9a-3d66989888b6,2427,2026,Частно гражданско дело,Районен съд - Ботевград,Сити Кеш ООД,Заявител,,
b01abdec-3420-46fb-aa9a-3d66989888b6,2427,2026,Частно гражданско дело,Районен съд - Ботевград,Г.И.Ю.,Длъжник,,
b01abdec-3420-46fb-aa9a-3d66989888b6,2427,2026,Частно гражданско дело,Районен съд - Ботевград,М.Т.Т.,Юрисконсулт,,
8c5ef1b5-0c8c-4129-aa9e-efa25fbe55ae,5505,2026,Гражданско дело,Районен съд - Перник,Г.К.Т.,Ищец,,
8c5ef1b5-0c8c-4129-aa9e-efa25fbe55ae,5505,2026,Гражданско дело,Районен съд - Перник,ИЗИ АСЕТ МЕНИДЖМЪНТ АД,Ответник,,
8c5ef1b5-0c8c-4129-aa9e-efa25fbe55ae,5505,2026,Гражданско дело,Районен съд - Перник,А.А.А.,Адвокат,Антоан Атанасов,
8c5ef1b5-0c8c-4129-aa9e-efa25fbe55ae,5505,2026,Гражданско дело,Районен съд - Перник,В.М.В.,Вещо лице,,
73d68f44-6271-468d-9a08-7c6c4664383d,1096,2026,Частно гражданско дело,Районен съд - Смолян,БЕСТ Кепитъл България ЕАД,Заявител,,
73d68f44-6271-468d-9a08-7c6c4664383d,1096,2026,Частно гражданско дело,Районен съд - Смолян,З.Ш.М.,Длъжник,,
73d68f44-6271-468d-9a08-7c6c4664383d,1096,2026,Частно гражданско дело,Районен съд - Смолян,В.Л.Л.,Пълномощник,,
8c653471-614e-4484-a30f-a13a5495250c,1124,2026,Частно гражданско дело,Районен съд - Елин Пелин,ЕЙ УАН ВИЖЪН ЕООД,Заявител,,
8c653471-614e-4484-a30f-a13a5495250c,1124,2026,Частно гражданско дело,Районен съд - Елин Пелин,И.А.Д.,Длъжник,,
8c653471-614e-4484-a30f-a13a5495250c,1124,2026,Частно гражданско дело,Районен съд - Елин Пелин,Р.С.,Юрисконсулт,,
73762e6a-772b-4a07-ad31-d1e4e4705ced,1304,2026,Частно гражданско дело,Районен съд - Лом,ТИ БИ АЙ Банк ЕАД,Заявител,,
73762e6a-772b-4a07-ad31-d1e4e4705ced,1304,2026,Частно гражданско дело,Районен съд - Лом,В.Н.Н.,Длъжник,,
73762e6a-772b-4a07-ad31-d1e4e4705ced,1304,2026,Частно гражданско дело,Районен съд - Лом,Д.В.И.,Юрисконсулт,,
bac117b5-03a0-42ac-8077-d9f330e9bc5a,5504,2026,Частно гражданско дело,Районен съд - Перник,Топлофикация София ЕАД,Заявител,,
bac117b5-03a0-42ac-8077-d9f330e9bc5a,5504,2026,Частно гражданско дело,Районен съд - Перник,Ц.К.Г.М.,Длъжник,,
bac117b5-03a0-42ac-8077-d9f330e9bc5a,5504,2026,Частно гражданско дело,Районен съд - Перник,Д.Д.,Пълномощник,,
bac117b5-03a0-42ac-8077-d9f330e9bc5a,5504,2026,Частно гражданско дело,Районен съд - Перник,П.Р.П.,Представляващ,,
bac117b5-03a0-42ac-8077-d9f330e9bc5a,5504,2026,Частно гражданско дело,Районен съд - Перник,Р.Д.Г.,Представляващ,,
3d999ef1-cc07-43ee-b7eb-d6cd59b82c6e,14359,2026,Гражданско дело,Софийски районен съд,А.Н.М.,Ищец,,
3d999ef1-cc07-43ee-b7eb-d6cd59b82c6e,14359,2026,Гражданско дело,Софийски районен съд,Софийски градски съд,Ответник,,
738746e8-0b86-408e-9fad-3099e383f222,14358,2026,Гражданско дело,Софийски районен съд,ТОПЛОФИКАЦИЯ СОФИЯ ЕАД,Ищец,,
738746e8-0b86-408e-9fad-3099e383f222,14358,2026,Гражданско дело,Софийски районен съд,Т.А.Я.,Ответник,,
7b489988-7adb-4a0b-9b1c-a59fde6f965d,656,2026,Частно гражданско дело,Районен съд - Тервел,БЕСТ Кепитъл България ЕАД,Заявител,,
7b489988-7adb-4a0b-9b1c-a59fde6f965d,656,2026,Частно гражданско дело,Районен съд - Тервел,А.С.С.,Длъжник,,
7b489988-7adb-4a0b-9b1c-a59fde6f965d,656,2026,Частно гражданско дело,Районен съд - Тервел,Б.И.К.,Пълномощник,,
2529e572-efc1-4d6d-aac2-a4077a527ea4,2557,2026,Частно гражданско дело,Районен съд - Добрич,Сити Кеш ООД,Заявител,,
2529e572-efc1-4d6d-aac2-a4077a527ea4,2557,2026,Частно гражданско дело,Районен съд - Добрич,А.Н.С.,Длъжник,,
2529e572-efc1-4d6d-aac2-a4077a527ea4,2557,2026,Частно гражданско дело,Районен съд - Добрич,М.Т.Т.,Юрисконсулт,,
08206ffd-0c31-4c5e-a64e-95d148ff66d9,621,2026,Административно дело,Административен съд - Пазарджик,К.И.У.,Ищец,,
08206ffd-0c31-4c5e-a64e-95d148ff66d9,621,2026,Административно дело,Административен съд - Пазарджик,МИНИСТЕРСТВО НА ОКОЛНАТА СРЕДА И ВОДИТЕ,Ответник,,
08206ffd-0c31-4c5e-a64e-95d148ff66d9,621,2026,Административно дело,Административен съд - Пазарджик,ДИРЕКТОР НА ДИРЕКЦИЯ НАЦИОНАЛЕН ПАРК РИЛА,Ответник,,
08206ffd-0c31-4c5e-a64e-95d148ff66d9,621,2026,Административно дело,Административен съд - Пазарджик,Е.К.Т.,Адвокат,Емилия Кунчева Тончева,
08206ffd-0c31-4c5e-a64e-95d148ff66d9,621,2026,Административно дело,Административен съд - Пазарджик,ПРОКУРОР ПРИ ОКРЪЖНА ПРОКУРАТУРА ПАЗАРДЖИК,Контролираща страна,,
08206ffd-0c31-4c5e-a64e-95d148ff66d9,621,2026,Административно дело,Административен съд - Пазарджик,Т.Р.Т.,Юрисконсулт,,
2c47d4c3-ec8a-4f9d-9847-dc21aa6004de,1303,2026,Частно гражданско дело,Районен съд - Лом,БЕСТ Кепитъл България ЕАД,Заявител,,
2c47d4c3-ec8a-4f9d-9847-dc21aa6004de,1303,2026,Частно гражданско дело,Районен съд - Лом,З.Ш.М.,Длъжник,,
2c47d4c3-ec8a-4f9d-9847-dc21aa6004de,1303,2026,Частно гражданско дело,Районен съд - Лом,В.Л.Л.,Пълномощник,,
4b3f208a-6078-4aea-ba1e-959ba89723b7,1080,2026,Частно гражданско дело,Районен съд - Разград,„ЕОС МАТРИКС” ЕАД,Заявител,,
4b3f208a-6078-4aea-ba1e-959ba89723b7,1080,2026,Частно гражданско дело,Районен съд - Разград,П.Т.В.,Длъжник,,
4b3f208a-6078-4aea-ba1e-959ba89723b7,1080,2026,Частно гражданско дело,Районен съд - Разград,Ж.Д.Д.,Адвокат,Жельо Денев Денев,
84713cec-6064-4dcc-9933-def47618a4af,738,2026,Частно гражданско дело,Районен съд - Павликени,ЕОС МАТРИКС ЕАД,Заявител,,
84713cec-6064-4dcc-9933-def47618a4af,738,2026,Частно гражданско дело,Районен съд - Павликени,Г.Д.Л.,Длъжник,,
84713cec-6064-4dcc-9933-def47618a4af,738,2026,Частно гражданско дело,Районен съд - Павликени,Р.Ж.М.,Адвокат,Росица Живкова Маврова,
6f2b6aa4-9389-4494-b71f-222492e70a34,259,2026,Въззивно гражданско дело,Окръжен съд - Габрово,УниКредит Булбанк АД,Жалбоподател,,
6f2b6aa4-9389-4494-b71f-222492e70a34,259,2026,Въззивно гражданско дело,Окръжен съд - Габрово,Д.И.А.,Ответник,,
6f2b6aa4-9389-4494-b71f-222492e70a34,259,2026,Въззивно гражданско дело,Окръжен съд - Габрово,Р.Д.Н.,Адвокат,,
6f2b6aa4-9389-4494-b71f-222492e70a34,259,2026,Въззивно гражданско дело,Окръжен съд - Габрово,А.В.В.,Адвокат,,
6f2b6aa4-9389-4494-b71f-222492e70a34,259,2026,Въззивно гражданско дело,Окръжен съд - Габрово,Д.Ц.Ц.,Адвокат,,
2d497bd2-3894-4a17-9833-396e5772df43,5503,2026,Гражданско дело,Районен съд - Перник,М.Г.М.,Ищец,,
2d497bd2-3894-4a17-9833-396e5772df43,5503,2026,Гражданско дело,Районен съд - Перник,Д.Я.П.,Ответник,,
2d497bd2-3894-4a17-9833-396e5772df43,5503,2026,Гражданско дело,Районен съд - Перник,К.К.К.,Адвокат,,
47e4642d-3e74-47cc-aba7-c16edec71b44,14357,2026,Гражданско дело,Софийски районен съд,Р.Б.С.,Ищец,,
47e4642d-3e74-47cc-aba7-c16edec71b44,14357,2026,Гражданско дело,Софийски районен съд,КРЕДИСИМО ЕАД,Ответник,,
47e4642d-3e74-47cc-aba7-c16edec71b44,14357,2026,Гражданско дело,Софийски районен съд,АЙ ТРЪСТ ЕООД,Ответник,,
47e4642d-3e74-47cc-aba7-c16edec71b44,14357,2026,Гражданско дело,Софийски районен съд,М.В.М.,Адвокат,,
0f588700-efa7-4273-b944-516c76a31252,557,2026,Частно гражданско дело,Районен съд - Петрич,ТОПЛОФИКАЦИЯ СОФИЯ ЕАД,Заявител,,
0f588700-efa7-4273-b944-516c76a31252,557,2026,Частно гражданско дело,Районен съд - Петрич,А.Г.П.,Длъжник,,
0f588700-efa7-4273-b944-516c76a31252,557,2026,Частно гражданско дело,Районен съд - Петрич,Д.Н.Д.,Пълномощник,,
0f588700-efa7-4273-b944-516c76a31252,557,2026,Частно гражданско дело,Районен съд - Петрич,П.Р.П.,Представляващ,,
0f588700-efa7-4273-b944-516c76a31252,557,2026,Частно гражданско дело,Районен съд - Петрич,Р.Д.Г.,Представляващ,,
04ee0e1b-75fa-4231-bd80-01e98a707282,1224,2026,Частно гражданско дело,Районен съд - Благоевград,ТИ БИ АЙ Банк ЕАД,Заявител,,
04ee0e1b-75fa-4231-bd80-01e98a707282,1224,2026,Частно гражданско дело,Районен съд - Благоевград,А.М.М.,Длъжник,,
04ee0e1b-75fa-4231-bd80-01e98a707282,1224,2026,Частно гражданско дело,Районен съд - Благоевград,Д.В.И.,Юрисконсулт,,
80059f21-b10b-4c57-83fd-8f56499b51c1,1856,2026,Частно гражданско дело,Районен съд - Горна Оряховица,СИТИ КЕШ ООД,Заявител,,
80059f21-b10b-4c57-83fd-8f56499b51c1,1856,2026,Частно гражданско дело,Районен съд - Горна Оряховица,К.А.С.,Длъжник,,
80059f21-b10b-4c57-83fd-8f56499b51c1,1856,2026,Частно гражданско дело,Районен съд - Горна Оряховица,М.Т.Т.,Юрисконсулт,,
4aba39aa-fe23-402d-a1e3-84c731c6d278,620,2026,Административно дело,Административен съд - Пазарджик,В.С.Л.,Жалбоподател,,
4aba39aa-fe23-402d-a1e3-84c731c6d278,620,2026,Административно дело,Административен съд - Пазарджик,КМЕТ НА ОБЩИНА СТРЕЛЧА,Ответник,,
4aba39aa-fe23-402d-a1e3-84c731c6d278,620,2026,Административно дело,Административен съд - Пазарджик,Р.И.К.,Адвокат,,
4aba39aa-fe23-402d-a1e3-84c731c6d278,620,2026,Административно дело,Административен съд - Пазарджик,Г.К.П.,Представител,,
b464c878-14c6-41a6-8d35-355de62f7c5c,74,2026,Наказателно дело от общ характер,Районен съд - Котел,Районна прокуратура - Сливен,Обвинител,,
b464c878-14c6-41a6-8d35-355de62f7c5c,74,2026,Наказателно дело от общ характер,Районен съд - Котел,А.А.Д.,Обвинител,,
b464c878-14c6-41a6-8d35-355de62f7c5c,74,2026,Наказателно дело от общ характер,Районен съд - Котел,М.В.В.,Подсъдим,,
b464c878-14c6-41a6-8d35-355de62f7c5c,74,2026,Наказателно дело от общ характер,Районен съд - Котел,Е.К.М.,Защитник,,
d38b23da-b590-442c-b5e9-7d0e77b1a308,5502,2026,Частно гражданско дело,Районен съд - Перник,БЕСТ Кепитъл България ЕАД,Заявител,,
d38b23da-b590-442c-b5e9-7d0e77b1a308,5502,2026,Частно гражданско дело,Районен съд - Перник,З.С.Н.,Длъжник,,
d38b23da-b590-442c-b5e9-7d0e77b1a308,5502,2026,Частно гражданско дело,Районен съд - Перник,В.Л.Л.,Пълномощник,,
cd56c2f4-3bf0-4bb7-b79e-36da544449c5,2354,2026,Частно гражданско дело,Районен съд - Монтана,БЕСТ Кепитъл България ЕАД,Заявител,,
cd56c2f4-3bf0-4bb7-b79e-36da544449c5,2354,2026,Частно гражданско дело,Районен съд - Монтана,А.Т.М.,Длъжник,,
cd56c2f4-3bf0-4bb7-b79e-36da544449c5,2354,2026,Частно гражданско дело,Районен съд - Монтана,Б.И.К.,Пълномощник,,
2388c84f-c4ea-436e-911f-d014d3430095,1992,2026,Гражданско дело,Районен съд - Плевен,ПРОФИ КРЕДИТ БЪЛГАРИЯ ЕООД,Ищец,,
2388c84f-c4ea-436e-911f-d014d3430095,1992,2026,Гражданско дело,Районен съд - Плевен,Ц.С.П.,Ответник,,
2388c84f-c4ea-436e-911f-d014d3430095,1992,2026,Гражданско дело,Районен съд - Плевен,Е.С.К.,Юрисконсулт,,
a802281b-3228-4143-95cd-0ebbd9be9efd,258,2026,Въззивно частно гражданско дело,Окръжен съд - Габрово,А1 България ЕАД,Заявител,,
a802281b-3228-4143-95cd-0ebbd9be9efd,258,2026,Въззивно частно гражданско дело,Окръжен съд - Габрово,ТИН - 2016 ЕООД,Длъжник,,
a802281b-3228-4143-95cd-0ebbd9be9efd,258,2026,Въззивно частно гражданско дело,Окръжен съд - Габрово,Л.Ж.Р.,Адвокат,,
a802281b-3228-4143-95cd-0ebbd9be9efd,258,2026,Въззивно частно гражданско дело,Окръжен съд - Габрово,К.Х.Х.,Представляващ,,
a802281b-3228-4143-95cd-0ebbd9be9efd,258,2026,Въззивно частно гражданско дело,Окръжен съд - Габрово,И.З.И.,Друго,,
b05afe00-e608-4dce-9d5e-320529bc438c,14356,2026,Гражданско дело,Софийски районен съд,Р.Б.С.,Ищец,,
b05afe00-e608-4dce-9d5e-320529bc438c,14356,2026,Гражданско дело,Софийски районен съд,КРЕДИСИМО ЕАД,Ответник,,
b05afe00-e608-4dce-9d5e-320529bc438c,14356,2026,Гражданско дело,Софийски районен съд,АЙ ТРЪСТ ЕООД,Ответник,,
b05afe00-e608-4dce-9d5e-320529bc438c,14356,2026,Гражданско дело,Софийски районен съд,М.В.М.,Адвокат,Мирослав Веселинов Михайлов,
03f58b26-7e74-4f9a-a88a-0ffa43db6ee5,5501,2026,Гражданско дело,Районен съд - Перник,В.Й.М.,Ищец,,
03f58b26-7e74-4f9a-a88a-0ffa43db6ee5,5501,2026,Гражданско дело,Районен съд - Перник,13-ТО ОУ СВ.СВ.КИРИЛ И МЕТОДИЙ,Ответник,,
03f58b26-7e74-4f9a-a88a-0ffa43db6ee5,5501,2026,Гражданско дело,Районен съд - Перник,И.В.В.,Адвокат,Ирина Владимирова Верне,
240f32cb-752d-442c-bfeb-ebeb88a39f65,3503,2026,Частно гражданско дело,Районен съд - Русе,Банка ДСК АД,Заявител,,
240f32cb-752d-442c-bfeb-ebeb88a39f65,3503,2026,Частно гражданско дело,Районен съд - Русе,А.Г.Б.,Длъжник,,
240f32cb-752d-442c-bfeb-ebeb88a39f65,3503,2026,Частно гражданско дело,Районен съд - Русе,Г.С.П.,Пълномощник,,
7741a3f7-202f-4148-bdd9-0ca38fd07add,634,2026,Частно гражданско дело,Районен съд - Брезник,Дирекция Социално подпомагане Павликени,Заявител,,
7741a3f7-202f-4148-bdd9-0ca38fd07add,634,2026,Частно гражданско дело,Районен съд - Брезник,Б.М.А.,Длъжник,,
7741a3f7-202f-4148-bdd9-0ca38fd07add,634,2026,Частно гражданско дело,Районен съд - Брезник,И.К.Д.,Представител,,
f111a937-b550-4af0-a048-7b4f89bc4981,2556,2026,Частно гражданско дело,Районен съд - Добрич,АПС БЕТА БЪЛГАРИЯ ЕООД,Заявител,,
f111a937-b550-4af0-a048-7b4f89bc4981,2556,2026,Частно гражданско дело,Районен съд - Добрич,Р.А.Л.,Длъжник,,
f111a937-b550-4af0-a048-7b4f89bc4981,2556,2026,Частно гражданско дело,Районен съд - Добрич,С.Е.К.,Юрисконсулт,,
f111a937-b550-4af0-a048-7b4f89bc4981,2556,2026,Частно гражданско дело,Районен съд - Добрич,П.В.,Законен представител,,
f111a937-b550-4af0-a048-7b4f89bc4981,2556,2026,Частно гражданско дело,Районен съд - Добрич,Х.М.,Законен представител,,
9287fe88-25ea-4e71-8cc7-cf2a164798d4,3502,2026,Частно гражданско дело,Районен съд - Русе,Банка ДСК АД,Заявител,,
9287fe88-25ea-4e71-8cc7-cf2a164798d4,3502,2026,Частно гражданско дело,Районен съд - Русе,В.Ф.А.,Длъжник,,
9287fe88-25ea-4e71-8cc7-cf2a164798d4,3502,2026,Частно гражданско дело,Районен съд - Русе,Т.З.Х.Т.,Пълномощник,,
a7e28542-8db4-401e-80de-86c04b875350,4365,2026,Частно гражданско дело,Районен съд - Враца,ТИ БИ АЙ Банк ЕАД,Заявител,,
a7e28542-8db4-401e-80de-86c04b875350,4365,2026,Частно гражданско дело,Районен съд - Враца,А.Н.Т.,Длъжник,,
a7e28542-8db4-401e-80de-86c04b875350,4365,2026,Частно гражданско дело,Районен съд - Враца,Д.В.И.,Юрисконсулт,,
62daddca-c4b6-4f3e-85bc-950e7b24a255,14355,2026,Гражданско дело,Софийски районен съд,ТОПЛОФИКАЦИЯ СОФИЯ ЕАД,Ищец,,
62daddca-c4b6-4f3e-85bc-950e7b24a255,14355,2026,Гражданско дело,Софийски районен съд,А.В.К.,Ответник,,
62daddca-c4b6-4f3e-85bc-950e7b24a255,14355,2026,Гражданско дело,Софийски районен съд,Д.Д.И.,Ответник,,
3c4bb896-b41d-41c8-b6ac-e51a68584a85,1991,2026,Гражданско дело,Районен съд - Плевен,П.Х.Й.,Ищец,,
3c4bb896-b41d-41c8-b6ac-e51a68584a85,1991,2026,Гражданско дело,Районен съд - Плевен,И.Л.Х.,Ответник,,
3c4bb896-b41d-41c8-b6ac-e51a68584a85,1991,2026,Гражданско дело,Районен съд - Плевен,М.Ц.Б.,Адвокат,Мая Цолова Божилска,
3c4bb896-b41d-41c8-b6ac-e51a68584a85,1991,2026,Гражданско дело,Районен съд - Плевен,Н.П.Н.,Адвокат,Найден Петров Найденов,
3c4bb896-b41d-41c8-b6ac-e51a68584a85,1991,2026,Гражданско дело,Районен съд - Плевен,ДСП ОЗД Плевен,Заинтересована страна,,
a9baee9e-d3d8-4eb8-b10a-6aebaad8571c,787,2026,Частно гражданско дело,Районен съд - Димитровград,Сити Кеш ООД,Заявител,,
a9baee9e-d3d8-4eb8-b10a-6aebaad8571c,787,2026,Частно гражданско дело,Районен съд - Димитровград,В.К.Р.,Длъжник,,
a9baee9e-d3d8-4eb8-b10a-6aebaad8571c,787,2026,Частно гражданско дело,Районен съд - Димитровград,М.Т.Т.,Юрисконсулт,,
3ecaf754-bbe1-428a-99a1-3c1917f0dfe3,1000,2026,Частно гражданско дело,Районен съд - Каварна,"""Водоснабдяване и канализационни услуги"" ЕООД гр. София",Заявител,,
3ecaf754-bbe1-428a-99a1-3c1917f0dfe3,1000,2026,Частно гражданско дело,Районен съд - Каварна,К.Ц.П.,Длъжник,,
3ecaf754-bbe1-428a-99a1-3c1917f0dfe3,1000,2026,Частно гражданско дело,Районен съд - Каварна,П.Н.Х.,Адвокат,Петя Нейчева Харизанова,
3ecaf754-bbe1-428a-99a1-3c1917f0dfe3,1000,2026,Частно гражданско дело,Районен съд - Каварна,Р.С.И.,Законен представител,,
6c399795-a1e8-4e39-96c8-941656ae0cf1,14354,2026,Гражданско дело,Софийски районен съд,Р.Б.С.,Ищец,,
6c399795-a1e8-4e39-96c8-941656ae0cf1,14354,2026,Гражданско дело,Софийски районен съд,ФЕРАТУМ БЪЛГАРИЯ ЕООД,Ответник,,
6c399795-a1e8-4e39-96c8-941656ae0cf1,14354,2026,Гражданско дело,Софийски районен съд,М.В.М.,Адвокат,Мирослав Веселинов Михайлов,
bbd3c593-280a-4f9a-b1a3-9f4629f4da62,1751,2026,Частно гражданско дело,Районен съд - Стара Загора,АПС БЕТА БЪЛГАРИЯ ЕООД,Заявител,,
bbd3c593-280a-4f9a-b1a3-9f4629f4da62,1751,2026,Частно гражданско дело,Районен съд - Стара Загора,Ц.О.М.,Длъжник,,
bbd3c593-280a-4f9a-b1a3-9f4629f4da62,1751,2026,Частно гражданско дело,Районен съд - Стара Загора,С.Е.К.,Юрисконсулт,,
bbd3c593-280a-4f9a-b1a3-9f4629f4da62,1751,2026,Частно гражданско дело,Районен съд - Стара Загора,Х.М.,Законен представител,,
bbd3c593-280a-4f9a-b1a3-9f4629f4da62,1751,2026,Частно гражданско дело,Районен съд - Стара Загора,П.В.,Законен представител,,
10657b0f-5d83-4829-88e3-417ff1aa129c,1855,2026,Частно гражданско дело,Районен съд - Горна Оряховица,Топлофикация София ЕАД,Заявител,,
10657b0f-5d83-4829-88e3-417ff1aa129c,1855,2026,Частно гражданско дело,Районен съд - Горна Оряховица,Е.Д.С.,Длъжник,,
10657b0f-5d83-4829-88e3-417ff1aa129c,1855,2026,Частно гражданско дело,Районен съд - Горна Оряховица,Д.Д.,Пълномощник,,
10657b0f-5d83-4829-88e3-417ff1aa129c,1855,2026,Частно гражданско дело,Районен съд - Горна Оряховица,П.Р.П.,Представляващ,,
10657b0f-5d83-4829-88e3-417ff1aa129c,1855,2026,Частно гражданско дело,Районен съд - Горна Оряховица,Р.Д.Г.,Представляващ,,
10657b0f-5d83-4829-88e3-417ff1aa129c,1855,2026,Частно гражданско дело,Районен съд - Горна Оряховица,Е.И.Ц.,Пълномощник,Елица Иванова Стоянова,
34c87308-a9d7-4c31-8808-aff9220e67a0,6188,2026,Административно дело,Административен съд - София-град,Ч.Н.К.,Жалбоподател,,
34c87308-a9d7-4c31-8808-aff9220e67a0,6188,2026,Административно дело,Административен съд - София-град,ПРЕДСЕДАТЕЛ НА ДЪРЖАВНА АГЕНЦИЯ ЗА БЕЖАНЦИТЕ - МС,Ответник,,
34c87308-a9d7-4c31-8808-aff9220e67a0,6188,2026,Административно дело,Административен съд - София-град,СГП,Друго,,
34c87308-a9d7-4c31-8808-aff9220e67a0,6188,2026,Административно дело,Административен съд - София-град,Е.Н.,Преводач,,
34c87308-a9d7-4c31-8808-aff9220e67a0,6188,2026,Административно дело,Административен съд - София-град,А.А.Ч.,Адвокат,,
6d33dea0-65ea-4af3-85fb-0fd448772c45,257,2026,Въззивно частно гражданско дело,Окръжен съд - Габрово,Агенция за събиране на вземания ЕАД,Заявител,,
6d33dea0-65ea-4af3-85fb-0fd448772c45,257,2026,Въззивно частно гражданско дело,Окръжен съд - Габрово,С.С.М.,Длъжник,,
6d33dea0-65ea-4af3-85fb-0fd448772c45,257,2026,Въззивно частно гражданско дело,Окръжен съд - Габрово,И.Н.Н.,Юрисконсулт,,
296d1c33-838c-4112-af37-9c6a15761031,1302,2026,Частно гражданско дело,Районен съд - Лом,БЕСТ Кепитъл България ЕАД,Заявител,,
296d1c33-838c-4112-af37-9c6a15761031,1302,2026,Частно гражданско дело,Районен съд - Лом,А.Б.М.,Длъжник,,
296d1c33-838c-4112-af37-9c6a15761031,1302,2026,Частно гражданско дело,Районен съд - Лом,Б.И.К.,Пълномощник,,
9ddbc1c5-6cf0-454a-8b53-6ec6ed30c666,880,2026,Частно гражданско дело,Районен съд - Котел,Т.М.Л.,Наследник,,
9ddbc1c5-6cf0-454a-8b53-6ec6ed30c666,880,2026,Частно гражданско дело,Районен съд - Котел,М.К.Я.,Наследодател,,
b78d815c-a783-41f1-8fac-72cb316b0fa4,2353,2026,Частно гражданско дело,Районен съд - Монтана,БЕСТ Кепитъл България ЕАД,Заявител,,
b78d815c-a783-41f1-8fac-72cb316b0fa4,2353,2026,Частно гражданско дело,Районен съд - Монтана,Д.Й.И.,Длъжник,,
b78d815c-a783-41f1-8fac-72cb316b0fa4,2353,2026,Частно гражданско дело,Районен съд - Монтана,С.С.П.,Пълномощник,,
7eaf905b-aa68-4504-b915-e547b32936e3,4364,2026,Частно гражданско дело,Районен съд - Враца,ТИ БИ АЙ Банк ЕАД,Заявител,,
7eaf905b-aa68-4504-b915-e547b32936e3,4364,2026,Частно гражданско дело,Районен съд - Враца,Д.Р.П.,Длъжник,,
7eaf905b-aa68-4504-b915-e547b32936e3,4364,2026,Частно гражданско дело,Районен съд - Враца,Д.В.И.,Юрисконсулт,,
c7aa5ced-b96d-45da-913f-b19f19ba55f4,5500,2026,Гражданско дело,Районен съд - Перник,М.И.Г.,Ищец,,
c7aa5ced-b96d-45da-913f-b19f19ba55f4,5500,2026,Гражданско дело,Районен съд - Перник,Е.Я.Ж.,Ответник,,
c7aa5ced-b96d-45da-913f-b19f19ba55f4,5500,2026,Гражданско дело,Районен съд - Перник,Х.В.П.,Адвокат,,
08b91daf-59a3-4ff6-8691-99a25eb37c58,2174,2026,Частно гражданско дело,Районен съд - Кюстендил,Банка ДСК АД,Заявител,,
08b91daf-59a3-4ff6-8691-99a25eb37c58,2174,2026,Частно гражданско дело,Районен съд - Кюстендил,В.В.Г.,Длъжник,,
08b91daf-59a3-4ff6-8691-99a25eb37c58,2174,2026,Частно гражданско дело,Районен съд - Кюстендил,Л.Ц.Л.,Пълномощник,,
538ab03c-9908-44e1-a9fc-f8a7c5192f4b,1301,2026,Частно гражданско дело,Районен съд - Лом,Дирекция социално подпомагане - Нови пазар,Заявител,,
538ab03c-9908-44e1-a9fc-f8a7c5192f4b,1301,2026,Частно гражданско дело,Районен съд - Лом,С.В.М.,Длъжник,,
538ab03c-9908-44e1-a9fc-f8a7c5192f4b,1301,2026,Частно гражданско дело,Районен съд - Лом,В.К.М.,Представител,,
773aacc7-ec5d-4f83-b78d-67846f7453e4,2555,2026,Частно гражданско дело,Районен съд - Добрич,Топлофикация София ЕАД,Заявител,,
773aacc7-ec5d-4f83-b78d-67846f7453e4,2555,2026,Частно гражданско дело,Районен съд - Добрич,К.Д.К.,Длъжник,,
773aacc7-ec5d-4f83-b78d-67846f7453e4,2555,2026,Частно гражданско дело,Районен съд - Добрич,А.К.,Пълномощник,,
773aacc7-ec5d-4f83-b78d-67846f7453e4,2555,2026,Частно гражданско дело,Районен съд - Добрич,П.Р.П.,Представляващ,,
773aacc7-ec5d-4f83-b78d-67846f7453e4,2555,2026,Частно гражданско дело,Районен съд - Добрич,Р.Д.Г.,Представляващ,,
03a9a765-74ee-4c69-91e0-cf736de0d427,184,2026,Гражданско дело,Окръжен съд - Разград,И.М.М.,Ищец,,
03a9a765-74ee-4c69-91e0-cf736de0d427,184,2026,Гражданско дело,Окръжен съд - Разград,ЗАСТРАХОВАТЕЛНА КОМПАНИЯ ЛЕВ ИНС АД,Ответник,,
03a9a765-74ee-4c69-91e0-cf736de0d427,184,2026,Гражданско дело,Окръжен съд - Разград,Б.Б.Б.,Адвокат,,
03a9a765-74ee-4c69-91e0-cf736de0d427,184,2026,Гражданско дело,Окръжен съд - Разград,В.Д.,Вещо лице,,
03a9a765-74ee-4c69-91e0-cf736de0d427,184,2026,Гражданско дело,Окръжен съд - Разград,Т.А.К.,Вещо лице,,
03a9a765-74ee-4c69-91e0-cf736de0d427,184,2026,Гражданско дело,Окръжен съд - Разград,Н.И.Д.,Вещо лице,,
03a9a765-74ee-4c69-91e0-cf736de0d427,184,2026,Гражданско дело,Окръжен съд - Разград,Д.Г.М.,Свидетел,,
03a9a765-74ee-4c69-91e0-cf736de0d427,184,2026,Гражданско дело,Окръжен съд - Разград,Т.Т.,Свидетел,,
03a9a765-74ee-4c69-91e0-cf736de0d427,184,2026,Гражданско дело,Окръжен съд - Разград,Т.Р.П.,Адвокат,,
06e0522a-ad55-4b31-b98b-2e558f22fc8d,1990,2026,Гражданско дело,Районен съд - Плевен,"Дирекция ""Социално подпомагане"" - Плевен",Ищец,,
06e0522a-ad55-4b31-b98b-2e558f22fc8d,1990,2026,Гражданско дело,Районен съд - Плевен,К.Н.М.,Страна,,
06e0522a-ad55-4b31-b98b-2e558f22fc8d,1990,2026,Гражданско дело,Районен съд - Плевен,М.К.М.,Страна,,
06e0522a-ad55-4b31-b98b-2e558f22fc8d,1990,2026,Гражданско дело,Районен съд - Плевен,"""Дом за медико-социални грижи за деца"" - Плевен",Страна,,
06e0522a-ad55-4b31-b98b-2e558f22fc8d,1990,2026,Гражданско дело,Районен съд - Плевен,Я.А.К.,Процесуален представител,,
add11035-8736-4f9c-bc0c-3ad249ff21e2,256,2026,Въззивно частно гражданско дело,Окръжен съд - Габрово,Агенция за събиране на вземания ЕАД,Жалбоподател,,
add11035-8736-4f9c-bc0c-3ad249ff21e2,256,2026,Въззивно частно гражданско дело,Окръжен съд - Габрово,Д.Т.А.,Ответник,,
add11035-8736-4f9c-bc0c-3ad249ff21e2,256,2026,Въззивно частно гражданско дело,Окръжен съд - Габрово,И.Н.Н.,Юрисконсулт,,
444fb0e2-2ae6-4afb-821e-8eb8b389af72,6187,2026,Административно дело,Административен съд - София-град,Д.Л.А.Н.,Жалбоподател,,
444fb0e2-2ae6-4afb-821e-8eb8b389af72,6187,2026,Административно дело,Административен съд - София-град,ПРЕДСЕДАТЕЛЯ НА ДЪРЖАВНА АГЕНЦИЯ ЗА БЕЖАНЦИТЕ,Ответник,,
444fb0e2-2ae6-4afb-821e-8eb8b389af72,6187,2026,Административно дело,Административен съд - София-град,Д.И.Л.,Адвокат,,
444fb0e2-2ae6-4afb-821e-8eb8b389af72,6187,2026,Административно дело,Административен съд - София-град,СГП,Друго,,
444fb0e2-2ae6-4afb-821e-8eb8b389af72,6187,2026,Административно дело,Административен съд - София-град,Д.Н.П.,Преводач,,
1c2313db-e8bc-4aff-a95a-24240abd30d4,1211,2026,Частно гражданско дело,Районен съд - Търговище,„ЕОС МАТРИКС” ЕАД,Заявител,,
1c2313db-e8bc-4aff-a95a-24240abd30d4,1211,2026,Частно гражданско дело,Районен съд - Търговище,В.К.Г.,Длъжник,,
1c2313db-e8bc-4aff-a95a-24240abd30d4,1211,2026,Частно гражданско дело,Районен съд - Търговище,Ж.Д.Д.,Адвокат,Жельо Денев Денев,
bd0440f1-f118-4c7b-a6e8-2f7ea8d552ef,14353,2026,Гражданско дело,Софийски районен съд,ТОПЛОФИКАЦИЯ СОФИЯ ЕАД,Ищец,,
bd0440f1-f118-4c7b-a6e8-2f7ea8d552ef,14353,2026,Гражданско дело,Софийски районен съд,Р.Й.П.,Ответник,,
2ad03ea6-15ff-49ab-be41-b14e0642a121,803,2026,Частно гражданско дело,Районен съд - Тополовград,Топлофикация София ЕАД,Заявител,,
2ad03ea6-15ff-49ab-be41-b14e0642a121,803,2026,Частно гражданско дело,Районен съд - Тополовград,М.В.М.,Длъжник,,
2ad03ea6-15ff-49ab-be41-b14e0642a121,803,2026,Частно гражданско дело,Районен съд - Тополовград,Д.Б.К.,Пълномощник,,
2ad03ea6-15ff-49ab-be41-b14e0642a121,803,2026,Частно гражданско дело,Районен съд - Тополовград,П.Р.П.,Представляващ,,
2ad03ea6-15ff-49ab-be41-b14e0642a121,803,2026,Частно гражданско дело,Районен съд - Тополовград,Р.Д.Г.,Представляващ,,
3a9e4d1a-0383-49ca-aa9f-f63fd056cb08,1123,2026,Частно гражданско дело,Районен съд - Елин Пелин,ЕЙ УАН ВИЖЪН ЕООД,Заявител,,
3a9e4d1a-0383-49ca-aa9f-f63fd056cb08,1123,2026,Частно гражданско дело,Районен съд - Елин Пелин,З.И.К.,Длъжник,,
3a9e4d1a-0383-49ca-aa9f-f63fd056cb08,1123,2026,Частно гражданско дело,Районен съд - Елин Пелин,Р.С.,Юрисконсулт,,
c3591adb-9648-437a-99cd-530ff892eddf,405,2026,Частно гражданско дело,Районен съд - Провадия,Сити Кеш ООД,Заявител,,
c3591adb-9648-437a-99cd-530ff892eddf,405,2026,Частно гражданско дело,Районен съд - Провадия,Х.С.Х.,Длъжник,,
c3591adb-9648-437a-99cd-530ff892eddf,405,2026,Частно гражданско дело,Районен съд - Провадия,М.Т.Т.,Юрисконсулт,,
b4817d35-71b9-42f9-a872-0638769aab93,786,2026,Частно гражданско дело,Районен съд - Димитровград,БЕСТ Кепитъл България ЕАД,Заявител,,
b4817d35-71b9-42f9-a872-0638769aab93,786,2026,Частно гражданско дело,Районен съд - Димитровград,Д.И.Х.,Длъжник,,
b4817d35-71b9-42f9-a872-0638769aab93,786,2026,Частно гражданско дело,Районен съд - Димитровград,С.С.П.,Пълномощник,,
a29f1d1c-5156-44d7-8de4-08de7c0064cb,945,2026,Административно наказателно дело,Районен съд - Перник,М.И.П.,Жалбоподател,,
a29f1d1c-5156-44d7-8de4-08de7c0064cb,945,2026,Административно наказателно дело,Районен съд - Перник,Ж.Н.Ж.,Адвокат,,
a29f1d1c-5156-44d7-8de4-08de7c0064cb,945,2026,Административно наказателно дело,Районен съд - Перник,АГЕНЦИЯ ПЪТНА ИНФРАСТРУКТУРА,Админ.наказ.орган,,
70207c1d-03e0-4d26-bfaf-db3bec632863,813,2026,Частно гражданско дело,Районен съд - Троян,Банка ДСК АД,Кредитор,,
70207c1d-03e0-4d26-bfaf-db3bec632863,813,2026,Частно гражданско дело,Районен съд - Троян,И.Б.Г.,Длъжник,,
70207c1d-03e0-4d26-bfaf-db3bec632863,813,2026,Частно гражданско дело,Районен съд - Троян,Ж.Г.Т.,Юрисконсулт,,
b4b0122c-7f1e-49e1-9988-391af92cf63e,451,2026,Частно гражданско дело,Районен съд - Елена,„Йеттел България“ ЕАД,Заявител,,
b4b0122c-7f1e-49e1-9988-391af92cf63e,451,2026,Частно гражданско дело,Районен съд - Елена,Л.И.А.,Длъжник,,
b4b0122c-7f1e-49e1-9988-391af92cf63e,451,2026,Частно гражданско дело,Районен съд - Елена,В.Н.Н.,Адвокат,Васил Николаев Ничев,
b4b0122c-7f1e-49e1-9988-391af92cf63e,451,2026,Частно гражданско дело,Районен съд - Елена,Н.А.Ш.,Адвокат,,
dacc45a9-2eef-475e-8513-25e3758bec87,1079,2026,Частно гражданско дело,Районен съд - Разград,ТД НА НАП ВАРНА (0000000300 ),Молител,,
dacc45a9-2eef-475e-8513-25e3758bec87,1079,2026,Частно гражданско дело,Районен съд - Разград,Еднолично адвокатско дружество ЧЕРНОГОРСКИ,Страна,,
9bd39c03-2e14-4955-87d8-a6aa518f2425,1060,2026,Частно гражданско дело,Районен съд - Гоце Делчев,ТИ БИ АЙ Банк ЕАД,Заявител,,
9bd39c03-2e14-4955-87d8-a6aa518f2425,1060,2026,Частно гражданско дело,Районен съд - Гоце Делчев,А.М.И.,Длъжник,,
9bd39c03-2e14-4955-87d8-a6aa518f2425,1060,2026,Частно гражданско дело,Районен съд - Гоце Делчев,Д.В.И.,Юрисконсулт,,
ea20f066-054f-416d-9793-9e5037d2dbcb,747,2026,Частно гражданско дело,Районен съд - Ген. Тошево,БЕСТ Кепитъл България ЕАД,Заявител,,
ea20f066-054f-416d-9793-9e5037d2dbcb,747,2026,Частно гражданско дело,Районен съд - Ген. Тошево,З.Х.Г.,Длъжник,,
ea20f066-054f-416d-9793-9e5037d2dbcb,747,2026,Частно гражданско дело,Районен съд - Ген. Тошево,В.Л.Л.,Юрисконсулт,,
89d4c071-8d6a-4237-ba8a-df2e4d30cb17,14352,2026,Гражданско дело,Софийски районен съд,Р.Б.С.,Ищец,,
89d4c071-8d6a-4237-ba8a-df2e4d30cb17,14352,2026,Гражданско дело,Софийски районен съд,ВИВА КРЕДИТ АД,Ответник,,
89d4c071-8d6a-4237-ba8a-df2e4d30cb17,14352,2026,Гражданско дело,Софийски районен съд,М.В.М.,Адвокат,,
cbf5dbc9-c32b-413d-bd90-12bc8fd890ed,3501,2026,Частно гражданско дело,Районен съд - Русе,"""Водоснабдяване и канализационни услуги"" ЕООД гр. София",Заявител,,
cbf5dbc9-c32b-413d-bd90-12bc8fd890ed,3501,2026,Частно гражданско дело,Районен съд - Русе,М.М.В.,Длъжник,,
cbf5dbc9-c32b-413d-bd90-12bc8fd890ed,3501,2026,Частно гражданско дело,Районен съд - Русе,П.Н.Х.,Адвокат,Петя Нейчева Харизанова,
cbf5dbc9-c32b-413d-bd90-12bc8fd890ed,3501,2026,Частно гражданско дело,Районен съд - Русе,Р.С.И.,Законен представител,,
5638f6f7-fc7e-4e4b-aafe-d025090426d6,1403,2026,Частно гражданско дело,Районен съд - Хасково,Креди Йес ООД,Заявител,,
5638f6f7-fc7e-4e4b-aafe-d025090426d6,1403,2026,Частно гражданско дело,Районен съд - Хасково,В.Х.П.,Длъжник,,
5638f6f7-fc7e-4e4b-aafe-d025090426d6,1403,2026,Частно гражданско дело,Районен съд - Хасково,Н.Г.Ш.,Адвокат,Николинка Георгиева Шереметова,
c5aa46d6-f751-457f-9cbe-af2d45d52e40,95,2026,Наказателно дело от общ характер,Районен съд - Дряново,Районна прокуратура - Габрово,Обвинител,,
c5aa46d6-f751-457f-9cbe-af2d45d52e40,95,2026,Наказателно дело от общ характер,Районен съд - Дряново,Б.Т.Б.,Обвинител,,
c5aa46d6-f751-457f-9cbe-af2d45d52e40,95,2026,Наказателно дело от общ характер,Районен съд - Дряново,П.И.Й.,Обвинител,,
c5aa46d6-f751-457f-9cbe-af2d45d52e40,95,2026,Наказателно дело от общ характер,Районен съд - Дряново,Д.Н.П.,Подсъдим,,
c5aa46d6-f751-457f-9cbe-af2d45d52e40,95,2026,Наказателно дело от общ характер,Районен съд - Дряново,Ж.Н.Ч.,Свидетел,,
c5aa46d6-f751-457f-9cbe-af2d45d52e40,95,2026,Наказателно дело от общ характер,Районен съд - Дряново,И.Г.Р.,Свидетел,,
c5aa46d6-f751-457f-9cbe-af2d45d52e40,95,2026,Наказателно дело от общ характер,Районен съд - Дряново,Х.Й.Х.,Вещо лице,,
c5aa46d6-f751-457f-9cbe-af2d45d52e40,95,2026,Наказателно дело от общ характер,Районен съд - Дряново,Г.И.Р.,Адвокат,,
c5aa46d6-f751-457f-9cbe-af2d45d52e40,95,2026,Наказателно дело от общ характер,Районен съд - Дряново,Б.М.И.,Вещо лице,,
c5aa46d6-f751-457f-9cbe-af2d45d52e40,95,2026,Наказателно дело от общ характер,Районен съд - Дряново,Б.Р.Г.,Свидетел,,
498dbef1-eb0c-459b-bccd-4a0821a62b25,1989,2026,Гражданско дело,Районен съд - Плевен,"Дирекция ""Социално подпомагане"" - Плевен",Ищец,,
498dbef1-eb0c-459b-bccd-4a0821a62b25,1989,2026,Гражданско дело,Районен съд - Плевен,С.Ф.П.,Заинтересована страна,,
498dbef1-eb0c-459b-bccd-4a0821a62b25,1989,2026,Гражданско дело,Районен съд - Плевен,Р.Д.Д.,Заинтересована страна,,
498dbef1-eb0c-459b-bccd-4a0821a62b25,1989,2026,Гражданско дело,Районен съд - Плевен,Я.Д.,Страна,,
498dbef1-eb0c-459b-bccd-4a0821a62b25,1989,2026,Гражданско дело,Районен съд - Плевен,ЦНСТ- Плевен,Заинтересована страна,,
498dbef1-eb0c-459b-bccd-4a0821a62b25,1989,2026,Гражданско дело,Районен съд - Плевен,П.А.Д.,Адвокат,Павлина Александрова Димитрова,
ee5495d8-4cde-40b9-9c73-dee969754500,1854,2026,Частно гражданско дело,Районен съд - Горна Оряховица,„Йеттел България“ ЕАД,Заявител,,
ee5495d8-4cde-40b9-9c73-dee969754500,1854,2026,Частно гражданско дело,Районен съд - Горна Оряховица,В.К.С.,Длъжник,,
ee5495d8-4cde-40b9-9c73-dee969754500,1854,2026,Частно гражданско дело,Районен съд - Горна Оряховица,В.Н.Н.,Адвокат,Васил Николаев Ничев,
ee5495d8-4cde-40b9-9c73-dee969754500,1854,2026,Частно гражданско дело,Районен съд - Горна Оряховица,Н.А.Ш.,Адвокат,,
9cb037fc-1391-47cb-9ce8-843fb2404627,3500,2026,Частно гражданско дело,Районен съд - Русе,ТИ БИ АЙ Банк ЕАД,Заявител,,
9cb037fc-1391-47cb-9ce8-843fb2404627,3500,2026,Частно гражданско дело,Районен съд - Русе,Х.М.А.,Длъжник,,
9cb037fc-1391-47cb-9ce8-843fb2404627,3500,2026,Частно гражданско дело,Районен съд - Русе,Д.В.И.,Юрисконсулт,,
5bdcdf34-ffd7-4c5b-a3f4-702b9c51dc1e,1122,2026,Частно гражданско дело,Районен съд - Елин Пелин,ЕЙ УАН ВИЖЪН ЕООД,Заявител,,
5bdcdf34-ffd7-4c5b-a3f4-702b9c51dc1e,1122,2026,Частно гражданско дело,Районен съд - Елин Пелин,Е.Г.Г.,Длъжник,,
5bdcdf34-ffd7-4c5b-a3f4-702b9c51dc1e,1122,2026,Частно гражданско дело,Районен съд - Елин Пелин,Р.С.,Юрисконсулт,,
f85f5098-345d-40e4-b207-92832bbd62ef,581,2026,Частно гражданско дело,Районен съд - Чепеларе,АПС БЕТА БЪЛГАРИЯ ЕООД,Заявител,,
f85f5098-345d-40e4-b207-92832bbd62ef,581,2026,Частно гражданско дело,Районен съд - Чепеларе,Л.С.П.,Длъжник,,
f85f5098-345d-40e4-b207-92832bbd62ef,581,2026,Частно гражданско дело,Районен съд - Чепеларе,С.Е.К.,Юрисконсулт,,
f85f5098-345d-40e4-b207-92832bbd62ef,581,2026,Частно гражданско дело,Районен съд - Чепеларе,П.В.,Законен представител,,
f85f5098-345d-40e4-b207-92832bbd62ef,581,2026,Частно гражданско дело,Районен съд - Чепеларе,Х.М.,Законен представител,,
99ad740c-1849-45dc-b83c-99eed2d58e5a,14351,2026,Гражданско дело,Софийски районен съд,ТОПЛОФИКАЦИЯ СОФИЯ ЕАД,Ищец,,
99ad740c-1849-45dc-b83c-99eed2d58e5a,14351,2026,Гражданско дело,Софийски районен съд,А.С.А.Г.,Ответник,,
99ad740c-1849-45dc-b83c-99eed2d58e5a,14351,2026,Гражданско дело,Софийски районен съд,Р.Ц.К.А.,Ответник,,
8346d8d8-30f0-40ab-b6fe-9973d4e97dd3,5499,2026,Частно гражданско дело,Районен съд - Перник,БЕСТ Кепитъл България ЕАД,Заявител,,
8346d8d8-30f0-40ab-b6fe-9973d4e97dd3,5499,2026,Частно гражданско дело,Районен съд - Перник,Я.С.Я.,Длъжник,,
8346d8d8-30f0-40ab-b6fe-9973d4e97dd3,5499,2026,Частно гражданско дело,Районен съд - Перник,Б.И.К.,Пълномощник,,
01609bc9-dacd-4583-8f0f-4656f8cc1f18,14350,2026,Гражданско дело,Софийски районен съд,А.Н.Ч.,Ищец,,
01609bc9-dacd-4583-8f0f-4656f8cc1f18,14350,2026,Гражданско дело,Софийски районен съд,КРЕДИСИМО ЕАД,Ответник,,
01609bc9-dacd-4583-8f0f-4656f8cc1f18,14350,2026,Гражданско дело,Софийски районен съд,АЙ ТРЪСТ ЕООД,Ответник,,
01609bc9-dacd-4583-8f0f-4656f8cc1f18,14350,2026,Гражданско дело,Софийски районен съд,А.З.Д.,Адвокат,Антоний Здравков Димитров,
51fb8757-6d98-4e3d-9af2-fbcca62f2f38,4363,2026,Частно гражданско дело,Районен съд - Враца,Сити Кеш ООД,Заявител,,
51fb8757-6d98-4e3d-9af2-fbcca62f2f38,4363,2026,Частно гражданско дело,Районен съд - Враца,П.Й.Ч.,Длъжник,,
51fb8757-6d98-4e3d-9af2-fbcca62f2f38,4363,2026,Частно гражданско дело,Районен съд - Враца,М.Т.Т.,Юрисконсулт,,
fa2278fb-0081-4aa0-92b1-1458c5fe3b12,1455,2026,Частно гражданско дело,Районен съд - Нови пазар,Топлофикация София ЕАД,Заявител,,
fa2278fb-0081-4aa0-92b1-1458c5fe3b12,1455,2026,Частно гражданско дело,Районен съд - Нови пазар,И.Х.И.,Длъжник,,
fa2278fb-0081-4aa0-92b1-1458c5fe3b12,1455,2026,Частно гражданско дело,Районен съд - Нови пазар,А.К.,Пълномощник,,
fa2278fb-0081-4aa0-92b1-1458c5fe3b12,1455,2026,Частно гражданско дело,Районен съд - Нови пазар,П.Р.П.,Представляващ,,
fa2278fb-0081-4aa0-92b1-1458c5fe3b12,1455,2026,Частно гражданско дело,Районен съд - Нови пазар,Р.Д.Г.,Представляващ,,
da863f3e-5abb-4a9d-8595-350cfac467b0,1988,2026,Частно гражданско дело,Районен съд - Плевен,Инспекторат на ВСС,Друго,,
da863f3e-5abb-4a9d-8595-350cfac467b0,1988,2026,Частно гражданско дело,Районен съд - Плевен,М.Н.З.,Страна,,
da863f3e-5abb-4a9d-8595-350cfac467b0,1988,2026,Частно гражданско дело,Районен съд - Плевен,В.Й.З.,Страна,,
5b9961ae-6b8e-4fca-ad39-81585a0aad01,880,2026,Частно гражданско дело,Районен съд - Самоков,БЕСТ Кепитъл България ЕАД,Заявител,,
5b9961ae-6b8e-4fca-ad39-81585a0aad01,880,2026,Частно гражданско дело,Районен съд - Самоков,З.Х.Г.,Длъжник,,
5b9961ae-6b8e-4fca-ad39-81585a0aad01,880,2026,Частно гражданско дело,Районен съд - Самоков,В.Л.Л.,Пълномощник,,
4dfc5675-92d5-45fb-b275-09aa08bae47d,5498,2026,Частно гражданско дело,Районен съд - Перник,"ЮАБ Скайкоп.ком, дружество, регистрирано в Държавния център за регистрация на предприятия (SECR) в Република Литва, регистрационен номер 304423851, 304423851",Заявител,,
4dfc5675-92d5-45fb-b275-09aa08bae47d,5498,2026,Частно гражданско дело,Районен съд - Перник,„ГП Авиейшън“ ЕООД,Длъжник,,
4dfc5675-92d5-45fb-b275-09aa08bae47d,5498,2026,Частно гражданско дело,Районен съд - Перник,Б.Д.М.,Адвокат,Борислав Добромиров Миладинов,
cff2c591-a2af-4f5d-80fc-c8705c18f337,1078,2026,Частно гражданско дело,Районен съд - Разград,„Йеттел България“ ЕАД,Заявител,,
cff2c591-a2af-4f5d-80fc-c8705c18f337,1078,2026,Частно гражданско дело,Районен съд - Разград,К.И.С.,Длъжник,,
cff2c591-a2af-4f5d-80fc-c8705c18f337,1078,2026,Частно гражданско дело,Районен съд - Разград,В.Н.Н.,Адвокат,Васил Николаев Ничев,
cff2c591-a2af-4f5d-80fc-c8705c18f337,1078,2026,Частно гражданско дело,Районен съд - Разград,Н.А.Ш.,Адвокат,,
169cb419-8728-47f1-a0db-5fa6f4cfdb4e,1454,2026,Частно гражданско дело,Районен съд - Нови пазар,ТИ БИ АЙ Банк ЕАД,Заявител,,
169cb419-8728-47f1-a0db-5fa6f4cfdb4e,1454,2026,Частно гражданско дело,Районен съд - Нови пазар,П.П.О.,Длъжник,,
169cb419-8728-47f1-a0db-5fa6f4cfdb4e,1454,2026,Частно гражданско дело,Районен съд - Нови пазар,Д.В.И.,Юрисконсулт,,
ecacf94d-87bb-4803-bbc3-76cf19604c52,478,2026,Частно гражданско дело,Районен съд - Луковит,МАКСО БЪЛГАРИЯ АД,Заявител,,
ecacf94d-87bb-4803-bbc3-76cf19604c52,478,2026,Частно гражданско дело,Районен съд - Луковит,В.Л.Н.,Длъжник,,
ecacf94d-87bb-4803-bbc3-76cf19604c52,478,2026,Частно гражданско дело,Районен съд - Луковит,А.О.Б.,Пълномощник,,
5581b23e-abe6-48ec-9e86-12f070ad427b,14349,2026,Гражданско дело,Софийски районен съд,А.Н.Ч.,Ищец,,
5581b23e-abe6-48ec-9e86-12f070ad427b,14349,2026,Гражданско дело,Софийски районен съд,КРЕДИСИМО ЕАД,Ответник,,
5581b23e-abe6-48ec-9e86-12f070ad427b,14349,2026,Гражданско дело,Софийски районен съд,АЙ ТРЪСТ ЕООД,Ответник,,
5581b23e-abe6-48ec-9e86-12f070ad427b,14349,2026,Гражданско дело,Софийски районен съд,А.З.Д.,Адвокат,Антоний Здравков Димитров,
5581b23e-abe6-48ec-9e86-12f070ad427b,14349,2026,Гражданско дело,Софийски районен съд,В.Д.П.,Вещо лице,,
43fe7242-f403-4da8-99b9-c77f77e4ac93,556,2026,Частно гражданско дело,Районен съд - Петрич,Банка ДСК АД,Заявител,,
43fe7242-f403-4da8-99b9-c77f77e4ac93,556,2026,Частно гражданско дело,Районен съд - Петрич,В.М.Д.,Длъжник,,
43fe7242-f403-4da8-99b9-c77f77e4ac93,556,2026,Частно гражданско дело,Районен съд - Петрич,Т.З.Х.Т.,Пълномощник,,
922f2d97-d895-4b48-b3de-3f94422a7897,2348,2026,Частно гражданско дело,Районен съд - Дупница,БЕСТ Кепитъл България ЕАД,Заявител,,
922f2d97-d895-4b48-b3de-3f94422a7897,2348,2026,Частно гражданско дело,Районен съд - Дупница,З.Х.Г.,Длъжник,,
922f2d97-d895-4b48-b3de-3f94422a7897,2348,2026,Частно гражданско дело,Районен съд - Дупница,В.Л.Л.,Пълномощник,,
ac0a5705-885a-44be-810a-88d5eba12d04,1987,2026,Частно гражданско дело,Районен съд - Плевен,Инспекторат на ВСС,Друго,,
ac0a5705-885a-44be-810a-88d5eba12d04,1987,2026,Частно гражданско дело,Районен съд - Плевен,Д.С.В.,Страна,,
9bd2c584-5c72-4870-9528-8efb3dc79bb8,1071,2026,Гражданско дело,Районен съд - Ловеч,Р.Р.М.,Ищец,,
9bd2c584-5c72-4870-9528-8efb3dc79bb8,1071,2026,Гражданско дело,Районен съд - Ловеч,Г.П.П.,Ответник,,
9bd2c584-5c72-4870-9528-8efb3dc79bb8,1071,2026,Гражданско дело,Районен съд - Ловеч,М.В.Д.,Ответник,,
9bd2c584-5c72-4870-9528-8efb3dc79bb8,1071,2026,Гражданско дело,Районен съд - Ловеч,Д.В.Д.,Ответник,,
9bd2c584-5c72-4870-9528-8efb3dc79bb8,1071,2026,Гражданско дело,Районен съд - Ловеч,Ц.Д.П.,Ответник,,
9bd2c584-5c72-4870-9528-8efb3dc79bb8,1071,2026,Гражданско дело,Районен съд - Ловеч,С.П.С.,Адвокат,,
9bd2c584-5c72-4870-9528-8efb3dc79bb8,1071,2026,Гражданско дело,Районен съд - Ловеч,М.М.Б.,Адвокат,,
3ceedf28-aace-459f-8248-a4e105b20d47,1123,2026,Частно гражданско дело,Районен съд - Бяла Слатина,БЕСТ Кепитъл България ЕАД,Заявител,,
3ceedf28-aace-459f-8248-a4e105b20d47,1123,2026,Частно гражданско дело,Районен съд - Бяла Слатина,Я.М.М.,Длъжник,,
3ceedf28-aace-459f-8248-a4e105b20d47,1123,2026,Частно гражданско дело,Районен съд - Бяла Слатина,Б.И.К.,Пълномощник,,
6c676552-fe2c-4368-8f48-12adf07f574e,1121,2026,Частно гражданско дело,Районен съд - Елин Пелин,ЕЙ УАН ВИЖЪН ЕООД,Заявител,,
6c676552-fe2c-4368-8f48-12adf07f574e,1121,2026,Частно гражданско дело,Районен съд - Елин Пелин,Е.С.С.,Длъжник,,
6c676552-fe2c-4368-8f48-12adf07f574e,1121,2026,Частно гражданско дело,Районен съд - Елин Пелин,Р.С.,Юрисконсулт,,
cd1e7042-d8bc-48c2-84b9-9fec04c4b49f,232,2026,Административно дело,Административен съд - Търговище,К.Д.Р.,Жалбоподател,,
cd1e7042-d8bc-48c2-84b9-9fec04c4b49f,232,2026,Административно дело,Административен съд - Търговище,КМЕТ НА ОБЩИНА ТЪРГОВИЩЕ,Ответник,,
fed272ad-e9b7-4099-9ea9-57fa3811bd79,322,2026,Частно гражданско дело,Районен съд - Ивайловград,АПС БЕТА БЪЛГАРИЯ ЕООД,Заявител,,
fed272ad-e9b7-4099-9ea9-57fa3811bd79,322,2026,Частно гражданско дело,Районен съд - Ивайловград,М.Д.Д.,Длъжник,,
fed272ad-e9b7-4099-9ea9-57fa3811bd79,322,2026,Частно гражданско дело,Районен съд - Ивайловград,С.Е.К.,Юрисконсулт,,
fed272ad-e9b7-4099-9ea9-57fa3811bd79,322,2026,Частно гражданско дело,Районен съд - Ивайловград,Х.М.,Законен представител,,
fed272ad-e9b7-4099-9ea9-57fa3811bd79,322,2026,Частно гражданско дело,Районен съд - Ивайловград,П.В.,Законен представител,,
37b2f92e-2ef1-42d7-9ea2-e666c9b895e7,1070,2026,Частно гражданско дело,Районен съд - Ловеч,Регионална дирекция за социално подпомагане - Пазарджик,Заявител,,
37b2f92e-2ef1-42d7-9ea2-e666c9b895e7,1070,2026,Частно гражданско дело,Районен съд - Ловеч,Дирекция социално подопомагане - Септември,Кредитор,,
37b2f92e-2ef1-42d7-9ea2-e666c9b895e7,1070,2026,Частно гражданско дело,Районен съд - Ловеч,Г.А.П.,Длъжник,,
37b2f92e-2ef1-42d7-9ea2-e666c9b895e7,1070,2026,Частно гражданско дело,Районен съд - Ловеч,Д.Е.Д.,Представител,,
644fc368-665d-448b-8ea9-08322c0ab22f,549,2026,Частно гражданско дело,Районен съд - Несебър,Топлофикация София ЕАД,Заявител,,
644fc368-665d-448b-8ea9-08322c0ab22f,549,2026,Частно гражданско дело,Районен съд - Несебър,С.С.Ш.,Длъжник,,
644fc368-665d-448b-8ea9-08322c0ab22f,549,2026,Частно гражданско дело,Районен съд - Несебър,Г.И.И.,Пълномощник,,
644fc368-665d-448b-8ea9-08322c0ab22f,549,2026,Частно гражданско дело,Районен съд - Несебър,П.Р.П.,Представляващ,,
644fc368-665d-448b-8ea9-08322c0ab22f,549,2026,Частно гражданско дело,Районен съд - Несебър,Р.Д.Г.,Представляващ,,
41a77e26-4c7a-4037-858c-48d0dbc4e502,14348,2026,Гражданско дело,Софийски районен съд,ТОПЛОФИКАЦИЯ СОФИЯ ЕАД,Ищец,,
41a77e26-4c7a-4037-858c-48d0dbc4e502,14348,2026,Гражданско дело,Софийски районен съд,Е.Л.Ф.,Ответник,,
41a77e26-4c7a-4037-858c-48d0dbc4e502,14348,2026,Гражданско дело,Софийски районен съд,А.Я.Ф.,Ответник,,
23fe8089-a573-4aae-962e-9abba4ff9f2a,4362,2026,Частно гражданско дело,Районен съд - Враца,БЕСТ Кепитъл България ЕАД,Заявител,,
23fe8089-a573-4aae-962e-9abba4ff9f2a,4362,2026,Частно гражданско дело,Районен съд - Враца,Д.Д.В.,Длъжник,,
23fe8089-a573-4aae-962e-9abba4ff9f2a,4362,2026,Частно гражданско дело,Районен съд - Враца,С.С.П.,Пълномощник,,
a2af6941-39af-4b3e-9267-1b6ef9f83ba6,1906,2026,Гражданско дело,Районен съд - Сливен,ЯВЛЕНА ООД,Ищец,,
a2af6941-39af-4b3e-9267-1b6ef9f83ba6,1906,2026,Гражданско дело,Районен съд - Сливен,П.Ю.П.,Ответник,,
a2af6941-39af-4b3e-9267-1b6ef9f83ba6,1906,2026,Гражданско дело,Районен съд - Сливен,Р.К.К.,Адвокат,Росица Колева Колева,
a2af6941-39af-4b3e-9267-1b6ef9f83ba6,1906,2026,Гражданско дело,Районен съд - Сливен,М.В.С.,Адвокат,Минко Вичев Стефанов,
a2af6941-39af-4b3e-9267-1b6ef9f83ba6,1906,2026,Гражданско дело,Районен съд - Сливен,Й.Р.Л.,Свидетел,,
a2af6941-39af-4b3e-9267-1b6ef9f83ba6,1906,2026,Гражданско дело,Районен съд - Сливен,П.Й.И.,Свидетел,,
b065ad91-7530-4de4-8d45-788a68234cb2,1453,2026,Частно гражданско дело,Районен съд - Нови пазар,Сити Кеш ООД,Заявител,,
b065ad91-7530-4de4-8d45-788a68234cb2,1453,2026,Частно гражданско дело,Районен съд - Нови пазар,А.А.И.,Длъжник,,
b065ad91-7530-4de4-8d45-788a68234cb2,1453,2026,Частно гражданско дело,Районен съд - Нови пазар,М.Т.Т.,Юрисконсулт,,
01996783-7558-443d-adb5-ad9fc5ad1fc2,404,2026,Частно гражданско дело,Районен съд - Провадия,ТИ БИ АЙ Банк ЕАД,Заявител,,
01996783-7558-443d-adb5-ad9fc5ad1fc2,404,2026,Частно гражданско дело,Районен съд - Провадия,П.П.О.,Длъжник,,
01996783-7558-443d-adb5-ad9fc5ad1fc2,404,2026,Частно гражданско дело,Районен съд - Провадия,Д.В.И.,Юрисконсулт,,
a59d5cd8-2277-4a3d-82b5-fd49799eff24,1750,2026,Частно гражданско дело,Районен съд - Стара Загора,„УМБАЛ-проф.д-р Стоян Киркович“ АД,Заявител,,
a59d5cd8-2277-4a3d-82b5-fd49799eff24,1750,2026,Частно гражданско дело,Районен съд - Стара Загора,С.Я.И.,Длъжник,,
a59d5cd8-2277-4a3d-82b5-fd49799eff24,1750,2026,Частно гражданско дело,Районен съд - Стара Загора,Х.Т.П.,Адвокат,Христо Трайков Панайотов,
a59d5cd8-2277-4a3d-82b5-fd49799eff24,1750,2026,Частно гражданско дело,Районен съд - Стара Загора,Й.П.Й.,Друго,,
336769c3-7ed4-408a-ab28-5a74776de52a,1986,2026,Частно гражданско дело,Районен съд - Плевен,Инспекторат на ВСС,Друго,,
336769c3-7ed4-408a-ab28-5a74776de52a,1986,2026,Частно гражданско дело,Районен съд - Плевен,К.М.Д.,Страна,,
643c5afb-9c51-469f-b406-a23f14fe07d4,836,2026,Частно гражданско дело,Районен съд - Кубрат,БЕСТ Кепитъл България ЕАД,Заявител,,
643c5afb-9c51-469f-b406-a23f14fe07d4,836,2026,Частно гражданско дело,Районен съд - Кубрат,З.Х.Г.,Длъжник,,
643c5afb-9c51-469f-b406-a23f14fe07d4,836,2026,Частно гражданско дело,Районен съд - Кубрат,В.Л.Л.,Пълномощник,,
15c1458e-79c1-4670-b7fd-5f47d0b67f6f,450,2026,Въззивно частно наказателно дело,Окръжен съд - Русе,М.С.С.,Жалбоподател,,
15c1458e-79c1-4670-b7fd-5f47d0b67f6f,450,2026,Въззивно частно наказателно дело,Окръжен съд - Русе,Е.Д.Т.,Защитник,,
15c1458e-79c1-4670-b7fd-5f47d0b67f6f,450,2026,Въззивно частно наказателно дело,Окръжен съд - Русе,Окръжна прокуратура - Русе,Страна,,
fc029671-33ed-47da-bd16-b10bd2618a38,14347,2026,Гражданско дело,Софийски районен съд,А.Н.Ч.,Ищец,,
fc029671-33ed-47da-bd16-b10bd2618a38,14347,2026,Гражданско дело,Софийски районен съд,КРЕДИСИМО ЕАД,Ответник,,
fc029671-33ed-47da-bd16-b10bd2618a38,14347,2026,Гражданско дело,Софийски районен съд,АЙ ТРЪСТ ЕООД,Ответник,,
fc029671-33ed-47da-bd16-b10bd2618a38,14347,2026,Гражданско дело,Софийски районен съд,А.З.Д.,Адвокат,Антоний Здравков Димитров,
65b90e85-c838-46f9-96e7-f02d7c9eaa91,4361,2026,Частно гражданско дело,Районен съд - Враца,"""Водоснабдяване и канализационни услуги"" ЕООД гр. София",Заявител,,
65b90e85-c838-46f9-96e7-f02d7c9eaa91,4361,2026,Частно гражданско дело,Районен съд - Враца,Л.Б.Д.,Длъжник,,
65b90e85-c838-46f9-96e7-f02d7c9eaa91,4361,2026,Частно гражданско дело,Районен съд - Враца,П.Н.Х.,Адвокат,Петя Нейчева Харизанова,
65b90e85-c838-46f9-96e7-f02d7c9eaa91,4361,2026,Частно гражданско дело,Районен съд - Враца,Р.С.И.,Законен представител,,
d7834c2e-666d-4885-8612-ef492f1fc405,2794,2026,Частно гражданско дело,Районен съд - Шумен,ТИ БИ АЙ Банк ЕАД,Заявител,,
d7834c2e-666d-4885-8612-ef492f1fc405,2794,2026,Частно гражданско дело,Районен съд - Шумен,О.Р.С.,Длъжник,,
d7834c2e-666d-4885-8612-ef492f1fc405,2794,2026,Частно гражданско дело,Районен съд - Шумен,Д.В.И.,Юрисконсулт,,
41f4b0fc-a2a0-446b-bf05-5757a2c2d2d2,533,2026,Частно гражданско дело,Районен съд - Оряхово,БЕСТ Кепитъл България ЕАД,Заявител,,
41f4b0fc-a2a0-446b-bf05-5757a2c2d2d2,533,2026,Частно гражданско дело,Районен съд - Оряхово,З.Р.К.,Длъжник,,
41f4b0fc-a2a0-446b-bf05-5757a2c2d2d2,533,2026,Частно гражданско дело,Районен съд - Оряхово,В.Л.Л.,Пълномощник,,
074435c3-c21a-4598-9c64-6b77aecbc73f,1985,2026,Частно гражданско дело,Районен съд - Плевен,Инспекторат на ВСС,Друго,,
074435c3-c21a-4598-9c64-6b77aecbc73f,1985,2026,Частно гражданско дело,Районен съд - Плевен,С.Г.П.,Страна,,
074435c3-c21a-4598-9c64-6b77aecbc73f,1985,2026,Частно гражданско дело,Районен съд - Плевен,Д.О.П.,Страна,,
650a97e9-6db2-4e2a-981e-4ad5db7b01ef,4360,2026,Частно гражданско дело,Районен съд - Враца,БЕСТ Кепитъл България ЕАД,Заявител,,
650a97e9-6db2-4e2a-981e-4ad5db7b01ef,4360,2026,Частно гражданско дело,Районен съд - Враца,Д.В.И.,Длъжник,,
650a97e9-6db2-4e2a-981e-4ad5db7b01ef,4360,2026,Частно гражданско дело,Районен съд - Враца,С.С.П.,Пълномощник,,
