Case_GID,Assignment_Date,Judge_or_Assessor,Type,Assigned_By,Details_GID
0126f0c6-ca4e-460a-ac03-fd6a923feabe,24.08.2026 15:04,МАРТИН РАЧКОВ БАЕВ,Автоматично,Кристиян Мончев Монев,
7ee76e63-b0b8-480f-8c22-92131a26575f,24.08.2026 15:03,Зорница Николова Тухчиева - Вангелова,Ръчно разпределение,Мария Атанасова Минчева,
50193c2c-d98f-4174-93d8-4f89477591d8,24.08.2026 15:03,РАФАЕЛА СТОИЛОВА МАТЕВА,Автоматично,ИВАЙЛО АЛЕКСАНДРОВ ЙОРДАНОВ,
cb12c0bf-807c-4f75-81d3-7910cc58109d,24.08.2026 15:03,Пламен Георгиев Ченджиев,Разпределение по дежурство,Пламен Георгиев Ченджиев,
6882374a-0863-40f2-ba09-efaeb6f7c01e,24.08.2026 15:02,Магдалена Бориславова Младенова-Стоева,Автоматично,Иван Валериев Никифорски,
40dabc5e-29f3-458d-acd9-161c81fe79f3,24.08.2026 15:02,Людмила Людмилова Митрева,Автоматично,Ангелина Гергинова Гергинска,
3eb5b667-973a-45c2-a05f-64c6b6d8e5a6,24.08.2026 15:02,Марина Христова Христова Иванова,Автоматично,Мариана Георгиева Генова,
d232b1ec-83dd-4887-a501-98fe18953d23,24.08.2026 15:02,Николина Петрова Дамянова,Автоматично,Николина Петрова Дамянова,
d015da7d-97e3-4971-abf4-e58a165fae24,24.08.2026 15:02,ГЕОРГИ СТОЯНОВ ГЕОРГИЕВ,Разпределение по дежурство,ВЕЛИНА ВЛАДИМИРОВА КАРАГЕОРГИЕВА,
5fc7238b-4565-404b-9790-6eb4b1ce4e22,24.08.2026 15:03,БЕТИНА БОГДАНОВА БОШНАКОВА,Автоматично,ВАНЯ ПЕТКОВА ГЕОРГИЕВА,
4b878f13-1a40-4180-98b5-c509c82f8348,24.08.2026 15:02,Зорница Николова Тухчиева - Вангелова,Ръчно разпределение,Мария Атанасова Минчева,
8211e08e-117b-4872-bdac-ecf70e263e4b,24.08.2026 15:02,Иван Йорданов Филчев,Автоматично,Елена Серафимова Цолева,
5017b634-9206-4315-9106-017c95a63dcc,24.08.2026 15:02,СИЛВИЯ ПЕТКОВА ГЕОРГИЕВА,Разпределение по дежурство,ВЕЛИНА ВЛАДИМИРОВА КАРАГЕОРГИЕВА,
0916c55f-fb99-4525-86f6-f1f35e79f66e,24.08.2026 15:02,Николай Стефанов Стефанов,Автоматично,Тихомира Георгиева Казасова,
32ca565e-0ec7-41e8-83e4-f263ad8816ff,24.08.2026 15:01,Емилиян Кирилов Ангелов,Разпределение по дежурство,Лидия Иванова Петрова,
57fbf41a-311f-4df6-b47a-c418c551a2b1,24.08.2026 15:01,Красимира Тончева Донева,Автоматично,Кристиян Мончев Монев,
5de6d065-ad11-4db3-b72d-6d07ae1851c7,24.08.2026 15:01,ЧАВДАР ХРИСТОВ НИКОЛОВ,Автоматично,Елица Денчева Бояджиева Георгиева,
00a86a9c-706b-40c2-9dac-56f2e97a443e,24.08.2026 15:01,ДИАН МИЛЕНОВ НЕДЕЛЧЕВ,Автоматично,ИЛИЯ ТОДОРОВ ИЛИЕВ,
40e08423-8425-444c-94e2-b28ae1d1a9d8,24.08.2026 15:01,ЦВЕТЕЛИНА СЛАВЧЕВА КЪРЖЕВА ГАЧЕВА,Автоматично,ВАНЯ ПЕТКОВА ГЕОРГИЕВА,
c96ff5b3-7351-484d-b327-fe5930c2a62d,24.08.2026 15:01,ИВИАНА ДИМЧЕВА,Разпределение по дежурство,ВЕЛИНА ВЛАДИМИРОВА КАРАГЕОРГИЕВА,
22817327-1304-4fdc-82f7-84d7f0d2cff5,24.08.2026 15:01,Иван Йорданов Филчев,Автоматично,Елена Серафимова Цолева,
e7d3e7a5-217a-4c4e-84be-a512e1147a49,24.08.2026 15:01,Кристина Янкова Табакова,Автоматично,Мария Атанасова Минчева,
d0222056-7634-4337-800d-e9424ffb21f5,24.08.2026 15:00,КОНСТАНТИНА МИТКОВА ХРИСТОВА,Автоматично,ВАНЯ ПЕТКОВА ГЕОРГИЕВА,
694e06c7-825e-4acc-a18d-eae1d1a5adea,24.08.2026 15:00,Велина Пенева,Автоматично,Боряна Генчева Динева,
fe5fc0f7-5147-46f2-8a11-a298cfaaf420,24.08.2026 15:00,СИЛВИЯ ПЕТКОВА ГЕОРГИЕВА,Разпределение по дежурство,ВЕЛИНА ВЛАДИМИРОВА КАРАГЕОРГИЕВА,
9d4a3296-f63a-48b3-a9f4-7c850ba2dff0,24.08.2026 15:00,Мирослава Неделчева,Автоматично,МАРИАНА МОМЧЕВА,
5afd6c9f-9157-4122-b1a0-8d38348ba1b0,24.08.2026 15:00,Иван Стойнов,Автоматично,Даниела Бориславова Минчева,
077b5446-9169-4059-8080-036a3e49514e,24.08.2026 14:59,Десислава Николаева Великова,Автоматично,Тихомира Георгиева Казасова,
af38fb2f-c92d-4398-8ec6-f11df02b55f0,24.08.2026 14:59,Иван Валериев Никифорски,Автоматично,Иван Валериев Никифорски,
f177def6-e9d2-45ed-825d-c944a5b8a74a,24.08.2026 14:59,Георги Димитров Димитров,Автоматично,Мария Атанасова Минчева,
1bbe664a-72c4-47ec-9cfe-c26b0af1fb7f,24.08.2026 14:59,ИГНАТ АСЕНОВ ТИМОФЕЕВ,Автоматично,ВАНЯ ПЕТКОВА ГЕОРГИЕВА,
7a244b15-39da-46cd-a2b6-3554dd672b0e,24.08.2026 14:59,Георги Христов Иванов,Автоматично,Кристиян Мончев Монев,
056aeffc-4371-44b6-a04a-66cc4dd346be,24.08.2026 14:59,Елица Денчева Бояджиева Георгиева,Автоматично,Елица Денчева Бояджиева Георгиева,
b205d2b8-0d6b-479d-abe0-a5683e641ef2,24.08.2026 14:58,Вера Светославова Найденова,Автоматично,Вера Светославова Найденова,
b0cabc4f-7dff-4c82-8e66-49927f5c33ef,24.08.2026 14:59,ВАЛЯ ЙОРДАНОВА МЛАДЕНОВА,Автоматично,ИЛИЯ ТОДОРОВ ИЛИЕВ,
bdf15038-b244-491b-acf1-e04f04c3ce04,24.08.2026 14:57,Галя Алексиева,Автоматично,Петя Цветанова,
dadb9c98-d0ab-4e1e-8083-231bfa6b369e,24.08.2026 14:57,Руска Атанасова Андреева,Автоматично,Мария Атанасова Минчева,
62aae50d-bc13-4525-86b6-42e607a66679,24.08.2026 14:57,Светла Илменова Замфирова,Автоматично,Вера Светославова Найденова,
6e5b6485-dd2e-44a7-9209-50736107876b,24.08.2026 14:56,Петя Цветанова,Автоматично,Петя Цветанова,
396b398f-70f5-4714-a4a3-d6851b45a95a,24.08.2026 14:56,Елица Денчева Бояджиева Георгиева,Автоматично,Елица Денчева Бояджиева Георгиева,
b8535496-c39f-4de9-9d15-ba314ea7efd4,24.08.2026 14:57,Велина Пенева,Автоматично,Боряна Генчева Динева,
edf94c14-2bbe-4065-b819-ac2685f0712b,24.08.2026 14:57,Пламен Георгиев Ченджиев,Автоматично,Пламен Георгиев Ченджиев,
f3a6166c-c645-4b2f-b57c-30e7d94291e9,24.08.2026 14:56,ГАБРИЕЛ ПЕТКОВ ЙОНЧЕВ,Автоматично,ИЛИЯ ТОДОРОВ ИЛИЕВ,
74e39e19-d7b0-4363-a208-8a61637f12c6,24.08.2026 14:56,Невена Иванова Несторова,Автоматично,Мариана Георгиева Генова,
edeade5c-52f0-4971-a9df-78f7fee4002b,24.08.2026 14:55,Силвия Георгиева Иванова,Автоматично,Вера Светославова Найденова,
cbb7070b-8357-4614-aa9f-efd44b1779f6,24.08.2026 14:55,Пламена Недкова Славова - Милева,Автоматично,Мария Атанасова Минчева,
fc421001-a7b8-4094-8aa7-c675e68b1685,24.08.2026 14:58,БОРЯНА ПЕТРОВА БОНЧЕВА-ДИМИТРОВА,Автоматично,МИЛЕНА ДИМИТРОВА ПЕТЕВА-ГЕОРГИЕВА,
a6e57f03-f616-4e10-9f92-cc7fa1e958a3,24.08.2026 14:55,Антония Тонева,Автоматично,Боряна Генчева Динева,
4c0fbc2d-bb48-48b2-bde2-787635e5e767,24.08.2026 14:55,Александър Симеонов Станчев,Автоматично,Пламен Георгиев Ченджиев,
d286d529-3f32-4b9b-b799-91b1e5b0b1a7,24.08.2026 14:55,Милен Иванов Бойчев,Автоматично,Тихомира Георгиева Казасова,
48de16d3-0337-4544-89a3-11f821ec0c62,24.08.2026 14:54,Росен Димитров Костадинов,Автоматично,Росен Димитров Костадинов,
030979d3-4474-494a-90c1-c5563d2c69e2,24.08.2026 14:54,Милена Светлозарова Томова,Автоматично,Вера Светославова Найденова,
39f7fc14-1460-4666-92bc-7239d261635a,24.08.2026 14:54,Александър Венков Точевски,Автоматично,Мария Атанасова Минчева,
a03d5250-2e1b-490f-b112-cb261d63b4c7,24.08.2026 14:54,Ивалена Димитрова,Автоматично,Даниела Бориславова Минчева,
c03fa356-85a2-4178-a6e5-715bcefbef32,24.08.2026 14:54,МАРТИН РАЧКОВ БАЕВ,Автоматично,Кристиян Мончев Монев,
a9d55482-c9ab-4923-9d93-7609e2cd5fcf,24.08.2026 14:53,Олга Златева,Автоматично,Боряна Генчева Динева,
416a6c47-e2ac-4b3a-88c3-a002e2b3c1c0,24.08.2026 14:53,ЖУЛИЕТА КРЪСТЕВА СЕРАФИМОВА-ДИМИТРОВА,Автоматично,МИЛЕНА ДИМИТРОВА ДЕЧЕВА,
e10cd1c3-dd3c-4a3c-a305-a32e20a430e8,24.08.2026 14:54,Анабела Димитрова Нинова,Автоматично,Росина Николаева Дончева,
2d790ede-ca83-4d48-87ec-dbe047f021c1,24.08.2026 14:53,Донка Янкова Русинова,Разпределение по дежурство,ДИМИТРИНА ПЕТКОВА КОВАЧЕВА,
fbb6565d-29e8-4404-a2eb-7d6c1ce7eca4,24.08.2026 14:53,Биляна Силвионова Кисева,Автоматично,Пламен Георгиев Ченджиев,
59368975-407b-4777-af3c-2c2f82f6f14f,24.08.2026 14:53,Деян Стоянов Вътов,Автоматично,Мария Атанасова Минчева,
ca3c2b6a-e4a2-4943-8493-60785989d49e,24.08.2026 14:53,Дияна Атанасова Николова,Автоматично,Вера Светославова Найденова,
25a7f0da-52cd-44bc-87ce-5fd9e83b7150,24.08.2026 14:52,Росен Димитров Костадинов,Автоматично,Росен Димитров Костадинов,
a59a8673-f545-4b1f-95bb-7eaeb2dc3802,24.08.2026 14:52,Емил Димитров Стоев,Разпределение по дежурство,Емил Димитров Стоев,
d79a2074-be46-4f00-bc3c-5e026948609d,24.08.2026 14:52,Неделина Маринова,Автоматично,Даниела Бориславова Минчева,
b38bc84a-b697-40ea-8a26-385bc00733c3,24.08.2026 14:52,Росен Димитров Костадинов,Автоматично,Росен Димитров Костадинов,
11a4a5c1-056d-402a-afee-12f4e4711019,24.08.2026 14:53,КРАСИМИР ДИМИТРОВ ДИМИТРОВ,Автоматично,МИЛЕНА ДИМИТРОВА ПЕТЕВА-ГЕОРГИЕВА,
9613585b-afc1-437b-9eea-a242783de721,24.08.2026 14:51,Биляна Великова Видолова,Автоматично,Вера Светославова Найденова,
91736ea9-56d0-4a56-892d-f6aa72cdb957,24.08.2026 14:51,Петя Цветанова,Автоматично,Петя Цветанова,
4c3ecf37-5ab9-47c6-b68c-ff5dd358435e,24.08.2026 14:51,Валентина Любенова Тонева,Автоматично,Лидия Иванова Петрова,
283a6514-e633-4760-b6e9-830237c21da9,24.08.2026 14:51,Елена Николова,Автоматично,Даниела Бориславова Минчева,
177093d4-595a-405b-b1c9-b2109aeb0f4b,24.08.2026 14:51,Олга Златева,Автоматично,Боряна Генчева Динева,
d3ed5ab4-6c75-4c2a-b720-07650d3c0d97,24.08.2026 14:51,Калин Трифонов Тодоров,Автоматично,Евгения Георгиева Симеонова,
a4cee33b-5644-4973-8ecc-e9a216198bfe,24.08.2026 14:51,ГЮЛЯЙ ШЕМСИДИНОВА КОКОЕВА,Автоматично,ВЕЛИНА ВЛАДИМИРОВА КАРАГЕОРГИЕВА,
ec264b46-b832-44f9-848c-b5636324c5d0,24.08.2026 14:51,Боян Пенев Войков,Автоматично,Пламен Георгиев Ченджиев,
db4538b0-fa58-4563-9a25-6baf613286a7,24.08.2026 14:50,Методи Неделчев Антонов,Автоматично,Мария Атанасова Минчева,
28aff20d-93c1-4a80-b7aa-b01fa4768764,24.08.2026 14:51,ГЕОРГИ ГОЧЕВ ГЕОРГИЕВ,Автоматично,МИЛЕНА ДИМИТРОВА ДЕЧЕВА,
65455ea9-df90-4ede-a45b-727cc9241936,24.08.2026 14:50,Емилиян Кирилов Ангелов,Автоматично,Лидия Иванова Петрова,
141b5479-1a3e-4e44-b953-6e356aff4574,24.08.2026 14:50,Росен Димитров Костадинов,Автоматично,Росен Димитров Костадинов,
f4ec5588-0a35-4d2c-9b39-63af18a0fb76,24.08.2026 14:50,Величка Цанова,Разпределение по дежурство,Бистра Николова,
cad23884-387f-4d26-a8bb-1bf3f120c531,24.08.2026 14:50,Ралица Ангелова Маринска Ангелова,Автоматично,Вера Светославова Найденова,
3bd0a267-dc00-42a2-8c1c-0714ef1e62eb,24.08.2026 14:49,Катя Николова Гердова,Автоматично,Евгения Георгиева Симеонова,
521d6334-7ac6-484a-9c3a-5cbdea52ab77,24.08.2026 14:49,ИВЕЛИНА ПЕТРОВА ЙОРДАНОВА ИГНАТОВА,Ръчно разпределение,МАРИЯ ДИМОВА ШОЛЕКОВА,
627bcaf1-1842-4c9c-85bf-a51512598ae7,24.08.2026 14:49,Ивалена Димитрова,Автоматично,Даниела Бориславова Минчева,
4f6617e5-b780-47a5-8a13-4ceceb7412a6,24.08.2026 14:48,Димитър Христофоров Кирилов,Автоматично,Вера Светославова Найденова,
8550fc00-1d80-458b-b604-68267a8c279d,24.08.2026 14:48,Орлин Летов,Автоматично,Боряна Генчева Динева,
37d56332-871e-4343-a778-505c30420efe,24.08.2026 14:50,Ирина Руменова Славчева,Автоматично,Росина Николаева Дончева,
d8c5db28-a723-4da1-b6d4-c8304029f007,24.08.2026 14:48,ХРИСТИНА ИВАНОВА СЯРОВА,Автоматично,ХРИСТИНА ИВАНОВА СЯРОВА,
6f888c8f-6133-4aa6-b7ab-29245db17356,24.08.2026 14:48,Биляна Силвионова Кисева,Автоматично,Пламен Георгиев Ченджиев,
cd17ca99-0b02-4b09-aaac-7166d4f92b56,24.08.2026 14:48,Борис Константинов Динев,Автоматично,Евгения Георгиева Симеонова,
dd9e226d-b792-4203-bcca-a186b875079f,24.08.2026 14:50,Галя Алексиева,Автоматично,Петя Цветанова,
0d4333a3-ea35-460a-98ef-576dccca6573,24.08.2026 14:48,Атанаска Димитрова Маркова,Автоматично,Даниела Бориславова Минчева,
2207acec-dddc-4d49-99e7-3452b27b33c5,24.08.2026 14:47,ЙОХАННА ИВАНОВА АНТОНОВА,Автоматично,ХРИСТИНА ИВАНОВА СЯРОВА,
ad626953-6e00-4e6f-8e4c-e58f9323bfc7,24.08.2026 14:46,Ваня Тенева,Автоматично,Боряна Генчева Динева,
bcc7b702-beca-4221-aa33-a5e2b7d2c9b0,24.08.2026 14:46,Борис Константинов Динев,Автоматично,Евгения Георгиева Симеонова,
0f40e79c-9bca-4027-97e2-b24e7aab64a8,24.08.2026 14:48,Петя Георгиева Георгиева Стоянова,Автоматично,Кристиян Мончев Монев,
fdd5b108-d5fb-421e-9d05-def9ac540781,24.08.2026 14:47,ВЛАДИМИР ДОБРЕВ СТОЯНОВ,Разпределение по дежурство,ИЛИЯ ТОДОРОВ ИЛИЕВ,
fdd5b108-d5fb-421e-9d05-def9ac540781,24.08.2026 14:47,ГАБРИЕЛ ПЕТКОВ ЙОНЧЕВ,Разпределение по дежурство,ИЛИЯ ТОДОРОВ ИЛИЕВ,
fdd5b108-d5fb-421e-9d05-def9ac540781,24.08.2026 14:45,ДИАН МИЛЕНОВ НЕДЕЛЧЕВ,Разпределение по дежурство,ИЛИЯ ТОДОРОВ ИЛИЕВ,
ba4f8e04-42af-4aef-8990-aaebe89d8074,24.08.2026 14:45,РОСЕН ПЛАМЕНОВ АЛЕКСАНДРОВ,Автоматично,РУМЕН ДИМИТРОВ РАШЕВ,
e6185664-da98-4810-bf32-d372cbf79600,24.08.2026 14:45,Добринка Димчева Кирева,Автоматично,Димитър Стоянов Малинин,
8e0941c2-0a69-4a2b-9306-99ca5d5dcff5,24.08.2026 14:44,ХРИСТИНА ИВАНОВА СЯРОВА,Автоматично,ХРИСТИНА ИВАНОВА СЯРОВА,
5c60390d-2509-4511-9ce6-a4d6e70052a5,24.08.2026 14:46,Венелин Димитров Николаев,Разпределение по дежурство,Вера Светославова Найденова,
5acac95d-394f-4017-9efa-944ac6828f74,24.08.2026 14:43,Соня Ангелова Стефанова,Автоматично,Соня Ангелова Стефанова,
4bf7e606-b7ed-4319-ba96-1d20239fe3bf,24.08.2026 14:44,Орлин Летов,Автоматично,Боряна Генчева Динева,
318e91d8-1ae0-4fb7-b0a0-a95700c28d2a,24.08.2026 14:44,МАРИЯ ДИМОВА ШОЛЕКОВА,Ръчно разпределение,МАРИЯ ДИМОВА ШОЛЕКОВА,
6ca1915e-c881-4b8b-8d5a-ba6ebf0e5fdb,24.08.2026 14:43,Поля Павлинова Иванова,Автоматично,Поля Павлинова Иванова,
2978effe-76a4-45ad-b284-d1b80e8eeec6,24.08.2026 14:42,Елен Михайлов Маламов,Автоматично,Петър Христов Маргаритов,
3ff9cbda-0971-4522-8740-194e2a98e470,24.08.2026 15:03,Константин Георгиев Моллов,Автоматично,Ралица Иванова Хаджииванова,
775a74f3-2d1d-4df5-9396-168530d75984,24.08.2026 14:44,Невена Пламенова Великова,Автоматично,Росина Николаева Дончева,
e7c26110-a538-4193-a7cf-03a3be3825c4,24.08.2026 14:42,Руска Атанасова Андреева,Ръчно разпределение,Руска Атанасова Андреева,
3d11385d-f718-4ee6-8cfb-6492138c2abf,24.08.2026 14:42,Чавдар Иванов Попов,Автоматично,Вера Светославова Найденова,
f74f0915-3aba-4ebc-ab82-7d4e1a85570c,24.08.2026 14:42,Кремена Тодорова Стамболиева Байнова,Автоматично,Димитър Стоянов Малинин,
59a04a57-4051-4b75-aac9-b23727304b41,24.08.2026 14:42,Мартина Иванова Кирова,Автоматично,Стоян Янков Великов,
11ca7bab-ccc2-4634-8033-870a271e4b33,24.08.2026 14:42,Иван Стойнов,Автоматично,Даниела Бориславова Минчева,
c7fe1548-794e-4e5f-a5e6-6896efeead72,24.08.2026 14:40,Генчо Атанасов,Автоматично,Боряна Генчева Динева,
21d8ea9d-daac-4333-965d-3203d6eb22e7,24.08.2026 14:39,Мартина Иванова Кирова,Автоматично,Стоян Янков Великов,
2ec27da2-6fcf-42d7-acc1-299b4a0ea0c3,24.08.2026 14:39,Гюрай Алиев Мурадов,Автоматично,Стойка Аргирова Нешева,
a55b0d84-41e0-4480-a0f1-05a5da4c5c86,24.08.2026 14:38,Виолета Костадинова Апостолова,Автоматично,Стоян Янков Великов,
944901b8-a276-407e-ac82-59192296304a,24.08.2026 14:39,Румяна Христова,Автоматично,Даниела Бориславова Минчева,
c1cdfa6a-622c-4192-8634-6d62021b8a7c,24.08.2026 14:37,Нася Иванова Япаджиева,Разпределение по дежурство,Нася Иванова Япаджиева,
df69dfd7-9a4e-462f-85bb-8ced9f641dd8,24.08.2026 14:37,Донка Янкова Русинова,Автоматично,ДИМИТРИНА ПЕТКОВА КОВАЧЕВА,
504c7c27-a49f-486e-a6c4-6aa0d86d3ac4,24.08.2026 14:37,Невена Пламенова Великова,Автоматично,Росина Николаева Дончева,
53dcb69e-fc62-4dfd-8296-73cc0443f9bc,24.08.2026 14:37,Ваня Тенева,Автоматично,Боряна Генчева Динева,
ef56f407-9433-4064-bc9d-21221416fc2e,24.08.2026 14:37,Петя Димитрова Стоянова,Автоматично,ЕИСС - Централно Разпределяне,
049114bc-9010-402d-8fa9-385c4c40c7a3,24.08.2026 14:37,Надежда Маринова Александрова,Автоматично,Даниела Бориславова Минчева,
18bd3242-625c-4a16-a443-0e75697744c2,24.08.2026 14:36,Хрисимир Максимов Пройнов,Автоматично,Поля Павлинова Иванова,
14ca9314-69fb-4d2b-a148-f05100a5e469,24.08.2026 14:35,ВАЛЯ ЙОРДАНОВА МЛАДЕНОВА,Автоматично,ИЛИЯ ТОДОРОВ ИЛИЕВ,
face1365-3eda-4422-9106-f47e05439258,24.08.2026 14:34,Нася Иванова Япаджиева,Автоматично,Нася Иванова Япаджиева,
344caa4c-0ad8-4242-a838-b39ac30e72d8,24.08.2026 14:35,Марина Георгиева,Автоматично,Даниела Бориславова Минчева,
73d1a1d5-feb3-42eb-9f12-7344f3c574a9,24.08.2026 14:37,Ангелина Йоргакиева Лазарова,Ръчно разпределение,Румяна Панталеева,
73d1a1d5-feb3-42eb-9f12-7344f3c574a9,24.08.2026 14:36,Светослава Николаева Колева,Ръчно разпределение,Румяна Панталеева,
73d1a1d5-feb3-42eb-9f12-7344f3c574a9,24.08.2026 14:34,Росица Антонова Тончева,Ръчно разпределение,Румяна Панталеева,
52cd55c3-af8a-47ba-9d4d-830748b59ec7,24.08.2026 14:33,Адриана Георгиева Добрева,Автоматично,Корнелия Василева Луканова,
01facabb-1c03-4920-a502-ba4976bf513b,24.08.2026 14:33,ЛИЛИЯ ГЕОРГИЕВА ТЕРЗИЕВА,Разпределение по дежурство,ЛИЛИЯ ГЕОРГИЕВА ТЕРЗИЕВА,
b4d2d235-776b-494c-890f-1515f4147a4f,24.08.2026 14:33,Ивайло Христов Родопски,Автоматично,Росина Николаева Дончева,
33f86872-c54a-4c7f-a66d-760ace873a14,24.08.2026 14:33,Димитър Маринов Димитров,Автоматично,Нася Иванова Япаджиева,
a25e131f-cda2-4eb6-ad29-0d4fea19ea03,24.08.2026 14:32,МАРИЕТА ДИМИТРОВА БУШАНДРОВА,Автоматично,ДИМИТРИНА ПЕТКОВА КОВАЧЕВА,
7c120bd1-6543-47c4-a677-dfbcb4a972f0,24.08.2026 14:32,Аделина Троева,Автоматично,Аделина Троева,
7c120bd1-6543-47c4-a677-dfbcb4a972f0,24.08.2026 14:32,Таня Живкова,Автоматично,Аделина Троева,
7c120bd1-6543-47c4-a677-dfbcb4a972f0,24.08.2026 14:32,Елизабета Кралева,Автоматично,Аделина Троева,
dbfb8d28-84bd-47ee-9d70-cf9973f365e5,24.08.2026 14:32,КАЛИНА КРЪСТЕВА ФИЛИПОВА,Автоматично,МИХАИЛ АНГЕЛОВ АЛЕКСОВ,
bd3a9d8c-55d1-48dd-9693-ed5b70d56986,24.08.2026 14:33,Иван Режев,Автоматично,Боряна Генчева Динева,
c7a55db2-c5d0-4611-aa79-d63b8a376b7d,24.08.2026 14:32,Румяна Христова,Автоматично,Даниела Бориславова Минчева,
ec3782af-b644-4077-a061-78c58a169304,24.08.2026 14:28,Димитър Иванов Стратиев,Автоматично,Цонка Михайлова Дребчева,
4336b5e5-c661-40f0-9f15-8bc2b618158e,24.08.2026 14:29,Марина Георгиева,Автоматично,Даниела Бориславова Минчева,
37337665-1fb6-4bf4-9283-f742634ab1de,24.08.2026 14:28,КРАСИМИР СТЕФАНОВ МАРИНОВ,Автоматично,МИХАИЛ АНГЕЛОВ АЛЕКСОВ,
57c497ea-89c5-4ee9-81b0-cd5aa21de429,24.08.2026 14:27,Росен Минков Стоянов,Автоматично,Росен Минков Стоянов,
7c25527b-f356-4fcc-b2de-7b6b43123cee,24.08.2026 14:27,Иван Бонев,Автоматично,Момчил Найденов,
f1e59317-9382-45c1-b9e6-2135a5867bcb,24.08.2026 14:25,Борислав Кирилов Тончев,Разпределение по дежурство,Борислав Кирилов Тончев,
6de09b02-4201-4867-bc5d-25ef8d0d6e26,24.08.2026 14:27,Моника Жекова,Автоматично,Даниела Бориславова Минчева,
8e24b19a-5e2d-471c-a4a9-71d0fd08f074,24.08.2026 14:25,МАРИЕТА ДИМИТРОВА БУШАНДРОВА,Разпределение по дежурство,ДИМИТРИНА ПЕТКОВА КОВАЧЕВА,
710985a6-3b47-4988-84e2-6a2c3e2bb419,24.08.2026 14:23,ГЕОРГИ ГЕОРГИЕВ,Разпределение по дежурство,ГЕОРГИ ГЕОРГИЕВ,
2a10acb1-dd67-4b75-802f-3ca022323229,24.08.2026 14:23,Сунай Юсеин Осман,Автоматично,Петя Николова Попова,
600fcbb3-341f-48d5-a185-9a3aed3efefe,24.08.2026 14:23,Христина Колева,Автоматично,Даниела Бориславова Минчева,
aabf82f6-fe25-434b-bfbd-55a2b8b0d425,24.08.2026 14:22,Теодора Руменова Йорданова-Момова,Автоматично,Лидия Иванова Петрова,
fcb4f430-b478-416c-af62-a092172d3520,24.08.2026 14:22,ВЛАДИМИР РУМЕНОВ РУМЕНОВ,Автоматично,МИХАИЛ АНГЕЛОВ АЛЕКСОВ,
4acdd8fd-1ca3-48b4-b0ac-211acb224910,24.08.2026 14:22,Атанаска Анастасова,Автоматично,Момчил Найденов,
af67561a-f614-4070-82dc-59b324555a91,24.08.2026 14:21,Калин Георгиев Колешански,Автоматично,Лидия Иванова Петрова,
7872286f-3742-4e99-b2eb-5fcc7ec9f99b,24.08.2026 14:21,Христина Янева Костадинова - Чолакова,Автоматично,Мартин Искренов Пачаманов,
a37f5f66-4130-4f33-8ca2-975c57a76564,24.08.2026 14:20,Людмила Добрева Григорова-Митева,Автоматично,Лидия Иванова Петрова,
ee51f708-3e55-43bd-bea9-6af923277763,24.08.2026 14:20,Ана Иванова Илиева,Разпределение по дежурство,Силвия Георгиева Иванова,
22660ef1-b23d-453c-a3f0-133661a2d146,24.08.2026 14:20,ВЛАДИМИР ДОБРЕВ СТОЯНОВ,Автоматично,ИЛИЯ ТОДОРОВ ИЛИЕВ,
c1d62360-cfe7-4bbe-838f-55a096fb91db,24.08.2026 14:20,Димитрина Илиева Тенева,Автоматично,Мария Атанасова Минчева,
c179c786-cb85-4401-9081-992b26d309f8,24.08.2026 14:20,ВЕСИСЛАВ РУМЕНОВ ГЕНОВ,Автоматично,Мартин Искренов Пачаманов,
fb56fb7f-2212-4696-a887-3b40c0cb22af,24.08.2026 14:19,Зара Ехия Иванова,Автоматично,Лидия Иванова Петрова,
c94075aa-68a7-4d5f-8556-470bd9f7399d,24.08.2026 14:18,Петина Кръстева Николова,Автоматично,Лидия Иванова Петрова,
a34c61e5-79be-494c-b3b9-9284ce97131b,24.08.2026 14:18,Красимира Делчева Кондова,Разпределение по дежурство,Мартин Искренов Пачаманов,
c242bdfd-4855-4cb2-a70a-8fa5b840389e,24.08.2026 14:18,Емилия Атанасова Колева,Разпределение по дежурство,ХРИСТИНА АЛЕКСАНДРОВА КИРИЛОВА,
3fd05557-166b-477c-9b73-8a30dd0c98c7,24.08.2026 14:18,ЛИДИЯ ЛЪЧЕЗАРОВА ПЕНЕВА-СТОИЛОВА,Автоматично,МИХАИЛ АНГЕЛОВ АЛЕКСОВ,
d3ffcda8-e97a-4e14-9ac5-73ea44db8bad,24.08.2026 14:17,Петранка Бонева Петрова,Автоматично,Лидия Иванова Петрова,
9f6e38d4-d52a-47ea-a9a4-9bfcb20af1a4,24.08.2026 14:17,ИЛИЯ ТОДОРОВ ИЛИЕВ,Разпределение по дежурство,ИЛИЯ ТОДОРОВ ИЛИЕВ,
535de632-4993-4c97-b827-5cda5a37aa7e,24.08.2026 14:16,Мартин Стаматов,АР,Янка Ганчева,
a8199966-dc52-4f23-a14e-7e5fa660d24f,24.08.2026 14:17,Минчо Стоянов Минев,Автоматично,Мартин Искренов Пачаманов,
90d11bca-134d-45ba-b0a0-575f8ee68ec8,24.08.2026 14:19,Александър Валентинов Цветков,Автоматично,Даниела Бориславова Минчева,
7b265d91-995c-49b0-971c-e91495637ac8,24.08.2026 14:16,Олга Златева,Разпределение по дежурство,Олга Златева,
ec5da901-c43e-490b-800c-326f9b26bcf2,24.08.2026 14:15,Донка Янкова Русинова,Автоматично,ДИМИТРИНА ПЕТКОВА КОВАЧЕВА,
e2af2f0d-4cea-48aa-a0ee-6f8e0f3ce8f9,24.08.2026 14:15,Йорданка Георгиева Майска Иванова,Автоматично,Дияна Димова Христова,
c790b421-3409-445b-a299-faadf7f74dde,24.08.2026 14:15,Димо Колев,Разпределение по дежурство,Милена Карагьозова,
3d274bd4-57d7-4717-99c4-575eeff531f4,24.08.2026 14:15,НАТАЛИ ПЛАМЕНОВА ГЕНАДИЕВА,Ръчно разпределение,ВЕЛИНА ВЛАДИМИРОВА КАРАГЕОРГИЕВА,
fe9db4a2-48e6-4aa8-b839-c842eb70fcdf,24.08.2026 14:14,Емил Василев Николаев,Автоматично,Павлина Йорданова Кралева,
b025e34f-75bf-4f5e-852b-9fcb2e9eb1b1,24.08.2026 14:15,Неделина Маринова,Автоматично,Даниела Бориславова Минчева,
eaee8708-a268-4d14-82a8-ae623e5e44ae,24.08.2026 14:14,Боряна Красимирова Иванова Гащарова,Разпределение по дежурство,Радослава Маринова Йорданова,
bfefb4c6-97d8-4c55-a693-5a9a7e814a91,24.08.2026 14:18,Иво Дачев,Ръчно разпределение,Ани Петрова Иванова,
bfefb4c6-97d8-4c55-a693-5a9a7e814a91,24.08.2026 14:18,Диана Коледжикова,Ръчно разпределение,Ани Петрова Иванова,
bfefb4c6-97d8-4c55-a693-5a9a7e814a91,24.08.2026 14:15,Дияна Ценева,Разпределение по дежурство,Ани Петрова Иванова,
147f3e31-94cc-49fe-bd93-dde7f5e93449,24.08.2026 14:13,ВЛАДИМИР ДОБРЕВ СТОЯНОВ,Разпределение по дежурство,ИЛИЯ ТОДОРОВ ИЛИЕВ,
8ec2ebab-01f1-4c63-9305-13699df81375,24.08.2026 14:13,ВЕЛИЗАР СТОЯНОВ КОСТАДИНОВ,Разпределение по дежурство,ВЕЛИНА ВЛАДИМИРОВА КАРАГЕОРГИЕВА,
2dc86e00-992d-448c-a30c-a6f34548da0b,24.08.2026 14:14,Димитър Георгиев Христов,Ръчно разпределение,Кристиян Мончев Монев,
2dc86e00-992d-448c-a30c-a6f34548da0b,24.08.2026 14:14,Иво Василев Добрев,Ръчно разпределение,Кристиян Мончев Монев,
2dc86e00-992d-448c-a30c-a6f34548da0b,24.08.2026 14:13,Цвета Живкова Попова,Разпределение по дежурство,Кристиян Мончев Монев,
18c08d1a-d5fe-4c55-8695-f3c64101260d,24.08.2026 14:12,Петя Димитрова Стоянова,Автоматично,НАТАЛИЯ ПЕТКОВА ПЕТКОВА,
d1fe7845-0906-45fd-8ad0-0ea0e65a569a,24.08.2026 14:13,Кристиана Кръстева,Автоматично,Даниела Бориславова Минчева,
b0e424df-65fb-4ab0-9b39-c1948e482a71,24.08.2026 14:12,Боян Митков Цонев,Автоматично,Петя Николова Попова,
30bce6b9-65bc-43af-b965-da90ee5feff6,24.08.2026 14:12,Донка Янкова Русинова,Автоматично,ДИМИТРИНА ПЕТКОВА КОВАЧЕВА,
e6f03bac-25ed-4496-9941-11ebc597521b,24.08.2026 14:12,Мая Василева Гиздова,Разпределение по дежурство,Мая Василева Гиздова,
6539c937-189b-4981-a107-4b84e800c62e,24.08.2026 14:12,ВЕСЕЛКА НИКОЛОВА ЙОРДАНОВА,Разпределение по дежурство,ВЕЛИНА ВЛАДИМИРОВА КАРАГЕОРГИЕВА,
5db2cc87-fb08-4bf8-8a46-d71f7e2a2ff2,24.08.2026 14:11,Лидия Антоанова Георгиева,Автоматично,Иванка Асенова Рашкова,
b148438e-bf9b-4476-a0bf-d683b09c58df,24.08.2026 14:11,ГАБРИЕЛ ПЕТКОВ ЙОНЧЕВ,Разпределение по дежурство,ИЛИЯ ТОДОРОВ ИЛИЕВ,
1cbc9e12-6da4-4d00-997b-2113d0e3f3a6,24.08.2026 14:10,АЛБЕНА ТАКОВА МОМЧИЛОВА,Ръчно разпределение,ВЕЛИНА ВЛАДИМИРОВА КАРАГЕОРГИЕВА,
73a5be36-20d1-463e-876d-3962b354c160,24.08.2026 14:11,Румяна Христова,Автоматично,Даниела Бориславова Минчева,
6560d6ce-b1a0-4b22-8949-02d765512e9b,24.08.2026 14:12,Пламен Борисов,Разпределение по дежурство,Милена Карагьозова,
6560d6ce-b1a0-4b22-8949-02d765512e9b,24.08.2026 14:11,Ивелина Солакова,Разпределение по дежурство,Милена Карагьозова,
6560d6ce-b1a0-4b22-8949-02d765512e9b,24.08.2026 14:11,Валентина Христова,Разпределение по дежурство,Милена Карагьозова,
dc46d9b6-32ad-4246-b43d-524393c39e44,24.08.2026 14:10,КАМЕЛИЯ ГЕОРГИЕВА НЕНКОВА,Разпределение по дежурство,Венеция Атанасова Венева,
bdddae1b-45f5-4b9c-816c-9bf1b8f49359,24.08.2026 14:10,ИЛИЯ ТОДОРОВ ИЛИЕВ,Разпределение по дежурство,ИЛИЯ ТОДОРОВ ИЛИЕВ,
e089a95a-02ec-4e2f-8df8-c474f58e04fe,24.08.2026 14:09,АЛБЕНА ТАКОВА МОМЧИЛОВА,Ръчно разпределение,ВЕЛИНА ВЛАДИМИРОВА КАРАГЕОРГИЕВА,
e843a261-7fbd-4993-8459-af2672cb112c,24.08.2026 14:09,Нела Кръстева,Автоматично,Даниела Бориславова Минчева,
6a034c16-d3c9-46d9-9db4-231882d0c1f0,24.08.2026 14:08,АЛБЕНА ТАКОВА МОМЧИЛОВА,Ръчно разпределение,ВЕЛИНА ВЛАДИМИРОВА КАРАГЕОРГИЕВА,
ef3325a7-7bcf-49e6-9067-3dc18ff7578a,24.08.2026 14:08,ТИНА РОСЕНОВА МАЛИНОВА,Автоматично,Венеция Атанасова Венева,
0c861817-88aa-445d-935e-51cb6bb12c0a,24.08.2026 14:08,КРАСИМИР ИВАНОВ ПЕТРАКИЕВ,Автоматично,ВЕРГИНИЯ НИКОЛАЕВА ПЕТКОВА,
19807bb1-6dcd-4a0f-b7b6-75bf76cef7f2,24.08.2026 14:07,АЛБЕНА ТАКОВА МОМЧИЛОВА,Ръчно разпределение,ВЕЛИНА ВЛАДИМИРОВА КАРАГЕОРГИЕВА,
57bc758f-2d7c-4eee-ab40-8b01750cc746,24.08.2026 14:07,ГАБРИЕЛ ПЕТКОВ ЙОНЧЕВ,Разпределение по дежурство,ИЛИЯ ТОДОРОВ ИЛИЕВ,
21b83515-a83c-4b4e-bd99-e48a79d82757,24.08.2026 14:07,Татяна Лефтерова,Автоматично,Даниела Бориславова Минчева,
23557f3f-f00a-49d9-9b82-d97d25ca061b,24.08.2026 14:07,Благовеста Костова,Автоматично,Благовеста Костова,
1a9495c8-c9af-4b8f-bda4-8f5943961238,24.08.2026 14:09,Веселка Цокова Иванова,Автоматично,Петя Петрова Вълчева-Чукачева,
bb22bbf1-039c-412f-8ae6-7adcf0b4bb12,24.08.2026 14:06,АЛБЕНА ТАКОВА МОМЧИЛОВА,Ръчно разпределение,ВЕЛИНА ВЛАДИМИРОВА КАРАГЕОРГИЕВА,
dcb88d48-b756-4e90-842a-371d9ceafb75,24.08.2026 14:07,Десислава Константинова Николаева,Автоматично,Палмира Димитрова Атанасова,
ee94d292-ce87-416f-9e77-a9d55b4c2d97,24.08.2026 14:06,Катина Минева,Автоматично,Катина Минева,
72b85b4d-d433-42b2-8a31-19a4ec9b054c,24.08.2026 14:05,Стелла Светозарова Моллова,Разпределение по дежурство,Венеция Атанасова Венева,
ab011981-1a12-43f5-bf82-a20469eba3bf,24.08.2026 14:06,Атанаска Димитрова Маркова,Автоматично,Даниела Бориславова Минчева,
95924c49-4891-446d-b9b8-e528b6652d4f,24.08.2026 14:05,АЛБЕНА ТАКОВА МОМЧИЛОВА,Ръчно разпределение,ВЕЛИНА ВЛАДИМИРОВА КАРАГЕОРГИЕВА,
a8a35d30-188f-45d8-9b6b-51a3619aeb8c,24.08.2026 14:04,ГАБРИЕЛА ПЕТКОВА ДИМИТРОВА,Автоматично,ГАЛИН ХРИСТОВ ГЕОРГИЕВ,
8c7ff4a1-e113-4960-87da-63781d056b17,24.08.2026 14:04,Стелла Светозарова Моллова,Разпределение по дежурство,Венеция Атанасова Венева,
b8fe70fe-c073-4e44-853b-79d00fd24753,24.08.2026 14:04,Десислава Константинова Николаева,Автоматично,Палмира Димитрова Атанасова,
2a4259a4-619b-47db-a61a-eb8e7d3650a8,24.08.2026 14:04,АЛБЕНА ТАКОВА МОМЧИЛОВА,Ръчно разпределение,ВЕЛИНА ВЛАДИМИРОВА КАРАГЕОРГИЕВА,
c1b9ddba-8554-4141-8447-949063d3a80b,24.08.2026 14:04,Иван Стойнов,Автоматично,Даниела Бориславова Минчева,
99c952ff-ff63-4b85-bd49-1dee526edc0d,24.08.2026 14:03,Теодора Богомилова Стоянова,Автоматично,Пенка Борисова Йорданова,
b2c7290e-5f1e-4960-80e9-c2cb99331989,24.08.2026 14:03,Стелла Светозарова Моллова,Разпределение по дежурство,Венеция Атанасова Венева,
b2fa7c30-cf5a-4b77-b3a7-3305e5944e14,24.08.2026 15:17,ДОРОТЕЯ СИМЕОНОВА ЦОНЕВА,Автоматично,КАЛОЯН ВЕНЦИСЛАВОВ ГЕРГОВ,
a9f85c94-db6e-41bf-be88-b5deec18b580,24.08.2026 14:02,Благовеста Костова,Автоматично,Благовеста Костова,
5d9f1830-8edd-4577-af43-8ff9ce66150a,24.08.2026 14:02,Златина Рубиева,Автоматично,Ани Петрова Иванова,
25193b65-a10e-49bb-bed3-e9b249ab156c,24.08.2026 14:03,Мина Мумджиева,Разпределение по дежурство,ВАНЯ ИЛИЕВА ИЛИЕВА,
dd1488da-a2b5-484e-b862-2a2f99946dcd,24.08.2026 14:01,Магдалена Георгиева Татарева Кръстева,Автоматично,Радка Стайкова Божкова,
720da3df-4fa8-49fc-ae58-e8447bb06d37,24.08.2026 15:14,КАЛОЯН ВЕНЦИСЛАВОВ ГЕРГОВ,Автоматично,КАЛОЯН ВЕНЦИСЛАВОВ ГЕРГОВ,
607f2c81-166e-4afe-825c-10cea77cad51,24.08.2026 14:01,Диана Младенова Матеева,Автоматично,Венеция Атанасова Венева,
ede4926a-e63b-4a14-9065-074b2878721c,24.08.2026 14:01,Гинка Тодорова Иванова,Автоматично,Даниела Бориславова Минчева,
1eda5084-9473-4fdc-96d4-aaad95b0207f,24.08.2026 14:00,Десислава Георгиева Ютерова,Автоматично,Десислава Георгиева Ютерова,
bce458ea-8ce1-448e-9475-44ae22791ad4,24.08.2026 14:01,Стефан Марков Стойков,Разпределение по дежурство,Аксиния Борисова Атанасова,
677fc259-18b2-4b28-8c1d-2c75a99dbaef,24.08.2026 14:00,Мария Йорданова Дучева,Разпределение по дежурство,Мария Йорданова Дучева,
7cd76cb4-0b22-4542-8757-438490ea58df,24.08.2026 14:00,Адриана Георгиева Добрева,Автоматично,Корнелия Василева Луканова,
e9ed8cac-015f-4ba4-b35b-f094379c629b,24.08.2026 13:59,Мария Джанкова Богданова,Автоматично,Мария Йорданова Дучева,
1edb7b2e-4b23-418f-aa6a-20d22ec1e1a7,24.08.2026 15:13,КАЛОЯН ВЕНЦИСЛАВОВ ГЕРГОВ,Автоматично,КАЛОЯН ВЕНЦИСЛАВОВ ГЕРГОВ,
e2647a7b-fd9f-4c9b-af39-01d328f65446,24.08.2026 14:00,Христина Колева,Автоматично,Даниела Бориславова Минчева,
75f43a79-bb4a-4a16-883c-cee4d5d9def0,24.08.2026 13:59,Теодора Богомилова Стоянова,Автоматично,Пенка Борисова Йорданова,
6bf8a7b1-b241-4c33-999b-ee7de3f0f34f,24.08.2026 13:59,Валери Митков Ненков,Автоматично,Венеция Атанасова Венева,
6b13826f-ccf0-49c1-9fc7-ae50671f53ba,24.08.2026 13:59,Борислав Любомиров Чернев,Автоматично,ЕИСС - Централно Разпределяне,
570e897b-34c9-4df7-9aba-fc4f33470d65,24.08.2026 13:59,АДЕЛИНА НИКОЛАЕВА АНДРЕЕВА,Автоматично,ИВАЙЛО АЛЕКСАНДРОВ ЙОРДАНОВ,
9f10d710-e4af-4bb1-9a26-1cc0653eba50,24.08.2026 13:58,Снежина Колева,Разпределение по дежурство,ВАНЯ ИЛИЕВА ИЛИЕВА,
2f60bde6-b468-448e-968a-edb3e654dbfa,24.08.2026 13:58,Неделина Маринова,Автоматично,Даниела Бориславова Минчева,
7b8ae097-a2e3-4b23-bce0-48f8108e84c7,24.08.2026 14:01,Диляна Господинова,Ръчно разпределение,Весела Борисова Гергова,
7b8ae097-a2e3-4b23-bce0-48f8108e84c7,24.08.2026 14:00,Петя Хорозова,Ръчно разпределение,Весела Борисова Гергова,
7b8ae097-a2e3-4b23-bce0-48f8108e84c7,24.08.2026 13:57,Десислава Добрева,Разпределение по дежурство,Весела Борисова Гергова,
7bb623ba-aa91-42cc-aa41-704ffabf07f9,24.08.2026 13:56,Димитър Димитров,Автоматично,Даниела Бориславова Минчева,
45f49f61-e558-4464-9f8f-208e6ce6886a,24.08.2026 13:56,КРАСИМИР ИВАНОВ ПЕТРАКИЕВ,Разпределение по дежурство,ВЕРГИНИЯ НИКОЛАЕВА ПЕТКОВА,
169d537b-6d36-4ff9-8ccd-f59e54bcaec2,24.08.2026 13:56,БИЛЯНА СИМЧЕВА,Автоматично,ИВАЙЛО АЛЕКСАНДРОВ ЙОРДАНОВ,
962533f1-aa36-435e-962c-617701c777f6,24.08.2026 13:55,Методи Неделчев Антонов,Автоматично,Мария Атанасова Минчева,
913da8cb-a0f4-4327-87e3-e73db1d1e29d,24.08.2026 13:56,МАРИЯ ДИМОВА ШОЛЕКОВА,Ръчно разпределение,МАРИЯ ДИМОВА ШОЛЕКОВА,
5ad0f5ce-f55a-443d-812c-7ec8c014d06c,24.08.2026 13:55,Венелин Димитров Николаев,Разпределение по дежурство,Венелин Димитров Николаев,
848aa5c3-7be1-46e0-a892-fb94738e79f4,24.08.2026 13:55,Никола Петров Римпопов,Автоматично,Пенка Борисова Йорданова,
ba4d3b8d-b3d8-4900-b342-12d5e7257ee6,24.08.2026 13:55,Александър Валентинов Цветков,Автоматично,Даниела Бориславова Минчева,
678ae900-8152-4ff3-b883-791f021e822a,24.08.2026 13:54,Елена Димитрова Герцова,Автоматично,Мария Атанасова Минчева,
24860a01-78d1-4c62-991e-0884ecc772ba,24.08.2026 13:54,МАГДАЛЕНА СТАНЧЕВСКА,Автоматично,МАГДАЛЕНА СТАНЧЕВСКА,
e96b0336-4331-465c-b340-ca3a421f1453,24.08.2026 13:54,Антон Еленков Антов,Автоматично,Антон Еленков Антов,
7d2ef5b2-2ace-41b3-8fac-67005956323b,24.08.2026 13:55,Красимир Стефанов Комсалов,Разпределение по дежурство,Георги Георгиев Малинов,
2747a264-84a2-4d8b-9b85-fa842aca999d,24.08.2026 13:53,МАГДАЛЕНА СТАНЧЕВСКА,Автоматично,МАГДАЛЕНА СТАНЧЕВСКА,
d46eab82-4f56-4e06-b183-88276aec2829,24.08.2026 13:53,Ина Ивайлова Лазарова,Автоматично,Мария Атанасова Минчева,
16493a56-d55a-4f93-af4e-064d8ba58d07,24.08.2026 13:53,Пенка Борисова Йорданова,Автоматично,Пенка Борисова Йорданова,
b18d180f-c415-4e13-8e74-953d49a23430,24.08.2026 13:53,РЕНИ ВАЛЕНТИНОВА ГЕОРГИЕВА,Разпределение по дежурство,ВЕРГИНИЯ НИКОЛАЕВА ПЕТКОВА,
0d2e08b3-0512-4b2f-82ff-18441eab56bb,24.08.2026 13:53,МАРИЯ ИЛЧЕВА ИЛИЕВА,Автоматично,ИВАЙЛО АЛЕКСАНДРОВ ЙОРДАНОВ,
d1d16b43-0645-4dda-997a-931eb1135d15,24.08.2026 13:53,Бойко Александров Мачорски,Автоматично,Даниела Бориславова Минчева,
825b0493-1826-497c-bb01-6263cad6850f,24.08.2026 13:52,Илия Олегов Милев,Разпределение по дежурство,Христо Витков Първанов,
cdd58276-a674-467c-aaf1-26c0468b7da9,24.08.2026 13:52,Пенка Николаева Братанова,Ръчно разпределение,Пенка Николаева Братанова,
33c63955-e7eb-457d-b52d-324d28f4694d,24.08.2026 13:52,МАГДАЛЕНА СТАНЧЕВСКА,Автоматично,МАГДАЛЕНА СТАНЧЕВСКА,
d52ee05f-659d-4f14-a9af-a2a4d41f61bc,24.08.2026 13:51,Красимир Стефанов Комсалов,Разпределение по дежурство,Георги Георгиев Малинов,
16ea6ba8-4c68-46fc-9822-8eab087cd413,24.08.2026 13:50,Ваня Атанасова,Автоматично,Ани Петрова Иванова,
2387b477-edc6-4575-a17a-05393ebe752b,24.08.2026 13:50,РЕНИ ВАЛЕНТИНОВА ГЕОРГИЕВА,Разпределение по дежурство,ВЕРГИНИЯ НИКОЛАЕВА ПЕТКОВА,
125cacad-3f66-4b3b-a866-01a7b92898d0,24.08.2026 13:50,ЗОРНИЦА ДОНКОВА ПАВЛОВА,Автоматично,ТОДОР ИВАНОВ ДИМИТРОВ,
b176b2a8-abe2-4fd5-aa32-62aaa3d78652,24.08.2026 13:50,ДЕСИСЛАВА СТОЯНОВА ВЛАЙКОВА,Автоматично,ИВАЙЛО АЛЕКСАНДРОВ ЙОРДАНОВ,
92c7d02e-f736-49c2-bc3e-bce27179325f,24.08.2026 13:49,Галя Трифонова Динкова,Автоматично,Дончо Тончев Донев,
3e60f825-1890-431b-beec-eba94d01cce1,24.08.2026 13:49,Христо Георгиев Иванов,Автоматично,Мария Атанасова Минчева,
5b58b02e-3f4b-4098-a261-2926ce56ceda,24.08.2026 13:49,Соня Ангелова Стефанова,Разпределение по дежурство,Соня Ангелова Стефанова,
cf1f53a1-0a17-40c7-ab40-d464e8961646,24.08.2026 13:49,Пенка Николаева Братанова,Ръчно разпределение,Пенка Николаева Братанова,
8b02a414-4ca1-47b3-bfae-4bc96928aa0b,24.08.2026 13:48,Соня Ангелова Стефанова,Разпределение по дежурство,Соня Ангелова Стефанова,
985c323d-bf2b-4380-acf8-628857c914c9,24.08.2026 13:48,Виолета Веселинова Низамова,Автоматично,Мария Атанасова Минчева,
4808cf7e-b415-4d7e-bae9-4f8ff61812b5,24.08.2026 13:49,Красимир Стефанов Комсалов,Разпределение по дежурство,Георги Георгиев Малинов,
9e642ae8-5dfc-4169-ae1d-ec4ed3ce50b9,24.08.2026 13:48,ТОДОР ИВАНОВ ДИМИТРОВ,Автоматично,ТОДОР ИВАНОВ ДИМИТРОВ,
9d92ebda-f7b0-48b6-861e-f5c982c1e7ab,24.08.2026 13:47,Соня Ангелова Стефанова,Разпределение по дежурство,Соня Ангелова Стефанова,
a3f19b07-8bb2-48bc-bd29-55b4fa7bf20d,24.08.2026 13:53,Емилия Атанасова Колева,Автоматично,ВАНЯ ИЛИЕВА ИЛИЕВА,
6f940150-c02d-4f62-84a8-eb7b6a35cfad,24.08.2026 13:47,Светослав Николаев Узунов,Автоматично,Мария Атанасова Минчева,
ced16bac-a993-42ce-ae72-99647c90007c,24.08.2026 13:47,Борислав Методиев Методиев,Автоматично,Борислав Методиев Методиев,
48bc4ebb-63a9-4686-963d-16c78b3fb23d,24.08.2026 13:47,Галя Трифонова Динкова,Автоматично,Дончо Тончев Донев,
9ece05fd-14a6-44c3-a8f7-b5bf99702510,24.08.2026 13:46,ПЕТЯ ИВАНОВА ЗДРАВКОВА,Автоматично,ДЕНИЦА АНГЕЛОВА ЦВЕТКОВА,
98031ba4-8327-4c89-894b-1c4070f42b78,24.08.2026 13:46,БОГДАН РУСЕВ РУСЕВ,Разпределение по дежурство,САШКА АНГЕЛОВА ВЕЛИНОВА,
2a5b3fc4-b757-4808-99c0-84464c36e8f4,24.08.2026 13:46,АДЕЛИНА НИКОЛАЕВА АНДРЕЕВА,Автоматично,ИВАЙЛО АЛЕКСАНДРОВ ЙОРДАНОВ,
6416d5f9-33bb-48f6-9ea2-ca490864622d,24.08.2026 13:45,Марин Митков Чорбаджийски,Автоматично,Марин Митков Чорбаджийски,
75e6b2cc-ff60-4522-bfcd-a8188cf065d7,24.08.2026 13:45,Иван Георгиев Бекяров,Автоматично,Мария Атанасова Минчева,
945d15d8-b714-40b6-9d4b-13764cce7dc5,24.08.2026 13:45,КРИСТИЯН РОСЕНОВ ТРЕНДАФИЛОВ,Автоматично,ВАНЯ ПЕТКОВА ГЕОРГИЕВА,
3f902b67-92d3-4bf8-9c52-5c2d5314b46f,24.08.2026 13:45,Ивайло Митков Енчев,Автоматично,Дончо Тончев Донев,
9c5a5e0f-e997-45da-8a81-a0a9c579c70f,24.08.2026 13:45,ИНА МИЛЧЕВА ГЕНЖОВА,Разпределение по дежурство,САШКА АНГЕЛОВА ВЕЛИНОВА,
dfc94400-d1a8-4308-b227-434fb1a7affb,24.08.2026 13:44,Татяна Христова Костадинова,Автоматично,Пенка Николаева Братанова,
e29b31b1-4aef-455b-8cf1-7dde3f12ba7d,24.08.2026 13:44,Красимир Стефанов Комсалов,Разпределение по дежурство,Георги Георгиев Малинов,
d66e2824-8a4b-4663-a8cb-43180103b1aa,24.08.2026 13:44,Габриел Росенов Русев,Автоматично,Мария Атанасова Минчева,
26622752-8a34-47d9-99be-404ff4b0b818,24.08.2026 13:44,ГАЛИНА СЛАВОВА ГЕОРГИЕВА,Автоматично,ГАЛИНА СЛАВОВА ГЕОРГИЕВА,
d1f2606d-23b7-456a-87be-f75ba280e87e,24.08.2026 13:44,Ивайло Митков Енчев,Автоматично,Дончо Тончев Донев,
91ddd233-a17d-46d3-8cc9-e75a55231dda,24.08.2026 13:44,МИЛА ГОЧЕВА ДИМОВА-СПАСОВА,Разпределение по дежурство,САШКА АНГЕЛОВА ВЕЛИНОВА,
4bed1fbd-41d0-4155-a193-53b0acab7f7e,24.08.2026 13:44,АННА РУМЕНОВА КОФИНОВА,Автоматично,ВАНЯ ПЕТКОВА ГЕОРГИЕВА,
bd2556a1-f994-4f07-9370-56c3cd2909c1,24.08.2026 13:43,Димитър Стефанов Михайлов,Разпределение по дежурство,РАЛИЦА РОСЕНОВА ИВАНОВА,
285e7894-f967-4f3f-b83b-095cebf9b129,24.08.2026 13:43,ГЕОРГИ ГОЧЕВ ГЕОРГИЕВ,Разпределение по дежурство,ГЕОРГИ ГОЧЕВ ГЕОРГИЕВ,
eb1875ed-fc3f-4a20-ba3b-4b6bd95a7a89,24.08.2026 13:43,КРИСТИЯН РОСЕНОВ ТРЕНДАФИЛОВ,Разпределение по дежурство,САШКА АНГЕЛОВА ВЕЛИНОВА,
0a0ac101-a715-4b75-b3d6-482e0d2e30fe,24.08.2026 13:43,Иван Георгиев Калибацев,Автоматично,Мария Атанасова Минчева,
d09dbbb1-cb73-4d05-be63-4064c51740f0,24.08.2026 13:43,Светлана Димитрова Митрушева Атанасова,Разпределение по дежурство,Светлана Димитрова Митрушева Атанасова,
5678e87b-ef88-4a2b-939c-336ff35439d4,24.08.2026 13:43,ЯНА ЕМИЛОВА ВЛАДИМИРОВА ПАНОВА,Автоматично,ИВАЙЛО АЛЕКСАНДРОВ ЙОРДАНОВ,
227690c0-2efa-44c1-ad56-69e7159e68e8,24.08.2026 13:42,ДИАНА КИРИЛОВА АНГЕЛОВА,Разпределение по дежурство,САШКА АНГЕЛОВА ВЕЛИНОВА,
56eba16a-b85a-4be9-9acd-ec4205778e22,24.08.2026 13:41,Иван Георгиев Калибацев,Автоматично,Мария Атанасова Минчева,
f8d54eef-1584-4d69-bc97-4b3316a710f6,24.08.2026 13:40,Спасимир Спасов Здравчев,Автоматично,Мария Атанасова Минчева,
ace0e411-94fa-4923-8408-5e268f995b38,24.08.2026 13:40,Тихомира Георгиева Казасова,Разпределение по дежурство,Тихомира Георгиева Казасова,
1b92c00f-ca79-472f-a953-56757f48fa50,24.08.2026 13:40,ВЕСЕЛИНА ИВАНОВА ДИМЧЕВА,Разпределение по дежурство,САШКА АНГЕЛОВА ВЕЛИНОВА,
9d1ce0b0-1125-4304-8bb8-073c6e7f97d0,24.08.2026 13:40,Ина Ивайлова Лазарова,Автоматично,Мария Атанасова Минчева,
dbae57bf-1eed-4921-8ee9-26fadf9cf9a3,24.08.2026 13:40,Димитър Стефанов Михайлов,Разпределение по дежурство,РАЛИЦА РОСЕНОВА ИВАНОВА,
3f0cd584-a99d-4444-98ba-26724eed47ac,24.08.2026 13:39,НИКОЛАЙ ИЛИЕВ НИКОЛОВ,Разпределение по дежурство,САШКА АНГЕЛОВА ВЕЛИНОВА,
ee6c1b23-8431-4f40-a92a-1b44781249e1,24.08.2026 13:40,ГЕРГАНА КИРИЛОВА ГЕОРГИЕВА,Автоматично,ВАНЯ ПЕТКОВА ГЕОРГИЕВА,
cc75a51f-ef8f-4a0a-beff-c75d52dec15d,24.08.2026 13:40,РАФАЕЛА СТОИЛОВА МАТЕВА,Автоматично,ИВАЙЛО АЛЕКСАНДРОВ ЙОРДАНОВ,
f5b8b026-086b-400a-88e3-f975bcbaeb0b,24.08.2026 13:39,Тихомира Георгиева Казасова,Разпределение по дежурство,Тихомира Георгиева Казасова,
1d08d131-4675-4789-a694-ff389a2fea72,24.08.2026 13:40,Камелия Маринова,Автоматично,Ани Петрова Иванова,
9e00b30d-9ddc-4578-8770-b72825c7e78a,24.08.2026 13:39,Пламен Калинов Кучев,Автоматично,РОСИЦА ХРИСТОВА ТОДОРОВА,
b3705e04-2cb7-4684-8fe3-e60b9574b545,24.08.2026 13:39,КРИСТИЯН РОСЕНОВ ТРЕНДАФИЛОВ,Разпределение по дежурство,САШКА АНГЕЛОВА ВЕЛИНОВА,
d29b160a-4ed7-4c0f-8ff9-2cae3aa7cfc3,24.08.2026 13:39,Габриел Росенов Русев,Автоматично,Мария Атанасова Минчева,
dca29d68-c703-485c-aba3-7cb258aa9faf,24.08.2026 13:39,Иван Стойнов,Автоматично,Даниела Бориславова Минчева,
dcad44c2-8b7c-40dc-adca-daab16b41b24,24.08.2026 13:38,НИКОЛАЙ Б ВАСИЛЕВ,Автоматично,ВЕЛИНА ВЛАДИМИРОВА КАРАГЕОРГИЕВА,
0bc09397-4075-4c2f-83de-e0b069ac55be,24.08.2026 13:38,ИНА МИЛЧЕВА ГЕНЖОВА,Разпределение по дежурство,САШКА АНГЕЛОВА ВЕЛИНОВА,
bc7826d0-b7d4-407f-8518-b97e56df4c45,24.08.2026 13:38,ЛЮБОМИР ХРИСТОСКОВ ВЪРБЕВ,Автоматично,РОСИЦА ХРИСТОВА ТОДОРОВА,
d3ef46a9-15e1-4ac8-829f-ca118771b450,24.08.2026 13:38,СИЛВИЯ ПЕТРОВА НИКОЛОВА,Автоматично,ВАНЯ ПЕТКОВА ГЕОРГИЕВА,
b9c5d0da-a3ea-4430-a93c-8d3a4b63156a,24.08.2026 13:38,Елена Арнаучкова,Автоматично,Татяна Илиева Борисова,
1d1691c3-031d-4fac-bf4d-4f2c9957a8dc,24.08.2026 13:38,Тихомира Георгиева Казасова,Разпределение по дежурство,Тихомира Георгиева Казасова,
60b003b0-d9c7-4fce-9647-859ff7d399d5,24.08.2026 13:37,ДИАНА КИРИЛОВА АНГЕЛОВА,Разпределение по дежурство,САШКА АНГЕЛОВА ВЕЛИНОВА,
af2ac0c5-cbb6-4ac0-a968-34e5d3413ad5,24.08.2026 13:37,ВАНЯ БОРИСОВА ИВАНОВА ЗГУРОВА,Автоматично,ИВАЙЛО АЛЕКСАНДРОВ ЙОРДАНОВ,
c22a8297-fd4c-4f02-8dd1-fbae29165558,24.08.2026 13:37,СТАНИМИР БОРИСОВ МИРОВ,Автоматично,ВЕЛИНА ВЛАДИМИРОВА КАРАГЕОРГИЕВА,
98143762-4fed-44f9-9c3e-5a2174654b0e,24.08.2026 13:38,Георги Митев,Автоматично,АНАСТАСИЯ ПАСКОВА ГЕОРГИЕВА,
28dd9015-e0a5-47cc-9fed-7875ad305479,24.08.2026 13:37,КАТЯ БОЖИДАРОВА АНГЕЛОВА-ПЕТРОВА,Автоматично,РОСИЦА ХРИСТОВА ТОДОРОВА,
d6ae89a0-7e67-49ee-8f7b-62f4fa4d8f66,24.08.2026 13:36,Димитър Стефанов Михайлов,Разпределение по дежурство,РАЛИЦА РОСЕНОВА ИВАНОВА,
4b21c139-5a58-4649-8125-1c9283108d56,24.08.2026 13:37,Мария Емилова Антова,Автоматично,Чавдар Андреев Тодоров,
2402bec7-6eab-4d78-b10f-2342a7402ae9,24.08.2026 13:36,КОНСТАНТИН АЛЕКСАНДРОВ КУНЧЕВ,Разпределение по дежурство,САШКА АНГЕЛОВА ВЕЛИНОВА,
fb849a27-edac-40bf-ad77-79966e080793,24.08.2026 13:35,Мартин Стаматов,АР,Янка Ганчева,
ffa383c9-d40b-4c73-beec-44061fb5666a,24.08.2026 13:35,Тихомир Руменов Рачев,Автоматично,Чавдар Андреев Тодоров,
e372b31e-f926-4dee-9766-827ae8b28fc3,24.08.2026 13:35,ВЕСЕЛИНА ИВАНОВА ДИМЧЕВА,Разпределение по дежурство,САШКА АНГЕЛОВА ВЕЛИНОВА,
6c66b302-4fa2-45df-939d-e64205553be8,24.08.2026 13:35,АДЕЛИНА НИКОЛАЕВА АНДРЕЕВА,Автоматично,ИВАЙЛО АЛЕКСАНДРОВ ЙОРДАНОВ,
52add003-141a-46dc-a0a9-9f821d642886,24.08.2026 13:34,ВЕЛИЗАР СТОЯНОВ КОСТАДИНОВ,Автоматично,ВЕЛИНА ВЛАДИМИРОВА КАРАГЕОРГИЕВА,
a626fbb3-c56e-4c1b-b31f-7c6c38add0fb,24.08.2026 13:34,Наталия Дичева,АР,Янка Ганчева,
7aa42139-ae45-4a12-bba3-390d57a4451c,24.08.2026 13:38,Ина Ивайлова Лазарова,Автоматично,Мария Атанасова Минчева,
4977795c-fb55-4746-b322-80ca0a0584db,24.08.2026 13:33,ГАЛИНА ГЕОРГИЕВА ГОСПОДИНОВА СТЕФАНОВА,Автоматично,ВЕЛИНА ВЛАДИМИРОВА КАРАГЕОРГИЕВА,
72908105-41f0-431b-9824-0aa219be9fc4,24.08.2026 13:33,ЛЮБОМИР ИЛИЕВ ИГНАТОВ,Автоматично,ВАНЯ ПЕТКОВА ГЕОРГИЕВА,
01f59513-53a5-4d11-bbd8-c668d0da8b7d,24.08.2026 13:35,Ивайло Димитров Иванов,Автоматично,Тихомира Георгиева Казасова,
3899d4bb-2305-4c28-8250-2853143fc3bd,24.08.2026 13:32,МАРГАРИТА ДИМИТРОВА ДИМИТРОВА,Автоматично,ВЕЛИНА ВЛАДИМИРОВА КАРАГЕОРГИЕВА,
0e56ca06-ccdf-4f7c-a071-50f314641934,24.08.2026 13:33,МАРИЯ ГЕОРГИЕВА КОЮВА,Автоматично,ИВАЙЛО АЛЕКСАНДРОВ ЙОРДАНОВ,
9ebd3af8-e21a-40ba-8513-83b230b9294d,24.08.2026 13:32,КРИСТИЯН РОСЕНОВ ТРЕНДАФИЛОВ,Автоматично,ВАНЯ ПЕТКОВА ГЕОРГИЕВА,
dafe09ed-525d-432d-abff-130537148c5d,24.08.2026 13:31,ХРИСТИНА БОРИСЛАВОВА НИКОЛОВА,Автоматично,ВЕЛИНА ВЛАДИМИРОВА КАРАГЕОРГИЕВА,
732f02ce-15f3-4a82-aac9-a3bc41fe64a6,24.08.2026 13:31,Александър Цонев,Автоматично,Ани Петрова Иванова,
8b00424b-c360-4e1c-879f-6b6ca2455944,24.08.2026 13:30,Илияна Цветкова Тодорова Аловска,Разпределение по дежурство,НАТАЛИЯ ПЕТКОВА ПЕТКОВА,
c0e3ede3-7f78-476e-b816-751a82f8f2cc,24.08.2026 13:30,ВЕЛИЗАР СТОЯНОВ КОСТАДИНОВ,Автоматично,ВЕЛИНА ВЛАДИМИРОВА КАРАГЕОРГИЕВА,
825630d0-8cb6-4adb-8c2e-23e56c8ee243,24.08.2026 13:30,ПЕТЯ ПЕТКОВА СТОЯНОВА,Автоматично,ВАНЯ ПЕТКОВА ГЕОРГИЕВА,
4e7ee779-6278-406b-81ea-9b03687227b9,24.08.2026 13:30,Мария Стоянова Танева,Автоматично,ИВАЙЛО АЛЕКСАНДРОВ ЙОРДАНОВ,
03b84159-7cb2-4f62-be49-775f6d9830bc,24.08.2026 13:29,Антонина Даниелова Якимова,Автоматично,Веселина Димитрова Хаджиева,
aac5068a-65f7-49dd-831d-9ffe929be164,24.08.2026 13:29,ВАНЯ АНГЕЛОВА ГОРАНОВА,Автоматично,ВЕЛИНА ВЛАДИМИРОВА КАРАГЕОРГИЕВА,
ccca6989-aace-42b8-9fb4-015585702a39,24.08.2026 13:29,ПЛАМЕНА САШЕВА ТРЕНЧЕВА,Ръчно разпределение,ВАНЯ ПЕТКОВА ГЕОРГИЕВА,
8da86683-c391-4a0d-b8ce-de7079a3a4c5,24.08.2026 13:28,ПЕТЯ ДАНАИЛОВА ПЕТКОВА,Автоматично,ВЕЛИНА ВЛАДИМИРОВА КАРАГЕОРГИЕВА,
78ec4c34-4f5e-476a-a8e4-83ea30699043,24.08.2026 13:28,Иван Борисов Вътков,Разпределение по дежурство,Иван Борисов Вътков,
310e9207-6617-43ac-89cb-3a443d0b1ff5,24.08.2026 13:27,КЕТИ МИХОВА КОСЕВА,Автоматично,КЕТИ МИХОВА КОСЕВА,
a5cad7fc-3416-4350-a61c-f8e4090336a6,24.08.2026 13:27,ПЛАМЕНА САШЕВА ТРЕНЧЕВА,Ръчно разпределение,ВАНЯ ПЕТКОВА ГЕОРГИЕВА,
3daaecb0-d916-49fd-85a0-45100042a818,24.08.2026 13:26,Иван Борисов Вътков,Разпределение по дежурство,Иван Борисов Вътков,
a558954c-12f2-495e-acc8-959e252b41ee,24.08.2026 13:26,ТОДОР АСЕНОВ,Автоматично,ИЛИЯ СТОЯНОВ ПИСАРЕВ,
f3800fed-61a0-44b7-9e22-5dd8942f7302,24.08.2026 13:26,СИЛВИЯ СТЕФАНОВА ХАЗЪРБАСАНОВА,Автоматично,ИВАЙЛО АЛЕКСАНДРОВ ЙОРДАНОВ,
19962aba-1d1c-4ef4-9c7c-86d1df4cbc19,24.08.2026 13:25,Мария Максимова Караджова,Автоматично,Мария Максимова Караджова,
c0499ecd-5535-4d8c-b586-b5074e191837,24.08.2026 13:24,Петър Милков Милев,Автоматично,Мария Максимова Караджова,
92340987-2669-4143-bb07-85877991657d,24.08.2026 13:24,ЛИЛИЯ ИВАНОВА МИТЕВА,Автоматично,ВАНЯ ПЕТКОВА ГЕОРГИЕВА,
048cb6d6-11d3-41bd-bc4d-f831dcb39ff3,24.08.2026 13:24,Стефка Томова Пашова,Разпределение по дежурство,Мария Максимова Караджова,
3260d01b-cfbd-42fa-bcce-09bf1ee77749,24.08.2026 13:23,Стефка Томова Пашова,Разпределение по дежурство,Мария Максимова Караджова,
a8b7a21c-7169-4d48-884a-48252b106cf9,24.08.2026 13:23,Стефка Томова Пашова,Разпределение по дежурство,Мария Максимова Караджова,
03ee7612-9d8f-4766-b8a8-743c3ada8704,24.08.2026 13:23,РОЗАЛИНА ГЕОРГИЕВА БОТЕВА,Автоматично,ИВАЙЛО АЛЕКСАНДРОВ ЙОРДАНОВ,
d92d07df-0f1d-42f8-931d-f3c12fae80f5,24.08.2026 13:22,ТОДОР АСЕНОВ,Автоматично,ИЛИЯ СТОЯНОВ ПИСАРЕВ,
cd608a05-fdb4-44ef-8c27-457ac494cfc6,24.08.2026 13:21,КРАСИМИР СТЕФАНОВ МАРИНОВ,Автоматично,МИХАИЛ АНГЕЛОВ АЛЕКСОВ,
291e6018-1ab2-47f5-bdf4-d478a9304a59,24.08.2026 13:21,Михаела Георгиева Клечерова,Автоматично,Величка Иванова Терзиева,
f1c51893-c1ab-4b4c-9e3b-d3adb97b9263,24.08.2026 13:21,СИЛВИЯ ПЕТРОВА НИКОЛОВА,Автоматично,ВАНЯ ПЕТКОВА ГЕОРГИЕВА,
dbccf0a4-2fd9-4356-b661-0619bcf1ecca,24.08.2026 13:20,Росица Божилова,Автоматично,Татяна Илиева Борисова,
26fd2056-363c-4abe-987b-737aec657d37,24.08.2026 13:20,ДЕБОРА МИЛЕНОВА ВЪЛКОВА ТЕРЗИЕВА,Автоматично,ВЕЛИНА ВЛАДИМИРОВА КАРАГЕОРГИЕВА,
27b38a65-af52-4397-b071-0ae9d5e22ccd,24.08.2026 13:20,ДЕСИСЛАВА ГЕОРГИЕВА ИВАНОВА,Автоматично,ИВАЙЛО АЛЕКСАНДРОВ ЙОРДАНОВ,
edfc77ba-0565-4a9e-83a2-94fbc7c8d732,24.08.2026 13:19,ПЛАМЕН ИВАНОВ ШУМКОВ,Автоматично,ВАНЯ ПЕТКОВА ГЕОРГИЕВА,
5a1055b2-9654-473d-8440-24fed5e94f0b,24.08.2026 13:18,ВЕЛИЗАР СТОЯНОВ КОСТАДИНОВ,Автоматично,ВЕЛИНА ВЛАДИМИРОВА КАРАГЕОРГИЕВА,
815eb784-48e9-4490-b796-e5ee8418165e,24.08.2026 13:17,Велислава Иванова Илиева,Автоматично,Красимир Мазгалов,
6fcb7c28-dce3-4c86-951a-d788820a0d73,24.08.2026 13:18,ЛОРА ЛЮБОМИРОВА ДИМОВА ПЕТКОВА,Автоматично,ВАНЯ ПЕТКОВА ГЕОРГИЕВА,
007227ce-de22-45b2-a4cf-d9f60c89c4f3,24.08.2026 13:17,ЛИДИЯ ЛЪЧЕЗАРОВА ПЕНЕВА-СТОИЛОВА,Автоматично,МИХАИЛ АНГЕЛОВ АЛЕКСОВ,
4e961f99-9323-4cd7-8de0-58a2cf496f93,24.08.2026 13:16,Атанас Стефанов Караиванов,Автоматично,Красимир Мазгалов,
3ab01233-ee16-471a-b846-93f91e9cb4c4,24.08.2026 13:16,Зорница Хайдукова,Автоматично,Татяна Илиева Борисова,
f302e027-43d5-4776-9818-a16611ac8059,24.08.2026 13:16,РАДМИЛА ИВАЙЛОВА МИРАЗЧИЙСКА,Автоматично,ВАНЯ ПЕТКОВА ГЕОРГИЕВА,
8b4d629e-66e3-4394-9d3f-adf6b5d68a85,24.08.2026 13:14,Даяна Динчева Парталска,Автоматично,Красимир Мазгалов,
86de5fe2-f178-4d02-818d-3e69013d3c27,24.08.2026 13:14,Петя Хорозова,Автоматично,Нели Георгиева Чавеова,
d90f6dcc-7e46-4ae7-8b44-0189bf117b15,24.08.2026 13:14,Димитър Пенчев Стоянов,Разпределение по дежурство,КАЛИНА ХРИСТОВА ЕВТИМОВА,
c9d5b5e9-0f73-455a-840b-f64a97149299,24.08.2026 13:13,Мария Георгиева Илиева,Автоматично,Красимир Мазгалов,
a7faf68b-e8f7-4009-83dc-1de7f41e6968,24.08.2026 13:12,Стела Кацарова,Автоматично,Красимир Мазгалов,
44b54e7d-cdf7-466c-a6a2-c548f7927440,24.08.2026 13:12,Боян Балевски,Автоматично,Нели Георгиева Чавеова,
31280019-69ed-414d-b01a-fcacfc14a8df,24.08.2026 13:11,Стефан Исаков Шекерджийски,Разпределение по дежурство,Красимир Мазгалов,
5dee0d32-820c-45b7-b0f7-e1c3646e5dc8,24.08.2026 13:11,Димитър Пенчев Стоянов,Разпределение по дежурство,КАЛИНА ХРИСТОВА ЕВТИМОВА,
f9222392-59a0-49e9-8f03-6cdf689b49d6,24.08.2026 13:11,КАЛИНА ВЕНЦИСЛАВОВА СТАНЧЕВА,Автоматично,ИВАЙЛО АЛЕКСАНДРОВ ЙОРДАНОВ,
c513ec3d-ca97-453b-8813-dfb6a7e78beb,24.08.2026 13:10,Силвана Гълъбова,Автоматично,Красимир Мазгалов,
3b58d25c-67fd-4bff-b660-faa3f3e4a24e,24.08.2026 13:09,Сунай Юсеин Осман,Автоматично,ЕИСС - Централно Разпределяне,
dda65c38-3719-4bce-a029-e257968bbfb4,24.08.2026 13:09,Никола Чомпалов,Ръчно разпределение,Нели Георгиева Чавеова,
eaf3238e-d820-4c7b-be36-170e446f351d,24.08.2026 13:08,БОРЯНА СТЕФАНОВА ШОМОВА СТАВРУ,Автоматично,ИВАЙЛО АЛЕКСАНДРОВ ЙОРДАНОВ,
6461ea55-c04a-4173-bc2f-d84116952842,24.08.2026 13:07,Димитринка Емилова Купринджийска,Разпределение по дежурство,Цветанка Христова Маринова,
c8a69d14-c6a4-47a0-a6cb-1003dfc6ce90,24.08.2026 13:06,ВЛАДИМИР ТОДОРОВ КАРАГЬОЗОВ,Разпределение по дежурство,Виолета Недева Христова,
48c81657-902c-49e0-8ca3-9354850cddbc,24.08.2026 13:06,Димитринка Емилова Купринджийска,Разпределение по дежурство,Цветанка Христова Маринова,
e15364cb-0cd1-47b2-9098-8ddabab9c25a,24.08.2026 13:06,Емил Василев Николаев,Автоматично,Павлина Йорданова Кралева,
ca2dc7a3-36c7-4303-b75f-1e228eae18c5,24.08.2026 13:06,ИЛИНА ЛЮБОМИРОВА ГАЧЕВА,Автоматично,ЕИСС - Централно Разпределяне,
384c9df8-a72f-4c77-a9b8-a602ec972623,24.08.2026 13:06,ВАСИЛ ВАЛЕНТИНОВ АЛЕКСАНДРОВ,Автоматично,ИВАЙЛО АЛЕКСАНДРОВ ЙОРДАНОВ,
2f85589b-86e2-4a38-93d4-181228c04770,24.08.2026 13:04,КОНСТАНТИНА МИТКОВА ХРИСТОВА,Разпределение по дежурство,ВАНЯ ПЕТКОВА ГЕОРГИЕВА,
ce8a9a23-948a-4812-94d9-c6481a6239d5,24.08.2026 13:04,Никола Чомпалов,Автоматично,Нели Георгиева Чавеова,
4ffe418a-cc22-4ad5-9f73-0ccedcfb9628,24.08.2026 13:04,Никола Дойчинов Дойчев,Автоматично,Дияна Димова Христова,
b2213d59-95ed-4c12-b347-f95f690e4e65,24.08.2026 13:02,ГЕОРГИ СТОЯНОВ ГЕОРГИЕВ,Разпределение по дежурство,ВЕЛИНА ВЛАДИМИРОВА КАРАГЕОРГИЕВА,
b2ab6b58-b66e-4557-bb57-c182202737ff,24.08.2026 13:00,Румяна Вълчева Райкова,Автоматично,Румяна Вълчева Райкова,
60cc7558-bc0c-4d89-805f-d9e8a7e521f4,24.08.2026 13:02,Георги Димитров Василев,Автоматично,Мариана Георгиева Генова,
a3051c93-13be-42db-b3b2-6dfaade4b576,24.08.2026 13:01,ИРИНА СТОЕВА СТОЕВА,Автоматично,ВЕЛИНА ВЛАДИМИРОВА КАРАГЕОРГИЕВА,
2d8eab71-0ae8-4fcf-8329-6df4b1406126,24.08.2026 13:05,Георги Димитров Чолаков,Автоматично,Георги Димитров Чолаков,
668cb3c4-48a5-4ea0-8533-578992fdb9f4,24.08.2026 12:56,Румяна Вълчева Райкова,Автоматично,Румяна Вълчева Райкова,
7c98ab7d-5d4d-45f7-8e14-69ff494f048f,24.08.2026 12:56,КАТЯ БОЖИДАРОВА АНГЕЛОВА-ПЕТРОВА,Автоматично,РОСИЦА ХРИСТОВА ТОДОРОВА,
7fb6a795-1b17-437c-9478-9dd7c5abbafa,24.08.2026 12:56,Иван Цветозаров Иванов,Автоматично,ЕИСС - Централно Разпределяне,
6dd0c818-da68-44c8-b6c7-86788ba3316c,24.08.2026 12:55,Румяна Вълчева Райкова,Автоматично,Румяна Вълчева Райкова,
b7e5009e-ca67-480b-8747-a08d405a1a25,24.08.2026 12:55,АНТОН РАНГЕЛОВ ИГНАТОВ,Автоматично,ЕИСС - Централно Разпределяне,
dc988e58-e7d9-4308-bdcf-0fe6680df4b5,24.08.2026 12:55,Десислава Николаева Великова,Автоматично,ЕИСС - Централно Разпределяне,
10fe01af-1f30-4933-95b5-58d3e2294e10,24.08.2026 12:55,Мина Цветанова Павлова,Автоматично,ЕИСС - Централно Разпределяне,
2a38cbc1-1b8c-41eb-9643-cda2808edcc7,24.08.2026 12:55,БЕЛЛА ВЕСЕЛИНОВА ПАНЕВА,Автоматично,ЕИСС - Централно Разпределяне,
1a4691d5-2d60-421c-bb1b-1a80e1cf978e,24.08.2026 12:55,КАЛИН СТЕФАНОВ КУНЧЕВ,Автоматично,ЕИСС - Централно Разпределяне,
bfdf6c16-a421-43f7-bc73-3f8b570fde84,24.08.2026 12:54,ВИЛЯНА ГОСПОДИНОВА МАНОВА,Автоматично,ЕИСС - Централно Разпределяне,
0e65025c-7010-408b-add2-6e0994718fb4,24.08.2026 12:54,КАТЯ БОЖИДАРОВА АНГЕЛОВА-ПЕТРОВА,Автоматично,ЕИСС - Централно Разпределяне,
944e1ec9-3705-4e22-b0f7-d97901ba0fd6,24.08.2026 12:54,Албена Петрова Ташкова,Автоматично,ЕИСС - Централно Разпределяне,
cef2c9eb-453b-4410-b3d4-28ad7bb1fceb,24.08.2026 12:54,КРИСТИЯН АНТОНИЕВ ПОПОВ,Автоматично,ЕИСС - Централно Разпределяне,
74184621-34b4-429b-84cf-d7abf73434e0,24.08.2026 12:54,Калина Христова Христова,Автоматично,ЕИСС - Централно Разпределяне,
12e41516-1e32-4db3-b64a-d95c3ff8de35,24.08.2026 12:53,НИКОЛА ТОДОРОВ ДЕЛИЕВ,Автоматично,ЕИСС - Централно Разпределяне,
0e8bf5ce-6037-4257-bf1a-287764b6d6ed,24.08.2026 12:53,Илияна Цветкова Тодорова Аловска,Автоматично,ЕИСС - Централно Разпределяне,
e5007eae-3f6b-49ec-a9d0-1670ba3355c8,24.08.2026 12:53,Искра Петьова Касабова,Автоматично,ЕИСС - Централно Разпределяне,
77d9ebaf-a557-40ad-a3b7-44095898af40,24.08.2026 12:53,Иван Борисов Вътков,Автоматично,Иван Борисов Вътков,
c9d8c82b-0f0a-40a2-91c0-8b615c384972,24.08.2026 12:53,Атанаска Стоянова Павлова-Стоименова,Автоматично,ЕИСС - Централно Разпределяне,
4bcef793-48be-458c-a459-cc6c0d49afc6,24.08.2026 12:53,Симеон Илиянов Светославов,Автоматично,ЕИСС - Централно Разпределяне,
9530951f-69b0-4679-bb0e-3982f5e44359,24.08.2026 12:52,Тодор Георгиев Попиванов,Автоматично,ЕИСС - Централно Разпределяне,
1c8332d3-2cc2-4740-9f33-552e3fece076,24.08.2026 12:52,СИЛВИНА ДАЧКОВА ЙОВЧЕВА,Автоматично,ЕИСС - Централно Разпределяне,
fe6a84a3-0703-49ca-b95c-c6a6bcb79f84,24.08.2026 12:52,Елица Юлиянова Орманова,Автоматично,ЕИСС - Централно Разпределяне,
73738c55-e9fa-47ab-b15e-f1aaa2f1db47,24.08.2026 12:52,ЦВЕТОМИЛ ГОРЧЕВ,Автоматично,ЕИСС - Централно Разпределяне,
6986df8d-38b0-486d-b50b-d9b86ceb6f43,24.08.2026 12:52,Антоанета Маринова Симеонова,Автоматично,ЕИСС - Централно Разпределяне,
ca0285d6-d90a-4978-ba8e-5fada6528231,24.08.2026 12:52,Иван Борисов Вътков,Автоматично,Иван Борисов Вътков,
18fd368b-973d-455c-91c8-d7a6516dfb82,24.08.2026 12:51,Ана Симеонова Андонова,Автоматично,ЕИСС - Централно Разпределяне,
ebd1d1c7-70c2-48e6-9d57-da9efed8de03,24.08.2026 12:51,ФИЛИП СТОЯНОВ РАДИНОВ,Автоматично,ЕИСС - Централно Разпределяне,
b4587341-291b-4f65-a5fc-5516cd2861ba,24.08.2026 12:51,Пламен Калинов Кучев,Автоматично,ЕИСС - Централно Разпределяне,
15208712-70bd-4c4f-91f9-554bc4ac82c5,24.08.2026 12:51,Тихомира Георгиева Казасова,Автоматично,ЕИСС - Централно Разпределяне,
060d9124-ddc0-4a36-ad12-a1236b27e980,24.08.2026 12:51,Даниел Иванов Цветков,Автоматично,ЕИСС - Централно Разпределяне,
5a09efbf-5b22-47a8-923d-4b535101a88b,24.08.2026 12:50,Десислава Николаева Великова,Автоматично,ЕИСС - Централно Разпределяне,
b3dbdef9-e3dd-4694-98a8-9f99ec0fd112,24.08.2026 12:50,ДЕСИСЛАВА СТАНИМИРОВА МАРИНОВА,Автоматично,ЕИСС - Централно Разпределяне,
17f86758-8ce0-473a-9cb2-1ea29e882434,24.08.2026 12:50,Диана Младенова Матеева,Автоматично,ЕИСС - Централно Разпределяне,
55b407f0-05ba-489a-b1aa-3c1732c550b3,24.08.2026 12:50,Петя Димитрова Стоянова,Автоматично,ЕИСС - Централно Разпределяне,
25a71e58-2015-4e76-ac38-0bc7ede09734,24.08.2026 12:50,Катерина Георгиева Дедова,Автоматично,ЕИСС - Централно Разпределяне,
32216f89-f2c6-4993-9436-df2c6ef2178d,24.08.2026 12:50,Йорданка Георгиева Майска Иванова,Автоматично,Дияна Димова Христова,
b59b5bf8-dbba-40e8-b65a-d1fd27c0e97d,24.08.2026 12:49,ИВЕТА ПАВЛОВА ТАКОВА,Автоматично,ЕИСС - Централно Разпределяне,
1340b3ec-f1bc-4f1a-a7e3-70a920639686,24.08.2026 12:49,Тодор Георгиев Попиванов,Автоматично,ЕИСС - Централно Разпределяне,
de737f86-74a0-4e2c-acdd-55a563e13b6c,24.08.2026 12:49,НАТАЛИЯ ПЕТКОВА ПЕТКОВА,Автоматично,ЕИСС - Централно Разпределяне,
814f4f9e-2cc7-40f6-8b68-ad14f073742b,24.08.2026 12:49,Тихомира Георгиева Казасова,Автоматично,ЕИСС - Централно Разпределяне,
23325506-1d9d-4e77-88dd-b5e1b6cbd45c,24.08.2026 12:49,Стелла Светозарова Моллова,Автоматично,ЕИСС - Централно Разпределяне,
bf085d6d-70de-4233-be0e-60f254b64913,24.08.2026 12:49,ИНА МИЛЧЕВА ГЕНЖОВА,Автоматично,ИВАЙЛО АЛЕКСАНДРОВ ЙОРДАНОВ,
47c24e8e-56f7-41e3-911b-65ae98dbb41e,24.08.2026 12:48,Живко Павлов Георгиев,Автоматично,ЕИСС - Централно Разпределяне,
f5a881ea-b5a5-4529-ae04-439aeb470f1e,24.08.2026 12:48,Боряна Красимирова Иванова Гащарова,Разпределение по дежурство,Радослава Маринова Йорданова,
f43d87ad-b5bb-45c4-86bc-d75d84a7d1a8,24.08.2026 12:48,СОФИЯ СТЕФАНОВА ТЮТЮНДЖИЕВА,Автоматично,ЕИСС - Централно Разпределяне,
16d03a2b-4c34-4bce-80ae-291d687a4c9f,24.08.2026 12:48,ИВАНА ТОДОРОВА,Автоматично,ЕИСС - Централно Разпределяне,
a3c56cd4-6ee0-4c8c-957a-eb1860b09cf3,24.08.2026 12:48,Радка Георгиева Стоянова,Автоматично,ЕИСС - Централно Разпределяне,
d1c3898b-ae11-4099-a906-0436b1a980f7,24.08.2026 12:48,Десислава Николаева Великова,Автоматично,ЕИСС - Централно Разпределяне,
14b8fc8d-dbeb-47bd-81e4-387c8ff06c26,24.08.2026 12:47,ПЕТЯ ИВАНОВА ЗДРАВКОВА,Автоматично,ЕИСС - Централно Разпределяне,
0d52e5b5-4a2c-4be3-a18d-55bee6803370,24.08.2026 12:47,Людмила Василева Стойнева,Автоматично,ЕИСС - Централно Разпределяне,
3119a86b-5a20-48ef-999b-545ce4e7cfd7,24.08.2026 12:47,Минчо Стоянов Минев,Автоматично,ЕИСС - Централно Разпределяне,
e3835fb1-7822-4482-b5e6-f73e8b7cff71,24.08.2026 12:47,МАРИНЕЛА КРАСИМИРОВА МАРИНОВА-СТОЕВА,Автоматично,ЕИСС - Централно Разпределяне,
08a0b902-656d-4c40-9598-61469b281755,24.08.2026 12:47,Тихомира Георгиева Казасова,Автоматично,ЕИСС - Централно Разпределяне,
b4f40159-c83f-458f-81f9-b5444ed322a1,24.08.2026 12:47,Радослава Маринова Йорданова,Автоматично,Радослава Маринова Йорданова,
7dc101a9-9b12-4438-b468-08b75fe9b5fb,24.08.2026 12:47,Руси Алексиев,Ръчно разпределение,Руси Алексиев,
589ac5d6-060f-4758-a124-63ed47701ccd,24.08.2026 12:47,ГЕРГАНА КИРИЛОВА ГЕОРГИЕВА,Автоматично,ИВАЙЛО АЛЕКСАНДРОВ ЙОРДАНОВ,
8a81df1f-8927-488c-a5b3-a4786ad882e1,24.08.2026 12:46,ВЛАДИМИР ТОДОРОВ КАРАГЬОЗОВ,Автоматично,ЕИСС - Централно Разпределяне,
49ce1d5d-11f4-4ae3-a7a8-7b5d069bfd5b,24.08.2026 12:46,Мариана Костадинова Тодорова Досева,Автоматично,ЕИСС - Централно Разпределяне,
3cb192ea-f833-4e95-9157-1b52fdce3c5f,24.08.2026 12:46,Борис Димитров Царчински,Автоматично,Радослава Маринова Йорданова,
c01603e9-797c-4842-8862-580417dc08c9,24.08.2026 12:46,Атанас Василев Димитров,Автоматично,ЕИСС - Централно Разпределяне,
a498d08c-6fbd-4c72-a190-46e5af42931d,24.08.2026 12:46,Дияна Атанасова Николова,Автоматично,ЕИСС - Централно Разпределяне,
e8fbae05-ceb8-4bc2-a273-373d2687ddf6,24.08.2026 12:46,Росица Георгиева Калугерова,Автоматично,ЕИСС - Централно Разпределяне,
f4021be5-3e7e-492d-a953-69e5991c7577,24.08.2026 12:45,ЕЛЕОНОРА ФИЛИПОВА,Автоматично,ЕИСС - Централно Разпределяне,
be99e830-c0c5-4692-a56a-45f1f7c1671e,24.08.2026 12:45,Борис Димитров Царчински,Автоматично,Радослава Маринова Йорданова,
5cd98515-42eb-48c8-904e-67fba6536dfb,24.08.2026 12:45,КАЛИН СТЕФАНОВ КУНЧЕВ,Автоматично,ЕИСС - Централно Разпределяне,
a9d73fc2-dccf-44bd-8291-a301c116aab8,24.08.2026 12:45,Красимира Делчева Кондова,Автоматично,ЕИСС - Централно Разпределяне,
d58dbe86-a1b3-4a21-bfd7-69c454bd4f75,24.08.2026 12:45,Пенка Петкова Петрова,Автоматично,Иван Борисов Вътков,
a63fb91e-6e72-42a7-99c2-da05fc2c01c8,24.08.2026 12:45,ЛЮБОМИР ХРИСТОСКОВ ВЪРБЕВ,Автоматично,ЕИСС - Централно Разпределяне,
53447f94-7405-4ac7-a733-7b7424f6be2b,24.08.2026 12:45,Биляна Великова Видолова,Автоматично,ЕИСС - Централно Разпределяне,
6b5a0b20-d888-4549-9278-a764fd7258ba,24.08.2026 12:44,КАЛИН ИВАНОВ,Автоматично,ЕИСС - Централно Разпределяне,
634c738e-a04f-4e98-ad54-fe7d44214632,24.08.2026 12:44,ТИНА РОСЕНОВА МАЛИНОВА,Автоматично,ЕИСС - Централно Разпределяне,
81577ab7-6e47-4f84-9529-519226a09e42,24.08.2026 12:44,Иван Христов Христов,Автоматично,Иван Христов Христов,
018c4429-1003-4a06-b075-155aa261f11f,24.08.2026 12:44,Петя Венциславова Петрова - Светиева,Автоматично,ЕИСС - Централно Разпределяне,
8796c0e6-e79f-4e0d-8e70-f2d2050d5c2b,24.08.2026 12:44,Димитър Пенчев Стоянов,Автоматично,ЕИСС - Централно Разпределяне,
d9862455-73f4-427a-944b-2f7fb9d7329a,24.08.2026 12:44,Ивелина Илиева Келлева Бонева,Автоматично,ЕИСС - Централно Разпределяне,
c82c6f6d-4671-465a-970e-78713de6737f,24.08.2026 12:43,Поля Петрова Сакутова,Автоматично,Мария Атанасова Минчева,
cbe82501-e38c-4c97-9c65-1dacbabcc84d,24.08.2026 12:43,Динко Карамфилов Хаджиев,Автоматично,ЕИСС - Централно Разпределяне,
21f607ff-329e-4638-b86e-302dac05e818,24.08.2026 12:43,Калин Георгиев Колешански,Автоматично,ЕИСС - Централно Разпределяне,
260a8787-78ed-4a14-ade9-cf03244e03f9,24.08.2026 12:43,Вера Светославова Найденова,Автоматично,ЕИСС - Централно Разпределяне,
4fb65961-b3a0-48c7-9f40-e85a748a8544,24.08.2026 12:43,Мирослав Руменов Саневски,Автоматично,ЕИСС - Централно Разпределяне,
ddafa9b8-54f0-420e-9b1f-bbced1ebac1e,24.08.2026 12:43,Мария Вангелова Грунова,Автоматично,ЕИСС - Централно Разпределяне,
2982b580-cbcf-4c01-b1f3-2c9179e13a23,24.08.2026 12:42,Александър Костадинов Трионджиев,Автоматично,Радослава Маринова Йорданова,
986c9949-d764-4f90-9985-6e4f1a31ca5d,24.08.2026 12:42,Силвия Георгиева Иванова,Разпределение по дежурство,Силвия Георгиева Иванова,
f9b01a36-183e-4473-841c-f2c04813cdaa,24.08.2026 12:42,ГАЛЯ ИЛИЕВА,Автоматично,ЕИСС - Централно Разпределяне,
fc5dc3c9-d35a-4926-8b87-b6ef09369f0f,24.08.2026 12:42,Нанко Събов Маринов,Автоматично,ЕИСС - Централно Разпределяне,
96c16519-9c66-42d9-a1cb-fdc1af7c62b9,24.08.2026 12:42,Милена Вескова Хазарян,Автоматично,ЕИСС - Централно Разпределяне,
6744c43b-3bc2-4887-99ca-a8c5a2e3541b,24.08.2026 12:42,Цветомир Цаков Цветанов,Автоматично,ЕИСС - Централно Разпределяне,
d24b7026-2f78-4f1d-903f-5c53d247992a,24.08.2026 12:42,Татяна Иванова Тодорова,Автоматично,ЕИСС - Централно Разпределяне,
64396440-1f59-4804-96d6-4938d3346672,24.08.2026 12:41,АЛЕКСАНДЪР ДИМИТРОВ МУРТЕВ,Автоматично,ЕИСС - Централно Разпределяне,
df3117a7-ed5a-40d7-9de9-be9f993d5063,24.08.2026 12:41,МОНИКА ПЛАМЕНОВА ДОБРИНОВА,Автоматично,ЕИСС - Централно Разпределяне,
e910d5b7-0933-4442-a9fc-5374f2ea68c3,24.08.2026 12:41,НАТАЛИЯ ПЕТКОВА ПЕТКОВА,Автоматично,ЕИСС - Централно Разпределяне,
0434dbac-bd84-4c4e-9a31-efaaeed0e1dd,24.08.2026 12:41,Симеон Илиянов Светославов,Автоматично,ЕИСС - Централно Разпределяне,
27b649f9-c2c2-4c2b-b4ff-7e1eef5e93fa,24.08.2026 12:41,Крум Илиев Динев,Автоматично,ЕИСС - Централно Разпределяне,
03cc29bc-8dfe-4657-8dd5-c1e9a3334038,24.08.2026 12:40,Даниел Иванов Цветков,Автоматично,ЕИСС - Централно Разпределяне,
7ffeceb7-c100-42aa-8826-a72ec8e970a8,24.08.2026 12:40,АЛЕКСАНДРА НАНОВА,Автоматично,ЕИСС - Централно Разпределяне,
901a506b-88db-414d-9399-9ab86bc7543b,24.08.2026 12:40,Людмила Добрева Григорова-Митева,Автоматично,ЕИСС - Централно Разпределяне,
d61ec827-e689-4d58-a099-168327a7c4a3,24.08.2026 12:40,Адриана Атанасова Велева,Автоматично,ЕИСС - Централно Разпределяне,
e990411b-21f3-4960-9b96-27f8d527cd86,24.08.2026 12:40,Атанас Кобуров,Автоматично,ЕИСС - Централно Разпределяне,
cb4c6b28-f72c-4e18-b428-0582826eeb75,24.08.2026 12:39,Боряна Красимирова Иванова Гащарова,Автоматично,Радослава Маринова Йорданова,
ca3c4bf2-b7d6-42da-8452-2e0b7976cdea,24.08.2026 12:39,Лидия Антоанова Георгиева,Автоматично,ЕИСС - Централно Разпределяне,
b33f0610-0145-4c1a-af04-047bb488819d,24.08.2026 12:39,НЕЙКО ГЕОРГИЕВ НЕЙКОВ,Автоматично,ЕИСС - Централно Разпределяне,
a3d8379e-9965-461d-a799-bfc79ce09c2a,24.08.2026 12:39,Борислав Методиев Методиев,Автоматично,ЕИСС - Централно Разпределяне,
abd1010b-2425-4e7b-8cba-293ec33944fb,24.08.2026 12:39,КЕТИ МИХОВА КОСЕВА,Автоматично,ЕИСС - Централно Разпределяне,
96b504cd-9ef8-4dcc-a6e4-53045aa42c26,24.08.2026 12:39,Десислава Георгиева Ютерова,Автоматично,ЕИСС - Централно Разпределяне,
e6f22d6e-3308-435a-9b84-42cc805f0c0e,24.08.2026 12:38,Олга Златева,Автоматично,ЕИСС - Централно Разпределяне,
65d67006-d708-4402-962e-35adc5aa4bc9,24.08.2026 12:38,Орлин Летов,Автоматично,ЕИСС - Централно Разпределяне,
f8d02b1d-a648-470b-9c31-efc8be820c30,24.08.2026 12:38,Георги Росенов Гетов,Автоматично,Мария Атанасова Минчева,
efed0246-c4f7-4f3d-9957-97f8e9baf433,24.08.2026 12:38,Диана Розалинова Хубенова,Автоматично,ЕИСС - Централно Разпределяне,
61351752-3481-4e29-97bf-98edf9dfb386,24.08.2026 12:38,Мина Цветанова Павлова,Автоматично,ЕИСС - Централно Разпределяне,
c3c242be-c730-4a76-9413-5c4e6052f153,24.08.2026 12:38,Гергана Николаева Божилова,Автоматично,ЕИСС - Централно Разпределяне,
0811218f-65de-482e-b889-0811e9f24931,24.08.2026 12:37,Силвия Георгиева Иванова,Автоматично,ЕИСС - Централно Разпределяне,
aad8ee92-9542-45bd-a8ef-c634df44a20f,24.08.2026 12:37,АСЕН ТОТЕВ РАДЕВ,Автоматично,ЕИСС - Централно Разпределяне,
eafa7b54-8e12-4bfa-b2cb-a0874e741424,24.08.2026 12:37,ТЕОДОРА ДИМИТРОВА КЮРКЧИЕВА,Автоматично,ЕИСС - Централно Разпределяне,
731c4ea7-5f72-4c4f-8526-6952c99eee9f,24.08.2026 12:37,Антоанета Маринова Симеонова,Автоматично,ЕИСС - Централно Разпределяне,
3558dea5-e6b8-4cef-9cdb-ca524e968beb,24.08.2026 12:37,Албена Миронова,Автоматично,ЕИСС - Централно Разпределяне,
87dfe6f7-a547-4e64-874d-5a977de46ed7,24.08.2026 12:36,Емилиан Благов Венчев,Автоматично,ЕИСС - Централно Разпределяне,
c0911423-d62b-4b66-a202-e2889b73e849,24.08.2026 12:36,Йоана Николаева Такова,Автоматично,ЕИСС - Централно Разпределяне,
33cca9eb-7189-4a9a-be82-7e8d74e6261f,24.08.2026 12:36,ДИАНА РАДЕВА,Автоматично,ЕИСС - Централно Разпределяне,
2ea67086-8ad9-4135-8849-48aa15000aee,24.08.2026 12:36,ВЕСИСЛАВ РУМЕНОВ ГЕНОВ,Автоматично,ЕИСС - Централно Разпределяне,
9aee77c7-14a0-4e65-889e-cdd703c8ebd7,24.08.2026 12:36,Асен Черешаров,Автоматично,ЕИСС - Централно Разпределяне,
0fc7e24b-9382-4a16-9d84-861272fb021b,24.08.2026 12:35,НЕЙКО ГЕОРГИЕВ НЕЙКОВ,Автоматично,ЕИСС - Централно Разпределяне,
fc336006-f64e-4fae-931c-b65fc29a713f,24.08.2026 12:35,ВИЛЯНА ГОСПОДИНОВА МАНОВА,Автоматично,ЕИСС - Централно Разпределяне,
e0d4bcb5-6c3d-4c44-a466-3458944ef270,24.08.2026 12:35,НАТАЛИЯ ПЕТКОВА ПЕТКОВА,Автоматично,ЕИСС - Централно Разпределяне,
9341e318-c7ae-4789-ac12-db8b6923ad44,24.08.2026 12:35,Лидия Антоанова Георгиева,Автоматично,ЕИСС - Централно Разпределяне,
e09d196a-f25a-4ff3-9da3-67bd7f8870f5,24.08.2026 12:35,ДАНИЕЛА ХРИСТОВА ВЪЛЕВА,Автоматично,ЕИСС - Централно Разпределяне,
647649ea-d52f-4221-bed4-a9577caaec8d,24.08.2026 12:34,КРИСТИЯН АНТОНИЕВ ПОПОВ,Автоматично,ЕИСС - Централно Разпределяне,
40735434-a82d-4871-a379-619d77837533,24.08.2026 12:34,МЛАДЕН ДИМИТРОВ,Автоматично,ЕИСС - Централно Разпределяне,
c2098873-acb4-481e-89da-b99b89a00bbe,24.08.2026 12:34,Ана Иванова Илиева,Автоматично,ЕИСС - Централно Разпределяне,
3cf06dc3-e384-4068-809c-ddce720ab6f5,24.08.2026 12:34,Диана Пенчева Петрова Енева,Автоматично,ЕИСС - Централно Разпределяне,
1afaee61-606b-4596-b516-a40612a3d7e4,24.08.2026 12:34,Атанас Кобуров,Автоматично,ЕИСС - Централно Разпределяне,
d80f3053-d22c-462c-a977-37b1c057defc,24.08.2026 12:33,Велина Иванова Полежанова,Автоматично,ЕИСС - Централно Разпределяне,
b9179703-860e-4003-87d4-2a52e6638d34,24.08.2026 12:33,Людмила Василева Стойнева,Автоматично,ЕИСС - Централно Разпределяне,
44ebdbfd-6dcf-48ff-a422-77869e6e6832,24.08.2026 12:33,ИВАЙЛО КРАСИМИРОВ КЪНЕВ,Автоматично,ЕИСС - Централно Разпределяне,
4f5e8f07-bc4e-403d-ae16-cf1b8dc0cbc3,24.08.2026 12:33,Панайот Рангелов Велчев,Автоматично,Мария Атанасова Минчева,
c43ae5fb-12f0-420e-bcb8-5eb6534da9d4,24.08.2026 12:33,Олга Златева,Автоматично,ЕИСС - Централно Разпределяне,
5c8e4007-5e1c-435b-a661-2edfb8e15687,24.08.2026 12:33,ДИМИТЪР ВАСИЛЕВ ВАСИЛЕВ,Автоматично,ЕИСС - Централно Разпределяне,
9e5ac815-cb44-4d11-a6fd-62ab655ae2ce,24.08.2026 12:33,Цонка Тодорова Миткова,Разпределение по дежурство,Симеон Горанов Гюров,
1f18a2d8-6bda-4429-b271-3f81b1077e5e,24.08.2026 12:32,Антонина Даниелова Якимова,Автоматично,ЕИСС - Централно Разпределяне,
9b82d7bd-a5c2-4147-89c2-2bf607e51670,24.08.2026 12:32,Соня Тодорова Дженкова,Автоматично,ЕИСС - Централно Разпределяне,
e201445b-cbb0-41d6-83fd-767534effe35,24.08.2026 12:32,Симеон Горанов Гюров,Автоматично,Симеон Горанов Гюров,
0189eefc-c785-41d5-ac57-dade65ed52bb,24.08.2026 12:32,Тодор Георгиев Попиванов,Автоматично,ЕИСС - Централно Разпределяне,
d3a36d10-febe-4cd4-b262-65fc06e59054,24.08.2026 12:32,Стела Петрова Колчева,Автоматично,ЕИСС - Централно Разпределяне,
4728a7a1-be06-4608-9307-204ec48181b4,24.08.2026 12:32,Цонка Тодорова Миткова,Автоматично,Симеон Горанов Гюров,
3993a6e7-4431-474b-85d9-d4b39c9bb071,24.08.2026 12:32,Петина Кръстева Николова,Автоматично,ЕИСС - Централно Разпределяне,
7396ef65-8bb3-46f4-80e8-a1ff2dcc1403,24.08.2026 12:31,Петя Цветанова,Автоматично,ЕИСС - Централно Разпределяне,
4bd92c3f-1991-4ce3-a550-d122fedc8c7a,24.08.2026 12:31,Десислава Николаева Великова,Автоматично,ЕИСС - Централно Разпределяне,
12fb37c3-53dd-42a7-9696-e785918b5285,24.08.2026 12:31,Мария Емилова Антова,Автоматично,ЕИСС - Централно Разпределяне,
5b39f0ec-45d8-4f3e-bbc7-541ae74a42ed,24.08.2026 12:31,Албена Петрова Ташкова,Автоматично,ЕИСС - Централно Разпределяне,
85548c55-2048-4fcb-8c54-498b546b6d7c,24.08.2026 12:31,Цонка Тодорова Миткова,Автоматично,Симеон Горанов Гюров,
9c3224f2-8103-478b-a91d-e83691ad1efc,24.08.2026 12:31,Мирослава Неделчева,Автоматично,ЕИСС - Централно Разпределяне,
2ee54b4e-2e27-4b32-a212-e793922bbfcb,24.08.2026 12:30,Тихомира Георгиева Казасова,Автоматично,ЕИСС - Централно Разпределяне,
18348932-bc4c-4a1a-8de5-671361e7b008,24.08.2026 12:30,Мирослав Руменов Саневски,Автоматично,ЕИСС - Централно Разпределяне,
22471834-8f64-4c68-a4bf-958d4fea0e13,24.08.2026 12:30,Зорница Николова Тухчиева - Вангелова,Автоматично,Мария Атанасова Минчева,
487da072-1338-429c-8aff-edb75d9650d1,24.08.2026 12:30,Калина Анастасова,Автоматично,Красимир Мазгалов,
a5176592-83b0-4b78-b535-02e660c1628b,24.08.2026 12:30,Борислав Кирилов Тончев,Автоматично,ЕИСС - Централно Разпределяне,
b7b0feb2-c0af-4ef9-9442-618342cf8b72,24.08.2026 12:30,Десислава Николаева Великова,Автоматично,ЕИСС - Централно Разпределяне,
7c537542-8ed5-4f88-a26a-caa5e3efa89f,24.08.2026 12:30,Мариана Костадинова Тодорова Досева,Автоматично,ЕИСС - Централно Разпределяне,
d04faa9d-8fdc-4b82-8407-da645cd92417,24.08.2026 12:29,Емилиян Кирилов Ангелов,Разпределение по дежурство,Лидия Иванова Петрова,
23618027-1bb2-4d1c-a2fe-cf7d5bc80dae,24.08.2026 12:29,Минчо Стоянов Минев,Автоматично,ЕИСС - Централно Разпределяне,
ba68a2cc-a130-47af-8c59-13f8afd6b285,24.08.2026 12:29,КЕТИ МИХОВА КОСЕВА,Автоматично,ЕИСС - Централно Разпределяне,
c67a6221-ec1d-455d-9beb-5d075a145d08,24.08.2026 12:29,ВЕНЦИСЛАВ СТЕФАНОВ ВЪЛЧЕВ,Автоматично,ЕИСС - Централно Разпределяне,
c99548b6-d28c-4422-8f5b-4f970f6f455e,24.08.2026 12:29,Даниел Иванов Цветков,Автоматично,ЕИСС - Централно Разпределяне,
d2e63f43-6720-48dd-b14b-062cd9683d2e,24.08.2026 12:29,Петя Цветанова,Автоматично,ЕИСС - Централно Разпределяне,
675aba92-45f9-45e7-b8c4-219f5c4e5d78,24.08.2026 12:28,Емилиян Кирилов Ангелов,Разпределение по дежурство,Лидия Иванова Петрова,
d66a3789-b567-4336-a4eb-04c0d8ace033,24.08.2026 12:28,Радка Георгиева Стоянова,Автоматично,ЕИСС - Централно Разпределяне,
ce4435d2-6533-4a0f-92d6-3b174f6739eb,24.08.2026 12:28,Петя Димитрова Стоянова,Автоматично,ЕИСС - Централно Разпределяне,
ca9e224b-f503-43a2-b285-932e899beb64,24.08.2026 12:28,Димитър Тодоров Маринов,Автоматично,ЕИСС - Централно Разпределяне,
82c1bd52-b142-4905-8210-5af560ac07e4,24.08.2026 12:28,Михаела Иванова Атанасова,Автоматично,ЕИСС - Централно Разпределяне,
0071f65b-d1b5-4f7d-aecc-e54e29f8eb80,24.08.2026 12:28,Ирина Миткова Ганева,Автоматично,Емил Димитров Стоев,
682c5728-49de-4145-a4d3-0f546eef64be,24.08.2026 12:28,Магдалена Бориславова Младенова-Стоева,Автоматично,ЕИСС - Централно Разпределяне,
7a57f9b2-7231-4034-9782-f62bb0bbb078,24.08.2026 12:27,Александър Георгиев,Автоматично,ЕИСС - Централно Разпределяне,
f7f74315-cd66-4726-828a-da55e14a60cb,24.08.2026 12:27,Таня Илкова,Автоматично,ЕИСС - Централно Разпределяне,
2299eb2e-9898-495a-800f-4c3e213431f3,24.08.2026 12:27,МАРИНА КИРИЛОВА СЕМОВА,Автоматично,ЕИСС - Централно Разпределяне,
cee564ae-747d-46f2-81ce-ef55501b90d6,24.08.2026 12:27,Тихомир Руменов Рачев,Автоматично,ЕИСС - Централно Разпределяне,
ac937b4c-391c-4333-8e10-2f3044bc7543,24.08.2026 12:27,Анелия Маринова Йорданова,Автоматично,Емил Димитров Стоев,
f20357e6-dfb4-433b-9039-c44c6bd99e12,24.08.2026 12:27,Атанас Василев Димитров,Автоматично,ЕИСС - Централно Разпределяне,
35889cb9-0296-40e8-83a5-d90992333e3b,24.08.2026 12:26,Лидия Антоанова Георгиева,Автоматично,ЕИСС - Централно Разпределяне,
4c0bc5e6-2170-4a7a-8aca-d3a8e184db27,24.08.2026 12:26,Тодор Георгиев Попиванов,Автоматично,ЕИСС - Централно Разпределяне,
95ca6a76-de72-44e0-811c-64d5850897fc,24.08.2026 12:26,Дияна Атанасова Николова,Автоматично,ЕИСС - Централно Разпределяне,
657f27a0-d654-4f3c-adca-db7286f6346b,24.08.2026 12:26,ГЕОРГИ КОСТАДИНОВ МИЛКОТЕВ,Автоматично,ЕИСС - Централно Разпределяне,
5de0d571-532d-400d-a723-7f1b74ef92c1,24.08.2026 12:26,Соня Тодорова Дженкова,Автоматично,ЕИСС - Централно Разпределяне,
19b5d190-66c6-43cb-aec8-3a57f24988cf,24.08.2026 12:25,Стелла Светозарова Моллова,Автоматично,ЕИСС - Централно Разпределяне,
18f5661c-4857-449d-9872-5190adaa9eaa,24.08.2026 12:25,Диана Симеонова Стателова,Автоматично,ЕИСС - Централно Разпределяне,
47f11356-7af2-4290-bae6-39d1c159a7b9,24.08.2026 12:25,Орлин Летов,Автоматично,ЕИСС - Централно Разпределяне,
2981e673-e6c2-419c-84cb-ca3944e20ab3,24.08.2026 12:25,АСЕН ТОТЕВ РАДЕВ,Автоматично,ЕИСС - Централно Разпределяне,
1c3e0261-2e76-4365-8903-a5ab3c13511f,24.08.2026 12:25,ГЕОРГИ ГЕОРГИЕВ,Автоматично,ЕИСС - Централно Разпределяне,
ab86500b-6607-44a8-a848-75bda0c31191,24.08.2026 12:24,Ирина Миткова Ганева,Автоматично,Емил Димитров Стоев,
2a880635-1a75-4d63-a0d6-2171eb70a635,24.08.2026 12:24,КАЛИН СТЕФАНОВ КУНЧЕВ,Автоматично,ЕИСС - Централно Разпределяне,
944391d9-cc9b-4f02-9686-e295d01b5569,24.08.2026 12:24,Росен Иванов Балкански,Автоматично,ЕИСС - Централно Разпределяне,
a779702a-b7b5-4931-833c-28bfde810455,24.08.2026 12:24,Йоана Николаева Такова,Автоматично,ЕИСС - Централно Разпределяне,
8d451236-3faa-4b22-a2fd-d9fcef1c0a05,24.08.2026 12:24,МИЛЕНА АЛЕКСИЕВА,Автоматично,ЕИСС - Централно Разпределяне,
b3350651-43cf-4817-ab1a-59ad2bb610bb,24.08.2026 12:24,Боян Ешпеков,Автоматично,Вергиния Еланчева,
42031456-d2e7-4d7a-b616-25cd485050b1,24.08.2026 12:24,Мариела Анастасова Иванова,Автоматично,ЕИСС - Централно Разпределяне,
de03e6cf-e12f-462f-9300-f2f74b8636c7,24.08.2026 12:23,Соня Ангелова Стефанова,Автоматично,ЕИСС - Централно Разпределяне,
13b8ff4b-5b67-42bb-a0fc-d77518e434c7,24.08.2026 12:23,Николай Захариев Петров,Автоматично,ЕИСС - Централно Разпределяне,
9e9e61d8-22b0-4955-833c-4166b7ff8511,24.08.2026 12:23,Тихомира Георгиева Казасова,Автоматично,ЕИСС - Централно Разпределяне,
6c58dd58-2bf3-4755-9e3e-018a40dc503d,24.08.2026 12:23,ЦВЕТАЛИНА МИХОВА ДОЧЕВА,Автоматично,Емил Димитров Стоев,
9845f642-7692-4349-9ae1-9f9925250957,24.08.2026 12:23,Александър Георгиев,Автоматично,ЕИСС - Централно Разпределяне,
6aa68440-6d97-453a-8301-e9e5edfcfa4b,24.08.2026 12:23,Емилиан Благов Венчев,Автоматично,ЕИСС - Централно Разпределяне,
08e81e65-000c-4101-bb1f-b1e244529254,24.08.2026 12:23,Здравка Запрянова,Автоматично,Вергиния Еланчева,
3f93bfe5-0795-4f8c-be2e-c130ab4c5508,24.08.2026 12:22,ДЕСИСЛАВА СТАНИМИРОВА МАРИНОВА,Автоматично,ЕИСС - Централно Разпределяне,
83027582-7172-4ec3-827a-f82cbdd32eb3,24.08.2026 12:22,Петя Венциславова Петрова - Светиева,Автоматично,ЕИСС - Централно Разпределяне,
f64814d0-f88d-403b-9668-f2264059f076,24.08.2026 12:22,Красимира Делчева Кондова,Автоматично,ЕИСС - Централно Разпределяне,
20e9f390-bb9f-46a5-94af-59638e57c2e9,24.08.2026 12:22,Ана Иванова Илиева,Автоматично,ЕИСС - Централно Разпределяне,
fc44bb0e-be54-4294-9b65-0517a945e550,24.08.2026 12:22,Мартина Иванова Кирова,Автоматично,ЕИСС - Централно Разпределяне,
c85f75d1-69f9-427d-92ea-a46d576c683b,24.08.2026 12:21,ГЕОРГИ ГЕОРГИЕВ,Разпределение по дежурство,ГЕОРГИ ГЕОРГИЕВ,
20fb0efd-7a22-4f00-854a-cd003d1fe155,24.08.2026 12:21,Мария Джанкова Богданова,Автоматично,ЕИСС - Централно Разпределяне,
14057ba8-9ea1-498a-82fc-ea1b168fa106,24.08.2026 12:21,Атанас Кобуров,Автоматично,ЕИСС - Централно Разпределяне,
995ce9c7-e422-4b3f-a741-e2f12a7b9c0f,24.08.2026 12:24,ТОДОР СТОЙКОВ ТОДОРОВ,Автоматично,Анелия Иванова Ангелова,
8d771f00-ef05-48b0-9dbc-9ecd57573001,24.08.2026 12:21,Иван Валериев Никифорски,Автоматично,ЕИСС - Централно Разпределяне,
cfa6b52a-2469-4be2-8c34-8e09b8ece992,24.08.2026 12:21,Спасимир Спасов Здравчев,Автоматично,Мария Атанасова Минчева,
210d3751-324b-43c5-ae5f-d1467fec3d45,24.08.2026 12:21,Владислав Емирски,Автоматично,Вергиния Еланчева,
be47b630-0d45-4193-be2c-0f087152a692,24.08.2026 12:21,Олга Златева,Автоматично,ЕИСС - Централно Разпределяне,
8dd5c0a9-5458-4bd2-9cf8-dff912c99323,24.08.2026 12:21,ЕЛЕОНОРА ФИЛИПОВА,Автоматично,ЕИСС - Централно Разпределяне,
59b42490-16ec-49e6-b816-81fb92449917,24.08.2026 12:20,ГЕОРГИ ГЕОРГИЕВ,Разпределение по дежурство,ГЕОРГИ ГЕОРГИЕВ,
9561e519-65e7-4e7e-b105-cb09e6ad93df,24.08.2026 12:20,Таня Илкова,Автоматично,ЕИСС - Централно Разпределяне,
1c407227-0b76-4d8b-938c-f17b7eb85b53,24.08.2026 12:20,Атанас Кобуров,Автоматично,ЕИСС - Централно Разпределяне,
6e377288-dd83-4f00-9b3b-ece08eae4ed4,24.08.2026 12:20,Биляна Великова Видолова,Автоматично,ЕИСС - Централно Разпределяне,
53ecc9b2-b57e-442b-9dc4-61a86be73126,24.08.2026 12:20,Васил Георгиев Чамбов,Автоматично,Стойка Аргирова Нешева,
cbf5a4f3-9d18-4fe3-a677-c71b8703d89e,24.08.2026 12:20,Невяна Пейчева Захариева,Автоматично,ЕИСС - Централно Разпределяне,
59ec2af4-c649-46e5-8837-635cd4a7471e,24.08.2026 12:20,НАДЕЖДА ВЕСЕЛИНОВА ДИМИТРОВА,Автоматично,ЕИСС - Централно Разпределяне,
b28df987-7d84-4899-bda6-0508c36b57f8,24.08.2026 12:19,ГЕОРГИ ГЕОРГИЕВ,Разпределение по дежурство,ГЕОРГИ ГЕОРГИЕВ,
c0fc851d-f8df-4493-aa11-867f1ea4f58d,24.08.2026 12:19,Дарина Илиева Попова,Автоматично,Стойка Аргирова Нешева,
ff8b5af4-4a3f-4eec-994e-86f98a8d4ed2,24.08.2026 12:19,МОНИКА ПЛАМЕНОВА ДОБРИНОВА,Автоматично,ЕИСС - Централно Разпределяне,
c15a9e76-e795-4d71-aefe-7144e3ae09c3,24.08.2026 12:19,АЛЕКСАНДЪР ДИМИТРОВ МУРТЕВ,Автоматично,ЕИСС - Централно Разпределяне,
55e76b7e-c62d-4eca-bfb1-d69379fd9142,24.08.2026 12:19,Милена Атанасова Георгиева,Автоматично,Мария Атанасова Минчева,
e3d7d73e-aa93-47ac-a2ad-5557e30b73bc,24.08.2026 12:19,Десислава Николаева Великова,Автоматично,ЕИСС - Централно Разпределяне,
3bb526b0-8ace-42ca-ae41-d7c857e8c315,24.08.2026 12:19,Надежда Димитрова Кирилова,Автоматично,ЕИСС - Централно Разпределяне,
9b17b3f7-2c15-407e-9d87-f8098291c727,24.08.2026 12:19,Хрисимир Максимов Пройнов,Автоматично,ЕИСС - Централно Разпределяне,
e105bdcd-33c0-4d51-9c90-528a04e0b90d,24.08.2026 12:18,НЕВЕНА ИЛАРИОНОВА ИВАНОВА,Автоматично,Анелия Иванова Ангелова,
3d12d089-579e-4125-b229-7cc69b198817,24.08.2026 12:18,МАГДАЛЕНА СТОЯНОВА МАРИНОВА,Автоматично,ЕИСС - Централно Разпределяне,
45055178-9469-4cb4-8198-dae61d790595,24.08.2026 12:18,ИСКРЕН БОРИСОВ,Автоматично,ЕИСС - Централно Разпределяне,
6c9f2121-23a8-40d1-9434-6d9c6f9fd770,24.08.2026 12:18,ТИНА РОСЕНОВА МАЛИНОВА,Автоматично,ЕИСС - Централно Разпределяне,
6786c280-78ab-4e98-9e9f-d521c7fdf97d,24.08.2026 12:18,Петя Цветанова,Автоматично,ЕИСС - Централно Разпределяне,
a99db509-8479-48bb-83a5-eb43c72d47cf,24.08.2026 12:18,ФИЛИП СТОЯНОВ РАДИНОВ,Автоматично,ЕИСС - Централно Разпределяне,
4aad3d40-58c4-42e9-802c-08a2deae6a0b,24.08.2026 12:17,Орлин Летов,Автоматично,ЕИСС - Централно Разпределяне,
8ed3ff38-23b4-4237-8cf5-74249c42a80a,24.08.2026 12:18,Боян Христов Косев,Автоматично,Боян Христов Косев,
e40f2746-16ab-4bc9-8a14-3bd4f0d3f761,24.08.2026 12:17,Даяна Стоянова Василчина,Автоматично,ЕИСС - Централно Разпределяне,
956b54a0-c1a8-4567-8668-c0f2c21e553f,24.08.2026 12:17,НЕВЕНА ИЛАРИОНОВА ИВАНОВА,Автоматично,Анелия Иванова Ангелова,
f93fbc03-656a-4671-881b-862f6d2dc5d3,24.08.2026 12:17,Даниел Иванов Цветков,Автоматично,ЕИСС - Централно Разпределяне,
7cb603f5-7fad-4ee3-986d-b3e71995643d,24.08.2026 12:17,Маргарита Петрова Димитрова,Разпределение по дежурство,Станислава Христова Стаматова,
a40cb33f-9d98-4538-a7ec-e394e93d95dc,24.08.2026 12:17,ДИАНА РАДЕВА,Автоматично,ЕИСС - Централно Разпределяне,
2dedbbcd-afeb-4212-b19a-992a408266e5,24.08.2026 12:17,Людмила Василева Стойнева,Автоматично,ЕИСС - Централно Разпределяне,
d96d0672-4af1-4bb5-90d8-9d1b636dab61,24.08.2026 12:16,Димитър Пенчев Стоянов,Автоматично,ЕИСС - Централно Разпределяне,
1903d615-a153-4772-bd0b-d4815dedf005,24.08.2026 12:16,Мирослав Руменов Саневски,Автоматично,ЕИСС - Централно Разпределяне,
d4e6c098-b935-4483-9b5e-704dd8c4ba70,24.08.2026 12:16,Тихомир Руменов Рачев,Автоматично,ЕИСС - Централно Разпределяне,
85c326af-04ec-435a-a16b-4ad56b3917ed,24.08.2026 12:16,Олга Златева,Автоматично,ЕИСС - Централно Разпределяне,
80fbc3e5-3d9e-4965-8afe-4f240327f4a8,24.08.2026 12:16,Иван Георгиев Бекяров,Автоматично,Мария Атанасова Минчева,
9b8f3a54-3588-4137-9169-19514d9fa4ee,24.08.2026 12:16,КРИСТИЯН АНТОНИЕВ ПОПОВ,Автоматично,ЕИСС - Централно Разпределяне,
70474e1f-c9e8-4280-bb49-6811ed33179d,24.08.2026 12:16,Цвета Боянова Борисова,Автоматично,Евгения Мечева,
ae419154-9c02-4557-b4a7-0da64df2936e,24.08.2026 12:16,Гергана Николаева Божилова,Разпределение по дежурство,Гергана Николаева Божилова,
c13ed255-6886-491b-b96c-bed2d2609cc2,24.08.2026 12:15,Албена Петрова Ташкова,Автоматично,ЕИСС - Централно Разпределяне,
35916717-1eb1-4ae6-88e6-79fc8bf33404,24.08.2026 12:15,Катина Минева,Автоматично,ЕИСС - Централно Разпределяне,
7347fb1e-dd30-4c9f-b99d-f894ac50e333,24.08.2026 12:15,Мирослава Неделчева,Автоматично,ЕИСС - Централно Разпределяне,
01f2b0b3-57c6-4946-8e18-0aa013c3d2e7,24.08.2026 12:15,КАТЯ БОЖИДАРОВА АНГЕЛОВА-ПЕТРОВА,Автоматично,ЕИСС - Централно Разпределяне,
c7b09443-d63f-4468-bcd1-9721d220dfb9,24.08.2026 12:15,Тодор Георгиев Попиванов,Автоматично,ЕИСС - Централно Разпределяне,
43f96434-3185-47d0-bb8d-448a88c51c77,24.08.2026 12:14,Станислав Иванов Цветков,Автоматично,Гергана Николаева Божилова,
f27439d4-9987-44ec-b7ec-bbb5cf3e854c,24.08.2026 12:14,Албена Миронова,Автоматично,ЕИСС - Централно Разпределяне,
d3608b00-c5a3-4dd2-bbb5-8995d3600987,24.08.2026 12:14,Маргарита Петрова Димитрова,Разпределение по дежурство,Станислава Христова Стаматова,
6396ebff-fb07-4895-9177-166d99e96c33,24.08.2026 12:14,Тихомира Георгиева Казасова,Автоматично,ЕИСС - Централно Разпределяне,
113acd02-60ae-4e48-baab-b28d14301fc6,24.08.2026 12:14,Пламен Пантев Денев,Автоматично,ЕИСС - Централно Разпределяне,
064e4502-0dc7-4bb3-92ec-b08accfc10e6,24.08.2026 12:14,Людмила Василева Стойнева,Разпределение по дежурство,Людмила Василева Стойнева,
c6d50dfe-e682-447d-871c-38d78c4eb5e4,24.08.2026 12:14,Диана Младенова Матеева,Автоматично,ЕИСС - Централно Разпределяне,
d69833da-3918-45d7-b051-30dfc935b443,24.08.2026 12:14,Веселина Димитрова Джонева,Автоматично,Пенка Николаева Братанова,
b03fdfc2-dba4-4bb6-9f88-8f66827af4c2,24.08.2026 12:14,Нася Иванова Япаджиева,Автоматично,ЕИСС - Централно Разпределяне,
c5ec74d6-ef03-4b6f-a729-72c536d5d0c3,24.08.2026 12:13,Доника Илиева Тарева - Пехливанова,Автоматично,Мария Атанасова Минчева,
42674a4a-d874-465a-8c92-ec6da27a87a4,24.08.2026 12:13,ДЕСИСЛАВА СТАНИМИРОВА МАРИНОВА,Автоматично,Виолета Недева Христова,
538aa73d-2c29-4361-8daf-1cb40ecca4d7,24.08.2026 12:14,Маргарита Петрова Димитрова,Разпределение по дежурство,Станислава Христова Стаматова,
e4001147-5089-489b-b4c5-52101acc14d7,24.08.2026 12:13,НЕЙКО ГЕОРГИЕВ НЕЙКОВ,Автоматично,ЕИСС - Централно Разпределяне,
f01be170-8dc3-4bea-a7a6-b9e7cdab5146,24.08.2026 12:13,Теодора Руменова Йорданова-Момова,Автоматично,ЕИСС - Централно Разпределяне,
5b2a4947-c779-480c-90c2-6009f2a5d921,24.08.2026 12:13,АЛЕКСАНДЪР ДИМИТРОВ МУРТЕВ,Автоматично,ЕИСС - Централно Разпределяне,
95d2a6d1-c5a2-4d07-bb37-59f804606626,24.08.2026 12:13,Иван Борисов Вътков,Автоматично,ЕИСС - Централно Разпределяне,
72ae2ddd-8f0a-4be0-890e-0038a30f91fa,24.08.2026 12:13,МАРИНЕЛА КРАСИМИРОВА МАРИНОВА-СТОЕВА,Автоматично,ЕИСС - Централно Разпределяне,
6ec1e3e5-2d0f-45fc-a603-96fa5ab53366,24.08.2026 12:13,Маргарита Петрова Димитрова,Разпределение по дежурство,Неделина Ивайлова Банушева,
b2a6bffd-397c-4d96-9c40-7bc1a88b29f1,24.08.2026 12:12,Маргарита Петрова Димитрова,Разпределение по дежурство,Станислава Христова Стаматова,
a597c0ac-0db0-4769-831f-f4f582f92519,24.08.2026 12:12,Александър Георгиев,Автоматично,ЕИСС - Централно Разпределяне,
0ede2ddd-21bc-492a-b36e-4a61134cc68b,24.08.2026 12:12,Людмила Василева Стойнева,Разпределение по дежурство,Людмила Василева Стойнева,
712593fd-2cc8-426a-a7a1-a680afb9ff21,24.08.2026 12:12,Росица Генадиева Тодорова,Автоматично,ЕИСС - Централно Разпределяне,
cab06c5e-d185-4af5-bc42-a8d36128402f,24.08.2026 12:12,Блага Бозова,Ръчно разпределение,Блага Бозова,
9d4cc77a-6104-43af-92ef-a3f2667db9b3,24.08.2026 12:12,Маргарита Петрова Димитрова,Разпределение по дежурство,Неделина Ивайлова Банушева,
1ad8485b-4711-458c-a196-92374e5daecb,24.08.2026 12:12,Людмила Василева Стойнева,Автоматично,ЕИСС - Централно Разпределяне,
3c71a826-1f84-42b5-a89b-a63340c44e5a,24.08.2026 12:12,МЛАДЕН ДИМИТРОВ,Автоматично,ЕИСС - Централно Разпределяне,
d3c3b6bc-34a4-4af6-aaca-07bb55352fb5,24.08.2026 12:12,Иван Борисов Вътков,Автоматично,ЕИСС - Централно Разпределяне,
c03088dd-e380-4088-9d8c-fae84956f657,24.08.2026 12:13,Пенка Николаева Братанова,Ръчно разпределение,Пенка Николаева Братанова,
4ea6a444-9339-41e9-8864-cd51f96e103a,24.08.2026 12:11,Борислав Методиев Методиев,Автоматично,ЕИСС - Централно Разпределяне,
0a9ab544-27e5-47f6-af09-81511a352d01,24.08.2026 12:11,Иван Борисов Вътков,Автоматично,ЕИСС - Централно Разпределяне,
d59fc4a7-4d6e-4923-8c2f-135700262242,24.08.2026 12:14,НЕВЕНА ИЛАРИОНОВА ИВАНОВА,Автоматично,Анелия Иванова Ангелова,
40eb1f3f-7723-4fb3-bb28-089f1ca6b252,24.08.2026 12:11,Блага Бозова,Ръчно разпределение,Блага Бозова,
a9d17195-be65-4761-898a-3aa03dab48f2,24.08.2026 12:11,Райна Русева,Автоматично,ЕИСС - Централно Разпределяне,
657e2ade-a430-4e43-8baf-a3326d8cdde3,24.08.2026 12:11,Атанас Кобуров,Автоматично,ЕИСС - Централно Разпределяне,
6ca4f3df-7c3d-4476-ab28-5e972953404e,24.08.2026 12:11,Мария Емилова Антова,Автоматично,ЕИСС - Централно Разпределяне,
473f178c-80d1-484b-9fa0-236a64788fc5,24.08.2026 12:12,Деница Славова,Автоматично,Яна Петрова Перчева,
68a3cc14-d495-4288-ba7c-7ba6f6ec804f,24.08.2026 12:10,Мирослав Руменов Саневски,Автоматично,ЕИСС - Централно Разпределяне,
00ed0634-11c1-487c-9f7e-aee20ad2f2ab,24.08.2026 12:10,Даниел Иванов Цветков,Автоматично,ЕИСС - Централно Разпределяне,
655e1707-9df5-4fb3-959c-af4198c04580,24.08.2026 12:10,Атанаска Стоянова Павлова-Стоименова,Автоматично,ЕИСС - Централно Разпределяне,
c34e1154-eb30-45f9-ae7f-a619c195b230,24.08.2026 12:10,Блага Бозова,Ръчно разпределение,Блага Бозова,
67ea5d18-864d-491d-8c19-a47635fb2b0e,24.08.2026 12:10,Димитър Тодоров Маринов,Автоматично,ЕИСС - Централно Разпределяне,
e33c5248-2a1e-44a7-8407-614a60a1c9a8,24.08.2026 12:10,ДЕСИСЛАВА ЦВЕТКОВА,Автоматично,ДЕСИСЛАВА ЦВЕТКОВА,
7f502c38-6dea-4c42-b894-95a2c93d1941,24.08.2026 12:10,Надя Спасова Георгиева,Автоматично,Пенка Николаева Братанова,
26da59b5-d31a-41cd-867d-79950c6c878b,24.08.2026 12:10,Дияна Иванова Дамянова Цанкова,Автоматично,ЕИСС - Централно Разпределяне,
0612ce8f-6d18-4679-a9dd-ecf552dd70c0,24.08.2026 12:09,Маргарита Петрова Димитрова,Разпределение по дежурство,Яница Пеева Пеева,
718da8fb-f1be-4df2-b02f-15fb019daaa1,24.08.2026 12:09,Диана Сотирова Танкова,Автоматично,ЕИСС - Централно Разпределяне,
938abe7a-15f2-40e6-baa5-46050fc6ca5e,24.08.2026 12:09,Калина Христова Христова,Автоматично,ЕИСС - Централно Разпределяне,
642d09bf-586b-4506-8d06-4d074b468ed4,24.08.2026 12:09,Марина Трифонова Цветкова,Автоматично,ЕИСС - Централно Разпределяне,
c0b89f10-2f2c-4cc2-8761-c42d133c1d70,24.08.2026 12:09,КЕТИ МИХОВА КОСЕВА,Автоматично,ЕИСС - Централно Разпределяне,
b7346c62-8be3-48a4-b2c8-34b697617165,24.08.2026 12:09,АСЕН ТОТЕВ РАДЕВ,Автоматично,ЕИСС - Централно Разпределяне,
3b7a0460-c9c6-4fe2-9c87-e9ba3075579b,24.08.2026 12:08,ГЕОРГИ ГЕОРГИЕВ,Автоматично,ЕИСС - Централно Разпределяне,
bae1b643-7650-4094-ab36-7a4ea5eaf9ef,24.08.2026 12:08,Мирослав Милчев Начев,Автоматично,Пенка Николаева Братанова,
e7ac2c50-0ccf-4c39-8c30-3bedceaab66f,24.08.2026 12:08,Соня Тодорова Дженкова,Автоматично,ЕИСС - Централно Разпределяне,
adbabed9-f142-421a-8cb6-8a24c135d639,24.08.2026 12:08,Ирена Николова Петкова,Автоматично,Яна Петрова Перчева,
326a0f1e-148f-446a-9250-c2d4b83bdef0,24.08.2026 12:08,Мария Йорданова Дучева,Автоматично,ЕИСС - Централно Разпределяне,
038199e5-e5eb-40d8-b2b2-33970a1d7a44,24.08.2026 12:08,ДЕНИЦА АНГЕЛОВА ЦВЕТКОВА,Автоматично,ЕИСС - Централно Разпределяне,
249f0e77-1a04-4abd-b8f9-77041f6f2b46,24.08.2026 12:08,ДИМИТЪР ВАСИЛЕВ ВАСИЛЕВ,Автоматично,ЕИСС - Централно Разпределяне,
12029229-f457-4a01-a9bc-ce0d3e061a35,24.08.2026 12:08,ВЛАДИМИР ТОДОРОВ КАРАГЬОЗОВ,Автоматично,Виолета Недева Христова,
2f47b5d2-d5c6-4afa-b808-288830ef1030,24.08.2026 12:08,Маргарита Петрова Димитрова,Разпределение по дежурство,Яница Пеева Пеева,
2ec94bf9-6e86-41a2-83da-ea073e6e7319,24.08.2026 12:07,Поля Павлинова Иванова,Автоматично,ЕИСС - Централно Разпределяне,
bbfd456b-a131-46c8-a517-2c314669409c,24.08.2026 12:07,НЕЙКО ГЕОРГИЕВ НЕЙКОВ,Автоматично,ЕИСС - Централно Разпределяне,
5520aa20-5919-46af-a750-6f84e9c3ffff,24.08.2026 12:07,КАЛИН ИВАНОВ,Автоматично,ЕИСС - Централно Разпределяне,
b5d9822f-3fb0-4246-8281-9580cfcd4448,24.08.2026 12:07,Маргарита Петрова Димитрова,Разпределение по дежурство,Неделина Ивайлова Банушева,
dc950004-32dd-4be0-8ec1-8ad22f9cb6b9,24.08.2026 12:07,ЖИВКО ДЕЛЧЕВ ЯНКОВ,Автоматично,ЕИСС - Централно Разпределяне,
6e2839f2-c0ce-4d45-9058-3b83a61abf2b,24.08.2026 12:07,Антон Еленков Антов,Автоматично,ЕИСС - Централно Разпределяне,
9b6da4c3-0e09-484b-9958-121731bfd751,24.08.2026 12:06,Татяна Иванова Тодорова,Автоматично,ЕИСС - Централно Разпределяне,
2cca915a-47ff-4bc3-9fb4-04bb07641f4b,24.08.2026 12:06,ВИЛЯНА ГОСПОДИНОВА МАНОВА,Автоматично,ЕИСС - Централно Разпределяне,
da41c0d7-ff12-4fc6-80a0-f0227f7241f0,24.08.2026 12:06,Маргарита Петрова Димитрова,Разпределение по дежурство,Неделина Ивайлова Банушева,
49da2796-6b5c-42d5-a3ae-85f8244a9c94,24.08.2026 12:06,ЛИЛИЯ ГЕОРГИЕВА ТЕРЗИЕВА,Автоматично,ЕИСС - Централно Разпределяне,
44637223-ae33-4ac3-9887-a681261455c0,24.08.2026 12:06,ВЛАДИМИР ТОДОРОВ КАРАГЬОЗОВ,Автоматично,Виолета Недева Христова,
67dd9091-99b9-4300-8b16-536dacffb2ba,24.08.2026 12:06,ВЛАДИМИР ТОДОРОВ КАРАГЬОЗОВ,Автоматично,ЕИСС - Централно Разпределяне,
4f05e0c2-88fa-48e1-830b-9c2002b8b5b0,24.08.2026 12:06,Таня Илкова,Автоматично,ЕИСС - Централно Разпределяне,
25c3ea93-e2e8-44f2-a6bc-ee91399c64c1,24.08.2026 12:05,Калин Георгиев Колешански,Автоматично,ЕИСС - Централно Разпределяне,
f79c8b15-e809-4418-8afd-31b48d35576a,24.08.2026 12:05,Маргарита Петрова Димитрова,Разпределение по дежурство,Неделина Ивайлова Банушева,
671ab51a-6842-4b4e-a26d-6f9a61c16a71,24.08.2026 12:05,ГЕОРГИ ГЕОРГИЕВ,Разпределение по дежурство,ГЕОРГИ ГЕОРГИЕВ,
4f1abc1f-b02c-4d1d-a17b-e742289c1852,24.08.2026 12:05,Михаела Иванова Атанасова,Автоматично,ЕИСС - Централно Разпределяне,
52404ab3-2836-4ae1-af58-a42cb58a1185,24.08.2026 12:05,ГАЛЯ ИЛИЕВА,Автоматично,ЕИСС - Централно Разпределяне,
f0216dc0-fa16-483b-87cb-cb28b38723ee,24.08.2026 12:05,Елена Светлинова Шипковенска,Автоматично,Борислава Ивайлова Тошева,
614715a0-111f-4f10-8459-76ad4b62c5be,24.08.2026 12:05,ВАЛЯ МЛАДЕНОВА,Автоматично,ЕИСС - Централно Разпределяне,
1223f7b0-82ae-431b-81d1-80c6f491e78a,24.08.2026 12:05,Симеон Горанов Гюров,Автоматично,ЕИСС - Централно Разпределяне,
8675456f-d761-42d4-a5ac-837c33b9cdda,24.08.2026 12:06,Даниела Димова Томова,Автоматично,Радостина Георгиева,
13a84534-51eb-4261-a81f-f0845114e325,24.08.2026 12:04,Маргарита Петрова Димитрова,Разпределение по дежурство,Неделина Ивайлова Банушева,
f797d545-1c14-4379-b3c7-3ea9e29438c6,24.08.2026 12:04,Крум Илиев Динев,Автоматично,ЕИСС - Централно Разпределяне,
8829bd56-63ca-4bc3-9b9f-27cb40ef9473,24.08.2026 12:04,Орлин Летов,Автоматично,ЕИСС - Централно Разпределяне,
59fb5070-8bba-4d77-b389-90b81bc5e269,24.08.2026 12:04,Цонка Тодорова Миткова,Автоматично,ЕИСС - Централно Разпределяне,
adcf5ed1-9881-4133-af86-6f29235ce685,24.08.2026 12:04,ГЕОРГИ ГЕОРГИЕВ,Разпределение по дежурство,ГЕОРГИ ГЕОРГИЕВ,
6361b222-c69e-49b8-9210-3f01512c55a4,24.08.2026 12:04,Димитър Пенчев Стоянов,Автоматично,ЕИСС - Централно Разпределяне,
95689e69-1690-4754-9444-aa31dba8f2a0,24.08.2026 12:04,Маргарита Петрова Димитрова,Разпределение по дежурство,Неделина Ивайлова Банушева,
dd3cb0bf-6152-47bd-b0a4-05baa596a47d,24.08.2026 12:04,Вера Светославова Найденова,Автоматично,ЕИСС - Централно Разпределяне,
83b0d18f-38db-4404-8225-a05a834c438a,24.08.2026 12:07,ЦВЕТАЛИНА МИХОВА ДОЧЕВА,Автоматично,Емил Димитров Стоев,
cd6db409-90cc-48ad-8dcd-a22aa568a39a,24.08.2026 12:03,Радина Василева Хаджикирева,Автоматично,ЕИСС - Централно Разпределяне,
f7f3b55b-79b9-4dbc-8800-64417e09bd91,24.08.2026 12:03,Руска Атанасова Андреева,Ръчно разпределение,Руска Атанасова Андреева,
879d190c-37ee-4c98-a32d-4512913b476c,24.08.2026 12:03,Димитър Маринов Димитров,Автоматично,ЕИСС - Централно Разпределяне,
b320f851-f97c-4a55-87c7-a9b345835a65,24.08.2026 12:04,РУМЯНА МИХАЙЛОВА,Автоматично,ДЕСИСЛАВА ЦВЕТКОВА,
b03e6954-43de-4dd6-a7d8-114e50c24059,24.08.2026 12:03,СИЛВИНА ДАЧКОВА ЙОВЧЕВА,Автоматично,ЕИСС - Централно Разпределяне,
854d35fe-5647-47ea-91e4-aa875dc75222,24.08.2026 12:03,Чавдар Андреев Тодоров,Ръчно разпределение,Чавдар Андреев Тодоров,
2a722a7e-6e2f-43e4-8747-1766add91c7a,24.08.2026 12:05,Димитър Георгиев Христов,Ръчно разпределение,Кристиян Мончев Монев,
2a722a7e-6e2f-43e4-8747-1766add91c7a,24.08.2026 12:04,Иво Василев Добрев,Ръчно разпределение,Кристиян Мончев Монев,
2a722a7e-6e2f-43e4-8747-1766add91c7a,24.08.2026 12:03,Петя Георгиева Георгиева Стоянова,Разпределение по дежурство,Кристиян Мончев Монев,
ec2c5241-ea2f-4503-b1e4-ae6c9dd249fb,24.08.2026 12:03,ИВАНА ТОДОРОВА,Автоматично,ЕИСС - Централно Разпределяне,
c40c95b1-be8f-4593-a861-191fbeba2da6,24.08.2026 12:03,НАТАЛИЯ ПЕТКОВА ПЕТКОВА,Разпределение по дежурство,НАТАЛИЯ ПЕТКОВА ПЕТКОВА,
bcea8f1b-635e-430d-b5b2-1daecfc9bc2a,24.08.2026 12:03,Адриана Атанасова Велева,Автоматично,ЕИСС - Централно Разпределяне,
0150a26e-b1b1-4c86-8bb3-216d5f467f97,24.08.2026 12:05,мл.с. Ралица Светославова,Автоматично,Яна Петрова Перчева,
1561d631-e534-4132-9b7a-9683e2b2d7e7,24.08.2026 12:02,НИКОЛА ТОДОРОВ ДЕЛИЕВ,Автоматично,ЕИСС - Централно Разпределяне,
5909f3e6-a26d-4e02-9595-8235a04b2593,24.08.2026 12:03,ПЕТЪР МАРТИНОВ МИЛЕВ,Автоматично,ВАНЯ ПЕТКОВА ГЕОРГИЕВА,
03585467-d3f6-49fb-bfca-a1fdc5cd29d8,24.08.2026 12:02,Маргарита Петрова Димитрова,Разпределение по дежурство,Яница Пеева Пеева,
36d5fc88-ca34-45f7-91ad-4e48bc595b8e,24.08.2026 12:02,АЛЕКСАНДРА НАНОВА,Автоматично,ЕИСС - Централно Разпределяне,
f7561949-5cd7-47bd-868b-69d3c1ffcf29,24.08.2026 12:02,Минчо Танев Танев,Автоматично,Красимира Тодорова Димова,
5d8ff915-7695-43c6-b65f-e70d0e5d99ea,24.08.2026 12:02,Маргарита Петрова Димитрова,Разпределение по дежурство,Неделина Ивайлова Банушева,
5d999613-caa6-40ce-a74c-4b4344ce8c48,24.08.2026 12:09,ВЛАДИСЛАВА АЛЕКСАНДРОВА ЦАРИГРАДСКА,Автоматично,КАЛОЯН ВЕНЦИСЛАВОВ ГЕРГОВ,
14f66b19-394b-46df-bfbd-52c423f01cc5,24.08.2026 12:02,КЕТИ МИХОВА КОСЕВА,Автоматично,ЕИСС - Централно Разпределяне,
3e8568b3-d0e0-4618-af72-21741ec51063,24.08.2026 12:02,Иван Христов Христов,Автоматично,ЕИСС - Централно Разпределяне,
48608c14-3c83-4b36-89de-9ab7c612d2aa,24.08.2026 12:02,Татяна Иванова Тодорова,Автоматично,ЕИСС - Централно Разпределяне,
39650dfd-2df8-4ecc-8653-3db9ac9fb8cf,24.08.2026 12:01,ВЕНЦИСЛАВ СТЕФАНОВ ВЪЛЧЕВ,Автоматично,ЕИСС - Централно Разпределяне,
1b2315d7-8a6c-4095-bcef-68845f7da677,24.08.2026 12:02,Валентина Петрова Димитрова,Разпределение по дежурство,Емил Димитров Стоев,
7536a20c-7efc-43c0-b09d-3dc3adf54320,24.08.2026 12:08,ДОРОТЕЯ СИМЕОНОВА ЦОНЕВА,Автоматично,КАЛОЯН ВЕНЦИСЛАВОВ ГЕРГОВ,
7bdddc46-1169-46f0-a605-3bb5da74530e,24.08.2026 12:01,Росен Минков Стоянов,Автоматично,ЕИСС - Централно Разпределяне,
7d0939d2-bc62-4dd6-9254-27512fb7a754,24.08.2026 12:01,Марин Митков Чорбаджийски,Автоматично,ЕИСС - Централно Разпределяне,
a36e1e6c-d21d-41e1-93a1-23d1d7b35493,24.08.2026 12:01,Христо Тотев Христов,Автоматично,ЕИСС - Централно Разпределяне,
cb2534f0-17e5-40b6-94ad-0946db2df5d6,24.08.2026 12:01,ВЕСИСЛАВ РУМЕНОВ ГЕНОВ,Автоматично,ЕИСС - Централно Разпределяне,
bf4c3b77-26e0-4aab-9d2a-5cc6653970e0,24.08.2026 12:00,Радосвета Добрева Станимирова,Автоматично,ЕИСС - Централно Разпределяне,
b94b4c58-842a-4272-bb34-cfd7ed93eae0,24.08.2026 12:00,ГЕОРГИ СТОЯНОВ ГЕОРГИЕВ,Разпределение по дежурство,ВЕЛИНА ВЛАДИМИРОВА КАРАГЕОРГИЕВА,
3db5306a-0a96-4132-8d37-5ba89487bc0e,24.08.2026 12:00,НЕЙКО ГЕОРГИЕВ НЕЙКОВ,Автоматично,ЕИСС - Централно Разпределяне,
13bb1575-39e5-4210-9e86-0156e9441f64,24.08.2026 12:00,Райна Мартинова,Автоматично,Борислава Ивайлова Тошева,
18612187-1612-4cc9-b3bd-e1cc31bf714d,24.08.2026 12:00,Ивелина Владова,Автоматично,Яна Петрова Перчева,
619ab925-7672-4277-8042-cdeefce30de0,24.08.2026 12:00,Биляна Росалинова Скорчовска Петкова,Автоматично,ЕИСС - Централно Разпределяне,
212a75f7-446f-413b-980e-009b85daceea,24.08.2026 12:00,Десислава Николаева Великова,Автоматично,ЕИСС - Централно Разпределяне,
6e521fd5-95ef-43c5-981f-8254599af53f,24.08.2026 12:00,ТАТЯНА МИТЕВА,Автоматично,МАГДАЛЕНА СТАНЧЕВСКА,
47ee137f-58d7-4f86-9001-d87cc626f90d,24.08.2026 12:00,Маргарита Петрова Димитрова,Разпределение по дежурство,Неделина Ивайлова Банушева,
3f10ef62-ca75-43db-8146-f33f95f6c56a,24.08.2026 12:00,Руска Атанасова Андреева,Ръчно разпределение,Руска Атанасова Андреева,
54635fbd-365a-47f4-bbd2-d5d1f5af6ed1,24.08.2026 12:00,Соня Тодорова Дженкова,Автоматично,ЕИСС - Централно Разпределяне,
0b97a7be-95bc-42c7-9729-ddbd2d31f586,24.08.2026 11:59,СИЛВИЯ ПЕТКОВА ГЕОРГИЕВА,Разпределение по дежурство,ВЕЛИНА ВЛАДИМИРОВА КАРАГЕОРГИЕВА,
237f306c-1e95-4f8c-b3f5-2182e8375599,24.08.2026 11:59,Николай Захариев Петров,Автоматично,ЕИСС - Централно Разпределяне,
b827ad45-a627-4e00-b89f-2ae07647da65,24.08.2026 11:59,Симеон Илиянов Светославов,Автоматично,ЕИСС - Централно Разпределяне,
67240d21-eede-4790-90fd-bc9d92d75d06,24.08.2026 11:59,Атанас Кобуров,Автоматично,ЕИСС - Централно Разпределяне,
26657194-b8f4-46f1-83dc-6abed490ea68,24.08.2026 11:59,Маргарита Петрова Димитрова,Разпределение по дежурство,Станислава Христова Стаматова,
498b11f1-8dd3-494c-bb05-42b4ba3ebff2,24.08.2026 11:59,Маргарита Петрова Димитрова,Разпределение по дежурство,Яница Пеева Пеева,
d63ab0f3-019b-491e-87a3-dfdad85cc35a,24.08.2026 11:59,Гергана Кузманова,Автоматично,ЕИСС - Централно Разпределяне,
b7a7d051-5d80-4176-8455-2efcc7835da3,24.08.2026 11:59,Весела Гълъбова,Автоматично,Яна Петрова Перчева,
104310e7-bde4-4cbb-82ff-618d7fd641f8,24.08.2026 11:59,Катерина Георгиева Дедова,Автоматично,ЕИСС - Централно Разпределяне,
e1713104-655a-487d-baab-bd258a0c8189,24.08.2026 11:58,КЕТИ МИХОВА КОСЕВА,Автоматично,ЕИСС - Централно Разпределяне,
078e039b-a974-43ff-930d-8bfbbfb212da,24.08.2026 11:58,ПЕТЯ ИВАНОВА ЗДРАВКОВА,Автоматично,ЕИСС - Централно Разпределяне,
83de2aa7-66e0-4d3b-b46a-b84804a50eeb,24.08.2026 12:03,Геновева Илиева,Автоматично,Радостина Георгиева,
8ccb371a-8ef9-455a-8e45-1a5b3f35ce3a,24.08.2026 11:58,Грета Иванова Денчева,Автоматично,ЕИСС - Централно Разпределяне,
22e4ecd8-3429-4d37-bba7-0078750be5c5,24.08.2026 11:58,Анна Иванова Кайтазка,Автоматично,ЕИСС - Централно Разпределяне,
1c1e17d0-7d76-43ab-ac14-744cdc80b317,24.08.2026 11:58,Петя Цветанова,Автоматично,ЕИСС - Централно Разпределяне,
0b2d9157-7fd1-4062-99eb-6cd483ede9f0,24.08.2026 11:57,Магдалена Димова Инджова,Автоматично,ЕИСС - Централно Разпределяне,
54bddedc-b91a-4759-a955-29f9cb149471,24.08.2026 11:57,МОНИКА ПЛАМЕНОВА ДОБРИНОВА,Автоматично,ЕИСС - Централно Разпределяне,
a109423f-186b-40b7-a1ee-72d9aaea3df3,24.08.2026 11:57,Тихомира Георгиева Казасова,Автоматично,ЕИСС - Централно Разпределяне,
27bb44b1-9114-4096-a126-0d01221fa87a,24.08.2026 11:57,Диляна Василева Славова,Автоматично,Мария Атанасова Минчева,
9779be5c-58a3-47ae-9bb4-a6f0129fb517,24.08.2026 11:57,Иво Юриев Хинов,Разпределение по дежурство,ВАНЯ ИЛИЕВА ИЛИЕВА,
7209a2fe-51cc-43be-bed9-4089f7ab50c8,24.08.2026 11:57,Даяна Стоянова Василчина,Автоматично,ЕИСС - Централно Разпределяне,
622e0da6-b743-48d3-ba5e-97c42e1f34bd,24.08.2026 11:57,Пламен Калинов Кучев,Автоматично,ЕИСС - Централно Разпределяне,
70d50fc7-1d0a-4bf6-acdc-d14476a33d86,24.08.2026 11:56,Доротея Петкова Янкова,Автоматично,ЕИСС - Централно Разпределяне,
f7808129-7f52-4676-aceb-9de9a577403f,24.08.2026 11:56,Грета Иванова Денчева,Автоматично,ЕИСС - Централно Разпределяне,
e0dc4a5c-f07c-48c6-afb5-ff86f015fbe5,24.08.2026 11:56,Светла Иванова Иванова,Автоматично,ЕИСС - Централно Разпределяне,
fb796533-0e72-4f4e-b771-014b01409294,24.08.2026 11:56,ФИЛИП СТОЯНОВ РАДИНОВ,Автоматично,ЕИСС - Централно Разпределяне,
b7cd2ed4-f9d3-4c2b-865f-cd9e9f766daf,24.08.2026 11:57,Нели Делчева Иванова,Автоматично,Христина Запрянова Жисова,
78ad7f48-3b38-4428-85ba-1f5fceaa2b12,24.08.2026 11:56,Иван Борисов Вътков,Автоматично,ЕИСС - Централно Разпределяне,
845ff7b0-2e12-4c4b-86d9-e6844221065a,24.08.2026 11:55,Таня Илкова,Автоматично,ЕИСС - Централно Разпределяне,
73023de7-38ef-4efb-aa28-6178a35eae02,24.08.2026 11:55,Маргарита Петрова Димитрова,Разпределение по дежурство,Неделина Ивайлова Банушева,
88df5b90-a5ca-47aa-95bc-22d837993884,24.08.2026 11:55,Петя Венциславова Петрова - Светиева,Автоматично,ЕИСС - Централно Разпределяне,
8d400c83-3fcc-42a0-b7b7-1faeba2d4bbc,24.08.2026 11:55,Иванка Димитрова Дрингова,Автоматично,Яна Петрова Перчева,
45a9de70-2472-427f-a79b-ccb1ae63784b,24.08.2026 11:55,Силвия Георгиева Иванова,Автоматично,ЕИСС - Централно Разпределяне,
2d5611d7-bb8e-43f3-b028-431e2672d9dd,24.08.2026 11:55,ДЕНИЦА ИВАНОВА ЦВЕТКОВА,Автоматично,ВАНЯ ПЕТКОВА ГЕОРГИЕВА,
6b54a0df-dc9c-4aac-96ce-eb34b05b94f5,24.08.2026 11:55,Виолета Костадинова Апостолова,Автоматично,ЕИСС - Централно Разпределяне,
0337ef84-85f1-4056-839e-a43991fc45b9,24.08.2026 11:55,Маргарита Петрова Димитрова,Разпределение по дежурство,Яница Пеева Пеева,
1b876b61-3ae4-4628-8e4a-c4ea17e1ed72,24.08.2026 11:55,ЧАНКО ПЕТКОВ ПЕТКОВ,Автоматично,ЕИСС - Централно Разпределяне,
f888b39f-449d-492a-ad9d-764c20bf28cb,24.08.2026 12:01,ПЕТЯ ЙОРДАНОВА КОТЕВА,Ръчно разпределение,ПЕТЯ ЙОРДАНОВА КОТЕВА,
6f300a72-ec28-4437-a5d5-d633c8cc62e4,24.08.2026 11:55,Нели Делчева Иванова,Автоматично,Христина Запрянова Жисова,
f1ff521f-4d55-4890-bd21-98c2fb562f4a,24.08.2026 11:54,Тодор Георгиев Попиванов,Автоматично,ЕИСС - Централно Разпределяне,
bdd55ca0-81f4-481a-900c-bb07ab7c481d,24.08.2026 11:54,Неделин Йорданов Захариев,Автоматично,ЕИСС - Централно Разпределяне,
a3072f80-7d5a-4a8e-90ac-78da3172d45c,24.08.2026 11:54,Атанас Кобуров,Автоматично,ЕИСС - Централно Разпределяне,
ed4d9433-8332-4dd9-b782-1b537218c2b7,24.08.2026 11:54,Милена Вескова Хазарян,Автоматично,ЕИСС - Централно Разпределяне,
2266f168-f313-4e98-a3d7-528f047784e2,24.08.2026 11:54,Руска Атанасова Андреева,Ръчно разпределение,Руска Атанасова Андреева,
09ad4cc5-4aa8-4f6b-a17e-77f4be96c778,24.08.2026 11:54,МИЛЕНА АЛЕКСИЕВА,Автоматично,ЕИСС - Централно Разпределяне,
e5d209e8-915d-4598-8530-d4fdf395d327,24.08.2026 11:54,Маргарита Петрова Димитрова,Разпределение по дежурство,Яница Пеева Пеева,
84ce29a0-c19f-48e0-9085-0d782a218950,24.08.2026 11:54,ДЕСИСЛАВА ИВАНОВА ТОДОРОВА,Автоматично,ВАНЯ ПЕТКОВА ГЕОРГИЕВА,
81fd9986-78af-46e4-83af-75607a2c5bc2,24.08.2026 11:53,АНГЕЛ ФЕБОВ ПАВЛОВ,Автоматично,ВЕЛИНА ВЛАДИМИРОВА КАРАГЕОРГИЕВА,
d2ce8ba9-2ecf-43e8-b717-20df08dcafa3,24.08.2026 11:53,Людмила Василева Стойнева,Автоматично,ЕИСС - Централно Разпределяне,
082038b3-339d-4d91-ba3e-d38f6858a3de,24.08.2026 11:55,Деница Добрева,Автоматично,Радостина Георгиева,
46aa1ec4-c8a9-4d4c-acbe-ecd96c021278,24.08.2026 11:53,Олга Златева,Автоматично,ЕИСС - Централно Разпределяне,
fb065dab-2119-4de8-80c6-2f625f1d0adf,24.08.2026 11:53,Минчо Калоянов Димитров,Автоматично,Христина Запрянова Жисова,
aff4ce17-98cd-49b1-a5fd-d4a7cb61d650,24.08.2026 11:53,Росен Минков Стоянов,Автоматично,ЕИСС - Централно Разпределяне,
4a68ff9d-2606-482b-8fe6-5c25cc324892,24.08.2026 11:53,Мирослав Данаилов Досов,Автоматично,ЕИСС - Централно Разпределяне,
b5492cfc-a973-4f76-84cd-f18d88c22570,24.08.2026 11:53,ЦВЕТОМИЛ ГОРЧЕВ,Автоматично,ЕИСС - Централно Разпределяне,
7fcc2782-5433-4e96-aa73-73474dc37641,24.08.2026 11:52,Маргарита Петрова Димитрова,Разпределение по дежурство,Яница Пеева Пеева,
084da49a-7c33-475b-b1aa-51132c52ffbf,24.08.2026 11:52,Албена Петрова Ташкова,Автоматично,ЕИСС - Централно Разпределяне,
c8ed5322-a624-4772-b5c5-aea3bdebe2e9,24.08.2026 11:52,КАЛИН СТЕФАНОВ КУНЧЕВ,Автоматично,ЕИСС - Централно Разпределяне,
0b629f47-9f66-4579-967f-54a2e2360d40,24.08.2026 11:52,Илияна Цветкова Тодорова Аловска,Автоматично,ЕИСС - Централно Разпределяне,
53702c2a-7066-481f-82c1-5afe5cbfaacc,24.08.2026 11:52,Пламен Пантев Денев,Автоматично,ЕИСС - Централно Разпределяне,
8fd9a764-4e1c-4df4-a163-70ab10a7ec3d,24.08.2026 11:52,ИВАН ГЕОРГИЕВ КИРИМОВ,Автоматично,ВЕЛИНА ВЛАДИМИРОВА КАРАГЕОРГИЕВА,
f7740c92-e863-432b-b198-d7cd70d37d72,24.08.2026 11:52,Мариана Костадинова Тодорова Досева,Автоматично,ЕИСС - Централно Разпределяне,
77a15566-7151-47d4-8a6b-fd3a5ab22e17,24.08.2026 11:52,Маргарита Петрова Димитрова,Разпределение по дежурство,Станислава Христова Стаматова,
b8577fe5-772e-485a-9148-4e6c5d688d84,24.08.2026 11:52,Маргарита Петрова Димитрова,Разпределение по дежурство,Неделина Ивайлова Банушева,
b7a16966-197b-4723-a38d-a68963c4d563,24.08.2026 11:53,Искра Петьова Касабова,Ръчно разпределение,Искра Петьова Касабова,
897a826f-7313-4669-b6f2-71aecc799c58,24.08.2026 11:51,Десислава Николаева Великова,Автоматично,ЕИСС - Централно Разпределяне,
f1897507-a887-4e06-a3d7-84f923c40a13,24.08.2026 11:52,ЦВЕТИНА РУМЕНОВА ЦОЛОВА,Автоматично,ВАНЯ ПЕТКОВА ГЕОРГИЕВА,
ea2b1148-d7ee-49b4-a71f-afbbe216960c,24.08.2026 11:51,Петина Кръстева Николова,Автоматично,ЕИСС - Централно Разпределяне,
eb6d265a-9808-46c2-8277-8d8128ca24a9,24.08.2026 11:51,Маргарита Петрова Димитрова,Разпределение по дежурство,Яница Пеева Пеева,
11e95981-0a78-41a8-9101-e6ac98a27332,24.08.2026 11:51,КРИСТИЯН АНТОНИЕВ ПОПОВ,Автоматично,ЕИСС - Централно Разпределяне,
f62990c0-cd58-40fb-b6bb-ec2a28f74aca,24.08.2026 11:51,Иванка Георгиева Илинова,Автоматично,Тодор Руменов Коев,
db959f6b-6b59-42e3-b873-64f7cf1cc627,24.08.2026 11:51,Радосвета Добрева Станимирова,Автоматично,ЕИСС - Централно Разпределяне,
7ce892b3-4626-4d15-b7e7-3860a079d136,24.08.2026 11:51,Христина Запрянова Жисова,Автоматично,Христина Запрянова Жисова,
560a25c8-2136-48cb-a487-5d37a53e65a6,24.08.2026 11:51,Димитър Пенчев Стоянов,Автоматично,ЕИСС - Централно Разпределяне,
bc6954e8-40f4-480b-aa3e-944181dab86b,24.08.2026 11:51,ВЕЛИЗАР СТОЯНОВ КОСТАДИНОВ,Автоматично,ВЕЛИНА ВЛАДИМИРОВА КАРАГЕОРГИЕВА,
9bb1ed2e-1caa-4cdf-9072-498de3fc426c,24.08.2026 11:51,мл.с. Ралица Светославова,Автоматично,Яна Петрова Перчева,
1c2558c8-657e-4dda-a759-fab773dab272,24.08.2026 11:50,МАРИНЕЛА КРАСИМИРОВА МАРИНОВА-СТОЕВА,Автоматично,ЕИСС - Централно Разпределяне,
dfd14657-41ba-4cde-be6f-f50ae954924a,24.08.2026 11:52,Даниела Димова Томова,Автоматично,Радостина Георгиева,
e31e91d2-750d-456d-99e7-f44c7e4ff73e,24.08.2026 11:50,Тодор Илиев Тихолов,Автоматично,ЕИСС - Централно Разпределяне,
207ae5a5-3015-460d-a005-55a7ebefaa4f,24.08.2026 11:50,Силвия Георгиева Иванова,Автоматично,ЕИСС - Централно Разпределяне,
3d4619ea-a91d-44eb-bea6-20efa7fe9f56,24.08.2026 11:50,АСЕН ТОТЕВ РАДЕВ,Автоматично,ЕИСС - Централно Разпределяне,
993286b8-43fe-4bf1-8619-b0d82babe09b,24.08.2026 11:50,Диана Розалинова Хубенова,Автоматично,ЕИСС - Централно Разпределяне,
26a4656c-9bbf-440e-bde5-f7e46cd89096,24.08.2026 11:50,Маргарита Петрова Димитрова,Разпределение по дежурство,Галина Иванова Иванова,
e3c5e1b7-d1d9-44fa-aa9b-51a02ba2b853,24.08.2026 11:50,Искра Петьова Касабова,Автоматично,Искра Петьова Касабова,
f1747c23-b45b-4f30-b34b-ef62d4eb7083,24.08.2026 11:49,Веселина Михайлова Узунова Панчева,Автоматично,ЕИСС - Централно Разпределяне,
e4085b27-2d43-4945-9135-ec87d3640127,24.08.2026 11:49,Диана Димитрова Пашова,Автоматично,Христина Запрянова Жисова,
810251fb-3416-4ca3-819d-13c22582101f,24.08.2026 11:49,Диана Сотирова Танкова,Автоматично,Веселина Димитрова Хаджиева,
4fd60f93-18a7-44b0-b406-0e26cb92fb7b,24.08.2026 11:49,Пламен Пантев Денев,Автоматично,ЕИСС - Централно Разпределяне,
13d1d3bc-4d15-41ee-b178-2d0697421294,24.08.2026 11:49,КРИСТИНА ЕВГЕНИЕВА ГЮРОВА-ПАПАЗОВА,Автоматично,ВЕЛИНА ВЛАДИМИРОВА КАРАГЕОРГИЕВА,
1d681c90-8d2a-4644-bf9d-6f02ce9414f9,24.08.2026 11:49,Красимира Делчева Кондова,Автоматично,ЕИСС - Централно Разпределяне,
27360379-2cf1-42cd-95f6-62668c93efd6,24.08.2026 11:49,ГЕРГАНА ВЕЛЧОВА КИРОВА,Автоматично,ВАНЯ ПЕТКОВА ГЕОРГИЕВА,
d0744c59-1051-4c0a-b6a4-15f24ffeb9dd,24.08.2026 11:49,Йоана Николаева Такова,Автоматично,ЕИСС - Централно Разпределяне,
525bc5d0-ad9e-4bbf-b2c8-8e5f804923b9,24.08.2026 11:49,Велина Иванова Полежанова,Автоматично,ЕИСС - Централно Разпределяне,
3b91aedc-8b0c-4b26-b48b-fefc7e89f669,24.08.2026 11:49,Веселка Цокова Иванова,Автоматично,Петя Петрова Вълчева-Чукачева,
33cb1191-84af-4210-88fd-9d1b3c97db4e,24.08.2026 11:48,Хрисимир Максимов Пройнов,Автоматично,ЕИСС - Централно Разпределяне,
d340ad98-8e64-41dd-8d3d-d2acd3db995f,24.08.2026 11:48,Вера Светославова Найденова,Автоматично,ЕИСС - Централно Разпределяне,
13c78ec2-0a54-44fd-89f5-a30711922df3,24.08.2026 11:48,МЛАДЕН ДИМИТРОВ,Автоматично,МЛАДЕН ДИМИТРОВ,
450397f6-56b9-4c20-af02-ddfd67f24f55,24.08.2026 11:48,Тихомира Георгиева Казасова,Автоматично,ЕИСС - Централно Разпределяне,
56025384-d594-42af-adac-9484710870d6,24.08.2026 11:48,Маргарита Петрова Димитрова,Разпределение по дежурство,Станислава Христова Стаматова,
3d3b81c9-db75-49a1-9f7d-17afc9fa5ca2,24.08.2026 11:48,Ана Симеонова Андонова,Автоматично,ЕИСС - Централно Разпределяне,
6ebce3ab-2b59-4301-a3b7-5a3cfd15a698,24.08.2026 11:48,Илия Олегов Милев,Разпределение по дежурство,Христо Витков Първанов,
5eeac233-9e9b-44f2-8ab4-a5441e87da53,24.08.2026 11:48,СТЕЛА ИВАЙЛОВА ИВАНОВА,Автоматично,ЕИСС - Централно Разпределяне,
75513369-52f7-4ec1-89e4-edce9543bffd,24.08.2026 11:48,Антония Якимова,Автоматично,Яна Петрова Перчева,
e115c36e-6c18-4847-8ca1-b1a21f040a93,24.08.2026 11:47,Христо Тотев Христов,Автоматично,ЕИСС - Централно Разпределяне,
8092006b-7a13-43e9-9c93-d1c7522209ac,24.08.2026 11:47,ДОРОТЕЯ ЕНЧЕВА ИВАНОВА,Автоматично,ЕИСС - Централно Разпределяне,
24609995-1772-4319-a2f8-b95da25584cc,24.08.2026 11:47,Александър Георгиев,Автоматично,ЕИСС - Централно Разпределяне,
ca1a9db2-2cc6-448f-be1a-d51d61a5353d,24.08.2026 11:47,МЛАДЕН ДИМИТРОВ,Автоматично,МЛАДЕН ДИМИТРОВ,
0f8d8686-c714-413f-9ad2-89e9403c1509,24.08.2026 11:48,Илияна Тодорова Балтова,Автоматично,Деляна Димитрова Томова,
ffdff53f-46d7-4cac-8235-5a7ab49f2469,24.08.2026 11:47,Маргарита Петрова Димитрова,Разпределение по дежурство,Станислава Христова Стаматова,
30c36385-09ab-49ff-8e4c-62807976a73b,24.08.2026 11:47,МИЛЕН ИВАНОВ СТОЙЧЕВ,Автоматично,МИЛЕН ИВАНОВ СТОЙЧЕВ,
74a3c903-7006-4655-acd9-9bc5ff7feaca,24.08.2026 11:47,Зара Ехия Иванова,Автоматично,ЕИСС - Централно Разпределяне,
0346eac6-f3a2-40f3-b490-6af4c8c22afa,24.08.2026 11:47,Елица Юлиянова Орманова,Автоматично,ЕИСС - Централно Разпределяне,
0ee98514-28fa-4809-95ee-b5a494c3d371,24.08.2026 11:46,Антония Якимова,Автоматично,Яна Петрова Перчева,
1cb8aa72-88c2-4b9d-858e-de278e916333,24.08.2026 11:46,Диана Розалинова Хубенова,Автоматично,ЕИСС - Централно Разпределяне,
7c6640e2-454b-4ce4-acb1-aeb6104b5b6c,24.08.2026 11:46,Йоана Николаева Такова,Автоматично,Чавдар Андреев Тодоров,
b6db5a90-fbcc-4b28-b6f2-4f83b193adf7,24.08.2026 11:46,Радосвета Добрева Станимирова,Автоматично,ЕИСС - Централно Разпределяне,
bd70c2cc-680e-4f49-a241-4205cfb4faa6,24.08.2026 11:46,Ивелина Илиева Келлева Бонева,Автоматично,ЕИСС - Централно Разпределяне,
fe5f90ce-de01-4f74-a03d-4c8f38470415,24.08.2026 11:46,Минчо Стоянов Минев,Автоматично,ЕИСС - Централно Разпределяне,
c446b24a-86f2-446d-a100-ddc5a7d8c46e,24.08.2026 11:46,Свилена Стоянова Давчева,Автоматично,Мария Атанасова Минчева,
87646e8e-7d93-4dc3-b717-8b5fb1f7eb6a,24.08.2026 11:46,Райна Русева,Автоматично,ЕИСС - Централно Разпределяне,
f7971ba2-4325-4bdf-8b3b-fc68751d8db4,24.08.2026 11:45,КАЛИН ИВАНОВ,Автоматично,ЕИСС - Централно Разпределяне,
96885ecf-faaa-42d2-922e-1fbb80da5ced,24.08.2026 11:45,Борислав Кирилов Тончев,Автоматично,ЕИСС - Централно Разпределяне,
89fed508-6a14-4da9-93f3-5d4a3ed8f05c,24.08.2026 11:45,Хрипсиме Мъгърдичян,Автоматично,Ани Петрова Иванова,
58de5a15-0dc1-455b-b7ef-097a7b66715a,24.08.2026 11:45,РОМАН ТОДОРОВ НИКОЛОВ,Автоматично,ЕИСС - Централно Разпределяне,
a4aa3f80-5519-41bd-bdf4-e10f4a53af97,24.08.2026 11:45,Трифон Иванов Минчев,Автоматично,Димитър Миков Христов,
4a7df1d2-77e3-4f96-9d63-8c525afd95ce,24.08.2026 11:45,Сона Вахе Гарабедян,Автоматично,ЕИСС - Централно Разпределяне,
f493de61-00eb-49f5-b1b9-07a4fac9aaac,24.08.2026 11:45,Павел Александров Ханджиев,Автоматично,Деляна Димитрова Томова,
e8b13cbc-4bf7-40f8-9f22-05ee2db7b222,24.08.2026 11:45,Маргарита Петрова Димитрова,Разпределение по дежурство,Яница Пеева Пеева,
83237835-4b22-493d-ae52-3806c7f2bc9b,24.08.2026 11:45,Донка Янкова Русинова,Разпределение по дежурство,ДИМИТРИНА ПЕТКОВА КОВАЧЕВА,
d1bc494d-c521-408b-9034-78a959fa7add,24.08.2026 11:45,ФИЛИП СТОЯНОВ РАДИНОВ,Автоматично,ЕИСС - Централно Разпределяне,
7a2ea0c4-0527-4e7a-963e-1861f804b890,24.08.2026 11:47,Петър Славов Петров,Ръчно разпределение,Дияна Димова Христова,
7cf585ac-589a-4c87-aa6f-1d5eea414d22,24.08.2026 11:44,Антония Якимова,Автоматично,Яна Петрова Перчева,
0d847d4e-4524-4a69-8eed-f37b75a5f228,24.08.2026 11:44,Галя Величкова Наумова,Автоматично,ЕИСС - Централно Разпределяне,
d08adf00-0c5a-46cb-ade2-328c67f17768,24.08.2026 11:44,КОНСТАНТИН ПЕТРОВ КОСЕВ,Разпределение по дежурство,КОНСТАНТИН ПЕТРОВ КОСЕВ,
382004c7-e2bd-4db6-9749-d449877d17df,24.08.2026 11:44,Мария Емилова Антова,Автоматично,ЕИСС - Централно Разпределяне,
bf542266-dc2e-41ab-9db0-5a2d49825a9a,24.08.2026 11:44,ИВАНА ТОДОРОВА,Автоматично,ЕИСС - Централно Разпределяне,
a1578688-4127-475e-829d-477f5c1c4637,24.08.2026 11:44,ВЕСИСЛАВ РУМЕНОВ ГЕНОВ,Автоматично,ЕИСС - Централно Разпределяне,
acbc8c6b-0770-4848-a8c5-d2981ae81448,24.08.2026 11:44,МАРИАНА НИКОЛАЕВА ИВАНОВА,Автоматично,МИЛЕН ИВАНОВ СТОЙЧЕВ,
f22864f5-197e-4bf7-8c9e-73b9974d0290,24.08.2026 11:44,Маргарита Петрова Димитрова,Разпределение по дежурство,Неделина Ивайлова Банушева,
95706d2b-b9d7-41cb-8653-7b5b616f6c64,24.08.2026 11:44,Нанко Събов Маринов,Автоматично,ЕИСС - Централно Разпределяне,
47c20ec4-21e3-4854-bd69-b77c6b38521d,24.08.2026 11:44,ДОРОТЕЯ ЕНЧЕВА ИВАНОВА,Автоматично,КОНСТАНТИН ПЕТРОВ КОСЕВ,
b1cbf7a8-e7a9-473e-a3a6-9e6bdeb1fd7c,24.08.2026 11:44,Пепа Димова Жекова,Автоматично,Валентина Иванова Господинова,
60c4fd7d-e280-4f76-b83b-2dd09ff56a17,24.08.2026 11:43,Десислава Николаева Великова,Автоматично,ЕИСС - Централно Разпределяне,
92f4ec29-e468-4210-adfa-1c80fb4d5444,24.08.2026 11:43,Милена Иванова Семерджиева,Автоматично,ЕИСС - Централно Разпределяне,
1bf566d6-4f4b-4d86-bf2d-2f5054ab61ef,24.08.2026 11:43,Даниела Каролова Телбизова-Янчева,Автоматично,Даниела Каролова Телбизова-Янчева,
7aa044b1-c86a-461e-a7f0-d2eeafec8bfc,24.08.2026 11:43,Пламен Георгиев Ченджиев,Разпределение по дежурство,Пламен Георгиев Ченджиев,
7dc103b5-78ab-4b71-b78d-52c27f3f47e5,24.08.2026 11:43,Симеон Горанов Гюров,Автоматично,ЕИСС - Централно Разпределяне,
30f6ffe4-f741-4156-a120-48b7ad13da1c,24.08.2026 11:43,ИВАН ИВАНОВ,Автоматично,МАГДАЛЕНА СТАНЧЕВСКА,
05869be8-7f85-4f41-9027-bc9ccd8b93e0,24.08.2026 11:43,Орлин Летов,Автоматично,ЕИСС - Централно Разпределяне,
1f5bd843-0428-4120-be3b-0826fa23970e,24.08.2026 11:43,Маргарита Петрова Димитрова,Разпределение по дежурство,Галина Иванова Иванова,
0236b4fe-96c9-44ac-aec5-4915cae88cb3,24.08.2026 11:43,Цветомир Цаков Цветанов,Автоматично,ЕИСС - Централно Разпределяне,
c1dae5c8-c566-4436-a8b3-b7131548b2fe,24.08.2026 11:42,МАГДАЛЕНА СТОЯНОВА МАРИНОВА,Автоматично,ЕИСС - Централно Разпределяне,
22566d65-36c4-4a5a-9fd6-7935eb0c080d,24.08.2026 11:42,Магдалена Атанасова Жбантова Стефанова,Автоматично,Величка Иванова Терзиева,
327c2639-1a47-4c7f-b355-1677313cb4c5,24.08.2026 11:42,Албена Миронова,Автоматично,ЕИСС - Централно Разпределяне,
be0c40ae-71df-48b1-bb1d-23a564e2183c,24.08.2026 11:42,МАРИЕТА ДИМИТРОВА БУШАНДРОВА,Разпределение по дежурство,ДИМИТРИНА ПЕТКОВА КОВАЧЕВА,
e077cc03-880a-40ee-8ea4-ef02869dbfc7,24.08.2026 11:42,Мирослава Неделчева,Автоматично,ЕИСС - Централно Разпределяне,
67c70903-118f-481b-870e-9f00844c73e4,24.08.2026 11:42,ТЕОДОРА ДИМИТРОВА КЮРКЧИЕВА,Автоматично,ЕИСС - Централно Разпределяне,
b38c8bf6-29e5-4864-a8f8-0adfad80d770,24.08.2026 11:43,мл.с. Ивайло Максимов Младенов,Автоматично,Яна Петрова Перчева,
543c48e7-5ff0-4889-8a2d-022d3bfc761f,24.08.2026 11:42,Надежда Димитрова Кирилова,Автоматично,ЕИСС - Централно Разпределяне,
53872dff-9bb4-4557-9a20-1c68b065a058,24.08.2026 11:42,БОРЯНА СТОЙЧЕВА ПЕТРОВА,Автоматично,МИЛЕН ИВАНОВ СТОЙЧЕВ,
2070b911-4d1d-4e66-a4bd-7a464280f966,24.08.2026 11:47,Ралица Каменова,Автоматично,Радостина Георгиева,
104cfef2-4ba4-41be-a8c0-2adad371c567,24.08.2026 11:41,КАТЯ БОЖИДАРОВА АНГЕЛОВА-ПЕТРОВА,Разпределение по дежурство,РОСИЦА ХРИСТОВА ТОДОРОВА,
3b57f079-b9bd-464d-81d9-b4127280de2d,24.08.2026 11:41,Людмила Добрева Григорова-Митева,Автоматично,ЕИСС - Централно Разпределяне,
2c212a97-359c-4f21-bd05-4cf0f78e23ad,24.08.2026 11:42,Боряна Ангелова Димитрова,Автоматично,Деляна Димитрова Томова,
70b3bc3a-7373-4bb4-93c7-6e03bc7673a3,24.08.2026 11:41,Олга Златева,Автоматично,ЕИСС - Централно Разпределяне,
25ea57dd-81f4-4128-bb2e-18b6c39e6e0d,24.08.2026 11:41,МЛАДЕН ДИМИТРОВ,Автоматично,ЕИСС - Централно Разпределяне,
cfa085cd-690f-40ef-b74e-a73d4dce6ae7,24.08.2026 11:41,АНТОН РАНГЕЛОВ ИГНАТОВ,Автоматично,ЕИСС - Централно Разпределяне,
a9409df0-ca35-424b-a16c-18b89a6b4362,24.08.2026 11:41,Маргарита Петрова Димитрова,Разпределение по дежурство,Яница Пеева Пеева,
2f776b86-3800-4c1a-9b97-641849116082,24.08.2026 11:41,БОГДАН РУСЕВ РУСЕВ,Разпределение по дежурство,САШКА АНГЕЛОВА ВЕЛИНОВА,
1cd857c2-7da3-421d-8429-02088fa3c05a,24.08.2026 11:41,Мина Цветанова Павлова,Автоматично,ЕИСС - Централно Разпределяне,
7f062024-0691-40e4-91a5-817003401885,24.08.2026 11:40,Димитринка Емилова Купринджийска,Автоматично,ЕИСС - Централно Разпределяне,
aaae76eb-80e4-41a1-873c-6d4b3c798c93,24.08.2026 11:40,КАТЯ БОЖИДАРОВА АНГЕЛОВА-ПЕТРОВА,Разпределение по дежурство,РОСИЦА ХРИСТОВА ТОДОРОВА,
ae8c62a8-1875-4a7b-9c0c-ed36f778a211,24.08.2026 11:40,СИЛВИНА ДАЧКОВА ЙОВЧЕВА,Разпределение по дежурство,СИЛВИНА ДАЧКОВА ЙОВЧЕВА,
855779d1-0f2d-432d-a989-d1a51c4b4688,24.08.2026 11:40,Петя Венциславова Петрова - Светиева,Автоматично,ЕИСС - Централно Разпределяне,
4d194006-99dd-49c8-8248-b378557518ce,24.08.2026 11:40,Тихомира Георгиева Казасова,Автоматично,ЕИСС - Централно Разпределяне,
f208b511-2e66-4d29-9b89-3fcd8aec5b96,24.08.2026 11:40,Руска Атанасова Андреева,Автоматично,Мария Атанасова Минчева,
1f4fbcba-f527-43ac-95a3-ad96c0d129e1,24.08.2026 11:40,Таня Илкова,Автоматично,ЕИСС - Централно Разпределяне,
983ed070-ef11-41b7-9d2e-d7e951d0ac6c,24.08.2026 11:40,МИЛА ГОЧЕВА ДИМОВА-СПАСОВА,Разпределение по дежурство,САШКА АНГЕЛОВА ВЕЛИНОВА,
c2ba4737-01c5-4c14-99c1-aa276eb48602,24.08.2026 11:40,Теодора Руменова Йорданова-Момова,Автоматично,ЕИСС - Централно Разпределяне,
13d4a3dd-818f-4eea-a01c-815ae202e544,24.08.2026 11:40,Мая Василева Гиздова,Разпределение по дежурство,Мая Василева Гиздова,
1f650ec5-e1e8-4f53-a54a-918b08efe961,24.08.2026 11:39,Стелла Светозарова Моллова,Автоматично,ЕИСС - Централно Разпределяне,
d25e2462-88f0-4555-8bfc-d40fe7961ded,24.08.2026 11:39,Камен Иванов,Автоматично,Бистра Николова,
bc6f121b-47fd-4a21-bb16-965be26b8e76,24.08.2026 11:39,Соня Тодорова Дженкова,Автоматично,ЕИСС - Централно Разпределяне,
74b88f06-a0c2-4db7-8a31-ddaf432e3c56,24.08.2026 11:39,ГЕОРГИ ГЕОРГИЕВ,Автоматично,ЕИСС - Централно Разпределяне,
b9bbbdf8-049e-4440-bb87-b0fd63cfb1d9,24.08.2026 11:39,КОНСТАНТИН ПЕТРОВ КОСЕВ,Разпределение по дежурство,КОНСТАНТИН ПЕТРОВ КОСЕВ,
a3bee9dc-103d-404b-bb9a-a5e1ac74d82b,24.08.2026 11:39,Руска Атанасова Андреева,Автоматично,Мария Атанасова Минчева,
d6709de2-69c5-44ae-8880-6b88df2e1105,24.08.2026 11:39,Десислава Николаева Великова,Автоматично,ЕИСС - Централно Разпределяне,
2f60750a-1259-4a71-9396-84dbe2e32676,24.08.2026 11:39,КОНСТАНТИН АЛЕКСАНДРОВ КУНЧЕВ,Разпределение по дежурство,САШКА АНГЕЛОВА ВЕЛИНОВА,
4c355cd1-53b2-425e-95a7-979c80c85afb,24.08.2026 11:39,Вяра Петракиева - Велинова,Автоматично,Вяра Петракиева - Велинова,
01f0df67-8ff3-4e22-86b6-c2c9ab4448a0,24.08.2026 11:39,Атанаска Стоянова Павлова-Стоименова,Автоматично,ЕИСС - Централно Разпределяне,
ec113800-6445-42cd-8376-5a4e2bdc1eef,24.08.2026 11:38,Нанко Събов Маринов,Автоматично,ЕИСС - Централно Разпределяне,
e286e3ce-9c15-4944-8863-8ac6ed1af072,24.08.2026 11:38,СИЛВИНА ДАЧКОВА ЙОВЧЕВА,Автоматично,ЕИСС - Централно Разпределяне,
109b7eed-50c4-417e-a326-bf6d2f149c7a,24.08.2026 11:39,Павел Александров Ханджиев,Автоматично,Деляна Димитрова Томова,
d8612f70-f7a5-49af-a135-2d4120a3bcb9,24.08.2026 11:38,КАЛИН СТЕФАНОВ КУНЧЕВ,Автоматично,ЕИСС - Централно Разпределяне,
07579608-64d3-47a1-b1d2-864c5c40f059,24.08.2026 11:38,Искра Стоянова Вараджакова,Автоматично,Пейо Иванов Приходков,
a4d16472-1b40-4827-a268-e18ac9601617,24.08.2026 11:38,Емил Томов,Автоматично,Ани Петрова Иванова,
6d5b9f4f-84e8-4f67-b40d-d304e573dee0,24.08.2026 11:38,АЛЕКСАНДЪР ДИМИТРОВ МУРТЕВ,Автоматично,ЕИСС - Централно Разпределяне,
dd0cd29b-5ed1-455a-8f89-37461f77dce4,24.08.2026 11:40,ст. лейт. ГЕОРГИ АНДОНОВ КРУШАРСКИ,Автоматично,ст. лейт. ГЕОРГИ АНДОНОВ КРУШАРСКИ,
ddd8a5bf-347d-473a-bff7-3b41b2fa2225,24.08.2026 11:38,Маргарита Петрова Димитрова,Разпределение по дежурство,Неделина Ивайлова Банушева,
bb60522c-dbbf-4553-8590-ca1d8cb4b6b9,24.08.2026 11:38,Марина Трифонова Цветкова,Автоматично,ЕИСС - Централно Разпределяне,
a43e6f0b-7fad-4436-b22f-031c81070c48,24.08.2026 11:38,Ивелина Владова,Автоматично,Яна Петрова Перчева,
90fc6f90-f913-4528-a116-efd58290cead,24.08.2026 11:38,Алексей Боянов Трифонов,Автоматично,Бистра Николова,
a8636f5a-17ed-4d57-bb5d-3774f8f156d4,24.08.2026 11:37,Олга Златева,Разпределение по дежурство,Олга Златева,
ff9fa536-4efa-4c14-a5db-15e6ffab5c9a,24.08.2026 11:38,Ана Иванова Илиева,Разпределение по дежурство,Силвия Георгиева Иванова,
0f80a353-482f-4669-9788-41c2a9156f53,24.08.2026 11:37,КОНСТАНТИН ПЕТРОВ КОСЕВ,Разпределение по дежурство,КОНСТАНТИН ПЕТРОВ КОСЕВ,
1a45ac57-3875-4e3f-9238-e5960a071838,24.08.2026 11:40,Катя Стоянова Пенчева,Автоматично,Галина Грозева Арнаудова,
1a45ac57-3875-4e3f-9238-e5960a071838,24.08.2026 11:39,Славейка Атанасова Костадинова,Автоматично,Галина Грозева Арнаудова,
1a45ac57-3875-4e3f-9238-e5960a071838,24.08.2026 11:38,Александър Стойчев,Автоматично,Галина Грозева Арнаудова,
9adce144-0e55-4ee6-886a-4ffd9172cfe6,24.08.2026 11:37,ТИНА РОСЕНОВА МАЛИНОВА,Автоматично,ЕИСС - Централно Разпределяне,
81bb1215-8412-4b85-9aeb-833913a54cdc,24.08.2026 11:37,Дияна Атанасова Николова,Автоматично,ЕИСС - Централно Разпределяне,
91928769-9912-481d-9426-cdeaff9ca7cb,24.08.2026 11:37,Петя Димитрова Стоянова,Автоматично,ЕИСС - Централно Разпределяне,
37ec748f-cacb-4b6d-98f2-77513acd28b1,24.08.2026 11:37,Зара Ехия Иванова,Автоматично,ЕИСС - Централно Разпределяне,
5ae38d3f-ccdb-4474-a58a-4fc8ce347685,24.08.2026 11:37,Пламен Пантев Денев,Автоматично,ЕИСС - Централно Разпределяне,
3e15812d-0ee8-4e10-8556-790a97bc151e,24.08.2026 11:37,Надежда Георгиева Славчева - Андонова,Автоматично,Мария Атанасова Минчева,
da79a949-aa92-44c9-bbaa-021b3eda80e6,24.08.2026 11:36,Александър Стойчев,Автоматично,Галина Грозева Арнаудова,
cb850201-90d1-4660-b168-176185bfda8f,24.08.2026 11:37,Лидия Антоанова Георгиева,Автоматично,Иванка Асенова Рашкова,
557563d3-af00-48a5-8b1e-67c539127ca2,24.08.2026 11:36,КОНСТАНТИН ПЕТРОВ КОСЕВ,Разпределение по дежурство,КОНСТАНТИН ПЕТРОВ КОСЕВ,
c86a83d2-ef06-40ef-832a-2a1d65905d6a,24.08.2026 11:36,КРИСТИЯН АНТОНИЕВ ПОПОВ,Автоматично,ЕИСС - Централно Разпределяне,
357f78f6-74c1-4528-8dae-959ee5100986,24.08.2026 11:36,Маргарита Петрова Димитрова,Разпределение по дежурство,Неделина Ивайлова Банушева,
6a990f3b-3d6f-447b-b848-a7e36597d029,24.08.2026 11:36,ЕЛЕОНОРА ФИЛИПОВА,Автоматично,ЕИСС - Централно Разпределяне,
f92ef294-dcc3-4265-98d4-806b49e64888,24.08.2026 11:36,Ана Иванова Илиева,Автоматично,ЕИСС - Централно Разпределяне,
46c5f536-5455-4239-9164-8ce3706e8bbd,24.08.2026 11:36,Петър Валентинов Живков,Автоматично,ЕИСС - Централно Разпределяне,
cab66c27-bfaf-41fe-910c-3ad843b26361,24.08.2026 11:36,Емилия Колева,Автоматично,Бистра Николова,
92d9c487-5a15-4d87-9a45-b2e8c90cb223,24.08.2026 11:36,Росен Иванов Балкански,Автоматично,ЕИСС - Централно Разпределяне,
9667ced9-07ca-46fb-a6d4-c9966a358eac,24.08.2026 11:36,Радка Димова Чолакова,Автоматично,Галина Грозева Арнаудова,
504d6dbc-1a09-4929-a898-2d19a0024a8a,24.08.2026 11:36,Галина Христова Нейчева,Ръчно разпределение,ВАНЯ ИЛИЕВА ИЛИЕВА,
3122583d-3cec-4110-8935-de716bd25ac6,24.08.2026 11:35,Христо Тотев Христов,Автоматично,Христо Тотев Христов,
19c50174-1a99-4134-9238-bca3a00e62ea,24.08.2026 11:35,Маргарита Петрова Димитрова,Разпределение по дежурство,Неделина Ивайлова Банушева,
793cc11d-1efd-440e-979d-c55a142bef63,24.08.2026 11:35,Иван Цветозаров Иванов,Автоматично,ЕИСС - Централно Разпределяне,
43dee549-6e8c-4f65-ad86-8ac5134ef5d3,24.08.2026 11:35,Антон Еленков Антов,Автоматично,ЕИСС - Централно Разпределяне,
1a2ed650-b4f4-479d-90d2-9508a7809d08,24.08.2026 11:35,Сирануш Сахак Артинян,Автоматично,Мария Атанасова Минчева,
f9290090-d652-4c39-a02d-563ff422220c,24.08.2026 11:35,Симеон Илиянов Светославов,Автоматично,ЕИСС - Централно Разпределяне,
1edad14a-7127-448c-b535-a355d46a7a30,24.08.2026 11:35,ЦВЕТОМИРА ГЕОРГИЕВА ВЕЛЧЕВА,Автоматично,МАРИЯ ДИМОВА ШОЛЕКОВА,
ea03aaf8-0e10-4ebd-a7b8-97e78ccb594c,24.08.2026 11:35,Албена Петрова Ташкова,Автоматично,ЕИСС - Централно Разпределяне,
ba5cf8ab-02ac-4f14-b2f8-9b61e45dffb2,24.08.2026 11:35,Галина Христова Нейчева,Разпределение по дежурство,ВАНЯ ИЛИЕВА ИЛИЕВА,
0da58b1f-ece8-40e0-9ce4-68fd5c008ad3,24.08.2026 11:35,Нася Иванова Япаджиева,Автоматично,ЕИСС - Централно Разпределяне,
0f06ec93-4829-4594-bd1f-8299bab8ebd0,24.08.2026 11:35,Катя Стоянова Пенчева,Автоматично,Галина Грозева Арнаудова,
9a34460b-7ca5-474b-b308-9482f716f643,24.08.2026 11:34,НИКОЛАЙ БОРИСОВ БОРИСОВ,Автоматично,КОНСТАНТИН ПЕТРОВ КОСЕВ,
6b495882-a0a6-4306-b899-3f84cf6bac32,24.08.2026 11:35,Силвия Георгиева Иванова,Разпределение по дежурство,Силвия Георгиева Иванова,
bb5c775c-e80b-411a-ac18-6d258920a8a6,24.08.2026 11:34,ЧАНКО ПЕТКОВ ПЕТКОВ,Автоматично,ЕИСС - Централно Разпределяне,
8acfab8c-b563-47b5-9547-7d46fe6038a4,24.08.2026 11:34,ИВАЙЛО КРАСИМИРОВ КЪНЕВ,Автоматично,ЕИСС - Централно Разпределяне,
f9bae74b-981a-4889-8ec6-154d70e80973,24.08.2026 11:34,Кристина Янкова Табакова,Автоматично,Мария Атанасова Минчева,
a93a9bdb-1859-4bb9-97c6-f84510a2cfab,24.08.2026 11:34,Нанко Събов Маринов,Автоматично,ЕИСС - Централно Разпределяне,
fd1fc943-4e1f-463c-93ea-42f4087a8cec,24.08.2026 11:34,Живко Павлов Георгиев,Автоматично,ЕИСС - Централно Разпределяне,
2ccec009-2a7e-485e-a51d-d8d18759f9a7,24.08.2026 11:34,Вихра Милкова Къдринска,Автоматично,Мария Атанасова Минчева,
e8cfba3c-3093-42b1-8c9f-8d007e080b45,24.08.2026 11:34,ДЕСИСЛАВА СТАНИМИРОВА МАРИНОВА,Автоматично,ЕИСС - Централно Разпределяне,
cfbe8f93-cea6-4b96-b2c3-0d96bd2d5c5f,24.08.2026 11:34,Николинка Лазарова Крумова,Автоматично,Корнелия Василева Луканова,
25f7c831-7675-4192-8b78-ccf7e87c3c8b,24.08.2026 11:34,Мария Петрова Петрова,Автоматично,Галина Грозева Арнаудова,
2495d160-e0d8-43fd-96a9-5c41f62e5f35,24.08.2026 11:35,Стефан Милев,Автоматично,Бистра Николова,
850ce274-6b41-4598-96c2-2b2bc722678e,24.08.2026 11:34,ХРИСТИНА ИВАНОВА СЯРОВА,Разпределение по дежурство,ХРИСТИНА ИВАНОВА СЯРОВА,
11389d52-1d9f-4ffd-ba4d-13f884decba1,24.08.2026 11:35,ГЕОРГИ СТОЕВ,Ръчно разпределение,ИВАЙЛО АЛЕКСАНДРОВ ЙОРДАНОВ,
0225948a-d12a-400d-ad90-70d595c59a10,24.08.2026 11:33,ИВАНА ТОДОРОВА,Автоматично,КОНСТАНТИН ПЕТРОВ КОСЕВ,
1170d32b-2e75-4aea-92f6-3ad572415175,24.08.2026 11:33,Людмила Добрева Григорова-Митева,Автоматично,ЕИСС - Централно Разпределяне,
81ae126b-a60e-446f-bca2-07f6fbff23ec,24.08.2026 11:33,Биляна Великова Видолова,Автоматично,ЕИСС - Централно Разпределяне,
f2d88a48-d02f-4842-b0ab-5b4c1a5e0439,24.08.2026 11:33,ЙОРДАНКА ХРИСТОВА ВУТОВА,Автоматично,МАРИЯ ДИМОВА ШОЛЕКОВА,
c99f18d2-4a6a-4baf-980e-74de554cecf5,24.08.2026 11:33,Искра Петьова Касабова,Автоматично,ЕИСС - Централно Разпределяне,
2dec032f-7152-4bd6-9c9b-b1c9f4326bc4,24.08.2026 11:33,Надежда Димитрова Кирилова,Автоматично,ЕИСС - Централно Разпределяне,
9381ab26-f117-46ef-9976-8a1d10263900,24.08.2026 11:33,Сона Вахе Гарабедян,Автоматично,ЕИСС - Централно Разпределяне,
a2bdd793-9778-4e2c-917a-a7165f265893,24.08.2026 11:33,Румен Атанасов Стойнов,Автоматично,Иванка Асенова Рашкова,
06541bb7-02d1-4f64-b9f5-05882ecfdf50,24.08.2026 11:33,Руска Атанасова Андреева,Ръчно разпределение,Руска Атанасова Андреева,
60943d2a-32e6-4b04-b16f-e518b92d0f11,24.08.2026 11:32,ФИЛИП СТОЯНОВ РАДИНОВ,Автоматично,ЕИСС - Централно Разпределяне,
6b11a570-da4f-4b88-ab7b-f6e7cc681386,24.08.2026 11:32,РОМАН ТОДОРОВ НИКОЛОВ,Автоматично,ЕИСС - Централно Разпределяне,
7812449c-7e41-41df-a5ee-1ffac93a4df4,24.08.2026 11:32,Мирослав Данаилов Досов,Автоматично,ЕИСС - Централно Разпределяне,
f0c2080a-7c06-40a6-97ed-b97846059ce8,24.08.2026 11:32,ВЛАДИМИР СТАНЧЕВ КЪНЕВ,Автоматично,ВАНЯ ПЕТКОВА ГЕОРГИЕВА,
709f0a4d-1902-4857-a241-c583b0f06f49,24.08.2026 11:32,МАРИЯ ДИМОВА ШОЛЕКОВА,Ръчно разпределение,МАРИЯ ДИМОВА ШОЛЕКОВА,
1b4be915-71a3-4560-86ab-94db14c6be2a,24.08.2026 11:32,ДИАНА РАДЕВА,Автоматично,ЕИСС - Централно Разпределяне,
b8749367-4f19-4fad-9fe5-a86fb38674cb,24.08.2026 11:32,Вяра Петракиева - Велинова,Автоматично,ЕИСС - Централно Разпределяне,
2851bc68-e4e6-471e-b0c7-8ce2ab590b84,24.08.2026 11:32,Костадин Божидаров Иванов,Автоматично,Мария Атанасова Минчева,
aad72300-d3b4-4cd2-8f25-1f6c07f9ae24,24.08.2026 11:31,Борислав Любомиров Чернев,Автоматично,ЕИСС - Централно Разпределяне,
c418a0fd-32e9-416b-9a49-08db1fd55cd9,24.08.2026 11:31,Мирослав Руменов Саневски,Автоматично,ЕИСС - Централно Разпределяне,
10a70b7a-1506-41bb-a42c-d6b1d67e1b64,24.08.2026 11:31,ЗОРНИЦА ИВАНОВА ВИДОЛОВА,Автоматично,ИВАЙЛО АЛЕКСАНДРОВ ЙОРДАНОВ,
26120907-3cb1-4285-a6f8-e6169ebb94f5,24.08.2026 11:31,Гергана Кузманова,Автоматично,ЕИСС - Централно Разпределяне,
5f9e0985-7b67-4655-984b-a2a0e7761d4b,24.08.2026 11:31,Чавдар Андреев Тодоров,Автоматично,Чавдар Андреев Тодоров,
6f915b2a-95f2-43ae-b3d4-0083270e85c0,24.08.2026 11:31,МАРИЯ ДИМОВА ШОЛЕКОВА,Ръчно разпределение,МАРИЯ ДИМОВА ШОЛЕКОВА,
f868826b-48c3-4c94-bb2e-e87616fff58b,24.08.2026 11:31,ГАЛЯ ИЛИЕВА,Автоматично,ЕИСС - Централно Разпределяне,
603ecbcf-db6f-4400-8fdf-bd5dd9403134,24.08.2026 11:31,Диана Младенова Матеева,Автоматично,ЕИСС - Централно Разпределяне,
f61a938c-86ad-43e7-a234-36ff01a2e788,24.08.2026 11:31,Росица Илиева Василева,Автоматично,Мария Атанасова Минчева,
bced94aa-d027-4a0e-8977-9fea6763c81c,24.08.2026 11:31,Галя Василева Петрешкова Ставарова,Автоматично,Корнелия Василева Луканова,
f5772e17-1642-4d97-8078-3ae68dd766a5,24.08.2026 11:30,Людмила Людмилова Митрева,Автоматично,Ангелина Гергинова Гергинска,
45ca31eb-b88b-4e07-a4d3-04319d609222,24.08.2026 11:30,Мариана Костадинова Тодорова Досева,Автоматично,ЕИСС - Централно Разпределяне,
dd728b5d-90fa-47f7-b0a4-ca56c053443e,24.08.2026 11:31,Вяра Петракиева - Велинова,Автоматично,Вяра Петракиева - Велинова,
96c816c2-9d7e-4963-b106-fc3c37d86e57,24.08.2026 11:30,Калина Христова Христова,Автоматично,ЕИСС - Централно Разпределяне,
df9eac04-f913-4091-9264-92ffbf790721,24.08.2026 11:30,Албена Дякова Великова,Автоматично,ЕИСС - Централно Разпределяне,
5d620cca-b570-4d2c-89cd-b71559c14c5b,24.08.2026 11:30,ВИЛЯНА ГОСПОДИНОВА МАНОВА,Автоматично,ЕИСС - Централно Разпределяне,
9ae08471-60ac-47a9-9646-3190b15cdb27,24.08.2026 11:30,Тихомира Георгиева Казасова,Автоматично,ЕИСС - Централно Разпределяне,
fa47d65d-88a9-4945-a96e-118a2faaac5a,24.08.2026 11:30,Анна Иванова Кайтазка,Ръчно разпределение,Антон Еленков Антов,
d7710daa-1fa5-422c-bc29-5481f64a3f4f,24.08.2026 11:30,Петя Венциславова Петрова - Светиева,Автоматично,Мартин Искренов Пачаманов,
ad1c0700-3f7f-476e-b55e-f54d39eefa45,24.08.2026 11:29,Маргарита Петрова Димитрова,Разпределение по дежурство,Яница Пеева Пеева,
b97c92dc-3347-43df-b8ab-a30743bf263c,24.08.2026 11:30,Христо Георгиев Иванов,Ръчно разпределение,Мария Атанасова Минчева,
621f5d2a-9f63-43a5-80b5-a8c9a45bf5f6,24.08.2026 11:29,Биляна Великова Видолова,Автоматично,ЕИСС - Централно Разпределяне,
a69ced8a-b917-470a-8c45-6cc002fe9e12,24.08.2026 11:29,Диана Младенова Матеева,Автоматично,ЕИСС - Централно Разпределяне,
5c892374-a103-4a6a-afcd-d07a52458c6e,24.08.2026 11:29,ГЕОРГИ ГЕОРГИЕВ,Разпределение по дежурство,ГЕОРГИ ГЕОРГИЕВ,
9fe091ca-2039-48a7-82b4-f57a6cf51b5f,24.08.2026 11:29,Ана Симеонова Андонова,Автоматично,ЕИСС - Централно Разпределяне,
f8e50b16-518e-4616-8249-0c3395fca8ee,24.08.2026 11:29,ЙОРДАНКА ХРИСТОВА ВУТОВА,Автоматично,МАРИЯ ДИМОВА ШОЛЕКОВА,
048eda85-90f4-4bf1-b241-a945c2134e40,24.08.2026 11:29,Иван Йорданов Филчев,Автоматично,Елена Серафимова Цолева,
f88a9fd2-a181-4406-8b2e-264f3b892101,24.08.2026 11:29,Лидия Антоанова Георгиева,Автоматично,ЕИСС - Централно Разпределяне,
d63418e3-456a-4ae6-ac95-4add038924c1,24.08.2026 11:29,Цветомир Цаков Цветанов,Автоматично,ЕИСС - Централно Разпределяне,
0fb8ad6b-9de4-4e75-b4bb-f908b55c9fb4,24.08.2026 11:29,КРАСЕН ПЛАМЕНОВ ВЪЛЕВ,Автоматично,ИВАЙЛО АЛЕКСАНДРОВ ЙОРДАНОВ,
d67ae96d-654e-413a-922c-1ba8ed8c04be,24.08.2026 11:29,Маргарита Петрова Димитрова,Разпределение по дежурство,Неделина Ивайлова Банушева,
8c73c43a-8452-4d0b-a884-c6bc00b1b5fd,24.08.2026 11:29,Таня Аспарухова Георгиева - Точевска,Автоматично,Мария Атанасова Минчева,
8c84fc1f-855b-4dbf-ba63-63e6932fa845,24.08.2026 11:46,Хрипсиме Мъгърдичян,Автоматично,Вероника Костадинова Христова,
8c84fc1f-855b-4dbf-ba63-63e6932fa845,24.08.2026 11:30,Мария Христова,Автоматично,Ани Петрова Иванова,
5c72fcc3-7556-4bad-9b34-37f5e364a9ee,24.08.2026 11:59,Васил Венелинов Ставрев,Автоматично,Пламен Пантев Денев,
5c72fcc3-7556-4bad-9b34-37f5e364a9ee,24.08.2026 11:31,Пламен Пантев Денев,Автоматично,Пламен Пантев Денев,
d7258c2f-c669-4c27-9fa1-a4fb886f5cd1,24.08.2026 11:28,Цветомир Цаков Цветанов,Автоматично,ЕИСС - Централно Разпределяне,
494c3217-ddc7-484d-b7b3-5e61d6be3f6f,24.08.2026 11:28,МАРИНЕЛА КРАСИМИРОВА МАРИНОВА-СТОЕВА,Автоматично,ЕИСС - Централно Разпределяне,
4559f77f-9cb6-489f-bebb-528af7bff174,24.08.2026 11:28,Милена Савова Рибчева Дочева,Автоматично,Спасена Венелинова Драготинова,
311483c6-85c2-41b4-b664-637707bc925c,24.08.2026 11:28,НИКОЛА ТОДОРОВ ДЕЛИЕВ,Автоматично,ЕИСС - Централно Разпределяне,
0c43ba33-e973-4fab-96da-e0d2a636ae6d,24.08.2026 11:28,Георги Димитров Димитров,Автоматично,Мария Атанасова Минчева,
1b21fbbe-61c8-43cb-a9a8-dc57d8ae830a,24.08.2026 11:28,Димитринка Емилова Купринджийска,Автоматично,ЕИСС - Централно Разпределяне,
f318606f-4499-4e7c-b674-8751312f0315,24.08.2026 11:29,НАТАША ИВАНОВА НИСТОРОВА,Автоматично,МАГДАЛЕНА СТАНЧЕВСКА,
f318606f-4499-4e7c-b674-8751312f0315,24.08.2026 11:29,МАРИЯНА ДИЯНОВА ДОСЕВА,Автоматично,МАГДАЛЕНА СТАНЧЕВСКА,
f318606f-4499-4e7c-b674-8751312f0315,24.08.2026 11:28,ИВАН ИВАНОВ,Автоматично,МАГДАЛЕНА СТАНЧЕВСКА,
e2b80fea-59d6-411f-8a92-b5bb5de3f39d,24.08.2026 11:28,Биляна Росалинова Скорчовска Петкова,Автоматично,ЕИСС - Централно Разпределяне,
ec118d05-35c9-47c8-a3a0-272e09bebe3a,24.08.2026 11:30,Алексей Боянов Трифонов,Автоматично,Бистра Николова,
cafd3353-ebe1-4528-b35b-f6152a81f200,24.08.2026 11:27,Татяна Гьонева Коева,Автоматично,Спасена Венелинова Драготинова,
30672be2-bef0-47f9-a5df-38682c6f2fee,24.08.2026 11:27,Мирослава Неделчева,Автоматично,ЕИСС - Централно Разпределяне,
100ee69f-38d1-47b6-88e4-82f4c69dabde,24.08.2026 11:27,Людмила Добрева Григорова-Митева,Автоматично,Лидия Иванова Петрова,
c33c8417-8891-4f3b-84bd-8ab67f9be630,24.08.2026 11:27,ЖИВКО ДЕЛЧЕВ ЯНКОВ,Автоматично,ЕИСС - Централно Разпределяне,
fc526de4-3733-4ff8-a849-241cbcd9e2bc,24.08.2026 11:27,НАТАЛИЯ ПЕТКОВА ПЕТКОВА,Автоматично,ЕИСС - Централно Разпределяне,
e2f9d97c-51fd-44fd-ad94-609911ccf77f,24.08.2026 11:27,Анета Александрова Трайкова,Автоматично,Мария Атанасова Минчева,
c3a825bd-a5f2-4ed4-bd87-39c2ff465a0a,24.08.2026 11:27,Димитър Маринов Димитров,Автоматично,ЕИСС - Централно Разпределяне,
5909d3fe-615a-490f-ae8b-eaedec86e164,24.08.2026 11:27,Насуф Исмал,Автоматично,Евгения Мечева,
35628c54-c82f-491f-b937-eabc9897f56e,24.08.2026 11:27,Росица Георгиева Калугерова,Автоматично,Елена Серафимова Цолева,
2682d017-db4e-46a5-ac6b-5276f08c1356,24.08.2026 11:27,Вяра Петракиева - Велинова,Автоматично,ЕИСС - Централно Разпределяне,
2ecdf5dc-e69f-403e-82f6-0959dbd570a4,24.08.2026 11:27,Анна Иванова Кайтазка,Ръчно разпределение,Антон Еленков Антов,
9c9f0bd1-ffd3-4887-b60c-0afe0df4c116,24.08.2026 11:26,Мариана Димова Христакева-Панова,Автоматично,Спасена Венелинова Драготинова,
344ada09-dd10-46e1-99ba-720492a7edcb,24.08.2026 11:27,МАРИЯ ВАСИЛЕВА КАРАГЬОЗОВА,Автоматично,ИВАЙЛО АЛЕКСАНДРОВ ЙОРДАНОВ,
5ab7f8ee-6ad7-444b-b73b-40b81b01cb45,24.08.2026 11:27,Румяна Илиева,Автоматично,Бистра Николова,
92d4a3a3-ce08-4964-a10e-0dfe944e0024,24.08.2026 11:26,Вяра Петракиева - Велинова,Автоматично,ЕИСС - Централно Разпределяне,
926854cc-935f-4882-9b85-2aaf41eb5545,24.08.2026 11:26,Сунай Юсеин Осман,Автоматично,Петя Николова Попова,
3c0d87a5-4ba0-4a68-abda-0379cb2a7fca,24.08.2026 11:26,Людмила Василева Стойнева,Автоматично,ЕИСС - Централно Разпределяне,
76f7cb43-aacb-4c36-8eb2-f2c7da12ccba,24.08.2026 11:26,Маргарита Петрова Димитрова,Разпределение по дежурство,Неделина Ивайлова Банушева,
99d23a2b-09f0-4f5d-920b-85f3ff846db7,24.08.2026 11:26,Тихомир Руменов Рачев,Автоматично,ЕИСС - Централно Разпределяне,
aa93faa3-35f7-4af8-9489-84e1a41e1f4c,24.08.2026 11:26,Лидия Антоанова Георгиева,Автоматично,ЕИСС - Централно Разпределяне,
bcd1fd5b-91ce-44ea-b7ec-b05df6b8a890,24.08.2026 11:26,Милена Савова Рибчева Дочева,Автоматично,Спасена Венелинова Драготинова,
f0c5471b-9856-4189-93ca-9af2b0d2387c,24.08.2026 11:26,Димитрина Илиева Тенева,Автоматично,Мария Атанасова Минчева,
4ae9a01b-cff3-4a39-a819-799e61c543b8,24.08.2026 11:26,Вяра Петракиева - Велинова,Автоматично,ЕИСС - Централно Разпределяне,
9c4a483d-3cb1-4add-960f-7104f95a5392,24.08.2026 11:25,Анелия Маринова Игнатова,Автоматично,Бистра Николова,
adddd40c-7b50-43ab-a47e-601d44bd01af,24.08.2026 11:25,Мария Джанкова Богданова,Автоматично,ЕИСС - Централно Разпределяне,
c48e37ba-e379-44d0-983f-df3f91f8d44f,24.08.2026 11:25,Антоанета Драганова Андонова Парашкевова,Автоматично,Диляна Парушева Стоянова,
e0d5cf86-8995-48d1-a43a-3ba360588c11,24.08.2026 11:25,Маргарита Петрова Димитрова,Разпределение по дежурство,Неделина Ивайлова Банушева,
07b2ca94-c4a9-43fa-803f-44461acebe4f,24.08.2026 11:25,Десислава Николаева Великова,Автоматично,ЕИСС - Централно Разпределяне,
693d1e73-22e5-479a-99c1-96ea20d07656,24.08.2026 11:25,ВЕСИСЛАВ РУМЕНОВ ГЕНОВ,Автоматично,Мартин Искренов Пачаманов,
e4c53422-6833-4475-8f75-3cf73b3c08ff,24.08.2026 11:25,Михаела Иванова Атанасова,Автоматично,ЕИСС - Централно Разпределяне,
a3050671-836c-4314-b385-6a936d80d62c,24.08.2026 11:25,Красимира Дончева Стоянова,Автоматично,Спасена Венелинова Драготинова,
1a737e78-9b98-4a4d-a899-79cc9b307880,24.08.2026 11:25,Райна Русева,Автоматично,ЕИСС - Централно Разпределяне,
bdcc8315-5a88-4111-8db4-5846b691a086,24.08.2026 11:25,КАЛИН СТЕФАНОВ КУНЧЕВ,Автоматично,ЕИСС - Централно Разпределяне,
b0017866-f8f0-484b-9c96-32ace54e8eea,24.08.2026 11:25,МАРТИН РАЧКОВ БАЕВ,Разпределение по дежурство,Кристиян Мончев Монев,
ea35db82-8d18-4631-8071-0252513ed21f,24.08.2026 11:25,РОСЕН ПЛАМЕНОВ АЛЕКСАНДРОВ,Автоматично,РУМЕН ДИМИТРОВ РАШЕВ,
3baf48c3-4fcc-4c5b-b4dc-851084bab4ea,24.08.2026 11:24,ИВАЙЛО КРАСИМИРОВ КЪНЕВ,Автоматично,ЕИСС - Централно Разпределяне,
f69c3a67-32c7-4f01-9463-386756eeaaef,24.08.2026 11:24,Красимира Делчева Кондова,Автоматично,ЕИСС - Централно Разпределяне,
ba8f3eea-c09d-4dd3-8127-5860e3ae2ec4,24.08.2026 11:24,Мариана Димова Христакева-Панова,Автоматично,Спасена Венелинова Драготинова,
8524ee4a-6abe-4646-86ce-5c95113fa32e,24.08.2026 11:24,Десислава Георгиева Ютерова,Разпределение по дежурство,Десислава Георгиева Ютерова,
2dbd698d-6dee-449e-bd4b-4a48eaf02189,24.08.2026 11:24,Атанас Стоилов Атанасов,Разпределение по дежурство,Бистра Николова,
bb76c876-602f-4b54-b0ff-d18b564bd1ce,24.08.2026 11:24,Вера Светославова Найденова,Автоматично,ЕИСС - Централно Разпределяне,
c2805233-0823-40ce-b8b2-6169765498ec,24.08.2026 11:24,МОНИКА ПЛАМЕНОВА ДОБРИНОВА,Автоматично,ЕИСС - Централно Разпределяне,
9de0debe-a22e-4ca9-813b-ff1376db6a9f,24.08.2026 11:24,Красимира Делчева Кондова,Автоматично,Мартин Искренов Пачаманов,
4780d16c-1ae1-4211-9e42-adad8d0b2d47,24.08.2026 11:24,Нанко Събов Маринов,Автоматично,ЕИСС - Централно Разпределяне,
c7c7ba85-4ed1-42c3-b1ef-c062b82f1d64,24.08.2026 11:24,Сунай Юсеин Осман,Автоматично,Петя Николова Попова,
4fb30a52-2b3f-4111-afe2-93592f50fccb,24.08.2026 11:24,Пламен Стоянов Георгиев,Ръчно разпределение,Пламен Стоянов Георгиев,
683fe4ca-d129-460c-9b7e-a717a093e9bf,24.08.2026 11:23,Камен Иванов,Разпределение по дежурство,Бистра Николова,
485ae1c5-a256-46a5-b607-0e82aca39daa,24.08.2026 11:23,Магдалена Бориславова Младенова-Стоева,Автоматично,ЕИСС - Централно Разпределяне,
aa517ba0-72a7-4a09-a51b-1f9b2c1af8b3,24.08.2026 11:23,Вяра Петракиева - Велинова,Автоматично,ЕИСС - Централно Разпределяне,
ef6046f9-19be-405d-8ea0-1bfd50e1848e,24.08.2026 11:23,Пламен Димитров Стефанов,Автоматично,Виктория Георгиева Костадинова,
5d417fcb-4229-4c8e-904b-6d11afcdc69c,24.08.2026 11:23,ИВИАНА ДИМЧЕВА,Разпределение по дежурство,ВЕЛИНА ВЛАДИМИРОВА КАРАГЕОРГИЕВА,
da43b1ac-d40f-4397-8ff2-f3f21c7c4a00,24.08.2026 11:23,Маргарита Петрова Димитрова,Разпределение по дежурство,Яница Пеева Пеева,
1135b97f-1271-4fae-ab3b-0c512b73d12e,24.08.2026 11:23,Соня Ангелова Стефанова,Автоматично,ЕИСС - Централно Разпределяне,
a04cd377-a40c-4f37-a43e-1ffba4e76390,24.08.2026 11:23,Йоанна Наскова Станева,Автоматично,Красимир Мазгалов,
75d922f6-f06a-4984-af44-a41b47126fa8,24.08.2026 11:23,Ана Иванова Илиева,Автоматично,ЕИСС - Централно Разпределяне,
466ae127-94da-46dc-9f6c-02572dfde130,24.08.2026 11:23,Спасена Венелинова Драготинова,Автоматично,Спасена Венелинова Драготинова,
122ce2e6-a8a6-4f8b-99c8-311e4c133b9b,24.08.2026 11:23,Атанас Василев Димитров,Автоматично,ЕИСС - Централно Разпределяне,
e20bb146-e71e-4c35-a06d-d3bfb84aa42f,24.08.2026 11:23,Маргарита Петрова Димитрова,Разпределение по дежурство,Неделина Ивайлова Банушева,
7e6cf4a5-6d80-42ec-a739-7c2f1d61ca5e,24.08.2026 11:22,МЛАДЕН ДИМИТРОВ,Автоматично,МЛАДЕН ДИМИТРОВ,
095d41cd-b7b8-43a4-9332-c4e53b522a99,24.08.2026 11:22,Вяра Петракиева - Велинова,Автоматично,ЕИСС - Централно Разпределяне,
f7d50100-b178-481d-b183-da32b32fb179,24.08.2026 11:23,Мария Емилова Антова,Разпределение по дежурство,Мария Емилова Антова,
d41b1835-c6a2-415a-8426-4a94d0ec108a,24.08.2026 11:22,Ивелина Илиева Келлева Бонева,Автоматично,ЕИСС - Централно Разпределяне,
bcf41a49-5a31-4f54-862c-73455382fbba,24.08.2026 11:22,Пепа Димова Жекова,Автоматично,Валентина Иванова Господинова,
d90405cf-2a16-487c-9875-744054c52d26,24.08.2026 11:22,ТОДОР ИВАНОВ ДИМИТРОВ,Ръчно разпределение,ТОДОР ИВАНОВ ДИМИТРОВ,
c1912667-0ef0-46a7-958f-fca63b60c45c,24.08.2026 11:22,ВЛАДИМИР ТОДОРОВ КАРАГЬОЗОВ,Автоматично,ЕИСС - Централно Разпределяне,
cf111c24-846c-4ef1-b6a9-61cabdc849cb,24.08.2026 11:22,Александър Валентинов Цветков,Автоматично,Евгения Мечева,
1fe90ae0-dfd9-420b-99ad-33c489a845ad,24.08.2026 11:22,Антонина Даниелова Якимова,Автоматично,ЕИСС - Централно Разпределяне,
cdbd1fe4-112c-4e9d-8d1b-530353efb696,24.08.2026 11:22,Лидия Антоанова Георгиева,Автоматично,ЕИСС - Централно Разпределяне,
7b46136c-a0e9-47f5-966d-dc26485adb29,24.08.2026 11:22,Петя Венциславова Петрова - Светиева,Автоматично,Мартин Искренов Пачаманов,
a5db4a0a-2c08-46aa-b977-070df011735b,24.08.2026 11:21,Татяна Гьонева Коева,Автоматично,Спасена Венелинова Драготинова,
cfda3e72-4e4e-49c5-963f-d6f0c04f20f6,24.08.2026 11:21,МЛАДЕН ДИМИТРОВ,Автоматично,МЛАДЕН ДИМИТРОВ,
aafadf4a-1a8a-41ff-bfba-cb78166a288a,24.08.2026 11:21,Добрина Петрова,Автоматично,ЕИСС - Централно Разпределяне,
986f016e-d69c-4b30-9d1b-0460f251cfdf,24.08.2026 11:21,Крум Илиев Динев,Автоматично,ЕИСС - Централно Разпределяне,
b13fc7a6-7348-4ee0-9ae0-ce967e2cf074,24.08.2026 11:22,СИЛВИЯ ПЕТРОВА НИКОЛОВА,Автоматично,ИВАЙЛО АЛЕКСАНДРОВ ЙОРДАНОВ,
55c4e2e3-c86c-44a2-90fa-f33086a85fa7,24.08.2026 11:21,ДАНИЕЛА ХРИСТОВА ВЪЛЕВА,Автоматично,ЕИСС - Централно Разпределяне,
2743ba16-0b75-450e-b818-19a9ea7b30d1,24.08.2026 11:21,ТОДОР ИВАНОВ ДИМИТРОВ,Ръчно разпределение,ТОДОР ИВАНОВ ДИМИТРОВ,
0452e0cd-97b9-451e-b0c1-e2d7e7828eda,24.08.2026 11:21,Пепа Димова Жекова,Автоматично,Валентина Иванова Господинова,
458bf7c8-95cd-42fc-8e83-c8c2d2338a72,24.08.2026 11:21,Соня Тодорова Дженкова,Автоматично,ЕИСС - Централно Разпределяне,
5a81f174-4993-4b9f-8185-9d8778e0820d,24.08.2026 11:21,Росица Генадиева Тодорова,Автоматично,ЕИСС - Централно Разпределяне,
fc5d22f1-bd04-49a7-8f11-4f571e571335,24.08.2026 11:20,МЛАДЕН ДИМИТРОВ,Автоматично,МЛАДЕН ДИМИТРОВ,
0da7aa1f-06db-4476-b0a7-59d6a128460e,24.08.2026 11:21,Елена Стоилова,Автоматично,Евгения Мечева,
84ca949f-e3f4-455a-88ae-e6739d69d6c6,24.08.2026 11:20,ЛЮБОМИР ХРИСТОСКОВ ВЪРБЕВ,Автоматично,ЕИСС - Централно Разпределяне,
2e0360a2-3c4c-4dc4-a1ca-ca3e0c09ea96,24.08.2026 11:20,Лидия Антоанова Георгиева,Автоматично,ЕИСС - Централно Разпределяне,
bbe93fd6-f14d-4430-9fc4-624dbd0ff1b5,24.08.2026 11:20,Лидия Антоанова Георгиева,Автоматично,ЕИСС - Централно Разпределяне,
e377f2dd-95dd-4303-8811-6014ef0cf4bd,24.08.2026 11:20,Даниел Иванов Цветков,Автоматично,ЕИСС - Централно Разпределяне,
d19f90aa-2656-450d-abce-38173d932d31,24.08.2026 11:21,АЛЕКСАНДЪР ДИМИТРОВ МУРТЕВ,Автоматично,КАЛИНА ХРИСТОВА ЕВТИМОВА,
35f0ab9c-18e7-48c2-b1cd-773cc60b729d,24.08.2026 11:20,Палма Тараланска,Автоматично,Мария Велкова,
5a2a5d31-f6b1-4e71-849b-2bfe6bb17208,24.08.2026 11:20,Александър Георгиев,Автоматично,ЕИСС - Централно Разпределяне,
5b1db271-01c3-4e61-ba67-5507a69e5ad1,24.08.2026 11:21,Христина Янева Костадинова - Чолакова,Автоматично,Мартин Искренов Пачаманов,
419cd52a-f903-43f7-b568-370e5cdd9b4b,24.08.2026 11:20,Димитър Иванов Стратиев,Автоматично,Цонка Михайлова Дребчева,
137a574c-3a25-4172-9f34-8d057653936f,24.08.2026 11:20,Пламен Стоянов Георгиев,Автоматично,Пламен Стоянов Георгиев,
504fa09b-3d9c-4294-81e2-eb0ce19dc579,24.08.2026 11:19,Стела Петрова Колчева,Автоматично,ЕИСС - Централно Разпределяне,
1720d497-e8e6-4472-beba-da0bc4a9a6b0,24.08.2026 11:19,ДЕНИЦА АНГЕЛОВА ЦВЕТКОВА,Автоматично,ЕИСС - Централно Разпределяне,
4e97f117-482a-48a0-b631-ec150983b002,24.08.2026 11:19,Даниел Иванов Цветков,Разпределение по дежурство,Веселка Георгиева Койчева,
a6ed115a-c5b0-419a-b840-412ffa0be208,24.08.2026 11:19,Симеон Илиянов Светославов,Автоматично,ЕИСС - Централно Разпределяне,
b03791f0-1689-4b87-a76c-2ff56f13bbfd,24.08.2026 11:19,Вяра Петракиева - Велинова,Автоматично,ЕИСС - Централно Разпределяне,
01047c4f-712a-4f3e-9226-e8c0183f835d,24.08.2026 11:19,ДАРИНА КИРЧЕВА ЙОРДАНОВА,Автоматично,КАЛИНА ХРИСТОВА ЕВТИМОВА,
aee21109-5ff8-477b-bbf2-d0b36bda49c5,24.08.2026 11:19,ТОДОР ИВАНОВ ДИМИТРОВ,Ръчно разпределение,ТОДОР ИВАНОВ ДИМИТРОВ,
0fc5d2f3-12b5-4450-a51d-937e8974b339,24.08.2026 11:19,Димитър Димитров,Автоматично,Евгения Мечева,
e1bce23f-5192-439a-92ef-14552c0d7cf2,24.08.2026 11:19,Иван Борисов Вътков,Автоматично,ЕИСС - Централно Разпределяне,
1c9b45be-14b5-4693-a33f-659c12fbb910,24.08.2026 11:18,Васил Петков,Автоматично,Мария Велкова,
3b79298b-9313-4e2c-8bae-7dca2d5a0c65,24.08.2026 11:18,Елица Юлиянова Орманова,Автоматично,ЕИСС - Централно Разпределяне,
326b445e-4603-48bf-ab26-24269ef686af,24.08.2026 11:19,НИКОЛАЙ ИЛИЕВ НИКОЛОВ,Разпределение по дежурство,ВАНЯ ПЕТКОВА ГЕОРГИЕВА,
2ecc6a88-bcd8-4ab9-b6af-965930126424,24.08.2026 11:18,Поля Павлинова Иванова,Автоматично,ЕИСС - Централно Разпределяне,
deae24e1-35c3-4969-9f43-6ae138c63cc8,24.08.2026 11:18,Иван Валериев Никифорски,Автоматично,ЕИСС - Централно Разпределяне,
8bddbd78-a031-4750-8da6-5ad338581c45,24.08.2026 11:18,НЕВЕНА ИВАНОВА КОВАЧЕВА,Автоматично,КАЛИНА ХРИСТОВА ЕВТИМОВА,
f48c3e87-71c1-47ab-a537-a18a5caf4314,24.08.2026 11:18,Атанас Василев Димитров,Автоматично,ЕИСС - Централно Разпределяне,
9b67595a-dccb-4f01-9438-44df5f2e4c8b,24.08.2026 11:18,Атанас Шкодров,Автоматично,Христина Владева Кирилова,
cfc796cd-d631-45e6-b2bc-ac136601e8a0,24.08.2026 11:18,Вяра Петракиева - Велинова,Автоматично,ЕИСС - Централно Разпределяне,
6a9a2925-21cc-4dfb-8ba1-5a1e4123b85d,24.08.2026 11:17,Минчо Стоянов Минев,Автоматично,ЕИСС - Централно Разпределяне,
c350fbf1-b9d7-4704-bfc0-eb21e7fd8e0e,24.08.2026 11:17,МИЛЕНА АЛЕКСИЕВА,Автоматично,ЕИСС - Централно Разпределяне,
d3f4ad7f-bf02-4cda-a64f-2a5e2704fa24,24.08.2026 11:17,Албена Петрова Ташкова,Автоматично,ЕИСС - Централно Разпределяне,
bcbe37fb-26cc-487b-a023-66442e1a8c75,24.08.2026 11:17,ЛАЗАР КИРИЛОВ ВАСИЛЕВ,Автоматично,КАЛИНА ХРИСТОВА ЕВТИМОВА,
5865f727-af91-4169-a6bb-ee4cbc2572fc,24.08.2026 11:17,Стелла Светозарова Моллова,Автоматично,ЕИСС - Централно Разпределяне,
ffe8f63c-4e1a-4e2a-8beb-52bf1e2eae80,24.08.2026 11:17,Мирослав Руменов Саневски,Автоматично,ЕИСС - Централно Разпределяне,
3ea39b46-91a9-489c-8b9d-b5316e290f29,24.08.2026 11:20,Николай Илиев Уруков,Разпределение по дежурство,Спасена Венелинова Драготинова,
3ea39b46-91a9-489c-8b9d-b5316e290f29,24.08.2026 11:20,Румяна Атанасова Танева,Разпределение по дежурство,Спасена Венелинова Драготинова,
3ea39b46-91a9-489c-8b9d-b5316e290f29,24.08.2026 11:17,Красимира Дончева Стоянова,Разпределение по дежурство,Спасена Венелинова Драготинова,
0d553134-2c68-4654-821d-a13fde0fd8a3,24.08.2026 11:17,ЛИЛИЯ ИВАНОВА МИТЕВА,Автоматично,ИВАЙЛО АЛЕКСАНДРОВ ЙОРДАНОВ,
262d43ab-5a5a-4a1c-9efb-22931849c59a,24.08.2026 11:17,Петър Никифоров Петров,Ръчно разпределение,Иван Валериев Никифорски,
88633a1e-98d1-438b-a8e1-34e9abc21138,24.08.2026 11:16,Радка Георгиева Стоянова,Автоматично,ЕИСС - Централно Разпределяне,
afb42f20-6cbd-4f8c-b747-ca656a667c68,24.08.2026 11:16,Тихомира Георгиева Казасова,Автоматично,ЕИСС - Централно Разпределяне,
aa3659e3-b8f0-4258-9376-3fe0b695acf1,24.08.2026 11:17,ИВЕТА ПАВЛОВА ТАКОВА,Автоматично,РУМЕН ДИМИТРОВ РАШЕВ,
2aec63bb-bf8d-463f-a862-a3db20cc363a,24.08.2026 11:18,Анна Костадинова Димитрова,Автоматично,Мартин Искренов Пачаманов,
780ec2ff-9705-4ade-b082-5872aa5deca7,24.08.2026 11:17,Магдалена Давидова Янева,Автоматично,Евгения Мечева,
66f3c15b-b0f9-4323-a993-96678b55f836,24.08.2026 11:16,Десислава Николаева Великова,Автоматично,ЕИСС - Централно Разпределяне,
62621af0-ba0b-4dcf-94dd-9f16c966b8e4,24.08.2026 11:17,СИЛВИЯ ГЕОРГИЕВА ЦЕПОВА,Автоматично,ВЕЛИНА ВЛАДИМИРОВА КАРАГЕОРГИЕВА,
2b22e2fa-a955-48ae-88c7-a65833ab3959,24.08.2026 11:16,Петина Кръстева Николова,Автоматично,ЕИСС - Централно Разпределяне,
6c9b00fc-a04f-4627-a752-fa4ab88a2142,24.08.2026 11:16,Тихомира Георгиева Казасова,Автоматично,ЕИСС - Централно Разпределяне,
2bf0a8e1-8330-4599-9d7d-5474021c5413,24.08.2026 11:16,ЦВЕТИНА РУМЕНОВА ЦОЛОВА,Автоматично,ВАНЯ ПЕТКОВА ГЕОРГИЕВА,
0203db07-8d48-468f-ab4f-63a8bf6496c4,24.08.2026 11:16,Атанас Кобуров,Автоматично,Силвия Николова Арабаджиева,
1fe44ac9-a89e-4c3c-83d3-3a25b12bdaed,24.08.2026 11:15,Нанко Събов Маринов,Автоматично,ЕИСС - Централно Разпределяне,
f349ac1f-d76e-478f-9533-f3ac35c83839,24.08.2026 11:15,Мартин Димитров Кючуков,Автоматично,Пламен Стоянов Георгиев,
68e08399-8f40-4b49-9c25-ee5e8845b310,24.08.2026 11:15,Вяра Петракиева - Велинова,Автоматично,ЕИСС - Централно Разпределяне,
70fa201d-bc61-49d9-9c18-47e90f6e2d44,24.08.2026 11:15,ВЕРГИНИЯ ДИМИТРОВА,Автоматично,Вергиния Димитрова,
900c50cc-5ba0-40d1-af1f-2f45b70f5bc3,24.08.2026 11:15,Орлин Летов,Автоматично,ЕИСС - Централно Разпределяне,
20814ef5-c075-42e5-ac9f-552ebd6dd9a2,24.08.2026 11:15,МИЛЕНА АЛЕКСИЕВА,Автоматично,МЛАДЕН ДИМИТРОВ,
5e5ec001-2843-42fe-95fe-f068bd21658a,24.08.2026 11:15,Дияна Атанасова Николова,Автоматично,ЕИСС - Централно Разпределяне,
6466357a-656d-495e-904f-f6c7939c0aa9,24.08.2026 11:15,Димитър Пенчев Стоянов,Автоматично,ЕИСС - Централно Разпределяне,
ca975817-1c7c-42d5-b13d-27d331031bdc,24.08.2026 11:15,Емил Димитров Стоев,Разпределение по дежурство,Емил Димитров Стоев,
3f1229dc-3e5d-4d8a-92d3-867c44b15210,24.08.2026 11:14,Ина Ивайлова Лазарова,Ръчно разпределение,Мария Атанасова Минчева,
e7f76c7e-1fdb-4d6e-a880-7754ccf58727,24.08.2026 11:14,Илияна Цветкова Тодорова Аловска,Автоматично,ЕИСС - Централно Разпределяне,
dbf38290-f045-488c-890e-854e6515e259,24.08.2026 11:14,Неделин Йорданов Захариев,Автоматично,ЕИСС - Централно Разпределяне,
a40357a2-6265-4106-b830-e16d9bed53d5,24.08.2026 11:15,Кристиана Кръстева,Автоматично,Евгения Мечева,
66723d23-6fb0-496a-ac86-16e896be801d,24.08.2026 11:14,Хрисимир Максимов Пройнов,Автоматично,ЕИСС - Централно Разпределяне,
80bac45a-dcb2-470e-a5e6-4f3a6e6509ea,24.08.2026 11:14,Атанаска Стоянова Павлова-Стоименова,Автоматично,ЕИСС - Централно Разпределяне,
9c8e8a6e-9017-4efe-973e-3318212b15a6,24.08.2026 11:14,Ина Ивайлова Лазарова,Ръчно разпределение,Мария Атанасова Минчева,
65fc9f91-9e0b-4fbe-ad73-e893c46f0b56,24.08.2026 11:14,Петко Русев Георгиев,Автоматично,ЕИСС - Централно Разпределяне,
97333e2f-55e0-4b38-8689-9bb45d77848b,24.08.2026 11:14,Никола Георгиев Маринов,Автоматично,Виктория Георгиева Костадинова,
f7ad8614-0930-4bd2-a153-d02dc65f4e1f,24.08.2026 11:14,Димитър Пенчев Стоянов,Автоматично,КАЛИНА ХРИСТОВА ЕВТИМОВА,
bd3211a8-98cb-4d9c-8195-f527bc3d842a,24.08.2026 11:13,МЛАДЕН ДИМИТРОВ,Автоматично,МЛАДЕН ДИМИТРОВ,
1dcb3785-c090-4375-9af7-a41680493a19,24.08.2026 11:13,АЛЕКСАНДЪР ДИМИТРОВ МУРТЕВ,Автоматично,ЕИСС - Централно Разпределяне,
ece671d7-c3ca-4b85-b8cb-1f0ce6f0a8cc,24.08.2026 11:13,Румяна Петрова Петрова,Автоматично,Неделина Ивайлова Банушева,
75d7902e-9169-4470-8a02-f377fc1b6763,24.08.2026 11:13,Диана Сотирова Танкова,Автоматично,ЕИСС - Централно Разпределяне,
64a258d3-075b-4754-b76b-304328df3b67,24.08.2026 11:13,Иван Христов Христов,Автоматично,ЕИСС - Централно Разпределяне,
1bf347eb-5829-4026-b28d-2050f6cdfb5d,24.08.2026 11:13,Вяра Петракиева - Велинова,Разпределение по дежурство,Вяра Петракиева - Велинова,
7070134e-c71b-4ebb-be3d-482a2b548a16,24.08.2026 11:13,Владимир Атанасов Пензов,Разпределение по дежурство,Владимир Атанасов Пензов,
8dfcbf06-ab37-425f-8da1-c0eccdd9a74f,24.08.2026 11:13,Вяра Петракиева - Велинова,Автоматично,ЕИСС - Централно Разпределяне,
152a3784-16a0-49df-a05c-e2ad3465d7af,24.08.2026 11:13,Цанка Георгиева Неделчева,Автоматично,Виктория Георгиева Костадинова,
f72a41db-838f-49b2-af80-22f4e4e7a891,24.08.2026 11:13,Силвия Георгиева Иванова,Автоматично,ЕИСС - Централно Разпределяне,
5edb4388-bdb9-48d9-94e2-a6f58156684e,24.08.2026 11:13,Емил Димитров Стоев,Разпределение по дежурство,Емил Димитров Стоев,
b2685cd8-306d-4c83-ae65-479f104692f3,24.08.2026 11:12,Тодор Илиев Тихолов,Автоматично,ЕИСС - Централно Разпределяне,
82183dd5-567e-4dd8-b1a4-814cd03fa591,24.08.2026 11:12,ВАСИЛ КРУМОВ ПЕТРОВ,Автоматично,ВАНЯ ПЕТКОВА ГЕОРГИЕВА,
9a81bc04-41bc-49f8-8dfe-c7c9c5a82f71,24.08.2026 11:12,Владимир Атанасов Пензов,Разпределение по дежурство,Владимир Атанасов Пензов,
dc7dbe3f-e3f7-42ef-b7b8-dbce699c8419,24.08.2026 11:13,АЛЕКСАНДЪР ВЕЛИНОВ АНГЕЛОВ,Автоматично,ИВАЙЛО АЛЕКСАНДРОВ ЙОРДАНОВ,
880e04eb-34a0-4ebb-b99d-381cb697a6b8,24.08.2026 11:12,ГАЛЯ ИЛИЕВА,Автоматично,ЕИСС - Централно Разпределяне,
db415801-29bf-470f-abd0-4ca7cc30a210,24.08.2026 11:12,Цанка Георгиева Неделчева,Автоматично,Виктория Георгиева Костадинова,
1d940dad-2d84-4ff4-824e-ecc625fc02ee,24.08.2026 11:12,Ана Иванова Илиева,Разпределение по дежурство,Силвия Георгиева Иванова,
98e4d327-c6fa-459c-bd87-f6dba6b5b69e,24.08.2026 11:12,ДИАНА РАДЕВА,Автоматично,ЕИСС - Централно Разпределяне,
3408e6d9-71ca-4791-86aa-ac9c639d24e6,24.08.2026 11:12,НЕЙКО ГЕОРГИЕВ НЕЙКОВ,Автоматично,ЕИСС - Централно Разпределяне,
6e33fbef-e238-4df0-be59-9b3c972c5e5c,24.08.2026 11:12,Тихомира Георгиева Казасова,Автоматично,ЕИСС - Централно Разпределяне,
999213cb-9b18-4330-be13-b63df3e7d11d,24.08.2026 11:12,АЛЕКСАНДЪР ДИМИТРОВ МУРТЕВ,Автоматично,КАЛИНА ХРИСТОВА ЕВТИМОВА,
44dbca99-6f82-4610-9239-3ff3bd1112b0,24.08.2026 11:11,Вяра Петракиева - Велинова,Автоматично,ЕИСС - Централно Разпределяне,
241d99ca-2fe8-4374-b580-dd1bf22d0476,24.08.2026 11:11,Атанас Василев Димитров,Автоматично,ЕИСС - Централно Разпределяне,
5d51b69a-28ef-4b10-b5a5-11b905342ed3,24.08.2026 11:11,Вяра Петракиева - Велинова,Автоматично,ЕИСС - Централно Разпределяне,
c4853175-6577-43fa-934e-08d956cd4238,24.08.2026 11:11,Владимир Атанасов Пензов,Разпределение по дежурство,Владимир Атанасов Пензов,
52151aee-a963-4782-9cf3-6a180f9f43a8,24.08.2026 11:11,Цветомир Цаков Цветанов,Автоматично,ЕИСС - Централно Разпределяне,
f011a6d6-bb62-4195-867c-47770cbb0653,24.08.2026 11:11,ТИНА РОСЕНОВА МАЛИНОВА,Автоматично,ЕИСС - Централно Разпределяне,
9836045f-30e8-479b-a3e8-6c02b8920775,24.08.2026 11:11,КРИСТИЯН РОСЕНОВ ТРЕНДАФИЛОВ,Автоматично,ВАНЯ ПЕТКОВА ГЕОРГИЕВА,
7c54dfe4-b48d-42ad-a1bb-a99a9f2e0ca1,24.08.2026 11:11,Пламен Димитров Стефанов,Автоматично,Виктория Георгиева Костадинова,
a3c015e3-f0bb-429d-8974-ba6b49cbce22,24.08.2026 11:11,Димитър Чардаков,Автоматично,Галя Пильова,
24fe437f-25c9-4a52-862d-6e847afc2622,24.08.2026 11:10,Олга Златева,Автоматично,ЕИСС - Централно Разпределяне,
ec0a4b7c-cafa-45f3-9804-98984ee68a2e,24.08.2026 11:10,ИСКРЕН БОРИСОВ,Автоматично,ЕИСС - Централно Разпределяне,
d2efe9a4-a7b5-4463-b8b4-1606952b1e2f,24.08.2026 11:10,Людмила Василева Стойнева,Автоматично,ЕИСС - Централно Разпределяне,
797e8d05-4ecb-4d71-8fd5-a1859a308993,24.08.2026 11:10,Десислава Николаева Великова,Автоматично,ЕИСС - Централно Разпределяне,
7e458683-31c2-488f-ac23-34f12eaa56df,24.08.2026 11:10,Хрисимир Максимов Пройнов,Автоматично,ЕИСС - Централно Разпределяне,
dae5a18f-a1e2-43b3-b412-edd417c5b3fb,24.08.2026 11:13,Елена Стоилова,Автоматично,Евгения Мечева,
8d5034da-8bec-4724-92c6-3a28ad13ad0e,24.08.2026 11:09,Вяра Петракиева - Велинова,Автоматично,ЕИСС - Централно Разпределяне,
a717e91f-34de-43c9-a8df-259533df603e,24.08.2026 11:10,ВИКТОРИЯ ВИКТОРОВА МИНГОВА,Автоматично,ИВАЙЛО АЛЕКСАНДРОВ ЙОРДАНОВ,
fe444de6-27ca-4711-b32f-9b7b6aeb6863,24.08.2026 11:09,ГЕОРГИ ГЕОРГИЕВ,Автоматично,МЛАДЕН ДИМИТРОВ,
662e251c-e95d-401e-bfdb-f2810e72a2a5,24.08.2026 11:09,ДЕСИСЛАВА СТАНИМИРОВА МАРИНОВА,Автоматично,ЕИСС - Централно Разпределяне,
22b296f7-c7cd-4036-957f-8cd70e61370e,24.08.2026 11:09,ЕЛЕНА НИКОЛОВА ДИНЕВА ИЛИЕВА,Автоматично,ВАНЯ ПЕТКОВА ГЕОРГИЕВА,
cf5f17bd-5206-4fa2-8324-bff29b3ca84a,24.08.2026 11:09,Таня Илкова,Автоматично,ЕИСС - Централно Разпределяне,
35d2c996-a5ac-4b5e-b0d5-b559fa487656,24.08.2026 11:09,Владимир Атанасов Пензов,Разпределение по дежурство,Владимир Атанасов Пензов,
6802608d-f0f6-48c1-8983-9717dadc38a0,24.08.2026 11:09,Вяра Петракиева - Велинова,Автоматично,ЕИСС - Централно Разпределяне,
24d06937-970d-4017-a918-baebece80be7,24.08.2026 11:09,Татяна Иванова Тодорова,Автоматично,ЕИСС - Централно Разпределяне,
d9a086e8-7fca-458f-adbc-fa2cc37024d4,24.08.2026 11:10,МАГДАЛЕНА СТОЯНОВА МАРИНОВА,Автоматично,КАЛИНА ХРИСТОВА ЕВТИМОВА,
0b461f56-333f-4c8f-9bcf-cb74afef6cdc,24.08.2026 11:08,Вяра Петракиева - Велинова,Автоматично,ЕИСС - Централно Разпределяне,
ab9cc9ae-ff51-4c50-ab94-1df07343c684,24.08.2026 11:09,Никола Георгиев Маринов,Автоматично,Виктория Георгиева Костадинова,
9b7e798e-61d7-4645-8e51-6a66d0cd3fe0,24.08.2026 11:08,Мария Йорданова Дучева,Автоматично,ЕИСС - Централно Разпределяне,
c136ef96-cefc-4efe-a825-a4c16c7cf629,24.08.2026 11:08,ГЕОРГИ ГЕОРГИЕВ,Автоматично,МЛАДЕН ДИМИТРОВ,
925c1c6a-39f3-4f42-9fcf-23e1d8e4b97d,24.08.2026 11:08,ДИАНА ДИМИТРОВА ВАСИЛЕВА,Автоматично,ВАНЯ ПЕТКОВА ГЕОРГИЕВА,
3e40fcb2-73ce-4c92-a01f-d08bdb48451b,24.08.2026 11:08,Велина Иванова Полежанова,Автоматично,ЕИСС - Централно Разпределяне,
a478d182-f235-4420-84a5-ee811c8c998f,24.08.2026 11:08,Иван Цветозаров Иванов,Автоматично,ЕИСС - Централно Разпределяне,
c06d6f04-2893-4494-a24a-81bd00c8d84c,24.08.2026 11:08,Вяра Петракиева - Велинова,Автоматично,ЕИСС - Централно Разпределяне,
a0430a76-843d-49ec-bfa5-d2b093232072,24.08.2026 11:07,Радосвета Добрева Станимирова,Автоматично,ЕИСС - Централно Разпределяне,
44643205-69c4-4ba9-9134-364a41e12a52,24.08.2026 11:07,ДОБРОМИР СТЕФАНОВ СТЕФАНОВ,Автоматично,ВАНЯ ПЕТКОВА ГЕОРГИЕВА,
0eb98188-db4f-43df-8eb7-91ddfc91e5b3,24.08.2026 11:07,Мирослав Руменов Саневски,Автоматично,ЕИСС - Централно Разпределяне,
37a3e1cc-66e8-43e1-9f5f-5dfaeb11d130,24.08.2026 11:07,Зорница Гладилова,Автоматично,Бистра Николова,
8d70eef1-823c-4c19-b2ba-28bb7499c21f,24.08.2026 11:07,МЛАДЕН ДИМИТРОВ,Автоматично,ЕИСС - Централно Разпределяне,
a583b91c-4562-4b5c-beb2-c1e6dc4756cc,24.08.2026 11:07,ЯНА ЕМИЛОВА ВЛАДИМИРОВА ПАНОВА,Автоматично,ИВАЙЛО АЛЕКСАНДРОВ ЙОРДАНОВ,
9de63ff0-cf21-4239-a936-5fb7b9e72cf5,24.08.2026 11:07,КАТЯ БОЖИДАРОВА АНГЕЛОВА-ПЕТРОВА,Автоматично,ЕИСС - Централно Разпределяне,
5cc72e12-2d0f-422e-9e57-66ec47cf3a18,24.08.2026 11:07,Иван Борисов Вътков,Автоматично,ЕИСС - Централно Разпределяне,
feb13534-56cf-4805-958f-571916d8aa3c,24.08.2026 11:06,ГАЛЯ ИЛИЕВА,Автоматично,МЛАДЕН ДИМИТРОВ,
fc14de45-a68e-4808-b912-6da307b7da09,24.08.2026 11:06,РОМАН ТОДОРОВ НИКОЛОВ,Автоматично,ЕИСС - Централно Разпределяне,
574d798f-31f8-45a8-add1-30333307b349,24.08.2026 11:06,ДАНИЕЛА ДИМОВА СТОЕВА,Разпределение по дежурство,ВАНЯ ПЕТКОВА ГЕОРГИЕВА,
81a1e720-6169-43c4-9621-11bab557c261,24.08.2026 11:06,Александър Георгиев,Автоматично,ЕИСС - Централно Разпределяне,
ec981457-ce9f-45ce-bd9a-4c6041828b61,24.08.2026 11:06,Тодор Георгиев Попиванов,Автоматично,ЕИСС - Централно Разпределяне,
497509d4-b306-406e-95cc-f1a4c6a8b4a5,24.08.2026 11:06,Пепа Димова Жекова,Разпределение по дежурство,Зорница Станкова Господинова,
41eac369-56ad-4bdd-b40c-12f03cfd263a,24.08.2026 11:06,ИВЕТА ПАВЛОВА ТАКОВА,Автоматично,ЕИСС - Централно Разпределяне,
faac59b1-da5b-4567-8324-e6ee09e277d2,24.08.2026 11:06,Огнян Кирилов Маладжиков,Автоматично,Огнян Кирилов Маладжиков,
70fe30f8-7105-4135-937a-c2fcbaad0d59,24.08.2026 11:06,Женя Димитрова,Автоматично,Бистра Николова,
1ddae95b-5af9-43a8-be5d-2953800994fb,24.08.2026 11:06,Цветомир Цаков Цветанов,Автоматично,ЕИСС - Централно Разпределяне,
ff026686-f5c1-4484-a127-f0cf3f2acd90,24.08.2026 11:05,АСЕН ТОТЕВ РАДЕВ,Автоматично,ЕИСС - Централно Разпределяне,
1807dd4d-4a94-4f8b-9048-4f9c8ae4716c,24.08.2026 11:05,ДЕСИСЛАВА ПЕТРОВА ГЕНОВА,Автоматично,ВАНЯ ПЕТКОВА ГЕОРГИЕВА,
330848dd-5e2a-4eeb-b4eb-ab8b29015780,24.08.2026 11:05,ГЕОРГИ ГЕОРГИЕВ,Автоматично,МЛАДЕН ДИМИТРОВ,
e00b8394-1b93-4c17-817c-5f1c0944fe58,24.08.2026 11:05,Дияна Иванова Дамянова Цанкова,Автоматично,ЕИСС - Централно Разпределяне,
10e39c90-eaaa-468d-9601-712aebda8e0e,24.08.2026 11:05,Веселин Христов Коларов,Автоматично,ГАЛИНА СЛАВОВА ГЕОРГИЕВА,
eb6fc607-4b05-40eb-864f-c9af9ff91ff4,24.08.2026 11:05,КРИСТИЯН АНТОНИЕВ ПОПОВ,Автоматично,ЕИСС - Централно Разпределяне,
79198978-f4c8-4d51-8ed7-bc1d150a1209,24.08.2026 11:07,Димитър Пенчев Стоянов,Автоматично,КАЛИНА ХРИСТОВА ЕВТИМОВА,
9a7a4ade-19e9-4a34-943b-b2dd6c29576e,24.08.2026 11:05,Владимир Вълков,Автоматично,Бистра Николова,
ca6ccdcc-0d81-4635-9e95-52b2320495bd,24.08.2026 11:05,АСЕН ТОТЕВ РАДЕВ,Автоматично,ЕИСС - Централно Разпределяне,
d2048192-0da5-49de-bed6-b7daf5c83c10,24.08.2026 11:05,Гергана Кузманова,Автоматично,ЕИСС - Централно Разпределяне,
9909a309-ac25-46ca-9fb0-60e70717a819,24.08.2026 11:04,КЕТИ МИХОВА КОСЕВА,Автоматично,ЕИСС - Централно Разпределяне,
59446eef-df1a-4f83-8939-42e885be1723,24.08.2026 11:04,МАРИЯ ДИМЧЕВА ИВАНОВА-ГЕОРГИЕВА,Автоматично,ВАНЯ ПЕТКОВА ГЕОРГИЕВА,
76b01f16-6013-4f9d-90bf-cf33833f6762,24.08.2026 11:04,ДИАНА РАДЕВА,Автоматично,МЛАДЕН ДИМИТРОВ,
9ac9479a-d1f7-486b-93e2-8c1451802b82,24.08.2026 11:04,МАГДАЛЕНА СТОЯНОВА МАРИНОВА,Автоматично,ЕИСС - Централно Разпределяне,
34248ed5-620a-4af7-9ed9-78449bcefa8a,24.08.2026 11:05,ИВАНКА ГРИГОРОВА МИТЕВА,Автоматично,ИВАЙЛО АЛЕКСАНДРОВ ЙОРДАНОВ,
acba0f85-e3be-47f9-94c3-a4b9b76f473f,24.08.2026 11:04,Диана Пенчева Петрова Енева,Автоматично,ЕИСС - Централно Разпределяне,
325e0f9a-2f68-4a77-bf8f-09898778f717,24.08.2026 11:04,Снежана Бакалова,Автоматично,Бистра Николова,
9efbbaa9-4f4a-45ab-a6ea-7886474e1b9d,24.08.2026 11:04,Калин Георгиев Колешански,Автоматично,ЕИСС - Централно Разпределяне,
d6282321-3a58-4ef9-878e-20f094a1251d,24.08.2026 11:04,Лидия Антоанова Георгиева,Автоматично,ЕИСС - Централно Разпределяне,
8541eb26-1536-4fb0-98d7-3d961a5e61f3,24.08.2026 11:03,Лидия Антоанова Георгиева,Автоматично,ЕИСС - Централно Разпределяне,
1b85c6c6-27b0-4294-a9e7-b9e483499474,24.08.2026 11:03,ГАБРИЕЛА ПЕТКОВА ДИМИТРОВА,Автоматично,ГАЛИН ХРИСТОВ ГЕОРГИЕВ,
ce24aaa9-4994-4bf9-b6e1-fb81ebaef529,24.08.2026 11:03,БЕЛЛА ВЕСЕЛИНОВА ПАНЕВА,Автоматично,ЕИСС - Централно Разпределяне,
d8690b24-c7df-492a-8f63-e3d629b830ee,24.08.2026 11:03,Сона Вахе Гарабедян,Автоматично,ЕИСС - Централно Разпределяне,
cbfa8ced-4664-4365-a669-5fe316617972,24.08.2026 11:03,ПЕТЯ ОЛЕГОВА ПОПОВА,Автоматично,ВАНЯ ПЕТКОВА ГЕОРГИЕВА,
1632efcd-8fbc-44e1-86c0-78305ca0f871,24.08.2026 11:03,Диана Симеонова Стателова,Автоматично,ЕИСС - Централно Разпределяне,
cdede386-7e01-412c-9526-777f6a6fae4d,24.08.2026 11:03,Пепа Димова Жекова,Разпределение по дежурство,Зорница Станкова Господинова,
11021fe0-514b-4044-bb4a-ac659c09a333,24.08.2026 11:03,Десислава Попколева,Автоматично,Ани Петрова Иванова,
d8c1b0de-f06d-4a2a-b427-21de0cf79b10,24.08.2026 11:03,Нина Стойчева,Автоматично,Бистра Николова,
2afa811a-87f4-4976-922f-22e5fb5ef54b,24.08.2026 11:03,Лидия Антоанова Георгиева,Автоматично,ЕИСС - Централно Разпределяне,
617e1adb-12c2-4da1-ba6e-fcfa9ef7a8b2,24.08.2026 11:03,Васил Георгиев Чамбов,Автоматично,Стойка Аргирова Нешева,
c9227501-c4f7-479c-9bf9-04d24f86e35b,24.08.2026 11:03,ВЕЛИЗАР СТОЯНОВ КОСТАДИНОВ,Разпределение по дежурство,ВЕЛИНА ВЛАДИМИРОВА КАРАГЕОРГИЕВА,
eb7cd8a3-42e9-45d1-858a-76f025811655,24.08.2026 11:03,Вяра Петракиева - Велинова,Автоматично,ЕИСС - Централно Разпределяне,
c5d8a5e5-5a7c-49a2-a657-0c3c6293d61d,24.08.2026 11:02,Вяра Петракиева - Велинова,Автоматично,ЕИСС - Централно Разпределяне,
8de36406-238a-4a0f-9f1d-b3504305e1bb,24.08.2026 11:03,Веселин Христов Коларов,Автоматично,ГАЛИНА СЛАВОВА ГЕОРГИЕВА,
5cf5dbbf-7aba-47f1-9207-b44a1ac8a647,24.08.2026 11:02,ВАЛЯ МЛАДЕНОВА,Автоматично,ЕИСС - Централно Разпределяне,
ed49fc9b-1f51-4d5d-873d-a0988c50e791,24.08.2026 11:02,ГАЛЯ ИЛИЕВА,Автоматично,МЛАДЕН ДИМИТРОВ,
11773938-0d42-48fd-a0f8-bf026212ff88,24.08.2026 11:02,ДОБРОМИР СТЕФАНОВ СТЕФАНОВ,Автоматично,ВАНЯ ПЕТКОВА ГЕОРГИЕВА,
f86765c6-0843-4dd1-83b9-d078f549252f,24.08.2026 11:02,КАЛИН СТЕФАНОВ КУНЧЕВ,Автоматично,ЕИСС - Централно Разпределяне,
df0dd258-c6b6-4e61-8ee2-e7ec3faf0d22,24.08.2026 11:03,Йорданка Красимирова Ненчева,Автоматично,Добринка Димчева Кирева,
3c2c8ed1-9b7e-4e73-a3bd-af2b4abd5573,24.08.2026 11:02,АЛЕКСАНДЪР ДИМИТРОВ МУРТЕВ,Автоматично,КАЛИНА ХРИСТОВА ЕВТИМОВА,
c1707c14-3350-4f58-9768-3a0868959e88,24.08.2026 11:02,Росен Минков Стоянов,Автоматично,ЕИСС - Централно Разпределяне,
8bfee666-a194-4e30-9785-b87fbd76de08,24.08.2026 11:02,ГАБРИЕЛА ПЕТКОВА ДИМИТРОВА,Автоматично,ГАЛИН ХРИСТОВ ГЕОРГИЕВ,
f0524e2f-43e4-4d1b-9fa7-3609a4cd0000,24.08.2026 11:02,Вяра Петракиева - Велинова,Автоматично,ЕИСС - Централно Разпределяне,
9f14a197-7937-4f1e-92c1-b5b5f17f0fcb,24.08.2026 11:02,МАРИЯ ИЛЧЕВА ИЛИЕВА,Автоматично,ИВАЙЛО АЛЕКСАНДРОВ ЙОРДАНОВ,
a0603463-a55a-4e8f-a227-d1aa8b121c85,24.08.2026 11:02,ГЕОРГИ ГЕОРГИЕВ,Автоматично,ЕИСС - Централно Разпределяне,
996db096-d73c-4392-9580-e070bc086e05,24.08.2026 11:02,Владимир Стоянов Иванов,Автоматично,Стойка Аргирова Нешева,
272462b0-a074-4d11-86fd-3b6f407be1d0,24.08.2026 11:01,АЛЕКСАНДЪР ДИМИТРОВ МУРТЕВ,Автоматично,ЕИСС - Централно Разпределяне,
5f6c0c73-1207-4734-9730-1374f6f4f0d3,24.08.2026 11:01,Людмила Василева Стойнева,Автоматично,ЕИСС - Централно Разпределяне,
b159c03a-cd34-4355-bd12-e31b6d4de481,24.08.2026 11:01,ЕВГЕНИ СТОИЛОВ СТАНОЕВ,Автоматично,ВАНЯ ПЕТКОВА ГЕОРГИЕВА,
0261ae48-aaa2-4f28-84a1-bbcaf4aac2e2,24.08.2026 11:01,Вяра Петракиева - Велинова,Автоматично,ЕИСС - Централно Разпределяне,
b4277281-619b-4dd7-b927-398c5873bf26,24.08.2026 11:01,Ася Събева,Автоматично,Бистра Николова,
3091b564-9a31-4783-8447-7155993916ba,24.08.2026 11:01,КОНСТАНТИН ПЕТРОВ КОСЕВ,Автоматично,ЕИСС - Централно Разпределяне,
85cb02c7-896b-4d5b-bbce-8a9721cffe75,24.08.2026 11:01,ДИАНА РАДЕВА,Автоматично,МЛАДЕН ДИМИТРОВ,
3e1efaaa-abfa-44fe-8882-f3d81381b788,24.08.2026 11:01,Пепа Димова Жекова,Разпределение по дежурство,Зорница Станкова Господинова,
b12f8bd8-0625-4a60-a912-5bec92891fdc,24.08.2026 11:01,ФИЛИП СТОЯНОВ РАДИНОВ,Автоматично,ЕИСС - Централно Разпределяне,
6e6fdec2-995d-4640-ad32-7a0e54e01520,24.08.2026 11:01,ИВЕЛИНА ЛЕНКОВА МАВРОДИЕВА,Автоматично,КАЛИНА ХРИСТОВА ЕВТИМОВА,
88dcaef8-8567-4b2e-9e8b-8db691bebc3d,24.08.2026 11:01,Петя Цветанова,Автоматично,ЕИСС - Централно Разпределяне,
c0d2757e-0e53-4263-8827-508db5a0e22d,24.08.2026 11:01,Димитър Пенчев Стоянов,Автоматично,ЕИСС - Централно Разпределяне,
7cd5d67b-5c93-46d8-962c-e054370c9f1b,24.08.2026 11:01,Силвия Борисова Русева,Разпределение по дежурство,ВАНЯ ИЛИЕВА ИЛИЕВА,
55c0c933-168b-4583-9b71-3e5df5cdc60a,24.08.2026 11:00,ДАНИЕЛА ДИМОВА СТОЕВА,Автоматично,ВАНЯ ПЕТКОВА ГЕОРГИЕВА,
479883f6-1833-4cf6-85da-de6688f08059,24.08.2026 11:00,Катерина Рачева,Автоматично,Бистра Николова,
ccf214bc-cfbd-43a7-875d-1465e6a142f1,24.08.2026 11:00,Огнян Кирилов Маладжиков,Автоматично,Огнян Кирилов Маладжиков,
3ae370d6-da52-4ab9-96d2-38abeb51a6ac,24.08.2026 11:00,ГАЛЯ ИЛИЕВА,Автоматично,МЛАДЕН ДИМИТРОВ,
8debe0ce-16b1-4ed9-9bdd-f29aae102e64,24.08.2026 11:00,Тодор Георгиев Попиванов,Разпределение по дежурство,Веселка Георгиева Койчева,
89095eb2-752d-4284-a1e5-20c8b38592d7,24.08.2026 11:00,Мирослава Неделчева,Автоматично,ЕИСС - Централно Разпределяне,
01cb0cf1-6de4-48b6-be87-6772d588b42f,24.08.2026 11:00,Венелин Димитров Николаев,Разпределение по дежурство,Венелин Димитров Николаев,
1bddf5e9-c9b9-43c2-b04b-c6a92a50d59c,24.08.2026 11:03,Силвия Георгиева Иванова,Разпределение по дежурство,Силвия Георгиева Иванова,
109d1a95-a243-4743-8eee-6e6fa6d888a8,24.08.2026 10:59,Николай Метанов,Автоматично,Бистра Николова,
b8595d10-33ad-4e5d-ba5b-08495136f771,24.08.2026 10:59,Антоанета Георгиева Ивчева,Автоматично,ИВАЙЛО АЛЕКСАНДРОВ ЙОРДАНОВ,
696925dd-76c4-4063-82bf-d33a642c090d,24.08.2026 10:58,ГЕОРГИ ГЕОРГИЕВ,Автоматично,МЛАДЕН ДИМИТРОВ,
5e554767-b105-4bdc-8455-aa1f4c494732,24.08.2026 10:58,Анелия Маркова,Автоматично,Бистра Николова,
4ceb4fb4-5d1d-4ede-8b08-0dd7599393b8,24.08.2026 11:03,мл.с. Юлия Иванова Славова,Автоматично,Виктория Георгиева Костадинова,
4ceb4fb4-5d1d-4ede-8b08-0dd7599393b8,24.08.2026 11:02,Мартин Цветанов Сандулов,Ръчно разпределение,Виктория Георгиева Костадинова,
4ceb4fb4-5d1d-4ede-8b08-0dd7599393b8,24.08.2026 10:58,Радостин Стоянов Радиев,Автоматично,Виктория Георгиева Костадинова,
681c57a6-3d4b-4ad1-9a5c-a07643220b85,24.08.2026 12:54,Румяна Вълчева Райкова,Автоматично,Румяна Вълчева Райкова,
681c57a6-3d4b-4ad1-9a5c-a07643220b85,24.08.2026 12:53,Мерджан Емин Мехмед,Ръчно разпределение,Румяна Вълчева Райкова,
681c57a6-3d4b-4ad1-9a5c-a07643220b85,24.08.2026 11:01,Нели Георгиева Батанова,Автоматично,Румяна Вълчева Райкова,
fe0f7179-9764-4201-b14b-653f0eed7bc5,24.08.2026 10:57,Велина Емануилова Антонова,Автоматично,Веселин Димитров Хаджиев,
2fc77ea3-fa3a-4777-91bc-bea6ca74796e,24.08.2026 10:57,Димитър Руменов Беровски,Автоматично,Лилия Трендафилова Траева,
ea491dd8-9670-42d5-822b-8eae0d60551f,24.08.2026 10:57,Тодор Георгиев Попиванов,Разпределение по дежурство,Веселка Георгиева Койчева,
b56275dd-28ce-4214-9a5f-37c393b0ece2,24.08.2026 10:59,ЦВЕТОМИЛА ДАНОВА,Автоматично,ВАНЯ ПЕТКОВА ГЕОРГИЕВА,
71fa4058-7e71-4490-885c-de8cfbd232b3,24.08.2026 11:00,Милена Иванова Хараламбиева,Автоматично,Петър Петков Монев,
71fa4058-7e71-4490-885c-de8cfbd232b3,24.08.2026 11:00,Веселина Валентинова Господинова,Ръчно разпределение,Петър Петков Монев,
71fa4058-7e71-4490-885c-de8cfbd232b3,24.08.2026 10:56,Петър Петков Монев,Автоматично,Петър Петков Монев,
1d635620-cb98-4c6f-a60a-92e9ea456456,24.08.2026 10:55,Людмила Василева Стойнева,Разпределение по дежурство,Ели Георгиева Скоклева,
accd8e9c-8b3c-4fd2-a1ef-80ede408f63e,24.08.2026 10:56,Диана Костова,Автоматично,Йорданка Матева,
7114654c-43bf-4d5d-b88f-a1675731b10e,24.08.2026 10:57,Ели Димитрова Анастасова Мицевска,Автоматично,Ели Георгиева Скоклева,
1d2529bc-bcc5-4534-8396-fb630dd346b9,24.08.2026 10:57,Венелин Димитров Николаев,Разпределение по дежурство,Венелин Димитров Николаев,
1d2529bc-bcc5-4534-8396-fb630dd346b9,24.08.2026 10:55,Теодора Начева Петкова,Автоматично,Венелин Димитров Николаев,
7b92c687-7df0-4519-b18e-471141125d1f,24.08.2026 10:55,Никола Георгиев Маринов,Автоматично,Виктория Георгиева Костадинова,
521500ac-b61f-4562-b309-83c80cf46407,24.08.2026 10:55,Вили Дацов,Автоматично,Лилия Трендафилова Траева,
378449f9-99ff-4712-a5d9-924f739389f2,24.08.2026 10:54,Петър Петков Монев,Автоматично,Петър Петков Монев,
d507b580-9959-4186-a922-613a23ad5404,24.08.2026 10:54,ДЕСИСЛАВА ГЕОРГИЕВА ИВАНОВА,Автоматично,ИВАЙЛО АЛЕКСАНДРОВ ЙОРДАНОВ,
0661ff4b-80cc-41af-a693-df991589e141,24.08.2026 10:54,ДИМИТРИНКА ИВАНОВА КОСТАДИНОВА-МЛАДЕНОВА,Автоматично,ВАНЯ ПЕТКОВА ГЕОРГИЕВА,
0c94c6e2-0ad1-4cd2-871a-549fc83afa40,24.08.2026 10:53,Свилена Стоянова Давчева,Автоматично,Мария Атанасова Минчева,
af3a5a66-c86e-4420-b2ed-7a5bc53b7e89,24.08.2026 10:53,Тодор Илиев Тихолов,Автоматично,Галя Величкова Наумова,
9555b069-03b3-4ce4-8610-b344b7e0395c,24.08.2026 10:53,Ели Димитрова Анастасова Мицевска,Автоматично,Ели Георгиева Скоклева,
6b364c5d-70c2-4b1c-991a-97279af5583a,24.08.2026 10:53,Олга Златева,Разпределение по дежурство,Олга Златева,
b8d919bd-1016-4aba-ba00-1ff15b03ed9e,24.08.2026 10:52,Борислав Любомиров Чернев,Автоматично,Петко Русев Георгиев,
4a5e5d64-ffc8-4bb4-8e2c-1c7d72549141,24.08.2026 10:52,Сирануш Сахак Артинян,Автоматично,Мария Атанасова Минчева,
1a618e84-a07b-4321-824c-98464ccfc7fa,24.08.2026 10:52,Милена Иванова Хараламбиева,Автоматично,Петър Петков Монев,
b39494cd-65de-4d03-ae15-1eb4e4bf7ad7,24.08.2026 10:52,Пламен Георгиев Ченджиев,Разпределение по дежурство,Пламен Георгиев Ченджиев,
d40329a2-9d2b-42dc-b184-46dfe0cfe9d6,24.08.2026 10:52,ГЕОРГИ ИЛИАНОВ АЛИПИЕВ,Автоматично,ИВАЙЛО АЛЕКСАНДРОВ ЙОРДАНОВ,
afc4afd7-834a-462d-8275-7045cf64e163,24.08.2026 10:52,ПЕТЯ ХАНТОВА,Автоматично,Силвия Николова Арабаджиева,
38b35dcb-61c8-45f4-9c7d-8cd15a30a087,24.08.2026 10:52,Илияна Папазова,Автоматично,Ани Петрова Иванова,
0272a904-db03-4307-84f3-928d86a3d90d,24.08.2026 10:52,РУМЯНА СИМЕОНОВА МИТЕВА-НАСЕВА,Автоматично,Лилия Трендафилова Траева,
fb833cf2-5d41-41d6-88e7-a8e8915077ef,24.08.2026 10:51,Мая Банчева,Автоматично,Силвия Николова Арабаджиева,
3de68a0a-9885-437e-8630-b821a343a4e3,24.08.2026 10:53,Веселин Димитров Хаджиев,Автоматично,Веселин Димитров Хаджиев,
3de68a0a-9885-437e-8630-b821a343a4e3,24.08.2026 10:51,Иван Христов Ранчев,Автоматично,Веселин Димитров Хаджиев,
cddcdcd3-92c9-46ea-8c6b-de25e7d40ce7,24.08.2026 10:51,Евтим Банев,Автоматично,Йорданка Матева,
49c01a64-3e28-4cc6-8d83-581c812e8557,24.08.2026 10:51,ГЕРГАНА БОГОМИЛОВА ЦОНЕВА,Ръчно разпределение,ВЕЛИНА ВЛАДИМИРОВА КАРАГЕОРГИЕВА,
4b92ec20-8281-49b1-9523-e2702dd60dc7,24.08.2026 10:51,Борислав Любомиров Чернев,Разпределение по дежурство,Петко Русев Георгиев,
31d28080-020f-4767-a351-141add848bca,24.08.2026 10:50,НИКОЛА ТОДОРОВ ДЕЛИЕВ,Разпределение по дежурство,НИКОЛА ТОДОРОВ ДЕЛИЕВ,
967f9c49-dfb4-405e-9e68-50404fa65940,24.08.2026 10:51,Иво Юриев Хинов,Автоматично,САВЕЛИЯ РУМЕНОВА МИХАЛКОВА,
14f94f78-ba99-454f-ae90-fa6e86da67ac,24.08.2026 10:50,Сузана Емилова Полизоева,Автоматично,Силвия Николова Арабаджиева,
38a818ea-83b6-4a46-b179-6061a3c69d06,24.08.2026 10:50,Валентин Пушевски,Автоматично,Теодора Шишкова,
faaaf3b0-70e8-4978-943f-4323f26510d0,24.08.2026 10:50,Руска Атанасова Андреева,Ръчно разпределение,Руска Атанасова Андреева,
f4c835f8-e235-4457-9780-61065b17cc6f,24.08.2026 10:49,ПЕТЯ ХАНТОВА,Автоматично,Силвия Николова Арабаджиева,
a418b700-f527-42ea-bd71-928f732f9c55,24.08.2026 10:50,Борислава Петрова Борисова-Здравкова,Автоматично,Венеция Атанасова Венева,
7c3a5001-7a30-4dde-bf5d-44c1ab6e9119,24.08.2026 10:49,Катя Ганева Савова,Автоматично,Теодора Шишкова,
4eea86e8-0d61-4b9e-9f30-f636f524db8e,24.08.2026 10:47,Ивелина Христова - Желева,Автоматично,Теодора Шишкова,
1bf1d3e8-7afe-47bb-97a7-80128d23ffb2,24.08.2026 10:47,МИРОСЛАВА ПЕТРОВА ИЛЕВА,Автоматично,ИВАЙЛО АЛЕКСАНДРОВ ЙОРДАНОВ,
d8f4ec67-3e7e-4aad-9951-3f89b700152d,24.08.2026 10:47,Атанас Кобуров,Автоматично,Силвия Николова Арабаджиева,
6da84180-61bf-496b-99c2-ad05edc31805,24.08.2026 10:46,КАМЕЛИЯ ГЕОРГИЕВА НЕНКОВА,Автоматично,Венеция Атанасова Венева,
8fcc2a97-364b-44fb-9c9b-ea763c99fb43,24.08.2026 10:47,Симона Миланези,Разпределение по дежурство,Милена Карагьозова,
944f0fa9-418f-4417-8243-2b8da2267eb6,24.08.2026 10:45,КАМЕЛИЯ ГЕОРГИЕВА НЕНКОВА,Автоматично,Венеция Атанасова Венева,
c9a5e584-813c-4778-aa48-dc6ee374529e,24.08.2026 10:45,Валентин Пушевски,Автоматично,Теодора Шишкова,
dab44258-c354-43f7-a766-702f6762d8ee,24.08.2026 10:45,РОМАН ТОДОРОВ НИКОЛОВ,Автоматично,ЕЛИЗАБЕТА САШОВА НИКИФОРОВА ИРИКОВА,
a60bcb15-f548-41d8-937f-2af70f44e533,24.08.2026 10:44,ГЕОРГИ ГЕОРГИЕВ,Разпределение по дежурство,ГЕОРГИ ГЕОРГИЕВ,
a87b1634-1e39-4170-b142-f45ca27f7f78,24.08.2026 10:44,Димо Цолов,Автоматично,Теодора Шишкова,
7d887fcc-957c-4ae0-8588-d3c7254419b9,24.08.2026 10:44,ЧАНКО ПЕТКОВ ПЕТКОВ,Автоматично,Емилия Стойнова Бялкова,
2bcc1259-f06c-444f-a51f-44ef5573fcf2,24.08.2026 10:45,Красимир Стефанов Комсалов,Разпределение по дежурство,Георги Георгиев Малинов,
233b7e56-4588-4b31-b388-1d59d524763d,24.08.2026 10:44,Светослава Иванова Алексиева,Автоматично,Венеция Атанасова Венева,
7b2e3626-f8c4-4fde-8e16-ed6740673392,24.08.2026 10:43,ГЕОРГИ ГЕОРГИЕВ,Разпределение по дежурство,ГЕОРГИ ГЕОРГИЕВ,
6b7f6018-6f06-4aff-aee0-b8c9fed24913,24.08.2026 10:43,Валери Митков Ненков,Автоматично,Венеция Атанасова Венева,
9517e84c-cf4e-4f72-968c-6308514f4008,24.08.2026 10:42,Мартин Стаматов,АР,Янка Ганчева,
cd3b6c14-9745-4148-9eed-af87e1523562,24.08.2026 10:42,Иво Дачев,Автоматично,Ани Петрова Иванова,
54daa20d-16a6-432a-b840-8806db71f465,24.08.2026 10:41,РОМАН ТОДОРОВ НИКОЛОВ,Автоматично,ЕЛИЗАБЕТА САШОВА НИКИФОРОВА ИРИКОВА,
ed33599d-4d5d-45c8-9d55-c3dcf0ecd81e,24.08.2026 10:41,Мирослав Йорданов,Разпределение по дежурство,Георги Георгиев,
f767866b-e985-4c7d-9c23-495b41c189d9,24.08.2026 10:41,ГАБРИЕЛА ДИМИТРОВА ЛАЗАРОВА,Автоматично,Венеция Атанасова Венева,
5b430591-5a63-4ffc-a8e1-ff97eab17e7f,24.08.2026 10:39,Милен Евтимов,Автоматично,ЙОВКА СТАНЧЕВА ПАНАЙОТОВА,
54e8d1de-6e5e-4562-993b-c0956a89a0b4,24.08.2026 10:39,Милена Трифонова,Автоматично,Теодора Шишкова,
0a604869-f0eb-4eff-ae79-7148be85f441,24.08.2026 10:39,МАРИО ДИМИТРОВ СТОЯНОВ,Автоматично,Нанко Събов Маринов,
61cd6a32-1516-49aa-a88d-c188166a16e4,24.08.2026 10:38,Галя Митова,Автоматично,ЙОВКА СТАНЧЕВА ПАНАЙОТОВА,
bc0989cd-35b8-4de7-bcae-125e103d06e3,24.08.2026 10:37,Пламен Чакалов,Автоматично,Николинка Цветкова,
5389dbf5-faec-469c-904e-1efdff6c73fa,24.08.2026 10:37,Таня Кандилова,Автоматично,ЙОВКА СТАНЧЕВА ПАНАЙОТОВА,
afcbca0a-7b54-43c4-94eb-e635a7d6ea20,24.08.2026 10:37,Елизабета Кралева,Автоматично,Аделина Троева,
afcbca0a-7b54-43c4-94eb-e635a7d6ea20,24.08.2026 10:37,Таня Живкова,Автоматично,Аделина Троева,
afcbca0a-7b54-43c4-94eb-e635a7d6ea20,24.08.2026 10:36,Аделина Тушева,Автоматично,Аделина Троева,
63b877cb-dd1b-4aca-a100-1c7b9fdc94d8,24.08.2026 10:36,Любомир Луканов,Автоматично,ЙОВКА СТАНЧЕВА ПАНАЙОТОВА,
2eb9577f-0045-40c3-b4df-66483cf5dff9,24.08.2026 10:35,Виделина Куршумова,Автоматично,Николинка Цветкова,
6ae55c24-f509-4643-966f-d7ca67b1d8f1,24.08.2026 10:35,Борис Илиев,Автоматично,Ани Петрова Иванова,
1864b737-9240-40d0-98b5-7f009e81182a,24.08.2026 10:41,Емилия Кирова-Тодорова,Автоматично,Галин Косев,
7705aec7-20de-4307-82fc-c8c9a5f90faf,24.08.2026 10:40,Галин Косев,Автоматично,Галин Косев,
34eb1628-9da9-437a-a643-fa5d12eb4c72,24.08.2026 10:37,Даниела Гишина,Автоматично,Галин Косев,
8966ce12-72b4-4348-9b2d-b4a8131b6228,24.08.2026 10:36,Емилия Кирова-Тодорова,Автоматично,Галин Косев,
2be593a8-4f62-4a97-a300-4167d673b59b,24.08.2026 10:35,Любомир Луканов,Автоматично,ЙОВКА СТАНЧЕВА ПАНАЙОТОВА,
49843990-ea70-4e0a-86e7-0b9a100a4821,24.08.2026 10:36,Аделина Троева,Автоматично,Аделина Троева,
49843990-ea70-4e0a-86e7-0b9a100a4821,24.08.2026 10:35,Таня Живкова,Автоматично,Аделина Троева,
49843990-ea70-4e0a-86e7-0b9a100a4821,24.08.2026 10:35,Кристина Савова Янкулова,Автоматично,Аделина Троева,
4ae0b781-e839-4e36-9a5c-7cf8ed240ba4,24.08.2026 10:36,Сияна Генадиева,Автоматично,Теодора Шишкова,
c0f5e056-ab1c-4b9c-83df-05fada5da975,24.08.2026 10:34,ГЕОРГИ ГЕОРГИЕВ,Разпределение по дежурство,ГЕОРГИ ГЕОРГИЕВ,
b28de13d-9b6c-4e19-8269-be60e086bcb1,24.08.2026 10:33,Таня Кандилова,Автоматично,ЙОВКА СТАНЧЕВА ПАНАЙОТОВА,
02eaf020-7c93-483a-9272-a5bb197f89e8,24.08.2026 10:45,Симона Миланези,Разпределение по дежурство,Милена Карагьозова,
19774cd3-0142-4a54-b95d-8bd36fb67a0c,24.08.2026 10:32,Светла Иванова Иванова,Автоматично,Десислава Георгиева Ютерова,
c197d46d-0639-4e1a-a250-1a3e016b333b,24.08.2026 10:32,Димитър Борисов Бишуров,Автоматично,Георги Георгиев Малинов,
a6fe53ab-ae65-41bd-9833-94a7e3b5c9b6,24.08.2026 10:30,ВЕЛИСЛАВА КИПРОВА,Автоматично,Вергиния Димитрова,
b681511b-a12f-49b2-9729-6eec0575bbe0,24.08.2026 10:32,Пламен Борисов,Разпределение по дежурство,Милена Карагьозова,
b681511b-a12f-49b2-9729-6eec0575bbe0,24.08.2026 10:31,Ивелина Солакова,Разпределение по дежурство,Милена Карагьозова,
b681511b-a12f-49b2-9729-6eec0575bbe0,24.08.2026 10:30,Валентина Христова,Разпределение по дежурство,Милена Карагьозова,
3f36bdc8-ac5e-45d6-99c9-269bef214bb1,24.08.2026 10:30,СИЛВИНА ДАЧКОВА ЙОВЧЕВА,Разпределение по дежурство,СИЛВИНА ДАЧКОВА ЙОВЧЕВА,
b19f2a6d-8f8f-4337-951d-d480b6e549d3,24.08.2026 10:29,Светла Иванова Иванова,Автоматично,Десислава Георгиева Ютерова,
99e55b1f-e741-4348-91a6-e0b2fb728f91,24.08.2026 10:28,Емил Василев Николаев,Разпределение по дежурство,Павлина Йорданова Кралева,
e085a5cc-8839-4feb-8e57-e631f9ab5c0f,24.08.2026 10:28,Силвия Борисова Русева,Разпределение по дежурство,ВАНЯ ИЛИЕВА ИЛИЕВА,
224d3553-b299-41f8-b3a1-03af85e34419,24.08.2026 10:30,Радостин Стоянов Радиев,Автоматично,Виктория Георгиева Костадинова,
e690a7f9-7ae3-4080-85d7-ec33cffc4aea,24.08.2026 10:27,Радка Цариградска,Автоматично,Милена Карагьозова,
ec9f01e0-b587-4513-9ebf-d8b6399daa62,24.08.2026 10:27,Янко Ангелов,Ръчно разпределение,Маргарита Енчева-Иванова,
a5a4b2c4-7b87-47a3-8b54-7433e2547ea8,24.08.2026 10:44,Невена Пламенова Великова,Автоматично,Росина Николаева Дончева,
dbcdc609-5c0e-4441-be40-a295ecfaf4b8,24.08.2026 10:25,Весела Тодорова Аврамова,Ръчно разпределение,ВАНЯ ИЛИЕВА ИЛИЕВА,
dbcdc609-5c0e-4441-be40-a295ecfaf4b8,24.08.2026 10:24,Ралица Александрова Райчева,Разпределение по дежурство,ВАНЯ ИЛИЕВА ИЛИЕВА,
dbcdc609-5c0e-4441-be40-a295ecfaf4b8,24.08.2026 10:24,Галина Христова Нейчева,Разпределение по дежурство,ВАНЯ ИЛИЕВА ИЛИЕВА,
4e5ef1dc-f7c8-43e3-8e4f-f8935a06c1e8,24.08.2026 10:25,Пламен Борисов,Разпределение по дежурство,Милена Карагьозова,
4e5ef1dc-f7c8-43e3-8e4f-f8935a06c1e8,24.08.2026 10:24,Валентина Христова,Разпределение по дежурство,Милена Карагьозова,
4e5ef1dc-f7c8-43e3-8e4f-f8935a06c1e8,24.08.2026 10:24,Ивелина Солакова,Разпределение по дежурство,Милена Карагьозова,
7ab40d90-40d1-4152-a995-d9b1d7eb4e10,24.08.2026 10:28,Катя Стоянова Пенчева,Ръчно разпределение,Веселин Димитров Хаджиев,
7ab40d90-40d1-4152-a995-d9b1d7eb4e10,24.08.2026 10:25,Славейка Атанасова Костадинова,Ръчно разпределение,Веселин Димитров Хаджиев,
7ab40d90-40d1-4152-a995-d9b1d7eb4e10,24.08.2026 10:23,Веселин Ганчев Ганев,Разпределение по дежурство,Веселин Димитров Хаджиев,
d55cf91c-ad4f-4deb-83d8-f2a60b3f7179,24.08.2026 10:22,Мария Златанова,Автоматично,Маргарита Енчева-Иванова,
2eb16800-9f9a-414c-9eb4-09ba479f28bb,24.08.2026 10:34,Гергана Мирчова Симеонова,Автоматично,Лиляна Георгиева,
fc75cf50-72b8-47bf-a06b-0427d9c8ab2b,24.08.2026 10:20,Петър Христов Маргаритов,Автоматично,Тоничка Димитрова Кисьова,
803a5f74-2b13-4b37-b98f-5f2dcf4a1289,24.08.2026 10:21,Катя Стоянова Пенчева,Ръчно разпределение,Веселин Димитров Хаджиев,
803a5f74-2b13-4b37-b98f-5f2dcf4a1289,24.08.2026 10:20,Славейка Атанасова Костадинова,Ръчно разпределение,Веселин Димитров Хаджиев,
803a5f74-2b13-4b37-b98f-5f2dcf4a1289,24.08.2026 10:19,Веселин Ганчев Ганев,Разпределение по дежурство,Веселин Димитров Хаджиев,
fab453be-1b1e-4a93-8abf-f5cfdd586ec7,24.08.2026 10:18,МАРИЕТА ДИМИТРОВА БУШАНДРОВА,Разпределение по дежурство,ДИМИТРИНА ПЕТКОВА КОВАЧЕВА,
64e2e33c-bae9-445e-a490-eb0e6c03665f,24.08.2026 10:21,Весела Тодорова Аврамова,Ръчно разпределение,ВАНЯ ИЛИЕВА ИЛИЕВА,
64e2e33c-bae9-445e-a490-eb0e6c03665f,24.08.2026 10:19,Емилия Атанасова Колева,Разпределение по дежурство,ВАНЯ ИЛИЕВА ИЛИЕВА,
64e2e33c-bae9-445e-a490-eb0e6c03665f,24.08.2026 10:18,Иво Юриев Хинов,Разпределение по дежурство,ВАНЯ ИЛИЕВА ИЛИЕВА,
fc44b567-0bf8-4f9e-9f7d-ee6fda185e7a,24.08.2026 10:17,Олег Софрониев,Разпределение по дежурство,Аделина Троева,
71676e80-a5bd-445d-a2e9-f137a8ad61f1,24.08.2026 10:17,Добрина Петрова,Разпределение по дежурство,Даниела Бориславова Минчева,
8bcf2d2e-3226-433e-ae73-8385e7a05ff4,24.08.2026 10:16,Боян Христов Косев,Ръчно разпределение,Боян Христов Косев,
e1887f9a-470e-4c3e-9183-c923dbc6f1d1,24.08.2026 10:13,РОСИЦА СТОЯНОВА НЕНОВА,Разпределение по дежурство,РОСИЦА СТОЯНОВА НЕНОВА,
4c70e627-41fd-415a-a397-2d745e357b4b,24.08.2026 10:13,Ана Аврамова,Автоматично,Ана Аврамова,
6b6f97da-2bc6-4ff8-a349-c197e6bfd848,24.08.2026 10:14,Весела Тодорова Аврамова,Ръчно разпределение,ВАНЯ ИЛИЕВА ИЛИЕВА,
6b6f97da-2bc6-4ff8-a349-c197e6bfd848,24.08.2026 10:13,Галина Христова Нейчева,Разпределение по дежурство,ВАНЯ ИЛИЕВА ИЛИЕВА,
6b6f97da-2bc6-4ff8-a349-c197e6bfd848,24.08.2026 10:13,Ралица Александрова Райчева,Разпределение по дежурство,ВАНЯ ИЛИЕВА ИЛИЕВА,
1934b528-cdc8-487e-954d-8ae5b5867dd0,24.08.2026 10:12,Камен Георгиев Господинов,Ръчно разпределение,Неделина Ивайлова Банушева,
73e4d72e-0b30-4242-abbe-7b5e38571a02,24.08.2026 10:12,Радосвета Добрева Станимирова,Автоматично,Боян Христов Косев,
3c186755-3a0b-4e5d-b1ba-55ee075eb5c7,24.08.2026 10:14,Донка Янкова Русинова,Разпределение по дежурство,ДИМИТРИНА ПЕТКОВА КОВАЧЕВА,
7fefbf07-1922-4fd3-a489-0106d10a443d,24.08.2026 10:09,Атанас Кеманов,Автоматично,Ани Петрова Иванова,
fbd21dbc-458e-4167-bb20-a2991f92bcf4,24.08.2026 10:08,Цветислава Стайкова,Автоматично,Благовеста Владимирова Симеонова,
dff268ba-6a97-41e5-a046-7aaa02f1ccfe,24.08.2026 11:24,ПЕТЯ ЙОРДАНОВА КОТЕВА,Ръчно разпределение,АНЕТА НИКОЛАЙЧОВА НИКОЛОВА,
dff268ba-6a97-41e5-a046-7aaa02f1ccfe,24.08.2026 11:21,МЕТОДИ КРУМОВ ВЕЛИЧКОВ,Ръчно разпределение,АНЕТА НИКОЛАЙЧОВА НИКОЛОВА,
dff268ba-6a97-41e5-a046-7aaa02f1ccfe,24.08.2026 10:09,КАЛИНА КРЪСТЕВА ФИЛИПОВА,Автоматично,ПЕТЯ ЙОРДАНОВА КОТЕВА,
4527a5c8-d51e-4f32-9668-9c643f8b849c,24.08.2026 10:06,Христо Милков Минев,Разпределение по дежурство,Христина Владева Кирилова,
9cdcf138-749f-443c-b719-89339cd17850,24.08.2026 10:07,Валя Цуцакова,Автоматично,АНАСТАСИЯ ПАСКОВА ГЕОРГИЕВА,
e48fb85a-68a9-45e2-a28f-f7e94925b3e2,24.08.2026 10:04,Златка Чолева,Разпределение по дежурство,Красимир Мазгалов,
632a5cb3-e5ca-498f-ac5d-891e93eda07f,24.08.2026 10:02,Веселин Христов Коларов,Автоматично,ГАЛИНА СЛАВОВА ГЕОРГИЕВА,
deddf6a1-a89a-4c89-b270-20f044be9288,24.08.2026 10:00,Емил Василев Николаев,Автоматично,Павлина Йорданова Кралева,
ea4a0f09-05a4-42ae-b948-0fb9953738e7,24.08.2026 09:58,Блага Бозова,Автоматично,Благовеста Владимирова Симеонова,
86604957-6dae-4e8c-aaa7-5add1909e0ef,24.08.2026 10:13,Соня Камарашка,Автоматично,Соня Камарашка,
7127fc7f-af77-4ee1-94fd-337b92071441,24.08.2026 10:11,Огнян Евгениев,Автоматично,Соня Камарашка,
65e1defd-5b4f-4a47-b3d6-cf4ce0fe755e,24.08.2026 10:10,Соня Камарашка,Автоматично,Соня Камарашка,
76cf2353-dc1f-4f00-8526-a0736ca9065f,24.08.2026 13:59,Димитър Манджуров,Автоматично,Благовеста Владимирова Симеонова,
76cf2353-dc1f-4f00-8526-a0736ca9065f,24.08.2026 09:56,Цветислава Стайкова,Автоматично,Благовеста Владимирова Симеонова,
24902dde-5eaa-4452-9d8f-5acc9852d33f,24.08.2026 09:57,Петър Стоицев,Ръчно разпределение,САВЕЛИЯ РУМЕНОВА МИХАЛКОВА,
984c8b4f-b7e3-4360-a6eb-c9cffc3692d5,24.08.2026 09:55,ГАЛЯ ИВАНОВА МИТЕВА,Разпределение по дежурство,ГАЛЯ ИВАНОВА МИТЕВА,
f596cad8-9932-484c-80f3-43c4a2518b3b,24.08.2026 09:53,Добрина Петрова,Разпределение по дежурство,Даниела Бориславова Минчева,
1b04b4ff-cd2d-452c-bdf9-7d7a3db7d5a7,24.08.2026 09:52,Теофана Спасова,Разпределение по дежурство,Димитрия Тодорова Андреева,
d7db4076-51ba-4d60-89c3-ff9d8fb33614,24.08.2026 09:51,МИЛЕНА АЛЕКСИЕВА,Разпределение по дежурство,МИЛЕНА АЛЕКСИЕВА,
aea9149f-b9fd-479e-804c-86766da46c84,24.08.2026 09:51,МИЛЕНА ВЪЛЧЕВА,Автоматично,МАГДАЛЕНА СТАНЧЕВСКА,
a0df454d-4c9c-4d76-801a-cb5f2a534211,24.08.2026 09:49,Милена Иванова Семерджиева,Автоматично,Иван Христов Христов,
c77f5a6a-2e79-4f9b-b404-74f9a02913eb,24.08.2026 09:51,Тодор Минов,Автоматично,Благовеста Владимирова Симеонова,
34d414d8-f737-4978-a188-a785f37631b3,24.08.2026 09:48,Петър Теодосиев,Автоматично,АНА НИКОЛОВА ЗАГОРЧИНА,
924433cf-1abf-4b96-b8e5-ff3b48e1f067,24.08.2026 09:47,ЙОРДАН ПАВЛОВ ИВАНОВ,Автоматично,ЙОРДАН ПАВЛОВ ИВАНОВ,
c2f1f3c2-9c00-4312-9d80-67fa7ce61b4b,24.08.2026 09:47,Илияна Цветкова Тодорова Аловска,Автоматично,НАТАЛИЯ ПЕТКОВА ПЕТКОВА,
c7ee1ed6-8e80-4573-801c-e72e59c40576,24.08.2026 09:46,Стою Христов Згуров,Автоматично,АНА НИКОЛОВА ЗАГОРЧИНА,
65f84019-cce1-4304-b9de-d659bad6fc43,24.08.2026 09:45,Стою Христов Згуров,Автоматично,АНА НИКОЛОВА ЗАГОРЧИНА,
c075a159-b3c9-4ff0-a077-6142e6be8184,24.08.2026 09:46,АНГЕЛ ГЕОРГИЕВ ПАВЛОВ,Автоматично,ЙОРДАН ПАВЛОВ ИВАНОВ,
df1779be-aa5a-4e10-99f2-480e01901c34,24.08.2026 09:44,Милена Богданова,Автоматично,АНА НИКОЛОВА ЗАГОРЧИНА,
0f70a4b1-7521-4aae-b729-7de902dcb958,24.08.2026 09:45,Иво Юриев Хинов,Автоматично,САВЕЛИЯ РУМЕНОВА МИХАЛКОВА,
e6377ba1-a210-45ef-b5cf-8f27cbf9dad0,24.08.2026 09:43,Цветанка Бенина,Автоматично,АНА НИКОЛОВА ЗАГОРЧИНА,
3395e9c5-2565-45e2-b6b2-4b2873e54391,24.08.2026 09:41,Анелия Стефанова Янева,Автоматично,АНА НИКОЛОВА ЗАГОРЧИНА,
3ba78578-e966-4274-9442-2572e7fa9c1d,24.08.2026 09:41,ИВИАНА ДИМЧЕВА,Автоматично,ВЕЛИНА ВЛАДИМИРОВА КАРАГЕОРГИЕВА,
78df0893-ad2f-4b4f-ad3d-be32af3af8e9,24.08.2026 09:38,ИВИАНА ДИМЧЕВА,Разпределение по дежурство,ВЕЛИНА ВЛАДИМИРОВА КАРАГЕОРГИЕВА,
4a19d645-53f5-400b-8667-d5e0630f2733,24.08.2026 15:12,МАРИНА КИРИЛОВА СЕМОВА,Автоматично,ДИМИТЪР ВАСИЛЕВ ВАСИЛЕВ,
ca40713a-8b5d-4222-a410-e05b7bc7db6d,24.08.2026 09:37,ГЕОРГИ СТОЯНОВ ГЕОРГИЕВ,Разпределение по дежурство,ВЕЛИНА ВЛАДИМИРОВА КАРАГЕОРГИЕВА,
77a2541c-9cdb-497a-a98c-6e747b424714,24.08.2026 09:58,Иво Дачев,Ръчно разпределение,Ани Петрова Иванова,
77a2541c-9cdb-497a-a98c-6e747b424714,24.08.2026 09:58,Дияна Ценева,Ръчно разпределение,Ани Петрова Иванова,
77a2541c-9cdb-497a-a98c-6e747b424714,24.08.2026 09:56,Диана Коледжикова,Разпределение по дежурство,Ани Петрова Иванова,
77a2541c-9cdb-497a-a98c-6e747b424714,24.08.2026 09:36,Гергана Никова,Автоматично,Ани Петрова Иванова,
1081eec3-abb1-43ef-8581-a0c6e8829be9,24.08.2026 11:10,Георги Христов Иванов,Ръчно разпределение,Кристиян Мончев Монев,
1081eec3-abb1-43ef-8581-a0c6e8829be9,24.08.2026 09:37,Петя Георгиева Георгиева Стоянова,Разпределение по дежурство,Кристиян Мончев Монев,
59ba21de-5858-4f7c-83c3-b371cf3968dd,24.08.2026 09:36,Мария Максимова Караджова,Автоматично,Мария Максимова Караджова,
bb3f96b3-4d33-407c-bd6c-77b9290b26a1,24.08.2026 09:35,Борислава Славчева Борисова,Автоматично,Борислава Славчева Борисова,
1a35805b-7d7f-452b-88e9-fcf70fa632e1,24.08.2026 09:35,Елена Светлинова Шипковенска,Автоматично,АНА НИКОЛОВА ЗАГОРЧИНА,
e073f1f7-3c21-40f3-8706-ff4c4a8196a5,24.08.2026 09:34,Пламен Колев,Автоматично,АНА НИКОЛОВА ЗАГОРЧИНА,
90122573-f4d3-48ba-9ab1-86fa7880db77,24.08.2026 09:33,Блага Бозова,Ръчно разпределение,Блага Бозова,
9c86c9bd-d979-4f88-9510-d03ce50cab8b,24.08.2026 09:32,Димитринка Емилова Купринджийска,Разпределение по дежурство,Цветанка Христова Маринова,
4acbe107-872f-45df-b236-88ae064b85f3,24.08.2026 09:32,Илиана Станкова,Автоматично,АНА НИКОЛОВА ЗАГОРЧИНА,
bb4bcc0a-4441-4d33-bf71-9212850d01e7,24.08.2026 09:32,Блага Бозова,Ръчно разпределение,Блага Бозова,
2d013914-c141-4e30-baa9-7da5fd299cb6,24.08.2026 09:31,Атанас Маджев,Автоматично,АНА НИКОЛОВА ЗАГОРЧИНА,
cd5580b6-c90b-4c64-b1b0-692a7f94553a,24.08.2026 09:31,Блага Бозова,Ръчно разпределение,Блага Бозова,
252d3a9c-41b3-4127-896a-77518cb73c05,24.08.2026 09:30,Нели Алексиева,Автоматично,АНА НИКОЛОВА ЗАГОРЧИНА,
04b76f92-b6df-4fcc-851c-79fde22a618c,24.08.2026 09:29,Мая Банчева,Автоматично,Силвия Николова Арабаджиева,
dc9989d0-98fd-4889-af83-6ff214a73d70,24.08.2026 09:28,СИЛВИЯ ЦВЕТКОВА КРЪСТЕВА,Автоматично,ВЕРГИНИЯ НИКОЛАЕВА ПЕТКОВА,
1c91a3c5-43ca-49b6-abfd-58f3679dfd19,24.08.2026 09:27,Мая Банчева,Автоматично,Силвия Николова Арабаджиева,
2a7305d0-0cb8-48e9-848f-d41f2242a73b,24.08.2026 09:27,Теофана Спасова,Разпределение по дежурство,Димитрия Тодорова Андреева,
c8d22c80-39cc-4497-83f8-8fbc6bd72a7a,24.08.2026 09:27,Веселин Пламенов Атанасов,Автоматично,Мария Атанасова Минчева,
0fb72bab-d7d0-4ec8-84cc-d5d7995546b8,24.08.2026 09:26,Дияна Златева-Найденова,Автоматично,Маргарита Дошкова,
6ebb75c1-5880-4d0e-b847-15a03892e32b,24.08.2026 09:26,Велина Иванова Ангелова,Автоматично,Татяна Анастасова Вълкова,
4533ad5d-be42-47b3-9015-8ff23963f186,24.08.2026 09:26,Пламен Неделчев Димитров,Автоматично,Люба Стоянова Стоилкова,
4533ad5d-be42-47b3-9015-8ff23963f186,24.08.2026 09:25,Десислава Георгиева Петрова,Автоматично,Люба Стоянова Стоилкова,
4533ad5d-be42-47b3-9015-8ff23963f186,24.08.2026 09:25,Кремена Иванова Краева,Автоматично,Люба Стоянова Стоилкова,
3d01cee3-5518-4697-adc4-7382381b0b2f,24.08.2026 09:25,Красимир Стефанов Комсалов,Ръчно разпределение,Магдалена Лазарова Машева,
ff2dbabd-c6c1-421f-b0f7-fceb9949ea2f,24.08.2026 09:25,Андрей Иванов Николов,Автоматично,Силвия Николова Арабаджиева,
cfef6ed5-1de2-49ce-bf64-e9a5891d877f,24.08.2026 09:24,Христо Милков Минев,Разпределение по дежурство,АНАСТАСИЯ ПАСКОВА ГЕОРГИЕВА,
d17843c0-fd6c-4764-9167-d9478f061734,24.08.2026 09:24,Маргарита Пламенова Алексиева,Автоматично,Мая Василева Гиздова,
22a2265f-4f18-4a3e-9c47-4cc5e27cdd30,24.08.2026 09:24,Зорница Николова Тухчиева - Вангелова,Ръчно разпределение,Мария Атанасова Минчева,
2539a869-f7a8-4092-943f-ba2c14094cb4,24.08.2026 09:24,Зорница Николова Тухчиева - Вангелова,Ръчно разпределение,Мария Атанасова Минчева,
57758d23-08c0-46df-bdc8-9c4b85b9fedc,24.08.2026 09:23,Мая Василева Гиздова,Разпределение по дежурство,Мая Василева Гиздова,
4d09794b-24e9-4fb4-9ebe-9709acd4abd1,24.08.2026 09:23,Йорданка Георгиева Майска Иванова,Автоматично,Дияна Димова Христова,
c61fff84-4281-44c6-940d-a6cd344043b8,24.08.2026 09:24,Милен Михайлов,Автоматично,САВЕЛИЯ РУМЕНОВА МИХАЛКОВА,
213108be-3ef0-4d74-9316-52adec02a00c,24.08.2026 09:24,Десислава Георгиева Петрова,Автоматично,Люба Стоянова Стоилкова,
213108be-3ef0-4d74-9316-52adec02a00c,24.08.2026 09:23,Кремена Иванова Краева,Автоматично,Люба Стоянова Стоилкова,
213108be-3ef0-4d74-9316-52adec02a00c,24.08.2026 09:23,Ясен Даниелов Кръстев,Автоматично,Люба Стоянова Стоилкова,
35f08087-65ec-4fbe-b2c7-febd04b7c542,24.08.2026 09:23,Красимир Стефанов Комсалов,Ръчно разпределение,Магдалена Лазарова Машева,
dc24a36c-6f7a-48cf-af6f-ea3936a3954d,24.08.2026 09:23,Мая Василева Гиздова,Автоматично,Мая Василева Гиздова,
503a8040-ea9a-4ed4-953c-d459d774e067,24.08.2026 09:23,Зорница Николова Тухчиева - Вангелова,Ръчно разпределение,Мария Атанасова Минчева,
46397d4a-fd9b-4c77-becd-57e73eee2309,24.08.2026 09:21,Пламен Неделчев Димитров,Автоматично,Люба Стоянова Стоилкова,
bd06a1c9-f1b3-462f-a7eb-37995ea96c87,24.08.2026 09:21,Пламен Колев,Автоматично,АНА НИКОЛОВА ЗАГОРЧИНА,
31013421-cd63-4538-affd-c08bcfbf07bf,24.08.2026 09:21,Красимир Стефанов Комсалов,Ръчно разпределение,Магдалена Лазарова Машева,
510439ce-2c92-49e9-b36e-5c88c7c6388e,24.08.2026 09:19,Елена Светлинова Шипковенска,Автоматично,АНА НИКОЛОВА ЗАГОРЧИНА,
f720c020-5039-463f-ba88-ef6c1c936bf9,24.08.2026 09:19,Мая Василева Гиздова,Разпределение по дежурство,Мая Василева Гиздова,
b84446ea-fa3e-4252-a54f-9332df6ca0b3,24.08.2026 09:19,Минка Петкова Трънджиева,Разпределение по дежурство,Тодор Руменов Коев,
c6587e27-a611-49ee-91a1-d58e47973f10,24.08.2026 09:18,Красимир Стефанов Комсалов,Ръчно разпределение,Магдалена Лазарова Машева,
e9c4aed4-202d-499e-a360-98d9acb65209,24.08.2026 09:19,Емилия Лалева,Автоматично,Галя Пильова,
c6cf4434-f8db-4462-85dd-ecc9c6853594,24.08.2026 09:17,Грета Чакалова,Автоматично,Симеон Захариев,
d93ff0e1-f734-425c-81fa-f45b4cbfac91,24.08.2026 09:17,Минка Петкова Трънджиева,Автоматично,Тодор Руменов Коев,
cdd8ecb9-6ff6-4b3e-9b84-6a440a504e98,24.08.2026 09:16,Светослав Василев,Автоматично,АНА НИКОЛОВА ЗАГОРЧИНА,
6d3ef772-d5f7-4887-a60d-3f1f579ad07f,24.08.2026 09:16,Красимир Стефанов Комсалов,Ръчно разпределение,Магдалена Лазарова Машева,
a439a2de-6ab3-483e-aaca-5b9ed023f78b,24.08.2026 09:16,Добрина Петрова,Разпределение по дежурство,Даниела Бориславова Минчева,
8461e39c-8c12-4f61-b9ff-2a38853f110f,24.08.2026 09:18,ВЕСЕЛИНА ИВАНОВА ДИМЧЕВА,Разпределение по дежурство,ВАНЯ ПЕТКОВА ГЕОРГИЕВА,
96ae764e-5dae-48a2-8b32-6f396268ef6b,24.08.2026 09:14,Красимир Стефанов Комсалов,Ръчно разпределение,Магдалена Лазарова Машева,
9bf4cd6b-040e-46d9-b0c1-71690fbc753b,24.08.2026 09:14,Цвета Желязкова,Автоматично,АНА НИКОЛОВА ЗАГОРЧИНА,
56d4f00f-d9af-4c09-80ac-735c0d287710,24.08.2026 09:13,Атанас Маджев,Автоматично,АНА НИКОЛОВА ЗАГОРЧИНА,
34ee6080-556e-4297-b245-963a93d44e51,24.08.2026 09:13,Добрина Петрова,Разпределение по дежурство,Даниела Бориславова Минчева,
0a05697b-089e-4c24-bb4b-7b7bfc1e012a,24.08.2026 09:12,Красимир Стефанов Комсалов,Ръчно разпределение,Магдалена Лазарова Машева,
d9eef957-b1f3-4f70-8e6c-97d32fab4ed7,24.08.2026 09:12,Илиана Станкова,Автоматично,АНА НИКОЛОВА ЗАГОРЧИНА,
e36d9cf1-bb44-4a96-8d09-b84ab4189f72,24.08.2026 09:11,Ружена Керанова,Автоматично,Радослав Йорданов Дойчинов,
e23407bb-9f68-432c-9941-fa004450fa3a,24.08.2026 09:11,Венелин Димитров Николаев,Разпределение по дежурство,Венелин Димитров Николаев,
e64ca81f-630b-4f89-8bf4-8425d74f232a,24.08.2026 09:10,Стою Христов Згуров,Автоматично,АНА НИКОЛОВА ЗАГОРЧИНА,
01e48b67-7b77-48b0-9fc0-a3ccfb677e04,24.08.2026 09:10,Красимира Медарова,Автоматично,Радослав Йорданов Дойчинов,
b29e845e-e980-4822-99eb-c54a050b8505,24.08.2026 09:10,Добрина Петрова,Разпределение по дежурство,Даниела Бориславова Минчева,
098d4240-aa4f-43a6-8ab9-d4a43b85dfcd,24.08.2026 09:09,Нели Маринова,Автоматично,АНА НИКОЛОВА ЗАГОРЧИНА,
50fcef05-cfeb-49db-a204-8582518c4821,24.08.2026 09:09,Иво Василев Добрев,Автоматично,Диляна Парушева Стоянова,
71ea2519-e1fb-4563-8501-29f26766c693,24.08.2026 09:08,Христина Михова,Автоматично,Радослав Йорданов Дойчинов,
75c69e99-ba8e-4a11-b1a4-c617b536d912,24.08.2026 09:08,Емилия Лалева,Автоматично,Галя Пильова,
1e82d99f-8ab7-42c6-8800-5405629e18a0,24.08.2026 09:06,Добрина Петрова,Разпределение по дежурство,Даниела Бориславова Минчева,
299f0710-7c0a-4295-8968-dc3133b7f0bc,24.08.2026 09:05,Емилиян Кирилов Ангелов,Разпределение по дежурство,Лидия Иванова Петрова,
85a17f81-2769-4c33-86e4-ed80825f01ce,24.08.2026 09:03,Красимир Стефанов Комсалов,Ръчно разпределение,Магдалена Лазарова Машева,
02b012f4-d2ed-413f-aaae-d427ddcc3a9c,24.08.2026 09:01,Невена Иванова Несторова,Автоматично,Мариана Георгиева Генова,
34e1831d-feee-4d4b-81bc-5d64f77f7ae0,24.08.2026 09:01,РОСЕН КИРИЛОВ ЖЕЛЯЗКОВ,Автоматично,РОСИЦА СТОЯНОВА НЕНОВА,
47858d68-14be-4ff4-9b0c-b0aa16894fa0,24.08.2026 09:01,Димитър Иванов Стратиев,Автоматично,Цонка Михайлова Дребчева,
cf6d9cac-59a1-43ea-b239-3f90c9e7c7e3,24.08.2026 09:00,Ерна Якова-Павлова,Автоматично,Неделина Ивайлова Банушева,
dadc3cf5-655d-4b2f-a69f-efb0aa288129,24.08.2026 09:00,РОСЕН КИРИЛОВ ЖЕЛЯЗКОВ,Автоматично,РОСИЦА СТОЯНОВА НЕНОВА,
cbeec486-80cc-42ab-aba7-155be71d7a84,24.08.2026 09:00,Магдалена Давидова Янева,Автоматично,Евгения Мечева,
c679482f-68ac-466c-a1c0-864b7a069bfb,24.08.2026 08:59,Марин Цвятков Атанасов,Автоматично,Неделина Ивайлова Банушева,
81ba932b-c010-4158-9042-d2a5ad31c010,24.08.2026 08:59,Стоян Константинов Попов,Автоматично,Неделина Ивайлова Банушева,
a45cd97c-e3cc-4c56-b74e-14f5bbe812f3,24.08.2026 08:58,СЛАВЧО АСЕНОВ ДИМИТРОВ,Автоматично,Цонка Михайлова Дребчева,
5f66cd5d-d118-406d-9660-ef0e4b99a451,24.08.2026 08:57,Димитър Чардаков,Автоматично,Галя Пильова,
b1e8decb-afef-422b-a96f-a629ebf1bdf1,24.08.2026 08:58,Марин Цвятков Атанасов,Автоматично,Неделина Ивайлова Банушева,
4fe9d0d0-93d7-42fd-80e3-0371f5c9e4d2,24.08.2026 14:36,Петър Лазаров Мичев,Ръчно разпределение,Пенка Николаева Братанова,
4fe9d0d0-93d7-42fd-80e3-0371f5c9e4d2,24.08.2026 14:35,Пенка Николаева Братанова,Ръчно разпределение,Пенка Николаева Братанова,
4fe9d0d0-93d7-42fd-80e3-0371f5c9e4d2,24.08.2026 08:54,Надя Спасова Георгиева,Автоматично,Пенка Николаева Братанова,
2388b853-a598-49c0-b0ef-59b57e628df6,24.08.2026 08:52,Теодора Шишкова,Автоматично,Христина Владева Кирилова,
ce1a4df0-bbfa-40f0-8960-c8f5dbdf07b0,24.08.2026 08:47,Радостина Методиева,Автоматично,Христина Владева Кирилова,
eb054541-27ba-4269-9c93-a14a04975b2f,24.08.2026 08:44,Диана Сотирова Танкова,Автоматично,Веселина Димитрова Хаджиева,
ec8aa353-eca9-4786-b4ff-03d4ec458c53,24.08.2026 08:38,Камен Георгиев Гатев,Автоматично,Цветанка Куленска,
e8c8ae1d-711a-425c-811c-94e2b3ef696b,24.08.2026 08:36,Добрина Петрова,Разпределение по дежурство,Даниела Бориславова Минчева,
328adce3-f91e-4bdb-a1d3-e73881fc9c4a,24.08.2026 08:36,Красимир Лесенски,Автоматично,Цветанка Куленска,
926abaf5-7bee-426b-a370-c170978a6ade,24.08.2026 08:34,Таня Петкова,Автоматично,Цветанка Куленска,
4f9cda1a-fe3c-4efd-9d0b-6ae415272ef9,24.08.2026 08:32,Камен Георгиев Гатев,Автоматично,Цветанка Куленска,
37b54f38-92ed-4611-8804-5a68e7d88719,24.08.2026 08:31,Красимир Лесенски,Автоматично,Цветанка Куленска,
9684d780-0c41-4b71-9ade-a69f35a389d2,24.08.2026 08:30,Георги Митев,Ръчно разпределение,Веселина Николова Тодорова,
30af1ad3-b38c-401b-acd4-6b25b319d03d,24.08.2026 08:31,Добрина Петрова,Разпределение по дежурство,Даниела Бориславова Минчева,
00d99db6-1dfb-48ec-8e23-582c4736f3db,24.08.2026 08:28,Красимир Лесенски,Автоматично,Цветанка Куленска,
0e648e84-1704-42e4-9172-24d784d2bdf6,24.08.2026 08:25,Елисавета Радина,Автоматично,Цветанка Куленска,
f7d57c0e-5c77-4095-bc39-e036b042f0cb,24.08.2026 08:22,Добрина Петрова,Разпределение по дежурство,Даниела Бориславова Минчева,
767934fd-14b3-4252-b928-c77d85c697b0,24.08.2026 08:12,Валя Цуцакова,Автоматично,Христина Владева Кирилова,
114db8d1-6a09-4bf1-a7a5-990170f31d16,24.08.2026 08:14,МИЛЕНА ВЪЛЧЕВА,Автоматично,МАГДАЛЕНА СТАНЧЕВСКА,
114db8d1-6a09-4bf1-a7a5-990170f31d16,24.08.2026 08:14,ИВАН ИВАНОВ,Автоматично,МАГДАЛЕНА СТАНЧЕВСКА,
114db8d1-6a09-4bf1-a7a5-990170f31d16,24.08.2026 08:12,МАГДАЛЕНА СТАНЧЕВСКА,Автоматично,МАГДАЛЕНА СТАНЧЕВСКА,
849d3d36-2383-4dde-b6ef-463bca75c55e,24.08.2026 08:10,Димо Цолов,Автоматично,АНАСТАСИЯ ПАСКОВА ГЕОРГИЕВА,
4ec14f41-0c86-412d-892e-f2ac0637f7e0,24.08.2026 08:07,Ивелина Христова - Желева,Автоматично,Христина Владева Кирилова,
67ba9cdb-b8a6-436c-993b-8ad720fa10b4,24.08.2026 08:03,Валентин Пушевски,Автоматично,Христина Владева Кирилова,
059f7922-8626-4d04-8300-2152ee4ab46f,24.08.2026 08:07,Стояна Илиева,Автоматично,Христина Владева Кирилова,
75658cfe-2d0a-4fc4-8ccc-50e18b662d53,24.08.2026 12:26,Станислава Стоева,АР,Янка Ганчева,
0da8e21e-ad1d-4d47-a08b-e4e7d30fc424,24.08.2026 12:22,Наталия Дичева,АР,Янка Ганчева,
7f1a8ca5-7102-4e12-85fe-60961c0ae552,23.08.2026 16:57,АЛБЕНА ТАКОВА МОМЧИЛОВА,Ръчно разпределение,АЛБЕНА ТАКОВА МОМЧИЛОВА,
2574317b-dbe1-4040-ad4e-630dfa226796,23.08.2026 16:56,АЛБЕНА ТАКОВА МОМЧИЛОВА,Разпределение по дежурство,АЛБЕНА ТАКОВА МОМЧИЛОВА,
535223f5-b277-4378-97be-7d3e93095f0d,23.08.2026 16:38,Виктор Бисеров Чаушев,Ръчно разпределение,Весела Йоткова Николова,
e096597b-655c-458c-84c7-4ccc60d1754d,23.08.2026 16:36,Виктор Бисеров Чаушев,Ръчно разпределение,Весела Йоткова Николова,
e673797d-8e6f-458a-b842-be2dd9585710,23.08.2026 16:34,Виктор Бисеров Чаушев,Ръчно разпределение,Весела Йоткова Николова,
30cf7255-f6df-4d91-b934-a8e26931e91f,23.08.2026 16:28,АЛБЕНА ТАКОВА МОМЧИЛОВА,Разпределение по дежурство,АЛБЕНА ТАКОВА МОМЧИЛОВА,
36a6ef81-2716-484c-a1da-21f7cbff60c7,23.08.2026 16:04,Спасимир Спасов Здравчев,Ръчно разпределение,Спасимир Спасов Здравчев,
27c71419-9805-4a44-8c98-aae6c28903ae,23.08.2026 14:54,АЛБЕНА ТАКОВА МОМЧИЛОВА,Ръчно разпределение,АЛБЕНА ТАКОВА МОМЧИЛОВА,
553430f2-e087-47ec-9afc-8e0c9bbe81dd,23.08.2026 14:52,АЛБЕНА ТАКОВА МОМЧИЛОВА,Ръчно разпределение,АЛБЕНА ТАКОВА МОМЧИЛОВА,
33b0cbbd-43b5-4c55-bece-7d54cac946a9,23.08.2026 14:46,АЛБЕНА ТАКОВА МОМЧИЛОВА,Разпределение по дежурство,АЛБЕНА ТАКОВА МОМЧИЛОВА,
dbe03f91-36de-4234-ac19-8fbb83f3383d,23.08.2026 14:28,ТОДОР ДИМИТРОВ МИТЕВ,Разпределение по дежурство,ТОДОР ДИМИТРОВ МИТЕВ,
2fd00a97-2e08-4bb4-85a8-5132e67d796c,23.08.2026 12:48,Виктор Бисеров Чаушев,Ръчно разпределение,Весела Йоткова Николова,
1a96ffdb-c620-4b96-8db5-41dac141f73b,23.08.2026 12:45,Кристиан Димитров Колев,Разпределение по дежурство,Валентина Иванова Сиракова,
fc553307-61fb-41a3-b267-fdd8524ef15e,23.08.2026 12:37,Кристиан Димитров Колев,Разпределение по дежурство,Валентина Иванова Сиракова,
3e716d2e-e01f-4f3c-9bcb-6fcfbdaf0751,23.08.2026 12:07,АЛБЕНА ТАКОВА МОМЧИЛОВА,Разпределение по дежурство,АЛБЕНА ТАКОВА МОМЧИЛОВА,
6c7d6ded-b3f0-42db-aa90-4d27a2b36a81,23.08.2026 11:53,ТОДОР ДИМИТРОВ МИТЕВ,Разпределение по дежурство,ТОДОР ДИМИТРОВ МИТЕВ,
456d85e7-0254-46d3-bf78-9076d09ae1c6,23.08.2026 11:37,Тодор Минов,Разпределение по дежурство,Тодор Минов,
38d3b9e6-ac1a-4baf-ae92-29bb578a7964,23.08.2026 11:36,Тодор Минов,Разпределение по дежурство,Тодор Минов,
44b3fdde-4a11-4cbb-99dc-baf25f2c67a4,23.08.2026 11:35,Тодор Минов,Разпределение по дежурство,Тодор Минов,
028d737f-e984-410b-b46b-f60c329d547a,23.08.2026 11:29,Стефка Томова Пашова,Разпределение по дежурство,Стефка Томова Пашова,
71e8f36f-a5d7-4ca5-bb76-45cfe5ba2e48,23.08.2026 11:28,Стефка Томова Пашова,Разпределение по дежурство,Стефка Томова Пашова,
4c85f9a6-57a1-4192-b549-3ffce06c7b3f,23.08.2026 11:23,ТОДОР ДИМИТРОВ МИТЕВ,Разпределение по дежурство,ТОДОР ДИМИТРОВ МИТЕВ,
46ca9599-09dc-401a-b846-1d96785d7c07,23.08.2026 11:14,ТОДОР ДИМИТРОВ МИТЕВ,Разпределение по дежурство,ТОДОР ДИМИТРОВ МИТЕВ,
1dab98dc-43e4-4322-a69b-7fe843af381e,23.08.2026 11:11,ТОДОР ДИМИТРОВ МИТЕВ,Разпределение по дежурство,ТОДОР ДИМИТРОВ МИТЕВ,
ee743492-da43-4791-9ab0-883a6013ee39,23.08.2026 11:02,ТОДОР ДИМИТРОВ МИТЕВ,Разпределение по дежурство,ТОДОР ДИМИТРОВ МИТЕВ,
8676d788-c579-4c76-81c0-37939689576c,23.08.2026 11:00,ВЛАДИМИР ДОБРЕВ СТОЯНОВ,Ръчно разпределение,ВЛАДИМИР ДОБРЕВ СТОЯНОВ,
c14eaa81-3cc6-4e97-a915-a25ba9bf9ddf,22.08.2026 17:20,ДЕЛЯН ЛЮБОМИРОВ ДИЛКОВ,Ръчно разпределение,ДЕЛЯН ЛЮБОМИРОВ ДИЛКОВ,
9fd07dd3-1279-442d-bdf7-2cf9dbe07f73,22.08.2026 17:09,ДЕЛЯН ЛЮБОМИРОВ ДИЛКОВ,Ръчно разпределение,ДЕЛЯН ЛЮБОМИРОВ ДИЛКОВ,
71c17c94-f4d7-4c9b-b17f-1f880da62fc2,22.08.2026 17:09,ДЕЛЯН ЛЮБОМИРОВ ДИЛКОВ,Ръчно разпределение,ДЕЛЯН ЛЮБОМИРОВ ДИЛКОВ,
25130183-b647-408e-8a9a-9691bca45e9e,22.08.2026 17:05,ДЕЛЯН ЛЮБОМИРОВ ДИЛКОВ,Ръчно разпределение,ДЕЛЯН ЛЮБОМИРОВ ДИЛКОВ,
bae5e830-3289-4117-9d18-cd565b4bfe62,22.08.2026 17:04,ДЕЛЯН ЛЮБОМИРОВ ДИЛКОВ,Ръчно разпределение,ДЕЛЯН ЛЮБОМИРОВ ДИЛКОВ,
3b807586-ac97-4e16-99f4-bf32a4683306,22.08.2026 17:00,ДЕЛЯН ЛЮБОМИРОВ ДИЛКОВ,Разпределение по дежурство,ДЕЛЯН ЛЮБОМИРОВ ДИЛКОВ,
36641983-d347-4c16-aad3-5eef8c5f5dec,22.08.2026 16:30,Пламен Димитров Петков,Разпределение по дежурство,Пламен Димитров Петков,
5efa3ae7-a7be-4490-bd0a-2bc0565d9d92,22.08.2026 15:05,Тодор Минов,Разпределение по дежурство,Тодор Минов,
ff3ae6cf-1b75-4639-8f26-7d7a7efb617c,22.08.2026 15:05,Тодор Минов,Разпределение по дежурство,Тодор Минов,
23514688-04c3-4e48-8808-b42f5cf1dfa1,22.08.2026 15:04,Тодор Минов,Разпределение по дежурство,Тодор Минов,
90d4f287-e7c3-47f8-8af1-853d4d729a13,22.08.2026 15:02,ДЕЛЯН ЛЮБОМИРОВ ДИЛКОВ,Разпределение по дежурство,ДЕЛЯН ЛЮБОМИРОВ ДИЛКОВ,
59fce1f0-b53e-420f-98a9-b13eb9f1e53c,22.08.2026 14:40,Борислав Методиев Методиев,Автоматично,Борислав Методиев Методиев,
16563d88-4ff3-4146-85a0-57aecd4f159b,22.08.2026 14:33,ДЕЛЯН ЛЮБОМИРОВ ДИЛКОВ,Разпределение по дежурство,ДЕЛЯН ЛЮБОМИРОВ ДИЛКОВ,
6f8ae357-6d1a-4f3a-bc61-547ad57ae2d2,22.08.2026 14:32,ДЕЛЯН ЛЮБОМИРОВ ДИЛКОВ,Разпределение по дежурство,ДЕЛЯН ЛЮБОМИРОВ ДИЛКОВ,
6a1e965a-f492-4492-abe6-47ab09d32f54,22.08.2026 14:33,Пламен Георгиев Ченджиев,Автоматично,Кристиан Бориславов Гюрчев,
254c9930-b010-4f00-b025-8fa066c8d7fe,22.08.2026 14:31,ДЕЛЯН ЛЮБОМИРОВ ДИЛКОВ,Разпределение по дежурство,ДЕЛЯН ЛЮБОМИРОВ ДИЛКОВ,
f16cae19-1c19-45da-92cd-87747c3c342d,22.08.2026 14:29,Кристиан Бориславов Гюрчев,Автоматично,Кристиан Бориславов Гюрчев,
19284c43-2ad6-424d-919a-d57fc5d11936,22.08.2026 14:03,Стефка Томова Пашова,Разпределение по дежурство,Стефка Томова Пашова,
ef18a8fd-dd4a-48c4-9161-20b2b859dba6,22.08.2026 13:53,Спасимир Спасов Здравчев,Ръчно разпределение,Спасимир Спасов Здравчев,
1167834e-c7b1-4555-8e06-773e9ecaf671,22.08.2026 13:50,Стефка Томова Пашова,Разпределение по дежурство,Стефка Томова Пашова,
c19b56a0-a135-4729-8ffc-8405f405fdba,22.08.2026 13:48,Стефка Томова Пашова,Разпределение по дежурство,Стефка Томова Пашова,
a7586e30-87d9-4fdb-9d74-fd30f3428908,22.08.2026 13:47,Спасимир Спасов Здравчев,Ръчно разпределение,Спасимир Спасов Здравчев,
b0172755-1361-4177-8f2c-e2defbda7db6,22.08.2026 13:47,ТОДОР ДИМИТРОВ МИТЕВ,Разпределение по дежурство,ТОДОР ДИМИТРОВ МИТЕВ,
c2c72027-7248-4e7f-9b0a-7d02a2887a02,22.08.2026 13:46,Спасимир Спасов Здравчев,Ръчно разпределение,Спасимир Спасов Здравчев,
d5f406ed-27ab-4b61-b9b5-ddfab0d7c76f,22.08.2026 13:40,ТОДОР ДИМИТРОВ МИТЕВ,Разпределение по дежурство,ТОДОР ДИМИТРОВ МИТЕВ,
cabd7590-8b33-4519-b2d8-d1ff9448dfd4,22.08.2026 13:06,Кристиан Димитров Колев,Разпределение по дежурство,Ирена Георгиева Евстатиева,
2f715c83-a254-49d7-8422-e0e8855b7aab,22.08.2026 13:02,Кристиан Димитров Колев,Разпределение по дежурство,Ирена Георгиева Евстатиева,
d9d0a92a-f300-41f6-9ff7-5bfcb5351725,22.08.2026 12:59,Кристиан Димитров Колев,Разпределение по дежурство,Ирена Георгиева Евстатиева,
80ab6548-6cf2-47f8-a25c-af69ed840300,22.08.2026 12:54,Кристиан Димитров Колев,Разпределение по дежурство,Ирена Георгиева Евстатиева,
5377d1bf-0032-41b1-8cdf-84533f90a6d5,22.08.2026 12:50,Стефка Томова Пашова,Разпределение по дежурство,Стефка Томова Пашова,
20671f45-db1c-4054-bac9-52dd16a7e45f,22.08.2026 12:48,ДЕЛЯН ЛЮБОМИРОВ ДИЛКОВ,Разпределение по дежурство,ДЕЛЯН ЛЮБОМИРОВ ДИЛКОВ,
e612d3a9-7398-42e7-aa97-7ab434a3b8ec,22.08.2026 12:21,Даниела Събчева,Разпределение по дежурство,Даниела Събчева,
4e894c6e-f37a-4326-8995-61fba3f58488,22.08.2026 12:20,Даниела Събчева,Разпределение по дежурство,Даниела Събчева,
d665dfef-7699-442c-b515-1de1f0c7c9c0,22.08.2026 12:17,Даниела Събчева,Разпределение по дежурство,Даниела Събчева,
f4cb42ec-301d-416d-9736-1eac7a297e91,22.08.2026 12:15,Даниела Събчева,Разпределение по дежурство,Даниела Събчева,
46b41e43-bad8-41fa-b7c5-74f74ecb0745,22.08.2026 12:14,Даниела Събчева,Разпределение по дежурство,Даниела Събчева,
06c34d37-4da2-4225-bc91-ce283fdfa617,22.08.2026 12:14,Даниела Събчева,Разпределение по дежурство,Даниела Събчева,
4572d7ed-edc2-4c90-b6be-357dbbc56cc0,22.08.2026 12:13,Даниела Събчева,Разпределение по дежурство,Даниела Събчева,
c12ac40f-c794-4888-a350-977801a42a6a,22.08.2026 11:36,Нели Георгиева Батанова,Разпределение по дежурство,Нели Георгиева Батанова,
e1c1c67b-1160-4a40-86c4-f1d96bf80607,22.08.2026 11:33,Анелия Щерева,Ръчно разпределение,Весела Йоткова Николова,
f5e49c81-3649-4e90-b405-5e5ebd8eea1d,22.08.2026 11:32,Спасимир Спасов Здравчев,Ръчно разпределение,Спасимир Спасов Здравчев,
aa381783-c333-4b71-b4b5-0f0591e76e83,22.08.2026 11:26,Нели Георгиева Батанова,Разпределение по дежурство,Нели Георгиева Батанова,
5109e242-1994-43fa-8867-ad00f38a072f,22.08.2026 11:25,Нели Георгиева Батанова,Разпределение по дежурство,Нели Георгиева Батанова,
36a78e7a-46fe-4ba4-8ea9-01b864e4c756,22.08.2026 11:23,Нели Георгиева Батанова,Разпределение по дежурство,Нели Георгиева Батанова,
4500313c-c79b-4a8d-88d3-d6742adcbc15,22.08.2026 11:22,Нели Георгиева Батанова,Разпределение по дежурство,Нели Георгиева Батанова,
faaecea2-50f8-45ad-8b8f-96f89cd932d5,22.08.2026 11:21,ДЕЛЯН ЛЮБОМИРОВ ДИЛКОВ,Разпределение по дежурство,ДЕЛЯН ЛЮБОМИРОВ ДИЛКОВ,
34412d62-f6b7-41fb-9290-8eb1f4ce0efb,22.08.2026 11:20,Нели Георгиева Батанова,Разпределение по дежурство,Нели Георгиева Батанова,
54d07ab1-e833-4e57-a2d3-83d619a69bb1,22.08.2026 11:19,Таня Петкова,Разпределение по дежурство,Десислава Буюклиева,
b5546856-153d-4b5f-8638-54c4437db052,22.08.2026 11:13,Гергана Мирчова Симеонова,Разпределение по дежурство,Гергана Мирчова Симеонова,
8935871b-2785-4b1c-a59c-9ebb6d3dbf4d,22.08.2026 11:09,ДЕЛЯН ЛЮБОМИРОВ ДИЛКОВ,Разпределение по дежурство,ДЕЛЯН ЛЮБОМИРОВ ДИЛКОВ,
8f94e5d7-c9b5-45bf-9e1d-435ae659c1a3,22.08.2026 11:03,Анелия Щерева,Ръчно разпределение,Весела Йоткова Николова,
ed456eae-88c7-45da-a42e-ea7d76278161,22.08.2026 10:47,Нели Георгиева Батанова,Разпределение по дежурство,Нели Георгиева Батанова,
4b9d0d7c-4bc0-4e9e-9f2d-2afc76723179,22.08.2026 10:28,Спасимир Спасов Здравчев,Ръчно разпределение,Спасимир Спасов Здравчев,
0019f54e-07ab-4be4-96fc-8eef4d1f0868,22.08.2026 10:10,ДЕЛЯН ЛЮБОМИРОВ ДИЛКОВ,Разпределение по дежурство,ДЕЛЯН ЛЮБОМИРОВ ДИЛКОВ,
e1995107-ffda-441d-a45e-03e226b033bb,22.08.2026 10:04,Пламена Колева Недялкова,Разпределение по дежурство,Пламена Колева Недялкова,
525d087e-92f3-40d4-8533-9caa7907826b,22.08.2026 09:59,Даниела Събчева,Разпределение по дежурство,Даниела Събчева,
dd72114a-5448-49e3-94d3-dec52833a3eb,22.08.2026 14:15,Боян Пенев Войков,Автоматично,Кристиан Бориславов Гюрчев,
bd8ef020-b3a2-4979-be5c-a8bc1ec66c39,21.08.2026 19:49,Пламен Георгиев Ченджиев,Автоматично,Кристиан Бориславов Гюрчев,
971a807a-5355-402a-8373-0b9c5843efad,21.08.2026 19:46,Биляна Силвионова Кисева,Автоматично,Кристиан Бориславов Гюрчев,
82a146fa-daed-4a27-99f5-e26d17107aae,21.08.2026 19:44,Ивайло Асенов Йорданов,Автоматично,Кристиан Бориславов Гюрчев,
39ae3dff-4175-46e3-a061-e0a05aef6248,21.08.2026 19:43,Венцислав Димитров Василев,Автоматично,Кристиан Бориславов Гюрчев,
40a5ffcc-28fc-4dae-ba90-b335c86b0456,21.08.2026 19:40,Александър Симеонов Станчев,Автоматично,Кристиан Бориславов Гюрчев,
7c0d5788-9955-4b9a-8e07-b25b6ad4f8a2,21.08.2026 18:25,Пламен Ангелов Станчев,Автоматично,Пламен Ангелов Станчев,
3ff05d83-4371-47f4-b794-fb62ab80a224,21.08.2026 17:44,ДАНЧО ЙОРДАНОВ ДИМИТРОВ,Разпределение по дежурство,ДАНЧО ЙОРДАНОВ ДИМИТРОВ,
2912af94-1ccc-4d22-bec3-40ef0720d1cb,21.08.2026 17:43,ДАНЧО ЙОРДАНОВ ДИМИТРОВ,Разпределение по дежурство,ДАНЧО ЙОРДАНОВ ДИМИТРОВ,
a6dd3ef9-03b9-48c1-8a3d-d921a9b921df,21.08.2026 17:36,ЧАВДАР ХРИСТОВ НИКОЛОВ,Автоматично,ЧАВДАР ХРИСТОВ НИКОЛОВ,
97142b46-bc78-499f-bf76-0b7417435daf,21.08.2026 17:22,Силвия Алексиева,Автоматично,Ива Байнова,
518278f4-0fdd-46ab-a2b7-14f054aa29c5,21.08.2026 17:21,ЛИЛИЯ ГЕОРГИЕВА ТЕРЗИЕВА,Автоматично,ТЕОДОРА ДИМИТРОВА КЮРКЧИЕВА,
ffe1dfb3-9aaa-470e-95e1-12571c10ffb8,24.08.2026 08:56,ДИАН МИЛЕНОВ НЕДЕЛЧЕВ,Разпределение по дежурство,АНЕТА МИЛЧЕВА ПЕТКОВА,
ffe1dfb3-9aaa-470e-95e1-12571c10ffb8,24.08.2026 08:56,ГАБРИЕЛ ПЕТКОВ ЙОНЧЕВ,Разпределение по дежурство,АНЕТА МИЛЧЕВА ПЕТКОВА,
ffe1dfb3-9aaa-470e-95e1-12571c10ffb8,24.08.2026 08:44,ВЛАДИМИР ДОБРЕВ СТОЯНОВ,Разпределение по дежурство,АНЕТА МИЛЧЕВА ПЕТКОВА,
78c9384e-60ca-4072-bbeb-90ab05475baa,21.08.2026 17:16,Галя Вълкова,Автоматично,Стефан Кюркчиев,
bd5ab5a4-de04-45f6-9b3d-2325da24746c,21.08.2026 17:15,Божана Желязкова,Автоматично,Стефан Кюркчиев,
f3d080ad-04b2-45b1-b3b7-cd967d4f2ed8,21.08.2026 17:14,Елена Андреева,Автоматично,Стефан Кюркчиев,
71d39279-d4fe-4d63-b00b-8d7685888e5b,21.08.2026 17:14,Райна Русева,Разпределение по дежурство,Гергана Кузманова,
cc0da59a-3315-407b-8b81-5612a791c636,21.08.2026 17:14,Виолета Костадинова Апостолова,Разпределение по дежурство,Виолета Костадинова Апостолова,
4413d1d7-bc3f-41d2-ae54-d335fdac28d3,21.08.2026 17:12,Мая Йорданова Михайлова,Автоматично,Стефан Кюркчиев,
380e63a1-5835-4a10-bf95-03125137d741,21.08.2026 17:11,Стилияна Григорова,Автоматично,Стефан Кюркчиев,
5bee60d6-8772-4ecb-8b6f-40d0e360c6aa,21.08.2026 17:10,Владимир Атанасов Пензов,Автоматично,Владимир Атанасов Пензов,
f99c60d8-d567-4a08-884b-f5a1845535f3,21.08.2026 17:02,Петър Славов Петров,Разпределение по дежурство,Дияна Димова Христова,
c3af5d2d-380d-49a1-88bd-ff150500f6e8,21.08.2026 17:00,Петър Славов Петров,Разпределение по дежурство,Дияна Димова Христова,
cf5f6fee-bd6a-45a5-8eb9-04b871842cda,21.08.2026 16:59,Петър Славов Петров,Разпределение по дежурство,Дияна Димова Христова,
dd4153fc-98c2-4804-b64f-ca64308d514d,21.08.2026 16:59,Соня Тодорова Дженкова,Автоматично,ЕИСС - Централно Разпределяне,
e2ddf32b-6321-465f-874d-c58cf6abd548,21.08.2026 16:59,Орлин Летов,Автоматично,ЕИСС - Централно Разпределяне,
001a2ad5-4ac7-4c6a-802d-3131a45a5b64,21.08.2026 16:56,ФИЛИП ЛЮЛИНОВ МАТЕВ,Автоматично,Стоян Иванов Стоянов,
23ccbb17-4cdd-4306-8b2f-2aab7867063a,21.08.2026 16:55,Мариела Анастасова Иванова,Автоматично,ЕИСС - Централно Разпределяне,
fc4710e1-d678-4c71-b575-1f1b8cf5f803,21.08.2026 16:55,Даяна Стоянова Василчина,Автоматично,ЕИСС - Централно Разпределяне,
ffe88aa5-f3c5-4713-a93a-687f83b6f890,21.08.2026 16:56,ИВО ВЪТЕВ ВЪТЕВ,Автоматично,ВАНЯ ПЕТКОВА ГЕОРГИЕВА,
6747dd35-f408-441e-b7b6-543ee8527544,21.08.2026 16:53,ИВАНА ТОДОРОВА,Автоматично,ЕИСС - Централно Разпределяне,
698b0a78-9f41-493d-b243-5598f479960c,21.08.2026 16:53,ВАЛЕНТИНА ИВАНОВА ТОДОРОВА,Автоматично,ЕИСС - Централно Разпределяне,
f55ba41f-6f99-4a6d-9288-11243cac769e,21.08.2026 16:53,Радосвета Добрева Станимирова,Автоматично,ЕИСС - Централно Разпределяне,
8c861a68-d7e2-4f91-8b47-ca35517c9e38,21.08.2026 16:51,Диана Калоянова,Автоматично,Татяна Илиева,
b04876e3-f781-44c3-9a15-e2e950282c30,21.08.2026 16:51,Димитър Тодоров Маринов,Автоматично,ЕИСС - Централно Разпределяне,
d87b19fb-34d8-4e8b-ac4e-6b68c61f9b1c,24.08.2026 13:00,ЧАНКО ПЕТКОВ ПЕТКОВ,Ръчно разпределение,Емилия Стойнова Бялкова,
d87b19fb-34d8-4e8b-ac4e-6b68c61f9b1c,21.08.2026 16:51,Донка Янкова Русинова,Автоматично,ЕИСС - Централно Разпределяне,
e04a20d2-bd53-45a7-b321-e00866de6dbd,21.08.2026 16:51,Валентина Петрова Димитрова,Ръчно разпределение,Емил Димитров Стоев,
b7261a54-9c5f-40ba-bfcf-3a481da64246,21.08.2026 16:49,Албена Миронова,Автоматично,ЕИСС - Централно Разпределяне,
2bb99927-9960-46c0-b57f-d512e461503c,21.08.2026 16:49,ВЕСЕЛИН КИРИЛОВ ХАЙДУШКИ,Автоматично,ЕЛИЗАБЕТА САШОВА НИКИФОРОВА ИРИКОВА,
08627f68-8d4e-432c-83d8-3005b71b0f12,21.08.2026 16:49,Майя Йончева Йончева,Автоматично,ЕИСС - Централно Разпределяне,
f2b23086-793b-4039-a568-7877007e1dbb,21.08.2026 16:49,Магдалена Димова Инджова,Автоматично,ЕИСС - Централно Разпределяне,
c5780728-0b26-49d1-a4c8-39e1862514e5,21.08.2026 16:48,Десислава Николаева Великова,Автоматично,ЕИСС - Централно Разпределяне,
8060b021-51c6-44f6-a440-fa2f7eb01ad2,21.08.2026 16:48,Мартина Иванова Кирова,Автоматично,ЕИСС - Централно Разпределяне,
58f679e6-92c4-4539-a53a-12c62d1a09e3,21.08.2026 16:48,Цветанка Бенина,Автоматично,АНА НИКОЛОВА ЗАГОРЧИНА,
60ff8e15-a3d8-4edd-8560-5e90a4584900,21.08.2026 16:48,Петя Димитрова Стоянова,Автоматично,ЕИСС - Централно Разпределяне,
996c4fd9-8fbc-4a50-acaa-e342b03f43b4,21.08.2026 16:48,МОНИКА ПЛАМЕНОВА ДОБРИНОВА,Автоматично,ЕИСС - Централно Разпределяне,
7ef41b23-1ff5-4396-ade3-6b974b62c5b2,21.08.2026 16:48,Неделин Йорданов Захариев,Автоматично,ЕИСС - Централно Разпределяне,
2799c223-c70f-427c-91a8-e8c2415f59d5,21.08.2026 16:47,Христо Петров Попов,Автоматично,ЕИСС - Централно Разпределяне,
377433fa-b8ce-44eb-8e72-77286a825673,21.08.2026 16:47,КАЛИН ИВАНОВ,Автоматично,ЕИСС - Централно Разпределяне,
3dd8ffdc-1ffe-4b36-880e-d61ada569d99,21.08.2026 16:47,Насуф Исмал,Автоматично,ЕИСС - Централно Разпределяне,
b8d1fc6c-ca56-4087-9732-8a39828bf228,21.08.2026 16:47,Елица Юлиянова Орманова,Автоматично,ЕИСС - Централно Разпределяне,
9aef5db4-64ed-45de-a4d1-a75cfdb9141e,21.08.2026 16:47,МИЛЕНА АЛЕКСИЕВА,Автоматично,ЕИСС - Централно Разпределяне,
fea6e8ab-93ca-4bff-ba32-c23c902000de,21.08.2026 16:46,Соня Тодорова Дженкова,Автоматично,ЕИСС - Централно Разпределяне,
9d2307cb-7e7a-4009-a8f7-9fe298ffbb9a,21.08.2026 16:46,НИКОЛАЙ ИЛИЕВ НИКОЛОВ,Автоматично,ЕИСС - Централно Разпределяне,
006c8567-5a43-4a2a-a3b5-8245ca8cf84e,21.08.2026 16:46,Мариела Викторова Йосифова,Автоматично,ЕИСС - Централно Разпределяне,
67b8a279-c05f-45e0-ba22-c1e8797a47c7,21.08.2026 16:46,Милена Стоянова Стоянова,Автоматично,ЕИСС - Централно Разпределяне,
2db58233-5e0b-4ee8-b569-009ee754ef58,21.08.2026 16:46,Гергана Николаева Божилова,Автоматично,ЕИСС - Централно Разпределяне,
c20e9c9c-0ed6-4612-9112-1d2d2e73984b,21.08.2026 16:45,Албена Петрова Ташкова,Автоматично,ЕИСС - Централно Разпределяне,
f853e725-cae3-4a78-8b1b-2eaf8065f271,21.08.2026 16:45,Борислав Кирилов Тончев,Автоматично,ЕИСС - Централно Разпределяне,
7b1712df-5bfd-453b-8242-64c7c5cb4298,21.08.2026 16:45,Пламен Стоянов Георгиев,Автоматично,ЕИСС - Централно Разпределяне,
4b1fbbd2-e819-4720-bc6a-ae3e1905f0fb,21.08.2026 16:45,Красимира Делчева Кондова,Автоматично,ЕИСС - Централно Разпределяне,
234852ec-1a90-4272-9a2a-a9aa89bab8b8,21.08.2026 16:45,Димитър Пенчев Стоянов,Автоматично,ЕИСС - Централно Разпределяне,
ec651ce0-619b-48c2-8c6a-e59abd375af8,21.08.2026 16:44,ИСКРЕН БОРИСОВ,Автоматично,ЕИСС - Централно Разпределяне,
84c6a366-c9bc-41e7-9d95-6123de656786,21.08.2026 16:44,РОСЕН ПЛАМЕНОВ АЛЕКСАНДРОВ,Автоматично,ЕИСС - Централно Разпределяне,
ab72802e-e594-41c2-b729-c15c5e19274f,21.08.2026 16:44,ДОРОТЕЯ ЕНЧЕВА ИВАНОВА,Автоматично,ЕИСС - Централно Разпределяне,
783caa35-70b7-4a7c-adf1-3f61bb893c11,21.08.2026 16:44,Симеон Илиянов Светославов,Автоматично,ЕИСС - Централно Разпределяне,
a1b62195-e7f0-451d-a4fa-4b56af0854f8,21.08.2026 16:44,Петя Цветанова,Автоматично,ЕИСС - Централно Разпределяне,
012e1e76-f543-4c89-bd1a-c3ad52b41603,21.08.2026 16:43,ВАЛЯ МЛАДЕНОВА,Автоматично,ЕИСС - Централно Разпределяне,
fa615b26-9b69-4c03-bd8c-dc0539b6a199,21.08.2026 16:43,ЕЛЕОНОРА ФИЛИПОВА,Автоматично,ЕИСС - Централно Разпределяне,
a4758020-ee27-46d7-b9db-b90c5ad0754e,21.08.2026 16:43,Ивалена Димитрова,Автоматично,ЕИСС - Централно Разпределяне,
97de22f8-861b-49fe-863d-a9fcf8a3ecae,21.08.2026 16:43,Иван Борисов Вътков,Автоматично,ЕИСС - Централно Разпределяне,
b53f1344-8afe-4b9c-92c5-39b455821570,21.08.2026 16:43,РАФАЕЛА СТОИЛОВА МАТЕВА,Автоматично,ЕИСС - Централно Разпределяне,
25be39d5-46a4-41b8-97ac-a5d7ef01b8df,21.08.2026 16:43,Людмила Добрева Григорова-Митева,Автоматично,Лидия Иванова Петрова,
527d1c21-c1a8-4a30-9fcf-b96faf39565b,21.08.2026 16:42,Ваня Тенева,Автоматично,ЕИСС - Централно Разпределяне,
3fd959de-4b42-4ae3-82e1-9186fd0b90b7,21.08.2026 16:42,Петя Цветанова,Автоматично,ЕИСС - Централно Разпределяне,
3a852f2f-477c-4ae7-aa26-4b6130add981,21.08.2026 16:42,Александър Георгиев,Автоматично,ЕИСС - Централно Разпределяне,
7716db2a-0ad6-4639-b840-98405942ec56,21.08.2026 16:42,ГЕОРГИ ГЕОРГИЕВ,Автоматично,ЕИСС - Централно Разпределяне,
57b8d4dc-23a1-4dae-bcfc-ae55907fe8f0,21.08.2026 16:42,Тихомир Руменов Рачев,Автоматично,ЕИСС - Централно Разпределяне,
9fc7e950-866e-46d4-96a1-f8bb73c4f37a,21.08.2026 16:41,Елена Николова,Автоматично,ЕИСС - Централно Разпределяне,
178a973b-8767-45d2-be15-cd10b327a07c,21.08.2026 16:41,Велина Пенева,Автоматично,ЕИСС - Централно Разпределяне,
a7a56359-8103-4baa-a5b9-81fe0e4c30cb,21.08.2026 16:41,ФИЛИП ЛЮЛИНОВ МАТЕВ,Автоматично,ЕИСС - Централно Разпределяне,
e5fe6e2b-3d91-4b4d-b491-10fcf321c2d7,21.08.2026 16:41,Цвета Боянова Борисова,Автоматично,ЕИСС - Централно Разпределяне,
fe2e4408-879c-49aa-a44c-374da32d6457,21.08.2026 16:41,Стоян Иванов Стоянов,Автоматично,ЕИСС - Централно Разпределяне,
f86ca956-316b-473d-a217-858a6433c05a,21.08.2026 16:40,Тодор Георгиев Попиванов,Автоматично,Милена Стоянова Стоянова,
281877eb-8cae-4f19-b96b-856af9980550,21.08.2026 16:39,Жанет Марчева Христова,Автоматично,Лидия Иванова Петрова,
f07b0ac5-4498-4b68-8fa2-b5b5896759c1,21.08.2026 16:39,СОФИЯ СТЕФАНОВА ТЮТЮНДЖИЕВА,Автоматично,ЕИСС - Централно Разпределяне,
3706b977-9290-4e7d-85c5-0e99dbcfacbe,21.08.2026 16:38,АЛЕКСАНДЪР ДИМИТРОВ МУРТЕВ,Автоматично,НИКОЛИНА СТАМОВА ДИМИТРОВА,
3d7f3c42-f568-472c-8b22-790761c578ec,21.08.2026 16:38,Георги Янчев Николов,Разпределение по дежурство,Георги Янчев Николов,
cbcd1ec2-c71e-4b84-a1a0-90512cc4933d,21.08.2026 16:37,Милена Стоянова Стоянова,Автоматично,Милена Стоянова Стоянова,
40b46bb1-4206-4dc3-a136-a1cc93e84a83,21.08.2026 16:37,ЕВЕЛИНА КАРАГЕНОВА,Автоматично,ЕИСС - Централно Разпределяне,
ec09cd3b-6398-4eb0-8cec-f64ac9046e54,21.08.2026 16:37,КРИСТИАН АТАНАСОВ БАДЖАКОВ,Автоматично,ЕИСС - Централно Разпределяне,
3710c099-18b0-454d-a1ba-cb77a3b88de3,21.08.2026 16:37,Михаела Иванова Атанасова,Автоматично,ЕИСС - Централно Разпределяне,
4468d511-26ec-4320-aed2-b4f4c1f5b8b1,21.08.2026 16:40,ГЕОРГИ КОНСТАНТИНОВ КАЦАРОВ,Автоматично,ВАНЯ ПЕТКОВА ГЕОРГИЕВА,
45015009-414a-4fda-9b1a-24a344e49643,21.08.2026 16:37,Искра Петьова Касабова,Автоматично,ЕИСС - Централно Разпределяне,
f5f9f03f-6756-4aea-9b05-6dcaed191fd9,21.08.2026 16:37,Пейо Иванов Приходков,Автоматично,Пейо Иванов Приходков,
236c95e9-0f55-4026-9b1d-e357c73819a9,21.08.2026 16:37,ГЕОРГИ СТОЕВ,Автоматично,ИВАЙЛО АЛЕКСАНДРОВ ЙОРДАНОВ,
60a8a856-4674-4264-b660-94105af2d90a,21.08.2026 16:35,Александър Любенов Александров,Разпределение по дежурство,Тодор Руменов Коев,
97850ce2-5083-4a2c-95cc-ef3217d94a1c,21.08.2026 16:35,Владимир Калоянов Крумов,Автоматично,Милена Стоянова Стоянова,
f7dc6633-dabc-4363-b210-ac333947bbd9,21.08.2026 16:35,Димитър Маринов Димитров,Автоматично,ЕИСС - Централно Разпределяне,
c6891691-e9af-48b0-a5de-a18490a90791,21.08.2026 16:35,Пламен Калинов Кучев,Автоматично,ЕИСС - Централно Разпределяне,
73bcb966-5c8d-48ed-a35b-1739db389fad,21.08.2026 16:35,Пламен Пантев Денев,Автоматично,Пламен Пантев Денев,
754571e7-7234-4064-b501-ab3221e64ddd,21.08.2026 16:35,РАДОСЛАВ РУМЕНОВ АНГЕЛОВ,Автоматично,ИВАЙЛО АЛЕКСАНДРОВ ЙОРДАНОВ,
5aa0526e-c980-4a14-9cd8-f7929de11e67,21.08.2026 16:34,ФИЛИП ЛЮЛИНОВ МАТЕВ,Автоматично,Стоян Иванов Стоянов,
e2994cd4-7262-43e9-b2a3-f9b0bd03319f,21.08.2026 16:33,Даниела Йорданова Банкова,Автоматично,Христина Запрянова Жисова,
ea19e6d4-1234-4aa7-aba1-602ac1fba853,21.08.2026 16:33,Борислав Кирилов Тончев,Автоматично,ЕИСС - Централно Разпределяне,
8c64eb04-3880-4e53-8a58-bdc5411069d6,21.08.2026 16:33,Стоян Иванов Стоянов,Автоматично,Стоян Иванов Стоянов,
76f01c26-67df-4eda-8200-fc18ff7de396,21.08.2026 16:33,Александър Любенов Александров,Разпределение по дежурство,Тодор Руменов Коев,
4ed16ba0-99ea-449e-8c8e-ece7e816823f,21.08.2026 16:33,Албена Петрова Ташкова,Автоматично,Георги Кирилов Пашалиев,
1c38a0fd-aa14-4b83-ab66-89d3d5b3bd99,21.08.2026 16:32,Палмира Димитрова Атанасова,Автоматично,Палмира Димитрова Атанасова,
1321e177-c494-4e07-8e2d-eeccd7d6eded,21.08.2026 16:32,Пламен Пантев Денев,Автоматично,Пламен Пантев Денев,
a9f8713e-6373-4d6b-9810-683d73851fd6,21.08.2026 16:32,ГЕРГАНА КИРИЛОВА ГЕОРГИЕВА,Автоматично,ИВАЙЛО АЛЕКСАНДРОВ ЙОРДАНОВ,
655fa19e-12a2-4bf4-8dc3-ce8b20cc5d8c,21.08.2026 16:31,ФИЛИП ЛЮЛИНОВ МАТЕВ,Автоматично,Стоян Иванов Стоянов,
d0760529-bfbb-429c-bb63-1502fa7b3d9f,21.08.2026 16:31,Димитрина Илиева Тенева,Автоматично,Щеряна Михалева Гъркова,
224c358e-3d4c-4452-b92d-550709adb8a6,21.08.2026 16:31,Димитър Пенчев Стоянов,Автоматично,ЕИСС - Централно Разпределяне,
3c9f5d1c-bc5b-499e-bb61-adb58c7a4058,21.08.2026 16:31,Пламен Тошев Петков,Автоматично,Милена Стоянова Стоянова,
7baa4521-c79e-4a0c-a6d1-bfc64eaeb144,21.08.2026 16:30,СЛАВЕНА ГАЛИНОВА КОЙЧЕВА-ПЕЕВА,Автоматично,ИВАЙЛО АЛЕКСАНДРОВ ЙОРДАНОВ,
85cfa760-3874-47c5-9f79-24aafd22f38d,21.08.2026 16:29,Мариана Костадинова Тодорова Досева,Автоматично,ЕИСС - Централно Разпределяне,
825289c0-28ad-436e-b34d-841abef373a3,21.08.2026 16:27,ДЕСИСЛАВА ЦВЕТКОВА,Разпределение по дежурство,ДЕСИСЛАВА ЦВЕТКОВА,
0f5c960b-bef5-49a7-a719-e4c7615a22bd,21.08.2026 16:27,ПЛАМЕНА САШЕВА ТРЕНЧЕВА,Автоматично,ИВАЙЛО АЛЕКСАНДРОВ ЙОРДАНОВ,
04de2e8b-7953-45cf-888e-5853676005d0,21.08.2026 16:27,Майя Йончева Йончева,Автоматично,ЕИСС - Централно Разпределяне,
bc77c588-8e3e-4e68-b18a-89efe9cd6e38,21.08.2026 16:27,Стоян Иванов Стоянов,Автоматично,Стоян Иванов Стоянов,
499a0b0b-4641-4822-b867-1b6ea558f62f,21.08.2026 16:26,ДЕСИСЛАВА ЦВЕТКОВА,Разпределение по дежурство,ДЕСИСЛАВА ЦВЕТКОВА,
e450075f-5934-49cb-8be6-7e4fba812e03,21.08.2026 16:26,Руси Алексиев,Ръчно разпределение,Руси Алексиев,
0d45ae06-8b8a-4f76-b711-c859f53ff463,21.08.2026 16:26,Христо Георгиев,Разпределение по дежурство,Галя Пильова,
ff02ef91-3036-4d14-8d07-3397c406a74d,21.08.2026 16:25,Руси Алексиев,Ръчно разпределение,Руси Алексиев,
dee0e12d-f209-44a0-9816-b13d56e7febb,21.08.2026 16:25,Анета Александрова Трайкова,Автоматично,Щеряна Михалева Гъркова,
188c1d76-bdda-41d0-99fb-a0a97671118d,21.08.2026 16:25,КАЛИН СТЕФАНОВ КУНЧЕВ,Автоматично,ЕИСС - Централно Разпределяне,
09e9598e-73c1-404a-beec-d7521bcfa58b,21.08.2026 16:25,МИХАЕЛА КАСАБОВА-ХРАНОВА,Автоматично,ИВАЙЛО АЛЕКСАНДРОВ ЙОРДАНОВ,
de48ffa0-8174-4296-9ce2-aeec99d6b0e2,21.08.2026 16:25,Руси Алексиев,Ръчно разпределение,Руси Алексиев,
e37516d3-5f5a-42ca-86b1-ac0db018a1b2,21.08.2026 16:25,ВЛАДИМИР ТОДОРОВ КАРАГЬОЗОВ,Автоматично,ЕИСС - Централно Разпределяне,
fe320049-ea7e-46ed-8c9a-0f854e79c487,21.08.2026 16:24,Руси Алексиев,Ръчно разпределение,Руси Алексиев,
ba86dd23-4bb7-4760-8e39-8d7c8b784f6d,21.08.2026 16:24,Руси Алексиев,Ръчно разпределение,Руси Алексиев,
1cc08983-bcd4-4db9-aa90-00cd898bf7e8,21.08.2026 16:23,Руси Алексиев,Ръчно разпределение,Руси Алексиев,
f46c76a3-583f-4c65-8343-207e9e5bbf0e,21.08.2026 16:23,Руси Алексиев,Ръчно разпределение,Руси Алексиев,
8f68f336-f719-4bb3-a8d7-2d6d8163af0f,21.08.2026 16:22,АНЕТА ИЛЧЕВА ИЛЧЕВА,Автоматично,ИВАЙЛО АЛЕКСАНДРОВ ЙОРДАНОВ,
b1085346-e925-400e-be14-7406f63eb630,21.08.2026 16:22,ИВО ВЪТЕВ ВЪТЕВ,Автоматично,ЕИСС - Централно Разпределяне,
5f0e6c29-2b3f-4424-a172-2fd5d89282c4,21.08.2026 16:21,ВЕНЦИСЛАВ СТЕФАНОВ ВЪЛЧЕВ,Автоматично,ВЕНЦИСЛАВ СТЕФАНОВ ВЪЛЧЕВ,
471921d0-7957-4428-bcd5-7cf99290ca74,21.08.2026 16:21,ВЕСИСЛАВ РУМЕНОВ ГЕНОВ,Автоматично,ЕИСС - Централно Разпределяне,
6d30d54f-68d0-432a-81fe-4b4d0d798b34,21.08.2026 16:21,Милена Стоянова Стоянова,Разпределение по дежурство,Веселка Георгиева Койчева,
d1521483-a5d8-44cd-8b45-0f5cee4b29ff,21.08.2026 16:21,Людмила Добрева Григорова-Митева,Автоматично,ЕИСС - Централно Разпределяне,
f5f2dee2-cf56-4e54-9d5d-6319a225031f,21.08.2026 16:21,МАРИЯ ДИМОВА ШОЛЕКОВА,Автоматично,МАРИЯ ДИМОВА ШОЛЕКОВА,
a36d5c0b-0c4c-4474-825f-d98b678035b2,21.08.2026 16:21,Мирослава Неделчева,Автоматично,ЕИСС - Централно Разпределяне,
67ed7d62-9f0c-494b-aff2-db392ffd0e92,21.08.2026 16:21,Албена Петрова Ташкова,Автоматично,ЕИСС - Централно Разпределяне,
ddb2341e-ac0a-465e-927c-dc2d97d3d8d5,21.08.2026 16:21,Георги Янчев Николов,Разпределение по дежурство,Георги Янчев Николов,
ea39b94c-4cbc-4661-bef5-63d87836816d,21.08.2026 16:20,ЙОРДАНКА ХРИСТОВА ВУТОВА,Автоматично,МАРИЯ ДИМОВА ШОЛЕКОВА,
f5de355f-09da-4a36-8f6e-c1eec81c4266,21.08.2026 16:20,Пламен Попов,Автоматично,Веселина Топалова,
81963661-22f2-402f-bc04-92fa3f61a81d,21.08.2026 16:20,ПЛАМЕНА САШЕВА ТРЕНЧЕВА,Автоматично,ИВАЙЛО АЛЕКСАНДРОВ ЙОРДАНОВ,
c9ffd355-577e-4d10-a727-d7c1c0a60b1b,21.08.2026 16:19,Олга Златева,Автоматично,ЕИСС - Централно Разпределяне,
9ef5d758-7510-434a-8c81-f8398eba415f,21.08.2026 16:19,Галина Динкова,Автоматично,Яница Ченалова,
b4a47b72-f4fd-4493-bab3-947fd3bf89be,21.08.2026 16:19,МАРИЯ ДИМОВА ШОЛЕКОВА,Автоматично,МАРИЯ ДИМОВА ШОЛЕКОВА,
dbde9765-5057-4dd8-a76c-426f6466edae,21.08.2026 16:19,ГЕОРГИ ГЕОРГИЕВ,Автоматично,ЕИСС - Централно Разпределяне,
12ff0a0c-8277-4c0f-b77e-8b05a8102d39,21.08.2026 16:19,Милена Стоянова Стоянова,Разпределение по дежурство,Веселка Георгиева Койчева,
c574cf0e-6282-473a-89c3-a0bc850e05a2,21.08.2026 16:18,Веселин Енчев,Автоматично,Мария Динева,
d4e898ea-dad4-4085-932a-7e0b5db5737a,24.08.2026 15:54,Галина Косева,Автоматично,Веселина Топалова,
d4e898ea-dad4-4085-932a-7e0b5db5737a,24.08.2026 15:53,Кремена Големанова,Автоматично,Веселина Топалова,
d4e898ea-dad4-4085-932a-7e0b5db5737a,21.08.2026 16:18,Полина Пенкова,Автоматично,Веселина Топалова,
0fb2d791-15fd-4355-8c42-8315b6ccab7c,21.08.2026 16:18,Георги Янчев Николов,Разпределение по дежурство,Георги Янчев Николов,
ae117753-88d5-4120-b108-d71cdc8f67d3,21.08.2026 16:17,Динко Карамфилов Хаджиев,Автоматично,Асен Черешаров,
3ab468d7-1d94-4005-b442-951cc8447f94,21.08.2026 16:18,МИЛЕН РУМЕНОВ АНГЕЛОВ,Автоматично,Нанко Събов Маринов,
12b0ef4a-80d9-4cc5-91eb-312dccae80f0,21.08.2026 16:17,Павлина Господинова,Автоматично,Ива Байнова,
a90442a5-76ee-467d-a373-b4a845b4c933,24.08.2026 11:03,Гергана Николаева Божилова,Ръчно разпределение,Гергана Николаева Божилова,
a90442a5-76ee-467d-a373-b4a845b4c933,21.08.2026 16:17,Биляна Димитрова Коева,Автоматично,ЕИСС - Централно Разпределяне,
cbeaecce-231e-4b06-8969-794324fba7d6,21.08.2026 16:17,МИЛЕН РУМЕНОВ АНГЕЛОВ,Автоматично,ЕИСС - Централно Разпределяне,
4fee4c25-bcaf-4c2e-bff9-a4de2113e352,21.08.2026 16:17,ДАНИЕЛА БОЖИДАРОВА АЛЕКСАНДРОВА,Автоматично,ЕИСС - Централно Разпределяне,
333b7ffd-45ba-4015-886e-379d6a783e9d,21.08.2026 16:16,Тихомир Руменов Рачев,Автоматично,Чавдар Андреев Тодоров,
d8891776-aa6c-497b-96a2-3704ea50f182,21.08.2026 16:16,Георги Янчев Николов,Разпределение по дежурство,Георги Янчев Николов,
64d6483e-8a29-4f44-99e8-2686a6bbc166,21.08.2026 16:17,СТОЙЧО ТОДОРОВ ПОПОВ,Автоматично,ИВАЙЛО АЛЕКСАНДРОВ ЙОРДАНОВ,
4e846904-a2f1-45df-9e8b-955c9d2fc30e,21.08.2026 16:15,Цветомира Димитрова,Автоматично,Ива Байнова,
85fcf1ec-636c-494c-a8fd-43c073f92744,21.08.2026 16:15,Биляна Великова Видолова,Разпределение по дежурство,Биляна Великова Видолова,
c748a3f0-e2cc-4bc0-840f-bdf8d50d8739,21.08.2026 16:15,Пламен Пантев Денев,Автоматично,ЕИСС - Централно Разпределяне,
0887aec0-e828-4799-b40d-461aec3de672,21.08.2026 16:14,Галина Динкова,Автоматично,Яница Ченалова,
2a21b89a-3309-48b4-a1cf-9ff98b559f08,21.08.2026 16:16,МАРИЯ ДИМОВА ШОЛЕКОВА,Ръчно разпределение,МАРИЯ ДИМОВА ШОЛЕКОВА,
bab8a96b-9639-404d-a0b9-da348840fff2,21.08.2026 16:14,Ъшъл Лютфи Ириева,Автоматично,Ивелина Илиева Келлева Бонева,
8041ea8b-74fd-4065-847c-061d466ad589,21.08.2026 16:14,ИВО ВЪТЕВ ВЪТЕВ,Автоматично,ИВАЙЛО АЛЕКСАНДРОВ ЙОРДАНОВ,
e4e38fbb-b2e4-4f4d-ab78-dbc0bfaabb08,21.08.2026 16:14,Пенка Костова,Автоматично,Ива Байнова,
b00406b5-062d-4c59-b729-93452faa6dc9,21.08.2026 16:13,МАРИЯ ДИМОВА ШОЛЕКОВА,Автоматично,МАРИЯ ДИМОВА ШОЛЕКОВА,
fc49fe25-3765-4393-975c-c2421a6bae6c,21.08.2026 16:13,Симеон Илиянов Светославов,Автоматично,ЕИСС - Централно Разпределяне,
d5cca566-8617-46ac-a38a-a3f73d571a12,21.08.2026 16:13,Албена Дякова Великова,Автоматично,Албена Дякова Великова,
43b3b095-d004-42ce-a92e-91cb89c84424,21.08.2026 16:12,Антоанета Митрушева,Автоматично,Ива Байнова,
01f7e741-7663-4df7-bc6a-dcbfd6313ebb,21.08.2026 16:11,Десислава Николаева Великова,Разпределение по дежурство,Десислава Николаева Великова,
6ac44a30-2911-433d-b6cb-1be91809d539,21.08.2026 16:11,Албена Петрова Ташкова,Автоматично,ЕИСС - Централно Разпределяне,
96b188fc-921e-4801-aed9-bd70fdfd3141,21.08.2026 16:11,Свилена Стоянова Давчева,Автоматично,ЕИСС - Централно Разпределяне,
ea25053f-382b-4939-bfdd-2ddea2aa8a84,21.08.2026 16:10,Цветомира Димитрова,Автоматично,Ива Байнова,
b7e2033c-5279-4f4c-95fc-9c139983bf77,21.08.2026 16:10,Ангелина Богданова,Автоматично,Станка Данчева Гочева,
2ebb75f5-644c-4cec-ae28-502d46863a35,21.08.2026 16:10,Цветелина Свиленова Цонева,Разпределение по дежурство,Златина Пламенова Личева-Денева,
c797d06d-dc8a-4bc1-aa96-1ee00e0ad421,21.08.2026 16:09,Антоанета Митрушева,Автоматично,Ива Байнова,
c0616909-0a6e-4972-8f2a-879bc40cc68b,21.08.2026 16:09,Гергана Кузманова,Автоматично,ЕИСС - Централно Разпределяне,
0892b6cf-ce59-47e2-8457-03c6d18c77f2,21.08.2026 16:09,Тихомир Руменов Рачев,Автоматично,ЕИСС - Централно Разпределяне,
9edbdb39-b305-4488-b8b8-cc0583634d43,21.08.2026 16:09,Цветелина Свиленова Цонева,Разпределение по дежурство,Златина Пламенова Личева-Денева,
cad8937e-4d3f-429d-b3c5-9b7998e9e05f,21.08.2026 16:08,Асима Костова Вангелова-Петрова,Автоматично,Бонка Иванова Бонева Чонова,
4ada99f9-cf6a-4711-b347-d5e5b0671fac,21.08.2026 16:08,Нина Русева Моллова Белчева,Автоматично,НИКОЛИНА СТАМОВА ДИМИТРОВА,
863b4837-1ae6-4a9e-8e3d-0daceeb6579d,21.08.2026 16:08,ДЕЛЯН ЛЮБОМИРОВ ДИЛКОВ,Разпределение по дежурство,ВЕЛИНА ВЛАДИМИРОВА КАРАГЕОРГИЕВА,
d564e9eb-ac17-4ef9-a407-aa9693221b64,21.08.2026 16:08,Никола Петров Римпопов,Автоматично,Пенка Борисова Йорданова,
fe76aee9-05e5-4e0f-a00b-843756d4620f,21.08.2026 16:08,Цветелина Свиленова Цонева,Разпределение по дежурство,Златина Пламенова Личева-Денева,
5b12ea7f-2e82-4138-9ac1-199f825fcc30,21.08.2026 16:08,Антоанета Митрушева,Автоматично,Ива Байнова,
3c2cfe2d-2491-4aec-a3b5-f2a1b979652b,21.08.2026 16:07,Татяна Илиева,АР,Татяна Илиева,
abfde5a9-eb83-43c6-a28c-f3dd6ff4a194,21.08.2026 16:07,Гергана Великова Недева,Автоматично,Красимир Мазгалов,
98c42dbd-2c1c-4a08-84b3-881ec43fe303,21.08.2026 16:07,АНЕТА МИЛЧЕВА ПЕТКОВА,Разпределение по дежурство,АНЕТА МИЛЧЕВА ПЕТКОВА,
e0f48743-6287-4ed6-b484-df670d78226d,21.08.2026 16:05,Росица Чиркалева-Иванова,Автоматично,Ива Байнова,
edbd905a-c491-4b1d-b422-13ebaf700ba7,21.08.2026 16:06,РАДИНА КАЛИНОВА КАЛЕВА,Автоматично,ИВАЙЛО АЛЕКСАНДРОВ ЙОРДАНОВ,
be6b8a0c-b135-49f6-8f55-fe42eacd8af1,21.08.2026 16:05,Райна Русева,Автоматично,ЕИСС - Централно Разпределяне,
715aa8bb-fc80-429e-9f50-2141907d9b76,21.08.2026 16:05,Десислава Николаева Великова,Автоматично,ЕИСС - Централно Разпределяне,
8eff06a7-d540-4a66-815b-fb8d331de442,21.08.2026 16:05,МАГДАЛЕНА СТОЯНОВА МАРИНОВА,Автоматично,ЕИСС - Централно Разпределяне,
6a875b93-4042-4d52-a87b-bd0318fd14a0,21.08.2026 16:05,Мариана Георгиева,Автоматично,Красимир Мазгалов,
e2ba96df-618c-4bd4-ba41-1fad416ac940,21.08.2026 16:12,Лилия Масева,Автоматично,Иванка Давкова,
d015a0a3-4d0a-436d-b908-5dbd8720e295,21.08.2026 16:03,КАЛИНА ВЕНЦИСЛАВОВА СТАНЧЕВА,Автоматично,ИВАЙЛО АЛЕКСАНДРОВ ЙОРДАНОВ,
60b8438a-9816-4d4d-a1d4-89e4fa50c1f1,21.08.2026 16:02,Денислав Димчев Ненов,Автоматично,Красимир Мазгалов,
644afeef-7d12-46e8-854f-67183ecb1b48,21.08.2026 16:01,Николай Захариев Петров,Автоматично,ЕИСС - Централно Разпределяне,
69fa607d-a5cc-4ed3-a01a-f3e9ee0af4bd,21.08.2026 16:01,Майя Йончева Йончева,Автоматично,ЕИСС - Централно Разпределяне,
5a526c55-f913-4dc8-8e12-572dc436c9f3,21.08.2026 16:01,Ивайло Димитров Иванов,Автоматично,Десислава Николаева Великова,
cd8edb4b-484d-4acd-ad3a-772a3863e690,21.08.2026 16:00,Цветомир Милчев Минчев,Автоматично,Красимир Мазгалов,
feb2b68d-5ea1-4ce7-83c6-10c9ce9b40c2,21.08.2026 16:00,Димитър Михов,АР,Янка Ганчева,
1a1c754d-c846-4980-924f-aec0fec58840,21.08.2026 16:00,Огнян Кирилов Маладжиков,Автоматично,Огнян Кирилов Маладжиков,
3d045b7c-2362-4c33-baf8-a19302b7f3d2,21.08.2026 16:00,МАРИЯ НИКОЛАЕВА СТОЙКОВА,Автоматично,ИВАЙЛО АЛЕКСАНДРОВ ЙОРДАНОВ,
4d7af3b8-d754-4a2e-9c9e-112ca266a0d8,21.08.2026 15:59,Александър Георгиев,Автоматично,ЕИСС - Централно Разпределяне,
78ae6fe4-19e5-4c28-a80a-74d711c427d9,21.08.2026 15:59,Райна Мартинова,Автоматично,Красимир Мазгалов,
c2fd4b68-6788-43c6-b6f1-135007841d1c,21.08.2026 15:59,Цонка Тодорова Миткова,Автоматично,Симеон Горанов Гюров,
fd330d9a-3248-40c7-acc2-3c07ce1ec88e,21.08.2026 15:59,ДОРОТЕЯ ЕНЧЕВА ИВАНОВА,Автоматично,ЕИСС - Централно Разпределяне,
d2652db7-ab05-496f-b5aa-e395234fc720,21.08.2026 15:59,Милена Вескова Хазарян,Автоматично,ЕИСС - Централно Разпределяне,
f31ab10b-f354-48ac-9726-3ea151df6b46,21.08.2026 15:59,Катерина Георгиева Дедова,Автоматично,Донка Найденова Петрова,
cbfbd670-b39d-4a5a-a4f3-fb61b0aeac08,21.08.2026 15:59,Иван Валериев Никифорски,Автоматично,ЕИСС - Централно Разпределяне,
b8a15ff7-3dc0-49a5-97fe-4a425e4f7913,21.08.2026 15:59,ИВАЙЛО КРАСИМИРОВ КЪНЕВ,Автоматично,ЕИСС - Централно Разпределяне,
9939fd7b-0e87-4a1b-bf3f-44ed9fa4e083,21.08.2026 15:57,Георги Стоянов Георгиев,Автоматично,Мариана Георгиева Генова,
1d63e4bb-d57c-4ff9-b659-5e0761ed7755,21.08.2026 15:57,Стела Дянкова Бъчварова,Автоматично,Десислава Николаева Великова,
3243fb73-3df0-42ba-ab17-503426c0cbcf,21.08.2026 15:57,Калина Анастасова,Автоматично,Красимир Мазгалов,
d19a162c-cbe6-4564-867b-d02e3ab42e0c,21.08.2026 15:57,Павел Тодоров Павлов,Ръчно разпределение,Павел Тодоров Павлов,
363b1314-0cb0-4ae1-a26c-59bb70087112,21.08.2026 15:56,Ивайло Димитров Иванов,Автоматично,Десислава Николаева Великова,
389dc4b9-ad94-4c80-aee8-24f6fdc3ea39,21.08.2026 15:56,Петър Иванов Минчев,Автоматично,Красимир Мазгалов,
bb6b9406-cb3e-45b1-b0be-bcf244163a47,21.08.2026 15:55,НЕЙКО ГЕОРГИЕВ НЕЙКОВ,Автоматично,ЕИСС - Централно Разпределяне,
0818cd56-209a-45d7-9a8b-dc37fd91191d,21.08.2026 15:55,Христо Тотев Христов,Автоматично,ЕИСС - Централно Разпределяне,
079d26ac-fb0c-4b1a-a6f5-b9c6995f6089,21.08.2026 15:55,АННА РУМЕНОВА КОФИНОВА,Автоматично,ЕИСС - Централно Разпределяне,
e54e3c8f-ab57-45d3-b7a9-fa58f726f35c,21.08.2026 15:55,Ана Симеонова Андонова,Автоматично,ЕИСС - Централно Разпределяне,
072f03c6-8bb8-4a28-a3d3-8cc28bc703f5,21.08.2026 15:55,Людмила Добрева Григорова-Митева,Автоматично,ЕИСС - Централно Разпределяне,
e7fff01f-d578-4a67-a325-0c19871ae886,21.08.2026 15:55,РАДИНА КАЛИНОВА КАЛЕВА,Автоматично,ИВАЙЛО АЛЕКСАНДРОВ ЙОРДАНОВ,
a4756d63-9cec-4f56-a167-80e4629dd00d,21.08.2026 15:54,Преслав Огнянов Дамянов,Автоматично,Красимир Мазгалов,
e237d558-e526-49f5-820b-e5eacbb39fe5,21.08.2026 15:54,Мариана Костадинова Тодорова Досева,Автоматично,Вера Светославова Найденова,
2afda190-6b3f-4356-84ee-49db375b52d2,21.08.2026 15:53,Елена Иванова Балджиева,Автоматично,Десислава Николаева Великова,
14e59f73-3c86-45c0-8456-9a757ba03555,21.08.2026 15:53,Велина Пейчинова,Автоматично,Красимир Мазгалов,
87782171-5927-4483-b8a7-55e02af848cc,21.08.2026 15:53,КАЛИН ИВАНОВ,Автоматично,ЕИСС - Централно Разпределяне,
c0aaab4f-81bc-453d-80cc-a01d25ac9ddd,21.08.2026 15:53,Петър Славов Петров,Ръчно разпределение,Дияна Димова Христова,
a538eb42-568f-4b99-9f44-2b217242f2b6,21.08.2026 15:53,СТАНИМИР НИКОЛОВ ЙОРДАНОВ КЮЛЕРОВ,Автоматично,ИВАЙЛО АЛЕКСАНДРОВ ЙОРДАНОВ,
124dc1ea-568d-45b2-815e-199bf5553532,21.08.2026 15:52,Мариана Валериева Николова,Автоматично,Красимир Мазгалов,
f45a3567-15b3-4d15-87bd-0755cf3ad3c4,21.08.2026 15:52,Николай Стефанов Стефанов,Автоматично,Десислава Николаева Великова,
e8b28c3c-917b-487c-b406-a944719310de,21.08.2026 15:51,Велина Иванова Полежанова,Автоматично,Веселина Димитрова Хаджиева,
0b4a2a50-4e96-4745-aaf8-ac384b113de6,21.08.2026 15:51,Ана Иванова Илиева,Автоматично,Вера Светославова Найденова,
041fcf01-b2df-46fb-9584-2bfc38675e97,21.08.2026 15:51,Сияна Стойчева Димитрова,Автоматично,Дияна Димова Христова,
719efd7b-09ee-4786-be16-b314044128b9,21.08.2026 15:51,МАРИНЕЛА КРАСИМИРОВА МАРИНОВА-СТОЕВА,Автоматично,ЕИСС - Централно Разпределяне,
239264f0-c7eb-4984-8962-a86330110fe4,21.08.2026 15:51,ГАЛИНА СЛАВОВА ГЕОРГИЕВА,Разпределение по дежурство,ГАЛИНА СЛАВОВА ГЕОРГИЕВА,
6b859dd7-f39c-4871-b918-aa3012dfbe5b,21.08.2026 15:51,Биляна Великова Видолова,Автоматично,ЕИСС - Централно Разпределяне,
3a2b4ff3-12f2-4def-9b4b-4447a242a6db,21.08.2026 15:51,Кристиян Велков Стоилов,Ръчно разпределение,Кристиян Велков Стоилов,
3f5cdce1-d5fc-45c5-b550-c3da1a106d82,21.08.2026 15:50,Анна-Мария Мирославова Събева,Автоматично,Красимир Мазгалов,
05e77fa9-2dbd-47be-823e-9f5473f92985,21.08.2026 15:50,Марина Христова Христова Иванова,Автоматично,Мариана Георгиева Генова,
33114ed0-3781-4a34-a8af-1683b526bf40,21.08.2026 15:50,Петър Славов Петров,Разпределение по дежурство,Дияна Димова Христова,
c5e34290-2b24-425c-a1b1-c4af505a0dd4,21.08.2026 15:50,Светослава Михайлова Цонева,Автоматично,Вера Светославова Найденова,
f6744207-03de-4e48-81b0-452c4b1b1ad9,21.08.2026 15:49,Наталия Георгиева Халачева,Автоматично,Красимир Мазгалов,
164315f3-b63a-467e-b93e-46b5c80239b9,21.08.2026 15:49,Майя Йончева Йончева,Автоматично,Десислава Николаева Великова,
0e386a7e-e83e-4a6d-8290-234d4296b72a,21.08.2026 15:48,Полина Любомирова Амбарева,Автоматично,Красимир Мазгалов,
18a763ff-b414-4721-97d9-16fc9cb80ad6,21.08.2026 15:49,Асен Иванов Даскалов,Автоматично,Вера Светославова Найденова,
994b0eb3-1848-469a-a517-909a53ba39f1,21.08.2026 15:48,Красимира Делчева Кондова,Автоматично,Мартин Искренов Пачаманов,
70f1ddf0-1e7b-4e53-8410-9c59b0e332f9,21.08.2026 15:48,МАРИЯ ИЛЧЕВА ИЛИЕВА,Автоматично,ИВАЙЛО АЛЕКСАНДРОВ ЙОРДАНОВ,
6ae43108-66be-4f9b-ba19-7e8c07f3b313,21.08.2026 15:47,Димитър Куртев Демирев,Автоматично,Красимир Мазгалов,
1d27fee6-8b45-47eb-94b2-b7da399b8447,21.08.2026 15:47,Венелин Димитров Николаев,Автоматично,Вера Светославова Найденова,
24e433b8-3e51-487e-95bc-c9b389121d53,21.08.2026 15:46,Силвана Гълъбова,Автоматично,Красимир Мазгалов,
efdbca80-824f-43b8-9a8a-a6609c00df4b,21.08.2026 15:45,Цонка Тодорова Миткова,Автоматично,ЕИСС - Централно Разпределяне,
308e40f3-810c-436e-ab8f-bdd9d882be0e,21.08.2026 15:45,Петина Кръстева Николова,Автоматично,ЕИСС - Централно Разпределяне,
4a225882-3f8a-4284-8a4f-e84200f8f0df,21.08.2026 15:45,Петя Венциславова Петрова - Светиева,Автоматично,ЕИСС - Централно Разпределяне,
b3e75476-5a2e-4ac1-8234-d228a036b02c,21.08.2026 15:45,Чавдар Иванов Попов,Автоматично,Вера Светославова Найденова,
7e1f63a8-f2fd-4ea8-8e8b-6a086c87bd29,21.08.2026 15:45,Гергана Николаева Божилова,Автоматично,ЕИСС - Централно Разпределяне,
aaaab36a-b5dd-4a03-ae0f-3060b8a68ba3,21.08.2026 15:44,Румяна Милчева Найденова,Автоматично,Красимир Мазгалов,
e5b98202-f156-4bc4-8fdb-f92b6b35e305,21.08.2026 15:44,Диана Симеонова Стателова,Автоматично,Радка Стайкова Божкова,
0e05598d-47d5-4d9d-85e5-6033e3942939,21.08.2026 15:44,ДОБРОМИР СТЕФАНОВ СТЕФАНОВ,Автоматично,ВАНЯ ПЕТКОВА ГЕОРГИЕВА,
ceb00c0c-b198-4810-ac99-3bcfea39ab4f,21.08.2026 15:44,Антоанета Драганова Андонова Парашкевова,Автоматично,Станка Дичева Стоянова,
0522b291-0b0b-43f8-901c-ffd0dfdb4892,21.08.2026 15:43,ЦВЕТЕЛИНА СЛАВЧЕВА КЪРЖЕВА ГАЧЕВА,Автоматично,ВАНЯ ПЕТКОВА ГЕОРГИЕВА,
e1fe9b1b-17ef-4ccf-b78f-eb80f920a85a,21.08.2026 15:43,Стефан Желев,Автоматично,Маргарита Дошкова,
50e210ff-2feb-4c7f-8dad-7a22d68d1147,21.08.2026 15:43,Диляна Николова Йорданова,Автоматично,Станка Дичева Стоянова,
3c21dab4-3454-48e0-901c-2508465e0aaa,21.08.2026 15:43,Петър Любомиров Сантиров,Автоматично,Красимир Мазгалов,
4e64526e-6f9d-4bdf-8855-5309c253a859,21.08.2026 15:43,Елеонора Петрова Серафимова,Автоматично,Тодор Руменов Коев,
c1a58a41-9e3a-4ded-b0a9-ddc06dc8fdbf,21.08.2026 15:43,Марина Трифонова Цветкова,Автоматично,ЕИСС - Централно Разпределяне,
7e3dacbb-30b5-4bea-944a-16091cb65fad,21.08.2026 15:41,ЙОАНА КРАСИМИРОВА КАЦАРСКА,Автоматично,ИВАЙЛО АЛЕКСАНДРОВ ЙОРДАНОВ,
6239791b-6a44-41b4-8860-8b7ca3c81a6a,21.08.2026 15:41,Магдалена Бориславова Младенова-Стоева,Ръчно разпределение,Емил Кръстев Ангелов,
daad10f5-588e-4025-b13c-c6a96c0b44bd,21.08.2026 15:41,ЦВЕТЕЛИНА СЛАВЧЕВА КЪРЖЕВА ГАЧЕВА,Автоматично,ВАНЯ ПЕТКОВА ГЕОРГИЕВА,
8a9230d7-b03e-435f-b1bc-838bb6dab0f7,21.08.2026 15:43,Веселина Валентинова Господинова,Ръчно разпределение,Теменуга Иванова Стоева,
8a9230d7-b03e-435f-b1bc-838bb6dab0f7,21.08.2026 15:42,Галина Димитрова Жечева,Ръчно разпределение,Теменуга Иванова Стоева,
8a9230d7-b03e-435f-b1bc-838bb6dab0f7,21.08.2026 15:41,Теменуга Иванова Стоева,Ръчно разпределение,Теменуга Иванова Стоева,
0d0c02a7-dabe-42da-8439-05775ccd5962,21.08.2026 15:39,ИГНАТ АСЕНОВ ТИМОФЕЕВ,Автоматично,ВАНЯ ПЕТКОВА ГЕОРГИЕВА,
05deb8fc-c607-448d-a3cc-b01fa80c8af0,21.08.2026 15:39,Красимир Мазгалов,Автоматично,Красимир Мазгалов,
6841de87-96ad-479a-9e0e-2565e9283fd7,21.08.2026 15:39,КРИСТИЯН АНТОНИЕВ ПОПОВ,Автоматично,ЕИСС - Централно Разпределяне,
30270abc-7f30-4f3b-bf45-030fe2e1156a,21.08.2026 15:39,Милена Стоянова Стоянова,Автоматично,ЕИСС - Централно Разпределяне,
2aa76837-c30e-4830-a54a-f486fa7e9079,21.08.2026 15:38,ГАЛЯ ИВАНОВА МИТЕВА,Автоматично,Георги Кирилов Пашалиев,
e50bf585-aaa0-4c49-8026-d99feb15a351,21.08.2026 15:38,ЕЛЕНКО ЕЛЕНКОВ,Автоматично,ВИКТОР АТАНАСОВ,
6e451fff-516c-4f59-9ce8-6eaa093703d2,21.08.2026 15:39,АНГЕЛИНА КОЛЕВА БОЕВА,Автоматично,ИВАЙЛО АЛЕКСАНДРОВ ЙОРДАНОВ,
98b51220-80ff-4fc3-a01c-ec49dc197bda,21.08.2026 15:38,ПЕТЯ ОЛЕГОВА ПОПОВА,Автоматично,ВАНЯ ПЕТКОВА ГЕОРГИЕВА,
f8df82d2-d927-486f-9250-3d9a9a0b7f65,21.08.2026 15:38,Денислав Димчев Ненов,Автоматично,Красимир Мазгалов,
74b2b8a5-8f29-4329-8de6-cbaa0784dfda,21.08.2026 15:38,ВЕСЕЛИН ИВАНОВ НИКОЛОВ,Автоматично,Георги Кирилов Пашалиев,
caa579b7-c4f7-4b84-a700-a0a3cac0897e,21.08.2026 16:27,Евгени Христов Михов,Автоматично,Силвия Лалева Георгиева,
caa579b7-c4f7-4b84-a700-a0a3cac0897e,21.08.2026 16:26,Павлина Желева Бонева,Автоматично,Силвия Лалева Георгиева,
caa579b7-c4f7-4b84-a700-a0a3cac0897e,21.08.2026 15:38,Гергана Николаева Божилова,Автоматично,Гергана Николаева Божилова,
c31a503a-bad9-4ba2-be07-d587babaae17,21.08.2026 15:37,ДЕСИСЛАВА ЦВЕТКОВА,Ръчно разпределение,ДЕСИСЛАВА ЦВЕТКОВА,
c39e5adc-f1ab-4842-baac-536b5de22f1c,21.08.2026 15:37,Галена Николаева Манова-Узунова,Автоматично,Веселина Димитрова Хаджиева,
9ca24b4a-3485-493a-82f0-e7eddb2e8dd1,21.08.2026 15:37,ДАНИЕЛА ЕВТИМОВА ПАВЛОВА РАДЕВА,Разпределение по дежурство,ВАНЯ ПЕТКОВА ГЕОРГИЕВА,
e39419dd-1fd1-4dc2-8da7-2532932b6a0b,21.08.2026 15:37,Радосвета Добрева Станимирова,Автоматично,ЕИСС - Централно Разпределяне,
56bdbb25-8e39-4f50-b133-c4230634f3c2,21.08.2026 15:37,МИНКА КИРЧЕВА,Автоматично,Георги Кирилов Пашалиев,
ce6e9307-21e7-4e6d-9a25-f131b9140bce,21.08.2026 15:37,Светла Иванова Иванова,Автоматично,ЕИСС - Централно Разпределяне,
1a7ca3a3-8cef-4296-ae75-f7be32fc938b,21.08.2026 15:36,ДЕСИСЛАВА ЦВЕТКОВА,Ръчно разпределение,ДЕСИСЛАВА ЦВЕТКОВА,
3069e303-dfa5-43bb-8777-6630f3a0fa66,21.08.2026 15:36,Пламен Димитров Петков,Разпределение по дежурство,Пламен Димитров Петков,
d5782581-a96b-4e79-9bdc-4a8aa4fe11ab,21.08.2026 15:37,РОЗАЛИНА ГЕОРГИЕВА БОТЕВА,Автоматично,ИВАЙЛО АЛЕКСАНДРОВ ЙОРДАНОВ,
5e0de791-3a68-4874-961a-f1869bb7e565,21.08.2026 15:36,Виктор Бисеров Чаушев,Разпределение по дежурство,ВАНЯ ИЛИЕВА ИЛИЕВА,
23625764-deed-48da-bb00-b947466deb0f,21.08.2026 15:36,Вергиния Мичева,Автоматично,Красимир Мазгалов,
10ebad15-54eb-4b91-94ff-3925c305d112,21.08.2026 15:36,ИВЕЛИНА СТОЯНОВА КОЛЕВА,Разпределение по дежурство,ВАНЯ ПЕТКОВА ГЕОРГИЕВА,
cb2f5c07-b16e-481a-b627-cd65332f99c1,21.08.2026 15:36,КИРИЛ ЧАКЪРОВ,Автоматично,Слава Георгиева,
d08c478e-37b5-453c-a182-616a7bccfd5e,21.08.2026 15:35,Люба Стоянова Стоилкова,Автоматично,Люба Стоянова Стоилкова,
7f97c109-9a87-46a9-ab53-4b82fea85472,21.08.2026 15:35,ДЕСИСЛАВА ЦВЕТКОВА,Ръчно разпределение,ДЕСИСЛАВА ЦВЕТКОВА,
e26bb514-d9bf-4c62-8bac-2d7d5066dcad,21.08.2026 15:36,ГАЛЯ ИВАНОВА МИТЕВА,Автоматично,Георги Кирилов Пашалиев,
b9baf3c7-1d11-4689-9b81-07bfb8fef76f,21.08.2026 15:38,Веселина Валентинова Господинова,Ръчно разпределение,Теменуга Иванова Стоева,
b9baf3c7-1d11-4689-9b81-07bfb8fef76f,21.08.2026 15:37,Галина Димитрова Жечева,Ръчно разпределение,Теменуга Иванова Стоева,
b9baf3c7-1d11-4689-9b81-07bfb8fef76f,21.08.2026 15:36,Теменуга Иванова Стоева,Ръчно разпределение,Теменуга Иванова Стоева,
e7fe113a-05d9-41f3-9e73-9914cbc860c7,21.08.2026 15:35,ДАНИЕЛА ЕВТИМОВА ПАВЛОВА РАДЕВА,Разпределение по дежурство,ВАНЯ ПЕТКОВА ГЕОРГИЕВА,
69ea76e8-1ac1-470c-8d38-272e5b6a0a16,21.08.2026 15:35,Ваня Тенева,Автоматично,ЕИСС - Централно Разпределяне,
23a94148-fe18-4550-8130-c9047098f54e,21.08.2026 15:35,Десислава Николаева Великова,Автоматично,ЕИСС - Централно Разпределяне,
e23d2161-cbcf-49eb-af04-82fb149da68a,21.08.2026 15:34,Ваня Николаева Иванова,Автоматично,Красимир Мазгалов,
0cc1fd61-d131-4d9b-8471-a3306f471a58,21.08.2026 15:34,СПАС СПАСОВ,Автоматично,Слава Георгиева,
e0826302-e283-4680-8f3d-95d05da38025,21.08.2026 16:24,Христина Георгиева Христова,Автоматично,Силвия Лалева Георгиева,
e0826302-e283-4680-8f3d-95d05da38025,21.08.2026 16:22,Мария Гатева Петкова,Автоматично,Силвия Лалева Георгиева,
e0826302-e283-4680-8f3d-95d05da38025,21.08.2026 15:36,Гергана Николаева Божилова,Автоматично,Гергана Николаева Божилова,
ca0d2699-d8ff-413a-b115-7390d4182ef5,21.08.2026 15:34,Емил Дечев,Разпределение по дежурство,ВАНЯ ИЛИЕВА ИЛИЕВА,
b14de33a-fdc6-4b46-95ae-25c2b7f6940a,21.08.2026 15:35,БИЛЯНА СИМЧЕВА,Автоматично,ИВАЙЛО АЛЕКСАНДРОВ ЙОРДАНОВ,
20d182fd-2c62-42bd-a4db-30d19a6a6766,21.08.2026 15:34,ИВЕЛИНА СТОЯНОВА КОЛЕВА,Разпределение по дежурство,ВАНЯ ПЕТКОВА ГЕОРГИЕВА,
4f9ccc0d-3588-4d8d-87a2-f4df8bfc01a8,21.08.2026 15:34,КРАСИМИР ДИМИТРОВ ДИМИТРОВ,Автоматично,СТРАТИМИР ГОШЕВ ДИМИТРОВ,
555273f8-5da6-4c49-80ec-d024f10adf73,21.08.2026 15:33,Антоанета Маринова Симеонова,Автоматично,ЕИСС - Централно Разпределяне,
b3c80202-ed13-4b8b-85cf-00e64c4ca988,21.08.2026 15:34,Любен Димитров Хаджииванов,Автоматично,Тоничка Димитрова Кисьова,
21cd7e0a-8049-4da6-9079-e907a9d269a4,21.08.2026 15:33,Вера Светославова Найденова,Автоматично,ЕИСС - Централно Разпределяне,
1976a18d-e31b-4bea-8dbb-156e780cfd95,21.08.2026 15:33,Мариела Викторова Йосифова,Автоматично,ЕИСС - Централно Разпределяне,
35a47a7c-a589-4bb3-89d4-2b7c3390384b,21.08.2026 15:31,МАРИЯ ВАЛЕНТИНОВА АТАНАСОВА,Автоматично,ВАНЯ ПЕТКОВА ГЕОРГИЕВА,
8220ebbd-8794-4715-b59b-5909afbbc0e6,21.08.2026 15:30,Стоян Колев,Автоматично,Любомир Генов,
eedcfa5c-1250-4683-9831-8807feaff6b7,21.08.2026 15:30,Михаела Иванова Атанасова,Автоматично,ЕИСС - Централно Разпределяне,
85ac0a3d-5148-447d-aab8-beeade2db692,21.08.2026 15:30,Татяна Иванова Маслинкова,Автоматично,Щеряна Михалева Гъркова,
57afc0c7-ff19-47a6-b0b8-295f4aaad8c6,21.08.2026 15:30,Ивайло Митков Енчев,Разпределение по дежурство,Дончо Тончев Донев,
c1de07b6-b1f3-4a04-a212-6ff2d6647425,21.08.2026 15:29,Красимира Делчева Кондова,Автоматично,ЕИСС - Централно Разпределяне,
c08e21bf-020f-4ff7-bfa7-6255e4e6fd98,21.08.2026 15:31,ГЕОРГИ ИЛИАНОВ АЛИПИЕВ,Автоматично,ИВАЙЛО АЛЕКСАНДРОВ ЙОРДАНОВ,
f61df9c4-bbcb-4eaa-b610-070b0ce40947,21.08.2026 15:29,Милена Стоянова Стоянова,Автоматично,ЕИСС - Централно Разпределяне,
288f14c9-3379-425b-9284-0b385ac61990,21.08.2026 15:29,Мартин Димитров Кючуков,Автоматично,Пламен Стоянов Георгиев,
07441fd4-8cd7-4f01-9549-3ef2820865d7,21.08.2026 15:29,ВАЛЕНТИНА ИВАНОВА ТОДОРОВА,Автоматично,ЕИСС - Централно Разпределяне,
3b2ca304-8b93-495d-b053-1650cdffa0aa,21.08.2026 15:29,Татяна Иванова Тодорова,Автоматично,ЕИСС - Централно Разпределяне,
067cb1b5-f16a-471f-97e7-e754604971e0,21.08.2026 15:29,АСЕН ТОТЕВ РАДЕВ,Автоматично,ЕИСС - Централно Разпределяне,
b7cb9445-393a-4709-9d31-c0d9bdd1a6f6,21.08.2026 15:28,Красимира Милачкова,Автоматично,Радина Карамфилова,
480e29ed-d568-465f-8b68-8e4d27578560,21.08.2026 15:32,БОРЯНА ПЕТРОВА БОНЧЕВА-ДИМИТРОВА,Автоматично,СТРАТИМИР ГОШЕВ ДИМИТРОВ,
7d5a7a3c-ff42-4567-998e-8293d248eb89,21.08.2026 15:27,Мартин Димитров Кючуков,Автоматично,Пламен Стоянов Георгиев,
9d7931c9-92cd-4df3-91b0-598de16178a4,21.08.2026 15:28,МИХАИЛ ДРАГОМИРОВ ДРАГНЕВ,Автоматично,ИВАЙЛО АЛЕКСАНДРОВ ЙОРДАНОВ,
4beff655-fd4e-4929-95ab-4298ea590301,21.08.2026 15:27,Мина Цветанова Павлова,Автоматично,ЕИСС - Централно Разпределяне,
cc25750e-b500-4d89-b112-51e80387f6e2,21.08.2026 15:27,Петя Цветанова,Автоматично,ЕИСС - Централно Разпределяне,
3a02e9e1-add9-4194-8fe9-87f57bc3b31c,21.08.2026 15:27,Иван Божиков Димитров,Автоматично,Ели Димитрова Анастасова Мицевска,
299743b6-ca52-4c46-a1a5-989867708b8f,21.08.2026 15:27,Иван Борисов Вътков,Автоматично,ЕИСС - Централно Разпределяне,
a1642db1-7fe8-4527-99a8-45656fbc295a,21.08.2026 15:38,СТРАТИМИР ГОШЕВ ДИМИТРОВ,Автоматично,СТРАТИМИР ГОШЕВ ДИМИТРОВ,
a1642db1-7fe8-4527-99a8-45656fbc295a,21.08.2026 15:26,ФИЛИП ЖЕЛЯЗКОВ ФИЛИПОВ,Автоматично,СТРАТИМИР ГОШЕВ ДИМИТРОВ,
1a2b88ca-e94c-4629-b5d7-d3346e08bee4,21.08.2026 15:26,Аглика Гавраилова,Автоматично,Мария Велкова,
7f172e2a-903b-43f1-b785-f1cd6022ef2b,21.08.2026 15:25,ДАНИЕЛА ЕВТИМОВА ПАВЛОВА РАДЕВА,Разпределение по дежурство,ВАНЯ ПЕТКОВА ГЕОРГИЕВА,
65192dfb-2543-4df1-a20f-aa93f6ae9687,21.08.2026 15:29,Веселина Валентинова Господинова,Ръчно разпределение,Теменуга Иванова Стоева,
65192dfb-2543-4df1-a20f-aa93f6ae9687,21.08.2026 15:27,Теменуга Иванова Стоева,Ръчно разпределение,Теменуга Иванова Стоева,
65192dfb-2543-4df1-a20f-aa93f6ae9687,21.08.2026 15:26,Галина Димитрова Жечева,Ръчно разпределение,Теменуга Иванова Стоева,
24eb5d2f-464d-4148-99ea-fa534bb23cee,21.08.2026 15:25,Георги Димитров Димитров,Автоматично,Щеряна Михалева Гъркова,
2f34de6e-e1d3-479c-b0b1-cb520fc487ed,21.08.2026 15:25,Силвия Георгиева Иванова,Автоматично,ЕИСС - Централно Разпределяне,
c9776ff9-1c61-4373-8fd9-72140a948bed,21.08.2026 15:25,Майя Йончева Йончева,Автоматично,ЕИСС - Централно Разпределяне,
04b17eb3-d87e-4621-95a9-a53ca33c57d9,21.08.2026 15:25,Минчо Стоянов Минев,Автоматично,ЕИСС - Централно Разпределяне,
ba141b6e-8001-4586-bd49-e672c9c8b18c,21.08.2026 15:24,Татяна Иванова Маслинкова,Автоматично,Щеряна Михалева Гъркова,
32803933-904b-4001-8f49-97fbe10cb53b,21.08.2026 15:24,ЙОВКА БОЙЧЕВА ПУДОВА,Автоматично,МАРИЯ СТАНИМИРОВА СТОЯНОВА,
859b6977-4062-47f3-8bec-34328f057def,21.08.2026 15:24,ДОРОТЕЯ ЕНЧЕВА ИВАНОВА,Разпределение по дежурство,ДОРОТЕЯ ЕНЧЕВА ИВАНОВА,
0ac9ef39-e025-497a-a6b2-ef4300f997e4,21.08.2026 15:23,Марин Митков Чорбаджийски,Автоматично,ЕИСС - Централно Разпределяне,
16334a3d-d713-4de5-b1c0-6e08e2d8305a,21.08.2026 15:23,ДОРОТЕЯ ЕНЧЕВА ИВАНОВА,Разпределение по дежурство,ДОРОТЕЯ ЕНЧЕВА ИВАНОВА,
68a95d98-a1a4-41cd-904c-e30833db1083,21.08.2026 15:23,ВЕСИСЛАВ РУМЕНОВ ГЕНОВ,Автоматично,ЕИСС - Централно Разпределяне,
be73bcc6-9512-43e4-bba7-712b388df326,21.08.2026 15:23,Мариела Викторова Йосифова,Автоматично,ЕИСС - Централно Разпределяне,
e5736946-499a-4323-9a75-3e40c55bf4a5,21.08.2026 15:23,Елка Антимова Хаджиева,Автоматично,Веселин Минчев Арнаудов,
c22b1a53-32ad-49a8-b019-4c70094115cc,21.08.2026 15:23,Мая Петрова Величкова,Разпределение по дежурство,ВАНЯ ИЛИЕВА ИЛИЕВА,
3c40e944-4dfb-448f-ba5a-3928c7e32317,21.08.2026 15:22,ДОРОТЕЯ ЕНЧЕВА ИВАНОВА,Разпределение по дежурство,ДОРОТЕЯ ЕНЧЕВА ИВАНОВА,
fbb013b7-b474-4f5e-800c-67dd387e3377,21.08.2026 15:22,Петя Георгиева,Разпределение по дежурство,Петър Теодосиев,
3bbb4cec-e165-403f-a131-9a5df1e2d4e6,21.08.2026 15:21,Зара Ехия Иванова,Автоматично,Лидия Иванова Петрова,
ba195d16-ac4b-4918-8a77-e746ddc0475e,21.08.2026 15:21,Спасимир Спасов Здравчев,Автоматично,Щеряна Михалева Гъркова,
b3eb0558-9c60-4bdc-9ac1-9956ea52997e,21.08.2026 15:21,Десислава Николаева Великова,Автоматично,ЕИСС - Централно Разпределяне,
e0cb376e-4a5e-4c93-8681-d7b5c001336e,21.08.2026 15:21,Мирослав Вълков,Автоматично,Даниела Радева,
1abea2f6-3d3f-4c90-aa7c-55f3357e8a2a,21.08.2026 15:21,Светла Иванова Иванова,Автоматично,ЕИСС - Централно Разпределяне,
aa579c75-abb9-4c7c-8de0-7e9418d0adb6,21.08.2026 15:21,КРИСТИАН АТАНАСОВ БАДЖАКОВ,Автоматично,ЕИСС - Централно Разпределяне,
fcde7707-d714-4a24-85a4-9433ef0d03c6,21.08.2026 15:23,Теменуга Иванова Стоева,Ръчно разпределение,Теменуга Иванова Стоева,
fcde7707-d714-4a24-85a4-9433ef0d03c6,21.08.2026 15:22,Галина Димитрова Жечева,Автоматично,Теменуга Иванова Стоева,
fcde7707-d714-4a24-85a4-9433ef0d03c6,21.08.2026 15:21,Веселина Валентинова Господинова,Автоматично,Теменуга Иванова Стоева,
c99b4c72-3fa7-447f-bf8f-5a8ce55a8414,21.08.2026 15:22,НЕЙКО ГЕОРГИЕВ НЕЙКОВ,Автоматично,МАРИЯ СТАНИМИРОВА СТОЯНОВА,
c1280e0a-4c99-49e7-967c-6fb53a64473d,21.08.2026 15:19,ГАЛИНА СЛАВОВА ГЕОРГИЕВА,Автоматично,ГАЛИНА СЛАВОВА ГЕОРГИЕВА,
bf851977-c7a0-4526-b768-24fa05253c59,21.08.2026 15:19,Петко Русев Георгиев,Автоматично,Петко Русев Георгиев,
0b749338-9363-4fd9-b461-0c507302aaa1,21.08.2026 15:19,Таня Димитрова Евтимова,Автоматично,Росица Пенчева Пенчева,
fdfa62da-4502-4a89-b1bd-ddb5fa18853b,21.08.2026 15:19,СИЛВИНА ДАЧКОВА ЙОВЧЕВА,Автоматично,ЕИСС - Централно Разпределяне,
5b46ea64-7e0e-4fd3-9af7-60230e425415,21.08.2026 15:19,ВИКТОРИЯ ВАЛЕНТИНОВА ГРЪНЧАРСКА,Автоматично,ЕИСС - Централно Разпределяне,
cc763ec0-beae-418f-a67e-fe9e1fbcaf4c,21.08.2026 15:19,Иван Георгиев Бекяров,Автоматично,Щеряна Михалева Гъркова,
2a921e0e-e088-4107-a3d6-583d16cb7fad,21.08.2026 15:18,Мирослав Вълков,Автоматично,Даниела Радева,
d7ec8350-8189-430d-9d9a-5918b9ee6e60,21.08.2026 15:18,Борислав Любомиров Чернев,Автоматично,Петко Русев Георгиев,
21ad422d-e068-4a10-80dc-1d83bcfa9034,21.08.2026 15:17,Сона Вахе Гарабедян,Автоматично,ЕИСС - Централно Разпределяне,
33910140-d2b0-48df-b3cc-8367d2a0a2d5,21.08.2026 15:17,Динко Карамфилов Хаджиев,Автоматично,ЕИСС - Централно Разпределяне,
31b91b1b-a707-4c75-9598-fcb24303c241,21.08.2026 15:17,Елеонора Симеонова Кралева,Автоматично,Росица Пенчева Пенчева,
adc189b3-3a97-4241-a632-7c6e721a0f4c,21.08.2026 15:17,Магдалена Димова Инджова,Автоматично,Петко Русев Георгиев,
bf497e39-f25d-47e9-8e05-485a8b0f9586,21.08.2026 15:17,Анна Иванова Кайтазка,Автоматично,ЕИСС - Централно Разпределяне,
ad410456-f755-4954-babb-b2a119c53c01,21.08.2026 15:16,Светослав Неделчев Тодоров,Автоматично,Теменуга Иванова Стоева,
41f9ee5e-dee2-4760-81d5-8bbe76071dc1,21.08.2026 15:16,Жаклин Георгиева Димитрова Алексиева,Автоматично,Анджела Мариянова Николова Обретинова,
b7fdb881-b3fd-4f11-9d36-a40df7f706ca,21.08.2026 15:16,Ваня Вълкадинова,АР,Стоянка Пишиева-Сахатчиева,
816fe77b-80b1-4a91-a635-728dce3d50fa,21.08.2026 15:16,Илияна Росенова Ферева - Зелева,Автоматично,Веселин Минчев Арнаудов,
51c0401c-4a15-4bc5-9fb4-7afae7a36187,21.08.2026 16:15,АНТОНИ ИВАНОВ НИКОЛОВ,Автоматично,ДАНИЕЛА ХРИСТОВА ВЪЛЕВА,
5331f328-9864-4d66-982f-ec2a8af85deb,21.08.2026 15:15,Даниела Дончева Михова,Автоматично,Росица Пенчева Пенчева,
8cefec65-6346-4c91-84b6-a08e8e1a57c0,21.08.2026 15:15,ГАЛИНА СЛАВОВА ГЕОРГИЕВА,Автоматично,ГАЛИНА СЛАВОВА ГЕОРГИЕВА,
b1c89265-b80f-4cab-85bc-b7b9959e0351,21.08.2026 15:15,Костадин Божидаров Иванов,Автоматично,Щеряна Михалева Гъркова,
8c27d90f-f39a-48d1-8820-e03f5329d713,21.08.2026 15:15,Недко Цолов Петров,Автоматично,ЕИСС - Централно Разпределяне,
9d756357-83c4-4fba-9602-8a1b620c2a61,21.08.2026 15:15,Анна Георгиева Георгиева,Автоматично,Бонка Иванова Бонева Чонова,
7d6d945e-ce57-4273-9557-f7754b63ce8b,21.08.2026 15:15,ЛАЗАР КИРИЛОВ ВАСИЛЕВ,Автоматично,ЕИСС - Централно Разпределяне,
46f628ee-dd7f-4abb-b87e-919a4fb5eb7b,21.08.2026 15:15,ДЕСИСЛАВА СТОЯНОВА ВЛАЙКОВА,Автоматично,ЕИСС - Централно Разпределяне,
c8280b95-074a-48f5-81a4-ce17d469c707,21.08.2026 15:15,Димитър Думбанов,Автоматично,Стоянка Пишиева-Сахатчиева,
e59ba3cd-f86f-4a93-8f9b-9b1ccfd26f15,21.08.2026 15:16,Боряна Бороджиева,АР,Радина Карамфилова,
e59ba3cd-f86f-4a93-8f9b-9b1ccfd26f15,21.08.2026 15:15,Теодора Василева,Автоматично,Радина Карамфилова,
1d4c597e-ae2c-4617-807e-51694bbb9d85,21.08.2026 15:14,Магдалена Димова Инджова,Автоматично,Петко Русев Георгиев,
9d1f048e-e5c6-4495-8d3e-fe9b7567f12c,21.08.2026 15:14,Владимир Атанасов Пензов,Разпределение по дежурство,Владимир Атанасов Пензов,
f17c7e80-e92b-4f24-9585-ad0f0f5c0ff9,21.08.2026 15:14,Крум Илиев Динев,Ръчно разпределение,Крум Илиев Динев,
426ec799-4eb7-44b0-a2ba-690a09faa539,21.08.2026 15:13,Иван Петков,Автоматично,Стоянка Пишиева-Сахатчиева,
311524d5-fb1e-4459-819d-c3c9ca8992fc,21.08.2026 15:13,Христо Георгиев Иванов,Автоматично,Щеряна Михалева Гъркова,
2b35abae-b23b-46a2-97ce-e9766a70a74b,21.08.2026 15:13,Атанас Кобуров,Автоматично,ЕИСС - Централно Разпределяне,
f999453d-1b48-4ad9-9873-9f6c6cd7c244,21.08.2026 15:12,Златина Данчева,Автоматично,Стоянка Пишиева-Сахатчиева,
343f31ed-8eb6-45c3-9b73-3b2f268193bf,21.08.2026 15:12,Кристина Евгениева Панкова,Автоматично,Владимир Атанасов Пензов,
e0cc85c0-47a7-4930-8eb6-10e40c632965,21.08.2026 15:12,Боряна Петкова,АР,Радина Карамфилова,
e0cc85c0-47a7-4930-8eb6-10e40c632965,21.08.2026 15:11,Елеонора Попова,Автоматично,Радина Карамфилова,
e176fd71-186d-45cc-97d6-dbae72696ba6,21.08.2026 15:11,Георги Иванов,Автоматично,Стоянка Пишиева-Сахатчиева,
0ebf7d26-4f69-469f-96f6-d85911d2390d,21.08.2026 15:11,МИЛЕНА АЛЕКСИЕВА,Автоматично,ЕИСС - Централно Разпределяне,
de5cf569-b48d-43c7-aefb-1be5e18dd05e,21.08.2026 15:11,Майя Йончева Йончева,Автоматично,ЕИСС - Централно Разпределяне,
0b26ea88-6ccf-4b54-a167-7c32668e6d8c,21.08.2026 15:10,Мариана Гунчева,Автоматично,Вергиния Еланчева,
187c49dc-fd54-4b7b-8e1e-92ea64251007,21.08.2026 15:10,Нася Иванова Япаджиева,Автоматично,Димитър Маринов Димитров,
47a332a2-b74c-4de5-a385-8fa9ad574976,21.08.2026 15:10,Георги Иванов,Автоматично,Стоянка Пишиева-Сахатчиева,
96a0a36d-bb7b-4445-b10b-850a3d5aff5a,21.08.2026 15:10,Елеонора Симеонова Кралева,Автоматично,Росица Пенчева Пенчева,
fc936e43-f775-40ab-8f2b-3ff2d92c7fa1,21.08.2026 15:10,Веселин Христов Коларов,Автоматично,ГАЛИНА СЛАВОВА ГЕОРГИЕВА,
622f5a83-cc43-4041-808b-eff7eabdd9e2,21.08.2026 15:09,Мариана Гунчева,Автоматично,Вергиния Еланчева,
48e628bf-8d65-4acf-952b-d653455be638,21.08.2026 15:09,Тодор Илиев Тихолов,Автоматично,Тодор Илиев Тихолов,
37153c3c-9119-440d-9eca-ff9a464f22c8,21.08.2026 15:09,ИСКРЕН БОРИСОВ,Автоматично,ЕИСС - Централно Разпределяне,
f84c9530-9332-4cf9-9f92-805480be3969,21.08.2026 15:09,Мирослава Неделчева,Автоматично,ЕИСС - Централно Разпределяне,
a9faee3c-6ee8-431f-b262-3ad7efb0f5f5,21.08.2026 15:09,НАДЕЖДА ВЕСЕЛИНОВА ДИМИТРОВА,Автоматично,ЕИСС - Централно Разпределяне,
c8443e98-9701-48c3-9765-a2b40e233876,21.08.2026 15:09,Николинка Бузова,Автоматично,Стоянка Пишиева-Сахатчиева,
d5d39989-dacb-4662-a32e-cc7334e5bdeb,21.08.2026 15:09,Росен Димитров Парашкевов,Автоматично,Росица Пенчева Пенчева,
4c08f1ed-f266-4b23-8a16-2c673e6495e0,21.08.2026 15:08,Веселин Христов Коларов,Автоматично,ГАЛИНА СЛАВОВА ГЕОРГИЕВА,
63ebb29f-e0c2-4d6c-893c-6ebe1467fbd1,21.08.2026 15:08,Биляна Панталеева-Кайзерова,Автоматично,Росица Славчева,
05d4f6cb-1f50-4d66-a72c-5004170c4275,21.08.2026 15:10,Боряна Петкова,АР,Радина Карамфилова,
05d4f6cb-1f50-4d66-a72c-5004170c4275,21.08.2026 15:07,Ася Тодорова,Автоматично,Радина Карамфилова,
135229fb-4522-48c1-b850-5b591d118206,21.08.2026 15:07,НЕЙКО ГЕОРГИЕВ НЕЙКОВ,Автоматично,ЕИСС - Централно Разпределяне,
bfbbacf4-2ab3-481f-8d04-bca046c7fc35,21.08.2026 15:07,Албена Дякова Великова,Автоматично,ЕИСС - Централно Разпределяне,
562c3cc3-ba91-4b80-97bc-f0081820d2ab,21.08.2026 15:06,ГАЛИНА СЛАВОВА ГЕОРГИЕВА,Автоматично,ГАЛИНА СЛАВОВА ГЕОРГИЕВА,
c32c3a1c-5f94-4e52-984c-58e097fe753a,21.08.2026 15:06,Веселка Георгиева Узунова,Автоматично,Росица Пенчева Пенчева,
c816044a-7ad3-46b1-8c41-b7f1876e06a2,21.08.2026 15:06,Десислава Николаева Великова,Автоматично,ЕИСС - Централно Разпределяне,
f7839b97-5f7c-439a-974f-3d2557c040ff,21.08.2026 15:05,Веселин Христов Коларов,Автоматично,ГАЛИНА СЛАВОВА ГЕОРГИЕВА,
044fd3cd-5b50-481c-a6c0-8b40b3768bd2,21.08.2026 15:04,ДЕЛЯН ЛЮБОМИРОВ ДИЛКОВ,Разпределение по дежурство,ВЕЛИНА ВЛАДИМИРОВА КАРАГЕОРГИЕВА,
1baf7ef9-eb67-4303-91c7-e889fe5c04f4,21.08.2026 15:05,Таня Ташкова Русева Маркова,Автоматично,Росица Пенчева Пенчева,
d945e8da-fdb7-40b7-b50b-364dcc987890,21.08.2026 15:04,АЛЕКСАНДЪР ДИМИТРОВ МУРТЕВ,Автоматично,НИКОЛИНА СТАМОВА ДИМИТРОВА,
f9c341a6-a50e-4edc-bf18-19dddc961a8e,21.08.2026 15:04,Георги Янчев Николов,Разпределение по дежурство,Георги Янчев Николов,
d78bc3cd-8345-453b-ba1a-b7ba6d266d62,21.08.2026 15:04,КАМЕЛИЯ ГЕОРГИЕВА НЕНКОВА,Автоматично,Радослава Асенова Алексова,
d101e132-a9de-4ae4-bc3f-fb244eb55c9c,21.08.2026 16:14,АНТОНИ ИВАНОВ НИКОЛОВ,Автоматично,ДАНИЕЛА ХРИСТОВА ВЪЛЕВА,
b8d94556-0f23-4404-b718-fd1060c9a342,21.08.2026 15:03,Христо Тотев Христов,Автоматично,Христо Тотев Христов,
f95bfb8a-01e9-47ef-976a-e28f3ca98d3d,21.08.2026 15:03,СИЛВИЯ ВЛАДИМИРОВА ПЕТРОВА,Автоматично,НИКОЛИНА СТАМОВА ДИМИТРОВА,
7828c575-dbfe-4a1b-97a7-90b51d6343a6,21.08.2026 15:03,Мариана Костадинова Тодорова Досева,Автоматично,ЕИСС - Централно Разпределяне,
e51d48d1-67c8-4e3d-8f0c-719ea496d2ba,21.08.2026 15:03,Веселина Михайлова Узунова Панчева,Автоматично,ЕИСС - Централно Разпределяне,
d6e8a884-ff69-429e-b539-14f93a9f2361,21.08.2026 15:03,Мирослав Данаилов Досов,Автоматично,ЕИСС - Централно Разпределяне,
d62a5ecf-8720-4cc8-8e57-bd11f4848604,21.08.2026 15:02,Николай Захариев Петров,Автоматично,ЕИСС - Централно Разпределяне,
53698614-82a9-4b12-add0-842b47db9547,21.08.2026 15:02,Антоанета Маринова Симеонова,Автоматично,ЕИСС - Централно Разпределяне,
11715f87-b816-4cbf-8eae-d2e526fdf70b,21.08.2026 15:02,Димитър Пенчев Стоянов,Автоматично,НИКОЛИНА СТАМОВА ДИМИТРОВА,
05fce1ff-5ab4-4151-84db-0fd98adbc47c,21.08.2026 15:02,Минчо Стоянов Минев,Автоматично,ЕИСС - Централно Разпределяне,
d62084e3-acdb-4571-99d7-2fc8c8b55da8,21.08.2026 15:04,Боряна Бороджиева,АР,Радина Карамфилова,
d62084e3-acdb-4571-99d7-2fc8c8b55da8,21.08.2026 15:02,Росица Цветкова,Автоматично,Радина Карамфилова,
a56a555e-1d68-49a2-9ca2-56fcfae0fc97,21.08.2026 15:02,Нася Иванова Япаджиева,Автоматично,Димитър Маринов Димитров,
b6a575b6-b7f6-441b-9875-d4b3b9cda7b4,21.08.2026 15:02,ТЕОДОРА ДИМИТРОВА КЮРКЧИЕВА,Автоматично,ЕИСС - Централно Разпределяне,
ab31f5a7-99b6-4894-b794-148916002a3c,21.08.2026 15:02,Мирослав Руменов Саневски,Автоматично,ЕИСС - Централно Разпределяне,
b7f25388-04b4-428a-b682-9874682be72c,21.08.2026 15:01,АЛЕКСАНДЪР ДИМИТРОВ МУРТЕВ,Автоматично,НИКОЛИНА СТАМОВА ДИМИТРОВА,
a71512ce-7535-42f3-a223-ae221c39ec35,21.08.2026 15:01,ИЛИНА ВЕЛИЗАРОВА ЗЛАТАРЕВА МИТЕВА,Разпределение по дежурство,ВАНЯ ПЕТКОВА ГЕОРГИЕВА,
d602d535-ede3-4470-bb5d-4a9d59ee59c5,21.08.2026 15:02,Борислава Петрова Борисова-Здравкова,Автоматично,Радослава Асенова Алексова,
6c225f54-64f2-4276-90db-6e3c46c22acc,21.08.2026 15:01,Христо Тотев Христов,Автоматично,ЕИСС - Централно Разпределяне,
9d6440e2-1e44-408f-892b-fada8851b200,21.08.2026 15:01,ДАНИЕЛА ХРИСТОВА ВЪЛЕВА,Автоматично,ЕИСС - Централно Разпределяне,
e192d31e-138b-44eb-bb09-94e3ac28c42e,21.08.2026 15:01,Марина Трифонова Цветкова,Автоматично,ЕИСС - Централно Разпределяне,
3e6e4564-1afa-4497-95f6-3aceb9514017,21.08.2026 15:01,Доротея Петкова Янкова,Автоматично,ЕИСС - Централно Разпределяне,
888a91b0-fcac-4296-bdc2-442cfe6fe33d,21.08.2026 15:01,Вера Светославова Найденова,Автоматично,ЕИСС - Централно Разпределяне,
48892e6c-b8c2-4b03-a20c-907ca6ff595e,21.08.2026 15:00,Пламен Пантев Денев,Автоматично,ЕИСС - Централно Разпределяне,
7f16e1d3-b6f8-4a2e-a45e-2092ff37110d,21.08.2026 15:00,ЛИЛИЯ ГЕОРГИЕВА ТЕРЗИЕВА,Автоматично,ЕИСС - Централно Разпределяне,
b0ca4af2-7ded-448a-a509-5e6c4a22d47d,21.08.2026 15:00,Радослав Георгиев,Автоматично,Соня Любчова Костадинова,
e74ee32c-9e47-46f7-a9f8-375e6109f952,21.08.2026 15:00,Таня Илкова,Автоматично,ЕИСС - Централно Разпределяне,
5cff6fc8-e61b-475b-99bf-9f8376fef926,21.08.2026 15:00,Майя Йончева Йончева,Автоматично,ЕИСС - Централно Разпределяне,
a5993848-b9cb-4db9-b585-9d34c8609572,21.08.2026 15:00,Десислава Николаева Великова,Автоматично,ЕИСС - Централно Разпределяне,
d3c32c4c-065f-4c84-acee-391e565207d9,21.08.2026 14:59,Мария Иванова-Даскалова,АР,Янка Ганчева,
309ecd2d-29e5-45bf-9f17-6fae13bedba2,21.08.2026 14:59,Поля Павлинова Иванова,Автоматично,ЕИСС - Централно Разпределяне,
57a3279c-6193-456d-8763-7a6e3a0614a8,21.08.2026 15:00,Захари Илиянов Захариев,Автоматично,Евгения Георгиева Симеонова,
986e149e-3f02-4985-ae1c-b8799877d95a,21.08.2026 14:59,Недялка Николова Вълчева,Автоматично,ЕИСС - Централно Разпределяне,
8a75bd80-8099-4423-a9e9-6ea7c45b6b20,21.08.2026 14:59,Симеон Горанов Гюров,Автоматично,ЕИСС - Централно Разпределяне,
e7501020-01a5-49a4-8f3e-b5cb2f6a794f,21.08.2026 14:59,КАЛИН СТЕФАНОВ КУНЧЕВ,Автоматично,НИКОЛИНА СТАМОВА ДИМИТРОВА,
cb39c9e9-45a3-4743-976a-9e61dee3bf0e,21.08.2026 14:59,Милена Стоянова Стоянова,Автоматично,ЕИСС - Централно Разпределяне,
facc1103-fc50-420e-9865-6eb228d723ae,21.08.2026 14:59,ЕВЕЛИНА КАРАГЕНОВА,Автоматично,ЕИСС - Централно Разпределяне,
ca836a4f-46ed-4fc5-b8cd-a4a429922d2c,21.08.2026 14:59,Кристиан Димитров Колев,Ръчно разпределение,Радослава Асенова Алексова,
f4ed7267-5fce-4a23-9388-bf8ace29098b,24.08.2026 14:51,ДИАН МИЛЕНОВ НЕДЕЛЧЕВ,Ръчно разпределение,ИЛИЯ ТОДОРОВ ИЛИЕВ,
f4ed7267-5fce-4a23-9388-bf8ace29098b,21.08.2026 14:58,ЛЮЛИН ВЕНЕЛИНОВ ЛОЗАНОВ,Автоматично,АНЕТА МИЛЧЕВА ПЕТКОВА,
bde205f9-85c6-4bd1-a696-ac9d6fb11f40,21.08.2026 14:59,Гергана Желязкова Кондова,Автоматично,Станка Андонова Христова,
4be4949e-2805-48de-b1f3-9be3c4d293d7,21.08.2026 14:58,Велина Пенева,Автоматично,ЕИСС - Централно Разпределяне,
100c9c6b-75f2-42ee-b272-d64509dccd08,21.08.2026 14:58,ГЕОРГИ ГЕОРГИЕВ,Автоматично,ЕИСС - Централно Разпределяне,
08bb63bc-3330-4445-8376-a6753c3fb48b,21.08.2026 14:58,КРИСТИЯН АНТОНИЕВ ПОПОВ,Автоматично,НИКОЛИНА СТАМОВА ДИМИТРОВА,
e845a87c-af55-4ffc-9d12-1e5462a2d361,21.08.2026 14:58,Биляна Великова Видолова,Автоматично,ЕИСС - Централно Разпределяне,
26173054-e85b-4549-a6cf-8a750f846b3b,21.08.2026 14:59,КАМЕЛИЯ ПЛАМЕНОВА СТОЙКОВА,Автоматично,ИВАЙЛО АЛЕКСАНДРОВ ЙОРДАНОВ,
8066a68d-89f2-438c-9d2f-aa1ce2be0340,21.08.2026 14:58,КАТЯ БОЖИДАРОВА АНГЕЛОВА-ПЕТРОВА,Автоматично,ЕИСС - Централно Разпределяне,
22045b61-b76d-49b1-9b0e-d52fb0591d6d,21.08.2026 14:58,Атанас Кобуров,Автоматично,ЕИСС - Централно Разпределяне,
b0531b91-3ea8-4267-8f4e-fedec53881b0,21.08.2026 14:58,МАЯ НИКОЛОВА СТЕФАНОВА,Автоматично,СТАНИМИРА ГЕОРГИЕВА ГЕОРГИЕВА,
031d47fd-f8f0-43e7-92d1-b6755466dec6,21.08.2026 14:57,ЛАЗАР КИРИЛОВ ВАСИЛЕВ,Автоматично,НИКОЛИНА СТАМОВА ДИМИТРОВА,
437e2814-01e4-455a-b7c7-6eb97ce2e9c6,21.08.2026 14:58,Борис Константинов Динев,Автоматично,Евгения Георгиева Симеонова,
4a772745-5dc1-4cc3-9177-9a7cfb454c6e,21.08.2026 14:57,АЛЕКСАНДЪР ДИМИТРОВ МУРТЕВ,Автоматично,ЕИСС - Централно Разпределяне,
4e9b2a90-9180-4255-81dc-b83744e35f64,21.08.2026 14:57,Радосвета Добрева Станимирова,Автоматично,ЕИСС - Централно Разпределяне,
2825ed6b-8bb2-4041-8510-118a2d8f391c,21.08.2026 14:57,ЕЛЕОНОРА ФИЛИПОВА,Автоматично,ЕИСС - Централно Разпределяне,
cd14ce06-acb3-4eb2-b6d8-281d052761a8,21.08.2026 14:57,ВАЛЕНТИНА ИВАНОВА ТОДОРОВА,Автоматично,ЕИСС - Централно Разпределяне,
0e9bb9c7-f7cb-4d30-8d6f-bb777050feb4,21.08.2026 14:57,Вили Дацов,Автоматично,Лилия Трендафилова Траева,
9bb1472a-510e-4671-a978-d8ee11d8d57d,21.08.2026 14:57,Янка Ганчева,АР,Янка Ганчева,
dcd210bc-2c96-480c-965b-bdd5f9463f4b,21.08.2026 14:57,Николай Захариев Петров,Автоматично,ЕИСС - Централно Разпределяне,
cd23d467-6b60-482e-a687-d325da56e6cc,21.08.2026 14:56,ПАНАЙОТ СТОЯНОВ АТАНАСОВ,Автоматично,НИКОЛИНА СТАМОВА ДИМИТРОВА,
37d54135-5b5b-438c-885f-e5c44596de2b,21.08.2026 14:56,Петя Цветанова,Автоматично,ЕИСС - Централно Разпределяне,
018fdd31-3b8b-4a99-9abd-8fe4d241155e,21.08.2026 14:56,Иван Цветозаров Иванов,Автоматично,ЕИСС - Централно Разпределяне,
1cbbb093-ac34-4e15-91cf-494856d178a2,21.08.2026 14:56,АЛЕКСАНДРА НАНОВА,Автоматично,ЕИСС - Централно Разпределяне,
17b0f3f6-76e2-4cdd-971d-a37f6986b6f7,21.08.2026 14:56,Наталия Петрова Лаловска,Автоматично,Красимир Мазгалов,
d5a02d21-3bdc-44ae-91ab-9e230df1758e,21.08.2026 14:56,НЕВЕНА ИВАНОВА КОВАЧЕВА,Автоматично,НИКОЛИНА СТАМОВА ДИМИТРОВА,
212c78d9-369e-4ff2-9b4f-89add8ce116e,21.08.2026 14:56,ИВАНА ТОДОРОВА,Автоматично,ЕИСС - Централно Разпределяне,
f13a7692-dfeb-4ddd-8323-d1e3d9fbfeb0,21.08.2026 14:57,КРАСИМИР ИВАНОВ ПЕТРАКИЕВ,Разпределение по дежурство,ВЕРГИНИЯ НИКОЛАЕВА ПЕТКОВА,
a8c0546a-133f-4677-8259-3eee1cd17aa6,21.08.2026 14:56,Мирослав Руменов Саневски,Автоматично,ЕИСС - Централно Разпределяне,
4c387f8f-16ca-41b6-94b5-92b4efb80695,21.08.2026 14:56,Деница Митрова,Автоматично,Радина Карамфилова,
14aa7893-b583-45dc-b86d-72dba82dfcfa,21.08.2026 14:55,Мира Руменова Джонева,Автоматично,Евгения Георгиева Симеонова,
a75de90b-cd51-485a-b14f-ad17bfa941f4,21.08.2026 14:55,Симеон Илиянов Светославов,Автоматично,ЕИСС - Централно Разпределяне,
e4736423-a379-4749-ba03-493d0dc41ebd,21.08.2026 14:55,ЛАЗАР КИРИЛОВ ВАСИЛЕВ,Автоматично,НИКОЛИНА СТАМОВА ДИМИТРОВА,
62a99aa6-91d4-49c4-87a7-e0a198d9c71a,21.08.2026 14:55,Мариела Викторова Йосифова,Автоматично,ЕИСС - Централно Разпределяне,
5dbdd0b5-87fc-4407-abb3-a260e21dfb21,21.08.2026 14:55,Жулиета Цонева Стоянова,Автоматично,ЕИСС - Централно Разпределяне,
f109e375-b99c-4f76-bb14-5f78aae6768d,21.08.2026 14:55,РОСЕН ПЛАМЕНОВ АЛЕКСАНДРОВ,Автоматично,ДАНИСЛАВА САШКОВА ПАВЛОВА,
4ccf3cfa-d049-4854-b47d-1f20832b138e,21.08.2026 14:55,Мария Вангелова Грунова,Автоматично,ЕИСС - Централно Разпределяне,
29ece867-90f3-456b-80e8-d75f8af2fd7a,21.08.2026 14:56,СВЕТОСЛАВ ТИХОМИРОВ СПАСЕНОВ,Автоматично,ИВАЙЛО АЛЕКСАНДРОВ ЙОРДАНОВ,
584232ef-256e-4f71-bba9-ed2d7b7a24c5,21.08.2026 14:55,Орлин Летов,Автоматично,ЕИСС - Централно Разпределяне,
8d4a697b-f380-4a2c-9765-38af250e254b,21.08.2026 14:54,Кремена Тодорова Стамболиева Байнова,Автоматично,Димитър Стоянов Малинин,
755adbb7-8ed6-4b2e-aaab-81e0943edee7,21.08.2026 14:55,ЛОРА РАНГЕЛОВА СТЕФАНОВА,Автоматично,Радослава Асенова Алексова,
c9a17789-1df3-45ec-9aa2-071ad79dc59d,21.08.2026 14:55,КАЛИН СТЕФАНОВ КУНЧЕВ,Автоматично,НИКОЛИНА СТАМОВА ДИМИТРОВА,
91b5e33a-a07d-4d77-8034-dc8406325efb,21.08.2026 14:54,Антонина Даниелова Якимова,Автоматично,ЕИСС - Централно Разпределяне,
a4cdc85a-1434-44b6-9c36-29660a2818d7,21.08.2026 14:54,Магдалена Георгиева Татарева Кръстева,Автоматично,ЕИСС - Централно Разпределяне,
0485e076-014f-4bb5-a5e4-6efeafbcecbd,21.08.2026 14:54,Палмира Димитрова Атанасова,Автоматично,Палмира Димитрова Атанасова,
a876769a-5b40-4653-b02b-5e76a4d9350a,21.08.2026 14:54,Диана Розалинова Хубенова,Автоматично,ЕИСС - Централно Разпределяне,
7155aac4-b5b5-4afe-8779-2c36089344bf,21.08.2026 14:54,НИКОЛА ТОДОРОВ ДЕЛИЕВ,Автоматично,ЕИСС - Централно Разпределяне,
ee4c4502-b6fa-443b-9b1d-28a318614bbf,21.08.2026 14:54,Тихомир Руменов Рачев,Автоматично,ЕИСС - Централно Разпределяне,
604b9825-e782-400a-8e84-12044963e3a8,21.08.2026 14:54,Борис Константинов Динев,Автоматично,Евгения Георгиева Симеонова,
ff96d0be-2e4f-4594-a2d1-7e33f31a3cb9,21.08.2026 14:53,Магдалена Бориславова Младенова-Стоева,Автоматично,ЕИСС - Централно Разпределяне,
4fe0815f-5700-4b4e-91a3-f0fbe6cb3dc7,21.08.2026 14:53,ДИМАНА ГЕОРГИЕВА КИРЯЗОВА ВЪЛКОВА,Автоматично,НИКОЛИНА СТАМОВА ДИМИТРОВА,
58024bd0-8252-4392-9069-b77858fcc55f,21.08.2026 14:53,Велина Иванова Полежанова,Автоматично,ЕИСС - Централно Разпределяне,
d044eb85-09c9-4a0c-bca5-e5b6324bc5f5,21.08.2026 14:53,ДИМИТЪР ВАСИЛЕВ ВАСИЛЕВ,Автоматично,ЕИСС - Централно Разпределяне,
c446da57-cb5e-447d-aeca-ecba64216bcb,21.08.2026 14:53,Теодора Руменова Йорданова-Момова,Автоматично,ЕИСС - Централно Разпределяне,
6e10fd2e-110d-4855-a9cc-795d998e68c3,21.08.2026 14:53,КАЛИН СТЕФАНОВ КУНЧЕВ,Автоматично,ЕИСС - Централно Разпределяне,
76a0d46b-882e-416c-8851-ab48338d5805,21.08.2026 14:52,КАЛИН СТЕФАНОВ КУНЧЕВ,Автоматично,НИКОЛИНА СТАМОВА ДИМИТРОВА,
a7b9befc-b06a-4d5f-b24d-4eaf553255a2,21.08.2026 14:52,Надежда Димитрова Кирилова,Автоматично,ЕИСС - Централно Разпределяне,
cf896bf4-6764-46a6-b38f-13cacfbeb40d,21.08.2026 14:53,НЕВЕНА ИЛАРИОНОВА ИВАНОВА,Автоматично,МИХАИЛ ГЕОРГИЕВ МИХАЙЛОВ,
bee6db30-6e15-410b-a157-aa7f7bcb5c84,21.08.2026 14:52,Майя Йончева Йончева,Автоматично,ЕИСС - Централно Разпределяне,
ac1a2bad-fe2d-414a-93e1-81052b5a99f5,21.08.2026 14:52,Петя Цветанова,Автоматично,ЕИСС - Централно Разпределяне,
974ced1b-d3dd-46ca-8911-474ebb9205d4,21.08.2026 14:52,ЛЮБОМИР ХРИСТОСКОВ ВЪРБЕВ,Автоматично,ЕИСС - Централно Разпределяне,
bb42c249-539a-418c-b8e4-569c22fc783d,21.08.2026 14:52,ВЕНЦИСЛАВ СТЕФАНОВ ВЪЛЧЕВ,Автоматично,ЕИСС - Централно Разпределяне,
7e2dc918-c91b-4c81-902c-f080e0a2a11b,21.08.2026 14:51,Живко Павлов Георгиев,Автоматично,ЕИСС - Централно Разпределяне,
537c71c1-720e-453c-95f1-68f5c0619c88,21.08.2026 14:52,Явор Петров Джамалов,Автоматично,Радослава Асенова Алексова,
3286a7e8-dc01-4367-bc45-f5d8626820fc,21.08.2026 14:51,Силвия Георгиева Иванова,Автоматично,ЕИСС - Централно Разпределяне,
4cf9a6fb-571b-4cf7-b0a3-9eae023a2471,21.08.2026 14:51,Росен Иванов Балкански,Автоматично,ЕИСС - Централно Разпределяне,
297613d4-9f7d-4fb9-b6b1-7834e9beceb5,21.08.2026 14:53,Ванина Колева,АР,Радина Карамфилова,
297613d4-9f7d-4fb9-b6b1-7834e9beceb5,21.08.2026 14:51,Наталия Ангелова,Автоматично,Радина Карамфилова,
c36fbae6-42f8-4175-ad50-3b1960507ab4,21.08.2026 14:51,Димитър Пенчев Стоянов,Автоматично,ЕИСС - Централно Разпределяне,
366f688b-cb2d-4ed2-a419-80d0694ff789,21.08.2026 14:52,АЛЕКСАНДЪР ВЕЛИНОВ АНГЕЛОВ,Автоматично,ИВАЙЛО АЛЕКСАНДРОВ ЙОРДАНОВ,
03897fa7-2bb7-4438-bad6-6f4d1af82280,21.08.2026 14:51,Мирослав Руменов Саневски,Автоматично,ЕИСС - Централно Разпределяне,
0dfb5c37-d80e-4fd2-8f32-4ae74efd37b0,21.08.2026 14:50,Албена Миронова,Автоматично,ЕИСС - Централно Разпределяне,
3deac4ca-3260-43ed-b32a-91017872b089,21.08.2026 14:50,Красимира Делчева Кондова,Автоматично,ЕИСС - Централно Разпределяне,
e7184c41-a5cb-46be-932b-00f61da29163,21.08.2026 14:50,Мирослав Руменов Саневски,Автоматично,ЕИСС - Централно Разпределяне,
df3659b4-0e84-48c3-ac7a-2d8c5ca78d4f,21.08.2026 14:50,Петя Венциславова Петрова - Светиева,Автоматично,ЕИСС - Централно Разпределяне,
6a58af42-82c7-48bd-b838-f2e01933883c,21.08.2026 14:50,Мина Цветанова Павлова,Автоматично,ЕИСС - Централно Разпределяне,
618bfe0d-b898-4745-b0c6-6f63d5cdd645,21.08.2026 14:50,Цвета Боянова Борисова,Автоматично,Десислава Владимирова Добрева,
d34f9958-cfaf-42f6-bb82-3a3e7c3b2c94,21.08.2026 14:49,Десислава Николаева Великова,Автоматично,ЕИСС - Централно Разпределяне,
d9c7f9ed-0224-403b-9343-06e3a45b32ae,21.08.2026 14:49,ТИНА РОСЕНОВА МАЛИНОВА,Автоматично,ЕИСС - Централно Разпределяне,
419054e0-2050-4a13-b549-59600d04b03f,21.08.2026 14:49,ФИЛИП СТОЯНОВ РАДИНОВ,Автоматично,ЕИСС - Централно Разпределяне,
482dee38-daf2-4f6a-9638-bd7ebd2e3cff,21.08.2026 14:49,Ваня Тенева,Автоматично,ЕИСС - Централно Разпределяне,
750165d3-7c0d-4d9d-8cb8-1c7baadf28b2,21.08.2026 14:49,Тодор Илиев Тихолов,Автоматично,ЕИСС - Централно Разпределяне,
aa0df11b-37e0-4a21-8b02-e95062a6e7a7,21.08.2026 14:50,Иваел Лозев,Ръчно разпределение,Светлана Драгоманска,
0dca6085-e257-48fa-9b86-b64a6aa3b975,21.08.2026 14:48,МИЛЕНА АЛЕКСИЕВА,Автоматично,ЕИСС - Централно Разпределяне,
68532dd3-741d-4c69-91e1-575c0e93495c,21.08.2026 14:49,ВАНЯ БОРИСОВА ИВАНОВА ЗГУРОВА,Автоматично,ИВАЙЛО АЛЕКСАНДРОВ ЙОРДАНОВ,
fef87536-be24-44c8-9cb4-e5b7ceab6448,21.08.2026 14:48,Елица Юлиянова Орманова,Автоматично,ЕИСС - Централно Разпределяне,
d874694c-9f73-4218-837b-0a0314961514,21.08.2026 14:48,Борислав Методиев Методиев,Автоматично,ЕИСС - Централно Разпределяне,
7b07989b-e3cc-4268-8564-2188616508ac,21.08.2026 14:55,Симеон Стефанов Стойчев,Автоматично,Симеон Стефанов Стойчев,
d46d2bf4-cf57-4b10-af5d-79c6bda38ea2,21.08.2026 14:48,Мариана Костадинова Тодорова Досева,Автоматично,ЕИСС - Централно Разпределяне,
c69e61f7-2f11-4452-8e59-2f8753e8757e,21.08.2026 14:48,Калин Георгиев Колешански,Автоматично,ЕИСС - Централно Разпределяне,
5547b574-15db-4cd8-bf4b-ce85fa408008,21.08.2026 14:47,Иглика Жекова,Автоматично,Светлана Драгоманска,
3b583c2f-835b-48c3-b7cf-19f911132b1f,21.08.2026 14:47,Иван Борисов Вътков,Автоматично,ЕИСС - Централно Разпределяне,
b2ed5bdf-6584-4b5d-805b-ab7e44aa6aa9,21.08.2026 14:48,Мирослава Данева,Автоматично,Десислава Владимирова Добрева,
27257c70-06b5-4fa8-90c5-0f18df9d1c6b,21.08.2026 14:47,Мария Джанкова Богданова,Автоматично,ЕИСС - Централно Разпределяне,
f60a6bfb-48f3-4839-9160-c743f7a8b9c8,21.08.2026 14:47,Владимир Николов,Автоматично,Радина Карамфилова,
edcfb54f-3377-443b-9066-96e01d291a36,21.08.2026 14:47,Янко Венциславов Чавеев,Автоматично,Симеон Стефанов Стойчев,
ca27fd15-a837-4612-ae78-f68281840a5b,21.08.2026 14:47,МОНИКА ПЛАМЕНОВА ДОБРИНОВА,Автоматично,ЕИСС - Централно Разпределяне,
9667f80f-fb8d-4e7a-8307-a3b3167b6977,21.08.2026 14:48,Кристина Филипова,Ръчно разпределение,Капка Павлова,
1352dc95-e64f-495c-84e9-c1fc39ef799b,21.08.2026 14:47,Антон Еленков Антов,Автоматично,ЕИСС - Централно Разпределяне,
58e5c6bc-a7fa-42e7-95a1-adf2c5bd9083,21.08.2026 14:47,Атанас Кобуров,Автоматично,ЕИСС - Централно Разпределяне,
01fdc482-2b38-4a28-8487-171098b9dfb3,21.08.2026 14:47,Маринела Георгиева Стефанова,Автоматично,Поля Павлинова Иванова,
99171e92-c772-453d-866a-36902ab656f6,21.08.2026 14:46,БОРИСЛАВА ИЛИЕВА ЯКИМОВА,Автоматично,ЦВЕТОМИР ОЛЕГОВ ЦЕНКОВ,
1c149f90-eccc-4b61-8426-8ffcd75971de,21.08.2026 14:46,КРИСТИЯН АНТОНИЕВ ПОПОВ,Автоматично,ЕИСС - Централно Разпределяне,
39148df5-b193-4e78-96bd-a5f186689714,21.08.2026 14:46,Динко Минчев Динков,Автоматично,ЕИСС - Централно Разпределяне,
d2ba804f-8503-4ee4-9f1f-cc57891a97a9,21.08.2026 14:45,ЕВЕЛИНА КАРАГЕНОВА,Автоматично,ЕИСС - Централно Разпределяне,
b856aa77-3c91-4e37-bf02-2bd4e55b9bf1,21.08.2026 14:45,Надежда Георгиева Славчева - Андонова,Автоматично,Щеряна Михалева Гъркова,
ff2bc2da-e3b8-4cbf-ab2e-329b5bd46b53,21.08.2026 14:46,Станислав Мирославов Ангелов,Автоматично,Десислава Владимирова Добрева,
9c6119a8-866e-4138-ab3c-3293a5c71236,21.08.2026 14:47,Венелин Иванов,Автоматично,Даниела Дончева,
e4a23d87-4526-4452-8c61-60385c010c42,21.08.2026 14:45,Петя Димитрова Стоянова,Автоматично,ЕИСС - Централно Разпределяне,
87ad4428-4bce-4703-8112-5fa233214207,21.08.2026 14:45,МАРИНЕЛА КРАСИМИРОВА МАРИНОВА-СТОЕВА,Автоматично,ЕИСС - Централно Разпределяне,
0c217bea-43fc-49f9-8320-63d4c3e6a433,21.08.2026 14:45,Нанко Събов Маринов,Автоматично,ЕИСС - Централно Разпределяне,
98ab4235-3b47-4962-9f1c-94d28e0c47e8,21.08.2026 14:45,Зара Ехия Иванова,Автоматично,ЕИСС - Централно Разпределяне,
5ce1818f-8cc6-4183-bebc-10c24e200842,21.08.2026 14:45,БЕЛЛА ВЕСЕЛИНОВА ПАНЕВА,Автоматично,ДАНИСЛАВА САШКОВА ПАВЛОВА,
41580565-19a6-4d2d-b26a-8df7a88ad17d,21.08.2026 14:46,Ванина Колева,АР,Радина Карамфилова,
41580565-19a6-4d2d-b26a-8df7a88ad17d,21.08.2026 14:45,Виржиния Петрова,Автоматично,Радина Карамфилова,
91eac7ec-30ff-436d-af98-ade64bb82537,21.08.2026 14:45,Гергана Руменова Петрова,Автоматично,Искра Петьова Касабова,
c716c11f-b85a-4e14-bf74-eb4676822f62,21.08.2026 14:44,Борислав Методиев Методиев,Автоматично,Борислав Методиев Методиев,
92e17d17-9a19-49da-b870-7c929bb22ed1,21.08.2026 14:45,Маринела Георгиева Стефанова,Автоматично,Поля Павлинова Иванова,
84eb1f7f-4954-4a07-b4ca-3ab223d40670,21.08.2026 14:44,Доника Илиева Тарева - Пехливанова,Автоматично,Щеряна Михалева Гъркова,
1de23fd8-e741-4fa3-9ae1-7d314ca8ff08,21.08.2026 14:44,Николай Захариев Петров,Автоматично,Симеон Стефанов Стойчев,
b0598d3c-a022-4d41-9f74-815833f78a72,21.08.2026 14:46,ДЕСИСЛАВА СТОЯНОВА ВЛАЙКОВА,Автоматично,ИВАЙЛО АЛЕКСАНДРОВ ЙОРДАНОВ,
a9040bab-688a-463f-ab0b-39f7b89d03ff,21.08.2026 14:44,ВАСИЛ АНАСТАСОВ,Автоматично,МАГДАЛЕНА СТАНЧЕВСКА,
d8bb97f4-5bee-4ba8-b9f6-ccbf9006daec,21.08.2026 14:44,Бойко Александров Мачорски,Автоматично,Десислава Владимирова Добрева,
35f018e1-c9a1-4f9f-88fc-78fb8323c86f,21.08.2026 14:43,Борислав Методиев Методиев,Автоматично,Борислав Методиев Методиев,
d0366689-1f15-4b08-93cf-60c5ee73d166,21.08.2026 14:43,Ина Ивайлова Лазарова,Автоматично,Щеряна Михалева Гъркова,
47e9e5a0-6649-4baa-8743-d37697302332,21.08.2026 14:43,Михаела Иванова Атанасова,Автоматично,ЕИСС - Централно Разпределяне,
08676f37-3d39-4f6e-a8a3-ca43cabd2f67,21.08.2026 14:43,Ивалена Димитрова,Автоматично,Десислава Владимирова Добрева,
080732a6-8091-42b2-b8b0-e80efef449b6,21.08.2026 14:41,РОМАН ТОДОРОВ НИКОЛОВ,Автоматично,ЕЛИЗАБЕТА САШОВА НИКИФОРОВА ИРИКОВА,
5aae2d5f-2413-46a9-9beb-a458900069bf,21.08.2026 14:41,Доника Илиева Тарева - Пехливанова,Автоматично,Щеряна Михалева Гъркова,
6239034e-93ff-460e-8ce8-4d2253ce0873,21.08.2026 14:41,Милена Стоянова Стоянова,Автоматично,ЕИСС - Централно Разпределяне,
078b0ab3-ee6f-49c2-afab-f5683e3eb302,21.08.2026 14:41,ДЕСИСЛАВА ГЕОРГИЕВА ИВАНОВА ТОШЕВА,Автоматично,ВАНЯ ПЕТКОВА ГЕОРГИЕВА,
30c06fd0-68ed-4f97-986b-c6b164e9284c,21.08.2026 14:42,Капка Павлова,Ръчно разпределение,Капка Павлова,
0311e426-c858-48dc-97d7-47d82ff478c3,21.08.2026 14:40,Марина Трифонова Цветкова,Автоматично,Симеон Стефанов Стойчев,
9da4867d-6b2d-4a9a-b710-84783cb375ca,21.08.2026 14:40,РОМАН ТОДОРОВ НИКОЛОВ,Автоматично,ЕЛИЗАБЕТА САШОВА НИКИФОРОВА ИРИКОВА,
1736d21e-f177-44e5-b17f-bf1f5c700ba4,21.08.2026 14:40,БОРИСЛАВА ИЛИЕВА ЯКИМОВА,Автоматично,ЦВЕТОМИР ОЛЕГОВ ЦЕНКОВ,
f9b5c0e3-ab5c-4dae-8199-c05e1f3b0d5d,21.08.2026 14:40,Виолета Веселинова Низамова,Автоматично,Щеряна Михалева Гъркова,
27d10bc6-e614-4b6b-a8d2-77b15b251a71,21.08.2026 14:39,Светослава Борисова Костова,Автоматично,Генчо Иванов Генчев,
f756d88d-c300-4472-ae63-1c457dc3b1f1,21.08.2026 14:39,Цонка Тодорова Миткова,Автоматично,ЕИСС - Централно Разпределяне,
9d1088e3-b8d1-41c3-8d55-5ac7dc6845a7,21.08.2026 14:39,Людмила Добрева Григорова-Митева,Автоматично,ЕИСС - Централно Разпределяне,
9fe20b37-fcdb-4992-8630-486366257883,21.08.2026 14:41,Нела Кръстева,Автоматично,Десислава Владимирова Добрева,
7cc170b7-5477-47ed-b0c1-43bb3b136486,21.08.2026 14:38,Ваня Бянова-Нейкова,Ръчно разпределение,Стоян Вълчев,
68bc785c-bbe5-4b0f-a9f3-f0ae3b89a780,21.08.2026 14:38,Майя Йончева Йончева,Автоматично,ЕИСС - Централно Разпределяне,
1958bf45-a3df-482f-8ca7-481ed20a2a80,21.08.2026 14:38,Марина Трифонова Цветкова,Автоматично,Симеон Стефанов Стойчев,
d10bd3ed-8a5e-4351-aa99-0612bd0f1b65,21.08.2026 14:38,Петина Кръстева Николова,Автоматично,ЕИСС - Централно Разпределяне,
8fa4223a-6add-4b25-97c1-b9b5436fe370,21.08.2026 14:37,Таня Илкова,Автоматично,ЕИСС - Централно Разпределяне,
122f8043-b8c9-4c40-89b5-391d85e6f239,21.08.2026 14:37,Димитър Пенчев Стоянов,Автоматично,ЕИСС - Централно Разпределяне,
c8dd3077-37d7-4190-9ec8-7c24b3a68e1b,21.08.2026 14:37,ЛЮБОМИР ИЛИЕВ ИГНАТОВ,Автоматично,ВАНЯ ПЕТКОВА ГЕОРГИЕВА,
6d3ba5fa-87cf-4479-a723-70f7f9554548,21.08.2026 14:37,Светла Радева,Автоматично,ЕИСС - Централно Разпределяне,
5487bf81-6175-4736-981e-63430a4cf849,21.08.2026 14:37,Мария Иванова-Даскалова,АР,Янка Ганчева,
bedf9ee5-e5ce-41f7-94d3-0ceafaf89446,21.08.2026 14:37,Цвета Боянова Борисова,Автоматично,Десислава Владимирова Добрева,
fb238df5-732e-4dcf-8ea8-ec1313c5a45a,21.08.2026 14:37,Борислав Методиев Методиев,Автоматично,ЕИСС - Централно Разпределяне,
8d3ee7f6-f805-451e-90cc-c612107b2e17,21.08.2026 14:37,ИВЕЛИНА СТОЯНОВА КОЛЕВА,Разпределение по дежурство,ИВАЙЛО АЛЕКСАНДРОВ ЙОРДАНОВ,
e345d50f-bf94-4926-9ee3-ee96512ccc33,21.08.2026 14:37,Владимир Атанасов Пензов,Разпределение по дежурство,Владимир Атанасов Пензов,
eb313af9-893f-4991-9ff0-d1b06439fc03,21.08.2026 14:37,ИСКРЕН БОРИСОВ,Автоматично,ЕИСС - Централно Разпределяне,
895a77ce-989a-493f-8eb6-4f9c75601b07,21.08.2026 14:36,Тодор Минов,Разпределение по дежурство,Тодор Минов,
5257a836-d1a2-43e7-aaf5-5fcdc88ffc2d,21.08.2026 14:36,Иван Цветозаров Иванов,Автоматично,Емил Кръстев Ангелов,
5f2489af-5e34-436f-a046-439221805f64,21.08.2026 14:36,Ангелина Бисеркова,Автоматично,Соня Любчова Костадинова,
b2559937-bd55-46b0-9a42-e9a67af67a86,21.08.2026 14:35,Пламен Панайотов,Автоматично,Радина Карамфилова,
f15aaa19-19b9-4f4a-a945-2aeeca6dc1b8,21.08.2026 14:36,Бойко Александров Мачорски,Автоматично,Десислава Владимирова Добрева,
c5057354-3dd6-40e9-b457-07c72cd1798d,21.08.2026 14:36,ЗОРНИЦА ИВАНОВА ВИДОЛОВА,Автоматично,ВАНЯ ПЕТКОВА ГЕОРГИЕВА,
c82e778c-e69e-4be3-be5a-054b2789633b,21.08.2026 14:35,АЛЕКСАНДЪР ДИМИТРОВ МУРТЕВ,Автоматично,ЕИСС - Централно Разпределяне,
1adfed77-d8ef-4e3e-9023-f9bc1aea77bf,21.08.2026 14:35,ГЕОРГИ ИЛИАНОВ АЛИПИЕВ,Автоматично,ИВАЙЛО АЛЕКСАНДРОВ ЙОРДАНОВ,
0ffb57f7-353b-4b72-bf08-f2b9f7d84ba0,21.08.2026 14:35,Владимир Атанасов Пензов,Ръчно разпределение,Владимир Атанасов Пензов,
46b4691c-aaaa-40ff-b70c-c86946078833,21.08.2026 14:34,АНЕТА ИЛЧЕВА ИЛЧЕВА,Автоматично,ВАНЯ ПЕТКОВА ГЕОРГИЕВА,
2f293088-3e93-4595-b224-7420a04e9e49,21.08.2026 14:34,Румяна Христова,Автоматично,Десислава Владимирова Добрева,
9df9d47c-9dfa-41cd-bf18-4848e128675e,21.08.2026 14:33,Невена Пламенова Великова,Автоматично,Невена Пламенова Великова,
d5fd8703-a7a1-477a-a08f-9285d6b96414,21.08.2026 14:33,Тихомир Руменов Рачев,Автоматично,ЕИСС - Централно Разпределяне,
117a8a7e-7483-49cc-9d66-ee067b08d1c3,21.08.2026 14:33,КРАСИМИР ИВАНОВ ПЕТРАКИЕВ,Разпределение по дежурство,ВЕРГИНИЯ НИКОЛАЕВА ПЕТКОВА,
0318b38e-41b7-4fdd-885d-fa415c9b4add,21.08.2026 14:33,Биляна Димитрова Коева,Автоматично,ЕИСС - Централно Разпределяне,
d88c81e0-4457-4c8d-87b3-c79afbd3ba6a,21.08.2026 14:32,Владимир Атанасов Пензов,Автоматично,Владимир Атанасов Пензов,
5750094f-5da3-4f53-8d69-94ef3b7036b4,21.08.2026 14:32,ЕМИЛИАН ЛЮБЕНОВ ЛАКОВ,Автоматично,ИВАЙЛО АЛЕКСАНДРОВ ЙОРДАНОВ,
7744b4a5-f7ed-4295-b11f-2a40c6f50740,21.08.2026 14:32,ПЛАМЕН ИВАНОВ ШУМКОВ,Автоматично,ВАНЯ ПЕТКОВА ГЕОРГИЕВА,
65081625-de47-4582-a623-cdacc908d2f3,21.08.2026 14:31,Радосвета Добрева Станимирова,Разпределение по дежурство,Радосвета Добрева Станимирова,
876b5e8b-fb60-46bb-a9e0-c165b240820a,21.08.2026 14:31,ГЕОРГИ ГЕОРГИЕВ,Автоматично,ЕИСС - Централно Разпределяне,
c314f995-de5a-4d2c-b0b4-67d18e309bda,21.08.2026 14:31,Ива Благомилова Благоева,Автоматично,Десислава Владимирова Добрева,
ac629a20-5e77-4d33-be6b-5227c45a011e,21.08.2026 14:30,ВЕСИСЛАВ РУМЕНОВ ГЕНОВ,Разпределение по дежурство,Мартин Искренов Пачаманов,
a9c9e1ad-d19f-480a-8937-a16b44f052f0,21.08.2026 14:30,АННА РУМЕНОВА КОФИНОВА,Автоматично,ВАНЯ ПЕТКОВА ГЕОРГИЕВА,
459b9e0f-3cc9-49fe-9c72-f688a33fc5d7,21.08.2026 14:29,Гинка Тодорова Иванова,Автоматично,Десислава Владимирова Добрева,
a6ebef81-58bb-4f61-b227-556f4f326d03,21.08.2026 14:29,ГЕОРГИ КОСТАДИНОВ МИЛКОТЕВ,Автоматично,ЕИСС - Централно Разпределяне,
4ea30be1-f429-419c-a0bc-f86751d92d42,21.08.2026 14:28,Мария Димитрова Каранашева,Автоматично,Мартин Искренов Пачаманов,
fd425fe0-a587-40e5-bac3-cf4ec7f2a248,21.08.2026 14:28,Маргарита Петрова Димитрова,Разпределение по дежурство,Неделина Ивайлова Банушева,
5ec9a4c9-ca37-4c98-b2d4-0aba65d6f9ed,21.08.2026 14:28,ЕЛЕНА ЛЮБОМИРОВА ДОНКОВА,Автоматично,ВАНЯ ПЕТКОВА ГЕОРГИЕВА,
a6860d4b-06b2-419b-8a61-74abf27eca94,21.08.2026 14:28,Иван Стойнов,Автоматично,Десислава Владимирова Добрева,
6248f281-cc94-44e1-8639-fc680cc21f2a,21.08.2026 14:29,РЕНИ ВАЛЕНТИНОВА ГЕОРГИЕВА,Разпределение по дежурство,ВЕРГИНИЯ НИКОЛАЕВА ПЕТКОВА,
6252e38d-4bcd-4d53-ba4b-eea7d3884147,21.08.2026 14:27,Олга Златева,Автоматично,ЕИСС - Централно Разпределяне,
a6a10820-d2df-4837-ba2c-b5f6de8d5450,21.08.2026 14:27,Мария Вангелова Грунова,Автоматично,ЕИСС - Централно Разпределяне,
e992093b-4d14-456f-9dd3-8b432ef3a1cf,21.08.2026 14:27,Веселина Михайлова Узунова Панчева,Автоматично,ЕИСС - Централно Разпределяне,
5fab01b3-0a0e-4466-b387-93fc4bf0eaf8,21.08.2026 14:27,Петя Цветанова,Автоматично,Петя Цветанова,
252d4cfe-5167-45fa-9064-2d799cc27a6e,21.08.2026 14:26,Нася Иванова Япаджиева,Автоматично,Димитър Маринов Димитров,
fbb0aafd-e6bd-4e40-af30-e4a1a4ac047e,21.08.2026 14:27,МИРОСЛАВА ПЕТРОВА ИЛЕВА,Автоматично,ИВАЙЛО АЛЕКСАНДРОВ ЙОРДАНОВ,
0bbc9a70-a6bc-40b7-9d94-8ae11ae85c8f,21.08.2026 14:29,СНЕЖИНА ЧОЛАКОВА-МАРИНОВА,Автоматично,Снежина ЧОЛАКОВА-МАРИНОВА,
ebcfbb0b-01b0-4445-8aec-9611a161abb2,21.08.2026 14:26,Ивалена Димитрова,Автоматично,Десислава Владимирова Добрева,
25c42904-173a-4080-bbc5-73e667511f35,21.08.2026 14:27,Стоян Вълчев,Ръчно разпределение,Стоян Вълчев,
20ed12a8-ab1b-41b5-893b-894a42b525c1,21.08.2026 14:26,ЛЮБОМИР ИЛИЕВ ИГНАТОВ,Автоматично,ВАНЯ ПЕТКОВА ГЕОРГИЕВА,
888654eb-0d76-4b83-8b47-b4266384e527,21.08.2026 14:26,РОСЕН ПЛАМЕНОВ АЛЕКСАНДРОВ,Разпределение по дежурство,ДАНИСЛАВА САШКОВА ПАВЛОВА,
7d756ad9-248c-4f54-9e5c-f8df6e339d93,21.08.2026 14:25,Костадин Живков,Автоматично,Аделина Троева,
a1463ea4-2b4e-40d0-aade-eb210401ad1d,21.08.2026 14:25,Доротея Петкова Янкова,Автоматично,Стоян Янков Великов,
46925a08-5ed1-4882-a053-7396b5f2f295,21.08.2026 14:25,Велина Пенева,Автоматично,ЕИСС - Централно Разпределяне,
174b5255-a8b6-4eab-8c4b-e6deb3d7d353,21.08.2026 14:25,АЛЕКСАНДЪР ГРИГОРОВ,Автоматично,КОРНЕЛИЯ КОЛЕВА,
6c621050-90d0-48fa-ad06-41422f0e02b3,21.08.2026 14:25,Маргарита Петрова Димитрова,Разпределение по дежурство,Неделина Ивайлова Банушева,
83e36adf-d4e6-4a15-a23d-cf4da4d5525c,21.08.2026 14:25,Виолета Костадинова Апостолова,Автоматично,ЕИСС - Централно Разпределяне,
5dce2ea4-f533-4c0f-bd72-f69d4da2873c,21.08.2026 14:25,ВЕСИСЛАВ РУМЕНОВ ГЕНОВ,Автоматично,ЕИСС - Централно Разпределяне,
fb710ff4-4880-42d4-bce6-942d5b194ceb,21.08.2026 14:25,Аделина Троева,Автоматично,Аделина Троева,
81e39196-d5d0-4ef5-a1c2-49b2072e9868,21.08.2026 14:25,Елена Николова,Автоматично,Десислава Владимирова Добрева,
964e3920-065c-43a4-a3b3-9ead03f6fab8,21.08.2026 14:24,Маргарита Петрова Димитрова,Разпределение по дежурство,Неделина Ивайлова Банушева,
d0e30903-e196-493f-bfd9-951712f22816,21.08.2026 14:24,ВАЛЕНТИН ТОДОРОВ БОРИСОВ,Автоматично,ВАНЯ ПЕТКОВА ГЕОРГИЕВА,
a7d79914-1feb-4330-b322-cc5f500c4b83,21.08.2026 14:24,Сирануш Сахак Артинян,Автоматично,Щеряна Михалева Гъркова,
f87c6082-21e7-45d4-9cfe-228551211aa2,21.08.2026 14:23,ГЕОРГИ МИХАЙЛОВ МИХАЙЛОВ,Автоматично,МИЛЕНА ДИМИТРОВА ДЕЧЕВА,
abf390d4-d916-45ee-83fa-a91dd063c949,21.08.2026 14:24,Аделина Троева,Автоматично,Аделина Троева,
abf390d4-d916-45ee-83fa-a91dd063c949,21.08.2026 14:23,Таня Живкова,Автоматично,Аделина Троева,
25c9cc13-acdb-450b-8eca-f79f5d77ebdb,21.08.2026 14:23,Соня Тодорова Дженкова,Автоматично,ЕИСС - Централно Разпределяне,
20e9bc92-396c-4cd4-9c09-58b4871190a9,21.08.2026 14:24,ЖАНЕТА ДИМИТРОВА ГЕОРГИЕВА,Разпределение по дежурство,ВЕРГИНИЯ НИКОЛАЕВА ПЕТКОВА,
7b1916f1-6d8f-4781-8a3d-10d9f5294091,21.08.2026 14:23,Димитър Иванов Стратиев,Автоматично,Цонка Михайлова Дребчева,
9726253b-23d1-4aa6-afee-b7a4ebc45862,21.08.2026 14:23,Елена Стоилова,Автоматично,Десислава Владимирова Добрева,
218b2bd0-5f24-4526-89ea-fb24110d8bd3,21.08.2026 14:23,Атанас Кобуров,Автоматично,ЕИСС - Централно Разпределяне,
4091b8c3-22d3-4119-8988-9ccef7a2e0f0,21.08.2026 14:22,АННА ВЛАДИМИРОВНА ПЕТКОВА,Автоматично,МИЛЕНА ДИМИТРОВА ДЕЧЕВА,
b6c23179-c9bf-43ed-b12b-55b07c32335d,21.08.2026 14:22,Аделина Троева,Автоматично,Аделина Троева,
d94d03b7-032d-4eb9-84d0-407fe95c5acd,21.08.2026 14:21,Мариела Анастасова Иванова,Автоматично,Десислава Руменова Доганова,
7b5e8ec4-eb33-49b2-87e2-ad5a3fc09f76,21.08.2026 14:21,Даниела Гунева,Автоматично,Радина Карамфилова,
584d6de8-a3c5-4dc7-9a24-fb208aa25f5e,21.08.2026 14:21,Таня Живкова,Автоматично,Аделина Троева,
95301b35-290e-4a96-9f2a-e135dc07e1b9,21.08.2026 14:21,Руска Атанасова Андреева,Автоматично,ЕИСС - Централно Разпределяне,
336facee-bb97-4543-a54e-41eed147d5ae,21.08.2026 14:21,ВЕНЕТА СТОЯНОВА ГЕОРГИЕВА,Автоматично,ВАНЯ ПЕТКОВА ГЕОРГИЕВА,
93b63d74-d649-4e59-b1a1-78734e521c9e,21.08.2026 14:22,МАРИЯ ИВАНОВА ИВАНОВА АНГЕЛОВА,Автоматично,ИВАЙЛО АЛЕКСАНДРОВ ЙОРДАНОВ,
d13a9a1f-bebc-4b2b-99e3-de1cf7987c22,21.08.2026 14:20,Борислав Кирилов Тончев,Автоматично,Борислава Славчева Борисова,
df5b2ffd-4387-4425-a851-24bf77b63950,21.08.2026 14:19,Боряна Александрова Ангелова,Автоматично,Борислава Славчева Борисова,
ef428b7c-05b3-4c38-bdac-14bd55f0b0f3,21.08.2026 14:19,Анна Иванова Кайтазка,Автоматично,ЕИСС - Централно Разпределяне,
8ff9d774-6a1f-44df-801e-e8c1756e20cd,21.08.2026 14:19,ТИНА РОСЕНОВА МАЛИНОВА,Автоматично,ЕИСС - Централно Разпределяне,
90940067-ccdd-477e-9aee-66b5294831bc,21.08.2026 14:19,Михаела Иванова Атанасова,Автоматично,ЕИСС - Централно Разпределяне,
5e78245b-184c-47ba-a7f4-f8b96d001f12,21.08.2026 14:19,МИЛЕНА АЛЕКСИЕВА,Автоматично,ЕИСС - Централно Разпределяне,
81fcad81-748b-4558-a02a-f24e57deefd9,21.08.2026 14:19,ЗОРНИЦА ИВАНОВА ВИДОЛОВА,Автоматично,ВАНЯ ПЕТКОВА ГЕОРГИЕВА,
07066ca3-5834-48d0-a96a-ba0f5acf291d,21.08.2026 14:19,РОМАН ТОДОРОВ НИКОЛОВ,Автоматично,ЕИСС - Централно Разпределяне,
6738bdab-2eb8-47c7-96ae-916c8a5f6023,21.08.2026 14:18,Иван Йорданов Филчев,Автоматично,Елена Серафимова Цолева,
07933faf-611d-49ca-8702-daa9ee9276da,21.08.2026 14:18,Милена Вескова Хазарян,Автоматично,Милена Вескова Хазарян,
36631f6a-4e09-464a-9f5e-b9712983f15d,21.08.2026 14:18,ДЕСИСЛАВА ИВАНОВА ТОДОРОВА,Автоматично,ВАНЯ ПЕТКОВА ГЕОРГИЕВА,
a4faef24-dc48-495b-9104-d500b85c8c00,21.08.2026 14:18,МИХАИЛ ДРАГОМИРОВ ДРАГНЕВ,Автоматично,ИВАЙЛО АЛЕКСАНДРОВ ЙОРДАНОВ,
724866fd-6b73-493d-8f6c-da840773f0fa,21.08.2026 14:16,Диана Костова,Автоматично,Константин Калчев,
dff40dbb-69e3-4321-a28e-808d18a95269,21.08.2026 14:16,БОГДАН РУСЕВ РУСЕВ,Автоматично,ВАНЯ ПЕТКОВА ГЕОРГИЕВА,
6ed0207e-09b5-41b0-9140-0800b655943b,21.08.2026 14:16,ГЮЛЯЙ ШЕМСИДИНОВА КОКОЕВА,Автоматично,ВЕЛИНА ВЛАДИМИРОВА КАРАГЕОРГИЕВА,
38bbc2e9-74b1-4f19-878b-9bed24317945,21.08.2026 14:19,Слава Гьошева,Автоматично,Радина Карамфилова,
0c76f9f0-e38a-4840-a8c5-6ee0f6df12d7,21.08.2026 14:16,Александър Валентинов Цветков,Автоматично,Десислава Владимирова Добрева,
56413a54-9bb1-415b-b153-6a854dc3108e,21.08.2026 14:15,Росен Буюклиев,Автоматично,Константин Калчев,
4c4ee45b-6340-47ec-8369-29c3fcce7711,21.08.2026 14:15,Вера Светославова Найденова,Автоматично,ЕИСС - Централно Разпределяне,
f7cf576b-9c80-4c76-85b4-8f132d80e0ca,21.08.2026 14:15,ИВО ВЪТЕВ ВЪТЕВ,Автоматично,ВАНЯ ПЕТКОВА ГЕОРГИЕВА,
f273df30-fb94-4941-a95c-6f3845d1bff4,21.08.2026 14:14,Виктор Бисеров Чаушев,Ръчно разпределение,ВАНЯ ИЛИЕВА ИЛИЕВА,
58797840-08a0-42ce-bde0-a8c109ff5033,21.08.2026 14:14,Божидарка Данчова Йосифова,Автоматично,Антон Еленков Антов,
e7c5930d-5f6c-41ab-b361-5649afc4e7f8,21.08.2026 14:14,ДАНИЕЛА ЕВТИМОВА ПАВЛОВА РАДЕВА,Разпределение по дежурство,ИВАЙЛО АЛЕКСАНДРОВ ЙОРДАНОВ,
ff7730fc-3a9f-4d70-9ba9-2198f0b8f305,21.08.2026 14:13,Павел Тодоров Павлов,Автоматично,Щеряна Михалева Гъркова,
e973641b-80e8-439a-acac-5607f1726432,21.08.2026 14:14,Елена Николова,Автоматично,Десислава Владимирова Добрева,
1c5725c3-8976-4da3-b7e1-171135336a05,21.08.2026 14:13,Златка Илиева,Автоматично,Радина Карамфилова,
aba2b4f6-3097-4331-9432-d79e5f8930a7,21.08.2026 14:13,Йорданка Матева,Автоматично,Константин Калчев,
472388a1-0699-428f-84fb-f9b68883aba4,21.08.2026 14:13,РАДОСЛАВ РУМЕНОВ АНГЕЛОВ,Автоматично,ВАНЯ ПЕТКОВА ГЕОРГИЕВА,
8236bfec-ac28-465a-9abd-ec5c4f322d05,21.08.2026 14:13,ЮЛИТА НИКОЛОВА ГЕОРГИЕВА-ТРИФОНОВА,Автоматично,ПЕТЯ ИВАНОВА ЗДРАВКОВА,
57743eb9-20a3-4e70-9d74-b028407112fa,21.08.2026 14:13,Виктор Бисеров Чаушев,Ръчно разпределение,ВАНЯ ИЛИЕВА ИЛИЕВА,
fb7ee260-adf8-4568-a6fd-4005ed4962aa,21.08.2026 14:12,Антон Еленков Антов,Автоматично,Антон Еленков Антов,
f5fe266d-0655-48e4-bbe7-eb3ca5bb74c2,21.08.2026 14:13,Павел Тодоров Павлов,Ръчно разпределение,Павел Тодоров Павлов,
191edaf0-567f-4b9b-af6a-3d5b8a646045,21.08.2026 14:12,Велина Иванова Ангелова,Автоматично,Татяна Анастасова Вълкова,
ea5f4d77-57e4-4dc2-82e7-314148a30e2d,21.08.2026 14:12,Светла Радева,Автоматично,Виолета Недева Христова,
3505f98e-12a2-48ac-acc1-9b42ec96f695,21.08.2026 14:12,ДАНИЕЛА ЕВТИМОВА ПАВЛОВА РАДЕВА,Разпределение по дежурство,ИВАЙЛО АЛЕКСАНДРОВ ЙОРДАНОВ,
e15a4a06-bc88-4352-af23-608071677452,21.08.2026 14:14,РАДОСТИН ПЕТРОВ,Разпределение по дежурство,КОРНЕЛИЯ КОЛЕВА,
e15a4a06-bc88-4352-af23-608071677452,21.08.2026 14:13,АНЕТА ИЛИНСКА,Разпределение по дежурство,КОРНЕЛИЯ КОЛЕВА,
e15a4a06-bc88-4352-af23-608071677452,21.08.2026 14:12,АЛЕКСАНДЪР ГРИГОРОВ,Разпределение по дежурство,КОРНЕЛИЯ КОЛЕВА,
0ff4c664-1a04-49fc-b7b7-985fc6b8f8b1,21.08.2026 14:12,Добрина Петрова,Автоматично,Десислава Владимирова Добрева,
2a7b8873-9491-4ef4-9334-616efbca6901,21.08.2026 14:12,ТЕОДОРА ДИМИТРОВА КЮРКЧИЕВА,Разпределение по дежурство,ТЕОДОРА ДИМИТРОВА КЮРКЧИЕВА,
0d1472f3-7dd9-429e-b5c2-0c2d580a46a4,21.08.2026 14:12,РУМЯНА ЗАПРЯНОВА ЗАПРЯНОВА,Автоматично,ВАНЯ ПЕТКОВА ГЕОРГИЕВА,
819787f0-9122-4930-9064-9963a0f1ff68,21.08.2026 14:11,ст.л-т ГЕОРГИ ЛЮБЕНОВ ЙОРДАНОВ,Автоматично,ст.л-т ГЕОРГИ ЛЮБЕНОВ ЙОРДАНОВ,
4074884f-0919-4a9f-a82e-89758cae41ad,21.08.2026 14:11,Виктор Бисеров Чаушев,Ръчно разпределение,ВАНЯ ИЛИЕВА ИЛИЕВА,
4cef6720-ade5-4b14-84d8-6c3875bf3a13,21.08.2026 14:11,Петя Цветанова,Автоматично,Петя Цветанова,
3a7a1890-026b-4ecb-ba3d-85949b5e308d,21.08.2026 14:11,Любомир Луканов,Автоматично,ЙОВКА СТАНЧЕВА ПАНАЙОТОВА,
f07ee5b2-14b9-498e-aeb8-e8c7da842ad6,21.08.2026 14:11,Татяна Иванова Тодорова,Автоматично,ЕИСС - Централно Разпределяне,
b56f5424-816b-47fc-9868-9238bace1f46,21.08.2026 14:10,БОРЯНА СТЕФАНОВА ШОМОВА СТАВРУ,Автоматично,ИВАЙЛО АЛЕКСАНДРОВ ЙОРДАНОВ,
40854b48-222c-4a54-b14e-c97670fb3648,21.08.2026 14:10,МИРОСЛАВ ВАЛЕНТИНОВ СТОЯНОВ,Автоматично,ВАНЯ ПЕТКОВА ГЕОРГИЕВА,
13d9546b-ca4f-4c8c-a40a-cc4705202c06,21.08.2026 14:10,Антон Еленков Антов,Ръчно разпределение,Антон Еленков Антов,
9850a152-c258-41ae-99dc-797dc7875c8d,21.08.2026 14:10,Емилиян Кирилов Ангелов,Автоматично,Лидия Иванова Петрова,
ba8e6de3-2ed6-4d84-8ebc-d411353132a2,21.08.2026 14:10,Кристиана Кръстева,Автоматично,Десислава Владимирова Добрева,
f0c870ad-bab9-4e24-b5d3-c444127cb12d,21.08.2026 14:10,Теодора Милева,Автоматично,Красимира Милачкова,
c8c79dc0-5aac-43db-a4a2-650028c51d42,21.08.2026 14:10,Виктор Бисеров Чаушев,Ръчно разпределение,ВАНЯ ИЛИЕВА ИЛИЕВА,
0fc21411-0465-45d5-bced-1e1bfc1cf089,21.08.2026 14:09,АЛБЕНА ТАКОВА МОМЧИЛОВА,Разпределение по дежурство,ВЕЛИНА ВЛАДИМИРОВА КАРАГЕОРГИЕВА,
7e468542-71a6-4fac-a00e-6781dce355bc,21.08.2026 14:09,Силвия Георгиева Иванова,Автоматично,ЕИСС - Централно Разпределяне,
5ac7c8b1-4f70-45db-a9b1-b9e9486345e9,21.08.2026 14:09,Минчо Стоянов Минев,Автоматично,ЕИСС - Централно Разпределяне,
31bed22f-fcc1-4c0f-b9af-4c0d3d0704c0,21.08.2026 14:08,ХРИСТИНА БОРИСЛАВОВА НИКОЛОВА,Разпределение по дежурство,ВЕЛИНА ВЛАДИМИРОВА КАРАГЕОРГИЕВА,
3f119018-3fd4-478e-a49b-5ce05b9630db,21.08.2026 14:09,ПОЛИНА АНДОНОВА ХАДЖИМАРИНСКА,Автоматично,ВАНЯ ПЕТКОВА ГЕОРГИЕВА,
5387dab0-e6f9-402a-ac27-0884c94ff473,21.08.2026 14:09,СИЛВИЯ ЖИТАРСКА,Автоматично,Мариета Лалова,
4126dc45-bd3c-4189-bd3a-c17f36d591ce,21.08.2026 14:08,Виктор Бисеров Чаушев,Ръчно разпределение,ВАНЯ ИЛИЕВА ИЛИЕВА,
6e28b419-b231-4de4-a1fc-3ee68497b535,21.08.2026 14:07,ХРИСТИНА БОРИСЛАВОВА НИКОЛОВА,Разпределение по дежурство,ВЕЛИНА ВЛАДИМИРОВА КАРАГЕОРГИЕВА,
fa19b770-61cf-402d-a4b6-5db0ad981c1d,21.08.2026 14:08,Атанаска Димитрова Маркова,Автоматично,Десислава Владимирова Добрева,
2ede4954-b990-4662-81b1-9c99adc11100,21.08.2026 14:07,Сирануш Сахак Артинян,Автоматично,Щеряна Михалева Гъркова,
e3bdf3f4-f6a4-4787-ba00-1c15c8b8e693,21.08.2026 14:07,НАДЕЖДА ВЕСЕЛИНОВА ДИМИТРОВА,Автоматично,ЕИСС - Централно Разпределяне,
38482ad0-6a10-4d5d-b28b-816ba920a2dc,21.08.2026 14:07,Велина Иванова Ангелова,Автоматично,ЕИСС - Централно Разпределяне,
41e048c2-3dfe-405c-b7b8-5ec5fece96a8,21.08.2026 14:07,Мария Вангелова Грунова,Автоматично,ЕИСС - Централно Разпределяне,
fed123ac-c65f-49dd-9c84-7059228d1c2c,21.08.2026 14:07,Виктор Бисеров Чаушев,Ръчно разпределение,ВАНЯ ИЛИЕВА ИЛИЕВА,
3b60b8ce-4e00-4c03-ab09-6c59e95fc137,21.08.2026 14:07,Нася Иванова Япаджиева,Автоматично,ЕИСС - Централно Разпределяне,
5b92196c-38e0-4c0c-8190-294a4de85419,21.08.2026 14:07,Стою Христов Згуров,Автоматично,Иван Благоев Благоев,
29c61b48-c050-4b97-9f08-64cc67d7c6d4,21.08.2026 14:07,Деница Митрова,Автоматично,Красимира Милачкова,
d44e0c3e-e1b0-4f1c-a7c1-fab04e1acc0a,21.08.2026 14:09,Нася Иванова Япаджиева,Автоматично,Димитър Маринов Димитров,
c862b285-5f52-4ebd-8ec7-e6cce8cc009a,21.08.2026 14:06,ЦВЕТЕЛИНА ЗАХАРИЕВА МИХАЙЛОВА,Ръчно разпределение,ВЕЛИНА ВЛАДИМИРОВА КАРАГЕОРГИЕВА,
134bb235-0a32-49bd-afe5-96ebee72174a,21.08.2026 14:08,АНЕТА ИЛИНСКА,Разпределение по дежурство,КОРНЕЛИЯ КОЛЕВА,
134bb235-0a32-49bd-afe5-96ebee72174a,21.08.2026 14:07,РАДОСТИН ПЕТРОВ,Разпределение по дежурство,КОРНЕЛИЯ КОЛЕВА,
134bb235-0a32-49bd-afe5-96ebee72174a,21.08.2026 14:06,АЛЕКСАНДЪР ГРИГОРОВ,Разпределение по дежурство,КОРНЕЛИЯ КОЛЕВА,
bf401e52-4d92-4604-801c-5f4a0f091938,21.08.2026 14:06,Неделина Маринова,Автоматично,Десислава Владимирова Добрева,
9693ed07-2f5b-402d-b4ee-1a7a234286ae,21.08.2026 14:06,Виктор Бисеров Чаушев,Ръчно разпределение,ВАНЯ ИЛИЕВА ИЛИЕВА,
9bf19804-49c5-4bf5-baf7-86d9e49772ad,21.08.2026 14:05,СТЕЛА ИВАЙЛОВА ИВАНОВА,Автоматично,ЕИСС - Централно Разпределяне,
9bdde9f9-01e7-4e95-b886-25b257ee1956,21.08.2026 14:05,ЦВЕТЕЛИНА ЗАХАРИЕВА МИХАЙЛОВА,Ръчно разпределение,ВЕЛИНА ВЛАДИМИРОВА КАРАГЕОРГИЕВА,
b76e7193-bb1d-4afa-9115-6c3be0eeb6e9,21.08.2026 14:05,Дияна Иванова Дамянова Цанкова,Автоматично,ЕИСС - Централно Разпределяне,
163d1b7f-55fe-4dc3-be65-5d5b7c402d43,21.08.2026 14:05,Мария Кирилова Дановска,Разпределение по дежурство,Веселина Атанасова Кашикова Иванова,
ec8b774c-e8c1-4991-9cb6-097839746b1d,21.08.2026 14:05,Георги Кирилов Пашалиев,Автоматично,ЕИСС - Централно Разпределяне,
c7ea11f3-8ed8-4fa4-8bf3-bc5bebea608a,21.08.2026 14:05,Мирослав Руменов Саневски,Автоматично,ЕИСС - Централно Разпределяне,
beb5818c-e453-4054-abce-78bb9075c637,21.08.2026 14:05,Костадин Димитров Попов,Автоматично,Величка Иванова Терзиева,
16f78ab9-cdfb-4e8e-9f00-95308634c681,21.08.2026 14:05,Радка Георгиева Стоянова,Автоматично,ЕИСС - Централно Разпределяне,
129560ce-da17-46b9-9ecb-5492fc2eccea,21.08.2026 14:05,Теодора Василева,Автоматично,Красимира Милачкова,
74120aee-f3c1-4967-8c62-dd7bebdd23b0,21.08.2026 14:04,ЦВЕТЕЛИНА ЗАХАРИЕВА МИХАЙЛОВА,Ръчно разпределение,ВЕЛИНА ВЛАДИМИРОВА КАРАГЕОРГИЕВА,
77713368-3daf-469b-8d9a-405982e960ed,21.08.2026 14:04,Мария Владимирова,Автоматично,Радина Карамфилова,
cf144ae7-1cb7-4392-8d6f-27373349d847,21.08.2026 14:04,КАЛИН ИВАНОВ,Автоматично,ЕИСС - Централно Разпределяне,
786f1213-10c1-44eb-9702-f43cd81fd6d0,21.08.2026 14:04,Виктор Бисеров Чаушев,Ръчно разпределение,ВАНЯ ИЛИЕВА ИЛИЕВА,
57199aae-17a8-4ee5-8325-99a3e63f2ad0,21.08.2026 14:04,МОНИКА ПЛАМЕНОВА ДОБРИНОВА,Автоматично,ЕИСС - Централно Разпределяне,
acd6ef86-d0b0-465c-b033-e2e42f9730e2,21.08.2026 14:04,Теодора Руменова Йорданова-Момова,Автоматично,ЕИСС - Централно Разпределяне,
1fffdc64-ef1d-4e6d-b3d0-527f8fb7a83a,21.08.2026 14:04,КАЛИН СТЕФАНОВ КУНЧЕВ,Автоматично,ЕИСС - Централно Разпределяне,
dea71d8f-dca4-4053-9ae1-bd247fa68a24,21.08.2026 14:04,ЛИЛИЯ ГЕОРГИЕВА ТЕРЗИЕВА,Автоматично,ТЕОДОРА ДИМИТРОВА КЮРКЧИЕВА,
1699e15c-7cc2-4d24-9393-493044eb5403,21.08.2026 14:04,АСЕН ТОТЕВ РАДЕВ,Автоматично,ЕИСС - Централно Разпределяне,
95d5cce4-b68e-4106-a981-7f2d095c264c,21.08.2026 14:04,Боян Митков Цонев,Разпределение по дежурство,Анита Красимирова Дочева,
34805b44-7bc1-457d-8348-45db7ef13376,21.08.2026 14:04,Антон Еленков Антов,Ръчно разпределение,Антон Еленков Антов,
d9cf5ae6-a281-4633-ab66-29d1f797758d,21.08.2026 14:03,Радина Василева Хаджикирева,Автоматично,ЕИСС - Централно Разпределяне,
22769bc4-78a2-4a0f-b191-2fcf6c7f393c,21.08.2026 14:03,МАГДАЛЕНА СТОЯНОВА МАРИНОВА,Автоматично,ЕИСС - Централно Разпределяне,
43f91a7d-9c7b-4ab4-ac08-9657f134c788,21.08.2026 14:04,ЦВЕТЕЛИНА ЗАХАРИЕВА МИХАЙЛОВА,Ръчно разпределение,ВЕЛИНА ВЛАДИМИРОВА КАРАГЕОРГИЕВА,
d6ec8676-ef72-414b-89e6-235faf812138,21.08.2026 14:03,Зара Ехия Иванова,Автоматично,ЕИСС - Централно Разпределяне,
31e0ced6-1c65-413e-a5d8-566bfc718ffa,21.08.2026 14:03,Виктор Бисеров Чаушев,Ръчно разпределение,ВАНЯ ИЛИЕВА ИЛИЕВА,
a5c75e95-dc98-4096-99ce-efb93c8000ce,21.08.2026 14:03,Донка Янкова Русинова,Автоматично,ЕИСС - Централно Разпределяне,
dafd9cd5-51cc-4286-8317-46ae3e2690d8,21.08.2026 14:03,Биляна Великова Видолова,Автоматично,ЕИСС - Централно Разпределяне,
14ae88e6-c02b-479a-8f3e-836c7be646ff,21.08.2026 14:03,Ася Тодорова,Автоматично,Радина Карамфилова,
32129128-93a6-45b1-9a56-a4508e28a0e3,21.08.2026 14:03,Андрей Георгиев Андреев,Автоматично,Теодора Гочева Димитрова,
74b3bd8b-b182-4545-9947-6ba467e3d841,21.08.2026 14:02,ГЕОРГИ ГЕОРГИЕВ,Автоматично,ЕИСС - Централно Разпределяне,
76f5f566-f1bc-4619-88c9-60321852e911,21.08.2026 14:02,Соня Тодорова Дженкова,Автоматично,ЕИСС - Централно Разпределяне,
a1ad3427-df6f-4e3c-ba89-c221bddd63be,21.08.2026 14:02,ТЕОДОРА ДИМИТРОВА КЮРКЧИЕВА,Автоматично,ЕИСС - Централно Разпределяне,
cc5d8fa1-fe21-4cce-89c2-76124d022918,21.08.2026 14:02,Симеон Илиянов Светославов,Автоматично,ЕИСС - Централно Разпределяне,
04d6c500-0918-48c4-8cf1-22e3167cbd4c,21.08.2026 14:02,Божидарка Данчова Йосифова,Автоматично,Антон Еленков Антов,
e4d39644-c8fd-4fa2-b553-add1f454e3ef,21.08.2026 14:02,Атанас Кобуров,Автоматично,ЕИСС - Централно Разпределяне,
b1a6161f-80a6-4ad0-9bf7-bf7684917bb3,21.08.2026 14:03,Мария Стоева,Автоматично,Красимира Милачкова,
0a7ca5ae-7143-4554-a4a6-c81da32ca966,21.08.2026 14:02,Ирина Атанасова Джунева,Автоматично,Тодор Руменов Коев,
125e0721-7e05-48a3-b87c-8e0dc007a939,21.08.2026 14:34,Вера Коева,Ръчно разпределение,Лиляна Георгиева,
125e0721-7e05-48a3-b87c-8e0dc007a939,21.08.2026 14:33,Петър Узунов,Ръчно разпределение,Лиляна Георгиева,
125e0721-7e05-48a3-b87c-8e0dc007a939,21.08.2026 14:32,Милена Каменова,Автоматично,Лиляна Георгиева,
49831de3-dbe4-412b-bef9-96893e144c80,21.08.2026 14:01,Калина Христова Христова,Автоматично,ЕИСС - Централно Разпределяне,
f9216fda-6ca6-4d64-9efa-0706770d48ae,21.08.2026 14:01,Мариана Костадинова Тодорова Досева,Автоматично,ЕИСС - Централно Разпределяне,
5614cd0b-44de-41da-8996-bf55b0b7eb8e,21.08.2026 14:01,Борислав Кирилов Тончев,Автоматично,ЕИСС - Централно Разпределяне,
15ee4a7b-68f4-457b-93f5-5bf91d5096d0,21.08.2026 14:01,СТЕЛА ИВАЙЛОВА ИВАНОВА,Автоматично,ЕИСС - Централно Разпределяне,
e416b4fc-3e6c-4752-8723-b6804ec0cb60,21.08.2026 14:01,Огнян Христов Гълъбов,Автоматично,Теодора Гочева Димитрова,
cf037924-0bc8-4432-99fd-95f304d72ff6,21.08.2026 14:01,Александър Георгиев,Автоматично,ЕИСС - Централно Разпределяне,
150a6b35-4044-483c-bce6-b1401df6bc9a,21.08.2026 14:01,ВАНЯ БОРИСОВА ИВАНОВА ЗГУРОВА,Автоматично,ИВАЙЛО АЛЕКСАНДРОВ ЙОРДАНОВ,
cc10d427-a02d-41e8-9508-5a68fa78bd08,21.08.2026 14:30,Татяна Димитрова Богоева,Автоматично,Лиляна Георгиева,
3759bb0d-8b17-4365-a23c-e6fe482c6cb8,21.08.2026 14:01,Виктор Бисеров Чаушев,Ръчно разпределение,ВАНЯ ИЛИЕВА ИЛИЕВА,
b66698d6-029a-48fc-bb96-d0468fdf399f,21.08.2026 14:00,ФИЛИП СТОЯНОВ РАДИНОВ,Автоматично,ЕИСС - Централно Разпределяне,
8ad2a732-0248-4789-bc14-b62582d0eceb,21.08.2026 14:00,МИЛЕНА АЛЕКСИЕВА,Автоматично,ЕИСС - Централно Разпределяне,
efb31108-c7b2-4128-aaf9-fdf258311522,21.08.2026 14:00,Орлин Летов,Автоматично,ЕИСС - Централно Разпределяне,
7c490716-c09a-42a7-bc3f-db5be4bd0cb1,21.08.2026 14:00,Даниела Гунева,Автоматично,Красимира Милачкова,
54739312-8b30-4865-85c3-a797c7798f95,21.08.2026 14:00,Милена Иванова Семерджиева,Автоматично,ЕИСС - Централно Разпределяне,
dd235b82-de3c-4e63-b000-0c3459c244ff,21.08.2026 14:11,Гюлфие Яхова,Автоматично,Лиляна Георгиева,
ab6686b8-593e-4860-a43a-927a2a726b35,21.08.2026 14:00,ТИНА РОСЕНОВА МАЛИНОВА,Автоматично,ЕИСС - Централно Разпределяне,
6fe348ed-2c9e-4851-ab3e-e482be0f5f8c,21.08.2026 13:59,Албена Миронова,Автоматично,ЕИСС - Централно Разпределяне,
10f74246-7abf-47c4-a448-911c53e26a9b,21.08.2026 13:59,Марина Трифонова Цветкова,Автоматично,ЕИСС - Централно Разпределяне,
d8e10117-806b-473a-b0df-f4b89450890c,21.08.2026 13:59,Виктор Бисеров Чаушев,Ръчно разпределение,ВАНЯ ИЛИЕВА ИЛИЕВА,
f19fbae2-1e51-4047-b2ac-1e1d4466b5b0,21.08.2026 13:59,Диана Илиева Костадинова,Автоматично,Щеряна Михалева Гъркова,
5ae28cc5-996f-4907-b4e5-789412e4eff4,21.08.2026 13:59,Красимира Делчева Кондова,Автоматично,ЕИСС - Централно Разпределяне,
cf640cf7-8374-46d8-96e8-5f5d7ddf6557,21.08.2026 13:59,Татяна Иванова Тодорова,Автоматично,ЕИСС - Централно Разпределяне,
b290620b-91b9-4d1f-8f9f-f73bdf4c958b,21.08.2026 13:59,СИЛВИНА ДАЧКОВА ЙОВЧЕВА,Автоматично,ЕИСС - Централно Разпределяне,
105a6e36-3eb8-4525-8dd5-dafc7197df50,21.08.2026 13:58,Иван Борисов Вътков,Автоматично,Иван Борисов Вътков,
258d94c1-e89b-42a3-bd73-0d93c3717f11,21.08.2026 13:58,Атанас Кобуров,Автоматично,ЕИСС - Централно Разпределяне,
9ed6660f-fe53-44a4-ab23-6d19594f5e19,21.08.2026 13:58,Атанас Кобуров,Автоматично,ЕИСС - Централно Разпределяне,
be7552fa-e163-4290-8bf5-d48a56417378,21.08.2026 13:58,Антоанета Аргирова,Автоматично,Красимира Милачкова,
a45721ef-ef3c-483b-b891-55fe860537d3,21.08.2026 13:58,Даяна Стоянова Василчина,Автоматично,ЕИСС - Централно Разпределяне,
6dcff561-174e-4c80-9f32-05467b0e16cb,21.08.2026 13:58,Неделин Йорданов Захариев,Автоматично,ЕИСС - Централно Разпределяне,
73de57be-30bc-4a9d-8f12-9bb6eadf7c6f,21.08.2026 13:58,Виктор Бисеров Чаушев,Ръчно разпределение,ВАНЯ ИЛИЕВА ИЛИЕВА,
3a9df12d-0919-476e-9c82-c64e50587b9d,21.08.2026 14:15,Андроника Ризова,Автоматично,Иванка Давкова,
96f32df8-6ea4-4e36-8cd6-b333bf3b5c12,21.08.2026 13:58,Пламен Пантев Денев,Автоматично,ЕИСС - Централно Разпределяне,
4d92f7e5-273a-40e0-872f-0f408034b7b6,21.08.2026 13:57,МАРИЯ ЖЕЛЯЗКОВА,Автоматично,Вергиния Димитрова,
41416449-9801-496e-bf61-3cd8d033ba15,21.08.2026 13:57,ГЕОРГИ ГЕОРГИЕВ,Автоматично,ЕИСС - Централно Разпределяне,
82e69ce4-2b45-4f8c-a9af-a6a5457f8e06,21.08.2026 13:57,Мариела Викторова Йосифова,Автоматично,ЕИСС - Централно Разпределяне,
490d2143-75ae-4b61-accf-479fb5f201fd,21.08.2026 13:58,НИКОЛАЙ ИЛИЕВ НИКОЛОВ,Автоматично,ИВАЙЛО АЛЕКСАНДРОВ ЙОРДАНОВ,
e9afb5b6-7e4b-412e-83d2-aaff80b3c71d,21.08.2026 13:57,Асен Черешаров,Автоматично,ЕИСС - Централно Разпределяне,
dc5e637b-6635-4ee8-9099-f1278d940aae,21.08.2026 14:03,Гергана Живкова Троянова,Автоматично,Иван Благоев Благоев,
769eca0f-f3aa-4ad1-b89d-2ecbc2498ac7,21.08.2026 13:57,Росен Иванов Балкански,Автоматично,ЕИСС - Централно Разпределяне,
113cac1e-4036-4ddf-a63e-c05e92ef4dff,21.08.2026 13:57,Таня Илкова,Автоматично,ЕИСС - Централно Разпределяне,
c890c5a9-318d-4424-a9e7-fdf7250ea81f,21.08.2026 13:56,Павел Тодоров Павлов,Ръчно разпределение,Павел Тодоров Павлов,
f9ee29de-5590-4501-b7a1-374df1d42eaa,21.08.2026 13:56,ИВАНЕТА ЙОРДАНОВА МИТОВА,Автоматично,МАРИЯ ДИМОВА ШОЛЕКОВА,
487628c4-67e7-4331-be6e-97d0d87fa387,21.08.2026 13:57,Виктор Бисеров Чаушев,Ръчно разпределение,ВАНЯ ИЛИЕВА ИЛИЕВА,
c4d9b301-4292-45dc-9569-c654dfbce6ea,21.08.2026 14:11,Гергана Мирчова Симеонова,Автоматично,Иванка Давкова,
166c266e-f4ee-4d7a-add1-82db53e78352,21.08.2026 13:55,МАРИЯ ЖЕЛЯЗКОВА,Автоматично,Вергиния Димитрова,
6e4ecc52-21cd-4937-9c92-8f15178568b6,21.08.2026 13:55,Емил Василев Николаев,Автоматично,Павлина Йорданова Кралева,
7dda6b42-b713-4f80-a324-69dbe4b83729,21.08.2026 13:55,ПЕТЯ ИВАНОВА ЗДРАВКОВА,Автоматично,ЕИСС - Централно Разпределяне,
f86cbcc2-c813-47e7-b518-d9924c30023c,21.08.2026 13:55,Мария Стоянова Танева,Автоматично,ИВАЙЛО АЛЕКСАНДРОВ ЙОРДАНОВ,
24e0c814-3141-4d7d-b2bc-4e1978dc7e4a,21.08.2026 13:55,ИВЕЛИНА ПЕТРОВА ЙОРДАНОВА ИГНАТОВА,Автоматично,МАРИЯ ДИМОВА ШОЛЕКОВА,
c6420584-592c-40e2-a6ee-5459b81950b7,21.08.2026 13:55,БЕЛЛА ВЕСЕЛИНОВА ПАНЕВА,Автоматично,ЕИСС - Централно Разпределяне,
dab45ffa-8e2a-4a51-bdbf-1add5d24baf7,21.08.2026 13:57,Ася Тодорова,Автоматично,Радина Карамфилова,
4c8fdd14-159b-40be-b842-d57e06ab3443,21.08.2026 13:55,Виктор Бисеров Чаушев,Разпределение по дежурство,ВАНЯ ИЛИЕВА ИЛИЕВА,
ac3c6b7d-3128-4b7f-a1b5-20b91092e90e,21.08.2026 13:54,Иван Валентинов Стоянов,Автоматично,Иван Благоев Благоев,
bb8c55e0-6c29-413a-a437-395c3de92f03,21.08.2026 13:54,ИРЕНА ВАСИЛЕВА РАБАДЖИЕВА,Автоматично,МАРИЯ ДИМОВА ШОЛЕКОВА,
25d6ce3d-97c7-4da0-862a-ae8bc18486f0,21.08.2026 13:54,Лилия Александрова,Автоматично,Мария Динева,
36c0b592-d366-497b-a13e-72ffccb74fb4,21.08.2026 13:53,Адриан Янев,Автоматично,Красимира Милачкова,
e1b51379-6475-4e10-9ccc-8af2a2e2376a,21.08.2026 13:53,МАРИНЕЛА КРАСИМИРОВА МАРИНОВА-СТОЕВА,Автоматично,ЕИСС - Централно Разпределяне,
940cf4d9-324e-4580-bb59-debb3a5b4f76,21.08.2026 13:53,Мария Колева,Автоматично,Маргарита Дошкова,
63ac54c2-7ad0-4931-8bc0-ffb88825551a,21.08.2026 13:53,Калин Георгиев Колешански,Автоматично,ЕИСС - Централно Разпределяне,
7717b041-3664-49bc-ba55-cbd3243ee44f,21.08.2026 13:53,СТОЙЧО ТОДОРОВ ПОПОВ,Автоматично,ИВАЙЛО АЛЕКСАНДРОВ ЙОРДАНОВ,
2c2d495b-9e67-4eea-91fd-2dcac30bf9dd,21.08.2026 13:52,ЕЛЕОНОРА ФИЛИПОВА,Автоматично,ЕИСС - Централно Разпределяне,
0e2236e0-0dc5-4c38-a830-bbaf50dc59e9,21.08.2026 13:52,Мариела Анастасова Иванова,Автоматично,ЕИСС - Централно Разпределяне,
3c370bfd-3a3b-497c-a71c-311a90fc7115,21.08.2026 13:52,Станимира Иванова,Автоматично,Иван Благоев Благоев,
90530f5a-068f-4651-a8a2-fe596f2e6b13,21.08.2026 13:52,Велина Иванова Ангелова,Автоматично,ЕИСС - Централно Разпределяне,
833edf2c-08a8-4cb1-8ef1-a168f09eee3d,21.08.2026 13:52,ЦВЕТОМИРА ГЕОРГИЕВА ВЕЛЧЕВА,Автоматично,МАРИЯ ДИМОВА ШОЛЕКОВА,
0fe3dfca-2d81-4040-afbd-db24a232ef2b,21.08.2026 13:52,Ваня Тенева,Автоматично,ЕИСС - Централно Разпределяне,
a9887e25-b104-4e25-8967-44e871080ea8,21.08.2026 13:51,Пламен Калинов Кучев,Автоматично,РОСИЦА ХРИСТОВА ТОДОРОВА,
4d13af65-5ddf-4e32-b393-fac959c5a656,21.08.2026 13:51,ДЕНИЦА АНГЕЛОВА ЦВЕТКОВА,Автоматично,ЕИСС - Централно Разпределяне,
e48b61a3-c81e-4525-aa23-daeaf778f2f1,21.08.2026 13:51,Албена Петрова Ташкова,Автоматично,ЕИСС - Централно Разпределяне,
2f3f7c46-476e-41c7-8207-b33ebca8f04b,21.08.2026 13:52,КРАСЕН ПЛАМЕНОВ ВЪЛЕВ,Автоматично,ВАНЯ ПЕТКОВА ГЕОРГИЕВА,
c03fbe1e-945e-44c8-a446-0af439dd6e71,21.08.2026 13:51,Милена Стоянова Стоянова,Автоматично,ЕИСС - Централно Разпределяне,
b83660c9-eb69-4267-a186-4968beb7fe35,21.08.2026 13:51,ДАНИЕЛА ХРИСТОВА ВЪЛЕВА,Автоматично,ЕИСС - Централно Разпределяне,
fb5cff55-392d-45bc-9aee-54ebe8402298,21.08.2026 13:51,ИВАНА ТОДОРОВА,Автоматично,ЕИСС - Централно Разпределяне,
1bf019d8-42cc-4bb8-bef6-02c3b3d3615a,21.08.2026 13:51,ЦВЕТОМИРА ГЕОРГИЕВА ВЕЛЧЕВА,Автоматично,МАРИЯ ДИМОВА ШОЛЕКОВА,
53bac7d9-d8e9-49bc-aa43-3a71bffca8eb,21.08.2026 13:50,КАТЯ БОЖИДАРОВА АНГЕЛОВА-ПЕТРОВА,Автоматично,РОСИЦА ХРИСТОВА ТОДОРОВА,
3ce92d26-8bdd-4de9-a590-cb90b0b146c9,21.08.2026 13:50,Иван Георгиев Бекяров,Ръчно разпределение,Щеряна Михалева Гъркова,
1680ed27-e9cc-40d3-b388-29f2e6191bc5,21.08.2026 13:49,Галя Вълкова,Автоматично,Иван Благоев Благоев,
e2f98543-cbb7-4503-87f8-77578e59cc44,21.08.2026 13:50,НАТАЛИЯ СЕМОВА РАЙКОВА АТАНАСОВА,Автоматично,МАРИЯ ДИМОВА ШОЛЕКОВА,
5472c41d-89b3-43b0-abaa-6d75859a9be8,21.08.2026 13:52,Диана Стамболова,Автоматично,Радина Карамфилова,
c7392c1b-95b7-4a3f-8177-908001739ece,21.08.2026 13:49,КАТЯ БОЖИДАРОВА АНГЕЛОВА-ПЕТРОВА,Автоматично,РОСИЦА ХРИСТОВА ТОДОРОВА,
e8793971-7aec-4c6d-bad9-0e15d8961a17,21.08.2026 13:49,ИВАЙЛО КРАСИМИРОВ КЪНЕВ,Автоматично,Христина Стоилова Христова,
c15bd525-3b06-4df0-946a-9949547faf75,21.08.2026 13:47,ДЕСИСЛАВА СТОЯНОВА ВЛАЙКОВА,Разпределение по дежурство,ИВАЙЛО АЛЕКСАНДРОВ ЙОРДАНОВ,
3e924a08-e5c8-444e-894b-8f67a5fb9775,21.08.2026 13:47,Клаудия Рангелова Митова,Автоматично,Иван Благоев Благоев,
ff1297a3-b2c2-4558-93fd-3ddc0e72e414,21.08.2026 13:47,МОНИКА ПЛАМЕНОВА ДОБРИНОВА,Автоматично,ЕИСС - Централно Разпределяне,
42732ddf-2a13-44af-9aa0-ea8a0ec918e9,21.08.2026 13:47,ТИНА РОСЕНОВА МАЛИНОВА,Автоматично,ЕИСС - Централно Разпределяне,
b1402504-82d5-47fb-acf1-f2b508a5bf95,21.08.2026 13:47,Златил Чолаков,Автоматично,Радина Карамфилова,
59feb204-100d-4003-876d-626fb33b7214,21.08.2026 13:46,КАТЯ БОЖИДАРОВА АНГЕЛОВА-ПЕТРОВА,Автоматично,РОСИЦА ХРИСТОВА ТОДОРОВА,
510573e5-a7c2-49d7-bf5b-5001c020ae83,21.08.2026 13:47,РУМЯНА СИМЕОНОВА МИТЕВА-НАСЕВА,Автоматично,Лилия Трендафилова Траева,
71c2349a-8f4b-4132-94fb-9de70f43945b,21.08.2026 13:46,Анелия Димитрова,Автоматично,Иван Борисов Вътков,
1d3bd8c0-10d3-4bf5-b311-919dddc93e95,21.08.2026 13:46,Виолета Костадинова Апостолова,Автоматично,Стоян Янков Великов,
466d4b89-51b7-4673-a593-506804c999e4,21.08.2026 13:46,МИХАИЛ ДРАГОМИРОВ ДРАГНЕВ,Разпределение по дежурство,ИВАЙЛО АЛЕКСАНДРОВ ЙОРДАНОВ,
c52cb95c-2f51-456e-872e-b7bf39616840,21.08.2026 13:45,Марин Митков Чорбаджийски,Автоматично,Марин Митков Чорбаджийски,
7e1be466-4d4b-4342-a671-0f5e730f4e11,21.08.2026 13:45,Татяна Иванова Тодорова,Автоматично,ЕИСС - Централно Разпределяне,
a4cea5d8-5ec8-4053-bd54-340faf3de271,21.08.2026 13:44,Калина Георгиева Пейчева,Автоматично,Станка Андонова Христова,
2aad807b-b0a3-4968-83d1-877f3b94cfce,21.08.2026 13:44,Мария Ботева,Автоматично,Радина Карамфилова,
3a0ca9b6-8b9a-421b-b160-42f3d9e63c04,21.08.2026 13:44,МАРИЯ ИЛЧЕВА ИЛИЕВА,Автоматично,ИВАЙЛО АЛЕКСАНДРОВ ЙОРДАНОВ,
3065b075-3fdf-482c-8c4e-091e5df5b7b5,21.08.2026 13:43,Ивелина Илиева Келлева Бонева,Автоматично,ЕИСС - Централно Разпределяне,
ca850051-fcac-444f-815a-b58dd4d43e70,21.08.2026 13:43,Вили Дацов,Автоматично,Лилия Трендафилова Траева,
a4dc235e-fc4f-40d0-a010-23161546a3fb,21.08.2026 13:41,Мариела Анастасова Иванова,Автоматично,Десислава Руменова Доганова,
0f2f2b9a-51af-435f-97bb-6c8102248e65,21.08.2026 13:39,Диана Стамболова,Автоматично,Радина Карамфилова,
0affc6ac-6405-4a3b-ac08-899d0c9c96f0,21.08.2026 13:39,Адриана Георгиева Добрева,Автоматично,Анджела Мариянова Николова Обретинова,
59b6a41c-8c9b-4c4e-8931-704558ccf3e0,21.08.2026 13:39,Екатерина Стоева,Автоматично,Иван Благоев Благоев,
c6f9c004-65a8-4194-8b14-4f049b262708,21.08.2026 13:39,Диана Симеонова Стателова,Автоматично,ЕИСС - Централно Разпределяне,
6c7435a0-ec8e-49d8-a177-9202a83957d9,21.08.2026 13:39,Велизар Бойчев,Автоматично,Мирослав Йорданов,
80b1d92a-cd55-49d9-82dc-aff87a97e339,21.08.2026 13:38,Адриана Георгиева Добрева,Автоматично,Анджела Мариянова Николова Обретинова,
b992a263-9fc2-4727-8d05-d7b968229b85,21.08.2026 13:38,Иванка Петрова Гоцева,Автоматично,Лилия Трендафилова Траева,
1a7b7835-5b2c-4ca6-b710-c009c1a2d4c7,21.08.2026 13:37,Диана Стамболова,Автоматично,Радина Карамфилова,
c74a40d0-215c-4ab3-b587-86abe5836f44,21.08.2026 13:38,Мирослав Йорданов,Ръчно разпределение,Мирослав Йорданов,
c74a40d0-215c-4ab3-b587-86abe5836f44,21.08.2026 13:38,Явор Влахов,Ръчно разпределение,Мирослав Йорданов,
c74a40d0-215c-4ab3-b587-86abe5836f44,21.08.2026 13:35,Велизар Бойчев,Разпределение по дежурство,Мирослав Йорданов,
46d099ae-720d-4015-b9f0-3b5092bcee18,21.08.2026 13:35,РОСЕН ПЛАМЕНОВ АЛЕКСАНДРОВ,Разпределение по дежурство,ДАНИСЛАВА САШКОВА ПАВЛОВА,
352aa5be-39e8-4f00-90a3-aeed18e0266f,21.08.2026 13:34,Явор Влахов,Автоматично,Мирослав Йорданов,
5ce4e3c4-a5f1-419e-b8d1-0f42712fb413,21.08.2026 13:34,ИЛИНА ВЕЛИЗАРОВА ЗЛАТАРЕВА МИТЕВА,Автоматично,ИВАЙЛО АЛЕКСАНДРОВ ЙОРДАНОВ,
dfea83cf-a58a-43f5-8604-e4f4204f27a3,21.08.2026 13:33,Явор Влахов,Автоматично,Мирослав Йорданов,
f2060cb6-bcd2-47c9-9bc8-5aabfe073343,21.08.2026 13:35,Силвия Борисова Русева,Автоматично,ЛИЛИЯ ВЕЛИНОВА МАВЛОВА,
acf288be-e37c-48d9-8b78-992796856247,21.08.2026 13:33,ВАЛЯ МЛАДЕНОВА,Автоматично,ЕИСС - Централно Разпределяне,
abbb5cc1-edf2-445c-8658-7e6c2d30bb10,21.08.2026 13:33,МАРИНЕЛА КРАСИМИРОВА МАРИНОВА-СТОЕВА,Автоматично,ЕИСС - Централно Разпределяне,
1eeaa5f7-913f-484f-bd77-5917c86fef82,21.08.2026 13:33,ЛАЗАР КИРИЛОВ ВАСИЛЕВ,Автоматично,ЕИСС - Централно Разпределяне,
08bf4e16-47f2-4d8f-94da-c8c21c62287c,21.08.2026 13:33,Людмила Добрева Григорова-Митева,Автоматично,ЕИСС - Централно Разпределяне,
191e5713-2086-474e-ae29-c07b9524e2e5,21.08.2026 13:32,Андрей Георгиев Андреев,Разпределение по дежурство,Зорница Станкова Господинова,
1f34ccfe-842d-4b2e-81db-a7b9f88f1841,21.08.2026 13:32,Виктория Марианова Станиславова,Автоматично,ВАНЯ ПЕТКОВА ГЕОРГИЕВА,
6f309ae5-4aff-4038-b481-266b3e999770,21.08.2026 13:32,МАРИЯ ИЛЧЕВА ИЛИЕВА,Автоматично,ИВАЙЛО АЛЕКСАНДРОВ ЙОРДАНОВ,
67cb56a9-4c16-4dbf-9c6c-25b160ad8159,21.08.2026 13:31,Боряна Бороджиева,Автоматично,Радина Карамфилова,
836b12ba-d8be-482f-ac7a-7b04bc07e619,21.08.2026 13:31,Борислав Любомиров Чернев,Автоматично,ЕИСС - Централно Разпределяне,
461e0f20-6d39-49a1-8123-adfacb2ea28f,21.08.2026 13:31,Жулиета Цонева Стоянова,Автоматично,ЕИСС - Централно Разпределяне,
b2273a77-9126-4b04-9d5e-4e20554d0838,21.08.2026 13:31,Милен Иванов Бойчев,Автоматично,Десислава Николаева Великова,
8658e396-9f2c-46ec-ac61-d58cdd944440,21.08.2026 13:29,Минчо Танев Танев,Автоматично,Георги Янчев Николов,
36211e56-0e6b-47e6-b953-a67064dc647b,21.08.2026 13:32,Явор Влахов,Автоматично,Мирослав Йорданов,
0f6d08f2-e875-4bbe-8884-6d2cbbe81ded,21.08.2026 13:29,ИВАНКА ГРИГОРОВА МИТЕВА,Автоматично,ИВАЙЛО АЛЕКСАНДРОВ ЙОРДАНОВ,
80fb552d-4328-450c-8c29-9685ec63b180,21.08.2026 13:28,Радина Карамфилова,Автоматично,Радина Карамфилова,
f42375b4-5eb6-4ea7-af55-79a9a9d11cb6,21.08.2026 13:28,Александър Желязков,Автоматично,Даниела Дончева,
189dc3ed-c60e-4139-8009-e98622508e0c,21.08.2026 13:28,ДИАНА ДИМИТРОВА ВАСИЛЕВА,Автоматично,ВАНЯ ПЕТКОВА ГЕОРГИЕВА,
576a3e2b-2bb9-4663-bd88-25f9b11d3f0d,21.08.2026 13:28,Силвия Тодорова Евстатиева,Автоматично,Маргарита Николова Димитрова,
10831d96-26d1-441a-bbe9-cfd2c2c65f2e,21.08.2026 13:27,Георги Методиев Павлов,Автоматично,Теменуга Иванова Стоева,
91476cad-7580-41f2-8b91-4e8243a64be4,21.08.2026 13:27,КРИСТИАН АТАНАСОВ БАДЖАКОВ,Автоматично,ЕИСС - Централно Разпределяне,
0cf1a5f7-fa2a-4104-8d39-01f5512b87df,21.08.2026 13:27,Петко Русев Георгиев,Автоматично,ЕИСС - Централно Разпределяне,
11cb470c-2501-49ac-b7fb-24b5ade1e002,21.08.2026 13:27,ИВЕЛИНА СТОЯНОВА КОЛЕВА,Разпределение по дежурство,ВАНЯ ПЕТКОВА ГЕОРГИЕВА,
d30083e6-29cc-48b5-88e1-d202b6924ce4,21.08.2026 13:27,НЕЙКО ГЕОРГИЕВ НЕЙКОВ,Автоматично,ЕИСС - Централно Разпределяне,
2dd8d840-dbd9-4137-879b-0541592745e7,21.08.2026 13:27,Жана Петрова,Автоматично,Радина Карамфилова,
69822620-3768-416b-80d0-1bfb64e59007,21.08.2026 13:26,Камен Иванов,Автоматично,Даниела Дончева,
a9b8d669-2fec-4973-ac8b-0bb4d4dc54b2,21.08.2026 13:26,АНГЕЛИНА КОЛЕВА БОЕВА,Автоматично,ИВАЙЛО АЛЕКСАНДРОВ ЙОРДАНОВ,
bb7884ee-fe69-4b9a-be73-c91b37378bc6,21.08.2026 13:25,Невяна Пейчева Захариева,Автоматично,ЕИСС - Централно Разпределяне,
423c090b-d093-4823-9ef0-ffa2a2572682,21.08.2026 13:28,Силвия Борисова Русева,Автоматично,ЛИЛИЯ ВЕЛИНОВА МАВЛОВА,
b4f14eea-18bd-4e98-b608-b4651e959c98,21.08.2026 13:25,Хрисимир Максимов Пройнов,Автоматично,ЕИСС - Централно Разпределяне,
37ec1a92-2fe2-4400-be9b-a03d4f88f681,21.08.2026 13:25,Даниела Гунева,Автоматично,Радина Карамфилова,
1ea3fe7f-1ea3-425e-bffc-c69d6d601946,21.08.2026 13:25,ВАЛЕНТИНА ИВАНОВА ТОДОРОВА,Автоматично,ЕИСС - Централно Разпределяне,
2f50fc8e-d480-4224-883a-d09c2d2f97af,21.08.2026 13:25,Камелия Василева,Автоматично,Флора Владимирова Калудова,
d1f75048-4d76-4b57-b0fa-d4ee9c2da00d,21.08.2026 13:24,Теменуга Иванова Стоева,Автоматично,Теменуга Иванова Стоева,
5a20d7d9-2244-4641-9445-4822f2738021,21.08.2026 13:24,ИВЕЛИНА СТОЯНОВА КОЛЕВА,Автоматично,ВАНЯ ПЕТКОВА ГЕОРГИЕВА,
7d7efd25-0270-44c9-8b8e-e9dc179af434,21.08.2026 13:51,Аксиния Борисова Атанасова,Автоматично,Аксиния Борисова Атанасова,
ba268c05-2324-4949-a416-76f31408d688,21.08.2026 13:24,Христо Милков Минев,Разпределение по дежурство,Христина Владева Кирилова,
b5fcdffa-618f-4a5a-b7f7-a2e635b83c3b,21.08.2026 13:23,Атанас Дечков Христов,Автоматично,Мирослав Георгиев Маринов,
e21da135-c3aa-47ed-9426-7083687062c5,21.08.2026 13:23,Николай Димитров,Автоматично,Радина Карамфилова,
3f223221-99bc-4606-8211-889fe8beef05,21.08.2026 13:23,СЛАВИ ГЕОРГИЕВ СЛАВОВ,Автоматично,ВАНЯ ПЕТКОВА ГЕОРГИЕВА,
c69bf992-29d3-4bac-8412-b4758ee3eedf,21.08.2026 13:23,Ана Симеонова Андонова,Автоматично,ЕИСС - Централно Разпределяне,
2e876012-9862-460a-949e-6b403c62bf86,21.08.2026 13:23,СВЕТЛАНА ТОДОРОВА ПАНАЙОТОВА,Автоматично,ИВАЙЛО АЛЕКСАНДРОВ ЙОРДАНОВ,
12d0661f-6449-4f47-83fe-fc8025c6e00a,21.08.2026 13:25,Атанас Милчев Каменски,Автоматично,Петър Петков Монев,
12d0661f-6449-4f47-83fe-fc8025c6e00a,21.08.2026 13:24,Петър Петков Монев,Автоматично,Петър Петков Монев,
12d0661f-6449-4f47-83fe-fc8025c6e00a,21.08.2026 13:23,Калиптен Ибрям Алид,Автоматично,Петър Петков Монев,
054c5860-62a6-4dec-a0e9-12d01f1276b4,21.08.2026 13:22,ДЕСИСЛАВА ПЕТРОВА ГЕНОВА,Автоматично,ВАНЯ ПЕТКОВА ГЕОРГИЕВА,
09263610-e69c-4036-9978-876b850a490b,21.08.2026 13:22,Лилия Йорданова,Автоматично,Радина Карамфилова,
ea93e23c-4a51-448b-b0d2-75c411c0ea03,21.08.2026 13:32,Мая Василева Гиздова,Разпределение по дежурство,Светла Василева Пейчева,
05d08920-5051-4665-ba65-56ac6acd1363,21.08.2026 13:24,Стефан Милев,Автоматично,Даниела Дончева,
b9fff7fd-07f2-4aff-8897-cb46c12185e4,21.08.2026 13:21,МАРИЯ ВАЛЕНТИНОВА АТАНАСОВА,Автоматично,ВАНЯ ПЕТКОВА ГЕОРГИЕВА,
baaaed3b-e696-4b24-9cb3-6735a8e64166,21.08.2026 13:21,Росен Иванов Балкански,Автоматично,Росен Иванов Балкански,
e24cf2f0-219f-4215-80a3-76e5321febc6,24.08.2026 12:58,ЧАНКО ПЕТКОВ ПЕТКОВ,Ръчно разпределение,Емилия Стойнова Бялкова,
e24cf2f0-219f-4215-80a3-76e5321febc6,21.08.2026 13:21,Донка Янкова Русинова,Автоматично,ЕИСС - Централно Разпределяне,
01c27be8-2f8b-4b0d-a318-db6370590dc7,21.08.2026 13:21,Крум Илиев Динев,Автоматично,ЕИСС - Централно Разпределяне,
3aa0b2aa-16b9-46fd-a054-640164c7d1ab,21.08.2026 13:21,Велина Иванова Ангелова,Автоматично,ЕИСС - Централно Разпределяне,
413f88ef-85b3-467b-bf83-0a64577e4877,21.08.2026 13:20,Константин Димитров Иванов,Автоматично,Флора Владимирова Калудова,
abc0b8b3-1908-4d58-8628-b8621e12a9f5,21.08.2026 13:20,Георги Терзиев,Автоматично,Радина Карамфилова,
8a946dcd-2574-4fab-99d7-9a970ce6f20c,21.08.2026 13:20,ЕЛЕНА НИКОЛОВА ДИНЕВА ИЛИЕВА,Автоматично,ВАНЯ ПЕТКОВА ГЕОРГИЕВА,
25105998-25a6-44e4-9fa2-3129e35ba2d9,21.08.2026 13:19,Димитрина Ангелова,Автоматично,Даниела Дончева,
9d012f63-b2c2-4954-846f-4b5e07044d84,21.08.2026 13:19,КРИСТИЯН АНТОНИЕВ ПОПОВ,Автоматично,ЕИСС - Централно Разпределяне,
46930153-1aec-4b9a-b52f-6053b68a3f99,21.08.2026 13:19,МОНИКА ПЛАМЕНОВА ДОБРИНОВА,Автоматично,ЕИСС - Централно Разпределяне,
69d9c8b2-b98c-4e36-ba8a-87fbc1886330,21.08.2026 13:20,Ралица Иванова Хаджииванова,Автоматично,Мирослав Георгиев Маринов,
57358322-99fe-47cb-9720-dc1ff9d76bd4,21.08.2026 13:18,Красимир Тодоров Василев,Автоматично,Флора Владимирова Калудова,
482aabd9-341e-475e-afe9-ca259926690d,21.08.2026 13:18,Диана Колева Стоянова,Автоматично,Меглена Петрова Георгиева,
a07ea0d8-c5dd-427e-84e5-06fadad99b95,21.08.2026 13:17,ДЕСИСЛАВА ПЕТРОВА ГЕНОВА,Автоматично,ВАНЯ ПЕТКОВА ГЕОРГИЕВА,
07ff554a-ba62-452b-a177-880143af8c89,21.08.2026 13:16,Христо Милков Минев,Разпределение по дежурство,Христина Владева Кирилова,
4c4c0ac7-0a5e-4faf-8949-99af9aaa6786,21.08.2026 13:17,Боряна Бороджиева,АР,Радина Карамфилова,
4c4c0ac7-0a5e-4faf-8949-99af9aaa6786,21.08.2026 13:16,Елеонора Попова,Автоматично,Радина Карамфилова,
2d0bfabb-96bf-40bc-a910-f3dac72c9b46,21.08.2026 13:16,мл.с. Ивайло Максимов Младенов,Автоматично,Флора Владимирова Калудова,
b19579de-0d1c-4f9f-b312-bd95d0024980,21.08.2026 13:15,МИЛЕНА АЛЕКСИЕВА,Автоматично,ЕИСС - Централно Разпределяне,
c4e0b7f3-a582-4941-b025-e5f7dc6dfde1,21.08.2026 13:15,София Сотирова Монева,Автоматично,ЕИСС - Централно Разпределяне,
841baee4-f44e-418f-98db-12a36ccba39f,21.08.2026 13:27,Велизар Бойчев,Автоматично,Мирослав Йорданов,
868cd673-151a-43f7-8bec-1a1449676aca,21.08.2026 13:14,Пламен Атанасов Атанасов,Автоматично,Меглена Петрова Георгиева,
bc67397f-68d2-4c42-92f2-39bcca478a89,21.08.2026 13:14,Иван Борисов Вътков,Автоматично,ЕИСС - Централно Разпределяне,
7d867284-66a2-4396-97ea-8092f999185f,21.08.2026 13:14,ДИМИТЪР ВАСИЛЕВ ВАСИЛЕВ,Автоматично,ЕИСС - Централно Разпределяне,
841288fa-0757-47e6-882b-59b06acc5455,21.08.2026 13:14,Яница Събева-Ченалова,Автоматично,Яница Ченалова,
978e61cf-b6a0-4097-a2bf-c6dc75cbdc81,21.08.2026 13:14,Диана Стамболова,Автоматично,Радина Карамфилова,
20aacf17-7e36-4a50-a743-e2bd961a7eef,21.08.2026 13:14,Симеон Илиянов Светославов,Автоматично,ЕИСС - Централно Разпределяне,
e6e933c2-29d7-4d89-a55b-f817e00ac7d1,21.08.2026 13:13,Диана Розалинова Хубенова,Автоматично,Гергана Николаева Божилова,
2c958cae-3bba-4fc1-9c1b-22d8166432d3,21.08.2026 13:13,Велина Пенева,Автоматично,ЕИСС - Централно Разпределяне,
2c9763f2-534a-4960-81a7-4c4beeeb3550,21.08.2026 13:13,Галина Николова,Автоматично,ЕИСС - Централно Разпределяне,
d807cdac-7e7e-44e2-9870-4b480a8d1c5b,21.08.2026 13:13,РОСЕН ПЛАМЕНОВ АЛЕКСАНДРОВ,Автоматично,ДАНИСЛАВА САШКОВА ПАВЛОВА,
d2b2ceb7-9cbd-4706-8df1-2b1ac49ca5da,21.08.2026 13:13,Тихомир Руменов Рачев,Автоматично,ЕИСС - Централно Разпределяне,
93f6a4da-d868-4f13-a0ff-2fe6df0bc965,21.08.2026 13:13,АЛЕКСАНДРА НАНОВА,Автоматично,ЕИСС - Централно Разпределяне,
c45c50eb-a7e2-4cf1-8132-c2aa58a75f4f,21.08.2026 13:13,Мариела Викторова Йосифова,Автоматично,ЕИСС - Централно Разпределяне,
25a3d495-2411-4c09-b5b7-4b8e2279bf58,21.08.2026 13:13,Веселин Христов Коларов,Автоматично,ГАЛИНА СЛАВОВА ГЕОРГИЕВА,
5b598a58-5b33-41bb-b7e7-16ba09852afa,21.08.2026 13:12,Боян Митков Цонев,Автоматично,Анита Красимирова Дочева,
99e64059-7864-438a-bb0c-4399431f91a5,21.08.2026 13:12,Стефка Томова Пашова,Разпределение по дежурство,Мария Максимова Караджова,
58bf9290-e063-4e62-9bd3-00fab4ceaeaa,21.08.2026 13:12,Андрей Георгиев Андреев,Разпределение по дежурство,Зорница Станкова Господинова,
5a789aa4-5888-4c2c-b6c4-21e045e6e1a0,21.08.2026 13:11,Стефка Томова Пашова,Автоматично,Мария Максимова Караджова,
3913fc8b-95d2-455b-a4a6-76218cddf94f,21.08.2026 13:16,Емилия Колева,Автоматично,Даниела Дончева,
3913fc8b-95d2-455b-a4a6-76218cddf94f,21.08.2026 13:13,Венелин Иванов,Автоматично,Даниела Дончева,
a58c902b-497d-4cfc-94cd-dd9794c38438,21.08.2026 13:11,Цветелина Георгиева Хекимова,Автоматично,Меглена Петрова Георгиева,
aa0aaf23-3939-4b1b-8aa6-cb130d309139,21.08.2026 13:11,ФИЛИП СТОЯНОВ РАДИНОВ,Автоматично,ЕИСС - Централно Разпределяне,
70858fd2-b6a1-4b11-8496-2c2a209fadf3,21.08.2026 13:11,Райна Тодорова,Автоматично,Яница Ченалова,
b25fe34d-770d-4ec5-9afa-c79dd6667086,21.08.2026 13:09,Антоанета Митрушева,Автоматично,Ива Байнова,
80931061-9c5c-4592-a41b-c93de86a4216,21.08.2026 13:09,Андрей Георгиев Андреев,Разпределение по дежурство,Зорница Станкова Господинова,
2d275cac-945d-4318-8626-4c00cd28263b,21.08.2026 13:12,мл.с. Ралица Светославова,Автоматично,Флора Владимирова Калудова,
fe94a3fe-860f-4c94-9d99-624cd553104c,21.08.2026 13:09,Гергана Кузманова,Автоматично,Гергана Кузманова,
fd771d01-9b82-4c09-a007-48bbe644e061,21.08.2026 13:09,Иван Георгиев Шейтанов,Автоматично,Мария Максимова Караджова,
c68f525b-d961-43d4-8515-b09a8b4ecef5,21.08.2026 13:09,Александър Иванов,Автоматично,Мирослав Йорданов,
d88e96ad-5017-4766-a2bf-ab0e7c308bd3,21.08.2026 13:09,Атанас Василев Димитров,Автоматично,ЕИСС - Централно Разпределяне,
96edf567-306c-43de-b4f9-618236ca0f1d,21.08.2026 13:07,Тони Кръстев,Автоматично,Меглена Петрова Георгиева,
12625126-fea2-4f17-97bd-7464cc08fdca,21.08.2026 13:07,ЯНА ВАСИЛЕВА НИКОЛОВА ДИМИТРОВА,Разпределение по дежурство,ВЕЛИНА ВЛАДИМИРОВА КАРАГЕОРГИЕВА,
04c65b4b-aa64-4403-9b2a-5731a5482d0a,21.08.2026 13:07,ЛИЛИЯ ГЕОРГИЕВА ТЕРЗИЕВА,Автоматично,ЕИСС - Централно Разпределяне,
1db42f20-4664-4703-8661-0ddd842119d6,21.08.2026 13:07,Райна Русева,Автоматично,Гергана Кузманова,
737f4558-6a7d-43ed-9e7e-d7241fdcbb32,21.08.2026 13:07,Александър Георгиев,Автоматично,ЕИСС - Централно Разпределяне,
78af7390-57db-47ed-bd1f-cf00d18f53df,21.08.2026 13:07,Христо Милков Минев,Разпределение по дежурство,Христина Владева Кирилова,
a1cba8d9-b84c-46ac-9202-1f4f00eee0fe,21.08.2026 14:00,Нели Георгиева Батанова,Ръчно разпределение,Жулиета Кирилова Серафимова,
a1cba8d9-b84c-46ac-9202-1f4f00eee0fe,21.08.2026 13:59,Мирослав Георгиев Маринов,Ръчно разпределение,Жулиета Кирилова Серафимова,
a1cba8d9-b84c-46ac-9202-1f4f00eee0fe,21.08.2026 13:06,Атанас Дечков Христов,Автоматично,Мирослав Георгиев Маринов,
90f1e2b2-55d5-4726-933a-32f00e973742,21.08.2026 13:07,Василка Желева,Автоматично,Ива Байнова,
a3ae3a90-ff5c-4c5c-a8b7-bc3331a9ca96,21.08.2026 13:05,Райна Тодорова,Автоматично,Яница Ченалова,
91bbf230-e8c0-415b-8e53-0382522d367a,21.08.2026 13:05,Райна Русева,Автоматично,Гергана Кузманова,
34bd8419-c93a-4095-a8ce-9f2437904745,21.08.2026 13:05,Неделин Йорданов Захариев,Автоматично,Емил Кръстев Ангелов,
10a64703-1386-4226-8f0d-e13b6ee7530b,21.08.2026 13:05,Темислав Малинов Димитров,Разпределение по дежурство,Стефан Кюркчиев,
d508b5e1-87d9-40ca-ab0d-fe819168d70b,21.08.2026 13:05,ВЛАДИМИР ТОДОРОВ КАРАГЬОЗОВ,Автоматично,ЕИСС - Централно Разпределяне,
59fa3dd6-17ed-4150-8cea-a28ac1886ff5,21.08.2026 13:04,Биляна Росалинова Скорчовска Петкова,Автоматично,Емил Кръстев Ангелов,
0b02f96e-156b-4404-aa0c-070729a45436,21.08.2026 13:04,ВЛАДИМИР ТОДОРОВ КАРАГЬОЗОВ,Автоматично,Виолета Недева Христова,
b36f83ca-2a35-42fc-b0e1-d0e0c0d90a6b,21.08.2026 13:03,Гергана Кузманова,Автоматично,Гергана Кузманова,
821879cc-101f-49d2-8ee2-da2c7ae85487,21.08.2026 13:05,Димитър Георгиев Христов,Ръчно разпределение,Веселина Петкова Томова,
821879cc-101f-49d2-8ee2-da2c7ae85487,21.08.2026 13:05,Иво Василев Добрев,Ръчно разпределение,Веселина Петкова Томова,
821879cc-101f-49d2-8ee2-da2c7ae85487,21.08.2026 13:03,Георги Христов Иванов,Разпределение по дежурство,Веселина Петкова Томова,
c6fef8ea-d65c-4c71-8879-c759b09a1900,21.08.2026 13:03,КОНСТАНТИН ПЕТРОВ КОСЕВ,Автоматично,ЕИСС - Централно Разпределяне,
2a0718cd-91ee-4ebe-8318-28625ef3fdf8,21.08.2026 13:03,Мирослава Неделчева,Автоматично,ЕИСС - Централно Разпределяне,
ff9453ce-84e3-4ea1-bd6c-938b6f04e546,21.08.2026 13:01,Гроздан Грозев,Автоматично,Ива Байнова,
e5a5a1b7-25f4-4292-89ef-9fcccfaa6ad3,21.08.2026 13:02,ЕВЕЛИНА ОГНЯНОВА МАРИНОВА,Разпределение по дежурство,ИВАЙЛО АЛЕКСАНДРОВ ЙОРДАНОВ,
9be365a6-b601-49d1-a8f2-92256c23b23d,21.08.2026 13:10,Маруся Йорданова,Автоматично,Радина Карамфилова,
9be365a6-b601-49d1-a8f2-92256c23b23d,21.08.2026 13:04,Камелия Серафимова,Автоматично,Радина Карамфилова,
0a3bd223-7640-4882-babb-f79ee820a092,21.08.2026 12:59,Кристиан Бориславов Гюрчев,Разпределение по дежурство,Кристиан Бориславов Гюрчев,
8e5c51bc-3a85-43ca-9556-908f99c9cba3,21.08.2026 12:59,Милена Стоянова Стоянова,Автоматично,ЕИСС - Централно Разпределяне,
9bbeee94-37a2-4fc6-b8cb-fdee692fbb20,21.08.2026 12:59,Ирена Янкова,Автоматично,Яница Ченалова,
0ebf93a6-89ad-4c2f-8b24-9be0f272cb7a,21.08.2026 12:59,Димитрина Илиева Тенева,Автоматично,ЕИСС - Централно Разпределяне,
553600b9-eadd-4381-8a70-6e01cc07460c,21.08.2026 12:59,НЕЙКО ГЕОРГИЕВ НЕЙКОВ,Автоматично,ЕИСС - Централно Разпределяне,
c7d03bf5-71d7-45b7-9d2b-03d091c1b900,21.08.2026 12:58,НЕВЕНА ИЛАРИОНОВА ИВАНОВА,Разпределение по дежурство,ПЕТЯ ДИМИТРОВА МЛАДЕНОВА,
41d9439f-8e04-4660-a3ef-12cb093e020f,21.08.2026 12:58,Нели Георгиева Батанова,Разпределение по дежурство,Румяна Вълчева Райкова,
8af68d15-8e56-4d37-b14a-e461ef031e63,21.08.2026 12:57,Венцислав Димитров Василев,Разпределение по дежурство,Кристиан Бориславов Гюрчев,
f4fa128d-082c-457a-9714-c48b1d75771e,21.08.2026 12:59,Петя Георгиева Георгиева Стоянова,Ръчно разпределение,Веселина Петкова Томова,
8150e2ba-3989-4ac4-b8d4-0b94c5d79b8a,21.08.2026 12:57,Нели Георгиева Батанова,Разпределение по дежурство,Румяна Вълчева Райкова,
65b907f1-46ad-4581-af05-92e79f063dc2,21.08.2026 12:57,МАРИНЕЛА КРАСИМИРОВА МАРИНОВА-СТОЕВА,Автоматично,ЕИСС - Централно Разпределяне,
63c33b39-18bc-4c11-b456-82f24bc53505,21.08.2026 12:56,Маргарита Йорданова,Автоматично,Радина Карамфилова,
b83e8c9f-a46b-4ceb-9eda-14b12f48bd36,21.08.2026 12:55,Красимир Тодоров Василев,Автоматично,Флора Владимирова Калудова,
73f12dee-3236-4979-9c0b-fa60dad38ba6,21.08.2026 12:55,Младен Семов,Автоматично,Радина Карамфилова,
13890f99-1a28-4633-9ab4-15030457322d,21.08.2026 12:55,Десислава Николаева Великова,Автоматично,ЕИСС - Централно Разпределяне,
3a7abcff-17e3-477e-8ed6-ab3a42854730,21.08.2026 12:54,Весела Гълъбова,Автоматично,Флора Владимирова Калудова,
da6764cf-fec5-401a-ae13-c764f1b0306c,21.08.2026 12:54,Деница Добрева,Автоматично,Меглена Петрова Георгиева,
c39e90a5-4ed6-40d4-9fa0-9766d77ab50c,21.08.2026 12:54,Златко Мазников,Автоматично,Яница Ченалова,
a94059ca-43e0-40e5-89e3-25719793a99b,21.08.2026 12:53,Маргарита Йорданова,Автоматично,Радина Карамфилова,
35c6ec8e-e07e-4297-b641-d5a7ce0cdfe7,21.08.2026 13:05,Стефан Илиев,Автоматично,Даниела Дончева,
2f596b0a-3df6-407c-988a-82837d58ae0c,21.08.2026 12:53,Ралица Цанкова Райкова,Автоматично,Меглена Петрова Георгиева,
ce9deb28-b1a8-4426-bb04-1844c233f448,21.08.2026 12:52,Ивелина Владова,Автоматично,Флора Владимирова Калудова,
ec563e39-3082-4a78-9f24-0856b0972466,21.08.2026 12:52,ГЕОРГИ КОСТАДИНОВ МИЛКОТЕВ,Автоматично,ТЕОДОРА ДИМИТРОВА КЮРКЧИЕВА,
b5cec1ee-2d1f-496f-bf6f-9aea1444113d,21.08.2026 12:51,Радосвета Добрева Станимирова,Автоматично,ЕИСС - Централно Разпределяне,
7a666853-242a-424e-8a71-4ae0e5084c52,21.08.2026 12:51,Петя Венциславова Петрова - Светиева,Автоматично,ЕИСС - Централно Разпределяне,
7a7cd74e-e0df-4012-825b-16fe1a6b2a64,21.08.2026 12:51,Светла Величкова Пенева,Автоматично,Флора Владимирова Калудова,
8394aa78-0d07-4580-b1f8-3a61009c8663,21.08.2026 12:50,Ралица Цанкова Райкова,Автоматично,Меглена Петрова Георгиева,
edd02af8-0601-4f1d-b56f-29c244b19f5a,21.08.2026 12:49,ЛИЛИЯ ГЕОРГИЕВА ТЕРЗИЕВА,Автоматично,ТЕОДОРА ДИМИТРОВА КЮРКЧИЕВА,
bdb7603e-e276-4426-9d6a-9757e07bcd39,21.08.2026 12:49,Емил Димитров Стоев,Разпределение по дежурство,Емил Димитров Стоев,
39953ca0-c2ae-42a7-927a-66de6d4eb3f1,21.08.2026 12:48,Мария Вангелова Грунова,Автоматично,Донка Найденова Петрова,
1bdcd59f-6283-4279-be4f-0226c87d6698,21.08.2026 12:48,Анна Димитрова Дъбова,Автоматично,Щеряна Михалева Гъркова,
5afc2f6e-11ea-4592-825f-e72a46c16265,21.08.2026 12:48,МЕТОДИ КРУМОВ ВЕЛИЧКОВ,Автоматично,МИХАИЛ АНГЕЛОВ АЛЕКСОВ,
2c6b4883-5cb6-4a69-af71-a936ad4d0cde,21.08.2026 12:47,Георги Кирилов Пашалиев,Автоматично,ЕИСС - Централно Разпределяне,
8ca7f322-19a5-4f32-b65b-260e5a0d8518,21.08.2026 12:47,Мариела Викторова Йосифова,Автоматично,ЕИСС - Централно Разпределяне,
70dfa185-0825-404d-bc24-6fc0531d7c6d,21.08.2026 12:46,Атанас Стоилов Атанасов,Разпределение по дежурство,Даниела Дончева,
a96d411c-f41c-4aba-ad15-5366e0a49298,21.08.2026 12:45,АЛЕКСАНДЪР ДИМИТРОВ МУРТЕВ,Автоматично,ЕИСС - Централно Разпределяне,
cf6bb5f5-ed3b-4fb2-b0b0-898b5f3e16d2,21.08.2026 12:45,Ангелина Бисеркова,Автоматично,Соня Любчова Костадинова,
9b5d130a-01bf-4690-8f53-407f5dd74c70,21.08.2026 12:43,Надежда Димитрова Кирилова,Автоматично,ЕИСС - Централно Разпределяне,
5d3ea08e-eddd-4dd3-8acd-4a1b865bba85,21.08.2026 12:43,Петко Петров Монев,Автоматично,ЕИСС - Централно Разпределяне,
387a43b8-8993-4de0-8e21-eec670a25316,21.08.2026 12:43,Михаела Иванова Атанасова,Автоматично,ЕИСС - Централно Разпределяне,
e068baa2-1754-4186-bdd1-bab0fad5a3e9,21.08.2026 12:43,Красимир Маринов Димитров,Разпределение по дежурство,Красимир Маринов Димитров,
39ff99a8-8dc8-4eaf-8ba2-14e6d5007b40,21.08.2026 12:41,Красимира Иванова Николова-Петрова,Автоматично,Златина Пламенова Личева-Денева,
f90ddbff-fef3-4d14-b718-ad7b70e097b8,21.08.2026 12:41,Красимир Маринов Димитров,Разпределение по дежурство,Красимир Маринов Димитров,
d891e9e2-3849-43a0-8cdd-7c27f3f98070,21.08.2026 12:41,МАРИЯ ВЕНЦИСЛАВОВА МИЛУШЕВА,Автоматично,МИХАИЛ АНГЕЛОВ АЛЕКСОВ,
f67b53b8-3cb6-4c15-8197-e59984a5ec2d,21.08.2026 12:41,КРИСТИАН АТАНАСОВ БАДЖАКОВ,Автоматично,ЕИСС - Централно Разпределяне,
3c554535-d6fc-4c30-bbac-71d97e9695a9,21.08.2026 12:41,Тихомир Руменов Рачев,Автоматично,ЕИСС - Централно Разпределяне,
2aeef1bf-e471-42bd-8d22-0c997f4c8c9c,21.08.2026 12:40,Венелин Димитров Николаев,Разпределение по дежурство,Красимир Маринов Димитров,
338f9fa7-63e7-4dca-94cc-6c7f5a1dab4d,21.08.2026 12:40,Надя Георгиева Славова,Разпределение по дежурство,Георги Кирилов Пашалиев,
6782dce2-4145-4836-8ab7-100a7c2b89b0,21.08.2026 12:39,Надя Георгиева Славова,Автоматично,Георги Кирилов Пашалиев,
c705b156-192c-4011-84e8-f22e0e3be31d,21.08.2026 12:38,Венелин Димитров Николаев,Разпределение по дежурство,Красимир Маринов Димитров,
300f1b54-a9f0-490b-8312-6bde919a8517,21.08.2026 12:38,МИХАИЛ АНГЕЛОВ АЛЕКСОВ,Автоматично,МИХАИЛ АНГЕЛОВ АЛЕКСОВ,
ff398c37-7bca-461d-b682-332d7b8a3870,21.08.2026 12:37,Антон Еленков Антов,Автоматично,ЕИСС - Централно Разпределяне,
dacccfc4-2954-4990-87b3-767e4ff89dfb,21.08.2026 12:36,Красимир Маринов Димитров,Разпределение по дежурство,Красимир Маринов Димитров,
8439a50b-3592-4472-83da-5c010cde4b75,21.08.2026 12:34,Красимир Маринов Димитров,Разпределение по дежурство,Красимир Маринов Димитров,
5a2d9c6f-9813-4c60-8357-e48a0e5bf93d,21.08.2026 12:34,Ивелина Христова - Желева,Автоматично,Теодора Шишкова,
bb2ef313-7e72-472a-8b8f-f8fa99beea34,21.08.2026 12:33,Златина Пламенова Личева-Денева,Разпределение по дежурство,Пламен Ангелов Станчев,
1c7347cd-0f75-4c3f-8237-bab336f18353,21.08.2026 12:33,Ивелин Борисов,Автоматично,Янка Ганчева,
5e801b0a-70bd-4712-ab8f-574e9c37e885,21.08.2026 12:33,Красимир Маринов Димитров,Разпределение по дежурство,Красимир Маринов Димитров,
42a3c6aa-dcff-46f7-8202-34543da4e464,21.08.2026 12:33,Майя Йончева Йончева,Автоматично,ЕИСС - Централно Разпределяне,
8b2c62e6-e9b7-4c1f-ab76-a3407ecd0f2f,21.08.2026 12:32,Пламен Ангелов Станчев,Автоматично,Пламен Ангелов Станчев,
37d378d3-8939-429c-92aa-206a180cacac,21.08.2026 12:35,МИХАИЛ АНГЕЛОВ АЛЕКСОВ,Ръчно разпределение,МИХАИЛ АНГЕЛОВ АЛЕКСОВ,
5033a287-42c9-472a-9374-964a24a869b4,21.08.2026 12:32,Станислава Стоева,Автоматично,Янка Ганчева,
63990ec8-8672-4beb-baa3-cf87740548f6,21.08.2026 12:32,Красимир Маринов Димитров,Разпределение по дежурство,Красимир Маринов Димитров,
4ec64bd5-b52d-477e-8623-d15920b3057d,21.08.2026 12:31,Иван Демиревски,Автоматично,Иван Демиревски,
4a8188fc-609b-4165-be18-cd042b01c18b,21.08.2026 12:31,Христо Петров Попов,Автоматично,Пламен Ангелов Станчев,
657fb584-2c8a-4fcb-874d-13e54dec0d9c,21.08.2026 12:31,ВАЛЯ МЛАДЕНОВА,Автоматично,ЕИСС - Централно Разпределяне,
58537f4e-fda3-465d-be27-fb86057472eb,24.08.2026 14:44,Величка Борилова,Ръчно разпределение,Бистра Николова,
58537f4e-fda3-465d-be27-fb86057472eb,21.08.2026 12:30,Цветомира Петкова Кордоловска Дачева,Автоматично,Капка Павлова,
b71c3623-aac1-48b5-8cc6-2338d3e2cf4f,21.08.2026 12:31,Христо Милков Минев,Автоматично,Теодора Шишкова,
1120631e-9413-4465-b2cf-2d5edf9190f5,21.08.2026 12:30,Павлина Тонева,Автоматично,Пламен Ангелов Станчев,
c2e41922-874d-42d3-9629-210e212316dc,21.08.2026 12:30,Златина Пламенова Личева-Денева,Разпределение по дежурство,Пламен Ангелов Станчев,
ac24d230-0560-4434-9738-348e0fc7cca0,21.08.2026 12:30,Атанас Шкодров,Автоматично,Теодора Шишкова,
ffe8731f-3c7d-456b-9221-ceaacc8c7d68,21.08.2026 12:29,Жана Иванова Маркова,Автоматично,Капка Павлова,
e204e85a-a7a0-4c95-a421-60fffe31d020,21.08.2026 12:29,Красимир Кипров,Автоматично,Янка Ганчева,
de3bb5ec-9c1b-40d1-9fe2-4a1d8eda8b40,21.08.2026 12:29,Златина Пламенова Личева-Денева,Разпределение по дежурство,Пламен Ангелов Станчев,
df27b7d0-fff1-4974-bea4-a87822d24b05,21.08.2026 12:29,Минчо Калоянов Димитров,Автоматично,ЕИСС - Централно Разпределяне,
5ba80770-1481-4046-8261-230371050f5c,21.08.2026 12:28,Златина Пламенова Личева-Денева,Разпределение по дежурство,Пламен Ангелов Станчев,
dbb8e556-d320-4c2c-9def-212d94ee6a8e,21.08.2026 12:28,Мария Георгиева,Автоматично,Капка Павлова,
4d3372b1-6631-476f-9c33-c8a48b043974,21.08.2026 12:28,Георги Митев,Автоматично,Теодора Шишкова,
61fa19d6-e56b-4a46-925c-85489b06a0d0,21.08.2026 12:28,Милена Алексова-Стоилова,Автоматично,Иван Демиревски,
ca22365e-c7ce-4e77-a981-f883edf7d54b,21.08.2026 12:28,Красимир Мазгалов,Ръчно разпределение,Руси Алексиев,
e447eb24-ef38-4ffd-b196-bacbf0ff2428,21.08.2026 12:27,РОМАН ТОДОРОВ НИКОЛОВ,Автоматично,ЕИСС - Централно Разпределяне,
c2d8b288-3cd1-4dff-9efa-f7c2b042b961,21.08.2026 12:27,Димитър Пенчев Стоянов,Автоматично,ЕИСС - Централно Разпределяне,
954aaf39-df7d-448e-97af-86da32bc4556,21.08.2026 12:28,Венелин Димитров Николаев,Разпределение по дежурство,Красимир Маринов Димитров,
bce57c04-51c4-4972-9354-dc31b45cdbff,21.08.2026 12:27,ДЕСИСЛАВА ЦВЕТКОВА,Разпределение по дежурство,ДЕСИСЛАВА ЦВЕТКОВА,
5939cdcc-ebf3-49f8-aa4b-0936a23e8540,21.08.2026 12:26,Димитър Мирчев,Автоматично,Капка Павлова,
75b9f075-ff88-4ef9-aaab-23a2aa495aa1,21.08.2026 12:27,Стефан Кюркчиев,Ръчно разпределение,Руси Алексиев,
b5807466-f67c-40f1-b88f-ac7bfb8471d6,21.08.2026 12:25,АСЕН ТОТЕВ РАДЕВ,Автоматично,ЕИСС - Централно Разпределяне,
b3fc0ce3-4419-48b6-9fb2-3b5602bbe48d,21.08.2026 12:25,Петя Димитрова Стоянова,Автоматично,ЕИСС - Централно Разпределяне,
99222615-1db6-4925-9bc1-f3319e568642,21.08.2026 12:25,Мая Петрова Величкова,Разпределение по дежурство,ВАНЯ ИЛИЕВА ИЛИЕВА,
ed90a29c-e19a-4ba3-82ec-45ed632aab33,21.08.2026 12:25,ВЕСИСЛАВ РУМЕНОВ ГЕНОВ,Автоматично,ЕИСС - Централно Разпределяне,
ee34f775-c1d4-4344-a424-85c0b980b7bf,21.08.2026 12:24,Росица Генадиева Тодорова,Автоматично,ЕИСС - Централно Разпределяне,
fc5d47b3-6898-4f8e-992f-fb00e58e61c5,21.08.2026 12:24,Олга Златева,Автоматично,ЕИСС - Централно Разпределяне,
b6e8c36b-acbf-450b-9e12-daa9083d0cca,21.08.2026 12:24,Пламен Пантев Денев,Автоматично,ЕИСС - Централно Разпределяне,
5932b185-5fbe-4427-a46c-4d4b85e8ea22,21.08.2026 12:24,Снежана Бакалова,Автоматично,Капка Павлова,
e03c1fbb-fcb5-4034-a73e-320dcf91cbc1,21.08.2026 12:24,Магдалена Димова Инджова,Автоматично,ЕИСС - Централно Разпределяне,
4502013f-f938-4a0b-9e1c-4d4c033f5ef0,21.08.2026 12:24,ВАЛЕНТИНА ИВАНОВА ТОДОРОВА,Автоматично,ЕИСС - Централно Разпределяне,
32369bab-eec0-405d-af55-e094c37c5ddf,21.08.2026 12:23,Вера Светославова Найденова,Автоматично,ЕИСС - Централно Разпределяне,
85f5a6fe-f438-443d-ad79-f0a1e5e3b0b4,21.08.2026 12:23,ГЕОРГИ ГЕОРГИЕВ,Автоматично,ЕИСС - Централно Разпределяне,
746c794f-04ee-4398-80ae-d78d8285d887,21.08.2026 12:23,Елица Юлиянова Орманова,Автоматично,ЕИСС - Централно Разпределяне,
4dbf017a-fc29-4ea0-8ad7-bf915e633095,21.08.2026 12:23,ЛАЗАР КИРИЛОВ ВАСИЛЕВ,Автоматично,ЕИСС - Централно Разпределяне,
c4d202f6-d473-4a94-a5b6-2b73e8264726,21.08.2026 12:23,Веселина Чолакова,Автоматично,Янка Ганчева,
c75e8e81-2ec4-4ee7-af6d-cb4334203934,21.08.2026 12:23,Искра Петьова Касабова,Автоматично,ЕИСС - Централно Разпределяне,
2f2a3efa-1f35-4658-83d3-27244a125fbe,21.08.2026 12:22,МИЛЕНА АЛЕКСИЕВА,Автоматично,ЕИСС - Централно Разпределяне,
410dac83-f56c-43f3-81a1-8f3c77c10574,21.08.2026 12:22,Жулиета Цонева Стоянова,Автоматично,ЕИСС - Централно Разпределяне,
aab3c9ce-bbc0-4197-b5bf-2a66e57e7e23,21.08.2026 12:22,Красимира Делчева Кондова,Автоматично,ЕИСС - Централно Разпределяне,
f3830d65-370c-4933-a1f8-dc499e7a8441,21.08.2026 16:40,Десислава Табакова,Ръчно разпределение,Иван Демиревски,
f3830d65-370c-4933-a1f8-dc499e7a8441,21.08.2026 13:14,Иван Демиревски,АР,Иван Демиревски,
f3830d65-370c-4933-a1f8-dc499e7a8441,21.08.2026 12:22,Десислава Табакова,Автоматично,Иван Демиревски,
0d1b247c-946c-4922-810d-82551a9708fd,21.08.2026 12:22,Анна Иванова Кайтазка,Автоматично,ЕИСС - Централно Разпределяне,
1c990bca-387a-49da-b7da-5db4a426943d,21.08.2026 12:22,Димитър Маринов Димитров,Автоматично,ЕИСС - Централно Разпределяне,
5f78b107-270e-4407-bff0-fc3cc214750c,21.08.2026 12:21,Мария Желязкова,Автоматично,Янка Ганчева,
0ccb205e-27b4-45f0-9f0b-935e0b9de7fa,21.08.2026 12:21,Радка Георгиева Стоянова,Автоматично,ЕИСС - Централно Разпределяне,
fee0edbe-78f5-4e19-8b68-40f73a9fe611,21.08.2026 12:21,ТИНА РОСЕНОВА МАЛИНОВА,Автоматично,ЕИСС - Централно Разпределяне,
dde213d0-c3e4-459f-97aa-35c457cb1ccb,21.08.2026 12:21,ГЕОРГИ ГЕОРГИЕВ,Автоматично,ЕИСС - Централно Разпределяне,
8352ad2c-a4e6-4e2d-9916-8378bfe44057,21.08.2026 12:21,ИВАЙЛО КРАСИМИРОВ КЪНЕВ,Автоматично,ЕИСС - Централно Разпределяне,
8af0579f-68b5-4c96-9cd2-b1b242306600,21.08.2026 12:21,Калина Христова Христова,Автоматично,ЕИСС - Централно Разпределяне,
b584e1c1-7044-4668-803a-70a522250c00,21.08.2026 12:22,Яни Георгиев Гайдурлиев,Автоматично,Деляна Димитрова Томова,
b2ba943e-3543-43d0-92a3-dfd218adc645,21.08.2026 12:20,Таня Илкова,Разпределение по дежурство,Таня Илкова,
144a8ec6-da81-4616-a67a-e1134b9bf7e1,21.08.2026 12:20,Марияна Ширванян,Автоматично,Янка Ганчева,
a402511a-7760-4a14-8a57-69ab88fbb822,21.08.2026 12:19,Милена Стоянова Стоянова,Автоматично,ЕИСС - Централно Разпределяне,
918da2a9-c69f-4013-a2b2-360d87c36592,21.08.2026 12:19,Пламен Калинов Кучев,Автоматично,ЕИСС - Централно Разпределяне,
033ccbf1-c6ca-4ef9-9b87-f7f7779c470a,21.08.2026 12:18,Наталия Дичева,Автоматично,Янка Ганчева,
d768307d-2870-4497-87d9-0afd1e8ddce5,21.08.2026 12:17,Кремена Илиева Лазарова,Автоматично,Деляна Димитрова Томова,
05b4a8a3-0258-49a2-89bf-ffb380ca6b00,21.08.2026 12:17,Диана Пенчева Петрова Енева,Автоматично,ЕИСС - Централно Разпределяне,
60617c3a-b4dd-45f7-aa4d-cf1338313823,21.08.2026 12:17,КАЛИН СТЕФАНОВ КУНЧЕВ,Автоматично,ЕИСС - Централно Разпределяне,
798f11d1-fc39-45ef-9c2c-ed2ef81bf16f,21.08.2026 12:21,Величка Борилова,Автоматично,Капка Павлова,
79c95117-9c06-4768-8b28-c3598a2c5a8d,21.08.2026 12:16,Христина Запрянова Жисова,Автоматично,ЕИСС - Централно Разпределяне,
3a430dc8-c28f-4797-b868-f59fba357293,21.08.2026 12:16,СИЛВИНА ДАЧКОВА ЙОВЧЕВА,Автоматично,ЕИСС - Централно Разпределяне,
f7c72814-76d9-49c7-ab73-8f81fd206502,21.08.2026 12:16,Иван Георгиев Калибацев,Автоматично,Щеряна Михалева Гъркова,
e1034cf8-a3d9-412a-8e1a-d7e12cdd5238,21.08.2026 12:16,Атанас Кобуров,Автоматично,ЕИСС - Централно Разпределяне,
603500c9-13d7-4127-b887-f955a292a554,21.08.2026 12:16,ИВАНА ТОДОРОВА,Автоматично,ЕИСС - Централно Разпределяне,
b3b52ae8-e77d-4a18-ae27-b9659de28843,21.08.2026 12:16,ДОРОТЕЯ ЕНЧЕВА ИВАНОВА,Автоматично,ЕИСС - Централно Разпределяне,
a264f7d7-a510-42df-af59-92b6db4b0047,21.08.2026 12:15,Силвия Георгиева Иванова,Автоматично,ЕИСС - Централно Разпределяне,
e4401622-9bbe-42ce-a1d0-2622764dac2b,21.08.2026 12:15,КРИСТИЯН АНТОНИЕВ ПОПОВ,Автоматично,ЕИСС - Централно Разпределяне,
bc067d43-d6ee-427d-95bd-f5f645e2020b,21.08.2026 12:15,Татяна Иванова Тодорова,Автоматично,ЕИСС - Централно Разпределяне,
9e33a106-3a2b-4295-bdef-fc433e0cd207,21.08.2026 12:15,ГЕОРГИ КОСТАДИНОВ МИЛКОТЕВ,Автоматично,ЕИСС - Централно Разпределяне,
a4e8d634-0357-493e-85b2-9ce79c39068b,21.08.2026 12:15,Петя Венциславова Петрова - Светиева,Автоматично,ЕИСС - Централно Разпределяне,
0ecfa7f7-27d8-438f-b846-1b5ac086f195,21.08.2026 12:14,Зорница Николова Тухчиева - Вангелова,Автоматично,Щеряна Михалева Гъркова,
c9d9422e-054f-4569-99ab-f10cb3bf7f95,21.08.2026 12:14,Орлин Летов,Автоматично,ЕИСС - Централно Разпределяне,
feea44e1-9864-4c32-88c3-41f0506ff2f2,21.08.2026 12:14,МОНИКА ПЛАМЕНОВА ДОБРИНОВА,Автоматично,ЕИСС - Централно Разпределяне,
dea155ac-8744-4526-a05c-3490155eb1d2,21.08.2026 12:14,Биляна Великова Видолова,Автоматично,ЕИСС - Централно Разпределяне,
affec12f-f1a0-4d30-820b-0b18023241a1,21.08.2026 12:14,Галина Николова,Автоматично,ЕИСС - Централно Разпределяне,
74498f6b-0776-4f53-8f96-427e9a31075f,21.08.2026 12:14,Мирослав Руменов Саневски,Автоматично,ЕИСС - Централно Разпределяне,
83845af6-5257-4547-bc76-ee7cb40735d5,21.08.2026 12:13,Десислава Николаева Великова,Автоматично,ЕИСС - Централно Разпределяне,
0439b08e-ca13-4f73-b5e7-aa4f7570cb9c,21.08.2026 12:13,Мина Цветанова Павлова,Автоматично,ЕИСС - Централно Разпределяне,
07b31f0c-31ad-4bcd-b6f6-644de11dab77,21.08.2026 12:13,Минчо Стоянов Минев,Автоматично,ЕИСС - Централно Разпределяне,
f0d5d618-0315-4e3f-83df-07967afcb6b6,21.08.2026 12:13,МАРИНЕЛА КРАСИМИРОВА МАРИНОВА-СТОЕВА,Автоматично,ЕИСС - Централно Разпределяне,
43a0e931-0625-4883-903e-ef1841445d00,21.08.2026 12:13,Петина Кръстева Николова,Автоматично,ЕИСС - Централно Разпределяне,
8eff57bd-9e0d-42e0-99ce-15a9c7cea2c0,21.08.2026 12:13,Веселин Ганчев Ганев,Автоматично,Иван Христов Ранчев,
f3226371-585b-4d92-b0a6-e9315b18d309,21.08.2026 12:13,Борислав Милачков,Автоматично,Янка Ганчева,
f453fe34-2851-4976-a5f4-4b356a21728f,21.08.2026 12:12,РОМАН ТОДОРОВ НИКОЛОВ,Автоматично,ЕИСС - Централно Разпределяне,
d5a20d53-5e1a-47cf-b840-ca094eba7d34,21.08.2026 12:12,Нася Иванова Япаджиева,Автоматично,ЕИСС - Централно Разпределяне,
e11b4232-3785-4250-b147-3fe54c564420,21.08.2026 12:12,Петя Цветанова,Автоматично,ЕИСС - Централно Разпределяне,
5715cfb2-65fe-4ce4-a013-abca7dd3a76b,21.08.2026 12:12,Соня Тодорова Дженкова,Автоматично,ЕИСС - Централно Разпределяне,
c75a2acb-b192-4730-b743-00bac6b1088c,21.08.2026 12:12,Ана Симеонова Андонова,Автоматично,ЕИСС - Централно Разпределяне,
db375573-603a-40ed-9c52-a958b56c4121,21.08.2026 12:11,Росен Иванов Балкански,Автоматично,ЕИСС - Централно Разпределяне,
640b7d78-1a4b-4899-9331-15f8bf528650,21.08.2026 12:11,Симеон Горанов Гюров,Автоматично,ЕИСС - Централно Разпределяне,
8354ba2d-8c45-4318-a1ca-2a3f70638828,21.08.2026 12:11,Атанас Кобуров,Автоматично,ЕИСС - Централно Разпределяне,
44f60bc9-d9b3-49ef-a8e9-98c2d7f0daeb,21.08.2026 12:11,Радосвета Добрева Станимирова,Автоматично,ЕИСС - Централно Разпределяне,
649ee575-b037-4969-afa5-9fb2c20468dd,21.08.2026 12:11,ВЕНЦИСЛАВ СТЕФАНОВ ВЪЛЧЕВ,Автоматично,ЕИСС - Централно Разпределяне,
601ed102-51b2-4d68-af45-888d521f09bd,21.08.2026 12:10,Мариана Костадинова Тодорова Досева,Автоматично,ЕИСС - Централно Разпределяне,
ce3239ff-bd34-4401-880e-eddd0d8cbd6a,21.08.2026 12:10,ХРИСТИНА БОРИСЛАВОВА НИКОЛОВА,Разпределение по дежурство,ВЕЛИНА ВЛАДИМИРОВА КАРАГЕОРГИЕВА,
93bfac37-f5dd-4d68-9c49-beac90fa08dc,21.08.2026 12:10,Мирослава Неделчева,Автоматично,ЕИСС - Централно Разпределяне,
c3c9ea0d-7ea1-4ada-897e-7b87e34ec928,21.08.2026 12:10,Петко Русев Георгиев,Автоматично,ЕИСС - Централно Разпределяне,
b25e9b13-0ff6-4157-98a2-2e9b55775780,21.08.2026 12:10,Ваня Тенева,Автоматично,ЕИСС - Централно Разпределяне,
8af81ace-25a8-4352-b73e-fe461f4380f0,21.08.2026 12:10,ГЕОРГИ СТОЕВ,Автоматично,ЕИСС - Централно Разпределяне,
0c06e630-ee12-49d4-ad9b-661a60a7b13c,21.08.2026 12:09,Диана Стамболова,Автоматично,Радина Карамфилова,
ca67f3be-2835-44ef-8706-3bac0cdd7cfe,21.08.2026 12:09,ВЕСИСЛАВ РУМЕНОВ ГЕНОВ,Автоматично,ЕИСС - Централно Разпределяне,
7a9ee3ac-c1b3-4fca-8be9-991c36b99d68,21.08.2026 12:09,Милена Бориславова Рангелова,Автоматично,Иван Христов Ранчев,
7fb1fbf1-0abf-4c85-985a-f70d525f168b,21.08.2026 12:09,МИЛЕНА АЛЕКСИЕВА,Автоматично,ЕИСС - Централно Разпределяне,
052ca1b7-afd1-4823-a79b-24cb06c8ff63,21.08.2026 12:09,Гергана Кузманова,Автоматично,ЕИСС - Централно Разпределяне,
3d6c1e6b-e183-4e88-9ca0-47aa735d06c4,21.08.2026 12:09,ХРИСТИНА БОРИСЛАВОВА НИКОЛОВА,Разпределение по дежурство,ВЕЛИНА ВЛАДИМИРОВА КАРАГЕОРГИЕВА,
336dd7d5-f79c-4c7a-a78c-918042315066,21.08.2026 12:09,Майя Йончева Йончева,Автоматично,ЕИСС - Централно Разпределяне,
0f29e1f8-59bd-4589-8ad1-bcf28358a9f3,21.08.2026 12:09,РУМЕНА ФОТИ,Автоматично,РУМЕНА ФОТИ,
5e549a96-1a9e-4720-b7e0-6742c1025280,21.08.2026 12:09,КАЛИН СТЕФАНОВ КУНЧЕВ,Автоматично,ЕИСС - Централно Разпределяне,
bc34841d-2ded-4c07-ab1e-64ad3bd1db8e,21.08.2026 12:09,Диляна Василева Славова,Ръчно разпределение,Щеряна Михалева Гъркова,
b8db9c94-f339-4876-b4d2-2811bd37d9eb,21.08.2026 12:08,ДЕСИСЛАВА ПЕТРОВА ГЕНОВА,Автоматично,ВАНЯ ПЕТКОВА ГЕОРГИЕВА,
ba737d58-9074-44d4-9ed6-a3ff8bb5a2a3,21.08.2026 12:08,Десислава Николаева Великова,Автоматично,ЕИСС - Централно Разпределяне,
19bb0078-f6a3-4e83-8fb1-145f714cb217,21.08.2026 12:08,Мария Ботева,Автоматично,Радина Карамфилова,
93984935-67d1-4cb9-8e65-5988080c9da0,21.08.2026 12:08,Димитър Пенчев Стоянов,Автоматично,ЕИСС - Централно Разпределяне,
8501b4dd-f3d7-414a-8fb1-ec47ac536de0,21.08.2026 12:08,Неделин Йорданов Захариев,Автоматично,ЕИСС - Централно Разпределяне,
d04187be-c185-4cf3-891e-cc9ea02c1c0b,21.08.2026 12:08,Светла Иванова Иванова,Автоматично,ЕИСС - Централно Разпределяне,
57fbe3ae-2686-4d2e-af48-7f503f91f709,21.08.2026 12:08,АЛБЕНА ТАКОВА МОМЧИЛОВА,Разпределение по дежурство,ВЕЛИНА ВЛАДИМИРОВА КАРАГЕОРГИЕВА,
476b628c-36d7-44bb-843c-c9a6d8ec95da,21.08.2026 12:08,ЕЛЕОНОРА ФИЛИПОВА,Автоматично,ЕИСС - Централно Разпределяне,
63de93ba-6aae-4c3e-a6d7-e53ee7767b10,21.08.2026 12:47,Аксиния Борисова Атанасова,Разпределение по дежурство,Аксиния Борисова Атанасова,
1f422bff-859f-4fc0-b4ee-785242bf7e7d,21.08.2026 12:07,РУМЕНА ФОТИ,Автоматично,РУМЕНА ФОТИ,
eefce1b3-213a-4266-8d44-e4022074e6e1,21.08.2026 12:07,Светла Радева,Автоматично,ЕИСС - Централно Разпределяне,
2b6f3617-8c6f-4bb1-92e0-2a75bf297874,21.08.2026 12:07,Татяна Иванова Тодорова,Автоматично,ЕИСС - Централно Разпределяне,
21108426-0759-4630-8916-2df405525df0,21.08.2026 12:07,Цветелина Гоцова,Автоматично,Радина Карамфилова,
6a140248-ae02-47e0-b4d7-e5f36a2883c5,21.08.2026 12:07,ЯНА ВАСИЛЕВА НИКОЛОВА ДИМИТРОВА,Разпределение по дежурство,ВЕЛИНА ВЛАДИМИРОВА КАРАГЕОРГИЕВА,
66742861-4ed6-44cb-ba86-a904186d456b,21.08.2026 12:07,АСЕН ТОТЕВ РАДЕВ,Автоматично,ЕИСС - Централно Разпределяне,
920590f1-49b7-4e1a-8219-9e4dfba77f9c,21.08.2026 12:07,Магдалена Бориславова Младенова-Стоева,Автоматично,ЕИСС - Централно Разпределяне,
70a3747a-258c-4f48-b0d7-edc039d882c4,21.08.2026 12:07,Мирослав Данаилов Досов,Автоматично,ЕИСС - Централно Разпределяне,
17ab7452-2dfa-460a-95b3-b59f5a3e7b6f,21.08.2026 12:06,Олга Златева,Автоматично,ЕИСС - Централно Разпределяне,
76edb68a-d05a-4922-a9ac-f40f513d20ae,24.08.2026 11:31,Красимир Йорданов Георгиев,Автоматично,Спасена Венелинова Драготинова,
76edb68a-d05a-4922-a9ac-f40f513d20ae,21.08.2026 12:06,Ива Николаева Стефанова,Автоматично,Спасена Венелинова Драготинова,
8c21b5e7-498e-4d1e-bf3f-5012f4ffef52,21.08.2026 12:06,Златка Илиева,Автоматично,Радина Карамфилова,
106d9f8d-a651-4928-8f81-18b97542fb7b,21.08.2026 12:06,Теодора Руменова Йорданова-Момова,Автоматично,ЕИСС - Централно Разпределяне,
994bf88d-9170-4357-9d48-bdcc0ac07077,21.08.2026 12:06,СТАНИМИР БОРИСОВ МИРОВ,Разпределение по дежурство,ВЕЛИНА ВЛАДИМИРОВА КАРАГЕОРГИЕВА,
b3fc624d-cfa5-4c16-948b-d1c0b971d642,21.08.2026 12:06,ЕВЕЛИНА КАРАГЕНОВА,Автоматично,ЕИСС - Централно Разпределяне,
eca2b503-9a38-4a95-a3d6-4a262f838bfe,21.08.2026 12:06,Катина Минева,Автоматично,РУМЕНА ФОТИ,
2fc23a9c-25f2-4028-82fa-fe92bbd06dde,21.08.2026 12:06,Мариела Викторова Йосифова,Автоматично,ЕИСС - Централно Разпределяне,
cac17100-5229-4c06-a383-8b24776fae0d,21.08.2026 12:06,Мирослав Руменов Саневски,Автоматично,ЕИСС - Централно Разпределяне,
3c776b5c-57a0-4475-b317-fcb7399ff8c1,21.08.2026 12:05,Мария Райкинска,Автоматично,Капка Павлова,
4c4fb177-3af5-4c75-8550-e9796b5ce4fa,21.08.2026 12:05,Иван Христов Христов,Автоматично,ЕИСС - Централно Разпределяне,
c1f00c03-0301-4cf1-872d-f0ab9790f1d3,21.08.2026 12:05,Велина Емануилова Антонова,Автоматично,Иван Христов Ранчев,
414c2718-fb12-4012-a823-56466c502d3c,21.08.2026 12:05,Огнян Кирилов Маладжиков,Автоматично,ЕИСС - Централно Разпределяне,
e1fd916d-151d-49df-b252-3cfb540ec7bd,21.08.2026 12:05,Анета Юргакиева,Автоматично,Радина Карамфилова,
b4ee11e2-5996-48a3-bf1d-86c5f4624647,21.08.2026 12:05,ГЕОРГИ ГЕОРГИЕВ,Автоматично,ЕИСС - Централно Разпределяне,
3aa91a00-a0cf-4bb2-82a7-db491216c056,21.08.2026 12:05,Вера Светославова Найденова,Автоматично,ЕИСС - Централно Разпределяне,
e371cf35-c896-4231-a0e3-6288b6d88a0d,21.08.2026 12:05,Георги Кирилов Пашалиев,Автоматично,ЕИСС - Централно Разпределяне,
c2558cd6-663f-46e8-9c51-9e56debbf30b,21.08.2026 12:04,Сона Вахе Гарабедян,Автоматично,ЕИСС - Централно Разпределяне,
9677895a-a7c5-427d-8a92-edbae2c2207f,21.08.2026 12:04,АЛЕКСАНДЪР ДИМИТРОВ МУРТЕВ,Автоматично,ЕИСС - Централно Разпределяне,
5e44ccb7-7cd7-4569-ac3a-7c7c30a6bfc7,21.08.2026 12:04,Райна Русева,Автоматично,ЕИСС - Централно Разпределяне,
82379423-edc3-4da9-8fae-da98fb77e185,21.08.2026 12:04,КРИСТИАН АТАНАСОВ БАДЖАКОВ,Автоматично,ЕИСС - Централно Разпределяне,
cb853d25-adff-44f4-bbdc-4ea9271cd50c,21.08.2026 12:04,Евгени Стоянов,Автоматично,Радина Карамфилова,
59009394-c1df-4271-90a8-bbb8c827a0d9,21.08.2026 12:04,Дарина Стоянова Маркова,Автоматично,Анета Николова Братанова,
042c5f72-7872-4231-a99b-2cbcf4d32649,21.08.2026 12:04,Сона Вахе Гарабедян,Автоматично,ЕИСС - Централно Разпределяне,
6620c0c2-12b7-4dba-a947-2e56a18d7159,21.08.2026 12:04,ПЕНКО ЦАНКОВ,Разпределение по дежурство,ПЕНКО ЦАНКОВ,
9265fba7-7d34-4b1c-a7af-e4529d378ab7,21.08.2026 12:45,Стефан Марков Стойков,Автоматично,Аксиния Борисова Атанасова,
73dde453-2fef-4ae1-a9fe-d1a1bd918253,21.08.2026 12:03,Валентин Димитров Бойкинов,Автоматично,Капка Павлова,
8a4cc0a7-c012-44cc-a020-58c7c4ba8052,21.08.2026 12:03,Борислав Кирилов Тончев,Автоматично,ЕИСС - Централно Разпределяне,
2728f159-9821-4d94-be53-943762651114,21.08.2026 12:03,Антонина Даниелова Якимова,Автоматично,ЕИСС - Централно Разпределяне,
8be9e957-c0ed-4b24-a30f-4147c8f8acbd,21.08.2026 12:03,Емилиан Благов Венчев,Автоматично,ЕИСС - Централно Разпределяне,
3168bb23-a4f8-4eee-b144-a5ca0e612f9c,21.08.2026 12:03,Динко Минчев Динков,Автоматично,ЕИСС - Централно Разпределяне,
1f90f0b2-c042-426f-bc22-2835516241e6,21.08.2026 12:03,Людмила Добрева Григорова-Митева,Автоматично,ЕИСС - Централно Разпределяне,
eb17d302-a0cc-48b1-a9a4-9e891e30b3d2,21.08.2026 12:02,Гергана Николаева Божилова,Автоматично,ЕИСС - Централно Разпределяне,
b42971a7-f875-448e-9f2f-a9ccdf41bff5,21.08.2026 12:02,Борислав Методиев Методиев,Автоматично,ЕИСС - Централно Разпределяне,
2c1f14f4-8bf9-4009-ad2e-585b044c25f4,21.08.2026 12:02,ПЕНКО ЦАНКОВ,Разпределение по дежурство,ПЕНКО ЦАНКОВ,
6a390935-b6e5-418e-9203-9ca50e55e257,21.08.2026 12:02,ТИНА РОСЕНОВА МАЛИНОВА,Автоматично,ЕИСС - Централно Разпределяне,
fc381fae-8fcf-4c5b-bf33-f735278e0153,21.08.2026 12:02,ЛИЛИЯ ИВАНОВА МИТЕВА,Автоматично,ЕИСС - Централно Разпределяне,
5a4a0d95-9a59-4f37-87a5-d6b7f5f5e921,21.08.2026 12:02,Женя Димитрова,Автоматично,Капка Павлова,
0e2aa3da-78f6-4f73-8d1f-7b50cc378e15,21.08.2026 12:02,Калин Георгиев Колешански,Автоматично,ЕИСС - Централно Разпределяне,
cfc2bb2b-7c8c-4c82-b3c1-3f63fc6ebce5,21.08.2026 12:01,Михаела Иванова Атанасова,Автоматично,ЕИСС - Централно Разпределяне,
1cb5761d-8de7-45a7-9b1f-a2f81454be0b,21.08.2026 12:01,Милена Стоянова Стоянова,Автоматично,ЕИСС - Централно Разпределяне,
428e9fcb-db25-445b-a92a-70e302c73733,21.08.2026 12:01,Милена Иванова Семерджиева,Автоматично,ЕИСС - Централно Разпределяне,
26bf349b-d7a8-489e-b6a0-0889a85ecd1a,21.08.2026 12:01,Неделина Минчева,Автоматично,Станка Данчева Гочева,
b9453352-6f2d-4637-9bf7-2dea2a00ba4d,21.08.2026 12:01,МИЛЕН РУМЕНОВ АНГЕЛОВ,Автоматично,ЕИСС - Централно Разпределяне,
5386b9c6-01a8-40c5-b292-ffec1f7de84f,21.08.2026 12:01,Ивелина Илиева Келлева Бонева,Автоматично,ЕИСС - Централно Разпределяне,
cf8ed962-05db-4123-b5c3-5a1afbdbf267,24.08.2026 15:58,Росица Славчова Станчева,Ръчно разпределение,Илиана Димитрова Пенева,
cf8ed962-05db-4123-b5c3-5a1afbdbf267,24.08.2026 15:57,Николина Петрова Дамянова,Ръчно разпределение,Илиана Димитрова Пенева,
cf8ed962-05db-4123-b5c3-5a1afbdbf267,21.08.2026 12:01,Диана Димитрова Митева,Автоматично,Анета Николова Братанова,
361dc98c-fe4a-45b7-9654-54913f273bdc,21.08.2026 12:00,Биляна Великова Видолова,Автоматично,ЕИСС - Централно Разпределяне,
6fcb72b0-7ed1-4d27-af9a-1bcebbece0d7,21.08.2026 12:00,Нели Делчева Иванова,Автоматично,ЕИСС - Централно Разпределяне,
c38be161-69b5-4de4-ad1c-28dcad8e1d51,21.08.2026 12:00,ПЕНКО ЦАНКОВ,Разпределение по дежурство,ПЕНКО ЦАНКОВ,
5c422c56-693a-4b2a-9800-73a51bfc2450,21.08.2026 12:00,Камелия Първанова,Автоматично,Капка Павлова,
b448b299-47f0-49ba-83de-39ca0083b7cb,21.08.2026 12:00,Майя Йончева Йончева,Автоматично,ЕИСС - Централно Разпределяне,
9076505d-8ecc-4624-8b1a-65fa8cd5dcaf,21.08.2026 12:00,Силвия Георгиева Иванова,Автоматично,ЕИСС - Централно Разпределяне,
d346921f-905b-45be-8317-b44c376d638a,21.08.2026 12:00,МАГДАЛЕНА СТОЯНОВА МАРИНОВА,Автоматично,ЕИСС - Централно Разпределяне,
b644f127-c6a3-4a9a-9a5e-a764647fe87a,21.08.2026 11:59,Антоанета Маринова Симеонова,Автоматично,ЕИСС - Централно Разпределяне,
84bf74f0-e473-4aa0-a4fb-a9c615775a1b,21.08.2026 11:59,Мария Джанкова Богданова,Автоматично,ЕИСС - Централно Разпределяне,
304eec67-4314-4b76-bce8-ac00087d2cf2,21.08.2026 11:59,Светла Радева,Автоматично,ЕИСС - Централно Разпределяне,
488488e0-a98b-480c-b917-21291e429de0,21.08.2026 11:59,Зара Ехия Иванова,Автоматично,ЕИСС - Централно Разпределяне,
397933ab-2f58-435c-b0d4-a831200d03f0,21.08.2026 11:59,Неделина Минчева,Автоматично,Станка Данчева Гочева,
05fb383f-8ed2-477a-b4fb-5e3d906c0613,21.08.2026 11:59,ЛАЗАР КИРИЛОВ ВАСИЛЕВ,Автоматично,ЕИСС - Централно Разпределяне,
8e0764d2-6ca7-4ae1-829c-c0f8e87f46ad,21.08.2026 11:58,Ели Димитрова Анастасова Мицевска,Разпределение по дежурство,Ели Димитрова Анастасова Мицевска,
b3d424cb-f8b0-43ea-80e1-7362098d2bfb,21.08.2026 11:58,Иван Борисов Вътков,Автоматично,ЕИСС - Централно Разпределяне,
4c2eb62c-905a-4264-886a-25656566fc53,21.08.2026 11:58,Десислава Николаева Великова,Автоматично,ЕИСС - Централно Разпределяне,
4d02a37e-b1af-48f5-a7c2-4c63ab17f72e,21.08.2026 11:58,Майя Йончева Йончева,Автоматично,ЕИСС - Централно Разпределяне,
b71530de-06f0-4ae4-9a64-63322e961d56,21.08.2026 11:58,ЛЮБОМИР ХРИСТОСКОВ ВЪРБЕВ,Автоматично,ЕИСС - Централно Разпределяне,
324448ca-c864-4dd6-94c1-ef2f6f2373da,21.08.2026 11:58,МИЛЕНА АЛЕКСИЕВА,Автоматично,ЕИСС - Централно Разпределяне,
95628a1d-cd18-4e0f-b8d9-987d913ca867,21.08.2026 11:58,Виктория Росенова Стоилова,Автоматично,Людмила Людмилова Митрева,
b41bbaa6-5acd-4d12-8e25-09c1019636bb,21.08.2026 11:58,Ели Димитрова Анастасова Мицевска,Разпределение по дежурство,Ели Димитрова Анастасова Мицевска,
9a74c2b7-e0b9-4708-92a4-c54bc75f19f9,21.08.2026 11:57,Ивета Николаева Петрова,Разпределение по дежурство,Людмила Людмилова Митрева,
68bf3a6e-86b9-422e-9fb1-155cf08bb8b2,21.08.2026 11:57,Велина Пенева,Автоматично,ЕИСС - Централно Разпределяне,
02e3b7c9-34d2-40cc-8470-0fb68582155c,21.08.2026 11:57,Пламен Пантев Денев,Автоматично,ЕИСС - Централно Разпределяне,
33210a89-eb3a-4cf8-9403-a13c503e42f7,21.08.2026 11:57,ДАНИЕЛА ХРИСТОВА ВЪЛЕВА,Автоматично,ЕИСС - Централно Разпределяне,
74db75ad-0565-4f89-9425-16e3b1f62209,21.08.2026 11:57,Мирослав Йорданов,Разпределение по дежурство,Георги Георгиев,
fa4f0f8f-948a-4cac-99fc-47457b31bc06,21.08.2026 11:57,Николай Захариев Петров,Автоматично,ЕИСС - Централно Разпределяне,
79f44cc7-50ae-4be0-b82d-1ce5d08b3323,21.08.2026 11:57,Виктория Росенова Стоилова,Автоматично,Людмила Людмилова Митрева,
c55980b3-24d6-4398-a131-4e73388647cf,21.08.2026 11:57,ФИЛИП СТОЯНОВ РАДИНОВ,Автоматично,ЕИСС - Централно Разпределяне,
d55a1a77-f97f-4bf4-a943-ca1d7e4fb440,21.08.2026 11:57,Генчо Атанасов,Автоматично,Станка Данчева Гочева,
c8ddbd7e-7151-409c-be90-8761164bda3b,21.08.2026 11:59,Диана Димитрова Митева,Автоматично,Анета Николова Братанова,
f157a747-df15-47a4-b98d-aba8a4464ddb,21.08.2026 11:56,Светла Иванова Иванова,Автоматично,ЕИСС - Централно Разпределяне,
60f06a51-0955-45de-8655-cbe6047532c9,21.08.2026 11:56,Иван Валериев Никифорски,Автоматично,ЕИСС - Централно Разпределяне,
dc967ebb-6f2f-4f52-8b17-f651b5704b67,21.08.2026 11:56,Десислава Николаева Великова,Автоматично,ЕИСС - Централно Разпределяне,
69d55720-c429-4a87-a7fc-52dd0177a36b,21.08.2026 11:56,Динко Минчев Динков,Автоматично,ЕИСС - Централно Разпределяне,
032e59ee-192e-4753-99a2-73812ea55c14,21.08.2026 11:56,Мирослав Руменов Саневски,Автоматично,Ели Димитрова Анастасова Мицевска,
3e01b958-ce24-47fe-96f3-58afa7378ba1,21.08.2026 11:56,Ралица Димитрова,Автоматично,Капка Павлова,
d9a895bf-9344-4cbd-8096-7699cf3b0b63,21.08.2026 11:56,Даяна Стоянова Василчина,Автоматично,ЕИСС - Централно Разпределяне,
0934155c-eaa8-4ff3-b65b-7006063b3479,21.08.2026 11:55,Таня Илкова,Автоматично,ЕИСС - Централно Разпределяне,
d3577858-a424-49a4-8670-d4f2e9ae2bd6,21.08.2026 11:55,Росен Иванов Балкански,Автоматично,ЕИСС - Централно Разпределяне,
2628c89a-c245-486f-aa17-390c1d0839e8,21.08.2026 11:55,Иван Цветозаров Иванов,Автоматично,ЕИСС - Централно Разпределяне,
a9b0622e-8be4-4b6b-8758-ea946f91f8bd,21.08.2026 11:55,КАТЯ БОЖИДАРОВА АНГЕЛОВА-ПЕТРОВА,Автоматично,ЕИСС - Централно Разпределяне,
1b28ce0a-9aba-404b-8d6f-21304235e36c,21.08.2026 11:55,Майя Йончева Йончева,Автоматично,ЕИСС - Централно Разпределяне,
4a101bef-fbf5-4e81-a78c-7c3002b39627,21.08.2026 11:54,Ивайло Йосифов,Автоматично,Татяна Илиева,
6ea7b1d0-cd70-4779-a16d-1a25c9559fff,21.08.2026 11:55,Крум Борисов Гечев,Автоматично,Щеряна Михалева Гъркова,
1900ff5a-ae97-4ff8-99e7-27786e602f8b,21.08.2026 11:54,Мариела Викторова Йосифова,Автоматично,ЕИСС - Централно Разпределяне,
34c3e904-ba16-4651-b426-c32611cf2513,21.08.2026 11:54,Минчо Стоянов Минев,Автоматично,ЕИСС - Централно Разпределяне,
2fdf7bb4-5595-4f43-aef7-a1a160197220,21.08.2026 11:54,ВЕСЕЛИНА ИВАНОВА ДИМЧЕВА,Автоматично,ЕИСС - Централно Разпределяне,
44b28763-cc1f-4121-91ec-60e7b9f9c912,21.08.2026 11:54,Десислава Николаева Великова,Автоматично,Десислава Николаева Великова,
b4f66247-1637-4a10-a791-73a4b487e9d0,21.08.2026 11:54,КАЛИН ИВАНОВ,Автоматично,ЕИСС - Централно Разпределяне,
342cb2b5-cd72-4f62-8dcd-b25d2268e09e,21.08.2026 11:54,Тихомир Руменов Рачев,Автоматично,ЕИСС - Централно Разпределяне,
b0998dee-24cc-4001-8083-8bed6245ab85,21.08.2026 11:54,Елица Димитрова,Автоматично,Татяна Илиева,
540f5fc0-a779-40ad-89c0-097e2945c764,21.08.2026 11:53,Блага Бозова,Ръчно разпределение,Блага Бозова,
c1802e3a-1d44-4c84-9e35-be1fb863420c,21.08.2026 11:53,ИСКРЕН БОРИСОВ,Автоматично,ЕИСС - Централно Разпределяне,
008f1e58-db31-4562-aaa7-259c93209f63,21.08.2026 11:53,Георги Росенов Гетов,Автоматично,Щеряна Михалева Гъркова,
4bba82d1-3987-411b-87e6-0489051af68e,21.08.2026 11:53,Живка Димитрова Петрова,Автоматично,Кремена Тодорова Стамболиева Байнова,
4212662d-c956-43d6-97ae-02344e054646,21.08.2026 11:53,Мирослав Руменов Саневски,Автоматично,ЕИСС - Централно Разпределяне,
2bb9d834-997d-46db-887c-facd261a3477,21.08.2026 11:54,ТОДОР СТОЙКОВ ТОДОРОВ,Автоматично,МИХАИЛ ГЕОРГИЕВ МИХАЙЛОВ,
6af49bb3-e478-44ae-91bc-ed9031425d35,21.08.2026 11:53,Петина Кръстева Николова,Автоматично,ЕИСС - Централно Разпределяне,
9f518f87-f1df-4612-bf83-f0974c269bd5,21.08.2026 11:53,Майя Йончева Йончева,Автоматично,Десислава Николаева Великова,
c95434e2-6c7a-45d5-aaaf-4a383495fb2d,21.08.2026 11:53,Таня Илкова,Автоматично,Станка Данчева Гочева,
753d663a-d587-4250-b087-2883a2072942,21.08.2026 11:53,Красимира Делчева Кондова,Автоматично,ЕИСС - Централно Разпределяне,
e8175516-8663-4d25-be97-68d97e38c544,21.08.2026 11:53,Елица Димитрова,Автоматично,Татяна Илиева,
07d6b2e5-f742-4584-9328-bf798570ff1f,21.08.2026 11:53,Гергана Кузманова,Автоматично,ЕИСС - Централно Разпределяне,
1003fd40-ac30-43e8-91f3-12b4c975039d,21.08.2026 11:52,Николай Метанов,Автоматично,Капка Павлова,
ff90532e-a115-4c18-8780-58a954dff344,21.08.2026 11:53,Калина Христова Христова,Автоматично,Емил Кръстев Ангелов,
89b83d09-396d-4dc2-a8ba-b45990528d19,21.08.2026 11:52,Надежда Димитрова Кирилова,Автоматично,ЕИСС - Централно Разпределяне,
fbf3a61a-7fd8-4c8b-b340-41188054522e,21.08.2026 11:52,КАЛИН ИВАНОВ,Разпределение по дежурство,АНЕЛИЯ ЦЕКОВА,
ae9fb00e-db24-4bd5-9ee1-6cff4e035b66,21.08.2026 11:52,Блага Бозова,Ръчно разпределение,Блага Бозова,
4c6ca049-a83e-4568-8177-adfbd8f7c426,21.08.2026 11:52,Петър Валентинов Живков,Автоматично,ЕИСС - Централно Разпределяне,
61192a76-6197-4df9-93a5-e1e567f39d40,21.08.2026 11:52,ИВАЙЛО КРАСИМИРОВ КЪНЕВ,Автоматично,ЕИСС - Централно Разпределяне,
0a5de326-8998-4f30-810b-6856a762fadf,21.08.2026 11:52,ДЕСИСЛАВА АЛЕКСАНДРОВА АЛЕКСИЕВА,Автоматично,ЕИСС - Централно Разпределяне,
75b7f5bd-62b9-4bbe-98d1-fc0ffeb64ac2,21.08.2026 11:52,Вилиана Върбанова,Автоматично,Татяна Илиева,
b2126ef2-acc3-4991-9d6b-47c9156bf554,21.08.2026 11:52,Динко Карамфилов Хаджиев,Автоматично,ЕИСС - Централно Разпределяне,
3e800bbe-f335-4c52-be26-21d89cb808dd,21.08.2026 11:52,Дарин Николаев Йорданов,Автоматично,Десислава Николаева Великова,
c7e982a0-e589-48cf-a8bf-955707be7dcd,21.08.2026 11:51,Велина Иванова Ангелова,Автоматично,ЕИСС - Централно Разпределяне,
a731fbfe-3192-4af1-8688-816f59556d83,21.08.2026 11:51,Атанас Василев Димитров,Автоматично,ЕИСС - Централно Разпределяне,
c85e59bc-bff0-4010-b477-3213ee1c1049,21.08.2026 11:51,Блага Бозова,Ръчно разпределение,Блага Бозова,
0e89e48b-bc8c-464d-b0c7-40912cbe9a5d,21.08.2026 11:51,Мирослав Руменов Саневски,Автоматично,ЕИСС - Централно Разпределяне,
1e517dd9-ee84-4850-81a7-ab87671a2338,21.08.2026 11:51,Таня Илкова,Автоматично,ЕИСС - Централно Разпределяне,
d17bd38c-deda-413e-83a9-25a2411500a4,21.08.2026 11:51,Величка Борилова,Автоматично,Капка Павлова,
41497fa3-338e-4d21-a352-0b0b178fc295,21.08.2026 11:51,НИКОЛА ТОДОРОВ ДЕЛИЕВ,Автоматично,ЕИСС - Централно Разпределяне,
dfcca9fa-56d2-4698-b24f-cc45d1e8e940,21.08.2026 11:50,Албена Петрова Ташкова,Автоматично,ЕИСС - Централно Разпределяне,
d30e47f8-490a-4712-a648-33b112fad570,21.08.2026 11:51,Таня Илкова,Автоматично,Станка Данчева Гочева,
4c515d55-b6f9-4b14-b11a-4f74b48f252b,21.08.2026 11:50,НЕЙКО ГЕОРГИЕВ НЕЙКОВ,Автоматично,ЕИСС - Централно Разпределяне,
b0d25236-95f5-4dda-b7fc-c1af9ec9af21,21.08.2026 11:50,ЗОРНИЦА ДОНКОВА ПАВЛОВА,Разпределение по дежурство,ЗОРНИЦА ДОНКОВА ПАВЛОВА,
f435e344-5347-4981-b5aa-7b7b0c6caae1,21.08.2026 11:50,Марина Трифонова Цветкова,Автоматично,ЕИСС - Централно Разпределяне,
1b80ea5d-5676-4ff0-b9a7-379dceb73359,21.08.2026 11:50,КРИСТИЯН АНТОНИЕВ ПОПОВ,Автоматично,ЕИСС - Централно Разпределяне,
9b271c32-8a8f-4d69-bec5-a8d1f6cfca0e,21.08.2026 11:50,Блага Бозова,Ръчно разпределение,Блага Бозова,
a0b45237-ed39-4b66-a2ab-5628850feb47,21.08.2026 11:50,Албена Дякова Великова,Автоматично,Албена Дякова Великова,
551044e9-b067-4ba6-81df-b419f92418ae,21.08.2026 11:50,Николай Захариев Петров,Автоматично,ЕИСС - Централно Разпределяне,
69e48ceb-214a-4148-81c0-b8cb48d45f13,21.08.2026 13:34,Владислав Емирски,Автоматично,Пенка Димитрова,
69e48ceb-214a-4148-81c0-b8cb48d45f13,21.08.2026 11:52,Динчер Хабиб,Автоматично,Пенка Димитрова,
51d0bf78-fec7-4ddf-84ee-2e455aef14c8,21.08.2026 11:49,АЛЕКСАНДРА НАНОВА,Автоматично,ЕИСС - Централно Разпределяне,
f91f6ed5-b2ba-4e80-9bed-32593ec5c4d1,21.08.2026 11:49,Александър Георгиев,Автоматично,ЕИСС - Централно Разпределяне,
4ff2d133-051e-439a-bf75-bc94eb310d8a,21.08.2026 11:49,Емил Кръстев Ангелов,Автоматично,Емил Кръстев Ангелов,
5bc4403f-75b4-4302-b6ac-919d927c7de4,21.08.2026 11:49,ДИМИТЪР ВАСИЛЕВ ВАСИЛЕВ,Автоматично,ЕИСС - Централно Разпределяне,
703c6750-1582-45de-91c1-bab6d11ab787,21.08.2026 11:49,Орлин Летов,Автоматично,ЕИСС - Централно Разпределяне,
cb7f7245-821b-4fb1-a14b-9a4f83807014,21.08.2026 11:49,Блага Бозова,Ръчно разпределение,Блага Бозова,
79937008-e417-4e8d-bb33-f19299a89b87,21.08.2026 11:49,Диана Розалинова Хубенова,Автоматично,ЕИСС - Централно Разпределяне,
30d431fd-3daa-4e98-b21d-ccaa24588edc,21.08.2026 11:48,Петя Цветанова,Автоматично,ЕИСС - Централно Разпределяне,
20a487cf-5501-4277-9239-98b9866737ce,21.08.2026 11:48,МОНИКА ПЛАМЕНОВА ДОБРИНОВА,Автоматично,ЕИСС - Централно Разпределяне,
e5cdddf6-4e62-4ec7-8ff1-cecb7b134980,21.08.2026 11:48,Иван Цветозаров Иванов,Автоматично,Емил Кръстев Ангелов,
05bc0382-ac46-4db5-8bb2-81ca88782f5c,21.08.2026 11:48,Велина Пенева,Автоматично,ЕИСС - Централно Разпределяне,
77a37ad2-2b5a-40a5-9686-7fff2f7fa90d,21.08.2026 11:48,Нанко Събов Маринов,Автоматично,ЕИСС - Централно Разпределяне,
a3c05145-933b-43dd-8fa9-a29c03bff6d3,21.08.2026 11:48,Десислава Николаева Великова,Автоматично,ЕИСС - Централно Разпределяне,
715748af-454b-4f18-b0c9-373576c1d1df,21.08.2026 11:48,ТОДОР ИВАНОВ ДИМИТРОВ,Автоматично,ЗОРНИЦА ДОНКОВА ПАВЛОВА,
472222a4-509d-4f91-baf9-a5015884a587,21.08.2026 11:47,ТИНА РОСЕНОВА МАЛИНОВА,Автоматично,ЕИСС - Централно Разпределяне,
e9a6718b-f95a-43cf-af7e-4997364951e1,21.08.2026 11:47,Радосвета Добрева Станимирова,Автоматично,ЕИСС - Централно Разпределяне,
4441b1a2-719f-4581-8221-3f0577b85fa1,21.08.2026 11:47,Мирослав Данаилов Досов,Автоматично,Емил Кръстев Ангелов,
e159e720-202d-4f53-bdfd-f3d32cd47fde,21.08.2026 11:47,Тихомира Георгиева Казасова,Автоматично,Десислава Николаева Великова,
c7b8e3e5-ca86-4238-9408-9d621a6cd566,21.08.2026 11:47,Мирослав Йорданов,Разпределение по дежурство,Анелия Генчева,
4f11022f-fe70-4ed3-b7dc-e19c904c1cb2,21.08.2026 11:47,МИЛЕН РУМЕНОВ АНГЕЛОВ,Автоматично,ЕИСС - Централно Разпределяне,
9c043a78-c3b0-4c54-8df9-dfcd523072b6,21.08.2026 11:47,Искра Петьова Касабова,Автоматично,ЕИСС - Централно Разпределяне,
769c8c93-9555-410e-98d0-14ace54476ea,21.08.2026 11:47,Жана Иванова Маркова,Автоматично,Капка Павлова,
ff437ed4-f246-40c3-adfc-c778740b1797,21.08.2026 11:47,Блага Бозова,Ръчно разпределение,Блага Бозова,
37e5aff3-1d74-400e-a82e-d633f87fd4af,21.08.2026 11:47,МАРИНЕЛА КРАСИМИРОВА МАРИНОВА-СТОЕВА,Автоматично,ЕИСС - Централно Разпределяне,
8d35822a-f76b-419d-a0e7-1a1215e02e34,21.08.2026 11:47,Мирослав Йорданов,Разпределение по дежурство,Анелия Генчева,
e6ead1b6-9cde-42cb-b123-b47090b8a78c,21.08.2026 11:50,Галина Иванова,Ръчно разпределение,Марияна Георгиева Христова,
e6ead1b6-9cde-42cb-b123-b47090b8a78c,21.08.2026 11:49,Боян Балевски,Ръчно разпределение,Марияна Георгиева Христова,
e6ead1b6-9cde-42cb-b123-b47090b8a78c,21.08.2026 11:47,Ирина Петрова,Разпределение по дежурство,Марияна Георгиева Христова,
a63970fc-4ae4-40da-8bef-6204e8a0c21c,21.08.2026 11:46,Олга Златева,Автоматично,ЕИСС - Централно Разпределяне,
a6b027c4-aaca-4a0c-a4c0-34e5b414f079,21.08.2026 11:46,Петко Русев Георгиев,Автоматично,ЕИСС - Централно Разпределяне,
12e3769a-59b6-4c59-ac67-cdd5e21883e0,21.08.2026 11:46,Мирослав Йорданов,Разпределение по дежурство,Анелия Генчева,
5f44a874-c84b-4ce5-a593-feec77247334,21.08.2026 11:46,Мария Вангелова Грунова,Автоматично,ЕИСС - Централно Разпределяне,
c0e257d8-63a0-499f-9dae-9a3109a8b961,21.08.2026 11:46,Петър Никифоров Петров,Автоматично,Емил Кръстев Ангелов,
9a2ed05d-b0da-4d05-8014-175f95c9f84a,21.08.2026 11:47,Антония Тонева,Автоматично,Станка Данчева Гочева,
abe0989c-818b-494f-a24f-6615e02f5e22,21.08.2026 11:46,Поля Павлинова Иванова,Автоматично,ЕИСС - Централно Разпределяне,
0e9d891c-ed96-4287-80b5-1ca6d419c2fa,21.08.2026 11:46,Майя Йончева Йончева,Автоматично,ЕИСС - Централно Разпределяне,
8843a7c5-7e3c-4550-b459-19b61d2873b8,21.08.2026 11:46,Мирослав Йорданов,Разпределение по дежурство,Анелия Генчева,
6e153679-dae9-42c6-893b-51bb009a699e,21.08.2026 11:45,Недко Цолов Петров,Автоматично,ЕИСС - Централно Разпределяне,
cbe47747-9311-4ae9-b013-32af289c64e1,21.08.2026 11:45,РОСИЦА ЦВЕТКОВА,Автоматично,Снежина ЧОЛАКОВА-МАРИНОВА,
192c9afd-ded1-4231-91f3-d0561c29fd3d,21.08.2026 11:45,Атанас Кобуров,Автоматично,ЕИСС - Централно Разпределяне,
70b9b673-dae9-4a10-a2fe-4d464bf08e70,21.08.2026 11:45,Мирослав Йорданов,Разпределение по дежурство,Анелия Генчева,
2311bed5-add0-4894-b8cc-b2eaa43ae710,21.08.2026 11:45,Пламен Пантев Денев,Автоматично,ЕИСС - Централно Разпределяне,
23455ea7-7f43-450b-8e27-b9c99cb7ef72,21.08.2026 11:45,Здравка Иванова,Автоматично,Капка Павлова,
40fd7a2e-77e1-4a59-98e2-fe406d6dfa0e,21.08.2026 11:45,Димитър Тодоров Маринов,Автоматично,ЕИСС - Централно Разпределяне,
a139981d-7011-401f-b1e5-f99978e9671a,21.08.2026 11:45,СОФИЯ СТЕФАНОВА ТЮТЮНДЖИЕВА,Автоматично,ЕИСС - Централно Разпределяне,
6c599b98-eb1b-4db8-a15f-ff0db10ebb98,21.08.2026 11:45,Татяна Иванова Маслинкова,Автоматично,Щеряна Михалева Гъркова,
7977d001-a72d-45b2-a642-525ef747c985,21.08.2026 11:44,Мирослав Йорданов,Разпределение по дежурство,Анелия Генчева,
39d7d8af-c2ce-4e6e-9814-d8533c847f07,21.08.2026 11:44,АЛЕКСАНДЪР ДИМИТРОВ МУРТЕВ,Автоматично,ЕИСС - Централно Разпределяне,
c7f20200-a6a3-4bb9-86db-5669341d9afe,21.08.2026 11:44,Мартина Иванова Кирова,Автоматично,ЕИСС - Централно Разпределяне,
6f4b90ea-e5dd-4b16-8eec-3a84a23e674b,21.08.2026 11:44,Димитър Пенчев Стоянов,Автоматично,ЕИСС - Централно Разпределяне,
b65b020a-d02b-4bed-ae6c-17e812f3d62b,21.08.2026 11:44,Петко Петров Монев,Автоматично,ЕИСС - Централно Разпределяне,
ed76d5bc-7d95-4fd9-8875-d6c31df1a12d,21.08.2026 11:44,Мирослав Йорданов,Разпределение по дежурство,Анелия Генчева,
ef41ccee-020c-4a12-9f22-45d9960de2a5,21.08.2026 11:44,СИЛВИНА ДАЧКОВА ЙОВЧЕВА,Автоматично,ЕИСС - Централно Разпределяне,
2f361236-6721-4df8-ab28-c5af7a810d32,21.08.2026 11:43,Неделин Йорданов Захариев,Автоматично,Емил Кръстев Ангелов,
613d856f-cb4d-48d8-be58-456981c075f4,21.08.2026 11:44,Кристина Янкова Табакова,Автоматично,Щеряна Михалева Гъркова,
f04b2a7a-56ac-439b-bfd8-f6560bee0f1d,21.08.2026 11:43,Пепа Маринова-Тонева,Автоматично,Капка Павлова,
7ca03700-1e75-4e74-80a7-27df8de205f4,21.08.2026 11:44,Нанко Събов Маринов,Автоматично,Нанко Събов Маринов,
ed6d17b7-0560-4744-9023-e59425181956,21.08.2026 11:43,Симеон Илиянов Светославов,Автоматично,ЕИСС - Централно Разпределяне,
0498045f-8119-478c-80b0-637575eb553b,21.08.2026 11:44,Надежда Димитрова Кирилова,Автоматично,Лидия Иванова Петрова,
5d933610-9342-41c9-9dd8-011e4d307812,21.08.2026 11:43,Теодора Руменова Йорданова-Момова,Автоматично,ЕИСС - Централно Разпределяне,
e63ce2e9-13ce-47f1-b396-45e55256af1b,21.08.2026 11:43,НАДЕЖДА ВЕСЕЛИНОВА ДИМИТРОВА,Автоматично,ЕИСС - Централно Разпределяне,
d12ddf7f-995e-44c4-aaa4-d6f448717656,21.08.2026 11:43,ФИЛИП СТОЯНОВ РАДИНОВ,Автоматично,ЕИСС - Централно Разпределяне,
7f143df0-3d23-4ce5-be36-dd09c2c03240,21.08.2026 11:43,ВАЛЯ МЛАДЕНОВА,Автоматично,ЕИСС - Централно Разпределяне,
adfdd01d-3959-49d6-96e5-49ea300399eb,21.08.2026 11:43,Мирослав Йорданов,Разпределение по дежурство,Анелия Генчева,
242e0ea6-057b-4dee-a60e-f212ff294e84,21.08.2026 11:42,Весела Евстатиева,Ръчно разпределение,Събина Димитрова Минчева,
455cf78f-7792-4edc-8ed5-0114c0496937,21.08.2026 11:42,ГЕОРГИ ГЕОРГИЕВ,Автоматично,ЕИСС - Централно Разпределяне,
572c39b2-0056-426e-bbf4-a1f6f38446c6,21.08.2026 11:42,Иван Валериев Никифорски,Автоматично,Емил Кръстев Ангелов,
caab9e19-8c47-4684-9558-d61e5c3ee6b2,21.08.2026 11:42,ПЕТЯ ИВАНОВА ЗДРАВКОВА,Автоматично,ЕИСС - Централно Разпределяне,
d195db31-4994-4b50-8413-52fb1675eb91,21.08.2026 11:42,Мирослав Йорданов,Разпределение по дежурство,Анелия Генчева,
6c73f411-2e3e-4d1f-8db2-459b301670d8,21.08.2026 11:42,Генчо Атанасов,Автоматично,Станка Данчева Гочева,
a74488b1-55b5-4108-913f-464cce776799,21.08.2026 11:42,Магдалена Георгиева Татарева Кръстева,Автоматично,ЕИСС - Централно Разпределяне,
d10a8623-0dd7-4f4b-a9c5-633f6816986f,21.08.2026 11:42,Димитър Маринов Димитров,Автоматично,ЕИСС - Централно Разпределяне,
480d646d-954b-4936-ba79-2078bf215dc9,21.08.2026 11:42,Ана Симеонова Андонова,Автоматично,ЕИСС - Централно Разпределяне,
61ba5857-4d66-485b-969f-c8a73060a7d5,21.08.2026 11:41,Десислава Николаева Великова,Автоматично,ЕИСС - Централно Разпределяне,
83399064-c2b8-4c0b-872f-c6fef188038f,21.08.2026 11:41,Мариана Костадинова Тодорова Досева,Автоматично,ЕИСС - Централно Разпределяне,
2f19e4f7-4a9a-47c6-89ce-c4753427aa63,21.08.2026 11:41,Атанас Кобуров,Автоматично,ЕИСС - Централно Разпределяне,
fc2dd1b0-6c8e-4f37-80b2-27b0438998ce,21.08.2026 11:41,Мирослав Йорданов,Разпределение по дежурство,Анелия Генчева,
aded7db7-9a24-4389-ba21-b3fb18c581b7,21.08.2026 11:41,Райна Русева,Автоматично,Гергана Кузманова,
45905051-3d2c-4328-88bd-3e32ad0297b9,21.08.2026 11:41,Крум Илиев Динев,Автоматично,ЕИСС - Централно Разпределяне,
d7107b6c-46fd-42c5-ad85-4ede23f773ec,21.08.2026 11:41,Весела Евстатиева,Ръчно разпределение,Събина Димитрова Минчева,
0859d6cc-4ada-4d7b-9b5d-99b685c9e5bf,21.08.2026 11:42,ЙОВКА КАЗАНДЖИЕВА,Автоматично,МАГДАЛЕНА СТАНЧЕВСКА,
860ba7de-582f-4000-a16b-6e7ebff5448f,21.08.2026 11:41,Татяна Иванова Тодорова,Автоматично,ЕИСС - Централно Разпределяне,
17b338e4-7061-45f2-8729-bc0a10f5fe62,21.08.2026 11:41,Росица Илиева Василева,Автоматично,Щеряна Михалева Гъркова,
61d58f71-49e1-4417-935a-fac28f9c56ab,21.08.2026 11:40,Иван Валериев Никифорски,Автоматично,Емил Кръстев Ангелов,
d14f3e23-de45-425e-9df1-946e7bdfa325,21.08.2026 11:40,Ивелина Велчева,Автоматично,Любомир Генов,
79a61a64-b9f6-4849-955a-21fc08823c22,21.08.2026 11:40,Атанас Кобуров,Автоматично,ЕИСС - Централно Разпределяне,
4e0597ec-fcb5-4ff9-be53-49b219e694a7,21.08.2026 11:40,Майя Йончева Йончева,Автоматично,ЕИСС - Централно Разпределяне,
7e657df2-1b80-4691-91e7-ad3a49d6667d,21.08.2026 11:40,Марина Трифонова Цветкова,Автоматично,ЕИСС - Централно Разпределяне,
8a87d1d3-7e5e-4e3d-af33-9fe09e51c6a2,21.08.2026 13:26,Лилия Александрова,Автоматично,Мария Динева,
8a87d1d3-7e5e-4e3d-af33-9fe09e51c6a2,21.08.2026 11:40,Веселин Енчев,АР,Мария Динева,
a98c4dbe-3508-4606-b1b7-2c5c493ba79f,21.08.2026 11:40,Милена Стоянова Стоянова,Автоматично,ЕИСС - Централно Разпределяне,
f530e8b3-935f-46ee-8a99-25d10d3a1643,21.08.2026 11:40,РУМЯНА МИХАЙЛОВА,Автоматично,ДЕСИСЛАВА ЦВЕТКОВА,
29660dbf-2354-4cd3-a30e-05155ee0a8b7,21.08.2026 11:40,ЛАЗАР КИРИЛОВ ВАСИЛЕВ,Автоматично,ЕИСС - Централно Разпределяне,
ff1736a0-929f-4c61-8021-e828df8e0aae,21.08.2026 11:40,Райна Русева,Разпределение по дежурство,Гергана Кузманова,
645b0d31-cdc5-4626-9c0c-83fd66dcf949,21.08.2026 11:40,КОНСТАНТИН ПЕТРОВ КОСЕВ,Ръчно разпределение,КОНСТАНТИН ПЕТРОВ КОСЕВ,
317f8fac-a319-41de-8dd9-5de701b667f0,21.08.2026 11:39,Динко Минчев Динков,Автоматично,ЕИСС - Централно Разпределяне,
5e2929a5-a393-4a3b-adc1-6c665c7ff14a,21.08.2026 11:39,МИЛЕНА ВЪЛЧЕВА,Автоматично,МАГДАЛЕНА СТАНЧЕВСКА,
76854ed4-cfdf-44a1-8834-0c6a497fade7,21.08.2026 11:39,МИЛЕНА АЛЕКСИЕВА,Автоматично,ЕИСС - Централно Разпределяне,
1f11e09d-285d-4f15-8fc1-b2d2b82d328d,21.08.2026 11:39,ВАЛЕНТИНА ИВАНОВА ТОДОРОВА,Автоматично,ЕИСС - Централно Разпределяне,
ce1274c1-7422-4d50-9fed-e94eb93b5820,21.08.2026 11:39,Руска Атанасова Андреева,Автоматично,Щеряна Михалева Гъркова,
6a64adc8-98ca-430e-b513-6717d4a09114,21.08.2026 11:39,Петър Никифоров Петров,Ръчно разпределение,Емил Кръстев Ангелов,
5cc7ebd0-cd14-4911-b540-77471a58b50e,21.08.2026 11:39,ГЕОРГИ ГЕОРГИЕВ,Автоматично,ЕИСС - Централно Разпределяне,
afb00043-2437-4e38-8d39-c9fff1a7e7b2,21.08.2026 11:44,ЗОРНИЦА ДОНКОВА ПАВЛОВА,Ръчно разпределение,ЗОРНИЦА ДОНКОВА ПАВЛОВА,
f9470d9c-f07b-4ed6-b71d-54b6bc20033d,21.08.2026 11:39,Мария Джанкова Богданова,Автоматично,ЕИСС - Централно Разпределяне,
92402a03-5ec6-4cf5-a9a9-a3d1dc709a12,21.08.2026 11:39,Весела Евстатиева,Ръчно разпределение,Събина Димитрова Минчева,
c4fd4b4c-21c3-4fe4-9ccc-f59b259474e9,21.08.2026 11:39,Сона Вахе Гарабедян,Автоматично,Сона Вахе Гарабедян,
321392bb-c663-4e85-9405-e4c935f0a993,21.08.2026 11:38,Даяна Стоянова Василчина,Автоматично,ЕИСС - Централно Разпределяне,
e1615b8b-8e26-47ad-9d64-b89eeb3a488e,21.08.2026 11:38,Албена Миронова,Автоматично,ЕИСС - Централно Разпределяне,
b9bccd5f-1ec5-422e-b96e-c541ef25ab46,21.08.2026 11:39,КОНСТАНТИН ПЕТРОВ КОСЕВ,Ръчно разпределение,КОНСТАНТИН ПЕТРОВ КОСЕВ,
d9083835-2886-485b-a546-161133bbfe43,21.08.2026 11:38,Соня Тодорова Дженкова,Автоматично,ЕИСС - Централно Разпределяне,
2515d46d-03ac-4515-a53c-277573cd76e7,21.08.2026 11:38,РОСЕН ПЛАМЕНОВ АЛЕКСАНДРОВ,Автоматично,ЕИСС - Централно Разпределяне,
65cd9fbe-2492-439c-891d-fe476a92fc26,21.08.2026 11:38,Биляна Димитрова Коева,Автоматично,ЕИСС - Централно Разпределяне,
b76cd548-3635-4c22-8af8-56efb3503377,21.08.2026 11:40,Виржиния Караджова,Ръчно разпределение,Мария Велкова,
b76cd548-3635-4c22-8af8-56efb3503377,21.08.2026 11:39,Палма Тараланска,Ръчно разпределение,Мария Велкова,
b76cd548-3635-4c22-8af8-56efb3503377,21.08.2026 11:38,Катина Кавърова,Автоматично,Мария Велкова,
27fcf498-9c81-472c-9282-1725d68eac6f,21.08.2026 11:37,Недялка Николова Вълчева,Автоматично,Щеряна Михалева Гъркова,
88b835a7-083b-4173-b7ed-aa96732d3a41,21.08.2026 11:39,Светлана Методиева,Автоматично,Емилия Бисерова Хаджиева,
12eaf38d-7a5a-46f6-948d-0b0a78f3da32,21.08.2026 11:37,Костадин Димитров Попов,Автоматично,Величка Иванова Терзиева,
bb0032ef-4467-4c60-abca-f59aeeb89e6e,21.08.2026 11:37,Биляна Великова Видолова,Автоматично,ЕИСС - Централно Разпределяне,
756d4346-6035-4d91-893b-8bb49626034e,21.08.2026 11:37,МОНИКА ПЛАМЕНОВА ДОБРИНОВА,Автоматично,ЕИСС - Централно Разпределяне,
b69ab4cc-59b2-4438-b5fa-2422106f2467,21.08.2026 11:37,Нели Георгиева Батанова,Разпределение по дежурство,Румяна Вълчева Райкова,
e2aa67a3-544c-4610-937b-c9ab02bde220,21.08.2026 11:37,Десислава Николаева Великова,Автоматично,ЕИСС - Централно Разпределяне,
b8b93e01-d0b3-443f-8cc6-df6fc957e18c,21.08.2026 11:37,Любомир Генов,Автоматично,Любомир Генов,
b48852e1-5e96-4363-b19a-95f7c829807f,21.08.2026 11:37,Пламена Колева Недялкова,Разпределение по дежурство,Лидия Иванова Петрова,
0635d759-0bc1-468f-b0e7-393ab40b5e2d,21.08.2026 11:37,Петя Венциславова Петрова - Светиева,Автоматично,ЕИСС - Централно Разпределяне,
85eb73e5-b551-4056-ae7f-2d7c86247d28,21.08.2026 11:37,Мирослав Руменов Саневски,Автоматично,ЕИСС - Централно Разпределяне,
2e4c80b6-8ccd-42cf-aaac-fa1ec3f94d39,21.08.2026 11:38,Кристиян Велков Стоилов,Ръчно разпределение,Кристиян Велков Стоилов,
063f1942-53af-4eb0-9d15-9c85ba00b65d,21.08.2026 11:36,Ростислава Янкова Георгиева,Автоматично,Лидия Иванова Петрова,
22dad32d-67ed-4949-908f-652ab90fc1b7,21.08.2026 11:36,НИКОЛА ТОДОРОВ ДЕЛИЕВ,Автоматично,ЕИСС - Централно Разпределяне,
4362456b-c429-4182-9bd7-0c64122ccd38,21.08.2026 11:36,Магдалена Атанасова Жбантова Стефанова,Автоматично,Величка Иванова Терзиева,
05e042c4-4bd3-434c-810a-bbd46148fc3a,21.08.2026 11:36,Силвия Георгиева Иванова,Автоматично,ЕИСС - Централно Разпределяне,
f3795b0c-4865-4cec-b0d3-40e5e801af9c,21.08.2026 11:36,Николай Захариев Петров,Автоматично,ЕИСС - Централно Разпределяне,
49a2945d-f092-499a-9e7f-434577971da1,21.08.2026 11:36,ПЛАМЕН ПЕНОВ,Автоматично,МАГДАЛЕНА СТАНЧЕВСКА,
187748ce-ae14-4a93-b2f6-ab1cb7d8d16a,21.08.2026 11:36,Мариела Анастасова Иванова,Автоматично,ЕИСС - Централно Разпределяне,
a9c25ecc-8bf4-4254-b76d-104acd939ee5,21.08.2026 11:36,Крум Борисов Гечев,Автоматично,Щеряна Михалева Гъркова,
f73f868c-2d62-40e0-96f5-189daa4f7e62,21.08.2026 11:36,Светла Радева,Разпределение по дежурство,Виолета Недева Христова,
6221217f-317a-41a3-8a7d-7e8841da4f60,21.08.2026 11:36,Емилиян Кирилов Ангелов,Автоматично,Лидия Иванова Петрова,
a98c5310-ac40-44e2-8ce3-6e3cac9fed04,21.08.2026 11:35,Вера Светославова Найденова,Автоматично,ЕИСС - Централно Разпределяне,
11123ba0-71c3-4998-84fc-a03a4fe586ba,21.08.2026 11:35,Калина Христова Христова,Автоматично,ЕИСС - Централно Разпределяне,
64a8f7b1-552d-4fc7-897c-cc492d89fd50,21.08.2026 11:35,Пламен Калинов Кучев,Автоматично,ЕИСС - Централно Разпределяне,
f4b9c72e-4583-4103-a661-d77c9cfe2263,21.08.2026 11:35,Александър Георгиев,Автоматично,ЕИСС - Централно Разпределяне,
3dc8c97d-6940-4116-b711-b69116063206,21.08.2026 11:35,Пламен Стефанов Златев,Автоматично,Даниела Каролова Телбизова-Янчева,
c09176bf-1d7b-4349-85a9-34f812a0e5f2,21.08.2026 11:35,Мариела Викторова Йосифова,Автоматично,ЕИСС - Централно Разпределяне,
0dc88154-1b0c-4ae4-835b-60e207863f58,21.08.2026 11:35,Михаела Добрева,Автоматично,Весела Евстатиева,
b6abf377-b908-41eb-b642-84d3d1a31bf1,21.08.2026 11:34,СНЕЖИНА ЧОЛАКОВА-МАРИНОВА,Автоматично,Снежина ЧОЛАКОВА-МАРИНОВА,
ff867d6a-7f99-47df-aa40-122dfa144fe7,21.08.2026 11:34,Светла Радева,Разпределение по дежурство,Виолета Недева Христова,
09347d91-ffa1-4505-adb0-ba9689028b83,21.08.2026 11:34,МИЛЕНА АЛЕКСИЕВА,Автоматично,ЕИСС - Централно Разпределяне,
3f2752d3-1fc4-4944-867c-6c5364337c99,21.08.2026 11:34,Ана Симеонова Андонова,Автоматично,ЕИСС - Централно Разпределяне,
e44430ae-0bf2-4902-a8b1-54f5d96e761b,21.08.2026 11:34,ДЕНИЦА АНГЕЛОВА ЦВЕТКОВА,Автоматично,ЕИСС - Централно Разпределяне,
efd0b559-0889-49c5-9bbc-c505cd28dfe8,21.08.2026 11:34,Елица Юлиянова Орманова,Автоматично,ЕИСС - Централно Разпределяне,
3c5543b9-4009-41a7-ab07-99c7b06f1e6d,21.08.2026 11:34,Динчер Хабиб,Автоматично,Вергиния Еланчева,
554b160c-a832-42f5-92ed-d432b090afb3,21.08.2026 11:34,Албена Дякова Великова,Автоматично,ЕИСС - Централно Разпределяне,
eca9aff0-0882-4d02-bc50-a5d0f9642cd2,21.08.2026 11:33,МАРИНЕЛА КРАСИМИРОВА МАРИНОВА-СТОЕВА,Автоматично,ЕИСС - Централно Разпределяне,
78f21ab9-b6c0-43ec-a555-42c7bb0c8649,21.08.2026 11:33,Симеон Илиянов Светославов,Автоматично,ЕИСС - Централно Разпределяне,
15c3e60e-71c4-45e2-b4c7-ae9c9cc9665a,21.08.2026 11:33,СНЕЖИНА ЧОЛАКОВА-МАРИНОВА,АР,Снежина ЧОЛАКОВА-МАРИНОВА,
e302e635-343e-4bed-a9e3-accdad42ae29,21.08.2026 11:33,Милена Вескова Хазарян,Автоматично,Милена Вескова Хазарян,
1a5de1b0-9649-45b9-b803-a1ae3fc4bb45,21.08.2026 11:33,Пламен Стефанов Златев,Автоматично,Даниела Каролова Телбизова-Янчева,
d322b860-5375-495b-a36d-e6f16ea4f70a,21.08.2026 11:33,Ваня Тенева,Автоматично,ЕИСС - Централно Разпределяне,
1f2f5c77-146b-4636-8c8a-5f84827d2a7d,21.08.2026 11:33,КАЛИН ИВАНОВ,Автоматично,ЕИСС - Централно Разпределяне,
641fb096-580c-4074-b202-031ba1315d92,21.08.2026 11:33,Анета Александрова Трайкова,Автоматично,Щеряна Михалева Гъркова,
6af39696-51f6-41d5-a5b3-f7d42ea27112,21.08.2026 11:33,Татяна Иванова Тодорова,Автоматично,ЕИСС - Централно Разпределяне,
fd57fd0f-ab71-4fca-9f75-1969ad413cc0,21.08.2026 11:32,Снежана Бакалова,Автоматично,Капка Павлова,
a23f8257-8636-4e5c-9526-e2bfe7f9ceab,21.08.2026 11:33,Любомир Генов,Автоматично,Любомир Генов,
e7a961e2-9814-4aa3-80d0-b24e09ee2198,21.08.2026 11:32,Павлина Георгиева-Железова,Автоматично,ЕЛЕНА ЧЕРНЕВА,
04acfda3-42ab-458d-a605-fe732197f92c,21.08.2026 11:32,Невяна Пейчева Захариева,Разпределение по дежурство,Невяна Пейчева Захариева,
eb9f112e-75a1-4345-8cd9-1ea14e0634db,21.08.2026 11:32,Велина Иванова Полежанова,Автоматично,ЕИСС - Централно Разпределяне,
0f286b32-3f48-4989-9b92-675ff4d42134,21.08.2026 11:32,Биляна Димитрова Коева,Разпределение по дежурство,Биляна Димитрова Коева,
d18b4cd6-9524-4f19-b141-69821733bd1e,21.08.2026 11:32,Христо Тотев Христов,Автоматично,ЕИСС - Централно Разпределяне,
71b48580-2cad-4385-a582-dde94b33aba8,21.08.2026 11:32,Емил Василев Николаев,Автоматично,Павлина Йорданова Кралева,
ef70af20-a859-440f-8cc9-8651ce2b0f75,21.08.2026 11:32,Майя Йончева Йончева,Автоматично,ЕИСС - Централно Разпределяне,
513df299-cce1-405b-ac25-454f178a76c7,21.08.2026 11:32,Петя Димитрова Стоянова,Автоматично,ЕИСС - Централно Разпределяне,
ca15420b-472d-4815-a12f-26f575d225a9,21.08.2026 11:32,Мариана Мавродиева Мавродиева,Автоматично,Даниела Каролова Телбизова-Янчева,
1f14247b-e22f-4d7c-a105-0c7c59be0260,21.08.2026 11:32,АСЕН ТОТЕВ РАДЕВ,Автоматично,ЕИСС - Централно Разпределяне,
c5953786-1caa-47d8-9519-e6bdbd8accc2,21.08.2026 11:31,Жанет Борова,Автоматично,ЕЛЕНА ЧЕРНЕВА,
61e02c7b-b5e1-4aaa-88fd-37f5215b993c,21.08.2026 11:31,Таня Илкова,Автоматично,ЕИСС - Централно Разпределяне,
9619a239-7a46-4933-b51a-34c5c7e4d67b,21.08.2026 11:31,Мина Цветанова Павлова,Автоматично,ЕИСС - Централно Разпределяне,
1e4a6015-c478-4693-9808-5c112dcc1a16,21.08.2026 11:31,Росица Илиева Василева,Автоматично,Щеряна Михалева Гъркова,
0a3ead7e-7986-4cdc-bac5-a3e38b1699d3,21.08.2026 11:31,СНЕЖИНА ЧОЛАКОВА-МАРИНОВА,Автоматично,Снежина ЧОЛАКОВА-МАРИНОВА,
e7663927-ee96-4ca6-9be3-e375a1d1d75f,21.08.2026 11:36,Весела Евстатиева,Ръчно разпределение,Събина Димитрова Минчева,
d1ae099e-3223-44b7-99fa-3fb54f641d9b,21.08.2026 11:31,ЕВЕЛИНА КАРАГЕНОВА,Автоматично,ЕИСС - Централно Разпределяне,
371ec5c7-43c9-4b11-bdd9-e10aba9a7454,21.08.2026 11:31,Веселина Косева Мишова,Автоматично,Даниела Каролова Телбизова-Янчева,
ed26e1cd-eabc-432d-8258-b4341fa4c2cf,21.08.2026 11:31,ВЕСИСЛАВ РУМЕНОВ ГЕНОВ,Автоматично,ЕИСС - Централно Разпределяне,
c8062963-8ad5-4f56-98e9-cd7ed0bb8db4,21.08.2026 11:31,ЕВЕЛИНА КАРАГЕНОВА,Автоматично,ЕИСС - Централно Разпределяне,
a981eba2-676b-4ec3-9d8f-0e88435e9485,21.08.2026 11:31,АНЕТА МИЛЧЕВА ПЕТКОВА,Разпределение по дежурство,АНЕТА МИЛЧЕВА ПЕТКОВА,
e5492484-04d9-4c75-bf1f-b440bbc246b7,21.08.2026 11:30,Мирослав Руменов Саневски,Автоматично,ЕИСС - Централно Разпределяне,
c4e20793-1868-4d2f-87e7-1b6ae11c4aec,21.08.2026 11:30,Елена Чернева,Автоматично,ЕЛЕНА ЧЕРНЕВА,
fde02a8b-15d2-412c-8854-7e9dbe8cc6b8,21.08.2026 11:30,Антонина Даниелова Якимова,Автоматично,ЕИСС - Централно Разпределяне,
67c3c8d4-c415-4460-aadd-0ba6e0d8b727,21.08.2026 11:30,Магдалена Бориславова Младенова-Стоева,Автоматично,ЕИСС - Централно Разпределяне,
4cbac0d5-ac10-4c91-a9a0-0ca4e98c529b,21.08.2026 11:30,Недко Цолов Петров,Автоматично,ЕИСС - Централно Разпределяне,
8efb1ead-d203-429a-a976-34d9b008c6a3,21.08.2026 11:30,Борислава Славчева Борисова,Автоматично,Борислава Славчева Борисова,
fa889689-b007-4b34-966b-a498a0df9823,21.08.2026 11:30,Боян Ешпеков,Автоматично,Вергиния Еланчева,
34252463-e8f8-4734-9c81-ea79d570f41b,21.08.2026 11:30,Катя Рудева Боева,Автоматично,Щеряна Михалева Гъркова,
271f9845-455d-4254-9842-93e033e40712,21.08.2026 11:30,Николай Илиев Уруков,Автоматично,Даниела Каролова Телбизова-Янчева,
3bfec4db-6509-479d-ac9d-c2127e769c22,21.08.2026 11:30,Орлин Летов,Автоматично,ЕИСС - Централно Разпределяне,
7e957b5c-5960-4cc5-8a01-3bafdf56e2b0,21.08.2026 11:30,Людмила Добрева Григорова-Митева,Ръчно разпределение,Лидия Иванова Петрова,
4eaac8a0-9e0c-4878-9ed3-801a64290ace,21.08.2026 11:29,Петя Димитрова Стоянова,Автоматично,ЕИСС - Централно Разпределяне,
92983bc2-4fc7-4d73-8fd3-f858f3706c5f,21.08.2026 11:29,Гергана Руменова Петрова,Разпределение по дежурство,Гергана Руменова Петрова,
f03dbd7d-49fb-4c10-9754-6a359bf9313b,21.08.2026 11:36,Татяна Черкезова,Автоматично,Мария Велкова,
f03dbd7d-49fb-4c10-9754-6a359bf9313b,21.08.2026 11:33,Галина Магардичиян,Автоматично,Мария Велкова,
0735ea9b-896e-4a5e-81f4-f2594c8768e1,21.08.2026 11:29,Живко Павлов Георгиев,Автоматично,ЕИСС - Централно Разпределяне,
ac6594e1-f268-4c29-9324-a8f29f07890f,21.08.2026 11:29,Минчо Калоянов Димитров,Автоматично,Христина Запрянова Жисова,
dfc14b30-d980-47c3-a7e3-42eceb460353,21.08.2026 11:29,СВЕТЛА ЖЕЛЯЗКОВА СТОЯНОВА,Разпределение по дежурство,АНЕТА МИЛЧЕВА ПЕТКОВА,
b06f7e10-a290-49e5-8208-6a994cfba471,21.08.2026 11:29,Валери Раданов,Автоматично,ЕЛЕНА ЧЕРНЕВА,
c8680885-d6bf-46dc-905f-485d71624d89,21.08.2026 11:29,Пламена Колева Недялкова,Автоматично,Лидия Иванова Петрова,
3fe7ce32-4d07-4b24-972a-89b7763d5376,21.08.2026 11:29,Петина Кръстева Николова,Автоматично,ЕИСС - Централно Разпределяне,
4c999810-60a7-46b9-8f7c-d0c7117ac15e,21.08.2026 11:29,Михаела Иванова Атанасова,Автоматично,ЕИСС - Централно Разпределяне,
f61be486-0450-4782-ad6c-4871f0409de4,21.08.2026 11:29,Мартин Стаматов,Автоматично,Янка Ганчева,
fbd38994-5115-48ff-951d-e6a263eaa91f,21.08.2026 11:29,ТЕОДОРА ДИМИТРОВА КЮРКЧИЕВА,Автоматично,ЕИСС - Централно Разпределяне,
d2c96948-717a-41c0-99e1-be06e3e0e176,21.08.2026 11:28,Мариана Костадинова Тодорова Досева,Автоматично,ЕИСС - Централно Разпределяне,
865506ba-23d9-4f7f-89b5-d50adb2cf565,21.08.2026 11:28,Росица Илиева Василева,Автоматично,Щеряна Михалева Гъркова,
df340d2a-5a7a-4a92-8fe3-e216ae478ffc,21.08.2026 11:28,Пламена Колева Недялкова,Автоматично,Лидия Иванова Петрова,
52e1487e-26e5-4c9f-8795-652943d24c09,21.08.2026 11:28,Петя Венциславова Петрова - Светиева,Автоматично,ЕИСС - Централно Разпределяне,
ac9dda5e-b1e1-4b82-ad86-7db8d1022404,21.08.2026 11:28,АНДОН ВЪЛКОВ ВЪЛКОВ,Автоматично,СТАНИМИРА ГЕОРГИЕВА ГЕОРГИЕВА,
6cacdd5d-aedd-443b-943e-77e33f9519c5,21.08.2026 11:28,Валери Раданов,Автоматично,ЕЛЕНА ЧЕРНЕВА,
70ccf2c1-1bce-4cdb-8eba-e8002c644ae5,21.08.2026 11:28,Петя Димитрова Стоянова,Автоматично,ЕИСС - Централно Разпределяне,
0f6d0900-0589-4f6e-a469-6c9cc2f3d46e,21.08.2026 11:28,Веселин Енчев,Автоматично,Мария Динева,
cbf84352-0662-493c-a3a4-0a519ec7a132,21.08.2026 11:28,Донка Янкова Русинова,Автоматично,ЕИСС - Централно Разпределяне,
4a68edc4-72b3-4a05-824f-ba6a3bef05cf,21.08.2026 11:32,Пламен Панайотов,Автоматично,Красимира Милачкова,
4a68edc4-72b3-4a05-824f-ba6a3bef05cf,21.08.2026 11:28,Боряна Бороджиева,Автоматично,Красимира Милачкова,
200a1598-1d6f-4366-8345-dd8c239cd998,21.08.2026 11:28,Тихомир Руменов Рачев,Автоматично,ЕИСС - Централно Разпределяне,
ea21a5b5-0c93-4065-b2f4-6269a4fe54a5,21.08.2026 11:28,Минчо Калоянов Димитров,Автоматично,Христина Запрянова Жисова,
9c0dd976-2387-419b-8c3e-d39800650695,21.08.2026 11:28,Валери Митков Ненков,Автоматично,Радослава Асенова Алексова,
5f121f85-7ff4-45cd-ab3a-6cc37a83a342,21.08.2026 11:29,Елена Николова,Автоматично,Симона Радославова Донева,
b30ceb2e-bb18-4c7a-a88f-dc2b0a9f13a4,21.08.2026 11:27,КАЛИН СТЕФАНОВ КУНЧЕВ,Автоматично,ЕИСС - Централно Разпределяне,
ba7887e2-f53d-4090-b21d-03c9678e9d57,21.08.2026 11:36,Нели Георгиева Батанова,Автоматично,Румяна Вълчева Райкова,
36788fb8-9971-476c-b34f-26779ad4df4d,21.08.2026 11:28,РОСЕН ПЛАМЕНОВ АЛЕКСАНДРОВ,Автоматично,ДАНИСЛАВА САШКОВА ПАВЛОВА,
3e311c5d-cfd8-44f0-89e0-1d82e52edf3d,21.08.2026 11:27,Иван Цветозаров Иванов,Автоматично,ЕИСС - Централно Разпределяне,
1e5f80a3-0fa6-4e46-84f1-737c4f825823,21.08.2026 11:27,ЖИВКО ДЕЛЧЕВ ЯНКОВ,Автоматично,ЕИСС - Централно Разпределяне,
5739a88e-1760-4b54-aef3-b0abe51de081,21.08.2026 11:27,Христо Руменов Митев,Автоматично,МАРИЯ ДИМОВА ШОЛЕКОВА,
d28b2da8-ea01-4d29-bb95-3865df48ae76,21.08.2026 11:27,Георги Димитров Димитров,Автоматично,Щеряна Михалева Гъркова,
acb69ee1-8ee4-4686-8324-1feccfa2ffce,21.08.2026 13:01,Диана Сотирова Танкова,Ръчно разпределение,Веселина Димитрова Хаджиева,
acb69ee1-8ee4-4686-8324-1feccfa2ffce,21.08.2026 11:28,Велина Иванова Полежанова,Автоматично,Веселина Димитрова Хаджиева,
acb69ee1-8ee4-4686-8324-1feccfa2ffce,21.08.2026 11:27,Диана Сотирова Танкова,Автоматично,Веселина Димитрова Хаджиева,
646be3d1-522c-473b-b9ea-3c176b9a6038,21.08.2026 11:27,Веселина Михайлова Узунова Панчева,Автоматично,ЕИСС - Централно Разпределяне,
72adecb2-1e0a-4cf5-a620-dbc86a52be0f,21.08.2026 11:27,ИЛИНА ВЕЛИЗАРОВА ЗЛАТАРЕВА МИТЕВА,Разпределение по дежурство,ИВАЙЛО АЛЕКСАНДРОВ ЙОРДАНОВ,
388ba0f0-bd20-4ecb-a0a2-19a06bd7df54,21.08.2026 11:27,Валери Раданов,Автоматично,ЕЛЕНА ЧЕРНЕВА,
3382b9b9-8b79-405e-a31b-297691a589e6,21.08.2026 11:27,Мирослав Руменов Саневски,Автоматично,ЕИСС - Централно Разпределяне,
345c1fbd-d8b0-4825-bb44-5a21e768ffb7,21.08.2026 11:28,Атанас Николаев Атанасов,Автоматично,ЛИЛИЯ ВЕЛИНОВА МАВЛОВА,
27c609b6-2f5f-4c96-9dc2-d8c1acc93187,21.08.2026 11:26,ХРИСТИНКА ДИМИТРОВА,Автоматично,Снежина ЧОЛАКОВА-МАРИНОВА,
179b84e1-80a4-4f21-96f7-4295c59f3216,21.08.2026 11:26,Десислава Николаева Великова,Автоматично,ЕИСС - Централно Разпределяне,
d4f3d2b4-7de9-4ad5-950b-9379b3318141,21.08.2026 11:26,Дияна Иванова Дамянова Цанкова,Разпределение по дежурство,Дияна Иванова Дамянова Цанкова,
54e8dad5-6d13-4268-bbdf-e1a22685631a,21.08.2026 11:26,Диана Димитрова Пашова,Автоматично,Христина Запрянова Жисова,
9dad9fe9-3994-46e5-9267-fa04998dd37e,21.08.2026 11:26,Дияна Иванова Дамянова Цанкова,Автоматично,ЕИСС - Централно Разпределяне,
3a6ec074-0675-43fc-ba39-3602f657e5a9,21.08.2026 11:26,НАТАЛИЯ СЕМОВА РАЙКОВА АТАНАСОВА,Ръчно разпределение,МАРИЯ ДИМОВА ШОЛЕКОВА,
514a8443-895b-4fbb-95cc-bcefe68f53cf,21.08.2026 11:26,ст.л-т ГЕОРГИ ЛЮБЕНОВ ЙОРДАНОВ,Автоматично,ст.л-т ГЕОРГИ ЛЮБЕНОВ ЙОРДАНОВ,
e2c43abc-1100-48b0-af6e-0a084d698528,21.08.2026 11:26,Мария Вангелова Грунова,Автоматично,ЕИСС - Централно Разпределяне,
406563c7-ac89-4531-a6ca-41bc2c54ac23,21.08.2026 11:26,СВЕТЛА ЖЕЛЯЗКОВА СТОЯНОВА,Разпределение по дежурство,АНЕТА МИЛЧЕВА ПЕТКОВА,
95649c6d-90bf-4c64-aaad-f4e862479769,21.08.2026 11:26,Атанас Кобуров,Автоматично,ЕИСС - Централно Разпределяне,
34c323ce-caed-4b45-90e7-d4aae4b28eb2,21.08.2026 11:26,Мина Цветанова Павлова,Автоматично,ЕИСС - Централно Разпределяне,
a434825b-78ae-463c-93a6-01a8331e11d6,21.08.2026 11:25,Росен Иванов Балкански,Автоматично,Росен Иванов Балкански,
2b71e80c-f3a1-4c61-b9d4-52ca8042197a,21.08.2026 11:25,Михаела Иванова Атанасова,Автоматично,ЕИСС - Централно Разпределяне,
99c6d01d-6596-4447-bfa9-8debf743654f,21.08.2026 11:25,Павлина Георгиева-Железова,Автоматично,ЕЛЕНА ЧЕРНЕВА,
b724b5f8-3e54-4f7b-ba7a-20bc55be0c5b,21.08.2026 11:25,Тихомир Руменов Рачев,Автоматично,ЕИСС - Централно Разпределяне,
3b3f4e69-a5a6-4295-b988-bfa924e336da,21.08.2026 11:25,Симеон Илиянов Светославов,Автоматично,ЕИСС - Централно Разпределяне,
eb7b2e26-5567-48ee-b92d-5aa3b053782e,21.08.2026 11:25,Мария Вангелова Грунова,Автоматично,ЕИСС - Централно Разпределяне,
e2ad77e9-f84f-4178-b038-f25ec426f848,21.08.2026 11:26,Милена Карагьозова,Разпределение по дежурство,Милена Карагьозова,
e2ad77e9-f84f-4178-b038-f25ec426f848,21.08.2026 11:26,Димо Колев,Разпределение по дежурство,Милена Карагьозова,
e2ad77e9-f84f-4178-b038-f25ec426f848,21.08.2026 11:25,ДИМИТРИНКА ГАЙНОВА,Разпределение по дежурство,Милена Карагьозова,
3c85b9e5-7036-4c9b-aacb-42c8b111b08d,21.08.2026 11:25,ГЕОРГИ ГЕОРГИЕВ,Автоматично,ЕИСС - Централно Разпределяне,
6d14b0f1-04cd-4a77-bb34-c961400786b4,21.08.2026 11:25,НАТАЛИЯ СЕМОВА РАЙКОВА АТАНАСОВА,Автоматично,МАРИЯ ДИМОВА ШОЛЕКОВА,
6d0fcbef-e4d7-4e5e-bf65-7c479f082b3f,21.08.2026 11:24,Иван Борисов Вътков,Автоматично,ЕИСС - Централно Разпределяне,
e91a71b9-ac44-4762-9e31-b8b08ef78642,21.08.2026 11:24,Ана Симеонова Андонова,Автоматично,ЕИСС - Централно Разпределяне,
3d895ace-57f8-4d93-8632-68e510880b0f,21.08.2026 11:24,Доротея Петкова Янкова,Автоматично,ЕИСС - Централно Разпределяне,
dc95f6e0-714a-4447-a55e-c4f238ddda1b,21.08.2026 11:24,Нели Делчева Иванова,Автоматично,Христина Запрянова Жисова,
7e07b2db-5cbf-4b20-a98f-885b80c92374,21.08.2026 11:24,Живко Павлов Георгиев,Автоматично,ЕИСС - Централно Разпределяне,
182040ce-f657-417e-a623-77278c1184a4,21.08.2026 11:24,Силвия Георгиева Иванова,Автоматично,ЕИСС - Централно Разпределяне,
54c06f3a-c3cd-4371-8172-27702eb7a606,21.08.2026 11:24,ХРИСТИНКА ДИМИТРОВА,Автоматично,Снежина ЧОЛАКОВА-МАРИНОВА,
86d174cb-2949-4ccc-9837-feaaf8f1ea12,21.08.2026 11:24,Кристиан Димитров Колев,Автоматично,Радослава Асенова Алексова,
c24c5a31-09dc-4c3d-906c-74e2f1e9ba2c,21.08.2026 11:24,Симона Миланези,Автоматично,Милена Карагьозова,
c5569edb-e0ca-40e1-bc18-51ad1379d5e2,21.08.2026 11:23,Майя Йончева Йончева,Автоматично,ЕИСС - Централно Разпределяне,
b2ea7d11-c26b-43b6-8927-76bb0d9569df,21.08.2026 11:23,ЯНА ВАСИЛЕВА НИКОЛОВА ДИМИТРОВА,Автоматично,ВЕЛИНА ВЛАДИМИРОВА КАРАГЕОРГИЕВА,
93ed8c2a-57a4-4d98-bf52-2e93c5908235,21.08.2026 11:23,БЕЛЛА ВЕСЕЛИНОВА ПАНЕВА,Автоматично,ЕИСС - Централно Разпределяне,
d4154cfb-676b-498e-b6e1-9fb344a0f1b5,21.08.2026 11:23,ИВЕЛИНА ПЕТРОВА ЙОРДАНОВА ИГНАТОВА,Автоматично,МАРИЯ ДИМОВА ШОЛЕКОВА,
2ffd22ea-0b23-4a0f-b0ab-a6a833ca4ec2,21.08.2026 11:23,Марин Митков Чорбаджийски,Автоматично,ЕИСС - Централно Разпределяне,
d072a8ca-ba71-4d6e-ad15-cdda1b92fc96,21.08.2026 11:23,Мина Цветанова Павлова,Автоматично,ЕИСС - Централно Разпределяне,
ee113d6f-206e-44f8-969f-8190442d8fe3,21.08.2026 11:23,Нели Каменска,Автоматично,Любомир Генов,
7b9336a6-0812-498a-8d81-0277a4970b93,21.08.2026 11:23,ЕЛЕОНОРА ФИЛИПОВА,Автоматично,ЕИСС - Централно Разпределяне,
6ff4d5bb-671d-4530-be69-cc1a8b3daf14,21.08.2026 11:23,Жанет Борова,Автоматично,ЕЛЕНА ЧЕРНЕВА,
b7e09244-a7e4-4502-aeeb-03014e8707d1,21.08.2026 11:22,Биляна Чочева,Автоматично,Антоанета Кирилова Кюлева,
8724f94e-3a5d-45bb-bf47-b464493e7f29,21.08.2026 11:22,Тодор Илиев Тихолов,Автоматично,ЕИСС - Централно Разпределяне,
ce91dc5b-b92b-435c-a2a4-52ea91bf1b59,21.08.2026 11:25,Татяна Черкезова,Разпределение по дежурство,Мария Велкова,
ce91dc5b-b92b-435c-a2a4-52ea91bf1b59,21.08.2026 11:25,Галина Магардичиян,Разпределение по дежурство,Мария Велкова,
ce91dc5b-b92b-435c-a2a4-52ea91bf1b59,21.08.2026 11:23,Силвия Павлова,Разпределение по дежурство,Мария Велкова,
d1bf061a-84bc-4f61-877f-de3de962000d,21.08.2026 11:22,ИВАЙЛО КРАСИМИРОВ КЪНЕВ,Автоматично,Христина Стоилова Христова,
6db49fa2-f1ff-4258-a567-05d76690cc77,21.08.2026 11:22,МИЛЕНА АЛЕКСИЕВА,Автоматично,ЕИСС - Централно Разпределяне,
188aeb7a-04ea-43b8-98f0-6aecea276136,21.08.2026 11:22,ДЕБОРА МИЛЕНОВА ВЪЛКОВА ТЕРЗИЕВА,Автоматично,ВЕЛИНА ВЛАДИМИРОВА КАРАГЕОРГИЕВА,
6b474467-8abf-4159-a480-ebc80c3e6a11,21.08.2026 11:22,ТИНА РОСЕНОВА МАЛИНОВА,Автоматично,ЕИСС - Централно Разпределяне,
3acc18fb-a1f8-415c-b7bd-7a9e335910bd,21.08.2026 11:22,Кристиан Димитров Колев,Разпределение по дежурство,Радослава Асенова Алексова,
6964b32f-997c-4790-96c9-5feee316173f,21.08.2026 11:22,Неделин Йорданов Захариев,Автоматично,ЕИСС - Централно Разпределяне,
33a91390-df5f-4689-a905-c0a1ffb886da,21.08.2026 11:22,КРИСТИЯН АНТОНИЕВ ПОПОВ,Автоматично,ЕИСС - Централно Разпределяне,
44b54fa8-c768-4f9a-8b6c-df179230d007,21.08.2026 11:22,Елена Чернева,Автоматично,ЕЛЕНА ЧЕРНЕВА,
37144b7c-db27-425b-aea4-f7580f14fcff,21.08.2026 11:22,Пламен Пантев Денев,Ръчно разпределение,Пламен Пантев Денев,
38cf4456-e44d-4f74-9073-d3f1d09f6e4b,21.08.2026 11:22,Божидар Иванов Кърпачев,Ръчно разпределение,Щеряна Михалева Гъркова,
e147147c-fc64-4e5f-98e4-f6e5b249c0b6,21.08.2026 11:21,Мариана Костадинова Тодорова Досева,Разпределение по дежурство,Биляна Великова Видолова,
0c1afa31-c375-4926-a2c9-c13b126556eb,21.08.2026 11:21,Надежда Димитрова Кирилова,Автоматично,ЕИСС - Централно Разпределяне,
1d565e46-4c48-4405-b18d-e35d02866568,21.08.2026 11:21,СТАНИСЛАВ БОРИСЛАВОВ СЕДЕФЧЕВ,Автоматично,ВЕЛИНА ВЛАДИМИРОВА КАРАГЕОРГИЕВА,
833044bd-2db5-4736-9c5d-bc160f98b8c0,21.08.2026 11:21,КРИСТИАН АТАНАСОВ БАДЖАКОВ,Автоматично,ЕИСС - Централно Разпределяне,
1e075534-e8bc-40d9-af7a-b53fec1787f5,21.08.2026 11:21,Магдалена Георгиева Татарева Кръстева,Автоматично,Радка Стайкова Божкова,
9cf307ae-497f-4b58-8255-ec3e6b22542a,21.08.2026 11:21,Борислав Кирилов Тончев,Автоматично,ЕИСС - Централно Разпределяне,
06a08bbd-5c35-4fc5-912e-ed87e96b3a2b,21.08.2026 11:21,РОСЕН ПЛАМЕНОВ АЛЕКСАНДРОВ,Автоматично,ЕИСС - Централно Разпределяне,
1d2eb522-1bb6-40a7-a270-91f731d70535,21.08.2026 11:21,Велина Иванова Ангелова,Автоматично,ЕИСС - Централно Разпределяне,
58ec9457-5cbc-4834-af5f-cbbafad1f756,21.08.2026 11:21,Елена Чернева,Автоматично,ЕЛЕНА ЧЕРНЕВА,
c0f90277-1d2f-42f6-954f-348a8fb2264b,21.08.2026 11:21,Даниела Каролова Телбизова-Янчева,Ръчно разпределение,Даниела Каролова Телбизова-Янчева,
126fcf84-3f78-406d-a02f-592aa6f3426b,21.08.2026 11:20,ПЕТРОСЛАВ ВОЛЕВ КЪНЕВ,Автоматично,ВЕЛИНА ВЛАДИМИРОВА КАРАГЕОРГИЕВА,
4e44ce69-c266-40c2-af4d-61b7466e7185,21.08.2026 11:20,Велина Пенева,Автоматично,ЕИСС - Централно Разпределяне,
fa9568fa-8040-4c4c-8a98-61a01566accf,21.08.2026 11:20,Людмила Добрева Григорова-Митева,Автоматично,ЕИСС - Централно Разпределяне,
b3eaffe5-74eb-41a0-b623-70bdb19067cf,21.08.2026 11:20,Минчо Калоянов Димитров,Разпределение по дежурство,Минчо Калоянов Димитров,
250bdc2e-b686-4e4f-acf3-ad0cfaf548ac,21.08.2026 11:20,Мариана Костадинова Тодорова Досева,Разпределение по дежурство,Биляна Великова Видолова,
903bbe77-8407-4e6e-89e5-6d97eb11fd16,21.08.2026 11:20,ПЕТЯ ИВАНОВА ЗДРАВКОВА,Автоматично,ЕИСС - Централно Разпределяне,
1aea486c-44a1-4e0c-bab4-5446f11d0025,21.08.2026 11:21,ПЛАМЕН МИТКОВ ДРАГАНОВ,Автоматично,ЙОРДАН ПАВЛОВ ИВАНОВ,
4658d108-01c1-4892-a34d-39a9bbec9170,21.08.2026 11:20,Камен Иванов,Разпределение по дежурство,Даниела Дончева,
c944fe7b-701d-4cc7-ab3a-aae35cc8d074,21.08.2026 11:20,Албена Миронова,Автоматично,ЕИСС - Централно Разпределяне,
091195b0-7229-46ca-9a11-0300159e2200,21.08.2026 11:20,ЦВЕТОМИРА ГЕОРГИЕВА ВЕЛЧЕВА,Автоматично,МАРИЯ ДИМОВА ШОЛЕКОВА,
03f14979-9ded-40f2-9483-fd90c4f893da,21.08.2026 11:20,СНЕЖИНА ЧОЛАКОВА-МАРИНОВА,Автоматично,Снежина ЧОЛАКОВА-МАРИНОВА,
c18906e0-3e93-457a-a17f-35e0d6cd11d1,21.08.2026 11:20,ПЛАМЕНА НИКОЛОВА СЪБЕВА,Автоматично,СТАНИМИРА ГЕОРГИЕВА ГЕОРГИЕВА,
b23cbbdf-4836-4e8f-af15-7dfcadd56499,21.08.2026 11:20,Борислав Методиев Методиев,Автоматично,ЕИСС - Централно Разпределяне,
10ac9c0e-3f79-451c-9227-b5a3d80250d6,21.08.2026 11:20,Павлина Георгиева-Железова,Автоматично,ЕЛЕНА ЧЕРНЕВА,
cee56e9b-02ba-40e6-8121-b6ccef910e23,21.08.2026 11:20,Румяна Атанасова Танева,Автоматично,Димитър Миков Христов,
3b6d9670-5362-4190-ab3e-02caeef8ca6d,21.08.2026 11:20,Симона Пламенова Колева,Автоматично,Радослава Асенова Алексова,
f8f395e9-ffde-409b-a2e1-9fc77f0f4b93,21.08.2026 11:19,Гергана Руменова Петрова,Разпределение по дежурство,Гергана Руменова Петрова,
1809dfe7-f6e5-49be-87e5-0217d79a88d8,24.08.2026 15:15,Румен Петров,Ръчно разпределение,Радослав Йорданов Дойчинов,
1809dfe7-f6e5-49be-87e5-0217d79a88d8,24.08.2026 15:15,Мина Топузова,Ръчно разпределение,Радослав Йорданов Дойчинов,
1809dfe7-f6e5-49be-87e5-0217d79a88d8,21.08.2026 11:19,Иван Стойчев,Автоматично,Антоанета Кирилова Кюлева,
876a02cd-c6e7-4da8-991a-d3f375aae798,21.08.2026 11:19,Мирослав Руменов Саневски,Автоматично,ЕИСС - Централно Разпределяне,
d8d63d3c-fc22-4c48-924d-55752032185e,21.08.2026 11:19,Емилия Кирова-Тодорова,Автоматично,Емилия Кирова-Тодорова,
b6a19646-9963-4809-bd11-cb0c9c0df78a,21.08.2026 11:19,Калин Георгиев Колешански,Автоматично,ЕИСС - Централно Разпределяне,
e3d97797-e173-4962-b290-42964ca2fb51,21.08.2026 11:19,Росица Генадиева Тодорова,Автоматично,ЕИСС - Централно Разпределяне,
c3ddfb74-e6f9-490e-8ea8-5a72204de65a,21.08.2026 11:19,Петя Цветанова,Автоматично,ЕИСС - Централно Разпределяне,
b51342c2-770d-4c8a-b3e0-3990aab90f12,21.08.2026 11:19,Мирослав Данаилов Досов,Автоматично,ЕИСС - Централно Разпределяне,
7f326719-392b-459b-92bf-dca5326cbc7e,21.08.2026 11:19,Валери Раданов,Автоматично,ЕЛЕНА ЧЕРНЕВА,
48ab0442-62cb-427b-b649-91d23a62db9f,21.08.2026 11:20,Ивалена Димитрова,Автоматично,Симона Радославова Донева,
99fc7b23-32ad-499c-b8a1-8223ec1c966d,21.08.2026 11:19,Пламен Стоев,Автоматично,Лилия Сашкова Тодорова,
64842837-996e-4102-9759-aca4b44285b9,21.08.2026 11:18,Елица Юлиянова Орманова,Автоматично,ЕИСС - Централно Разпределяне,
0865919d-ecde-4d76-b286-3e49226526f9,21.08.2026 11:18,НАДЯ СТЕФАНОВА БАКАЛОВА,Автоматично,ВЕЛИНА ВЛАДИМИРОВА КАРАГЕОРГИЕВА,
b7701fd5-5dca-4c7d-a44f-df38cd5ae2bc,21.08.2026 11:18,ИВЕЛИНА ДИЯНОВА ЧАВДАРОВА,Автоматично,СТАНИМИРА ГЕОРГИЕВА ГЕОРГИЕВА,
32225282-c752-4a3d-a66d-835953a0515f,21.08.2026 11:18,Таня Илкова,Автоматично,ЕИСС - Централно Разпределяне,
89debf16-6cc4-4808-8482-1c3a7c37bb54,21.08.2026 11:18,Симона Радославова Донева,Разпределение по дежурство,Десислава Владимирова Добрева,
663966c5-c3bf-4469-a1ba-d48bf814c747,21.08.2026 11:18,БЕЛЛА ВЕСЕЛИНОВА ПАНЕВА,Автоматично,ЕИСС - Централно Разпределяне,
c9a80e67-9ed6-4254-97cc-f35a15ba4f92,21.08.2026 11:18,Таня Илкова,Разпределение по дежурство,Таня Илкова,
e7671835-1595-42e7-ad35-1269a784640c,21.08.2026 11:18,Минчо Стоянов Минев,Автоматично,ЕИСС - Централно Разпределяне,
94d6d89c-51ef-4e68-bcfb-9c7a8f219d4a,21.08.2026 11:20,Силвия Борисова Русева,Автоматично,ЛИЛИЯ ВЕЛИНОВА МАВЛОВА,
0efed8b3-0435-4617-ac71-683ffa61af32,21.08.2026 11:18,КАЛИН СТЕФАНОВ КУНЧЕВ,Автоматично,ЕИСС - Централно Разпределяне,
089b8005-9008-49c2-a854-6ff4a3e0ae8a,21.08.2026 11:17,ВАНЯ АНГЕЛОВА ГОРАНОВА,Автоматично,ВЕЛИНА ВЛАДИМИРОВА КАРАГЕОРГИЕВА,
42e866fc-f620-4cdc-a2c8-4fb7fd8ce34b,21.08.2026 11:17,Гергана Николаева Божилова,Автоматично,ЕИСС - Централно Разпределяне,
a52b6ac8-652e-439d-b356-3311a6c14fbd,21.08.2026 11:17,ДАНИЕЛА ХРИСТОВА ВЪЛЕВА,Автоматично,ЕИСС - Централно Разпределяне,
e86b9e7b-f6dc-447a-abc7-04a7eb8dceb6,21.08.2026 11:17,Красимира Медарова,Автоматично,Антоанета Кирилова Кюлева,
588978a4-0663-45bc-a47e-5209039dcd86,21.08.2026 11:17,Иван Борисов Вътков,Автоматично,ЕИСС - Централно Разпределяне,
f5c2c5fe-1ddb-4d8f-a094-19cd04134b9b,21.08.2026 11:17,Пенка Борисова Йорданова,Автоматично,Пенка Борисова Йорданова,
b7d8b287-7e36-4fd5-9dba-5fa0eb368192,21.08.2026 11:17,АСЕН ТОТЕВ РАДЕВ,Автоматично,ЕИСС - Централно Разпределяне,
f7b5e4b0-d4a0-4d4e-8a16-57e14fc34e27,21.08.2026 11:17,Цонка Тодорова Миткова,Автоматично,ЕИСС - Централно Разпределяне,
5f8d11e0-c60c-4071-9a4d-02ac5acb35d6,21.08.2026 11:16,ЯНА ЦВЕТАНОВА ДИМИТРОВА,Автоматично,ВЕЛИНА ВЛАДИМИРОВА КАРАГЕОРГИЕВА,
788acc71-15c9-4780-b368-b1a06b618c02,21.08.2026 11:16,Асен Черешаров,Автоматично,ЕИСС - Централно Разпределяне,
21bc11db-6e5d-4571-9c02-33bbcf56fbb3,21.08.2026 11:16,Биляна Великова Видолова,Автоматично,ЕИСС - Централно Разпределяне,
9c108657-2ec5-411a-acd8-c0ffd1cc2533,21.08.2026 11:17,Елена Чернева,Автоматично,ЕЛЕНА ЧЕРНЕВА,
c2218a4e-8843-43c9-918c-a560049df292,21.08.2026 11:16,ВЕНЦИСЛАВ СТЕФАНОВ ВЪЛЧЕВ,Автоматично,ЕИСС - Централно Разпределяне,
a520ed87-e126-43b1-bd84-336b2e1ded28,21.08.2026 11:16,Мирослав Руменов Саневски,Автоматично,ЕИСС - Централно Разпределяне,
deea11d1-42d3-4faa-a9e1-31fb18f37828,21.08.2026 11:16,Петър Лазаров Мичев,Автоматично,Мирослав Милчев Начев,
af416e7a-ac0e-43c1-8fcf-c09179aa8442,21.08.2026 11:16,Милена Стоянова Стоянова,Автоматично,ЕИСС - Централно Разпределяне,
a89143e5-f5f7-4ca3-997c-9c58ac2d4ee2,21.08.2026 11:18,Бойко Александров Мачорски,Автоматично,Симона Радославова Донева,
4a258167-66e9-4f2d-90ee-56d94a9bb100,21.08.2026 11:15,Габриел Росенов Русев,Автоматично,Щеряна Михалева Гъркова,
1b8ac640-d40a-4bfa-a4ce-9a26230d0a84,21.08.2026 11:15,Емилиан Благов Венчев,Автоматично,Радка Стайкова Божкова,
b2b8d9b1-1b3a-43b8-a01e-c11662d71dc1,21.08.2026 11:15,МОНИКА ПЛАМЕНОВА ДОБРИНОВА,Автоматично,ЕИСС - Централно Разпределяне,
f71f446f-40cf-4e9b-bc38-da2f9228ef9f,21.08.2026 11:15,НЕЙКО ГЕОРГИЕВ НЕЙКОВ,Автоматично,ЕИСС - Централно Разпределяне,
2a7cede8-7124-410b-a4fe-cf98572c58bc,21.08.2026 11:15,Христо Тотев Христов,Автоматично,ЕИСС - Централно Разпределяне,
ca335d0f-2726-47aa-8b9d-f0e45e0f648a,21.08.2026 11:15,МАРИНЕЛА КРАСИМИРОВА МАРИНОВА-СТОЕВА,Автоматично,ЕИСС - Централно Разпределяне,
329b4b02-05eb-405b-96f3-a6e24e6cdcb8,21.08.2026 11:15,Пенка Петкова Петрова,Автоматично,Иван Борисов Вътков,
6f2c1ad7-86a1-436f-b6ea-e48e70e1e48f,21.08.2026 11:15,Татяна Иванова Тодорова,Автоматично,ЕИСС - Централно Разпределяне,
766f5741-3869-427b-af76-b1ec92927058,21.08.2026 13:00,Диана Сотирова Танкова,Ръчно разпределение,Веселина Димитрова Хаджиева,
766f5741-3869-427b-af76-b1ec92927058,21.08.2026 11:18,Велина Иванова Полежанова,Автоматично,Веселина Димитрова Хаджиева,
766f5741-3869-427b-af76-b1ec92927058,21.08.2026 11:15,Диана Сотирова Танкова,Автоматично,Веселина Димитрова Хаджиева,
aa5ef08e-5a69-4ee4-8eb6-d8e845e67592,21.08.2026 11:15,Петър Митев,Автоматично,Неделина Ивайлова Банушева,
2df71cde-5882-4f55-9ad9-a990d0a2f277,21.08.2026 11:14,Виолета Веселинова Низамова,Автоматично,Щеряна Михалева Гъркова,
b4705ff1-ab51-4588-a3da-f42833dc5923,21.08.2026 11:18,Любомир Генов,Автоматично,Любомир Генов,
d8be1a0b-457a-408d-b60f-b08837134888,21.08.2026 11:14,Вера Светославова Найденова,Автоматично,ЕИСС - Централно Разпределяне,
2fc049bf-acca-4f0e-b926-7338020477c7,21.08.2026 11:14,ЛИЛИЯ ГЕОРГИЕВА ТЕРЗИЕВА,Автоматично,ЕИСС - Централно Разпределяне,
83ec810e-f0e2-4f2b-bf86-0e1a15dc4db3,21.08.2026 11:14,Виолета Костадинова Апостолова,Автоматично,ЕИСС - Централно Разпределяне,
ebab1897-09a9-480b-adcc-36c2399f57ca,21.08.2026 11:14,ИВЕЛИНА СТОЯНОВА КОЛЕВА,Разпределение по дежурство,ИВАЙЛО АЛЕКСАНДРОВ ЙОРДАНОВ,
e8bc7a52-cd63-46f8-88ca-51f2ac38f195,21.08.2026 11:14,Веселина Димитрова Джонева,Автоматично,Мирослав Милчев Начев,
8b9ef6b2-8dd7-4c04-91b8-9c70f833f830,21.08.2026 11:14,КОНСТАНТИН ПЕТРОВ КОСЕВ,Автоматично,ЕИСС - Централно Разпределяне,
2ad19989-add5-47c9-8d63-5b207475c766,21.08.2026 11:14,Мариана Костадинова Тодорова Досева,Автоматично,ЕИСС - Централно Разпределяне,
9f77eb98-94b8-4d64-9ef5-fe7403bf478a,21.08.2026 11:14,Маргарита Йорданова,Автоматично,Радина Карамфилова,
38265c15-35ae-4189-8604-8f89a53ac157,21.08.2026 11:13,Георги Росенов Гетов,Автоматично,Щеряна Михалева Гъркова,
2da1dd2e-c7cf-4578-a776-f817311ebdbd,21.08.2026 11:13,Иван Борисов Вътков,Автоматично,Иван Борисов Вътков,
6c7c9200-dda4-4470-a4b7-e498d9e8f066,21.08.2026 11:13,Нанко Събов Маринов,Автоматично,ЕИСС - Централно Разпределяне,
6966ac8d-2b7f-4ab6-a57d-2fe977bf711d,21.08.2026 11:13,Мирослава Неделчева,Автоматично,ЕИСС - Централно Разпределяне,
9b9c849b-467e-4df7-957d-47209d3a2874,21.08.2026 11:13,ИСКРЕН БОРИСОВ,Автоматично,ЕИСС - Централно Разпределяне,
23d4eaeb-5fc2-4a56-bd17-d5ee3f499ce8,21.08.2026 11:13,ЛЮБОМИР ХРИСТОСКОВ ВЪРБЕВ,Автоматично,ЕИСС - Централно Разпределяне,
0fc9168c-90ee-4ede-b308-e018a9a78283,21.08.2026 11:13,Симеон Горанов Гюров,Автоматично,ЕИСС - Централно Разпределяне,
b4b6485b-272c-4ebe-bee0-071aedf410c7,21.08.2026 11:13,Хрисимир Максимов Пройнов,Автоматично,Поля Павлинова Иванова,
c0c604c6-6806-48ce-9127-56524635eee1,21.08.2026 11:12,Мая Петрова Величкова,Разпределение по дежурство,РУМЯНА ДИМИТРОВА КРЪСТЕВА,
62826a79-38b2-401e-bccf-ac42ceb9e939,21.08.2026 11:12,Димитър Тодоров Маринов,Автоматично,ЕИСС - Централно Разпределяне,
45a765f8-e1a9-44b0-abe0-6d61699ab3bb,21.08.2026 11:13,Силвия Радославова Шопова,Автоматично,ЛИЛИЯ ВЕЛИНОВА МАВЛОВА,
c5b25181-9239-4492-95e8-93172c9ee83e,21.08.2026 11:12,Габриел Росенов Русев,Автоматично,Щеряна Михалева Гъркова,
4dd3fa85-007a-482c-acde-3179a0647218,21.08.2026 11:12,Красимира Делчева Кондова,Автоматично,ЕИСС - Централно Разпределяне,
a4cc375c-145d-4df4-934a-cb56c2f46991,21.08.2026 11:12,ПЕТЯ ЙОРДАНОВА КОТЕВА,Автоматично,КАЛИН КИРИЛОВ БАТАЛСКИ,
e522cce5-11bf-475c-96c2-bebe1702bf3e,21.08.2026 11:12,Радосвета Добрева Станимирова,Автоматично,ЕИСС - Централно Разпределяне,
d12b2749-2ef5-4925-8f10-2e93cad28138,21.08.2026 11:12,Антоанета Маринова Симеонова,Автоматично,ЕИСС - Централно Разпределяне,
bec234a4-3c12-40ff-9c79-15594ecfd293,21.08.2026 11:12,Антони Йорданов,Автоматично,Красимира Милачкова,
89852bb5-47b8-4780-a7ff-9c4fb483073b,21.08.2026 11:12,Симеон Илиянов Светославов,Автоматично,ЕИСС - Централно Разпределяне,
a3d74a90-e993-46ba-a544-e8153a3e9474,21.08.2026 11:11,Иван Борисов Вътков,Автоматично,Иван Борисов Вътков,
cb867647-fd8a-4715-974e-f91c5bd8e00d,21.08.2026 11:11,Нестор Спасов Спасов,Автоматично,Галина Грозева Арнаудова,
405dfb8e-cfce-44a6-8ec1-14d3c4edbd58,21.08.2026 11:11,АЛБЕНА ТАКОВА МОМЧИЛОВА,Разпределение по дежурство,ВЕЛИНА ВЛАДИМИРОВА КАРАГЕОРГИЕВА,
7ae818d8-ebb0-4d6d-8050-f7f1e45baa16,21.08.2026 11:11,Ивелина Илиева Келлева Бонева,Автоматично,ЕИСС - Централно Разпределяне,
cd7d62a9-3008-4c63-91bb-674a68245464,21.08.2026 11:11,Силвия Сандева,Автоматично,Любомир Генов,
15a9ca4c-11db-4cbe-9b28-47d6b0cc0606,21.08.2026 11:11,Николай Александров Николов,Автоматично,Мирослав Милчев Начев,
6d7f792b-c38a-4826-a029-62a94d0f5c23,21.08.2026 11:11,ЛАЗАР КИРИЛОВ ВАСИЛЕВ,Автоматично,ЕИСС - Централно Разпределяне,
dd4999c3-acab-4269-8df1-6d794ee9aaf3,21.08.2026 16:13,ДАНИЕЛА ХРИСТОВА ВЪЛЕВА,Автоматично,ДАНИЕЛА ХРИСТОВА ВЪЛЕВА,
ba137482-e304-4572-8d93-7dfe10add971,21.08.2026 11:11,Борислав Любомиров Чернев,Автоматично,ЕИСС - Централно Разпределяне,
43fccf71-3a2d-4a1d-8e3d-348b2937d247,21.08.2026 11:11,Иван Борисов Вътков,Автоматично,Иван Борисов Вътков,
54fcf3ae-5dea-4c02-9f93-f9ac900b4e4f,21.08.2026 11:11,АЛЕКСАНДЪР ДИМИТРОВ МУРТЕВ,Автоматично,ЕИСС - Централно Разпределяне,
1d4af403-ef5c-4b37-8a4a-1bedfa9cbaf0,21.08.2026 11:11,Емилия Атанасова Брусева,Автоматично,Галина Грозева Арнаудова,
5bb7be02-5b32-4044-a49e-3688442cb945,21.08.2026 11:11,ФИЛИП СТОЯНОВ РАДИНОВ,Автоматично,ЕИСС - Централно Разпределяне,
ec19a3bc-46f1-4ce4-99c0-339dbec42bd7,21.08.2026 11:11,ЯНА ВАСИЛЕВА НИКОЛОВА ДИМИТРОВА,Разпределение по дежурство,ВЕЛИНА ВЛАДИМИРОВА КАРАГЕОРГИЕВА,
f4de4cd2-7215-4ab7-82fe-b2051597ae6a,21.08.2026 11:10,Диана Симеонова Стателова,Автоматично,ЕИСС - Централно Разпределяне,
a58a9973-cca2-4528-b2c8-9511ae69bb86,21.08.2026 11:10,Иван Борисов Вътков,Автоматично,Иван Борисов Вътков,
573f5e10-cce5-4bc5-8db5-d6574c3817ca,21.08.2026 11:11,Стоян Тонев,Автоматично,Радина Карамфилова,
cf1af59d-7a17-4e3f-acc5-98a811981eaf,21.08.2026 11:10,Петя Цветанова,Автоматично,ЕИСС - Централно Разпределяне,
28f68223-254c-427d-a1c1-24cf1035e0cc,21.08.2026 11:10,ТИНА РОСЕНОВА МАЛИНОВА,Автоматично,ЕИСС - Централно Разпределяне,
2603b74c-38ea-4410-81d5-65e1d5125fd6,21.08.2026 11:10,Антония Кирова Роглева,Автоматично,Галина Грозева Арнаудова,
9d95ee8b-5567-456c-922b-71a4e1daf274,21.08.2026 11:10,Мариела Викторова Йосифова,Автоматично,ЕИСС - Централно Разпределяне,
65d6f0a2-bbbd-45f0-a0b3-ac6d108f5a69,21.08.2026 11:10,Райна Русева,Автоматично,ЕИСС - Централно Разпределяне,
e3257551-a78e-40cf-b1c0-ea1ec6f8f175,21.08.2026 11:10,СТАНИМИР БОРИСОВ МИРОВ,Разпределение по дежурство,ВЕЛИНА ВЛАДИМИРОВА КАРАГЕОРГИЕВА,
7cf03ebe-1061-40d8-a448-9f381789d7dd,21.08.2026 11:10,Иван Борисов Вътков,Автоматично,Иван Борисов Вътков,
bc3a0262-4b48-46be-b16a-3ed72344abca,21.08.2026 11:11,Ани Харизанова,Автоматично,Галя Пильова,
1419b13b-68fa-4022-94f8-521fc86507ed,21.08.2026 11:10,Николай Александров Николов,Автоматично,Мирослав Милчев Начев,
f45d2bea-a526-4f1e-acd5-03c16e989e15,21.08.2026 11:09,Михаела Иванова Атанасова,Автоматично,ЕИСС - Централно Разпределяне,
cd138efb-c64d-4fa9-913b-8bab3390d3e4,21.08.2026 11:09,Марина Трифонова Цветкова,Автоматично,ЕИСС - Централно Разпределяне,
7b9edb9e-9e8e-4dfb-b328-7a93f6c8be5e,21.08.2026 11:09,Вера Иванова Иванова,Автоматично,Галина Грозева Арнаудова,
148dbc79-f832-4cf0-abc7-2b94b51135eb,21.08.2026 11:09,Янка Ганчева,АР,Янка Ганчева,
877d3196-cfbb-4995-b8d4-66d971039646,21.08.2026 11:09,Силвия Георгиева Иванова,Автоматично,ЕИСС - Централно Разпределяне,
10a0c36f-8cb5-40b9-a596-4f8830105cf1,21.08.2026 11:09,Ралица Александрова Райчева,Разпределение по дежурство,РУМЯНА ДИМИТРОВА КРЪСТЕВА,
ebf96565-feab-44e1-9588-df54b6a0784f,21.08.2026 11:09,Вера Светославова Найденова,Автоматично,ЕИСС - Централно Разпределяне,
79c16f24-e739-43fb-a943-fa0eb9eb2acd,21.08.2026 11:09,Иван Борисов Вътков,Автоматично,Иван Борисов Вътков,
d632c966-a5d1-4608-8bfb-a1a0f88aef39,21.08.2026 11:09,ХРИСТИНА БОРИСЛАВОВА НИКОЛОВА,Разпределение по дежурство,ВЕЛИНА ВЛАДИМИРОВА КАРАГЕОРГИЕВА,
0d97df5c-8ac1-45b4-9c94-3d259456eca5,21.08.2026 11:09,Радка Георгиева Стоянова,Автоматично,ЕИСС - Централно Разпределяне,
41991508-9603-4e39-8ce9-23a49269bc7d,21.08.2026 11:09,Мария Стоева,Автоматично,Красимира Милачкова,
4d326127-4280-45d9-ac3b-a617300278b0,21.08.2026 11:08,Мирослав Руменов Саневски,Автоматично,ЕИСС - Централно Разпределяне,
c8149801-8228-4a68-99a8-c0ef3a846110,21.08.2026 11:08,Христо Василев Симитчиев,Автоматично,Галина Грозева Арнаудова,
d25e0876-99c1-496c-a6a2-5818698b75c6,21.08.2026 11:09,Красимира Веселинова Тагарева,Автоматично,Станка Андонова Христова,
4615d8e8-6644-453f-b1e4-747410e0ef2a,21.08.2026 11:08,Зара Ехия Иванова,Автоматично,ЕИСС - Централно Разпределяне,
c8e815f7-a618-4c57-bd85-9adb910905fc,21.08.2026 11:08,Пламен Пантев Денев,Автоматично,Пламен Пантев Денев,
d3fba133-ee78-4cf8-9bfd-f6444440d536,21.08.2026 11:08,Крум Илиев Динев,Автоматично,ЕИСС - Централно Разпределяне,
c023caf1-8d05-497e-adc2-beb9e476258d,21.08.2026 11:08,Иван Борисов Вътков,Автоматично,Иван Борисов Вътков,
76537844-706f-49b7-a69c-05cbcd639bbb,21.08.2026 11:08,Антон Еленков Антов,Автоматично,ЕИСС - Централно Разпределяне,
34e89134-18e5-4276-8de3-a97fd0e23fe7,21.08.2026 11:08,Тодор Илиев Тихолов,Автоматично,ЕИСС - Централно Разпределяне,
0c85fe12-7ebe-4d8c-be46-8653599b8c3e,21.08.2026 11:07,Людмила Коева,Автоматично,Радина Карамфилова,
552e5352-9ef0-4123-b524-f0ca35f9ce26,21.08.2026 11:07,Вера Иванова Иванова,Автоматично,Галина Грозева Арнаудова,
4b95386d-c6bc-4576-99bf-1fdfd73d9c0e,21.08.2026 11:07,Десислава Николаева Великова,Автоматично,ЕИСС - Централно Разпределяне,
f04360f7-56d0-4a15-910c-62f68664d59f,21.08.2026 11:07,ИВАН ГЕОРГИЕВ КИРИМОВ,Автоматично,ВЕЛИНА ВЛАДИМИРОВА КАРАГЕОРГИЕВА,
f40a58d2-bd88-46c6-bac9-4613587a4ebc,21.08.2026 11:07,ИВАНА ТОДОРОВА,Автоматично,ЕИСС - Централно Разпределяне,
17073110-cf85-410d-a10e-d37a4ecb4b27,21.08.2026 11:07,Албена Петрова Ташкова,Автоматично,ЕИСС - Централно Разпределяне,
b8401843-481e-43a6-8b7d-70edf5ab87eb,21.08.2026 11:07,Атанас Кобуров,Автоматично,ЕИСС - Централно Разпределяне,
ca42551f-daeb-4322-8b7f-2b2b6301a1ac,21.08.2026 11:07,Радина Василева Хаджикирева,Автоматично,ЕИСС - Централно Разпределяне,
713ff571-8079-4b4f-9965-0648c723806b,21.08.2026 11:06,Диана Пенчева Петрова Енева,Автоматично,ЕИСС - Централно Разпределяне,
01096af4-7780-4a27-a817-006fcd439b4d,21.08.2026 11:06,ПЕТЯ НИКОЛОВА ТОПАЛОВА,Автоматично,ВЕЛИНА ВЛАДИМИРОВА КАРАГЕОРГИЕВА,
8fb243e5-feef-47a7-a5ed-298eadf069bb,21.08.2026 11:06,Александър Георгиев,Автоматично,ЕИСС - Централно Разпределяне,
709282a0-c1d0-429f-a558-26a7e178d086,21.08.2026 11:06,Олга Златева,Автоматично,ЕИСС - Централно Разпределяне,
3bf00a25-36e2-43a2-b173-74a6cdbae0d0,21.08.2026 11:06,МАГДАЛЕНА СТОЯНОВА МАРИНОВА,Автоматично,ЕИСС - Централно Разпределяне,
90563852-e3b1-439d-a8c2-2e800dfbeb28,21.08.2026 11:06,Димитрина Петрова,Автоматично,Радина Карамфилова,
64c03f53-aa0e-4888-8394-dcbf4969bcff,21.08.2026 11:06,Диана Коледжикова,Автоматично,Лилия Сашкова Тодорова,
fa9325cc-a466-4a2a-93e6-b3dfc5340cbc,21.08.2026 11:06,ГЕОРГИ ГЕОРГИЕВ,Автоматично,ЕИСС - Централно Разпределяне,
46257fe6-989f-46a3-b8d9-26b72dcd35b2,21.08.2026 11:05,Мария Максимова Караджова,Автоматично,Мария Максимова Караджова,
783a65d9-d3fe-435b-97b3-01837a30401a,21.08.2026 11:05,Веселка Златева,Автоматично,Маргарита Дошкова,
6e8de96e-daf6-4e44-8338-d8f03d23eb97,21.08.2026 11:05,Майя Йончева Йончева,Автоматично,ЕИСС - Централно Разпределяне,
b949b89f-f785-4875-bece-fa48e6d4c4cb,21.08.2026 11:05,Антони Йорданов,Автоматично,Красимира Милачкова,
78195608-9bdc-4d43-9f1e-d2b57a50dc4f,21.08.2026 11:05,Хрисимир Максимов Пройнов,Автоматично,ЕИСС - Централно Разпределяне,
0e674b28-ef97-4300-9338-1c70f590d10e,21.08.2026 11:05,Иван Валериев Никифорски,Автоматично,ЕИСС - Централно Разпределяне,
d6332631-8786-44e1-984f-15ea452179b5,21.08.2026 11:05,Яна Панева,Автоматично,Неделина Ивайлова Банушева,
93ca7c12-30ab-4a3c-b972-2d6109e1291f,21.08.2026 11:05,МИЛЕНА АЛЕКСИЕВА,Автоматично,КИРИЛ ХАДЖИТАНЕВ,
36005c6a-45b3-43be-97f4-029e48194050,21.08.2026 11:05,СТЕЛА ИВАЙЛОВА ИВАНОВА,Автоматично,ЕИСС - Централно Разпределяне,
fc9e5cd8-4f4e-46b8-8ed6-f92c07e9611b,21.08.2026 11:05,Поля Павлинова Иванова,Автоматично,Поля Павлинова Иванова,
3c11ace2-ae6a-470a-a90b-92ff9acf2840,21.08.2026 11:05,МОНИКА ПЛАМЕНОВА ДОБРИНОВА,Автоматично,ЕИСС - Централно Разпределяне,
2940a031-54f5-4a1d-8dc5-db0e2e5f3a6d,21.08.2026 11:04,ДЕЛЯН ЛЮБОМИРОВ ДИЛКОВ,Автоматично,ВЕЛИНА ВЛАДИМИРОВА КАРАГЕОРГИЕВА,
660a8914-34d1-4ddc-a391-c85b9474cbdf,21.08.2026 11:04,Надя Спасова Георгиева,Автоматично,Мирослав Милчев Начев,
531f8bb9-e476-49d6-b3f0-5428ecbf3506,21.08.2026 11:04,ТИНА РОСЕНОВА МАЛИНОВА,Автоматично,ЕИСС - Централно Разпределяне,
8c68e1cc-ba25-4b4a-b7a4-f40bbd4b2530,21.08.2026 11:04,Нанко Събов Маринов,Автоматично,Нанко Събов Маринов,
28ddd190-3a4e-42d1-8ced-10cbb1a398d9,21.08.2026 11:04,Велина Иванова Полежанова,Автоматично,ЕИСС - Централно Разпределяне,
644f2329-b393-42bf-819c-57a6f246d2db,21.08.2026 11:07,Иван Борисов Вътков,Автоматично,Иван Борисов Вътков,
0891731a-e846-4785-9d35-2f596fc2e970,21.08.2026 11:04,Стефан Желев,Автоматично,Маргарита Дошкова,
143565a5-74d2-4a77-9ba9-90e1b3dd5506,21.08.2026 11:04,РОМАН ТОДОРОВ НИКОЛОВ,Автоматично,ЕИСС - Централно Разпределяне,
aadbf204-a7a8-4623-981b-89b2c2200fde,21.08.2026 11:04,Стойка Илиева Янева,Автоматично,Елена Серафимова Цолева,
8912f347-d2ad-4847-8f74-f4d5ee44dcbc,21.08.2026 11:04,МИЛЕНА АЛЕКСИЕВА,Автоматично,КИРИЛ ХАДЖИТАНЕВ,
21a5df45-75ad-4b5d-b411-1acc88597140,21.08.2026 11:04,Христо Христов,Автоматично,Юлияна Цонева,
68289e53-60ef-4d81-a789-f239a84e430e,21.08.2026 11:04,Борислав Методиев Методиев,Автоматично,ЕИСС - Централно Разпределяне,
e09da463-5028-4f5b-b7e1-1f108989d4f6,21.08.2026 11:04,Иван Борисов Вътков,Автоматично,Иван Борисов Вътков,
773ec140-8783-472c-9531-13a6c7ea8961,21.08.2026 11:04,Димитър Пенчев Стоянов,Автоматично,ЕИСС - Централно Разпределяне,
033dc3c1-863f-4b9c-9573-b6cb01e188ad,21.08.2026 11:04,Диляна Николова Йорданова,Автоматично,Станка Дичева Стоянова,
04b1ece0-3e8e-45e6-ab5a-f965cef63776,21.08.2026 11:03,Мирослав Руменов Саневски,Автоматично,ЕИСС - Централно Разпределяне,
95ed997f-0963-4d68-b405-1ce4e4f90e16,21.08.2026 11:03,Атанас Василев Димитров,Автоматично,ЕИСС - Централно Разпределяне,
a53c98f7-f769-484f-a66c-4c6ad3128578,21.08.2026 11:03,Николай Захариев Петров,Автоматично,ЕИСС - Централно Разпределяне,
20d929e3-5d0d-4213-a8ea-7726bb9b4b04,21.08.2026 11:03,Диана Розалинова Хубенова,Автоматично,ЕИСС - Централно Разпределяне,
b499d8cd-4901-4870-8bb8-149f53aa9878,21.08.2026 11:03,Иван Борисов Вътков,Автоматично,Иван Борисов Вътков,
cbe62315-0c01-4f8a-9571-f03816f76d00,21.08.2026 11:05,Николинка Лазарова Крумова,Автоматично,Анджела Мариянова Николова Обретинова,
56ed3487-f7c0-4704-991e-90cbfd5c4963,21.08.2026 11:03,МАРИНЕЛА КРАСИМИРОВА МАРИНОВА-СТОЕВА,Автоматично,ЕИСС - Централно Разпределяне,
59f29c08-17a1-458c-82f1-46e4aadbd555,21.08.2026 11:03,Пламен Калинов Кучев,Разпределение по дежурство,РОСИЦА ХРИСТОВА ТОДОРОВА,
bf1d512a-eabd-4d0c-a353-acbcdff758ae,21.08.2026 11:03,ВЛАДИСЛАВА ВЕЛИЧКОВА АНГЕЛОВА,Автоматично,ВЕЛИНА ВЛАДИМИРОВА КАРАГЕОРГИЕВА,
14f6cc68-72ea-4330-a0c4-0edd650c80d9,21.08.2026 11:02,Татяна Иванова Тодорова,Автоматично,ЕИСС - Централно Разпределяне,
c0e298a6-1672-43f7-b4b3-c1769e3c36d4,21.08.2026 11:02,Биляна Великова Видолова,Автоматично,ЕИСС - Централно Разпределяне,
1a29c5b1-aac9-406c-899d-f29c8aed1c8b,21.08.2026 11:05,Зоя Стоилова Шопова,Автоматично,Тоничка Димитрова Кисьова,
f9842093-fdd6-4866-b3cd-1ba03c6e4932,21.08.2026 11:02,Иван Борисов Вътков,Автоматично,Иван Борисов Вътков,
ee74d980-67d7-42f3-b45c-01db9933d247,21.08.2026 11:09,Петър Лазаров Мичев,Ръчно разпределение,Мирослав Милчев Начев,
ee74d980-67d7-42f3-b45c-01db9933d247,21.08.2026 11:08,Пенка Николаева Братанова,Ръчно разпределение,Мирослав Милчев Начев,
ee74d980-67d7-42f3-b45c-01db9933d247,21.08.2026 11:02,Мирослав Милчев Начев,Автоматично,Мирослав Милчев Начев,
d1193b6a-4b69-478a-a1b7-e8d038ba5b94,21.08.2026 11:02,Милена Стоянова Стоянова,Автоматично,ЕИСС - Централно Разпределяне,
7c7c93a8-adea-40a5-9e06-b140702d391f,21.08.2026 11:02,Виржиния Петрова,Автоматично,Радина Карамфилова,
0a217c26-f3f0-4276-9e63-0cd24e247813,21.08.2026 11:02,Даяна Стоянова Василчина,Автоматично,ЕИСС - Централно Разпределяне,
ef9ad156-ba22-4edd-8a20-b9e5317fbc69,21.08.2026 11:02,Иван Христов Христов,Автоматично,ЕИСС - Централно Разпределяне,
3f472668-0d76-47ef-9b1a-44251e7aa1c1,21.08.2026 11:02,Иван Борисов Вътков,Автоматично,Иван Борисов Вътков,
70961ca8-a94e-4679-8368-48f576003f98,21.08.2026 11:02,Ваня Тенева,Автоматично,ЕИСС - Централно Разпределяне,
9284c733-0ad8-4675-8817-149a628d9f01,21.08.2026 11:02,МИЛЕНА АЛЕКСИЕВА,Автоматично,КИРИЛ ХАДЖИТАНЕВ,
c2865823-481a-436b-a3bb-3f9ff82960e2,21.08.2026 11:01,Гергана Кузманова,Автоматично,ЕИСС - Централно Разпределяне,
fb4a6245-3c35-4f14-a743-bfa892446ed9,21.08.2026 11:02,Стойка Илиева Янева,Автоматично,Елена Серафимова Цолева,
fa58f88a-5575-49b1-a009-48587b631ee1,21.08.2026 11:01,Марин Митков Чорбаджийски,Автоматично,ЕИСС - Централно Разпределяне,
501a29e5-2b0d-4cfa-ae5b-322ea704a5a7,21.08.2026 11:01,КРИСТИНА ЕВГЕНИЕВА ГЮРОВА-ПАПАЗОВА,Автоматично,ВЕЛИНА ВЛАДИМИРОВА КАРАГЕОРГИЕВА,
cd519a89-d6d6-4051-a7b6-dcde81c51b2e,21.08.2026 11:01,Иван Борисов Вътков,Автоматично,Иван Борисов Вътков,
b8cdfcfc-01c3-41f7-8339-e330fe413752,21.08.2026 11:01,ИВАЙЛО КРАСИМИРОВ КЪНЕВ,Автоматично,ЕИСС - Централно Разпределяне,
327fbe8f-1492-414a-93e0-f929b3a1f415,21.08.2026 11:01,СТАНИМИР НИКОЛОВ ЙОРДАНОВ КЮЛЕРОВ,Автоматично,ЕИСС - Централно Разпределяне,
6f7ce956-f179-411b-839c-7b48a5298928,21.08.2026 11:01,КАТЯ БОЖИДАРОВА АНГЕЛОВА-ПЕТРОВА,Автоматично,ЕИСС - Централно Разпределяне,
ee2030b6-2ff9-42b7-92b0-0e732197373a,21.08.2026 11:01,Чавдар Андреев Тодоров,Автоматично,Чавдар Андреев Тодоров,
e904289f-e4f6-4314-8cfa-50205b7339c0,21.08.2026 11:01,ДЕНИЦА АНГЕЛОВА ЦВЕТКОВА,Автоматично,ЕИСС - Централно Разпределяне,
1880c9ca-6513-4821-ad3f-dbd6a361da56,21.08.2026 11:01,Иван Борисов Вътков,Автоматично,Иван Борисов Вътков,
5331504b-1563-48c1-a6d1-26de09039740,21.08.2026 11:01,РОМАН ТОДОРОВ НИКОЛОВ,Автоматично,ЕИСС - Централно Разпределяне,
d649e397-02d2-4f2c-92b4-86e725d7708a,21.08.2026 11:02,Весела Тодорова Аврамова,Ръчно разпределение,ВАНЯ ИЛИЕВА ИЛИЕВА,
d649e397-02d2-4f2c-92b4-86e725d7708a,21.08.2026 11:01,Ралица Александрова Райчева,Разпределение по дежурство,ВАНЯ ИЛИЕВА ИЛИЕВА,
d649e397-02d2-4f2c-92b4-86e725d7708a,21.08.2026 11:01,Галина Христова Нейчева,Разпределение по дежурство,ВАНЯ ИЛИЕВА ИЛИЕВА,
aab21a62-7bec-4c79-ae05-63bbaf30eaa0,21.08.2026 11:01,ЖИВКО ДЕЛЧЕВ ЯНКОВ,Автоматично,ЕИСС - Централно Разпределяне,
68871763-aea8-43a2-8bf6-4f0f4920fff8,21.08.2026 11:00,Иван Борисов Вътков,Автоматично,Иван Борисов Вътков,
bb8b38d1-1fb9-4086-abb4-152f09e526c2,21.08.2026 11:00,Маруся Йорданова,Автоматично,Радина Карамфилова,
f0b792cc-6b17-4a60-b16c-e638682bb8ca,21.08.2026 11:01,Петя Шишкова,Автоматично,Антоанета Кирилова Кюлева,
1c1fb944-cb03-4b48-90b1-f20e3dafa726,21.08.2026 11:00,Мария Хубчева,Автоматично,Маргарита Дошкова,
42b76985-2831-415f-9188-ae1b94f6fc63,21.08.2026 11:00,Иван Борисов Вътков,Автоматично,Иван Борисов Вътков,
64bedfcc-6436-4e4e-a82d-c929f3df8f6c,21.08.2026 11:00,Михаела Иванова Атанасова,Автоматично,Чавдар Андреев Тодоров,
3cd1400b-3806-486f-a1f7-b51c81b209c1,21.08.2026 11:00,Николай Иванов,Автоматично,Лилия Сашкова Тодорова,
870bf39c-89f7-4dd7-9787-c451063b854e,21.08.2026 11:00,Десислава Николаева Великова,Автоматично,ЕИСС - Централно Разпределяне,
366d7e8e-7b5b-4d44-b2b7-4d54d786e608,21.08.2026 10:59,Пламен Георгиев Ченджиев,Разпределение по дежурство,Кристиан Бориславов Гюрчев,
d66cafb1-e770-4a3d-8037-0e574e9018ce,21.08.2026 10:59,Иван Борисов Вътков,Автоматично,Иван Борисов Вътков,
74e0c273-41d5-4636-b197-763700aec961,21.08.2026 10:59,Георги Видев,Автоматично,Маргарита Дошкова,
d90b9681-706f-456d-b7c4-6b34cf21c96f,21.08.2026 10:59,Любомира Кръстева,АР,Даниела Дилова,
a472b078-cca7-4d56-bdbc-13396354a1e3,21.08.2026 10:58,Наташа Николова,Автоматично,Радина Карамфилова,
e4d6c3cd-884f-4367-9e19-3ef9d8b4b6cc,21.08.2026 10:59,ИЛИНА ЛЮБОМИРОВА ГАЧЕВА,Автоматично,ВАНЯ ПЕТКОВА ГЕОРГИЕВА,
26e17c28-7b64-4f92-a242-89676a0ac2d8,21.08.2026 11:04,Пламен Георгиев Тодоров,Ръчно разпределение,Даяна Стоянова Василчина,
cd1d53e4-f71c-44e4-a7f6-175cec204258,21.08.2026 10:58,Красимира Тодорова,Автоматично,Анета Петрова,
5cae990d-246c-41dc-8866-7b41440a7c2d,21.08.2026 10:58,Венцислав Димитров Василев,Разпределение по дежурство,Кристиан Бориславов Гюрчев,
3cac017f-8aef-4831-9620-9f6ee6a0d31e,21.08.2026 10:58,Любомира Кръстева,АР,Даниела Дилова,
1c1d41d9-8181-4fa1-b5e1-f32aedc6b088,21.08.2026 10:58,ЯНА ЦВЕТАНОВА ДИМИТРОВА,Автоматично,ВЕЛИНА ВЛАДИМИРОВА КАРАГЕОРГИЕВА,
6261c57d-bb48-41a7-9744-576b0522f087,21.08.2026 10:57,Мария Джанкова Богданова,Разпределение по дежурство,Христина Стоилова Христова,
5d9caee8-fee7-4ad8-978d-adec1daf15f3,21.08.2026 10:57,Георги Терзиев,Автоматично,Радина Карамфилова,
f189ed7b-9804-49d7-a353-feab4f985869,21.08.2026 10:59,Весела Тодорова Аврамова,Ръчно разпределение,ВАНЯ ИЛИЕВА ИЛИЕВА,
f189ed7b-9804-49d7-a353-feab4f985869,21.08.2026 10:58,Галина Христова Нейчева,Разпределение по дежурство,ВАНЯ ИЛИЕВА ИЛИЕВА,
f189ed7b-9804-49d7-a353-feab4f985869,21.08.2026 10:57,Ралица Александрова Райчева,Разпределение по дежурство,ВАНЯ ИЛИЕВА ИЛИЕВА,
f810dacb-f54c-4b23-8372-716e364e9ddf,21.08.2026 10:56,СТАНИСЛАВ БОРИСЛАВОВ СЕДЕФЧЕВ,Автоматично,ВЕЛИНА ВЛАДИМИРОВА КАРАГЕОРГИЕВА,
b4a00b0b-40b7-4618-9ac8-d138513cb85a,21.08.2026 10:57,ГЕОРГИ СТОЕВ,Автоматично,ВАНЯ ПЕТКОВА ГЕОРГИЕВА,
dd73b1b8-bab4-40ed-9847-f1be02ce3ae1,21.08.2026 10:55,Стоян Тонев,Автоматично,Радина Карамфилова,
12be236e-979b-4a33-86b6-aa2cede9d570,21.08.2026 10:58,Цанка Георгиева Неделчева,Автоматично,Виктория Георгиева Костадинова,
12be236e-979b-4a33-86b6-aa2cede9d570,21.08.2026 10:57,Пламен Димитров Стефанов,Автоматично,Виктория Георгиева Костадинова,
12be236e-979b-4a33-86b6-aa2cede9d570,21.08.2026 10:56,Радостин Стоянов Радиев,Разпределение по дежурство,Виктория Георгиева Костадинова,
d50ffb3f-5e9c-4ca3-a845-fc2afeebaee3,21.08.2026 10:58,Милен Михайлов,Автоматично,ЛИЛИЯ ВЕЛИНОВА МАВЛОВА,
6a1edf5c-7511-40f1-b246-3378601965ec,21.08.2026 10:55,СИЛВИЯ ПЕТРОВА НИКОЛОВА,Автоматично,ИВАЙЛО АЛЕКСАНДРОВ ЙОРДАНОВ,
1b5258ed-50f0-43d7-8095-c3e567c2047b,21.08.2026 10:55,ТОДОР ДИМИТРОВ МИТЕВ,Разпределение по дежурство,СТАНИМИРА ГЕОРГИЕВА ГЕОРГИЕВА,
3226d6aa-41b0-4547-946f-862894599713,21.08.2026 10:54,Юлияна Цонева-Йорданова,Автоматично,Юлияна Цонева,
06bfb7ee-e807-42cc-9441-52e7db3becdd,21.08.2026 10:54,НИКОЛАЙ Б ВАСИЛЕВ,Автоматично,ВЕЛИНА ВЛАДИМИРОВА КАРАГЕОРГИЕВА,
259f942e-7d94-4b59-b846-a2a5b1cd1941,21.08.2026 10:54,Пламен Георгиев Ченджиев,Разпределение по дежурство,Кристиан Бориславов Гюрчев,
f5616c97-92f6-4b08-b326-19ee56a78f64,21.08.2026 10:54,Любомира Кръстева,АР,Даниела Дилова,
4af97fd2-2d6c-4f9c-b8f1-c2856e6cf418,21.08.2026 10:55,Огнян Христов Гълъбов,Автоматично,Теодора Гочева Димитрова,
08053fb8-3d3e-47f4-bb53-e6dec8dd9561,21.08.2026 10:54,ЯНА ДИЧЕВА АТАНАСОВА - МИТЕВА,Разпределение по дежурство,СТАНИМИРА ГЕОРГИЕВА ГЕОРГИЕВА,
96d8316a-ed86-479c-8334-66b77c3fac36,21.08.2026 10:55,Пламен Борисов,Разпределение по дежурство,Милена Карагьозова,
8143187e-5424-430d-9ab9-a528c6c79667,21.08.2026 10:53,Петър Христов Маргаритов,Автоматично,Тоничка Димитрова Кисьова,
b50aa568-0c24-41fc-a6e1-00b642a0f2bc,21.08.2026 10:53,Елка Братоева,Автоматично,Даниела Дилова,
846659bf-bb3e-4b4b-9306-8aed48e93227,21.08.2026 10:54,Весела Тодорова Аврамова,Ръчно разпределение,ВАНЯ ИЛИЕВА ИЛИЕВА,
846659bf-bb3e-4b4b-9306-8aed48e93227,21.08.2026 10:53,Ралица Александрова Райчева,Разпределение по дежурство,ВАНЯ ИЛИЕВА ИЛИЕВА,
846659bf-bb3e-4b4b-9306-8aed48e93227,21.08.2026 10:53,Галина Христова Нейчева,Разпределение по дежурство,ВАНЯ ИЛИЕВА ИЛИЕВА,
03978dd8-6436-4b1c-a252-b955bce3beaf,21.08.2026 10:52,Любомира Кръстева,АР,Даниела Дилова,
8d416a2a-9d2c-4ff8-9b77-fbdafde602ca,21.08.2026 11:03,Светослава Николаева Колева,Ръчно разпределение,Ангелина Йоргакиева Лазарова,
8d416a2a-9d2c-4ff8-9b77-fbdafde602ca,21.08.2026 11:01,Ангелина Йоргакиева Лазарова,Ръчно разпределение,Ангелина Йоргакиева Лазарова,
8d416a2a-9d2c-4ff8-9b77-fbdafde602ca,21.08.2026 10:58,Росица Антонова Тончева,Ръчно разпределение,Ангелина Йоргакиева Лазарова,
a1f0633b-bbf0-4e9e-b970-72b85fa11f58,21.08.2026 10:52,ТОДОР ДИМИТРОВ МИТЕВ,Разпределение по дежурство,СТАНИМИРА ГЕОРГИЕВА ГЕОРГИЕВА,
0c1e95bd-fee0-4970-a9ed-4f96a2cd2665,21.08.2026 10:53,Геника Михайлова,Автоматично,Лилия Сашкова Тодорова,
6ebc220d-e7d9-4c3d-b815-72ee1e9f8708,21.08.2026 10:52,Таня Илкова,Автоматично,Станка Данчева Гочева,
837dcfdb-bc5e-46af-ad71-1556b19df208,21.08.2026 10:52,Никола Георгиев Маринов,Автоматично,Виктория Георгиева Костадинова,
9270c881-f28c-4a76-b7dc-ab4f29cb70bb,21.08.2026 10:52,ВЛАДИМИР СТАНЧЕВ КЪНЕВ,Автоматично,ИВАЙЛО АЛЕКСАНДРОВ ЙОРДАНОВ,
81a6eb49-c11f-4a45-bcc1-601fbaa99543,21.08.2026 10:52,МИХАЕЛА КАСАБОВА-ХРАНОВА,Автоматично,ВАНЯ ПЕТКОВА ГЕОРГИЕВА,
7ed54f7f-7066-4e23-aba7-b3f6ca1a191f,21.08.2026 10:51,ВЕСИСЛАВ РУМЕНОВ ГЕНОВ,Разпределение по дежурство,Мартин Искренов Пачаманов,
3e9e3af2-3b97-4726-9aad-d0d322dde6b7,21.08.2026 10:51,Таня Илкова,Автоматично,Станка Данчева Гочева,
c39fa882-6117-46cc-a256-9d276965f7ab,21.08.2026 10:50,Любомира Кръстева,АР,Даниела Дилова,
ca4d30d6-5fe9-4463-9a31-bfb78a141c4c,21.08.2026 10:50,ЯНА ДИЧЕВА АТАНАСОВА - МИТЕВА,Автоматично,СТАНИМИРА ГЕОРГИЕВА ГЕОРГИЕВА,
3f10c4bd-62be-4ddf-adf2-2e1988924421,21.08.2026 10:50,Гергана Огнянова Симеонова,Автоматично,Мартин Искренов Пачаманов,
871308f8-5ba2-4c2d-aa9c-1558b78fd2b2,21.08.2026 10:50,СВЕТЛОЗАР ДИМИТРОВ ДИМИТРОВ,Автоматично,ВАНЯ ПЕТКОВА ГЕОРГИЕВА,
78187e23-06d6-458e-be7e-2e6f7f920b33,21.08.2026 10:49,Весела Тодорова Аврамова,Автоматично,ЛИЛИЯ ВЕЛИНОВА МАВЛОВА,
5186f2fe-372c-4d82-9652-c183f6fdb4a8,21.08.2026 10:48,Весела Калчева Спасова,Автоматично,Мариана Георгиева Генова,
c25f541a-2af7-42a2-9497-4e6348a8668a,21.08.2026 10:48,ПЕНКО ЦАНКОВ,Автоматично,Милена Карагьозова,
2373bf4d-7ecf-4ac5-90f7-96ceb6d52f49,21.08.2026 10:48,ЗОРНИЦА ИВАНОВА ВИДОЛОВА,Автоматично,ВАНЯ ПЕТКОВА ГЕОРГИЕВА,
f06eadd2-422c-4c4b-bab9-cc224f895712,21.08.2026 10:47,АНДРЕЙ КРАСИМИРОВ ГЕОРГИЕВ,Автоматично,ИВАЙЛО АЛЕКСАНДРОВ ЙОРДАНОВ,
98bda91a-a1ba-4e7a-968a-62cf6449ab61,21.08.2026 10:47,ЯНА МАРИО ФИЛИПОВА,Автоматично,ВАНЯ ПЕТКОВА ГЕОРГИЕВА,
e634f82f-6f9d-4337-8a4b-f287f0e41a7d,21.08.2026 10:47,Зоя Стоилова Шопова,Автоматично,Тоничка Димитрова Кисьова,
2098aa24-127d-4595-92e9-6a31274ea1e5,21.08.2026 10:49,Весела Тодорова Аврамова,Ръчно разпределение,ВАНЯ ИЛИЕВА ИЛИЕВА,
2098aa24-127d-4595-92e9-6a31274ea1e5,21.08.2026 10:48,Галина Христова Нейчева,Разпределение по дежурство,ВАНЯ ИЛИЕВА ИЛИЕВА,
2098aa24-127d-4595-92e9-6a31274ea1e5,21.08.2026 10:45,Ралица Александрова Райчева,Разпределение по дежурство,ВАНЯ ИЛИЕВА ИЛИЕВА,
a1f6d7b2-ec05-4c5b-9cb7-6d41ca2969bd,21.08.2026 10:45,БОГДАН РУСЕВ РУСЕВ,Автоматично,ИВАЙЛО АЛЕКСАНДРОВ ЙОРДАНОВ,
f56646f6-e65a-4a37-845c-b91c386f7ad2,21.08.2026 10:44,Маргарита Георгиева,Автоматично,Лилия Сашкова Тодорова,
e405cec2-8351-4cce-a4b3-897109d6eeed,21.08.2026 10:44,Димчо Генев Димов,Автоматично,Мариана Георгиева Генова,
1f020cc0-79c1-4616-a463-f0cfeaa04fb7,21.08.2026 10:49,Георги Николов Грънчев,Ръчно разпределение,Ангелина Йоргакиева Лазарова,
1f020cc0-79c1-4616-a463-f0cfeaa04fb7,21.08.2026 10:45,Росица Антонова Тончева,Автоматично,Ангелина Йоргакиева Лазарова,
0fce9d84-fcad-4a0a-afc8-8df4a3d81b76,21.08.2026 10:43,КОНСТАНТИН ПЕТРОВ КОСЕВ,Автоматично,КОНСТАНТИН ПЕТРОВ КОСЕВ,
c6715c08-25ab-436d-9d25-4aa4483106f3,21.08.2026 10:43,ВЕНЕТА ДИМИТРОВА СТЕФАНОВА,Автоматично,НИКОЛА ТОДОРОВ ДЕЛИЕВ,
4fd148f7-c9f6-41eb-b1e6-6aae4a3ed240,21.08.2026 10:44,Ангел Димитров Гагашев,Автоматично,ЛИЛИЯ ВЕЛИНОВА МАВЛОВА,
a6840199-043d-48e5-ab85-503e54327264,21.08.2026 10:43,Деян Иванов Денев,Разпределение по дежурство,Неделина Ивайлова Банушева,
a5eb8ad0-b8bb-45f4-b9fd-0a7edc5ac597,21.08.2026 10:52,Андрей Георгиев Андреев,Автоматично,Теодора Гочева Димитрова,
d8eaf4f0-9247-438d-848b-750fa869282c,21.08.2026 10:42,КОНСТАНТИН ПЕТРОВ КОСЕВ,Автоматично,КОНСТАНТИН ПЕТРОВ КОСЕВ,
ac5cd398-a56a-4906-80ad-176685ce2c01,21.08.2026 10:42,БОГДАН РУСЕВ РУСЕВ,Автоматично,ИВАЙЛО АЛЕКСАНДРОВ ЙОРДАНОВ,
3192e95a-d266-443e-b13d-395c635d148e,21.08.2026 10:42,Биляна Великова Видолова,Разпределение по дежурство,Биляна Великова Видолова,
8a42aba7-d86c-43ba-a4e7-544ff752042c,21.08.2026 10:41,МАРИЯ ВАЛЕНТИНОВА АТАНАСОВА,Автоматично,ВАНЯ ПЕТКОВА ГЕОРГИЕВА,
06849153-e287-4dce-9f6b-d1b8dab677ba,21.08.2026 10:43,Даниела Събчева,Автоматично,Весела Евстатиева,
e021caff-9e52-4700-b33d-9db09fcd5368,21.08.2026 10:41,Нели Георгиева Батанова,Разпределение по дежурство,Румяна Вълчева Райкова,
83644d4c-324d-4b22-9769-e0e06373bcfa,21.08.2026 10:42,Валентин Пушевски,Автоматично,АНАСТАСИЯ ПАСКОВА ГЕОРГИЕВА,
7e9fff37-8579-475d-b3d8-e4012ef20f37,21.08.2026 10:41,НЕЛИ ГЕНЧЕВА,Автоматично,КОНСТАНТИН ПЕТРОВ КОСЕВ,
0b852e23-1b31-4899-aca5-88c477ac1d89,21.08.2026 10:40,Нели Георгиева Батанова,Разпределение по дежурство,Румяна Вълчева Райкова,
427bbe4a-3045-4e2a-a2d8-8bd12c358657,21.08.2026 10:40,Петър Владимиров Петров,Автоматично,Теодора Гочева Димитрова,
29719e57-f022-41e6-b3f8-04f37e1fc811,21.08.2026 10:39,Мариана Костадинова Тодорова Досева,Разпределение по дежурство,Биляна Великова Видолова,
d45862af-3b7f-4b9b-8635-03486a65fb61,21.08.2026 10:40,Павел Тодоров Павлов,Ръчно разпределение,Павел Тодоров Павлов,
ebebe8cb-27c1-465f-81e9-71c9c623d72b,21.08.2026 10:39,ЯНА МАРИО ФИЛИПОВА,Автоматично,ИВАЙЛО АЛЕКСАНДРОВ ЙОРДАНОВ,
cc5bdbbe-5b6e-41e1-89a0-c16cfcb3b087,21.08.2026 10:39,Георги Чемширов,Автоматично,Константин Калчев,
24e26e1e-e52d-4de1-b7fd-0435c2288ade,21.08.2026 10:38,Нанко Събов Маринов,Автоматично,Нанко Събов Маринов,
9f9bdb22-91d0-4b98-9420-c7d45d4c4e32,21.08.2026 10:39,Георги Янчев Николов,Разпределение по дежурство,Георги Янчев Николов,
4e226c5a-94d4-4b08-894e-24596946472c,21.08.2026 10:38,Дианка Дабкова-Пангелова,Автоматично,Константин Калчев,
b6b73549-f93f-402d-854d-bc4045530c9c,21.08.2026 10:38,НЕЛИ ГЕНЧЕВА,Автоматично,КОНСТАНТИН ПЕТРОВ КОСЕВ,
a08d8ff5-4fba-4c0f-8376-ed655ed1a72b,21.08.2026 10:38,Иван Коев,Автоматично,ЛИЛИЯ ВЕЛИНОВА МАВЛОВА,
101082e1-2fc9-461c-9b1a-176d0f5cec69,21.08.2026 10:37,Мария Василева-Данаилова,Автоматично,Константин Калчев,
2ab9d5f9-544a-4a89-b3b1-edc9201b352f,21.08.2026 10:36,Борислав Терзиев,Автоматично,Недялка Свиркова Петкова,
770c80dd-3b4b-440a-af8a-ac36062160a6,21.08.2026 10:39,Весела Тодорова Аврамова,Ръчно разпределение,ВАНЯ ИЛИЕВА ИЛИЕВА,
770c80dd-3b4b-440a-af8a-ac36062160a6,21.08.2026 10:37,Ралица Александрова Райчева,Разпределение по дежурство,ВАНЯ ИЛИЕВА ИЛИЕВА,
770c80dd-3b4b-440a-af8a-ac36062160a6,21.08.2026 10:37,Галина Христова Нейчева,Разпределение по дежурство,ВАНЯ ИЛИЕВА ИЛИЕВА,
79460d13-d0a3-4a19-bea6-7efdcf28460b,21.08.2026 10:36,Димитър Чардаков,Разпределение по дежурство,Галя Пильова,
88748c7e-7d36-4759-b999-45178e6c7cec,21.08.2026 10:36,Константин Калчев,Автоматично,Константин Калчев,
c14b238c-cac4-46b3-86f9-9619cba0976f,21.08.2026 10:35,Георги Димитров Василев,Автоматично,Мариана Георгиева Генова,
5f525806-adca-4933-9f44-509a30b7a049,21.08.2026 10:35,РОСЕН ПЛАМЕНОВ АЛЕКСАНДРОВ,Разпределение по дежурство,ДАНИСЛАВА САШКОВА ПАВЛОВА,
78f87ea1-a72b-4003-a17d-2ceac7707318,21.08.2026 10:36,НЕЛИ ГЕНЧЕВА,Автоматично,КОНСТАНТИН ПЕТРОВ КОСЕВ,
a36c6d27-4fb5-44f3-9d53-268a5cc9fb86,21.08.2026 10:34,Константин Калчев,Автоматично,Константин Калчев,
8fad02a2-3f59-4c37-8ec3-711bec1c2603,21.08.2026 10:34,Теодора Шишкова,Автоматично,Соня Георгиева Стоянова,
fdc49d37-b275-438b-8be1-cf97381c2edf,21.08.2026 10:33,Нели Георгиева Батанова,Разпределение по дежурство,Румяна Вълчева Райкова,
0b476af3-5382-4c07-9cc5-64d856570cc1,21.08.2026 10:34,Десислава Георгиева Петрова,Автоматично,Люба Стоянова Стоилкова,
0772a0b8-c44b-498e-be54-3c3336989964,21.08.2026 10:33,Симона Радославова Донева,Разпределение по дежурство,Десислава Владимирова Добрева,
8067faf4-bd40-4beb-821e-ab1ff73d8673,21.08.2026 10:33,ИВАНКА ГРИГОРОВА МИТЕВА,Автоматично,ИВАЙЛО АЛЕКСАНДРОВ ЙОРДАНОВ,
6586abdf-44fb-4368-bf5c-475de53b1e53,21.08.2026 10:33,Кремена Тодорова Стамболиева Байнова,Автоматично,Димитър Стоянов Малинин,
cfb740b8-adf1-4afa-b088-48402eab73de,21.08.2026 10:32,Радост Бошнакова,Автоматично,Лилия Сашкова Тодорова,
7d6b3970-fac3-443b-b7cc-e3210177ad43,21.08.2026 10:35,Николай Захариев Петров,Автоматично,Симеон Стефанов Стойчев,
cb19450c-c32e-4fca-8d8d-fc729c633543,21.08.2026 10:31,Кремена Тодорова Стамболиева Байнова,Автоматично,Димитър Стоянов Малинин,
a0cdfc10-83c8-4f23-b464-022483556a1d,21.08.2026 10:31,Божидар Иванов Стаевски,Автоматично,ИВАЙЛО АЛЕКСАНДРОВ ЙОРДАНОВ,
4c738a8b-a4a7-40fe-b544-fbdfe8d4c988,21.08.2026 10:31,Георги Чемширов,Автоматично,Константин Калчев,
a06486c9-cec4-49b5-bd48-6a69232cb0c1,21.08.2026 10:30,ДАНИЕЛА ЕВТИМОВА ПАВЛОВА РАДЕВА,Разпределение по дежурство,ВАНЯ ПЕТКОВА ГЕОРГИЕВА,
456d398e-e7b7-4a48-b39b-c2763a852124,21.08.2026 10:30,Елен Михайлов Маламов,Автоматично,Тоничка Димитрова Кисьова,
68d8867d-ccf1-4bf6-92c1-9810f869a12d,21.08.2026 10:30,ГАЛИНА СЛАВОВА ГЕОРГИЕВА,Разпределение по дежурство,ГАЛИНА СЛАВОВА ГЕОРГИЕВА,
250c91bc-3f6e-4145-8e91-af7b07c96655,21.08.2026 10:29,Светлана Димитрова Митрушева Атанасова,Автоматично,Мариана Георгиева Генова,
b863acfe-ca29-440c-bfcf-9326ce05c2c6,21.08.2026 10:29,ИВЕЛИНА СТОЯНОВА КОЛЕВА,Разпределение по дежурство,ВАНЯ ПЕТКОВА ГЕОРГИЕВА,
e1ead23a-f937-46fa-a1fa-4052e9252db7,21.08.2026 10:37,Гергана Руменова Петрова,Разпределение по дежурство,Гергана Руменова Петрова,
bbf8680a-c11e-49b8-b8c9-8d9fc50f86b8,21.08.2026 10:29,Биляна Великова Видолова,Разпределение по дежурство,Биляна Великова Видолова,
889aaa7d-a12a-477c-9ab3-7dab8d55bcfc,21.08.2026 10:28,Тодор Илиев Тихолов,Разпределение по дежурство,Тодор Илиев Тихолов,
ea0207b9-5019-43a8-a615-d66f4342620b,21.08.2026 10:28,ИВЕЛИНА СТОЯНОВА КОЛЕВА,Автоматично,ВАНЯ ПЕТКОВА ГЕОРГИЕВА,
579ebb1a-044d-4a91-9568-3aaf612138d4,21.08.2026 10:29,ЯНА ДИМИТРОВА БОРИСОВА,Автоматично,ИВАЙЛО АЛЕКСАНДРОВ ЙОРДАНОВ,
938ea09a-9393-4725-a912-82a08d869c19,21.08.2026 10:27,Тодор Илиев Тихолов,Автоматично,Тодор Илиев Тихолов,
8717e655-cbfc-4941-b599-3110e530182f,21.08.2026 10:27,ДАНИЕЛА ЕВТИМОВА ПАВЛОВА РАДЕВА,Разпределение по дежурство,ВАНЯ ПЕТКОВА ГЕОРГИЕВА,
3472ba31-e856-4f70-9ac3-398e9d16d8f3,21.08.2026 10:27,ст.л-т ГЕОРГИ ЛЮБЕНОВ ЙОРДАНОВ,Автоматично,ст.л-т ГЕОРГИ ЛЮБЕНОВ ЙОРДАНОВ,
57b6f6ea-bdd3-43b0-958d-1c9118a221e3,21.08.2026 10:27,Мария Максимова Караджова,Автоматично,Мария Максимова Караджова,
1cddb23a-da77-48e4-9e41-5014c2b464c1,21.08.2026 10:26,Мария Атанасова Терзиева,Автоматично,Мария Максимова Караджова,
6051f087-1f5a-4669-aadf-5c576ad61ee2,21.08.2026 11:52,Диана Сотирова Танкова,Ръчно разпределение,Веселина Димитрова Хаджиева,
6051f087-1f5a-4669-aadf-5c576ad61ee2,21.08.2026 11:01,Велина Иванова Полежанова,Автоматично,Веселина Димитрова Хаджиева,
6051f087-1f5a-4669-aadf-5c576ad61ee2,21.08.2026 10:26,Диана Сотирова Танкова,Автоматично,Веселина Димитрова Хаджиева,
12694717-5d96-44cb-b0dd-4feb38d7fb35,21.08.2026 10:26,Недко Цолов Петров,Автоматично,Недко Цолов Петров,
188ad6b4-ac00-480f-a9c5-e9e90bc8d8c4,21.08.2026 10:26,Таня Петкова,Разпределение по дежурство,Цветанка Куленска,
60a36eb6-3671-42f0-b4a2-afeb3fbb9955,21.08.2026 10:26,Тодор Илиев Тихолов,Автоматично,Тодор Илиев Тихолов,
1b5fc796-af8b-4bc2-95ab-01a922245632,21.08.2026 10:26,Мина Цветанова Павлова,Автоматично,Недко Цолов Петров,
8079859a-217a-4ff4-9fe7-51ea7236a624,21.08.2026 10:25,Камелия Маринова,Автоматично,Лилия Сашкова Тодорова,
6190905a-3c9b-4738-bbd5-87bd710911c2,21.08.2026 10:25,ИВЕЛИНА СТОЯНОВА КОЛЕВА,Автоматично,ВАНЯ ПЕТКОВА ГЕОРГИЕВА,
93bea1db-3c18-4f75-9c7c-e6de44213edc,21.08.2026 10:25,Петър Славов Петров,Разпределение по дежурство,Дияна Димова Христова,
34740096-94fe-4313-8cd1-87b2cb34fdb4,21.08.2026 10:25,ЙОАНА КРАСИМИРОВА КАЦАРСКА,Автоматично,ИВАЙЛО АЛЕКСАНДРОВ ЙОРДАНОВ,
467523fe-b08c-454e-9914-fc33a7f816d7,21.08.2026 10:24,Атанаска Стоянова Павлова-Стоименова,Автоматично,Татяна Анастасова Вълкова,
09bf4922-c0ae-4b9f-b210-d20474f03920,21.08.2026 10:24,Иван Георгиев Шейтанов,Автоматично,Мария Максимова Караджова,
d921ca82-26da-44c5-b4d4-ab73bf9d8d72,21.08.2026 10:24,Невена Иванова Несторова,Автоматично,Мариана Георгиева Генова,
e9b707d5-4f10-49cb-8231-0e90592067ce,21.08.2026 10:23,Владимир Стоянов Иванов,Автоматично,Бонка Иванова Бонева Чонова,
5b471d95-7b21-4131-be95-944b91dfefb4,21.08.2026 10:24,ЕЛЕНА НИКОЛОВА ДИНЕВА ИЛИЕВА,Автоматично,ВАНЯ ПЕТКОВА ГЕОРГИЕВА,
967c150c-1616-4f83-9ddc-b50beb5c69f0,21.08.2026 10:23,Веселин Енчев,Автоматично,Мария Динева,
66b9db76-5740-40c8-9d28-cf976863f2fe,21.08.2026 10:23,Тодор Илиев Тихолов,Разпределение по дежурство,Тодор Илиев Тихолов,
63d44320-6d81-4a0c-859c-b84bbff2da27,21.08.2026 10:23,Ралица Рачкова,Автоматично,Радина Карамфилова,
fce67c07-d672-4d0e-bbff-d1977b62f63b,21.08.2026 10:23,Трайчо Георгиев Атанасов,Автоматично,Неделина Ивайлова Банушева,
0eaa193c-9c0c-4ccc-9837-be8a9029e97c,21.08.2026 10:22,ИГНАТ АСЕНОВ ТИМОФЕЕВ,Автоматично,ВАНЯ ПЕТКОВА ГЕОРГИЕВА,
b45b7300-e267-4237-a73a-032ec21ef3da,21.08.2026 10:22,ВЕЛИСЛАВА КИПРОВА,Автоматично,Вергиния Димитрова,
ef42f57f-b235-4fee-9fe7-e3c840efd110,21.08.2026 10:22,ГАБРИЕЛА ПЕТКОВА ДИМИТРОВА,Автоматично,ГАЛИН ХРИСТОВ ГЕОРГИЕВ,
e9cbaa58-1ad8-4d5b-802b-72b98848e41e,21.08.2026 10:21,ИВЕЛИНА СТОЯНОВА КОЛЕВА,Разпределение по дежурство,ВАНЯ ПЕТКОВА ГЕОРГИЕВА,
d6b6578f-97ad-4b62-9319-0e6211d9ef11,21.08.2026 10:21,ТОДОР ДИМИТРОВ МИТЕВ,Разпределение по дежурство,СТАНИМИРА ГЕОРГИЕВА ГЕОРГИЕВА,
05c95447-85dc-4bb9-82c4-3d8ee244ee38,21.08.2026 10:21,Теодора Василева,Автоматично,Радина Карамфилова,
83557c00-90f6-42bf-9c1a-1c66974760c8,21.08.2026 10:21,Павел Тодоров Павлов,Ръчно разпределение,Павел Тодоров Павлов,
9dda9fba-89ff-4191-8770-188702d26fb6,21.08.2026 10:20,Бонка Дечева,Автоматично,Лилия Сашкова Тодорова,
28d0267b-4d07-4e57-8226-18a7c748707f,21.08.2026 10:21,ДЕСИСЛАВА СТОЯНОВА ВЛАЙКОВА,Автоматично,ИВАЙЛО АЛЕКСАНДРОВ ЙОРДАНОВ,
0a7876a8-86ac-42ca-a5ec-b3bac7315786,21.08.2026 10:20,Лилия Александрова,Автоматично,Мария Динева,
f0805c15-d6a0-4f1b-b135-0787c63d6819,21.08.2026 10:19,ТОДОР ДИМИТРОВ МИТЕВ,Разпределение по дежурство,СТАНИМИРА ГЕОРГИЕВА ГЕОРГИЕВА,
2482f340-f008-48bf-9aa9-e7410c942ed1,21.08.2026 10:19,София Сотирова Монева,Автоматично,Щеряна Михалева Гъркова,
596f4755-0eda-4b03-a409-431b4c28944f,21.08.2026 10:20,ДАНИЕЛА ПЕТРОВА,Автоматично,Вергиния Димитрова,
e69e4f06-a95e-465c-ac19-79bebf247f97,21.08.2026 10:19,Младен Семов,Автоматично,Радина Карамфилова,
61b3f611-7390-4c60-a536-7dcf5708c23e,21.08.2026 10:18,Нели Георгиева Батанова,Разпределение по дежурство,Румяна Вълчева Райкова,
35979313-3d46-4a83-a049-4bf78adb4756,21.08.2026 10:18,Руска Атанасова Андреева,Автоматично,Щеряна Михалева Гъркова,
61a25d0f-212e-4826-84d4-8fd3c3195006,21.08.2026 10:18,Нели Георгиева Батанова,Разпределение по дежурство,Румяна Вълчева Райкова,
0e53d44a-be3e-4bc5-bb54-849175c04464,21.08.2026 10:17,ГЕОРГИ ЯНЕВ,Автоматично,Вергиния Димитрова,
1835439a-e96a-445c-9fd3-d74284097126,21.08.2026 10:18,Пламен Александров Александров,Автоматично,Пламен Александров Александров,
b97fd58c-d9b0-440f-8809-1ecf56fd3990,21.08.2026 10:17,ДОРОТЕЯ ЕНЧЕВА ИВАНОВА,Разпределение по дежурство,ДОРОТЕЯ ЕНЧЕВА ИВАНОВА,
01ffbed6-a639-4b3b-8d6f-b091f98d8689,21.08.2026 10:17,Наташа Николова,Автоматично,Радина Карамфилова,
d372ed0f-e190-4a9f-b1bb-4e237997a974,21.08.2026 10:18,ДЕСИСЛАВА ГЕОРГИЕВА ИВАНОВА ТОШЕВА,Автоматично,ВАНЯ ПЕТКОВА ГЕОРГИЕВА,
f5c9102e-85b7-405d-b90f-9f2ad8762552,21.08.2026 10:17,Веселин Енчев,Автоматично,Мария Динева,
42af0c50-bb6c-4279-b07f-8e383e8fb4ab,21.08.2026 10:17,ХРИСТО КРАЧУНОВ,Автоматично,Вергиния Димитрова,
8e52cfcb-c511-4e92-ad88-281d755e6d8a,21.08.2026 10:17,Нели Георгиева Батанова,Разпределение по дежурство,Румяна Вълчева Райкова,
3d4644d1-7202-4405-aaf4-b82cacaa2b10,21.08.2026 10:16,КАРОЛИНА МИХАЙЛОВА,Автоматично,Вергиния Димитрова,
ab1b8ffe-cb6a-4aba-8793-6dac47e0f39c,21.08.2026 10:16,Палмира Димитрова Атанасова,Разпределение по дежурство,Палмира Димитрова Атанасова,
17fc49b8-4224-4658-be7c-0fec462046ee,21.08.2026 10:16,МАРИЯНА ЛАЗАРОВА-КАБАКЧИЕВА,Автоматично,Вергиния Димитрова,
2588d045-407e-4b49-b80e-bd3bdef6538e,21.08.2026 10:16,Милена Атанасова Георгиева,Ръчно разпределение,Антоанета Янкова Моллова,
74ffdb95-d021-46f6-977d-db50f41388ac,21.08.2026 10:15,Милуш Руменов Цветанов,Разпределение по дежурство,Татяна Анастасова Вълкова,
60b1a002-0a2e-4925-9e31-a1c3faf15893,21.08.2026 10:15,Лилия Йорданова,Автоматично,Радина Карамфилова,
73cf70cc-4279-44f9-bee4-5f65ec1c0c50,21.08.2026 10:15,КИРИЛКА ДИМИТРОВА,Автоматично,Вергиния Димитрова,
557cc69f-4925-40b4-8eaf-f54613557059,21.08.2026 10:15,Илияна Папазова,Автоматично,Лилия Сашкова Тодорова,
ae23880d-eb1e-4430-bcb5-ca96cb4ff76b,21.08.2026 10:15,Даяна Калинова Топалова,Автоматично,АНА НИКОЛОВА ЗАГОРЧИНА,
cb2c8bc3-a73b-41b6-9552-c35c90e9df61,21.08.2026 10:14,Милена Атанасова Георгиева,Ръчно разпределение,Антоанета Янкова Моллова,
fc83459f-8785-4d8e-a403-cea91ea6e0b3,21.08.2026 10:13,ДЕЛЯН ЛЮБОМИРОВ ДИЛКОВ,Автоматично,ВЕЛИНА ВЛАДИМИРОВА КАРАГЕОРГИЕВА,
73bba754-649c-4faa-85cf-4fc7af34bbdf,21.08.2026 10:13,Доброслав Руков,Автоматично,Радина Карамфилова,
