Case_GID,Chronology_Text
3c1a7ca3-6b11-45d7-bb6f-07868cbeb9d3,2027 2026 28 май2027 Час 13:30 Вид заседание зала / резултат / 02 юли2026 Час 12:27 Вид разпределение Избран съдия/заседател Маргарита Илиева Николова 02 юни2026 Час 16:47 Вид акт Разпореждане 15638 Час 16:39 Вид заседание зала / резултат / С Определение/Разпореждане по чл. 267 от ГПК 27 април2026 Час --:-- Вид страна Въззиваема страна ТОПЛОФИКАЦИЯ СОФИЯ ЕАД Час --:-- Вид страна Трето лице помагач ТЕХЕМ СЪРВИСИС ЕООД Час --:-- Вид страна Особен представител П.С.М. 24 април2026 Час 16:48 Вид разпределение Избран съдия/заседател Ваня Николаева Иванова Час --:-- Вид страна Въззивник Л.И.З. Час 16:48 Вид дело Въззивно гражданско дело 4370/2026
ae2f93b3-77e5-4815-a2a5-cf240daf809f,"2026 03 ноември2026 Час 10:20 Вид заседание зала / резултат Съдебна зала №3 Съдебна палата, етаж I / 02 октомври2026 Час 14:35 Вид разпределение Избран съдия/заседател ВЛАДИМИР БАЛДЖИЕВ 11 септември2026 Час 11:30 Вид заседание зала / резултат Съдебна зала №5 Съдебна палата, етаж I / Отменено 30 юни2026 Час --:-- Вид страна Представител И.А.И. 17 юни2026 Час --:-- Вид страна Юрисконсулт Н.А.Т. 15 юни2026 Час 10:58 Вид акт Определение 1282 Час 10:56 Вид заседание зала / резултат / Насрочено за I-во заседание 27 април2026 Час 10:19 Вид акт Разпореждане 1966 Час 10:17 Вид заседание зала / резултат / С определение/разпореждане по чл. 131 ГПК/чл. 367 ГПК 24 април2026 Час 16:48 Вид разпределение Избран съдия/заседател ЯВОР ДАНАИЛОВ Час --:-- Вид страна Ищец М.С.И. Час --:-- Вид страна Ответник АГЕНЦИЯ ЗА КОНТРОЛ НА ПРОСРОЧЕНИ ЗАДЪЛЖЕНИЯ АД Час --:-- Вид страна Адвокат А.К.К. Час 16:48 Вид дело Гражданско дело 1340/2026"
50df7064-2027-41d1-86fc-b68980df22de,2026 22 май2026 Час 17:00 Вид акт Решение 83 15 май2026 Час 08:12 Вид акт Протокол 105 14 май2026 Час 15:30 Вид заседание зала / резултат / С решение по чл. 235 ГПК 28 април2026 Час 13:44 Вид акт Определение 160 27 април2026 Час 15:08 Вид заседание зала / резултат / Насрочено в I-во заседание БЕЗ РАЗМЯНА НА КНИЖА 24 април2026 Час 16:47 Вид разпределение Избран съдия/заседател МАЯ ЙОСИФОВА КИРЧЕВА Час --:-- Вид страна Молител М.Р.Д. Час --:-- Вид страна Молител Я.С.Г. Час 16:47 Вид дело Гражданско дело 305/2026
d34c44ac-48e7-4f07-8459-30f51b23f585,2027 2026 10 май2027 Час 14:30 Вид заседание зала / резултат / 02 юли2026 Час 10:42 Вид разпределение Избран съдия/заседател Даяна Динчева Парталска 07 май2026 Час 14:57 Вид акт Определение 9913 05 май2026 Час 17:34 Вид заседание зала / резултат / С Определение/Разпореждане по чл. 267 от ГПК 27 април2026 Час --:-- Вид страна Въззиваема страна МЕТРОПОЛИТЕН ЕАД Час --:-- Вид страна Адвокат К.П.Т. Час --:-- Вид страна Адвокат Т.И.М. 24 април2026 Час 16:47 Вид разпределение Избран съдия/заседател Боян Георгиев Бояджиев Час --:-- Вид страна Въззивник Б.Н.С. Час 16:47 Вид дело Въззивно гражданско дело 4369/2026
81cb8243-849a-45cd-9ce0-51e04de626e2,"2026 22 май2026 Час 15:50 Вид акт Определение 1107 Час 15:50 Вид акт Протокол 842 Час 09:15 Вид заседание зала / резултат Съдебна зала №3 Съдебна палата, етаж I / Прекратено след насрочване 27 април2026 Час 10:57 Вид акт Определение 891 Час 10:54 Вид заседание зала / резултат / Насрочено в I-во заседание БЕЗ РАЗМЯНА НА КНИЖА Час --:-- Вид страна Друго ДИРЕКЦИЯ "" СОЦИАЛНО ПОДПОМАГАНЕ "" -ВЕЛИКО ТЪРНОВО 24 април2026 Час 16:47 Вид разпределение Избран съдия/заседател ВЛАДИМИР БАЛДЖИЕВ Час --:-- Вид страна Молител Т.Д.Б. Час --:-- Вид страна Молител Р.М.Б. Час 16:47 Вид дело Гражданско дело 1339/2026"
bd1b021f-6164-4aee-8191-e400b9fe09ef,2026 28 април2026 Час 18:29 Вид акт Изпълнителен лист ЗП 372 Час 18:21 Вид акт Заповед за изпълнение 453 Час 17:50 Вид заседание зала / резултат / Със заповед за изпълнение 24 април2026 Час 16:47 Вид разпределение Избран съдия/заседател Иванка Петрова Гоцева Час --:-- Вид страна Заявител Банка ДСК АД Час --:-- Вид страна Длъжник М.Н.А. Час --:-- Вид страна Пълномощник Х.Щ.Г. Час 16:47 Вид дело Частно гражданско дело 997/2026
9f7ecfe8-dc0a-413b-8fcb-297176945572,2026 04 юли2026 Час 13:03 Вид акт Разпореждане 1436 Час 12:30 Вид заседание зала / резултат / С разпореждане 24 април2026 Час 23:54 Вид акт Заповед за изпълнение 418 Час 17:30 Вид заседание зала / резултат / Със заповед за изпълнение Час 16:47 Вид разпределение Избран съдия/заседател АНДРЕЙ ВЯЧЕСЛАВОВИЧ ЧЕКУНОВ Час --:-- Вид страна Заявител Топлофикация София ЕАД Час --:-- Вид страна Длъжник Е.И.С. Час --:-- Вид страна Пълномощник А.К. Час --:-- Вид страна Представляващ П.Р.П. Час --:-- Вид страна Представляващ Р.Д.Г. Час 16:47 Вид дело Частно гражданско дело 544/2026
9b5fd5d1-f196-4cb2-bd91-efcae7a11e2a,2026 09 юни2026 Час 16:49 Вид акт Протокол 278 05 юни2026 Час 09:15 Вид заседание зала / резултат Зала - 2 етаж 1 / Обявено за решаване 28 април2026 Час --:-- Вид страна Админ.наказ.орган ОДМВР - Ловеч 27 април2026 Час 16:45 Вид акт Разпореждане 171 Час 16:31 Вид заседание зала / резултат / С разпореждане за насрочване 24 април2026 Час 16:47 Вид разпределение Избран съдия/заседател ВЕНЦИСЛАВ СТЕФАНОВ ВЪЛЧЕВ Час --:-- Вид страна Жалбоподател Б.Г.Н. Час --:-- Вид страна Друго Районен съд – Ловеч Час --:-- Вид страна Админ.наказ.орган ОДМВР - Плевен Час 16:46 Вид дело Административно наказателно дело 143/2026
81d759d8-c0fc-4deb-a915-21eea03978f6,2026 29 април2026 Час 16:42 Вид акт Решение 244 Час 16:39 Вид акт Протокол 311 Час 13:20 Вид заседание зала / резултат / С решение по чл. 235 ГПК 27 април2026 Час 13:37 Вид акт Определение 364 Час 13:35 Вид заседание зала / резултат / Насрочено в I-во заседание БЕЗ РАЗМЯНА НА КНИЖА 24 април2026 Час 16:46 Вид разпределение Избран съдия/заседател ФИЛИП ЛЮЛИНОВ МАТЕВ Час --:-- Вид страна Молител К.Г.У. Час --:-- Вид страна Молител Г.П.Е. Час 16:46 Вид дело Гражданско дело 737/2026
fd5968a9-68cf-4901-8fe9-f9569429eaca,"2026 06 октомври2026 Час 13:26 Вид акт Протокол 1437 01 октомври2026 Час 10:00 Вид заседание зала / резултат Съдебна зала №1 Съдебна палата, етаж I / Отложено в I-во заседание 12 юни2026 Час 18:43 Вид акт Определение 1276 Час 18:42 Вид заседание зала / резултат / Насрочено за I-во заседание 27 април2026 Час 16:05 Вид акт Разпореждане 1998 Час 16:02 Вид заседание зала / резултат / С определение/разпореждане по чл. 131 ГПК/чл. 367 ГПК 24 април2026 Час 16:46 Вид разпределение Избран съдия/заседател ГАЛЯ ИЛИЕВА Час --:-- Вид страна Ищец „ЕНЕРГО-ПРО ЕНЕРГИЙНИ УСЛУГИ“ ЕАД Час --:-- Вид страна Ответник Д.И.О. Час --:-- Вид страна Юрисконсулт Я.Н.Н. Час 16:46 Вид дело Гражданско дело 1338/2026"
bdf04b7c-a3d1-4c15-85bf-fdcd3ca246a3,2026 27 април2026 Час --:-- Вид страна Въззиваема страна ТОПЛОФИКАЦИЯ СОФИЯ ЕАД Час --:-- Вид страна Трето лице помагач ДАЛСИЯ ЕЛВЕКО ООД Час --:-- Вид страна Адвокат Д.Х.Е. 24 април2026 Час 16:46 Вид разпределение Избран съдия/заседател Златка Чолева Час --:-- Вид страна Въззивник Ч.Л.Б. Час 16:46 Вид дело Въззивно гражданско дело 4368/2026
cf20c75d-7342-40a1-9e21-c864725a6fc9,2026 22 май2026 Час 16:33 Вид акт Протоколно определение 249 20 май2026 Час 08:50 Вид заседание зала / резултат / Прекратено производство 11 май2026 Час 08:11 Вид акт Протокол 210 07 май2026 Час 08:50 Вид заседание зала / резултат / Отложено 27 април2026 Час 15:24 Вид акт Определение 113 Час 15:20 Вид заседание зала / резултат / С определение за насрочване 24 април2026 Час 16:45 Вид разпределение Избран съдия/заседател НАДЕЖДА ВЕСЕЛИНОВА ДИМИТРОВА Час --:-- Вид страна Друго Окръжен съд – Ловеч Час --:-- Вид страна Страна РАЙОНЕН СЪД ДЕТМОЛД ГЕРМАНИЯ Час --:-- Вид страна Страна Н.В.В. Час 16:45 Вид дело Частно наказателно дело 142/2026
ad6462fe-73a5-4327-8239-8081246842ae,"2026 04 май2026 Час 13:56 Вид акт Разпореждане 1396 Час 11:00 Вид заседание зала / резултат / Прекратено преди насрочване/разглеждане в ЗЗ 24 април2026 Час 16:45 Вид разпределение Избран съдия/заседател Стоян Иванов Стоянов Час --:-- Вид страна Ищец ""Водоснабдяване и канализация- Варна"" ООД Час --:-- Вид страна Ответник К.К.М. Час --:-- Вид страна Адвокат Л.Н.К.М. Час 16:45 Вид дело Гражданско дело 736/2026"
08adcb01-20dd-480f-bff0-e1b52d6da6ff,2026 30 април2026 Час 08:13 Вид акт Изпълнителен лист ЗП 2992 29 април2026 Час 14:34 Вид акт Заповед за изпълнение 3808 Час 14:24 Вид акт Разпореждане 12796 Час 14:11 Вид заседание зала / резултат / Решено с акт по същество в закрито заседание 27 април2026 Час 10:22 Вид акт Разпореждане 12399 Час 09:59 Вид заседание зала / резултат / Без движение 24 април2026 Час 16:45 Вид разпределение Избран съдия/заседател Диана Младенова Матеева Час --:-- Вид страна Заявител Банка ДСК АД Час --:-- Вид страна Длъжник Н.Н.М. Час --:-- Вид страна Пълномощник Н.И.Т. Час 16:45 Вид дело Частно гражданско дело 4519/2026
438f341d-5052-4eda-a5d5-90875b12555b,2026 27 октомври2026 Час 14:00 Вид заседание зала / резултат / 21 юли2026 Час 15:48 Вид акт Разпореждане 20524 Час 15:46 Вид заседание зала / резултат / С Определение/Разпореждане по чл. 267 от ГПК 02 юли2026 Час 13:59 Вид разпределение Избран съдия/заседател Преслав Огнянов Дамянов 27 април2026 Час --:-- Вид страна Въззиваема страна ПЪРВА ИНВЕСТИЦИОННА БАНКА АД Час --:-- Вид страна Адвокат М.В.М. 24 април2026 Час 16:45 Вид разпределение Избран съдия/заседател Силвана Гълъбова Час --:-- Вид страна Въззивник Пелети Стандарт ЕООД Час 16:45 Вид дело Въззивно гражданско дело 4367/2026
3812fa67-8eab-44c9-9f14-338c298e2ff6,2026 28 април2026 Час 10:51 Вид акт Изпълнителен лист ЗП 1065 27 април2026 Час 17:00 Вид акт Заповед за изпълнение 1616 Час 16:05 Вид заседание зала / резултат / Решено с акт по същество в закрито заседание 24 април2026 Час 16:45 Вид разпределение Избран съдия/заседател Зара Ехия Иванова Час --:-- Вид страна Заявител Банка ДСК АД Час --:-- Вид страна Длъжник Д.Н.П. Час --:-- Вид страна Пълномощник Д.Б.Г. Час 16:45 Вид дело Частно гражданско дело 2111/2026
908b844c-afbe-4497-acd6-bc44b5953474,2026 14 септември2026 Час 16:11 Вид акт Разпореждане 4523 Час 16:10 Вид заседание зала / резултат / С разпореждане Час 16:09 Вид акт Разпореждане 4522 Час 16:08 Вид заседание зала / резултат / С разпореждане 10 август2026 Час 13:50 Вид акт Разпореждане 3842 Час 13:48 Вид акт Разпореждане 3841 Час 13:47 Вид заседание зала / резултат / С разпореждане Час 13:46 Вид заседание зала / резултат / С разпореждане 10 юли2026 Час 10:01 Вид акт Решение 254 07 юли2026 Час 17:02 Вид акт Протокол 394 06 юли2026 Час 09:30 Вид заседание зала / резултат / С решение по чл. 235 ГПК 08 юни2026 Час 12:18 Вид акт Определение 565 Час 12:16 Вид заседание зала / резултат / Насрочено за I-во заседание 27 април2026 Час 13:28 Вид акт Разпореждане 1617 Час 13:27 Вид заседание зала / резултат / С определение/разпореждане по чл. 131 ГПК/чл. 367 ГПК Час 13:16 Вид акт Определение 370 Час 13:14 Вид заседание зала / резултат / С акт по чл. 83 ал.2 от ГПК 24 април2026 Час 16:44 Вид разпределение Избран съдия/заседател Галина Николова Час --:-- Вид страна Ищец Р.Г.Р. Час --:-- Вид страна Ответник Аксес Файнанс АД Час --:-- Вид страна Ответник ФАЙНЕНШЪЛ БЪЛГАРИЯ ЕООД Час --:-- Вид страна Адвокат С.Н.С. Час 16:44 Вид дело Гражданско дело 1118/2026
9af33832-b705-4a34-b0cf-7c5c3530d737,"2026 10 декември2026 Час 10:30 Вид заседание зала / резултат Съдебна зала №1 Съдебна палата, етаж I / 02 октомври2026 Час 17:10 Вид акт Определение 2198 Час 17:06 Вид заседание зала / резултат / С определение Час 14:25 Вид разпределение Избран съдия/заседател ГАЛЯ ИЛИЕВА 11 септември2026 Час 10:00 Вид заседание зала / резултат Съдебна зала №5 Съдебна палата, етаж I / Отменено 08 юни2026 Час --:-- Вид страна Вещо лице Н.В.Г. Час --:-- Вид страна Юрисконсулт М.И.Д. 05 юни2026 Час 13:38 Вид акт Определение 1222 Час 13:37 Вид заседание зала / резултат / Насрочено за I-во заседание 27 април2026 Час 10:22 Вид акт Разпореждане 1967 Час 10:20 Вид заседание зала / резултат / С определение/разпореждане по чл. 131 ГПК/чл. 367 ГПК 24 април2026 Час 16:44 Вид разпределение Избран съдия/заседател ЯВОР ДАНАИЛОВ Час --:-- Вид страна Ищец К.Ш.М. Час --:-- Вид страна Ответник АГЕНЦИЯ ПЪТНА ИНФРАСТРУКТУРА Час --:-- Вид страна Адвокат Х.К. Час 16:44 Вид дело Гражданско дело 1337/2026"
b4bbe9fb-1cdd-4f7f-b45f-b30939099927,2026 20 октомври2026 Час 09:30 Вид заседание зала / резултат / 13 юли2026 Час --:-- Вид страна Свидетел Н.Т.Б. 01 юли2026 Час 10:02 Вид акт Разпореждане 79747 Час 09:52 Вид заседание зала / резултат / С разпореждане 22 юни2026 Час 11:46 Вид Документ Вносител К.М.М. Час --:-- Вид страна Адвокат А.Д.Д. Час --:-- Вид страна Адвокат К.М.М. 19 юни2026 Час 14:48 Вид акт Протокол 16837 16 юни2026 Час 11:30 Вид заседание зала / резултат / Отложено в I-во заседание 26 май2026 Час --:-- Вид страна Адвокат И.С.Б. 05 май2026 Час 10:51 Вид акт Разпореждане 55454 04 май2026 Час 13:31 Вид заседание зала / резултат / С разпореждане 24 април2026 Час 16:58 Вид акт Разпореждане 52036 Час 16:56 Вид акт Заповед 149 Час 16:55 Вид заседание зала / резултат / Насрочено в I-во заседание БЕЗ РАЗМЯНА НА КНИЖА Час 16:50 Вид заседание зала / резултат / Със заповед за незабавна защита Час 16:44 Вид разпределение Избран съдия/заседател ЕЛЕНА НИКОЛОВА ДИНЕВА ИЛИЕВА Час --:-- Вид страна Молител И.Н.С. Час --:-- Вид страна Ответник Б.А.С. Час 16:44 Вид дело Гражданско дело 11228/2026
e47b6289-a0d9-4ad3-860b-582ba99adfc5,"2026 08 май2026 Час 08:57 Вид акт Определение 890 Час 08:38 Вид заседание зала / резултат / Решено с акт по същество в закрито заседание Час --:-- Вид страна Адвокат В.Б.Б. 27 април2026 Час 09:11 Вид акт Определение 794 Час 09:10 Вид акт Определение 793 Час 08:35 Вид заседание зала / резултат / С определение Час 08:29 Вид заседание зала / резултат / С определение Час --:-- Вид страна Адвокат М.К.П. 24 април2026 Час 16:44 Вид разпределение Избран съдия/заседател НЕЙКО ГЕОРГИЕВ НЕЙКОВ Час --:-- Вид страна Молител ДРУЖЕСТВО ЗА КОЛЕКТИВНО УПРАВЛЕНИЕ В ЧАСТНА ПОЛЗА ПРАВАТА НА ПРОДУЦЕНТИТЕ НА ЗВУКОЗАПИСИ И МУЗИКАЛНИ ВИДЕОЗАПИСИ И НА АРТИСТИТЕ-ИЗПЪЛНИТЕЛИ - ""ПРОФОН"" Сдружение Час --:-- Вид страна Ответник МАРКОНИ МДС ЕООД Час 16:44 Вид дело Частно гражданско дело 1418/2026"
dd21596c-b66f-440f-b8bb-e2f681aa58a8,2026 27 април2026 Час 19:33 Вид акт Изпълнителен лист ЗП 4408 Час 19:32 Вид акт Заповед за изпълнение 730 Час 19:29 Вид заседание зала / резултат / Със заповед за изпълнение 25 април2026 Час 10:05 Вид акт Разпореждане 52096 Час 10:02 Вид заседание зала / резултат / С разпореждане 24 април2026 Час 16:44 Вид разпределение Избран съдия/заседател МИРОСЛАВ ВАЛЕНТИНОВ СТОЯНОВ Час --:-- Вид страна Заявител К.В.Г. Час --:-- Вид страна Длъжник И.С.Х. Час --:-- Вид страна Длъжник РИБАРЧЕТО ЕООД Час 16:44 Вид дело Частно гражданско дело 11227/2026
9094b835-b079-430d-9365-d05ef64341a3,2026 29 септември2026 Час 10:30 Вид заседание зала / резултат / С решение по чл. 235 ГПК от ОСЗ 23 юли2026 Час 14:25 Вид акт Протокол 530 22 юли2026 Час 10:30 Вид заседание зала / резултат / Отложено в I-во заседание 26 юни2026 Час 13:44 Вид акт Определение 571 25 юни2026 Час 16:00 Вид заседание зала / резултат / Насрочено за I-во заседание 05 юни2026 Час --:-- Вид страна Адвокат С.Х.Х. 04 май2026 Час 16:59 Вид акт Разпореждане 1401 Час 14:39 Вид заседание зала / резултат / С определение/разпореждане по чл. 131 ГПК/чл. 367 ГПК 24 април2026 Час 16:43 Вид разпределение Избран съдия/заседател Стоян Иванов Стоянов Час --:-- Вид страна Ищец Т.Й.Й. Час --:-- Вид страна Ищец Й.Й.Й. Час --:-- Вид страна Ответник Й.Т.Й. Час --:-- Вид страна Адвокат Б.Г.Р. Час 16:43 Вид дело Гражданско дело 735/2026
e5771acc-10c0-4cd4-86bb-4f818a0d0e4e,2026 27 август2026 Час 13:41 Вид акт Разпореждане 103841 Час 13:40 Вид заседание зала / резултат / С разпореждане 05 август2026 Час 16:57 Вид акт Разпореждане 95249 Час 16:54 Вид заседание зала / резултат / С разпореждане 08 юли2026 Час 16:33 Вид акт Решение 13630 07 юли2026 Час 10:44 Вид Документ Вносител И.Б. Час 10:44 Вид Документ Вносител К.М.М. 06 юли2026 Час 16:54 Вид акт Протокол 18558 01 юли2026 Час 11:30 Вид заседание зала / резултат / С решение по чл. 235 ГПК 15 юни2026 Час 16:18 Вид акт Разпореждане 72933 12 юни2026 Час --:-- Вид заседание зала / резултат / С разпореждане Час --:-- Вид страна Свидетел Н.Т.Б. 03 юни2026 Час 15:02 Вид акт Протокол 14829 29 май2026 Час 16:00 Вид заседание зала / резултат / Отложено в ОСЗ 21 май2026 Час --:-- Вид страна Адвокат И.Б. 30 април2026 Час --:-- Вид страна Адвокат К.М.М. 29 април2026 Час 18:04 Вид акт Заповед 154 Час 18:02 Вид акт Определение 16436 Час 18:01 Вид заседание зала / резултат / Със заповед за незабавна защита Час 17:50 Вид заседание зала / резултат / Насрочено в I-во заседание БЕЗ РАЗМЯНА НА КНИЖА 24 април2026 Час 17:02 Вид акт Разпореждане 52037 Час 16:57 Вид заседание зала / резултат / Без движение Час 16:43 Вид разпределение Избран съдия/заседател БЕТИНА БОГДАНОВА БОШНАКОВА Час --:-- Вид страна Молител Н.Б.С. Час --:-- Вид страна Ответник Б.А.С. Час 16:43 Вид дело Гражданско дело 11226/2026
3a602c5f-7fdf-48d9-a536-75ad900c784a,2026 11 август2026 Час 13:40 Вид акт Разпореждане 4647 Час 13:39 Вид заседание зала / резултат / С определение/разпореждане по чл. 131 ГПК/чл. 367 ГПК 09 юли2026 Час 15:06 Вид акт Определение 1473 Час 15:04 Вид заседание зала / резултат / Без движение 30 юни2026 Час --:-- Вид страна Представител Х.М.Г. 26 май2026 Час 10:18 Вид акт Разпореждане 2527 Час 10:17 Вид заседание зала / резултат / С определение/разпореждане по чл. 131 ГПК/чл. 367 ГПК 27 април2026 Час 10:23 Вид акт Разпореждане 1968 Час 10:22 Вид заседание зала / резултат / Без движение 24 април2026 Час 16:43 Вид разпределение Избран съдия/заседател ГЕОРГИ ГЕОРГИЕВ Час --:-- Вид страна Ищец Б.Г.Б. Час --:-- Вид страна Ответник СИТИ КЕШ ООД Час --:-- Вид страна Адвокат Л.К.Б. Час 16:43 Вид дело Гражданско дело 1336/2026
af3ce6d6-da6c-45e1-9a41-75aa369264a1,"2026 02 юни2026 Час 15:35 Вид акт Определение 1049 Час 15:29 Вид заседание зала / резултат / Решено с акт по същество в закрито заседание 26 май2026 Час --:-- Вид страна Адвокат В.Б.Б. 15 май2026 Час 17:55 Вид акт Разпореждане 3283 Час 17:49 Вид заседание зала / резултат / С разпореждане 27 април2026 Час 11:18 Вид акт Определение 796 Час 10:13 Вид заседание зала / резултат / Без движение Час --:-- Вид страна Адвокат М.К.П. 24 април2026 Час 16:43 Вид разпределение Избран съдия/заседател КЕТИ МИХОВА КОСЕВА Час --:-- Вид страна Молител ДРУЖЕСТВО ЗА КОЛЕКТИВНО УПРАВЛЕНИЕ В ЧАСТНА ПОЛЗА ПРАВАТА НА ПРОДУЦЕНТИТЕ НА ЗВУКОЗАПИСИ И МУЗИКАЛНИ ВИДЕОЗАПИСИ И НА АРТИСТИТЕ-ИЗПЪЛНИТЕЛИ - ""ПРОФОН"" Сдружение Час --:-- Вид страна Ответник М ДИ СИ ЕООД Час 16:43 Вид дело Частно гражданско дело 1417/2026"
f9016013-bb24-4d16-9efa-26c4f0c51711,2026 08 юли2026 Час 13:12 Вид акт Определение 1945 23 юни2026 Час 19:35 Вид Документ Вносител ДИРЕКТОР НА ДИРЕКЦИЯ СОЦИАЛНО ПОДПОМАГАНЕ - РУСЕ 22 юни2026 Час 14:30 Вид заседание зала / резултат Зала 1 / Обявено за решаване 12 юни2026 Час 15:33 Вид акт Разпореждане 1680 Час --:-- Вид заседание зала / резултат / Проведено 01 юни2026 Час 14:18 Вид акт Разпореждане 1552 Час --:-- Вид заседание зала / резултат / Проведено 27 април2026 Час 09:53 Вид акт Разпореждане 1202 Час --:-- Вид заседание зала / резултат / Проведено 24 април2026 Час 16:43 Вид разпределение Избран съдия/заседател Диана Калоянова Час --:-- Вид страна Жалбоподател Р.С.Р. Час --:-- Вид страна Ответник ДИРЕКТОР НА РДСП - РУСЕ Час --:-- Вид страна Ответник ДИРЕКТОР НА ДИРЕКЦИЯ СОЦИАЛНО ПОДПОМАГАНЕ - РУСЕ Час 16:43 Вид дело Административно дело 320/2026
7429136d-2e12-482a-ae8d-c738bcb8d91f,2026 16 юли2026 Час 16:00 Вид акт Решение 113 Час 15:57 Вид заседание зала / резултат / С решение 15 юли2026 Час 12:40 Вид акт Протоколно определение 174 Час 10:00 Вид заседание зала / резултат / Прекратено след насрочване 24 юни2026 Час 09:00 Вид заседание зала / резултат / Пренасрочено 17 юни2026 Час 09:30 Вид акт Разпореждане 936 Час 09:26 Вид заседание зала / резултат / С разпореждане 03 юни2026 Час 14:15 Вид акт Определение 216 Час 14:13 Вид заседание зала / резултат / Насрочено за I-во заседание Час --:-- Вид страна Страна ДИРЕКЦИЯ СОЦИАЛНО ПОДПОМАГАНЕ-ГР.ЛУКОВИТ Час --:-- Вид страна Страна Я.В.С. Час --:-- Вид страна Страна И.В.С. Час --:-- Вид страна Родител С.Ю.П. Час --:-- Вид страна Адвокат Р.М.М. 27 април2026 Час 11:22 Вид акт Разпореждане 646 Час 11:20 Вид заседание зала / резултат / С определение/разпореждане по чл. 131 ГПК/чл. 367 ГПК 24 април2026 Час 16:43 Вид разпределение Избран съдия/заседател НАДЕЖДА ВЕСЕЛИНОВА ДИМИТРОВА Час --:-- Вид страна Ищец В.С.П. Час --:-- Вид страна Ответник С.Ю.П. Час --:-- Вид страна Адвокат Н.Л.Л. Час 16:43 Вид дело Гражданско дело 304/2026
aea3d7d1-ea06-441b-bad3-0f613fb96476,2026 27 април2026 Час 09:47 Вид акт Заповед за изпълнение 236 Час 09:44 Вид заседание зала / резултат / Решено с акт по същество в закрито заседание 24 април2026 Час 16:43 Вид разпределение Избран съдия/заседател Пенка Петкова Петрова Час --:-- Вид страна Заявител КРЕДИТО ЕООД Час --:-- Вид страна Длъжник И.Ц.П. Час --:-- Вид страна Представител Р.Н.Т. Час --:-- Вид страна Адвокат П.Х.А. Час 16:43 Вид дело Частно гражданско дело 526/2026
1824f314-f621-4090-8ca3-8b3c270727d9,2026 27 април2026 Час 10:44 Вид акт Определение 157 Час 10:41 Вид заседание зала / резултат / Прекратено преди насрочване/разглеждане в ЗЗ Час 09:05 Вид акт Разпореждане 640 Час 09:02 Вид заседание зала / резултат / С разпореждане 24 април2026 Час 16:42 Вид разпределение Избран съдия/заседател НАДЕЖДА ВЕСЕЛИНОВА ДИМИТРОВА Час --:-- Вид страна Ищец БЕСТ Кепитъл България ЕАД Час --:-- Вид страна Ответник Г.Д.Н. Час --:-- Вид страна Пълномощник В.Л.Л. Час 16:42 Вид дело Гражданско дело 303/2026
b0d8f273-a86f-44ca-998f-7c98a06e596b,"2026 20 октомври2026 Час 13:30 Вид заседание зала / резултат Съдебна зала №1 Съдебна палата, етаж I / 25 август2026 Час 14:08 Вид акт Определение 1809 Час 14:05 Вид заседание зала / резултат / Насрочено за I-во заседание Час --:-- Вид страна Вещо лице Е.В.Я. 23 юли2026 Час 11:13 Вид акт Определение 1583 Час 11:10 Вид заседание зала / резултат / Препращане за провеждане на информационна среща по медиация 16 юни2026 Час --:-- Вид страна Адвокат Х.М.Г. 28 май2026 Час 16:02 Вид акт Разпореждане 2609 Час 16:00 Вид заседание зала / резултат / С определение/разпореждане по чл. 131 ГПК/чл. 367 ГПК 27 април2026 Час 16:09 Вид акт Разпореждане 1999 Час 16:07 Вид заседание зала / резултат / Без движение 24 април2026 Час 16:42 Вид разпределение Избран съдия/заседател ДИАНА РАДЕВА Час --:-- Вид страна Ищец Б.Г.Б. Час --:-- Вид страна Ответник СИТИ КЕШ ООД Час --:-- Вид страна Адвокат Л.К.Б. Час 16:42 Вид дело Гражданско дело 1335/2026"
b7f37d53-cff2-4eb5-b21d-31ca8376a099,2026 02 юли2026 Час 14:36 Вид разпределение Избран съдия/заседател Ина Емилова Костадинова 27 април2026 Час --:-- Вид страна Въззиваема страна Минолби ЕООД Час --:-- Вид страна Адвокат К.И.Т. 24 април2026 Час 16:42 Вид разпределение Избран съдия/заседател Петър Любомиров Сантиров Час --:-- Вид страна Въззивник А1 България ЕАД Час 16:42 Вид дело Въззивно гражданско дело 4366/2026
ce635cf2-a8d8-4d17-85ca-d6a03622d9b4,2026 10 юли2026 Час 11:07 Вид акт Разпореждане 3269 Час 11:05 Вид заседание зала / резултат / С разпореждане 27 април2026 Час 11:06 Вид акт Заповед за изпълнение 826 Час 10:44 Вид заседание зала / резултат / Решено с акт по същество в закрито заседание 24 април2026 Час 16:42 Вид разпределение Избран съдия/заседател Павлина Тонева Час --:-- Вид страна Заявител ЕОС МАТРИКС ЕАД Час --:-- Вид страна Длъжник К.Г.В. Час --:-- Вид страна Адвокат Г.И.Х. Час 16:42 Вид дело Частно гражданско дело 1419/2026
5782fc62-8f85-4f22-beb3-f32eb450d8d4,"2026 07 юли2026 Час 13:55 Вид акт Разпореждане 1938 Час --:-- Вид заседание зала / резултат / Проведено 10 юни2026 Час 12:14 Вид акт Решение 1637 Час --:-- Вид заседание зала / резултат / Проведено 02 юни2026 Час 15:50 Вид акт Решение 1575 13 май2026 Час 20:15 Вид Документ Вносител ДИРЕКТОР НА ТД НА НАП ВАРНА 12 май2026 Час 11:15 Вид заседание зала / резултат Зала 2 / Обявено за решаване 27 април2026 Час 17:25 Вид акт Определение 1230 Час 13:33 Вид акт Разпореждане 1214 Час --:-- Вид заседание зала / резултат / Проведено Час --:-- Вид заседание зала / резултат / Проведено 24 април2026 Час 16:42 Вид разпределение Избран съдия/заседател Елица Димитрова Час --:-- Вид страна Жалбоподател И.Й.И. Час --:-- Вид страна Ответник ДИРЕКТОР НА ТД НА НАП ВАРНА, ОФИС РУСЕ Час --:-- Вид страна Ответник ДИРЕКТОР НА ТД НА НАП ВАРНА Час --:-- Вид страна Адвокат А.Г.Н. Час --:-- Вид страна Пълномощник М.Й.Й. Час 16:41 Вид дело Административно дело 319/2026"
c87f9d23-c69b-4e2a-8498-d2b58064db1f,2026 29 юни2026 Час 16:26 Вид акт Изпълнителен лист ЗП 482 Час 15:02 Вид акт Разпореждане 1179 Час 15:00 Вид заседание зала / резултат / С разпореждане 07 май2026 Час 10:16 Вид акт Заповед за изпълнение 427 Час 10:10 Вид заседание зала / резултат / Със заповед за изпълнение 26 април2026 Час 21:39 Вид акт Разпореждане 751 Час 21:36 Вид заседание зала / резултат / Без движение 24 април2026 Час 16:41 Вид разпределение Избран съдия/заседател Сона Вахе Гарабедян Час --:-- Вид страна Заявител АПС БЕТА БЪЛГАРИЯ ЕООД Час --:-- Вид страна Длъжник Г.Г.М. Час --:-- Вид страна Законен представител Х.М.М. Час --:-- Вид страна Законен представител П.В. Час --:-- Вид страна Юрисконсулт П.Ф.Ц. Час 16:41 Вид дело Частно гражданско дело 470/2026
9169601e-a170-46e7-80de-7b7c8a854079,2026 27 юли2026 Час 12:52 Вид акт Изпълнителен лист ЗП 1041 Час 12:51 Вид акт Разпореждане 5546 12 май2026 Час 15:08 Вид акт Разпореждане 3133 Час 13:11 Вид заседание зала / резултат / С разпореждане 08 май2026 Час 17:29 Вид акт Разпореждане 3058 Час 16:57 Вид заседание зала / резултат / С разпореждане 27 април2026 Час 16:55 Вид акт Заповед за изпълнение 984 Час 10:33 Вид заседание зала / резултат / Със заповед за изпълнение 24 април2026 Час 16:41 Вид разпределение Избран съдия/заседател КЕТИ МИХОВА КОСЕВА Час --:-- Вид страна Заявител БЕСТ Кепитъл България ЕАД Час --:-- Вид страна Длъжник П.Г.М. Час --:-- Вид страна Пълномощник Г.Я.Б. Час 16:41 Вид дело Частно гражданско дело 1416/2026
b2a4b153-59b2-4354-bb76-91fa86a0ddb5,2026 27 април2026 Час --:-- Вид страна Адвокат П.Х.А. 24 април2026 Час 17:12 Вид акт Заповед за изпълнение 1476 Час 17:07 Вид заседание зала / резултат / Със заповед за изпълнение Час 16:41 Вид разпределение Избран съдия/заседател Мирослава Неделчева Час --:-- Вид страна Заявител КРЕДИТО ЕООД Час --:-- Вид страна Длъжник В.В.Д. Час --:-- Вид страна Представител Р.Н.Т. Час 16:41 Вид дело Частно гражданско дело 2067/2026
4dbf6bd4-d174-41c0-a64f-bb1937ffbbf8,2026 11 декември2026 Час 14:30 Вид заседание зала / резултат / 06 октомври2026 Час 11:31 Вид акт Протокол 8183 Час --:-- Вид страна Вещо лице С.Е.Ц. 02 октомври2026 Час 14:30 Вид заседание зала / резултат / Отложено в I-во заседание 04 август2026 Час 17:16 Вид акт Разпореждане 21692 Час 17:12 Вид заседание зала / резултат / С разпореждане 02 юли2026 Час 16:30 Вид разпределение Избран съдия/заседател Атанас Стефанов Караиванов 24 юни2026 Час 15:38 Вид акт Разпореждане 17841 Час 15:36 Вид заседание зала / резултат / С разпореждане 14 май2026 Час 16:10 Вид акт Определение 10537 Час 15:42 Вид заседание зала / резултат / С Определение/Разпореждане по чл. 267 от ГПК 27 април2026 Час --:-- Вид страна Въззиваема страна М.Н.М. Час --:-- Вид страна Въззиваема страна Е.С.Н. Час --:-- Вид страна Въззиваема страна С.В.Н. Час --:-- Вид страна Въззиваема страна Т.В.Н. Час --:-- Вид страна Въззиваема страна С.А. Час --:-- Вид страна Въззиваема страна М.Д.Г. Час --:-- Вид страна Въззиваема страна Ц.Н.М. Час --:-- Вид страна Адвокат С.П.Б. Час --:-- Вид страна Адвокат Н.Д.Ч. 24 април2026 Час 16:41 Вид разпределение Избран съдия/заседател Виолета Йовчева Час --:-- Вид страна Въззивник В.А.М. Час 16:41 Вид дело Въззивно гражданско дело 4365/2026
9017cc4f-a80c-44e8-a11a-a0f80e4183e8,2026 02 октомври2026 Час 18:20 Вид акт Разпореждане 3668 Час 18:18 Вид заседание зала / резултат / Прекратено след насрочване 12 август2026 Час 22:52 Вид акт Разпореждане 2674 Час 22:50 Вид заседание зала / резултат / С разпореждане 07 юни2026 Час 08:17 Вид акт Разпореждане 1736 Час 08:15 Вид заседание зала / резултат / С разпореждане 27 април2026 Час 12:19 Вид акт Заповед за изпълнение 411 Час 12:15 Вид акт Разпореждане 1164 Час 12:14 Вид заседание зала / резултат / Със заповед за изпълнение Час 11:44 Вид заседание зала / резултат / Решено с акт по същество в закрито заседание 24 април2026 Час 16:41 Вид разпределение Избран съдия/заседател Адриана Атанасова Велева Час --:-- Вид страна Заявител КРЕДИТО ЕООД Час --:-- Вид страна Длъжник К.Г.Г. Час --:-- Вид страна Представител Р.Н.Т. Час --:-- Вид страна Адвокат П.Х.А. Час 16:41 Вид дело Частно гражданско дело 615/2026
1ddf584e-c25f-49fe-bfef-132796fad133,2026 30 юни2026 Час 14:05 Вид акт Разпореждане 528 Час 14:02 Вид заседание зала / резултат / С разпореждане 02 юни2026 Час 09:57 Вид акт Разпореждане 453 Час 09:52 Вид заседание зала / резултат / С разпореждане 27 април2026 Час 13:15 Вид акт Заповед за изпълнение 127 Час 13:12 Вид акт Разпореждане 346 Час 13:07 Вид заседание зала / резултат / С разпореждане 24 април2026 Час 16:41 Вид разпределение Избран съдия/заседател Мая Павлова Кончарска Час --:-- Вид страна Заявител КРЕДИТО ЕООД Час --:-- Вид страна Длъжник Д.Р.К. Час --:-- Вид страна Представител Р.Н.Т. Час --:-- Вид страна Адвокат П.Х.А. Час 16:41 Вид дело Частно гражданско дело 201/2026
6845b804-a566-43c7-b86e-58977c6f6e05,2026 24 април2026 Час 17:31 Вид акт Определение 29 Час 17:29 Вид заседание зала / резултат / С определение Час 16:39 Вид разпределение Избран съдия/заседател Симеон Горанов Гюров Час --:-- Вид страна Вносител ТО-Пирдоп към РП-Елин Пелин Час 16:39 Вид дело Частно наказателно дело 67/2026
98645016-2640-443c-a507-74091ec68d1d,2026 16 юли2026 Час 10:03 Вид акт Разпореждане 694 Час 10:03 Вид акт Изпълнителен лист ЗП 85 Час 09:00 Вид заседание зала / резултат / 27 април2026 Час 09:48 Вид акт Заповед за изпълнение 69 Час 09:25 Вид заседание зала / резултат / Решено с акт по същество в закрито заседание 24 април2026 Час 16:39 Вид разпределение Избран съдия/заседател Николай Костадинов Кънчев Час --:-- Вид страна Заявител Мост Финанс Мениджмънт АД Час --:-- Вид страна Длъжник Х.В.Д. Час --:-- Вид страна Юрисконсулт Е.И.И. Час 16:39 Вид дело Частно гражданско дело 207/2026
b1eeffe7-49c2-422c-89de-0730263ea475,2026 11 ноември2026 Час 14:00 Вид заседание зала / резултат Зала №4 Етаж №2 / 28 септември2026 Час 10:22 Вид акт Определение 516 Час --:-- Вид страна Свидетел В.Г.Г. Час --:-- Вид страна Вещо лице С.Х.К. Час --:-- Вид страна Адвокат Д.К.М. 25 септември2026 Час 15:03 Вид заседание зала / резултат / С определение по чл. 376 от ГПК 30 април2026 Час 16:05 Вид акт Разпореждане 191 Час 15:51 Вид заседание зала / резултат / С разпореждане 24 април2026 Час 16:38 Вид разпределение Избран съдия/заседател Евгения Христова Стамова Час --:-- Вид страна Ищец И.С.Ц. Час --:-- Вид страна Ищец Р.С.Д. Час --:-- Вид страна Ответник ЗАСТРАХОВАТЕЛНА КОМПАНИЯ ЛЕВ ИНС АД Час 16:38 Вид дело Гражданско дело 157/2026
c826bb1e-5534-4a68-afe0-59da2c1881db,2026 15 юли2026 Час 15:26 Вид акт Решение 4577 02 юли2026 Час 18:19 Вид Документ Вносител С.П. 30 юни2026 Час 13:45 Вид заседание зала / резултат Зала 3 / Обявено за решаване 20 май2026 Час 10:03 Вид акт Разпореждане 2603 Час --:-- Вид заседание зала / резултат / Проведено 13 май2026 Час 11:33 Вид акт Разпореждане 2400 Час --:-- Вид заседание зала / резултат / Проведено 24 април2026 Час 16:38 Вид разпределение Избран съдия/заседател Димитър Думбанов Час --:-- Вид страна Жалбоподател С.П. Час --:-- Вид страна Ответник Кмета на Община Петрич Час 16:37 Вид дело Административно дело 616/2026
cf7904eb-bf3b-4109-bd84-9627a5bbbb1e,2026 19 октомври2026 Час 11:40 Вид заседание зала / резултат / 19 август2026 Час 15:13 Вид акт Определение 30097 Час 15:11 Вид заседание зала / резултат / Насрочено за I-во заседание 27 април2026 Час 15:20 Вид акт Разпореждане 52575 Час 15:18 Вид заседание зала / резултат / С определение/разпореждане по чл. 131 ГПК/чл. 367 ГПК 24 април2026 Час 16:37 Вид разпределение Избран съдия/заседател ВАНИНА ЗДРАВКОВА МЛАДЕНОВА Час --:-- Вид страна Ищец Н.Ж.К. Час --:-- Вид страна Ответник ТЕРИТОРИАЛНО ПОДЕЛЕНИЕ НА НАЦИОНАЛЕН ОСИГУРИТЕЛЕН ИНСТИТУТ-СОФИЯ ГРАД Час --:-- Вид страна Адвокат Д.А.К. Час 16:37 Вид дело Гражданско дело 11225/2026
0e8afb00-bdda-40c5-b516-1f4cab03f400,2026 16 юни2026 Час 12:20 Вид акт Изпълнителен лист ЗП 4176 Час 10:16 Вид акт Разпореждане 17804 Час 10:13 Вид заседание зала / резултат / С разпореждане 28 април2026 Час 11:08 Вид акт Заповед за изпълнение 3751 Час 10:46 Вид акт Разпореждане 12584 Час 10:27 Вид заседание зала / резултат / Решено с акт по същество в закрито заседание 27 април2026 Час 10:17 Вид акт Разпореждане 12395 Час 09:52 Вид заседание зала / резултат / Без движение 24 април2026 Час 16:37 Вид разпределение Избран съдия/заседател ЛОРА РАНГЕЛОВА СТЕФАНОВА Час --:-- Вид страна Заявител ЕОС МАТРИКС ЕАД Час --:-- Вид страна Длъжник К.В.В. Час --:-- Вид страна Длъжник К.В.В. Час --:-- Вид страна Адвокат Г.И.Х. Час 16:37 Вид дело Частно гражданско дело 4518/2026
486359c9-df2e-479d-85d2-cf6b4711f70a,"2026 29 април2026 Час 15:33 Вид акт Определение 126 Час 15:31 Вид заседание зала / резултат / С определение, приключващо делото 24 април2026 Час 16:37 Вид разпределение Избран съдия/заседател Мирослав Милчев Начев Час --:-- Вид страна Вносител Окръжна прокуратура - Кюстендил Час --:-- Вид страна Обвиняем К.Г.К. Час 16:37 Вид дело Частно наказателно дело 244/2026"
e177fa43-a290-448e-832b-d6efb4af86f8,2026 27 април2026 Час 13:12 Вид акт Изпълнителен лист ЗП 565 26 април2026 Час 12:15 Вид акт Заповед за изпълнение 1347 Час 12:13 Вид заседание зала / резултат / Със заповед за изпълнение 24 април2026 Час 16:37 Вид разпределение Избран съдия/заседател Андрей Живков Дечев Час --:-- Вид страна Заявител „ЮРОБАНК БЪЛГАРИЯ” АД Час --:-- Вид страна Длъжник М.Б.Б. Час --:-- Вид страна Адвокат Д.Р.П. Час 16:37 Вид дело Частно гражданско дело 1713/2026
f6d9446c-0aa8-44d4-8ea7-340565c02c40,2026 24 април2026 Час 16:55 Вид акт Решение 106 Час 16:51 Вид заседание зала / резултат / Решено с акт по същество в закрито заседание Час 16:37 Вид разпределение Избран съдия/заседател Радослава Маринова Йорданова Час --:-- Вид страна Вносител ТД НА НАП СОФИЯ-ГРАД (0000002100 ) Час --:-- Вид страна Страна Анкър ЕООД Час 16:36 Вид дело Частно гражданско дело 212/2026
d05c8fdc-13f5-440b-b9e1-588523a667e0,2026 30 октомври2026 Час 10:30 Вид заседание зала / резултат / 20 юли2026 Час 11:13 Вид акт Определение 26177 Час 11:12 Вид заседание зала / резултат / Насрочено за I-во заседание 18 май2026 Час --:-- Вид страна Юрисконсулт С.С.Д. 30 април2026 Час 21:34 Вид акт Разпореждане 54754 Час 21:33 Вид акт Разпореждане 54753 Час 21:32 Вид заседание зала / резултат / Без движение Час 21:30 Вид заседание зала / резултат / С определение/разпореждане по чл. 131 ГПК/чл. 367 ГПК 24 април2026 Час 16:36 Вид разпределение Избран съдия/заседател ЕМИЛИАН ЛЮБЕНОВ ЛАКОВ Час --:-- Вид страна Ищец ИПСТАР ЕООД Час --:-- Вид страна Ответник ОРС - ИНФРАСТРУКТУРА ООД Час --:-- Вид страна Адвокат Т.С.Т. Час 16:36 Вид дело Гражданско дело 11224/2026
b301a700-87d9-41b4-a675-bad48c66b412,2026 01 юни2026 Час 10:18 Вид акт Решение 10453 Час 10:16 Вид заседание зала / резултат / Решено с акт по същество в закрито заседание Час --:-- Вид страна Заинтересована страна Районна прокуратура - София Час --:-- Вид страна Заинтересована страна Столична община - ГРАО 24 април2026 Час 17:24 Вид акт Разпореждане 52052 Час 17:21 Вид заседание зала / резултат / Без движение Час 16:35 Вид разпределение Избран съдия/заседател ВИЛЯНА ГОСПОДИНОВА МАНОВА Час --:-- Вид страна Молител Д.Б.Б. Час --:-- Вид страна Законен представител В.Л.Т. Час --:-- Вид страна Законен представител Б.П.Б. Час 16:35 Вид дело Гражданско дело 11223/2026
4d29c661-5729-4de4-b325-06b3794d6713,2026 24 юли2026 Час 08:18 Вид акт Решение 1165 07 юли2026 Час 20:09 Вид акт Протоколно определение 1798 06 юли2026 Час 09:00 Вид заседание зала / резултат / Обявено за решаване 10 юни2026 Час --:-- Вид страна Вещо лице Д.П.Д. 05 юни2026 Час 10:19 Вид акт Определение 2511 Час 10:15 Вид заседание зала / резултат / Насрочено за I-во заседание 28 април2026 Час 09:53 Вид акт Разпореждане 5839 Час 09:50 Вид заседание зала / резултат / С определение/разпореждане по чл. 131 ГПК/чл. 367 ГПК 24 април2026 Час 16:35 Вид разпределение Избран съдия/заседател Христо Стефанов Томов Час --:-- Вид страна Ищец Т.В.Х. Час --:-- Вид страна Ответник Община Искър Час --:-- Вид страна Адвокат Й.И.Д. Час 16:35 Вид дело Гражданско дело 1697/2026
6c9cba40-2660-4c95-8c38-87f78c359218,2026 21 септември2026 Час 13:16 Вид акт Протокол 391 17 септември2026 Час 10:30 Вид заседание зала / резултат Зала №3 Етаж №2 / 14 септември2026 Час 14:15 Вид разпределение Избран съдия/заседател Петър Лазаров Мичев 11 юни2026 Час 14:17 Вид акт Протокол 234 Час 10:30 Вид заседание зала / резултат Зала №4 Етаж №2 / Отложено 10 юни2026 Час --:-- Вид страна Обвинител Г.Е.Б. 11 май2026 Час --:-- Вид страна Страна Окръжна прокуратура - Кюстендил Час --:-- Вид страна Защитник А.Т.Р. 08 май2026 Час 16:06 Вид акт Определение 147 Час 16:01 Вид заседание зала / резултат / С определение за насрочване 24 април2026 Час 16:35 Вид разпределение Избран съдия/заседател Мирослав Милчев Начев Час --:-- Вид страна Жалбоподател-подсъдим М.А.А. Час 16:35 Вид дело Въззивно административно наказателно дело 243/2026
c5110530-8f31-4e37-82ef-f0c6c2d1f154,2026 17 ноември2026 Час 10:00 Вид заседание зала / резултат / 06 октомври2026 Час 14:12 Вид акт Определение 1988 Час 14:01 Вид заседание зала / резултат / С определение Час --:-- Вид страна Вещо лице М.И.К. 05 октомври2026 Час --:-- Вид страна Вещо лице С.Х.П. 02 октомври2026 Час 16:42 Вид акт Определение 1971 Час 16:37 Вид заседание зала / резултат / С определение 15 септември2026 Час 17:24 Вид акт Разпореждане 3191 Час 17:08 Вид заседание зала / резултат / Без движение 07 август2026 Час --:-- Вид страна Трето лице помагач ЗАСТРАХОВАТЕЛНА КОМПАНИЯ ЛЕВ ИНС АД Час --:-- Вид страна Вещо лице Н.Н. 06 август2026 Час 15:40 Вид акт Определение 1564 Час 15:29 Вид заседание зала / резултат / Насрочено за I-во заседание 06 юли2026 Час --:-- Вид страна Адвокат И.И.Г. 03 юли2026 Час 11:37 Вид акт Разпореждане 2566 Час 11:21 Вид заседание зала / резултат / Без движение 21 май2026 Час 17:12 Вид акт Разпореждане 2114 Час 17:10 Вид заседание зала / резултат / С определение/разпореждане по чл. 131 ГПК/чл. 367 ГПК 27 април2026 Час 14:09 Вид акт Разпореждане 1795 Час 14:05 Вид заседание зала / резултат / Без движение 24 април2026 Час 16:35 Вид разпределение Избран съдия/заседател Весела Калчева Спасова Час --:-- Вид страна Ищец З.С.С. Час --:-- Вид страна Ответник Р.И.М. Час --:-- Вид страна Адвокат М.И.Г.Ч. Час 16:35 Вид дело Гражданско дело 897/2026
d43682d5-2528-4d45-8e48-c40f0c9ca70b,"2026 19 ноември2026 Час 13:15 Вид заседание зала / резултат / 11 септември2026 Час 18:02 Вид акт Определение 33061 Час 17:57 Вид заседание зала / резултат / Насрочено за I-во заседание 16 юни2026 Час 17:53 Вид акт Разпореждане 73664 Час 17:50 Вид заседание зала / резултат / С определение/разпореждане по чл. 131 ГПК/чл. 367 ГПК 22 май2026 Час 19:53 Вид акт Разпореждане 63197 Час 19:46 Вид заседание зала / резултат / Без движение 24 април2026 Час 16:35 Вид разпределение Избран съдия/заседател ПЕТЪР МАРТИНОВ МИЛЕВ Час --:-- Вид страна Ищец ЗАД ""АЛИАНЦ БЪЛГАРИЯ"" АД Час --:-- Вид страна Ответник Застрахователно акционерно дружество ДаллБогг: Живот и Здраве АД Час 16:35 Вид дело Гражданско дело 11222/2026"
1126d20a-3d34-4bbd-a8b3-30e653a9d892,"2026 13 юли2026 Час 13:51 Вид акт Разпореждане 84957 Час 13:49 Вид заседание зала / резултат / С определение/разпореждане по чл. 131 ГПК/чл. 367 ГПК 11 юни2026 Час 12:27 Вид акт Разпореждане 71482 Час 12:25 Вид заседание зала / резултат / Без движение 29 април2026 Час --:-- Вид страна Адвокат Б.Д.М. 24 април2026 Час 16:35 Вид разпределение Избран съдия/заседател ВАНЯ БОРИСОВА ИВАНОВА ЗГУРОВА Час --:-- Вид страна Ищец ЮАБ Скайкоп.ком, дружество, регистрирано в Държавния център за регистрация на предприятия (SECR) в Република Литва, регистрационен номер 304423851 Час --:-- Вид страна Ответник БЪЛГАРИЯ ЕЪР АД Час --:-- Вид страна Адвокат Г.Л.В. Час 16:35 Вид дело Гражданско дело 11221/2026"
a8d25865-eeb6-41b9-a0ef-76cd0372078a,2026 27 май2026 Час 13:17 Вид акт Разпореждане 4850 Час 13:16 Вид заседание зала / резултат / С разпореждане 30 април2026 Час 15:32 Вид акт Заповед за изпълнение 1562 Час 15:30 Вид заседание зала / резултат / Със заповед за изпълнение 24 април2026 Час 16:35 Вид разпределение Избран съдия/заседател Георги Кирилов Пашалиев Час --:-- Вид страна Заявител Топлофикация София ЕАД Час --:-- Вид страна Длъжник Л.И.Т. Час --:-- Вид страна Длъжник Н.И.П. Час --:-- Вид страна Пълномощник Г.И.И. Час --:-- Вид страна Представляващ П.Р.П. Час --:-- Вид страна Представляващ Р.Д.Г. Час 16:35 Вид дело Частно гражданско дело 2066/2026
953a5581-2815-40d2-a5cd-9711568ea86a,2026 17 юни2026 Час 16:09 Вид акт Изпълнителен лист ЗП 287 Час 15:04 Вид акт Разпореждане 1685 Час 15:02 Вид заседание зала / резултат / С разпореждане 27 април2026 Час 11:10 Вид акт Заповед за изпълнение 105 Час 08:44 Вид заседание зала / резултат / Със заповед за изпълнение 24 април2026 Час 16:34 Вид разпределение Избран съдия/заседател Ангелина Бисеркова Час --:-- Вид страна Заявител ЕОС МАТРИКС ЕАД Час --:-- Вид страна Длъжник К.С.А. Час --:-- Вид страна Адвокат Г.И.Х. Час 16:34 Вид дело Частно гражданско дело 389/2026
680172ab-ff72-4297-a320-daa1a3cb1856,2026 28 април2026 Час 14:24 Вид акт Заповед за изпълнение 877 Час 14:22 Вид заседание зала / резултат / Със заповед за изпълнение 24 април2026 Час 16:34 Вид разпределение Избран съдия/заседател Борислав Кирилов Тончев Час --:-- Вид страна Заявител АПС БЕТА БЪЛГАРИЯ ЕООД Час --:-- Вид страна Длъжник Ф.Е.Х. Час --:-- Вид страна Законен представител Х.М.М. Час --:-- Вид страна Законен представител П.В. Час --:-- Вид страна Юрисконсулт П.Ф.Ц. Час 16:34 Вид дело Частно гражданско дело 1102/2026
73ed8936-9e43-4f50-9427-96ba9be03ebc,2026 28 април2026 Час 10:27 Вид акт Заповед за изпълнение 858 Час 10:19 Вид заседание зала / резултат / Със заповед за изпълнение 24 април2026 Час 16:34 Вид разпределение Избран съдия/заседател Лилия Йорданова Любенова Димитрова Час --:-- Вид страна Заявител БЕСТ Кепитъл България ЕАД Час --:-- Вид страна Длъжник В.А.В. Час --:-- Вид страна Пълномощник Б.И.К. Час 16:34 Вид дело Частно гражданско дело 1101/2026
84e859b0-5be1-4dab-81ae-b9a9f788d372,2026 27 април2026 Час 15:47 Вид акт Изпълнителен лист ЗП 555 Час 15:32 Вид акт Заповед за изпълнение 850 Час 15:00 Вид заседание зала / резултат / Със заповед за изпълнение 24 април2026 Час 16:34 Вид разпределение Избран съдия/заседател Боряна Александрова Ангелова Час --:-- Вид страна Заявител Банка ДСК АД Час --:-- Вид страна Длъжник Я.В.Я. Час --:-- Вид страна Пълномощник Д.Б.Г. Час 16:34 Вид дело Частно гражданско дело 1100/2026
9b0578c3-fe43-4961-81b7-5a422f19c003,2026 29 септември2026 Час 11:40 Вид заседание зала / резултат / 17 юли2026 Час 11:47 Вид акт Определение 25940 Час 11:44 Вид заседание зала / резултат / Прекратено след насрочване 01 юли2026 Час 10:27 Вид акт Разпореждане 79781 Час 10:17 Вид заседание зала / резултат / С разпореждане 29 юни2026 Час 14:35 Вид акт Определение 23612 Час 14:33 Вид заседание зала / резултат / С определение за насрочване 18 юни2026 Час 13:36 Вид акт Определение 22505 Час 13:33 Вид заседание зала / резултат / Насрочено за I-во заседание 29 април2026 Час 11:36 Вид заседание зала / резултат / Час 11:36 Вид акт Определение 16287 Час 11:31 Вид заседание зала / резултат / Определение по чл. 389 от ГПК Час 10:59 Вид акт Разпореждане 53461 Час 10:58 Вид заседание зала / резултат / С определение/разпореждане по чл. 131 ГПК/чл. 367 ГПК 24 април2026 Час 16:33 Вид разпределение Избран съдия/заседател СВЕТЛАНА НИКОЛАЕВА РАЧЕВА ЯНЕВА Час --:-- Вид страна Ищец Г.И.С. Час --:-- Вид страна Ответник ММ СОФИЯ ЕАД Час --:-- Вид страна Адвокат В.Г.К. Час 16:33 Вид дело Гражданско дело 11220/2026
2f7d55b4-5ffa-40da-9ee7-cb62f5fdab42,2026 03 юни2026 Час 15:11 Вид акт Решение 4906 28 май2026 Час 18:39 Вид Документ Вносител М.С.А. Час 11:00 Вид заседание зала / резултат Зала 3 / Обявено за решаване 27 април2026 Час 10:51 Вид акт Разпореждане 3642 Час --:-- Вид заседание зала / резултат / Проведено 24 април2026 Час 16:33 Вид разпределение Избран съдия/заседател Галина Радикова Час --:-- Вид страна Касатор ВАНИНА СТИЛ ООД Час --:-- Вид страна Друго ОКРЪЖНА ПРОКУРАТУРА БУРГАС Час --:-- Вид страна Ответник ДИРЕКТОР НА ДИРЕКЦИЯ ИНСПЕКЦИЯ ПО ТРУДА БУРГАС Час --:-- Вид страна Процесуален представител М.С.А. Час 16:33 Вид дело Касационно административно наказателно дело 958/2026
a8f8326c-4ce8-4587-9fb0-cd56589841e4,"2026 02 октомври2026 Час 17:02 Вид акт Определение 4174 Час 16:58 Вид заседание зала / резултат / Насрочено за I-во заседание 27 април2026 Час 09:52 Вид акт Разпореждане 5779 Час 09:50 Вид заседание зала / резултат / С определение/разпореждане по чл. 131 ГПК/чл. 367 ГПК 24 април2026 Час 16:33 Вид разпределение Избран съдия/заседател Мариана Костадинова Тодорова Досева Час --:-- Вид страна Ищец В.Д.Н. Час --:-- Вид страна Ответник ""ИЗИ АСЕТ МЕНИДЖМЪНТ"" АД Час --:-- Вид страна Ответник ""ФАЙНЕНШЪЛ БЪЛГАРИЯ"" ЕООД Час --:-- Вид страна Адвокат С.С.Т. Час 16:33 Вид дело Гражданско дело 1696/2026"
1663c87b-0538-4ae6-95e5-21b398ba6b00,2026 24 август2026 Час 14:22 Вид акт Определение 452 Час 10:32 Вид заседание зала / резултат / Решено с акт по същество в закрито заседание 24 април2026 Час 16:33 Вид разпределение Избран съдия/заседател Ваня Драганова Богоева Час --:-- Вид страна Жалбоподател Д.Д.Ю. Час --:-- Вид страна Ответник Водоснабдяване и Канализация ООД Час --:-- Вид страна Адвокат А.Н.Н. Час 16:32 Вид дело Въззивно частно гражданско дело 156/2026
e0ad6c81-76d4-42e0-bb36-7f70d3673157,2026 04 май2026 Час 16:32 Вид акт Разпореждане 55276 Час 16:31 Вид заседание зала / резултат / С разпореждане 24 април2026 Час 16:32 Вид разпределение Избран съдия/заседател МАРИЯ СТАНЧЕВА ДИМИТРОВА Час --:-- Вид страна Молител РЕПУБЛИКА КОСОВО Час --:-- Вид страна Ответник Л.А.В. Час 16:32 Вид дело Частно гражданско дело 11219/2026
a9528369-67ef-4fdf-aab3-4a27e338594e,2026 18 септември2026 Час 13:44 Вид акт Разпореждане 16930 Час 13:42 Вид заседание зала / резултат / С определение/разпореждане по чл. 131 ГПК/чл. 367 ГПК 14 юли2026 Час 16:15 Вид акт Разпореждане 13181 Час 16:08 Вид заседание зала / резултат / Без движение 17 юни2026 Час --:-- Вид страна Адвокат Р.Н.Р. 21 май2026 Час 12:38 Вид акт Разпореждане 9493 Час 12:37 Вид заседание зала / резултат / С определение/разпореждане по чл. 131 ГПК/чл. 367 ГПК 07 май2026 Час 16:15 Вид акт Разпореждане 8602 Час 16:11 Вид заседание зала / резултат / 24 април2026 Час 16:32 Вид разпределение Избран съдия/заседател Веселин Пламенов Атанасов Час --:-- Вид страна Ищец ЕОС МАТРИКС ЕАД Час --:-- Вид страна Ответник Ф.Д.П. Час --:-- Вид страна Адвокат А.М.К.П. Час 16:32 Вид дело Гражданско дело 3320/2026
81257d5c-1feb-4c0d-8000-3f3247b90ab0,2026 05 май2026 Час 09:29 Вид акт Определение 2020 Час 09:27 Вид заседание зала / резултат / Прекратено преди насрочване/разглеждане в ЗЗ 28 април2026 Час 15:59 Вид акт Определение 1947 Час 15:56 Вид заседание зала / резултат / Определение по чл. 389 от ГПК 27 април2026 Час --:-- Вид страна Ответник МАКРОАДВАНС АД Час --:-- Вид страна Адвокат В.Т.В. 24 април2026 Час 17:08 Вид акт Разпореждане 5761 Час 17:06 Вид заседание зала / резултат / Без движение Час 16:32 Вид разпределение Избран съдия/заседател Мариана Костадинова Тодорова Досева Час --:-- Вид страна Ищец М.В.В. Час 16:32 Вид дело Гражданско дело 1695/2026
8841d108-7b5f-426a-a62d-771089181c63,2026 01 септември2026 Час --:-- Вид страна Адвокат А.П.К. 31 август2026 Час 16:35 Вид акт Определение 456 Час 16:33 Вид заседание зала / резултат / Прекратено преди насрочване/разглеждане в ЗЗ 13 юли2026 Час 11:16 Вид акт Разпореждане 303 Час 11:14 Вид заседание зала / резултат / Без движение 01 юни2026 Час 15:47 Вид акт Разпореждане 248 Час 15:45 Вид заседание зала / резултат / С определение/разпореждане по чл. 131 ГПК/чл. 367 ГПК 27 април2026 Час 15:56 Вид акт Разпореждане 180 Час 15:50 Вид заседание зала / резултат / Без движение 24 април2026 Час 16:31 Вид разпределение Избран съдия/заседател Веселина Димитрова Джонева Час --:-- Вид страна Ищец В.Г.И. Час --:-- Вид страна Ответник М.И.И. Час 16:31 Вид дело Гражданско дело 155/2026
39bd59d1-f1a3-4c4a-bf50-4a387c786694,2026 17 юни2026 Час 17:15 Вид акт Решение 5377 28 май2026 Час 18:39 Вид Документ Вносител М.А. Час 11:05 Вид заседание зала / резултат Зала 3 / Обявено за решаване 27 април2026 Час 11:00 Вид акт Разпореждане 3645 Час --:-- Вид заседание зала / резултат / Проведено 24 април2026 Час 16:31 Вид разпределение Избран съдия/заседател Атанаска Атанасова Час --:-- Вид страна Касатор ВАНИНА СТИЛ ООД Час --:-- Вид страна Друго ОКРЪЖНА ПРОКУРАТУРА БУРГАС Час --:-- Вид страна Ответник Директор на дирекция Инспекция по труда-Бургас Час --:-- Вид страна Процесуален представител М.А. Час 16:31 Вид дело Касационно административно наказателно дело 957/2026
02639682-11ba-42d3-9c42-c7817c8a514e,2026 03 май2026 Час 10:31 Вид акт Изпълнителен лист ЗП 480 Час 10:29 Вид акт Заповед за изпълнение 755 Час 10:24 Вид заседание зала / резултат / Решено с акт по същество в закрито заседание 24 април2026 Час 16:31 Вид разпределение Избран съдия/заседател Росица Генадиева Тодорова Час --:-- Вид страна Заявител ЕЙ УАН ВИЖЪН ЕООД Час --:-- Вид страна Длъжник С.М. Час --:-- Вид страна Юрисконсулт Р.С. Час 16:31 Вид дело Частно гражданско дело 891/2026
799fad09-ac84-491d-be42-23b324876cbd,2026 27 април2026 Час 10:17 Вид акт Изпълнителен лист ЗП 361 Час 10:15 Вид акт Заповед за изпълнение 409 Час 10:08 Вид заседание зала / резултат / Решено с акт по същество в закрито заседание 24 април2026 Час 16:31 Вид разпределение Избран съдия/заседател Велина Пенева Час --:-- Вид страна Заявител Банка ДСК АД Час --:-- Вид страна Длъжник С.Д.П. Час --:-- Вид страна Пълномощник Д.М.П. Час 16:31 Вид дело Частно гражданско дело 1329/2026
b8da9246-d958-45eb-bcb3-9e4c16adb9a5,2026 31 юли2026 Час 09:32 Вид акт Разпореждане 9866 Час 09:30 Вид заседание зала / резултат / С определение/разпореждане по чл. 131 ГПК/чл. 367 ГПК 25 юли2026 Час 12:17 Вид акт Разпореждане 9657 Час 12:15 Вид заседание зала / резултат / С разпореждане 26 май2026 Час --:-- Вид страна Адвокат В.Г.И. 30 април2026 Час 16:10 Вид акт Разпореждане 5965 Час 16:09 Вид заседание зала / резултат / С определение/разпореждане по чл. 131 ГПК/чл. 367 ГПК 27 април2026 Час 16:22 Вид акт Разпореждане 5821 Час 16:20 Вид заседание зала / резултат / Без движение Час --:-- Вид страна Ответник Т.В.Л. Час --:-- Вид страна Адвокат Г.И.Г. 24 април2026 Час 16:31 Вид разпределение Избран съдия/заседател Силвия Георгиева Иванова Час --:-- Вид страна Ищец Г.В.И. Час 16:31 Вид дело Гражданско дело 1694/2026
6eed4e76-c803-4879-af31-4ff1c9451ccf,2026 28 юли2026 Час 12:23 Вид акт Решение 15090 16 юли2026 Час 14:18 Вид акт Протокол 19652 13 юли2026 Час 13:40 Вид заседание зала / резултат / С решение по чл. 235 ГПК 12 юни2026 Час 10:46 Вид акт Определение 21815 Час 10:44 Вид заседание зала / резултат / Насрочено за I-во заседание 29 април2026 Час 15:07 Вид акт Разпореждане 53725 Час 15:05 Вид заседание зала / резултат / С определение/разпореждане по чл. 131 ГПК/чл. 367 ГПК 24 април2026 Час 16:31 Вид разпределение Избран съдия/заседател ЗОРНИЦА ИВАНОВА ВИДОЛОВА Час --:-- Вид страна Ищец М.Ж.С. Час --:-- Вид страна Ответник БЪЛГАРИЯ ЕЪР АД Час --:-- Вид страна Адвокат М.С.Б. Час 16:31 Вид дело Гражданско дело 11218/2026
a91256ff-462f-490c-a759-c487fda499ee,"2026 16 септември2026 Час 10:11 Вид акт Изпълнителен лист 7992 15 септември2026 Час 17:26 Вид акт Протокол 20877 Час 15:09 Вид Документ Вносител ЗАД ""АЛИАНЦ БЪЛГАРИЯ"" АД 11 септември2026 Час 09:30 Вид заседание зала / резултат / Обявено за решаване 29 юни2026 Час --:-- Вид страна Свидетел Н.Л.Н. Час --:-- Вид страна Вещо лице Й.Д.Й. 25 юни2026 Час 14:37 Вид акт Определение 23324 Час 14:36 Вид заседание зала / резултат / Насрочено за I-во заседание 14 май2026 Час 18:58 Вид акт Разпореждане 59482 Час 18:57 Вид заседание зала / резултат / С определение/разпореждане по чл. 131 ГПК/чл. 367 ГПК 28 април2026 Час 15:05 Вид акт Разпореждане 53174 Час 15:04 Вид заседание зала / резултат / Без движение 24 април2026 Час 16:31 Вид разпределение Избран съдия/заседател МИХАИЛ ДРАГОМИРОВ ДРАГНЕВ Час --:-- Вид страна Ищец ЗАД ""АЛИАНЦ БЪЛГАРИЯ"" АД Час --:-- Вид страна Ответник Застрахователно акционерно дружество ДаллБогг: Живот и Здраве АД Час 16:31 Вид дело Гражданско дело 11217/2026"
e0a722a5-db13-4308-98e5-432247774882,2026 27 април2026 Час 11:26 Вид акт Разпореждане 1779 Час 11:24 Вид заседание зала / резултат / Решено с акт по същество в закрито заседание 24 април2026 Час 16:31 Вид разпределение Избран съдия/заседател Велемира Денчева Димитрова Час --:-- Вид страна Кредитор МОСТ ФИНАНС МЕНИДЖМЪНТ АД Час --:-- Вид страна Длъжник А.В.В. Час --:-- Вид страна Юрисконсулт Е.И.И. Час 16:31 Вид дело Частно гражданско дело 1079/2026
2a66bbc2-42f2-4c71-99a8-d8fa4ead5f7b,"2026 20 май2026 Час 16:25 Вид акт Разпореждане 61919 Час 16:23 Вид заседание зала / резултат / С разпореждане Час 16:23 Вид акт Разпореждане 61917 Час 16:22 Вид заседание зала / резултат / С определение/разпореждане по чл. 131 ГПК/чл. 367 ГПК 28 април2026 Час 16:03 Вид акт Разпореждане 53235 Час 16:02 Вид заседание зала / резултат / Без движение 24 април2026 Час 16:30 Вид разпределение Избран съдия/заседател ПЕТЯ ПЕТКОВА СТОЯНОВА Час --:-- Вид страна Ищец ЗАД ""АЛИАНЦ БЪЛГАРИЯ"" АД Час --:-- Вид страна Ответник ЗАСТРАХОВАТЕЛНО ЕДНОЛИЧНО АКЦИОНЕРНО ДРУЖЕСТВО ""БУЛСТРАД ВИЕНА ИНШУРЪНС ГРУП"" ЕАД Час --:-- Вид страна Адвокат Д.Я.Д. Час 16:30 Вид дело Гражданско дело 11216/2026"
ddc11733-d556-4998-8257-e83bba9e8262,"2026 24 април2026 Час 17:32 Вид акт Определение 72 Час 17:29 Вид заседание зала / резултат / С определение, приключващо делото Час 16:30 Вид разпределение Избран съдия/заседател Цветелина Недкова Харалампиева Час --:-- Вид страна Вносител ТО-Бяла Слатина към РП-Враца Час --:-- Вид страна Страна Т.Т.М. Час 16:30 Вид дело Частно наказателно дело 160/2026"
33fd9eb1-b9ce-4478-bf6d-81af8d67212b,2026 25 юни2026 Час 09:00 Вид заседание зала / резултат / Отменено 23 юни2026 Час 10:42 Вид акт Определение 2743 Час 10:40 Вид заседание зала / резултат / Прекратено след насрочване 15 юни2026 Час 09:00 Вид заседание зала / резултат / Пренасрочено 22 май2026 Час 16:27 Вид акт Разпореждане 6953 Час 16:26 Вид заседание зала / резултат / С разпореждане 18 май2026 Час 12:46 Вид акт Определение 2206 Час 12:44 Вид заседание зала / резултат / Насрочено за I-во заседание 13 май2026 Час --:-- Вид страна Адвокат В.Ц.М. 27 април2026 Час 11:16 Вид акт Разпореждане 5785 Час 11:15 Вид заседание зала / резултат / С определение/разпореждане по чл. 131 ГПК/чл. 367 ГПК 24 април2026 Час 16:30 Вид разпределение Избран съдия/заседател Вера Светославова Найденова Час --:-- Вид страна Ищец С.Й.Р. Час --:-- Вид страна Ответник Е.Ц.Р. Час --:-- Вид страна Адвокат П.Н.В. Час 16:30 Вид дело Гражданско дело 1693/2026
4f45b593-eaa8-4dbe-8fc0-254067fce077,2026 04 ноември2026 Час 14:30 Вид заседание зала / резултат ЗАЛА 7 / 30 юни2026 Час 11:03 Вид разпределение Избран съдия/заседател Цветанка Вълчева 15 юни2026 Час 14:57 Вид акт Определение 1572 Час 14:54 Вид заседание зала / резултат / Насрочено за I-во заседание 27 април2026 Час 20:27 Вид акт Определение 1147 Час 20:24 Вид заседание зала / резултат / С определение/разпореждане по чл. 131 ГПК/чл. 367 ГПК Час --:-- Вид страна Адвокат И.Д.С. 24 април2026 Час 16:49 Вид акт Разпореждане 1729 Час 16:45 Вид заседание зала / резултат / Без движение Час 16:30 Вид разпределение Избран съдия/заседател Мариета Бедросян Час --:-- Вид страна Ищец М.П.Ф. Час --:-- Вид страна Ответник Т.А.Т. Час 16:29 Вид дело Гражданско дело 987/2026
d76decba-a7a7-418d-a6fa-3eedc62b47ce,"2026 05 октомври2026 Час 14:00 Вид заседание зала / резултат / Отложено в ОСЗ 15 юли2026 Час 09:49 Вид акт Протокол 19466 13 юли2026 Час 13:30 Вид заседание зала / резултат / Отложено в I-во заседание 23 юни2026 Час 10:43 Вид акт Определение 22960 Час 10:41 Вид заседание зала / резултат / Насрочено за I-во заседание Час --:-- Вид страна Свидетел Н.П.Г. Час --:-- Вид страна Свидетел Г.Х.Р. Час --:-- Вид страна Вещо лице С.Д.С. Час --:-- Вид страна Вещо лице М.В.В. Час --:-- Вид страна Адвокат Н.С.К. 14 май2026 Час 09:53 Вид акт Разпореждане 58938 Час 09:51 Вид заседание зала / резултат / С определение/разпореждане по чл. 131 ГПК/чл. 367 ГПК 27 април2026 Час 14:06 Вид акт Разпореждане 52496 Час 14:00 Вид заседание зала / резултат / Без движение 24 април2026 Час 16:30 Вид разпределение Избран съдия/заседател НИКОЛА ДИНКОВ КЪНЧЕВ Час --:-- Вид страна Ищец ЗАД ""АЛИАНЦ БЪЛГАРИЯ"" АД Час --:-- Вид страна Ответник Застрахователно акционерно дружество ДаллБогг: Живот и Здраве АД Час 16:29 Вид дело Гражданско дело 11215/2026"
3af03fa2-4e44-42fc-8684-f5db6a091cdc,2026 31 юли2026 Час 12:11 Вид акт Разпореждане 93162 Час 12:09 Вид заседание зала / резултат / С определение/разпореждане по чл. 131 ГПК/чл. 367 ГПК 24 април2026 Час 16:29 Вид разпределение Избран съдия/заседател ПЛАМЕНА САШЕВА ТРЕНЧЕВА Час --:-- Вид страна Ищец В.Л.С. Час --:-- Вид страна Ответник БЪЛГАРИЯ ЕЪР АД Час --:-- Вид страна Адвокат М.С.Б. Час 16:29 Вид дело Гражданско дело 11214/2026
59f26cf8-1af0-448e-89b4-4b5b35c4b030,"2026 28 октомври2026 Час 11:30 Вид заседание зала / резултат / 02 септември2026 Час 16:39 Вид акт Протокол 2119 Час 10:30 Вид заседание зала / резултат / Отложено в I-во заседание 23 юли2026 Час --:-- Вид страна Друго Дирекция ""Социално подпомагане"" Плевен-отдел ""Закрила на детето"" Час --:-- Вид страна Друго Дирекция ""Социално подпомагане"" Кюстендил-отдел ""Закрила на детето"" 22 юли2026 Час 10:36 Вид акт Определение 3217 Час 10:34 Вид заседание зала / резултат / Насрочено за I-во заседание 26 юни2026 Час --:-- Вид страна Адвокат М.Ц.Б. 19 май2026 Час 09:17 Вид акт Разпореждане 6736 Час 09:15 Вид заседание зала / резултат / С определение/разпореждане по чл. 131 ГПК/чл. 367 ГПК 04 май2026 Час 11:53 Вид акт Разпореждане 6047 Час 11:51 Вид заседание зала / резултат / Без движение 24 април2026 Час 16:29 Вид разпределение Избран съдия/заседател Ралица Ангелова Маринска Ангелова Час --:-- Вид страна Ищец А.К.Г. Час --:-- Вид страна Ищец М.И.Г. Час --:-- Вид страна Ответник Н.М.Й. Час --:-- Вид страна Ответник К.М.Г. Час --:-- Вид страна Адвокат М.Д.Г. Час 16:29 Вид дело Гражданско дело 1692/2026"
65759d69-e4d7-4c96-9fd7-0768fc63fe0b,"2026 24 април2026 Час 16:54 Вид акт Определение 71 Час 16:51 Вид заседание зала / резултат / С определение, приключващо делото Час 16:29 Вид разпределение Избран съдия/заседател Цветелина Недкова Харалампиева Час --:-- Вид страна Вносител ТО-Бяла Слатина към РП-Враца Час --:-- Вид страна Страна Т.Т.М. Час 16:29 Вид дело Частно наказателно дело 159/2026"
ded086e8-67e3-42b2-ae43-f8eac0e0734d,2026 11 юни2026 Час 17:01 Вид акт Изпълнителен лист ЗП 745 Час 17:00 Вид акт Разпореждане 4070 Час 16:25 Вид заседание зала / резултат / С разпореждане 28 април2026 Час 14:02 Вид акт Заповед за изпълнение 993 Час 13:13 Вид заседание зала / резултат / Със заповед за изпълнение Час 12:24 Вид акт Разпореждане 2692 Час 09:16 Вид заседание зала / резултат / С разпореждане 24 април2026 Час 16:29 Вид разпределение Избран съдия/заседател ЙОВКА БОЙЧЕВА ПУДОВА Час --:-- Вид страна Заявител МОСТ ФИНАНС МЕНИДЖМЪНТ АД Час --:-- Вид страна Длъжник А.А.Б. Час --:-- Вид страна Пълномощник С.К.К. Час 16:29 Вид дело Частно гражданско дело 1415/2026
630d509b-50f0-4ee6-8aef-00dff960512d,2026 26 юни2026 Час --:-- Вид страна Адвокат К.Х.Н. 29 май2026 Час 13:27 Вид акт Разпореждане 65480 Час 13:24 Вид заседание зала / резултат / С определение/разпореждане по чл. 131 ГПК/чл. 367 ГПК 24 април2026 Час 16:29 Вид разпределение Избран съдия/заседател МИХАЕЛА КАСАБОВА-ХРАНОВА Час --:-- Вид страна Ищец М.Й.Т. Час --:-- Вид страна Ответник С.Д.С. Час --:-- Вид страна Ответник Г.Х.С. Час --:-- Вид страна Ответник В.А.К. Час --:-- Вид страна Ответник Е.В.К. Час --:-- Вид страна Адвокат Д.Г.П. Час 16:29 Вид дело Гражданско дело 11213/2026
ef333e3d-2792-486e-823d-2ae2f67ea6dc,2026 14 май2026 Час 15:09 Вид акт Определение 2163 Час --:-- Вид заседание зала / резултат / Прекратено 28 април2026 Час 14:44 Вид акт Разпореждане 1918 Час --:-- Вид заседание зала / резултат / Проведено 24 април2026 Час 16:29 Вид разпределение Избран съдия/заседател Михаил Русев Час --:-- Вид страна Жалбоподател М.М.К. Час --:-- Вид страна Ответник Кмет на Община Стара Загора Час --:-- Вид страна Адвокат Г.Н.Г.М. Час 16:29 Вид дело Административно дело 490/2026
d992918e-74fa-4cc3-b7cf-6b761878b1ec,"2026 09 септември2026 Час 11:56 Вид акт Изпълнителен лист ЗП 1520 03 септември2026 Час 11:03 Вид акт Разпореждане 10725 Час 10:27 Вид заседание зала / резултат / С разпореждане 03 юни2026 Час 11:37 Вид акт Разпореждане 6765 Час 11:34 Вид заседание зала / резултат / С акт по хода на делото без уведомяване на страните 28 април2026 Час 17:30 Вид акт Заповед за изпълнение 947 Час 15:27 Вид заседание зала / резултат / Със заповед за изпълнение 24 април2026 Час 17:41 Вид акт Разпореждане 4848 Час 17:39 Вид заседание зала / резултат / Без движение Час 16:29 Вид разпределение Избран съдия/заседател Асен Валериев Велев Час --:-- Вид страна Заявител ""ТРИЕРА"" ЕООД Час --:-- Вид страна Длъжник ""БУЛМАШ"" ЕООД Час --:-- Вид страна Адвокат А.М.Д. Час 16:29 Вид дело Частно гражданско дело 1738/2026"
41f6ae9b-04d7-43ba-a7ed-52a631c79ca1,2026 27 април2026 Час 13:16 Вид акт Изпълнителен лист ЗП 2879 Час 12:11 Вид акт Заповед за изпълнение 3704 25 април2026 Час 08:07 Вид акт Разпореждане 12348 24 април2026 Час 17:35 Вид заседание зала / резултат / Решено с акт по същество в закрито заседание Час 16:29 Вид разпределение Избран съдия/заседател Михаил Ангелов Алексов Час --:-- Вид страна Заявител Банка ДСК АД Час --:-- Вид страна Длъжник М.Д.С. Час --:-- Вид страна Пълномощник П.Г.М. Час 16:29 Вид дело Частно гражданско дело 4517/2026
ff5948e1-626d-4b48-a75c-33c3312b9a02,"2026 09 октомври2026 Час 10:40 Вид заседание зала / резултат / 16 септември2026 Час 07:58 Вид Документ Вносител ЗАД ""АЛИАНЦ БЪЛГАРИЯ"" АД 15 септември2026 Час 17:26 Вид акт Протокол 20874 11 септември2026 Час 09:40 Вид заседание зала / резултат / Отложено в I-во заседание 01 юли2026 Час --:-- Вид страна Свидетел И.А.В. Час --:-- Вид страна Свидетел В.В.Т. Час --:-- Вид страна Вещо лице Й.Д.Й. 30 юни2026 Час --:-- Вид страна Адвокат Н.К. 24 юни2026 Час 17:37 Вид акт Определение 23231 Час 17:34 Вид заседание зала / резултат / Насрочено за I-во заседание 14 май2026 Час 19:00 Вид акт Разпореждане 59483 Час 18:58 Вид заседание зала / резултат / С определение/разпореждане по чл. 131 ГПК/чл. 367 ГПК 28 април2026 Час 15:02 Вид акт Разпореждане 53171 Час 15:00 Вид заседание зала / резултат / Без движение 24 април2026 Час 16:28 Вид разпределение Избран съдия/заседател МИХАИЛ ДРАГОМИРОВ ДРАГНЕВ Час --:-- Вид страна Ищец ЗАД ""АЛИАНЦ БЪЛГАРИЯ"" АД Час --:-- Вид страна Ответник Застрахователно акционерно дружество ДаллБогг: Живот и Здраве АД Час 16:28 Вид дело Гражданско дело 11212/2026"
c778d933-106b-477a-beeb-df1dbe2c89b2,2026 26 юли2026 Час 18:38 Вид акт Решение 1182 16 юли2026 Час 09:45 Вид Документ Вносител С.С.Т. 15 юли2026 Час 16:20 Вид акт Протоколно определение 1894 Час 13:30 Вид заседание зала / резултат / С решение по чл. 235 ГПК 17 юни2026 Час 10:08 Вид акт Определение 2685 Час 10:06 Вид заседание зала / резултат / Насрочено за I-во заседание 27 април2026 Час 11:27 Вид акт Разпореждане 5788 Час 11:26 Вид заседание зала / резултат / С определение/разпореждане по чл. 131 ГПК/чл. 367 ГПК 24 април2026 Час 16:28 Вид разпределение Избран съдия/заседател Вера Светославова Найденова Час --:-- Вид страна Ищец В.Д.Н. Час --:-- Вид страна Ответник ИЗИ АСЕТ МЕНИДЖМЪНТ АД Час --:-- Вид страна Ответник Файненшъл България ЕООД Час --:-- Вид страна Адвокат С.С.Т. Час 16:28 Вид дело Гражданско дело 1691/2026
2684c725-ccb8-4dc5-9cb8-5b1c9f51add8,2026 28 септември2026 Час 10:49 Вид акт Протокол 21517 23 септември2026 Час 14:45 Вид заседание зала / резултат / Обявено за решаване 28 юли2026 Час 17:10 Вид акт Разпореждане 91717 Час 16:42 Вид заседание зала / резултат / С разпореждане 05 юли2026 Час 17:37 Вид акт Определение 24407 Час 17:30 Вид заседание зала / резултат / Насрочено за I-во заседание 30 април2026 Час 14:57 Вид акт Разпореждане 54432 Час 14:54 Вид заседание зала / резултат / С определение/разпореждане по чл. 131 ГПК/чл. 367 ГПК 29 април2026 Час 16:08 Вид акт Разпореждане 53834 Час 16:03 Вид заседание зала / резултат / С разпореждане 24 април2026 Час 16:28 Вид разпределение Избран съдия/заседател ЦВЕТИНА РУМЕНОВА ЦОЛОВА Час --:-- Вид страна Ищец Ж.В.С. Час --:-- Вид страна Ответник БЪЛГАРИЯ ЕЪР АД Час --:-- Вид страна Адвокат М.С.Б. Час 16:28 Вид дело Гражданско дело 11211/2026
bbf0b295-14b9-4461-a242-85b78eb49684,2026 05 юни2026 Час 14:51 Вид акт Решение 5017 29 май2026 Час 19:28 Вид Документ Вносител М.С.А. 28 май2026 Час 11:00 Вид заседание зала / резултат Зала 5 / Обявено за решаване 27 април2026 Час 12:52 Вид акт Разпореждане 3657 Час --:-- Вид заседание зала / резултат / Проведено 24 април2026 Час 16:28 Вид разпределение Избран съдия/заседател Златина Бъчварова Час --:-- Вид страна Касатор ВАНИНА СТИЛ ООД Час --:-- Вид страна Друго ОКРЪЖНА ПРОКУРАТУРА БУРГАС Час --:-- Вид страна Ответник ДИРЕКТОР НА ДИРЕКЦИЯ ИНСПЕКЦИЯ ПО ТРУДА БУРГАС Час --:-- Вид страна Процесуален представител М.С.А. Час 16:28 Вид дело Касационно административно наказателно дело 956/2026
6030b56d-13a1-4058-b987-03b1d3c5f386,2026 10 ноември2026 Час 13:30 Вид заседание зала / резултат / 10 септември2026 Час --:-- Вид страна Вещо лице П.К.П. 09 септември2026 Час 20:02 Вид акт Определение 32758 Час 19:57 Вид заседание зала / резултат / Насрочено за I-во заседание 17 юли2026 Час --:-- Вид страна Адвокат И.А.И. 09 юни2026 Час 11:23 Вид акт Разпореждане 70174 Час 11:21 Вид заседание зала / резултат / С определение/разпореждане по чл. 131 ГПК/чл. 367 ГПК 27 април2026 Час 20:40 Вид акт Разпореждане 52823 Час 20:37 Вид заседание зала / резултат / Без движение Час 19:35 Вид акт Определение 16035 Час 19:28 Вид заседание зала / резултат / Определение по чл. 389 от ГПК 24 април2026 Час 16:28 Вид разпределение Избран съдия/заседател АННА РУМЕНОВА КОФИНОВА Час --:-- Вид страна Ищец МЕДИКО-ДЕНТАЛЕН ЦЕНТЪР МЕДИКЪЛ ДЕНТ КОНСУЛТ ЕООД Час --:-- Вид страна Ответник Г.Л.Г. Час --:-- Вид страна Адвокат В.Г.Я. Час 16:28 Вид дело Гражданско дело 11210/2026
4ad6cc4a-b420-429c-aa54-1279df668eed,2026 26 октомври2026 Час 14:00 Вид заседание зала / резултат / 06 юли2026 Час 14:21 Вид акт Определение 8301 Час 13:53 Вид заседание зала / резултат / 19 юни2026 Час --:-- Вид страна Адвокат Н.А.Г. 28 май2026 Час 15:49 Вид акт Разпореждане 9982 Час 15:45 Вид заседание зала / резултат / 27 май2026 Час 08:48 Вид акт Разпореждане 9786 26 май2026 Час 17:06 Вид заседание зала / резултат / 27 април2026 Час 17:07 Вид акт Разпореждане 8014 Час 16:58 Вид заседание зала / резултат / 24 април2026 Час 16:27 Вид разпределение Избран съдия/заседател Павел Тодоров Павлов Час --:-- Вид страна Ищец Н.Г.К. Час --:-- Вид страна Ответник Н.Х.Б. Час --:-- Вид страна Адвокат А.В.С. Час --:-- Вид страна Адвокат Г.В.Ч. Час 16:27 Вид дело Гражданско дело 3319/2026
5a5f9741-5caa-4834-b3f7-3da482333b68,"2026 04 май2026 Час 10:43 Вид Документ Вносител В.К.Ц. Час 10:29 Вид акт Решение 637 Час 09:25 Вид акт Протоколно определение 1127 30 април2026 Час 11:30 Вид заседание зала / резултат / С решение по чл. 235 ГПК 27 април2026 Час 10:57 Вид акт Разпореждане 5783 Час 10:55 Вид заседание зала / резултат / Насрочено в I-во заседание БЕЗ РАЗМЯНА НА КНИЖА Час --:-- Вид страна Заинтересована страна Дирекция ""Социално подпомагане"" Плевен-отдел ""Закрила на детето"" Час --:-- Вид страна Родител В.К.Ц. 24 април2026 Час 17:32 Вид акт Определение 1918 Час 17:28 Вид заседание зала / резултат / Без движение Час 16:27 Вид разпределение Избран съдия/заседател Зорница Димитрова Димитрова Банкова Час --:-- Вид страна Молител Б.В.Ц. Час 16:27 Вид дело Частно гражданско дело 1690/2026"
37ffbcc9-ce58-43c8-b891-f8e857f4440e,2026 14 септември2026 Час 16:18 Вид акт Протокол 419 11 септември2026 Час 14:00 Вид заседание зала / резултат / Обявено за решаване 16 юли2026 Час 19:07 Вид акт Определение 518 Час 19:04 Вид заседание зала / резултат / Насрочено за I-во заседание 03 юни2026 Час 11:30 Вид акт Разпореждане 1230 Час 11:27 Вид заседание зала / резултат / С определение/разпореждане по чл. 131 ГПК/чл. 367 ГПК 13 май2026 Час 13:58 Вид акт Разпореждане 1024 Час 13:55 Вид заседание зала / резултат / Без движение 24 април2026 Час 16:27 Вид разпределение Избран съдия/заседател Пламен Калинов Кучев Час --:-- Вид страна Ищец ЙЕТТЕЛ БЪЛГАРИЯ ЕАД Час --:-- Вид страна Ответник Г.Н.Л. Час --:-- Вид страна Пълномощник В.П.Г. Час 16:27 Вид дело Гражданско дело 802/2026
5898bc05-2131-46bb-90ac-e0d2d9cb859b,2026 15 декември2026 Час 15:30 Вид заседание зала / резултат ЗАЛА 7 / 17 септември2026 Час 16:00 Вид акт Протокол 1565 15 септември2026 Час 15:30 Вид заседание зала / резултат ЗАЛА 7 / Отложено в I-во заседание Час --:-- Вид страна Вещо лице В.В.Н. Час --:-- Вид страна Вещо лице М.Й.В. 09 септември2026 Час 09:39 Вид акт Разпореждане 3837 Час 08:00 Вид заседание зала / резултат / С разпореждане 26 август2026 Час 10:38 Вид акт Разпореждане 3692 Час 08:55 Вид заседание зала / резултат / С разпореждане 20 август2026 Час 14:52 Вид акт Определение 2231 Час 14:46 Вид заседание зала / резултат / С определение 04 август2026 Час 12:12 Вид акт Разпореждане 3375 Час 12:10 Вид заседание зала / резултат / С разпореждане 03 август2026 Час 09:00 Вид акт Разпореждане 3337 Час 08:56 Вид заседание зала / резултат / С разпореждане 03 юли2026 Час --:-- Вид страна Пълномощник Окръжна прокуратура - Пловдив 02 юли2026 Час 17:02 Вид акт Определение 1745 Час 17:00 Вид заседание зала / резултат / Насрочено за I-во заседание 08 май2026 Час 09:45 Вид акт Разпореждане 1911 Час 09:42 Вид заседание зала / резултат / С определение/разпореждане по чл. 131 ГПК/чл. 367 ГПК 04 май2026 Час 10:12 Вид акт Разпореждане 1837 Час 10:01 Вид заседание зала / резултат / Без движение 27 април2026 Час 11:23 Вид акт Разпореждане 1743 Час 11:21 Вид заседание зала / резултат / Без движение Час --:-- Вид страна Адвокат Е.Н.Н. 24 април2026 Час 16:27 Вид разпределение Избран съдия/заседател Таня Букова Час --:-- Вид страна Ищец Анандамед ЕООД Час --:-- Вид страна Ответник Прокуратура на Република България Час 16:27 Вид дело Гражданско дело 986/2026
a03a0686-e3d5-4d6e-8639-73a73625ed1f,2026 12 октомври2026 Час 13:40 Вид заседание зала / резултат / 02 септември2026 Час 16:01 Вид акт Определение 32048 Час 15:57 Вид заседание зала / резултат / Насрочено за I-во заседание 07 май2026 Час 16:49 Вид акт Разпореждане 56417 Час 16:47 Вид заседание зала / резултат / С определение/разпореждане по чл. 131 ГПК/чл. 367 ГПК 24 април2026 Час 16:27 Вид разпределение Избран съдия/заседател ПЛАМЕН ГЕНЧЕВ ГЕНЕВ Час --:-- Вид страна Ищец С.О.Л. Час --:-- Вид страна Ответник БЪЛГАРИЯ ЕЪР АД Час --:-- Вид страна Адвокат М.С.Б. Час 16:27 Вид дело Гражданско дело 11209/2026
ee68458e-558c-4f54-a1b0-20c872875c91,2026 15 октомври2026 Час 10:30 Вид заседание зала / резултат Зала 1 Етаж 1 / 28 септември2026 Час 16:10 Вид акт Протоколно определение 716 Час 16:10 Вид акт Протокол 715 Час 09:30 Вид заседание зала / резултат Зала 1 Етаж 1 / С определение 25 юни2026 Час 12:00 Вид акт Протокол 522 Час 09:30 Вид заседание зала / резултат Зала 1 Етаж 1 / Отложено 29 май2026 Час 15:52 Вид акт Протокол 441 Час 10:20 Вид заседание зала / резултат Зала 1 Етаж 1 / Отложено 29 април2026 Час 10:20 Вид заседание зала / резултат / Пренасрочено 27 април2026 Час 16:48 Вид акт Разпореждане 133 Час 16:47 Вид заседание зала / резултат / С разпореждане за насрочване Час --:-- Вид страна Защитник М.А.К.Ч. 24 април2026 Час 16:27 Вид разпределение Избран съдия/заседател Васко Петров Петров Час --:-- Вид страна Обвинител ТО ГОЦЕ ДЕЛЧЕВ КЪМ РП БЛАГОЕВГРАД Час --:-- Вид страна Подсъдим И.Р.М. Час 16:27 Вид дело Наказателно дело от общ характер 172/2026
b78368d0-46c3-4408-bc48-091fa694642c,2026 16 юни2026 Час 10:21 Вид акт Изпълнителен лист ЗП 4171 Час 10:20 Вид акт Разпореждане 17807 Час 08:31 Вид заседание зала / резултат / С разпореждане 27 април2026 Час 11:06 Вид акт Заповед за изпълнение 3703 Час 11:06 Вид акт Разпореждане 12416 Час 10:40 Вид заседание зала / резултат / Решено с акт по същество в закрито заседание 24 април2026 Час 16:27 Вид разпределение Избран съдия/заседател НЕДА НЕДЕЛЧЕВА ТАБАНДЖОВА ЗАРКОВА Час --:-- Вид страна Заявител ЕОС МАТРИКС ЕАД Час --:-- Вид страна Длъжник Й.И.П. Час --:-- Вид страна Адвокат Г.И.Х. Час 16:27 Вид дело Частно гражданско дело 4516/2026
3afd6410-8ae8-4689-a9e0-a4589956a6b8,"2026 07 юли2026 Час 08:45 Вид акт Решение 177 05 юни2026 Час 15:31 Вид акт Протокол 232 04 юни2026 Час 11:55 Вид Документ Вносител Р.Г.Г. Час 11:55 Вид Документ Вносител Р.Г.Г. 03 юни2026 Час 09:00 Вид заседание зала / резултат № 6 / Обявено за решаване 30 април2026 Час 14:40 Вид акт Определение 407 Час 11:32 Вид заседание зала / резултат / С Определение/Разпореждане по чл. 267 от ГПК 24 април2026 Час 16:28 Вид разпределение Избран съдия/заседател Галатея Ханджиева Милева Час 16:27 Вид разпределение Избран съдия/заседател Диана Георгиева Дякова Час 16:27 Вид разпределение Избран съдия/заседател Жечка Николова Маргенова Томова Час --:-- Вид страна Въззивник М.К.М. Час --:-- Вид страна Въззиваема страна ПРОФЕСИОНАЛНА ГИМНАЗИЯ ПО АГРАРНО СТОПАНСТВО Час --:-- Вид страна Трето неучастващо лице ОБЩИНА ГРАД ДОБРИЧ Час --:-- Вид страна Трето неучастващо лице ПРОФЕСИОНАЛНА ГИМНАЗИЯ ПО ВЕТЕРИНАРНА МЕДИЦИНА ""ПРОФ. Д-Р ГЕОРГИ ПАВЛОВ"" Час --:-- Вид страна Особен представител Д.С.А. Час --:-- Вид страна Адвокат М.Й.Д. Час --:-- Вид страна Адвокат Р.Г.Г. Час 16:27 Вид дело Въззивно гражданско дело 250/2026"
340a9ff5-4c2f-4c97-bb98-419bddafb882,"2026 02 октомври2026 Час 11:25 Вид акт Решение 18501 Час 09:48 Вид акт Протокол 22367 01 октомври2026 Час 13:20 Вид заседание зала / резултат / С решение по чл. 235 ГПК 29 юли2026 Час 15:02 Вид акт Определение 27384 Час 15:00 Вид заседание зала / резултат / Насрочено за I-во заседание 20 май2026 Час 10:13 Вид акт Разпореждане 61524 Час 10:10 Вид заседание зала / резултат / С определение/разпореждане по чл. 131 ГПК/чл. 367 ГПК 05 май2026 Час 17:08 Вид акт Разпореждане 55820 Час 17:03 Вид заседание зала / резултат / Без движение 24 април2026 Час 16:27 Вид разпределение Избран съдия/заседател БИЛЯНА СИМЧЕВА Час --:-- Вид страна Ищец ЗАД ""АЛИАНЦ БЪЛГАРИЯ"" АД Час --:-- Вид страна Ответник Застрахователно акционерно дружество ДаллБогг: Живот и Здраве АД Час 16:27 Вид дело Гражданско дело 11208/2026"
fdab5def-11c3-47c4-8f20-63f3e997efe1,2026 27 април2026 Час 16:38 Вид акт Изпълнителен лист ЗП 367 25 април2026 Час 05:29 Вид акт Заповед за изпълнение 422 Час 05:26 Вид заседание зала / резултат / Със заповед за изпълнение 24 април2026 Час 16:27 Вид разпределение Избран съдия/заседател Катя Сукалинска Час --:-- Вид страна Заявител Обединена Българска Банка АД Час --:-- Вид страна Длъжник М.А.С. Час --:-- Вид страна Длъжник КИТО 2000 ЕООД Час --:-- Вид страна Юрисконсулт И.И.К. Час 16:27 Вид дело Частно гражданско дело 996/2026
8a60e010-4dfc-417f-835a-2b63371fb168,2026 01 юни2026 Час 18:56 Вид акт Определение 6769 Час 18:54 Вид заседание зала / резултат / Прекратено преди насрочване/разглеждане в ЗЗ 28 май2026 Час 13:06 Вид акт Разпореждане 9931 Час 13:04 Вид заседание зала / резултат / С разпореждане 01 май2026 Час 13:27 Вид акт Разпореждане 8322 Час 13:14 Вид заседание зала / резултат / Без движение 24 април2026 Час 16:27 Вид разпределение Избран съдия/заседател Таня Аспарухова Георгиева - Точевска Час --:-- Вид страна Ищец Н.Г.К. Час --:-- Вид страна Ответник Н.Х.Б. Час --:-- Вид страна Ответник Х.Н.Б. Час --:-- Вид страна Ответник Г.Н.Б. Час --:-- Вид страна Адвокат А.В.С. Час --:-- Вид страна Адвокат Г.В.Ч. Час 16:27 Вид дело Гражданско дело 3318/2026
cb0dec10-6a36-4243-85f2-8e229510de9f,2026 27 април2026 Час 12:52 Вид акт Изпълнителен лист ЗП 264 Час 12:51 Вид акт Заповед за изпълнение 413 Час 12:50 Вид акт Разпореждане 1167 Час 12:49 Вид заседание зала / резултат / Решено с акт по същество в закрито заседание Час 12:48 Вид заседание зала / резултат / С разпореждане 24 април2026 Час 16:27 Вид разпределение Избран съдия/заседател Симеон Стефанов Стойчев Час --:-- Вид страна Заявител Юробанк България АД Час --:-- Вид страна Длъжник Л.К.А. Час --:-- Вид страна Адвокат С.К.К.К. Час 16:27 Вид дело Частно гражданско дело 614/2026
6c389b60-07e0-4e3e-88b7-09fba372c62d,2026 09 юли2026 Час --:-- Вид страна Юрисконсулт Д.Д.Д. 02 юни2026 Час 12:28 Вид акт Разпореждане 66751 Час 12:10 Вид заседание зала / резултат / С определение/разпореждане по чл. 131 ГПК/чл. 367 ГПК 04 май2026 Час --:-- Вид страна Адвокат Д.Б.Л. 24 април2026 Час 16:27 Вид разпределение Избран съдия/заседател ВЕСЕЛИНА ИВАНОВА ДИМЧЕВА Час --:-- Вид страна Ищец П.С.И. Час --:-- Вид страна Ответник ВИВУС.БГ ЕООД Час --:-- Вид страна Адвокат Д.Л.Ф. Час 16:26 Вид дело Гражданско дело 11207/2026
a8a18920-d6e9-4f55-b60a-1c7dd97d5522,2026 01 юли2026 Час 14:20 Вид акт Решение 5843 18 юни2026 Час 10:20 Вид заседание зала / резултат Зала 3 / Обявено за решаване 27 април2026 Час 13:46 Вид акт Разпореждане 3659 Час --:-- Вид заседание зала / резултат / Проведено 24 април2026 Час 16:26 Вид разпределение Избран съдия/заседател Йовка Бъчварова Час --:-- Вид страна Касатор ВАНИНА СТИЛ ООД Час --:-- Вид страна Ответник Директор на дирекция Инспекция по труда-Бургас Час --:-- Вид страна Процесуален представител М.А. Час 16:26 Вид дело Касационно административно наказателно дело 955/2026
f33a79b8-a8d2-4b3a-b558-8d8614b923de,2026 05 октомври2026 Час 10:18 Вид акт Решение 1438 17 септември2026 Час 09:21 Вид Документ Вносител В.Б.Б. 16 септември2026 Час 14:31 Вид акт Протоколно определение 2258 15 септември2026 Час 09:40 Вид заседание зала / резултат / Обявено за решаване 13 юли2026 Час 10:34 Вид акт Определение 3039 Час 10:32 Вид заседание зала / резултат / Насрочено за I-во заседание 10 юли2026 Час --:-- Вид страна Адвокат Л.В.В. 27 май2026 Час 17:02 Вид акт Разпореждане 7101 Час 17:00 Вид заседание зала / резултат / С определение/разпореждане по чл. 131 ГПК/чл. 367 ГПК 29 април2026 Час --:-- Вид страна Адвокат В.Б.Б. 28 април2026 Час 14:25 Вид акт Разпореждане 5864 Час 14:22 Вид заседание зала / резултат / Без движение 27 април2026 Час --:-- Вид страна Ответник АЙ ТИ ЕФ ГРУП АД Час --:-- Вид страна Адвокат И.С.И. 24 април2026 Час 16:26 Вид разпределение Избран съдия/заседател Милена Светлозарова Томова Час --:-- Вид страна Ищец Н.Г.Х. Час 16:26 Вид дело Гражданско дело 1689/2026
ae919f0b-80aa-41c9-8643-cd3279a7d957,"2026 27 август2026 Час 14:07 Вид акт Разпореждане 103893 Час 14:00 Вид заседание зала / резултат / Без движение 24 април2026 Час 16:25 Вид разпределение Избран съдия/заседател ДЕСИСЛАВА СТОЯНОВА ВЛАЙКОВА Час --:-- Вид страна Ищец ЗАД ""АЛИАНЦ БЪЛГАРИЯ"" АД Час --:-- Вид страна Ответник Застрахователно акционерно дружество ДаллБогг: Живот и Здраве АД Час 16:25 Вид дело Гражданско дело 11206/2026"
12e8b097-2149-4c49-aa75-8e37ebeb2445,2026 03 ноември2026 Час 11:40 Вид заседание зала / резултат / 01 септември2026 Час 13:25 Вид разпределение Избран съдия/заседател РОСИЦА ВЕЛКОВА 25 август2026 Час 18:09 Вид акт Определение 30913 Час 18:07 Вид заседание зала / резултат / Насрочено за I-во заседание 08 юни2026 Час 15:08 Вид акт Разпореждане 69756 Час 15:06 Вид заседание зала / резултат / С определение/разпореждане по чл. 131 ГПК/чл. 367 ГПК 22 май2026 Час 10:55 Вид акт Разпореждане 62744 Час 10:52 Вид заседание зала / резултат / Без движение 04 май2026 Час --:-- Вид страна Адвокат Д.Б.Л. 24 април2026 Час 16:26 Вид разпределение Избран съдия/заседател МАРИЯ ВЕСЕЛИНОВА БОГДАНОВА НОНЧЕВА Час --:-- Вид страна Ищец П.С.И. Час --:-- Вид страна Ответник ВИВУС.БГ ЕООД Час --:-- Вид страна Адвокат Д.Л.Ф. Час 16:25 Вид дело Гражданско дело 11205/2026
9a9e01f6-12aa-4767-9704-2f31a911b0bd,2026 28 октомври2026 Час 10:15 Вид заседание зала / резултат / 28 септември2026 Час --:-- Вид страна Вещо лице Т.Ц.И. 25 септември2026 Час 18:00 Вид акт Определение 4093 Час 17:58 Вид заседание зала / резултат / Насрочено за I-во заседание 30 май2026 Час 15:13 Вид акт Разпореждане 7294 Час 15:11 Вид заседание зала / резултат / С определение/разпореждане по чл. 131 ГПК/чл. 367 ГПК 04 май2026 Час 12:00 Вид акт Разпореждане 6048 Час 11:57 Вид заседание зала / резултат / Без движение 27 април2026 Час --:-- Вид страна Адвокат В.Б.Б. 24 април2026 Час 16:25 Вид разпределение Избран съдия/заседател Ралица Ангелова Маринска Ангелова Час --:-- Вид страна Ищец Н.Г.Х. Час --:-- Вид страна Ответник КРЕДИСИМО ЕАД Час --:-- Вид страна Ответник АЙ ТРЪСТ ЕООД Час --:-- Вид страна Адвокат И.С.И. Час 16:25 Вид дело Гражданско дело 1688/2026
7d84e618-305f-46d5-b173-140e925cd3fe,"2026 19 май2026 Час 13:41 Вид акт Определение 18611 Час 13:39 Вид заседание зала / резултат / Прекратено преди насрочване/разглеждане в ЗЗ 24 април2026 Час 16:25 Вид разпределение Избран съдия/заседател ДЕНИЦА НИКОЛАЕВА УРУМОВА Час --:-- Вид страна Ищец ЕС - БОЖУРИЩЕ,ОБЩ.СОФИЯ ,БЛ.4,ВХ.4 Час --:-- Вид страна Ответник Е.Н.М. Час --:-- Вид страна Адвокат И.М.Г. Час 16:25 Вид дело Гражданско дело 11204/2026"
8ab944fe-2544-4b37-8d88-101a4dcd495d,"2026 05 юни2026 Час 15:36 Вид Документ Вносител М.И.Ч. 02 юни2026 Час 17:41 Вид акт Решение 706 Час 17:39 Вид акт Протокол 1188 Час 13:30 Вид заседание зала / резултат ЗАЛА 7 / С решение по чл. 235 ГПК от ОСЗ Час --:-- Вид страна Обвинител И.Д.Д. 11 май2026 Час --:-- Вид страна Заинтересована страна Р.А.Х. Час --:-- Вид страна Заинтересована страна ДИРЕКЦИЯ ""СОЦИАЛНО ПОДПОМАГАНЕ"" - ПЛОВДИВ 08 май2026 Час 10:25 Вид акт Определение 1234 Час 10:24 Вид заседание зала / резултат / Насрочено в I-во заседание БЕЗ РАЗМЯНА НА КНИЖА 29 април2026 Час 09:56 Вид акт Разпореждане 1785 Час 09:49 Вид заседание зала / резултат / Без движение 27 април2026 Час 10:53 Вид акт Разпореждане 1739 Час 10:51 Вид заседание зала / резултат / Без движение Час --:-- Вид страна Контролираща страна Окръжна прокуратура - Пловдив Час --:-- Вид страна Заинтересована страна А.Р.Х. Час --:-- Вид страна Заинтересована страна Д.Р.Х. Час --:-- Вид страна Заинтересована страна А.Д.П. Час --:-- Вид страна Адвокат М.И.Ч. 24 април2026 Час 16:25 Вид разпределение Избран съдия/заседател Таня Букова Час --:-- Вид страна Молител П.И.П. Час 16:25 Вид дело Гражданско дело 985/2026"
a007188d-4bf3-420c-92bc-9b28b4af2c84,"2026 27 ноември2026 Час 09:30 Вид заседание зала / резултат / 02 октомври2026 Час 10:30 Вид заседание зала / резултат / Отложено в ОСЗ 14 юли2026 Час 17:27 Вид акт Определение 25586 Час 17:24 Вид заседание зала / резултат / Насрочено за I-во заседание Час --:-- Вид страна Свидетел В.К.Г. Час --:-- Вид страна Свидетел К.К. Час --:-- Вид страна Вещо лице Х.И.И. 28 май2026 Час --:-- Вид страна Юрисконсулт И.Е.Ц. 30 април2026 Час 21:39 Вид акт Разпореждане 54756 Час 21:37 Вид заседание зала / резултат / С определение/разпореждане по чл. 131 ГПК/чл. 367 ГПК Час 21:37 Вид акт Разпореждане 54755 Час 21:36 Вид заседание зала / резултат / Без движение 24 април2026 Час 16:24 Вид разпределение Избран съдия/заседател ЕМИЛИАН ЛЮБЕНОВ ЛАКОВ Час --:-- Вид страна Ищец ЗАД ""АЛИАНЦ БЪЛГАРИЯ"" АД Час --:-- Вид страна Ответник Застрахователно акционерно дружество ДаллБогг: Живот и Здраве АД Час --:-- Вид страна Юрисконсулт Д.В.З. Час 16:24 Вид дело Гражданско дело 11203/2026"
ba1a1a61-3b6c-42a9-b5f2-871d04693c25,2026 10 юни2026 Час 13:41 Вид акт Определение 2596 Час 13:39 Вид заседание зала / резултат / Прекратено преди насрочване/разглеждане в ЗЗ 29 април2026 Час --:-- Вид страна Адвокат В.Б.Б. 28 април2026 Час --:-- Вид страна Ответник Кинти БГ ЕООД Час --:-- Вид страна Адвокат И.С.И. 24 април2026 Час 16:40 Вид акт Разпореждане 5759 Час 16:38 Вид заседание зала / резултат / Без движение Час 16:24 Вид разпределение Избран съдия/заседател Светла Илменова Замфирова Час --:-- Вид страна Ищец Н.Г.Х. Час 16:24 Вид дело Гражданско дело 1687/2026
0e46d54e-5fa7-4c87-bcc6-3d58189c9dbd,2026 26 септември2026 Час 19:08 Вид акт Протоколно определение 2371 25 септември2026 Час 15:56 Вид Документ Вносител И.С.И. Час 09:30 Вид заседание зала / резултат / Час --:-- Вид страна Адвокат И.С.И. 20 юли2026 Час 16:33 Вид акт Определение 3176 Час 16:25 Вид заседание зала / резултат / Насрочено за I-во заседание 10 юли2026 Час --:-- Вид страна Адвокат М.К.К. 28 май2026 Час 09:40 Вид акт Разпореждане 7134 Час 09:35 Вид заседание зала / резултат / С определение/разпореждане по чл. 131 ГПК/чл. 367 ГПК 28 април2026 Час 09:41 Вид акт Разпореждане 5836 Час 09:35 Вид заседание зала / резултат / Без движение Час --:-- Вид страна Адвокат В.Б.Б. 27 април2026 Час 09:24 Вид акт Разпореждане 5778 Час 09:20 Вид заседание зала / резултат / С разпореждане 24 април2026 Час 16:23 Вид разпределение Избран съдия/заседател Христо Стефанов Томов Час --:-- Вид страна Ищец Н.Г.Х. Час --:-- Вид страна Ответник МАКРОАДВАНС АД Час 16:23 Вид дело Гражданско дело 1686/2026
c31e51ca-f709-4a01-b3c5-d76c828398a1,2026 26 юни2026 Час 13:41 Вид акт Решение 547 23 юни2026 Час 11:47 Вид акт Протоколно определение 600 22 юни2026 Час 10:00 Вид заседание зала / резултат / С решение по чл. 235 ГПК 28 април2026 Час --:-- Вид страна Заинтересована страна Община Венец 27 април2026 Час 17:08 Вид акт Определение 1400 Час 17:07 Вид заседание зала / резултат / Насрочено в I-во заседание БЕЗ РАЗМЯНА НА КНИЖА 24 април2026 Час 16:23 Вид разпределение Избран съдия/заседател Петина Кръстева Николова Час --:-- Вид страна Молител В.А.А. Час --:-- Вид страна Страна Районна прокуратура - Шумен Час --:-- Вид страна Заинтересована страна ОБЩИНА ШУМЕН Час --:-- Вид страна Адвокат М.Х.Д. Час 16:23 Вид дело Гражданско дело 2110/2026
372914d4-5266-4a76-9b58-958a9434dbf6,2026 30 април2026 Час 14:23 Вид акт Разпореждане 54372 Час 14:15 Вид заседание зала / резултат / Прекратено преди насрочване/разглеждане в ЗЗ 29 април2026 Час 15:53 Вид акт Разпореждане 53797 Час 15:51 Вид заседание зала / резултат / С разпореждане 24 април2026 Час 16:23 Вид разпределение Избран съдия/заседател ЦВЕТИНА РУМЕНОВА ЦОЛОВА Час --:-- Вид страна Ищец ТОПЛОФИКАЦИЯ СОФИЯ ЕАД Час --:-- Вид страна Ответник Б.У.Г. Час 16:23 Вид дело Гражданско дело 11202/2026
5062cfc3-6a6f-41ed-86ae-20f40e3fd55d,2026 24 април2026 Час 22:33 Вид акт Заповед за изпълнение 532 Час 22:28 Вид заседание зала / резултат / Решено с акт по същество в закрито заседание Час 16:23 Вид разпределение Избран съдия/заседател ДЕНИЦА АНГЕЛОВА ЦВЕТКОВА Час --:-- Вид страна Заявител БЕСТ Кепитъл България ЕАД Час --:-- Вид страна Длъжник Н.Л.Г. Час --:-- Вид страна Пълномощник В.Л.Л. Час 16:23 Вид дело Частно гражданско дело 653/2026
cd9d62c9-3a6f-484b-956e-e257b3bef34c,2026 07 юли2026 Час 22:36 Вид акт Изпълнителен лист ЗП 4702 Час 22:36 Вид акт Разпореждане 19872 Час 13:57 Вид заседание зала / резултат / С разпореждане 29 април2026 Час 15:47 Вид акт Заповед за изпълнение 3824 Час 15:46 Вид акт Разпореждане 12822 27 април2026 Час 09:50 Вид заседание зала / резултат / Решено с акт по същество в закрито заседание 24 април2026 Час 16:23 Вид разпределение Избран съдия/заседател Стелла Светозарова Моллова Час --:-- Вид страна Заявител ЕОС МАТРИКС ЕАД Час --:-- Вид страна Длъжник И.Т.Н.Н. Час --:-- Вид страна Адвокат Г.И.Х. Час 16:23 Вид дело Частно гражданско дело 4515/2026
20b93392-19ec-4d2f-94af-5cdc3c57ae30,2026 29 май2026 Час 11:36 Вид акт Изпълнителен лист ЗП 232 Час 11:26 Вид акт Заповед за изпълнение 394 Час 11:25 Вид заседание зала / резултат / Решено с акт по същество в закрито заседание Час 11:18 Вид заседание зала / резултат / Със заповед за изпълнение 21 май2026 Час 16:20 Вид акт Разпореждане 1037 Час 16:07 Вид заседание зала / резултат / С разпореждане 11 май2026 Час 12:59 Вид акт Разпореждане 895 08 май2026 Час 16:34 Вид акт Изпълнителен лист ЗП 189 Час 16:32 Вид акт Заповед за изпълнение 299 Час 16:31 Вид заседание зала / резултат / Час 16:29 Вид заседание зала / резултат / Със заповед за изпълнение Час 16:27 Вид заседание зала / резултат / 27 април2026 Час 11:12 Вид акт Разпореждане 781 Час 11:04 Вид заседание зала / резултат / Без движение 24 април2026 Час 16:23 Вид разпределение Избран съдия/заседател Мария Джанкова Богданова Час --:-- Вид страна Заявител Бигбанк АС - клон България КЧТ Час --:-- Вид страна Длъжник А.Б.Й. Час --:-- Вид страна Пълномощник Н.Д.Д. Час 16:23 Вид дело Частно гражданско дело 492/2026
e444ac9f-cba9-4b9f-b771-59e405d44b7e,2026 17 август2026 Час 15:18 Вид акт Изпълнителен лист ЗП 855 Час 15:17 Вид акт Разпореждане 2520 Час 15:12 Вид заседание зала / резултат / С разпореждане 24 април2026 Час 17:17 Вид акт Заповед за изпълнение 651 Час 16:43 Вид заседание зала / резултат / Със заповед за изпълнение Час 16:23 Вид разпределение Избран съдия/заседател Георги Тодоров Добрев Час --:-- Вид страна Заявител БЕСТ Кепитъл България ЕАД Час --:-- Вид страна Длъжник В.Х.Д. Час --:-- Вид страна Пълномощник Б.И.К. Час 16:23 Вид дело Частно гражданско дело 903/2026
d7440370-f026-4b81-bd36-5c88c9052343,2026 19 май2026 Час 12:04 Вид акт Решение 158 Час 11:53 Вид акт Протокол 736 Час 10:10 Вид заседание зала / резултат / С решение и мотиви 05 май2026 Час 15:44 Вид акт Протокол 664 Час 11:00 Вид заседание зала / резултат / Отложено Час --:-- Вид страна Обвинител С.К.Н. Час --:-- Вид страна Вещо лице Б.Г.Г. 30 април2026 Час --:-- Вид страна Служебен защитник А.И.Ц. 28 април2026 Час 15:23 Вид акт Разпореждане 532 Час 15:12 Вид заседание зала / резултат / С разпореждане за насрочване Час 11:37 Вид разпределение Избран съдия/заседател Даниел Иванов Цветков 24 април2026 Час 16:22 Вид разпределение Избран съдия/заседател Пламен Тошев Петков Час --:-- Вид страна Вносител Районна прокуратура - Видин Час --:-- Вид страна Освидетелстван Л.В.И. Час --:-- Вид страна Вещо лице В.П.К. Час 16:22 Вид дело Частно наказателно дело 504/2026
44208e7d-6db4-4c57-ac01-6df1c6f250c2,2026 13 юли2026 Час 16:13 Вид акт Определение 656 Час 14:40 Вид заседание зала / резултат / Решено с акт по същество в закрито заседание 24 април2026 Час 16:23 Вид разпределение Избран съдия/заседател Анна Великова Час 16:22 Вид разпределение Избран съдия/заседател Галина Димитрова Жечева Час 16:22 Вид разпределение Избран съдия/заседател Станимир Тодоров Ангелов Час --:-- Вид страна Въззивник П.С.Г. Час --:-- Вид страна Въззиваема страна СТИК - КРЕДИТ АД Час --:-- Вид страна Адвокат Д.Д.Г. Час --:-- Вид страна Адвокат Х.М.Г. Час 16:22 Вид дело Въззивно частно гражданско дело 249/2026
50935dd9-336b-4726-a2c3-afd726818571,2026 29 май2026 Час 15:39 Вид акт Разпореждане 7268 Час 15:35 Вид заседание зала / резултат / Без движение 28 май2026 Час 17:08 Вид акт Разпореждане 7212 Час 17:07 Вид заседание зала / резултат / С определение/разпореждане по чл. 131 ГПК/чл. 367 ГПК 28 април2026 Час 11:52 Вид акт Разпореждане 5846 Час 11:50 Вид заседание зала / резултат / Без движение 27 април2026 Час --:-- Вид страна Ответник ТИ БИ АЙ Банк ЕАД Час --:-- Вид страна Адвокат И.С.И. Час --:-- Вид страна Адвокат В.Б.Б. 24 април2026 Час 16:22 Вид разпределение Избран съдия/заседател Биляна Великова Видолова Час --:-- Вид страна Ищец К.Х.Й. Час 16:22 Вид дело Гражданско дело 1685/2026
fdf16baa-d0da-470f-9da9-70cbde86ed19,2026 01 октомври2026 Час 16:37 Вид акт Определение 535 Час 16:34 Вид заседание зала / резултат / Прекратено преди насрочване/разглеждане в ЗЗ 25 септември2026 Час 15:58 Вид акт Определение 526 Час 15:56 Вид заседание зала / резултат / С определение 25 август2026 Час 13:59 Вид акт Определение 459 Час 13:53 Вид заседание зала / резултат / С определение 28 юли2026 Час 15:51 Вид акт Определение 425 Час 15:47 Вид заседание зала / резултат / Без движение 26 юни2026 Час 10:31 Вид акт Разпореждане 1046 Час 10:27 Вид заседание зала / резултат / С разпореждане 19 май2026 Час 13:27 Вид акт Разпореждане 826 Час 13:24 Вид заседание зала / резултат / С определение/разпореждане по чл. 131 ГПК/чл. 367 ГПК 27 април2026 Час 13:02 Вид акт Разпореждане 643 Час 12:57 Вид заседание зала / резултат / Без движение 24 април2026 Час 16:22 Вид разпределение Избран съдия/заседател Борислав Методиев Методиев Час --:-- Вид страна Ищец ТОПЛОФИКАЦИЯ СОФИЯ ЕАД Час --:-- Вид страна Ответник Л.Ц.Я. Час --:-- Вид страна Ответник К.Ц.К. Час --:-- Вид страна Наследодател М.Д.Т. Час 16:22 Вид дело Гражданско дело 446/2026
00981dcb-5b74-4e4a-a651-25a0e5d44c9a,"2026 10 ноември2026 Час 09:30 Вид заседание зала / резултат / 11 септември2026 Час 09:30 Вид заседание зала / резултат / Пренасрочено 10 септември2026 Час 11:20 Вид акт Разпореждане 503 Час 11:18 Вид заседание зала / резултат / С разпореждане 10 юли2026 Час 09:30 Вид заседание зала / резултат / Пренасрочено 08 юли2026 Час 09:40 Вид акт Разпореждане 392 Час 09:37 Вид заседание зала / резултат / С разпореждане 21 май2026 Час 10:47 Вид акт Разпореждане 297 Час 10:45 Вид заседание зала / резултат / С разпореждане за насрочване Час --:-- Вид страна Страна Районна прокуратура - Ямбол 29 април2026 Час --:-- Вид страна Адвокат М.П.А. 24 април2026 Час 16:40 Вид акт Разпореждане 234 Час 16:35 Вид заседание зала / резултат / С разпореждане Час 16:21 Вид разпределение Избран съдия/заседател Виолета Костадинова Апостолова Час --:-- Вид страна Жалбоподател З.Д. Час --:-- Вид страна Ответник АНО-Даниел Ставрев Ангелов-Началник на отдел "" Митническо разузнаване и разследване"" при Териториална дирекция-Митница гр.Бургас Час 16:21 Вид дело Административно наказателно дело 115/2026"
29036637-ce4f-4420-bffc-5ce388e31444,2026 03 ноември2026 Час 14:00 Вид заседание зала / резултат Зала 1 / Насрочено 06 август2026 Час 20:25 Вид Документ Вносител Г.Л.Г. Час 20:25 Вид Документ Вносител Г.Л.Г. Час 20:25 Вид Документ Вносител Г.Л.Г. 04 август2026 Час 14:40 Вид заседание зала / резултат Зала 1 / Отложено в I-во заседание 03 юни2026 Час 12:04 Вид акт Разпореждане 2550 Час --:-- Вид заседание зала / резултат / Проведено 29 април2026 Час 11:30 Вид акт Разпореждане 1937 Час --:-- Вид заседание зала / резултат / Проведено 24 април2026 Час 16:21 Вид разпределение Избран съдия/заседател Ирена Янкова Час --:-- Вид страна Жалбоподател Л.А. Час --:-- Вид страна Ответник ОДМВР СТАРА ЗАГОРА Час --:-- Вид страна Ответник Директор на ОД на МВР Стара Загора Час --:-- Вид страна Свидетел Г.Л.Г. Час --:-- Вид страна Адвокат С.В.К. Час 16:21 Вид дело Административно дело 489/2026
0c2b3b28-15d0-4bd4-9042-2959064a0dd1,2026 15 май2026 Час 15:29 Вид акт Определение 2196 Час 15:27 Вид заседание зала / резултат / Прекратено преди насрочване/разглеждане в ЗЗ 28 април2026 Час 15:07 Вид акт Разпореждане 5872 Час 15:05 Вид заседание зала / резултат / Без движение 27 април2026 Час --:-- Вид страна Адвокат В.Б.Б. 24 април2026 Час 16:21 Вид разпределение Избран съдия/заседател Ана Иванова Илиева Час --:-- Вид страна Ищец Н.Г.Х. Час --:-- Вид страна Ответник КЕШПОЙНТ ЕООД Час --:-- Вид страна Адвокат И.С.И. Час 16:21 Вид дело Гражданско дело 1684/2026
3bd94609-3c46-41c7-9f70-807417c11a87,2026 15 юни2026 Час 14:39 Вид акт Изпълнителен лист ЗП 570 24 април2026 Час 16:51 Вид акт Заповед за изпълнение 553 Час 16:50 Вид заседание зала / резултат / Решено с акт по същество в закрито заседание Час 16:21 Вид разпределение Избран съдия/заседател Стоян Георгиев Хаджиев Час --:-- Вид страна Заявител Мост Финанс Мениджмънт АД Час --:-- Вид страна Длъжник М.Д.С. Час --:-- Вид страна Юрисконсулт Е.И.И. Час 16:21 Вид дело Частно гражданско дело 820/2026
560142ed-b4f6-4122-adbd-1167dc83b089,2026 17 ноември2026 Час 09:30 Вид заседание зала / резултат Зала №3 етаж 3 / 06 октомври2026 Час 13:37 Вид акт Разпореждане 1181 Час 13:34 Вид заседание зала / резултат / С разпореждане за насрочване Час 09:30 Вид заседание зала / резултат Зала №2 етаж 3 / Пренасрочено 22 юли2026 Час 11:21 Вид разпределение Избран съдия/заседател Татяна Димитрова Богоева 11 юни2026 Час 15:03 Вид акт Протокол 479 09 юни2026 Час 09:00 Вид заседание зала / резултат Зала №2 етаж 3 / Отложено в ОСЗ 07 май2026 Час 11:55 Вид акт Определение 702 05 май2026 Час 14:53 Вид заседание зала / резултат / С Определение/Разпореждане по чл. 267 от ГПК 24 април2026 Час 16:25 Вид разпределение Избран съдия/заседател Надя Узунова Час --:-- Вид страна Жалбоподател Т.Г.П. Час --:-- Вид страна Ответник ПЪРВА ИНВЕСТИЦИОННА БАНКА АД Час 16:21 Вид дело Въззивно гражданско дело 583/2026
449d4b55-ba3b-40a0-bbd1-bd9bbb080539,2026 24 юни2026 Час 10:56 Вид акт Изпълнителен лист ЗП 247 11 май2026 Час 16:03 Вид акт Заповед за изпълнение 302 Час 15:30 Вид заседание зала / резултат / Със заповед за изпълнение 27 април2026 Час 12:52 Вид акт Разпореждане 271 Час 12:00 Вид заседание зала / резултат / Без движение 24 април2026 Час 16:21 Вид разпределение Избран съдия/заседател Стойка Георгиева Манолова Стойкова Час --:-- Вид страна Кредитор БЕСТ Кепитъл България ЕАД Час --:-- Вид страна Длъжник П.Б.П. Час --:-- Вид страна Пълномощник Г.Я.Б. Час 16:21 Вид дело Частно гражданско дело 437/2026
df04270b-deb3-44d5-8c0e-69533d4ec9e9,2026 24 април2026 Час 16:21 Вид дело Гражданско дело 436/2026
2959b128-78ce-417f-9945-7b068f95392f,2026 27 април2026 Час 16:02 Вид акт Изпълнителен лист ЗП 316 24 април2026 Час 16:47 Вид акт Заповед за изпълнение 449 Час 16:46 Вид акт Разпореждане 948 Час 16:43 Вид заседание зала / резултат / Със заповед за изпълнение Час 16:21 Вид разпределение Избран съдия/заседател Петър Валентинов Живков Час --:-- Вид страна Заявител Банка ДСК АД Час --:-- Вид страна Длъжник Я.Н.М. Час --:-- Вид страна Пълномощник Р.В.Д. Час 16:21 Вид дело Частно гражданско дело 591/2026
146a3d46-cbad-4aa7-988a-6d8ab36a071c,2026 29 юни2026 Час 16:39 Вид акт Изпълнителен лист ЗП 1794 Час 13:43 Вид акт Определение 2171 Час 13:42 Вид заседание зала / резултат / С определение 28 април2026 Час 11:56 Вид акт Заповед за изпълнение 1625 27 април2026 Час 17:24 Вид акт Разпореждане 4241 Час 17:22 Вид заседание зала / резултат / Решено с акт по същество в закрито заседание 24 април2026 Час 16:21 Вид разпределение Избран съдия/заседател Жанет Марчева Христова Час --:-- Вид страна Кредитор Хепи Кредит ООД Час --:-- Вид страна Длъжник Ю.Й.Й. Час --:-- Вид страна Адвокат Б.В.С. Час 16:21 Вид дело Частно гражданско дело 2109/2026
817c1da6-0230-4e37-b2ab-416b207ca2d7,"2026 01 септември2026 Час 12:59 Вид акт Разпореждане 3495 Час 12:02 Вид заседание зала / резултат / С акт по хода на делото без уведомяване на страните 02 юни2026 Час 12:11 Вид акт Разпореждане 2178 Час 10:44 Вид заседание зала / резултат / С акт по хода на делото без уведомяване на страните 27 април2026 Час 13:52 Вид акт Заповед за изпълнение 679 Час 11:59 Вид заседание зала / резултат / Решено с акт по същество в закрито заседание 24 април2026 Час 16:21 Вид разпределение Избран съдия/заседател Иван Манчев Димитров Час --:-- Вид страна Заявител ""МОСТ ФИНАНС МЕНИДЖМЪНТ"" АД Час --:-- Вид страна Длъжник К.С.Щ. Час --:-- Вид страна Пълномощник С.К.К. Час 16:21 Вид дело Частно гражданско дело 811/2026"
1e03c463-08da-4cf3-ba01-a511634a8354,2026 29 юли2026 Час 20:54 Вид акт Определение 27453 Час 20:53 Вид заседание зала / резултат / Прекратено преди насрочване/разглеждане в ЗЗ 19 юни2026 Час 18:04 Вид акт Разпореждане 75251 Час 18:01 Вид заседание зала / резултат / Без движение 24 април2026 Час 16:21 Вид разпределение Избран съдия/заседател ДЕСИСЛАВА ГЕОРГИЕВА ИВАНОВА ТОШЕВА Час --:-- Вид страна Ищец Г.Д.К. Час --:-- Вид страна Ответник ДОЙЧЕ ЛУФТХАНЗА АД ЧРЕЗ ДОЙЧЕ ЛУФТХАНЗА - ТП Час --:-- Вид страна Адвокат С.Б.Б. Час 16:20 Вид дело Гражданско дело 11201/2026
c3d6b0ce-1fb6-421a-a10d-b8949a872e2b,2026 04 октомври2026 Час 16:33 Вид акт Определение 36084 Час 16:30 Вид заседание зала / резултат / 22 май2026 Час 19:22 Вид акт Разпореждане 63184 Час 19:20 Вид заседание зала / резултат / С определение/разпореждане по чл. 131 ГПК/чл. 367 ГПК 05 май2026 Час 17:59 Вид акт Разпореждане 55846 Час 17:58 Вид заседание зала / резултат / С разпореждане 24 април2026 Час 16:20 Вид разпределение Избран съдия/заседател ДАНИЕЛА БОЖИДАРОВА АЛЕКСАНДРОВА Час --:-- Вид страна Ищец ТОПЛОФИКАЦИЯ СОФИЯ ЕАД Час --:-- Вид страна Ответник Ю.А.Я. Час 16:20 Вид дело Гражданско дело 11200/2026
1bffb62c-d70e-4138-8b66-01a4eb3202e9,2026 23 ноември2026 Час 11:20 Вид заседание зала / резултат / 04 октомври2026 Час 12:42 Вид акт Определение 4180 Час 12:39 Вид заседание зала / резултат / Насрочено за I-во заседание 13 август2026 Час 13:29 Вид акт Разпореждане 10457 Час 13:28 Вид заседание зала / резултат / Без движение 31 юли2026 Час --:-- Вид страна Адвокат Х.М.Г. 22 юни2026 Час 11:54 Вид акт Разпореждане 8203 Час 11:52 Вид заседание зала / резултат / С определение/разпореждане по чл. 131 ГПК/чл. 367 ГПК 04 май2026 Час 14:48 Вид акт Разпореждане 6067 Час 14:46 Вид заседание зала / резултат / Без движение 27 април2026 Час --:-- Вид страна Ответник Кредирект ЕООД Час --:-- Вид страна Адвокат И.С.И. Час --:-- Вид страна Адвокат В.Б.Б. 24 април2026 Час 16:20 Вид разпределение Избран съдия/заседател Силвия Георгиева Иванова Час --:-- Вид страна Ищец Н.Г.Х. Час 16:20 Вид дело Гражданско дело 1683/2026
1606a365-9ed4-4d12-8871-b8324d8816a5,2026 26 юни2026 Час 15:38 Вид акт Решение 168 05 юни2026 Час 15:31 Вид акт Протокол 233 04 юни2026 Час 09:56 Вид Документ Вносител А.А.М. 03 юни2026 Час 09:00 Вид заседание зала / резултат № 6 / Обявено за решаване 08 май2026 Час 14:34 Вид акт Определение 427 Час 11:24 Вид заседание зала / резултат / С Определение/Разпореждане по чл. 267 от ГПК 24 април2026 Час 16:21 Вид разпределение Избран съдия/заседател Станимир Тодоров Ангелов Час 16:21 Вид разпределение Избран съдия/заседател Диана Георгиева Дякова Час 16:20 Вид разпределение Избран съдия/заседател Жечка Николова Маргенова Томова Час --:-- Вид страна Въззивник Д.И.Г. Час --:-- Вид страна Въззивник П.Ж.Г. Час --:-- Вид страна Въззиваема страна И.Д.Г. Час --:-- Вид страна Свидетел С.И.И. Час --:-- Вид страна Адвокат А.А.М. Час --:-- Вид страна Адвокат А.Д.А. Час --:-- Вид страна Адвокат М.З.Т. Час 16:20 Вид дело Въззивно гражданско дело 248/2026
68bfe7d0-c289-4eaf-a34b-55dd23b5147e,2026 22 септември2026 Час 17:46 Вид акт Определение 4105 Час 17:42 Вид заседание зала / резултат / С определение 24 април2026 Час 16:20 Вид разпределение Избран съдия/заседател ХРИСТИНА БОТЕВА ГАРВАНСКА Час --:-- Вид страна Вносител Районна прокуратура - София Час --:-- Вид страна Жалбоподател В.Т. Час 16:20 Вид дело Частно наказателно дело 6011/2026
12f4e3a7-f453-4db9-b70b-f3e2dee77276,"2026 02 юни2026 Час 15:20 Вид акт Разпореждане 1474 Час 14:17 Вид заседание зала / резултат / Без движение 27 май2026 Час --:-- Вид страна Адвокат В.Й.П. 14 май2026 Час 11:31 Вид акт Определение 379 Час 11:29 Вид заседание зала / резултат / С определение Час --:-- Вид страна Процесуален представител А.Д.Б. 24 април2026 Час 17:18 Вид акт Определение 327 Час 17:16 Вид заседание зала / резултат / С определение Час 16:20 Вид разпределение Избран съдия/заседател Андрей Иванов Николов Час --:-- Вид страна Молител ЕПИКС ЮЕКС ЕООД, ПРЕДСТАВЛЯВАНО ОТ СИМЕОН ИВАНОВ БОГДАНОВ, УПРАВИТЕЛ Час --:-- Вид страна Ответник ЕЪРПЛАНТС ЕООД, ПРЕДСТАВЛЯВАНО ОТ УПРАВИТЕЛЯ ЙОРДАН АНГЕЛОВ Час 16:20 Вид дело Частно гражданско дело 388/2026"
395acc1d-40a4-446b-8a88-9c634218e4cd,2026 06 октомври2026 Час 15:20 Вид акт Разпореждане 120201 Час 15:10 Вид заседание зала / резултат / Без движение 02 май2026 Час 18:25 Вид акт Определение 16722 Час 18:23 Вид заседание зала / резултат / С определение 24 април2026 Час 16:20 Вид разпределение Избран съдия/заседател ВАНЯ БОРИСОВА ИВАНОВА ЗГУРОВА Час --:-- Вид страна Наследодател Р.С.С. Час --:-- Вид страна Наследник В.Р.С. Час --:-- Вид страна Наследник Е.И.С. Час 16:20 Вид дело Частно гражданско дело 11199/2026
6cdf4875-6e94-45ce-bd68-f35eab7e6da8,2026 19 август2026 Час 21:29 Вид акт Определение 548 Час 14:30 Вид заседание зала / резултат / Прекратено преди насрочване/разглеждане в ЗЗ 20 юли2026 Час 08:05 Вид акт Разпореждане 942 16 юли2026 Час 15:28 Вид заседание зала / резултат / Без движение 24 юни2026 Час --:-- Вид страна Особен представител К.Ч.Р. 08 юни2026 Час 19:39 Вид акт Разпореждане 744 05 юни2026 Час 14:48 Вид заседание зала / резултат / С разпореждане 03 юни2026 Час 16:15 Вид акт Разпореждане 714 Час 15:00 Вид заседание зала / резултат / С определение/разпореждане по чл. 131 ГПК/чл. 367 ГПК 15 май2026 Час 14:46 Вид акт Разпореждане 638 Час 10:38 Вид заседание зала / резултат / С определение/разпореждане по чл. 131 ГПК/чл. 367 ГПК 24 април2026 Час 16:19 Вид разпределение Избран съдия/заседател Емилиан Благов Венчев Час --:-- Вид страна Ищец АПС БЕТА БЪЛГАРИЯ ЕООД Час --:-- Вид страна Ответник Р.А.С. Час --:-- Вид страна Юрисконсулт К.Д.Х. Час 16:19 Вид дело Гражданско дело 369/2026
901fa5e2-cdb2-4198-a9cf-614a8ddc9a58,2026 26 октомври2026 Час 09:20 Вид заседание зала / резултат / 01 септември2026 Час 13:42 Вид акт Определение 31820 Час 13:24 Вид заседание зала / резултат / Насрочено за I-во заседание 04 август2026 Час --:-- Вид страна Адвокат К.К.Г. 01 юли2026 Час 15:10 Вид акт Разпореждане 80092 Час 15:08 Вид заседание зала / резултат / С определение/разпореждане по чл. 131 ГПК/чл. 367 ГПК Час 15:08 Вид акт Определение 24000 Час 15:02 Вид заседание зала / резултат / С определение 27 май2026 Час 14:08 Вид акт Разпореждане 64318 Час 14:07 Вид заседание зала / резултат / С разпореждане Час 14:06 Вид акт Разпореждане 64314 Час 13:56 Вид заседание зала / резултат / Без движение 27 април2026 Час 13:22 Вид акт Разпореждане 52447 Час 11:42 Вид заседание зала / резултат / С разпореждане 24 април2026 Час 16:19 Вид разпределение Избран съдия/заседател ДЕСИСЛАВА ИВАНОВА ТОДОРОВА Час --:-- Вид страна Ищец А.М.Г. Час --:-- Вид страна Ответник РАЙЪНЕЪР ДЕЗИГНЕЙТИД АКТИВИТИ КЪМПАНИ /RYANAIR DAC/ Час --:-- Вид страна Адвокат С.Г.К. Час 16:19 Вид дело Гражданско дело 11198/2026
5d81ecfc-24d6-436a-8a67-e5b80d37ae36,2026 05 май2026 Час 10:17 Вид акт Определение 666 28 април2026 Час 14:23 Вид заседание зала / резултат / Решено с акт по същество в закрито заседание 24 април2026 Час 16:19 Вид разпределение Избран съдия/заседател Еманоел Вардаров Час --:-- Вид страна Жалбоподател Л.Х.И.М. Час --:-- Вид страна Жалбоподател Ю.М.М. Час --:-- Вид страна Ответник Н.Н.М. Час --:-- Вид страна Адвокат М.М.Д. Час 16:19 Вид дело Въззивно частно гражданско дело 435/2026
4e868a74-a0fa-4b94-b7ae-932a8ba15192,2026 16 юни2026 Час 10:49 Вид акт Изпълнителен лист ЗП 972 15 юни2026 Час 17:42 Вид акт Разпореждане 3456 Час 17:40 Вид заседание зала / резултат / Решено с акт по същество в закрито заседание 26 април2026 Час 10:20 Вид акт Заповед за изпълнение 1447 Час 10:19 Вид заседание зала / резултат / Със заповед за изпълнение 24 април2026 Час 16:19 Вид разпределение Избран съдия/заседател ИСКРЕН БОРИСОВ Час --:-- Вид страна Заявител БЕСТ Кепитъл България ЕАД Час --:-- Вид страна Длъжник Н.И.И. Час --:-- Вид страна Пълномощник В.Л.Л. Час 16:19 Вид дело Частно гражданско дело 1866/2026
9e06dcd8-8fa6-46ce-ad1b-fa65206defbc,2026 27 юли2026 Час 10:03 Вид акт Изпълнителен лист ЗП 1281 23 юли2026 Час 12:37 Вид акт Разпореждане 9318 Час 09:13 Вид заседание зала / резултат / С разпореждане 05 юни2026 Час 11:59 Вид акт Разпореждане 6946 Час 09:46 Вид заседание зала / резултат / С разпореждане 07 май2026 Час 13:11 Вид акт Разпореждане 5392 Час 10:46 Вид заседание зала / резултат / С разпореждане 24 април2026 Час 18:06 Вид акт Заповед за изпълнение 908 Час 16:46 Вид заседание зала / резултат / Със заповед за изпълнение Час 16:19 Вид разпределение Избран съдия/заседател ИВАНКА НИКОЛОВА ПЕНЧЕВА Час --:-- Вид страна Заявител ЕОС МАТРИКС ЕАД Час --:-- Вид страна Длъжник И.М.Е. Час --:-- Вид страна Адвокат Г.И.Х. Час 16:19 Вид дело Частно гражданско дело 1737/2026
beb33018-ac0f-4d41-9c63-7225fc12f082,2026 23 юни2026 Час 15:41 Вид акт Разпореждане 8321 Час 15:40 Вид заседание зала / резултат / Прекратено преди насрочване/разглеждане в ЗЗ 10 юни2026 Час 10:59 Вид акт Разпореждане 7758 Час 10:57 Вид заседание зала / резултат / С разпореждане 30 април2026 Час 13:57 Вид акт Разпореждане 5954 Час 13:55 Вид заседание зала / резултат / Без движение 27 април2026 Час --:-- Вид страна Ответник Сити Кеш ООД Час --:-- Вид страна Адвокат И.С.И. Час --:-- Вид страна Адвокат В.Б.Б. 24 април2026 Час 16:19 Вид разпределение Избран съдия/заседател Симеон Илиянов Светославов Час --:-- Вид страна Ищец Н.Г.Х. Час 16:19 Вид дело Гражданско дело 1682/2026
462057db-e5ee-4434-bfef-e7b7e9f1dd2a,2026 05 май2026 Час 12:19 Вид акт Разпореждане 4045 Час 12:19 Вид акт Заповед за изпълнение 1440 04 май2026 Час 16:40 Вид заседание зала / резултат / Със заповед за изпълнение 27 април2026 Час 10:58 Вид акт Разпореждане 3773 Час 09:30 Вид заседание зала / резултат / Без движение 24 април2026 Час 16:19 Вид разпределение Избран съдия/заседател Елена Иванова Балджиева Час --:-- Вид страна Заявител АПС БЕТА БЪЛГАРИЯ ЕООД Час --:-- Вид страна Длъжник В.А.Ц. Час --:-- Вид страна Законен представител Х.М.М. Час --:-- Вид страна Законен представител П.В. Час --:-- Вид страна Юрисконсулт П.Ф.Ц. Час 16:19 Вид дело Частно гражданско дело 2372/2026
47446ff6-4327-4ef2-b26f-8c8dc0625860,2026 27 май2026 Час 16:16 Вид акт Разпореждане 4861 Час 16:13 Вид заседание зала / резултат / 24 април2026 Час 16:47 Вид акт Изпълнителен лист ЗП 745 Час 16:46 Вид заседание зала / резултат / С разпореждане Час 16:46 Вид акт Заповед за изпълнение 1475 Час 16:45 Вид заседание зала / резултат / Със заповед за изпълнение Час 16:19 Вид разпределение Избран съдия/заседател Албена Петрова Ташкова Час --:-- Вид страна Заявител Банка ДСК АД Час --:-- Вид страна Длъжник Я.М.К. Час --:-- Вид страна Пълномощник Д.М.П. Час 16:19 Вид дело Частно гражданско дело 2065/2026
3195a52e-20ac-4f62-90d0-3fade6124980,"2026 26 април2026 Час 12:10 Вид акт Определение 1886 Час 12:08 Вид заседание зала / резултат / С определение, приключващо делото 24 април2026 Час 16:19 Вид разпределение Избран съдия/заседател ЧАВДАР АЛЕКСАНДРОВ КОСТОВ Час --:-- Вид страна Вносител Районна прокуратура - София Час 16:18 Вид дело Частно наказателно дело 6010/2026"
c77bded1-b487-4dd5-b40e-e8ea261107f9,2026 16 септември2026 Час 17:23 Вид акт Разпореждане 111759 Час 17:19 Вид заседание зала / резултат / Без движение 24 април2026 Час 16:18 Вид разпределение Избран съдия/заседател МАРИЯ ВАСИЛЕВА КАРАГЬОЗОВА Час --:-- Вид страна Ищец ЗАСТРАХОВАТЕЛНА КОМПАНИЯ УНИКА АД Час --:-- Вид страна Ответник Застрахователно акционерно дружество ДаллБогг: Живот и Здраве АД Час 16:18 Вид дело Гражданско дело 11197/2026
300ca32d-c7f6-4c7c-958d-c4ba79aa3d4c,2026 30 юли2026 Час 14:24 Вид акт Разпореждане 92676 Час 14:23 Вид заседание зала / резултат / С разпореждане 12 май2026 Час --:-- Вид страна Ответник Г.И.Б. Час --:-- Вид страна Ответник В.Б.Б. Час --:-- Вид страна Ответник В.Б.Б. 11 май2026 Час 10:31 Вид акт Разпореждане 57126 Час 10:28 Вид заседание зала / резултат / С определение/разпореждане по чл. 131 ГПК/чл. 367 ГПК Час 10:23 Вид акт Разпореждане 57115 Час 10:18 Вид заседание зала / резултат / С разпореждане 29 април2026 Час 16:58 Вид акт Разпореждане 53912 Час 16:55 Вид заседание зала / резултат / Без движение 24 април2026 Час 16:18 Вид разпределение Избран съдия/заседател СВЕТЛАНА ТОДОРОВА ПАНАЙОТОВА Час --:-- Вид страна Ищец ТОПЛОФИКАЦИЯ СОФИЯ ЕАД Час --:-- Вид страна Наследодател Б.В.Б. Час 16:18 Вид дело Гражданско дело 11196/2026
7ed11666-7f23-4dd2-b78e-8ab360c40ca0,"2026 26 април2026 Час 12:30 Вид акт Определение 1887 Час 12:27 Вид заседание зала / резултат / С определение, приключващо делото 24 април2026 Час 16:18 Вид разпределение Избран съдия/заседател ЧАВДАР АЛЕКСАНДРОВ КОСТОВ Час --:-- Вид страна Вносител Районна прокуратура - София Час 16:17 Вид дело Частно наказателно дело 6009/2026"
f2cb1a11-d0b1-4cfb-a2a6-450378c2e286,"2026 10 юни2026 Час 13:05 Вид акт Разпореждане 221 Час 13:03 Вид заседание зала / резултат / С разпореждане 26 май2026 Час 11:59 Вид акт Разпореждане 197 Час 11:56 Вид заседание зала / резултат / С разпореждане 14 май2026 Час 16:14 Вид акт Решение 41 Час 16:11 Вид заседание зала / резултат / Решено с акт по същество в закрито заседание 27 април2026 Час --:-- Вид страна Адвокат Т.С.П. 24 април2026 Час 16:17 Вид разпределение Избран съдия/заседател Катина Минева Час --:-- Вид страна Ищец ЧИТАЛИЩЕ ""НАДЕЖДА 1869"" НЧ Час --:-- Вид страна Ответник АГЕНЦИЯ ПО ВПИСВАНИЯТА Час --:-- Вид страна Адвокат И.С.Н. Час 16:17 Вид дело Търговско дело 56/2026"
495e822a-d7ff-4176-862e-632514063a8c,2026 27 април2026 Час 12:31 Вид акт Определение 383 Час 10:02 Вид заседание зала / резултат / Решено с акт по същество в закрито заседание 24 април2026 Час 16:18 Вид разпределение Избран съдия/заседател Станимир Тодоров Ангелов Час 16:18 Вид разпределение Избран съдия/заседател Анна Великова Час 16:17 Вид разпределение Избран съдия/заседател Жечка Николова Маргенова Томова Час --:-- Вид страна Вносител Районен съд – Балчик Час --:-- Вид страна Страна С.Л.А. Час 16:17 Вид дело Въззивно частно гражданско дело 247/2026
f2adbce0-9103-45d2-a9d3-149bb9b27e22,2026 30 април2026 Час 12:46 Вид акт Изпълнителен лист ЗП 470 Час 12:45 Вид акт Заповед за изпълнение 739 Час 12:37 Вид заседание зала / резултат / Със заповед за изпълнение 27 април2026 Час 09:15 Вид акт Разпореждане 914 Час 09:13 Вид заседание зала / резултат / 24 април2026 Час 16:17 Вид разпределение Избран съдия/заседател Петко Русев Георгиев Час --:-- Вид страна Заявител ЕЙ УАН ВИЖЪН ЕООД Час --:-- Вид страна Длъжник Р.Р.И. Час --:-- Вид страна Юрисконсулт Р.С. Час 16:17 Вид дело Частно гражданско дело 890/2026
eb956d77-2f0e-4ecc-9615-cbfa3156ac0b,2026 27 април2026 Час 17:52 Вид акт Изпълнителен лист ЗП 485 Час 16:28 Вид акт Заповед за изпълнение 681 Час 13:52 Вид акт Разпореждане 1727 Час 11:54 Вид заседание зала / резултат / Със заповед за изпълнение 24 април2026 Час 16:17 Вид разпределение Избран съдия/заседател Иван Манчев Димитров Час --:-- Вид страна Заявител Банка ДСК АД Час --:-- Вид страна Длъжник А.В.Н. Час --:-- Вид страна Пълномощник Х.К.П. Час 16:17 Вид дело Частно гражданско дело 810/2026
c6deb957-75eb-43e1-a287-fbc76907a12e,2026 10 август2026 Час 14:10 Вид акт Решение 426 Час 14:00 Вид заседание зала / резултат / Решено с акт по същество в закрито заседание Час 13:59 Вид заседание зала / резултат / 07 май2026 Час 11:34 Вид акт Определение 699 Час 09:29 Вид заседание зала / резултат / Прекратено преди насрочване/разглеждане в ЗЗ 24 април2026 Час 16:30 Вид разпределение Избран съдия/заседател Владимир Ковачев Час 16:30 Вид разпределение Избран съдия/заседател Николай Грънчаров Час 16:28 Вид разпределение Избран съдия/заседател Атанас Иванов Час --:-- Вид страна Жалбоподател Т.Б.Б. Час --:-- Вид страна Ответник Л.М.Г. Час --:-- Вид страна Адвокат Т.Ц.Ц. Час --:-- Вид страна Адвокат Р.П.Р. Час 16:16 Вид дело Въззивно гражданско дело 582/2026
a50f87a1-373b-4398-9253-5719d446ace9,2026 06 октомври2026 Час 14:23 Вид Документ Вносител И.С.И. Час 13:25 Вид акт Протоколно определение 2476 Час 10:00 Вид заседание зала / резултат / С решение по чл. 235 ГПК 26 август2026 Час 09:40 Вид акт Разпореждане 10944 Час 09:38 Вид заседание зала / резултат / С разпореждане 20 юли2026 Час --:-- Вид страна Вещо лице Т.Ц.И. 10 юли2026 Час 14:22 Вид акт Определение 3020 Час 14:19 Вид заседание зала / резултат / Насрочено за I-во заседание 02 юли2026 Час --:-- Вид страна Ответник ФАЙНЕНШЪЛ БЪЛГАРИЯ ЕООД 27 май2026 Час 15:58 Вид акт Определение 2327 Час 15:44 Вид акт Разпореждане 7090 Час 15:43 Вид заседание зала / резултат / С определение Час 15:42 Вид заседание зала / резултат / С разпореждане Час 15:29 Вид акт Разпореждане 7089 Час 15:27 Вид заседание зала / резултат / С определение/разпореждане по чл. 131 ГПК/чл. 367 ГПК 05 май2026 Час --:-- Вид страна Ответник ИЗИ АСЕТ МЕНИДЖМЪНТ АД Час --:-- Вид страна Адвокат И.С.И. 04 май2026 Час 14:52 Вид акт Разпореждане 6069 Час 14:50 Вид заседание зала / резултат / С разпореждане 29 април2026 Час --:-- Вид страна Адвокат В.Б.Б. 27 април2026 Час 10:17 Вид акт Определение 1923 Час 10:15 Вид заседание зала / резултат / Без движение 24 април2026 Час 16:17 Вид разпределение Избран съдия/заседател Зорница Димитрова Димитрова Банкова Час --:-- Вид страна Ищец Н.Г.Х. Час 16:16 Вид дело Гражданско дело 1681/2026
67cc31c4-f1fe-42bc-9a56-f8801d347743,"2026 26 април2026 Час 11:43 Вид акт Определение 1885 Час 11:41 Вид заседание зала / резултат / С определение, приключващо делото 24 април2026 Час 16:17 Вид разпределение Избран съдия/заседател ЧАВДАР АЛЕКСАНДРОВ КОСТОВ Час --:-- Вид страна Вносител Районна прокуратура - София Час 16:16 Вид дело Частно наказателно дело 6008/2026"
bb103733-8ec9-4fa0-ad1d-ff06d183cb0c,2026 12 юни2026 Час 14:31 Вид акт Разпореждане 2748 Час --:-- Вид заседание зала / резултат / Проведено 08 юни2026 Час 12:29 Вид акт Решение 2646 04 юни2026 Час 18:14 Вид Документ Вносител Д.Т.Ч. 02 юни2026 Час 09:40 Вид заседание зала / резултат Зала 1 / Обявено за решаване 05 май2026 Час 16:48 Вид акт Разпореждане 2033 Час --:-- Вид заседание зала / резултат / Проведено 27 април2026 Час 11:17 Вид акт Разпореждане 1894 Час --:-- Вид заседание зала / резултат / Проведено 24 април2026 Час 16:17 Вид разпределение Избран съдия/заседател Яница Събева-Ченалова Час --:-- Вид страна Жалбоподател Х.Т.Т. Час --:-- Вид страна Ответник НАЧАЛНИК СЕКТОР КЪМ ОДМВР СТАРА ЗАГОРА СЕКТОР ПЪТНА ПОЛИЦИЯ СТАРА ЗАГОРА Час --:-- Вид страна Адвокат Д.Т.Ч. Час 16:16 Вид дело Административно дело 488/2026
65eacb3a-ca42-4b15-8432-e4c22fc95080,2026 23 ноември2026 Час 11:00 Вид заседание зала / резултат / 24 септември2026 Час 14:23 Вид акт Определение 1346 Час 14:21 Вид заседание зала / резултат / Насрочено за I-во заседание 04 септември2026 Час --:-- Вид страна Адвокат Г.И.Г. 03 септември2026 Час 15:52 Вид акт Определение 1272 Час 15:48 Вид заседание зала / резултат / С определение 02 септември2026 Час --:-- Вид страна Друго АДВОКАТСКА КОЛЕГИЯ - ВЕЛИКО ТЪРНОВО 01 септември2026 Час 15:23 Вид акт Определение 1259 Час 15:22 Вид заседание зала / резултат / С определение 28 юли2026 Час 11:23 Вид акт Разпореждане 904 Час 11:20 Вид заседание зала / резултат / С разпореждане 16 юли2026 Час 17:21 Вид разпределение Избран съдия/заседател Ивелина Солакова Час 15:43 Вид акт Определение 1029 Час 15:40 Вид заседание зала / резултат / С акт за отвод 06 юли2026 Час 16:00 Вид акт Разпореждане 792 Час 15:57 Вид заседание зала / резултат / С разпореждане 09 юни2026 Час 11:13 Вид заседание зала / резултат / 05 юни2026 Час 15:37 Вид акт Определение 835 Час 15:34 Вид заседание зала / резултат / Определение по чл. 389 от ГПК 04 юни2026 Час 15:37 Вид акт Разпореждане 663 Час 15:33 Вид заседание зала / резултат / С определение/разпореждане по чл. 131 ГПК/чл. 367 ГПК 29 май2026 Час 12:13 Вид акт Разпореждане 632 Час 12:09 Вид заседание зала / резултат / С разпореждане 07 май2026 Час 11:28 Вид акт Разпореждане 539 Час 11:24 Вид заседание зала / резултат / Без движение 24 април2026 Час 16:16 Вид разпределение Избран съдия/заседател ЛЮБКА МИЛКОВА Час --:-- Вид страна Ищец М.А.К. Час --:-- Вид страна Ответник Е.Т.Е. Час --:-- Вид страна Адвокат В.И.Т. Час 16:16 Вид дело Гражданско дело 434/2026
ed26bc04-f265-4a10-b51f-d85be4875170,"2026 29 април2026 Час 10:08 Вид акт Определение 1955 Час 10:05 Вид заседание зала / резултат / С определение, приключващо делото 24 април2026 Час 16:16 Вид разпределение Избран съдия/заседател ЧАВДАР АЛЕКСАНДРОВ КОСТОВ Час --:-- Вид страна Вносител Районна прокуратура - София Час 16:15 Вид дело Частно наказателно дело 6007/2026"
7eda7961-cc7e-4d99-a2a9-1d577d5829a2,2026 27 април2026 Час 13:09 Вид акт Заповед за изпълнение 1283 24 април2026 Час 16:47 Вид заседание зала / резултат / Със заповед за изпълнение Час 16:15 Вид разпределение Избран съдия/заседател Милена Ганчева Трифонова Час --:-- Вид страна Заявител БЕСТ Кепитъл България ЕАД Час --:-- Вид страна Длъжник М.Х.Ц. Час --:-- Вид страна Пълномощник В.Л.Л. Час 16:15 Вид дело Частно гражданско дело 2371/2026
bd9a7b8d-09a0-4add-8f94-4d7a229cbd38,2026 15 юни2026 Час 13:55 Вид акт Изпълнителен лист ЗП 1606 Час 13:21 Вид акт Разпореждане 6275 Час 13:20 Вид заседание зала / резултат / С разпореждане 05 май2026 Час 11:31 Вид акт Разпореждане 4514 Час 11:30 Вид заседание зала / резултат / С разпореждане 27 април2026 Час 17:07 Вид акт Заповед за изпълнение 1618 Час 15:23 Вид заседание зала / резултат / Със заповед за изпълнение 24 април2026 Час 16:15 Вид разпределение Избран съдия/заседател Петина Кръстева Николова Час --:-- Вид страна Заявител ЕОС МАТРИКС ЕАД Час --:-- Вид страна Длъжник И.Б.И. Час --:-- Вид страна Адвокат Г.И.Х. Час 16:15 Вид дело Частно гражданско дело 2108/2026
d4aadc36-8af2-4614-abf7-9d24c6448c02,2026 22 юни2026 Час 14:37 Вид акт Изпълнителен лист ЗП 3161 Час 14:37 Вид акт Разпореждане 7008 Час 14:21 Вид заседание зала / резултат / С разпореждане 27 април2026 Час 12:04 Вид акт Заповед за изпълнение 2983 Час 11:52 Вид заседание зала / резултат / Със заповед за изпълнение 24 април2026 Час 16:15 Вид разпределение Избран съдия/заседател Емил Кръстев Ангелов Час --:-- Вид страна Заявител БЕСТ Кепитъл България ЕАД Час --:-- Вид страна Длъжник В.А.Д. Час --:-- Вид страна Пълномощник Б.И.К. Час 16:15 Вид дело Частно гражданско дело 3482/2026
608fcf21-d04e-4dbd-8346-0bba7339406f,2026 26 октомври2026 Час 13:10 Вид заседание зала / резултат / 10 август2026 Час --:-- Вид страна Трето лице помагач ДАЛСИЯ ООД 07 август2026 Час 17:18 Вид акт Определение 28769 Час 17:16 Вид заседание зала / резултат / Насрочено за I-во заседание 30 юли2026 Час 12:30 Вид акт Разпореждане 92509 Час 12:28 Вид заседание зала / резултат / С разпореждане 29 юни2026 Час 17:47 Вид акт Разпореждане 79026 Час 17:43 Вид заседание зала / резултат / С разпореждане 26 юни2026 Час 10:47 Вид акт Разпореждане 77777 Час 10:44 Вид заседание зала / резултат / С разпореждане 05 юни2026 Час --:-- Вид страна Адвокат К.Р.К. 04 юни2026 Час 17:08 Вид акт Разпореждане 68488 Час 17:06 Вид заседание зала / резултат / С определение/разпореждане по чл. 131 ГПК/чл. 367 ГПК 26 май2026 Час 14:25 Вид акт Разпореждане 63722 Час 14:06 Вид заседание зала / резултат / Без движение 18 май2026 Час 14:04 Вид акт Разпореждане 60508 Час 14:02 Вид заседание зала / резултат / Без движение 24 април2026 Час 16:15 Вид разпределение Избран съдия/заседател МАРИЯ ГЕОРГИЕВА КОЮВА Час --:-- Вид страна Ищец ТОПЛОФИКАЦИЯ СОФИЯ ЕАД Час --:-- Вид страна Ответник Л.Н.Ч. Час --:-- Вид страна Ответник Р.Н.Ч. Час 16:15 Вид дело Гражданско дело 11195/2026
3eda7af6-9015-4347-92ec-e5f5dec48790,2026 29 април2026 Час 08:21 Вид акт Заповед за изпълнение 577 Час 08:19 Вид заседание зала / резултат / Със заповед за изпълнение 24 април2026 Час 16:15 Вид разпределение Избран съдия/заседател Костадин Димитров Попов Час --:-- Вид страна Заявител А1 България ЕАД Час --:-- Вид страна Длъжник М.И.Р. Час --:-- Вид страна Представител М.М.К. Час 16:15 Вид дело Частно гражданско дело 819/2026
9857c560-4754-4f90-9f8b-e3e4c19b5451,2026 02 септември2026 Час 14:47 Вид акт Разпореждане 895 Час 14:46 Вид акт Изпълнителен лист ЗП 118 Час 10:35 Вид заседание зала / резултат / С разпореждане 10 май2026 Час 17:30 Вид акт Заповед за изпълнение 94 Час 13:16 Вид заседание зала / резултат / Решено с акт по същество в закрито заседание 24 април2026 Час 16:15 Вид разпределение Избран съдия/заседател Емил Василев Николаев Час --:-- Вид страна Заявител Мост Финанс Мениджмънт АД Час --:-- Вид страна Длъжник Ф.Г.Й. Час --:-- Вид страна Юрисконсулт Е.И.И. Час 16:15 Вид дело Частно гражданско дело 206/2026
a49a0ef4-1a8a-4de7-b0c5-56aa70b666c3,2026 29 октомври2026 Час 10:00 Вид заседание зала / резултат / 29 септември2026 Час 12:39 Вид акт Разпореждане 3201 Час 10:13 Вид заседание зала / резултат / С разпореждане Час --:-- Вид страна Юрисконсулт К.Г.З. 14 септември2026 Час 16:36 Вид акт Протокол 195 10 септември2026 Час 10:00 Вид заседание зала / резултат / Отложено в I-во заседание 07 юли2026 Час 16:27 Вид акт Определение 305 Час 16:24 Вид заседание зала / резултат / Насрочено за I-во заседание 30 април2026 Час 16:06 Вид акт Разпореждане 1414 Час 16:04 Вид заседание зала / резултат / С определение/разпореждане по чл. 131 ГПК/чл. 367 ГПК 24 април2026 Час 16:14 Вид разпределение Избран съдия/заседател РУМЕНА ФОТИ Час --:-- Вид страна Ищец Г.М.Б. Час --:-- Вид страна Ответник ТИ БИ АЙ Банк ЕАД Час --:-- Вид страна Адвокат Х.Ц.Р. Час 16:14 Вид дело Гражданско дело 535/2026
d3717bae-4a74-41d3-a291-4c526726df20,"2026 29 април2026 Час 09:50 Вид акт Определение 1954 Час 09:48 Вид заседание зала / резултат / С определение, приключващо делото 24 април2026 Час 16:15 Вид разпределение Избран съдия/заседател ЧАВДАР АЛЕКСАНДРОВ КОСТОВ Час --:-- Вид страна Вносител Районна прокуратура - София Час 16:14 Вид дело Частно наказателно дело 6006/2026"
b53a06f1-3d96-424e-bc48-c56b7fae1a28,2026 11 май2026 Час 15:29 Вид акт Разпореждане 57510 Час 15:26 Вид заседание зала / резултат / С определение/разпореждане по чл. 131 ГПК/чл. 367 ГПК 30 април2026 Час 13:59 Вид акт Разпореждане 54343 Час 13:57 Вид заседание зала / резултат / Без движение 24 април2026 Час 16:14 Вид разпределение Избран съдия/заседател ВИКТОРИЯ НИКОЛАЕВА НЕДЕВА Час --:-- Вид страна Ищец ТОПЛОФИКАЦИЯ СОФИЯ ЕАД Час --:-- Вид страна Ответник П.Н.К. Час 16:14 Вид дело Гражданско дело 11194/2026
73198b92-8ad3-4ea5-aad9-503ec30e9db7,2026 22 октомври2026 Час 10:40 Вид заседание зала / резултат Зала 3 / Насрочено 15 юли2026 Час 10:20 Вид заседание зала / резултат Зала 3 / Пренасрочено 07 юли2026 Час 17:15 Вид акт Разпореждане 3209 Час --:-- Вид заседание зала / резултат / Проведено 04 юни2026 Час 18:15 Вид Документ Вносител С.К.П. Час 18:15 Вид Документ Вносител С.К.П. Час 15:49 Вид акт Определение 2602 Час 10:00 Вид заседание зала / резултат Зала 3 / Отложено във II-ро заседание Час --:-- Вид заседание зала / резултат / Проведено 27 април2026 Час 14:59 Вид акт Разпореждане 1906 Час --:-- Вид заседание зала / резултат / Проведено 24 април2026 Час 16:14 Вид разпределение Избран съдия/заседател Златко Мазников Час --:-- Вид страна Жалбоподател С.К.П. Час --:-- Вид страна Ответник Директорът на ТП на НОИ Стара Загора Час --:-- Вид страна Вещо лице А.Х.Г. Час 16:14 Вид дело Административно дело 487/2026
038525c1-1816-451b-80f6-720caa7de281,2026 14 юли2026 Час 12:31 Вид акт Определение 1253 Час 12:29 Вид заседание зала / резултат / Прекратено преди насрочване/разглеждане в ЗЗ 30 април2026 Час 08:26 Вид акт Разпореждане 1819 Час 08:23 Вид заседание зала / резултат / С определение/разпореждане по чл. 131 ГПК/чл. 367 ГПК 24 април2026 Час 16:14 Вид разпределение Избран съдия/заседател Нели Делчева Иванова Час --:-- Вид страна Ищец И.Б.И. Час --:-- Вид страна Ответник РОЯЛ СПИДТРАНС ЕООД Час 16:13 Вид дело Гражданско дело 1031/2026
a10a055c-ccd8-4a17-ae17-aeddb806e096,2026 07 октомври2026 Час 10:30 Вид заседание зала / резултат 7 етаж 2 / 31 август2026 Час 17:01 Вид разпределение Избран съдия/заседател ИРЕНА КОЛЕВА 20 юли2026 Час 16:53 Вид акт Определение 1055 Час 16:12 Вид заседание зала / резултат / С определение за насрочване 15 юли2026 Час 11:00 Вид заседание зала / резултат / Отменено 16 юни2026 Час 16:16 Вид акт Определение 898 Час 15:12 Вид заседание зала / резултат / С Определение/Разпореждане по чл. 267 от ГПК 27 април2026 Час 15:50 Вид акт Определение 641 Час 15:00 Вид заседание зала / резултат / Прекратено преди насрочване/разглеждане в ЗЗ 24 април2026 Час 16:14 Вид разпределение Избран съдия/заседател Катина Минева Час --:-- Вид страна Жалбоподател АПС БЕТА България ЕООД Час --:-- Вид страна Ответник Н.Т.Т. Час --:-- Вид страна Особен представител М.К.Д. Час --:-- Вид страна Юрисконсулт П.Ф.Ц. Час 16:13 Вид дело Въззивно гражданско дело 433/2026
58c6e710-11ca-4765-9c94-4ccd04c0384b,2026 24 април2026 Час 16:16 Вид акт Определение 1686 Час 16:14 Вид заседание зала / резултат / Решено с акт по същество в закрито заседание Час 16:14 Вид разпределение Избран съдия/заседател Дарин Николаев Йорданов Час 16:13 Вид разпределение Избран съдия/заседател Николай Стефанов Стефанов Час --:-- Вид страна Наследодател Г.Г.Д. Час --:-- Вид страна Наследник М.В.Д. Час 16:13 Вид дело Частно гражданско дело 2370/2026
47d38473-bd1a-4d6f-a6b9-e37fd85ec06a,2026 06 юли2026 Час 13:40 Вид акт Решение 356 Час 13:34 Вид акт Протокол 788 Час 10:32 Вид Документ Вносител Д.А.П. 03 юли2026 Час 08:50 Вид заседание зала / резултат / Обявено за решаване 15 юни2026 Час 15:19 Вид акт Определение 686 Час 15:17 Вид заседание зала / резултат / Насрочено за I-во заседание Час --:-- Вид страна Адвокат Х.М.Г. 12 юни2026 Час 14:21 Вид акт Разпореждане 1322 Час 14:16 Вид заседание зала / резултат / Без движение 28 април2026 Час 14:34 Вид акт Разпореждане 868 Час 14:32 Вид заседание зала / резултат / С определение/разпореждане по чл. 131 ГПК/чл. 367 ГПК 27 април2026 Час 14:54 Вид акт Разпореждане 856 Час 14:52 Вид заседание зала / резултат / Без движение 24 април2026 Час 16:13 Вид разпределение Избран съдия/заседател Владислав Емирски Час --:-- Вид страна Ищец Х.Ю.Х. Час --:-- Вид страна Ответник СИТИ КЕШ ООД Час --:-- Вид страна Адвокат Д.А.П. Час 16:13 Вид дело Гражданско дело 408/2026
e1c00d62-4e19-4ffb-a492-25b969579187,2026 10 юни2026 Час --:-- Вид страна Адвокат П.Н.С. 08 юни2026 Час 16:03 Вид акт Разпореждане 69849 Час 16:01 Вид заседание зала / резултат / С определение/разпореждане по чл. 131 ГПК/чл. 367 ГПК 29 април2026 Час 16:52 Вид акт Разпореждане 53904 Час 16:51 Вид заседание зала / резултат / Без движение 24 април2026 Час 16:13 Вид разпределение Избран съдия/заседател СТОЙЧО ТОДОРОВ ПОПОВ Час --:-- Вид страна Ищец ТОПЛОФИКАЦИЯ СОФИЯ ЕАД Час --:-- Вид страна Ответник Р.К.С. Час 16:13 Вид дело Гражданско дело 11193/2026
5bf82735-0228-4cd4-8d9c-0be888f7de05,"2026 26 април2026 Час 11:05 Вид акт Определение 1884 Час 11:02 Вид заседание зала / резултат / С определение, приключващо делото 24 април2026 Час 16:13 Вид разпределение Избран съдия/заседател ЧАВДАР АЛЕКСАНДРОВ КОСТОВ Час --:-- Вид страна Вносител Районна прокуратура - София Час 16:13 Вид дело Частно наказателно дело 6005/2026"
ceaf6985-db9e-4b78-8432-dd5ce3185c38,2026 01 юли2026 Час 14:23 Вид акт Решение 5844 18 юни2026 Час 19:02 Вид Документ Вносител ВАНИНА СТИЛ ООД Час 10:10 Вид заседание зала / резултат Зала 3 / Обявено за решаване 27 април2026 Час 15:44 Вид акт Разпореждане 3674 Час --:-- Вид заседание зала / резултат / Проведено 24 април2026 Час 16:13 Вид разпределение Избран съдия/заседател Диана Ганева Час --:-- Вид страна Касатор ВАНИНА СТИЛ ООД Час --:-- Вид страна Друго ОКРЪЖНА ПРОКУРАТУРА БУРГАС Час --:-- Вид страна Ответник Директор на дирекция Инспекция по труда-Бургас Час --:-- Вид страна Процесуален представител М.А. Час 16:13 Вид дело Касационно административно наказателно дело 954/2026
d62e1a0d-c8ab-4a0b-9226-947bc5dd920d,2026 27 април2026 Час 15:55 Вид акт Изпълнителен лист ЗП 535 Час 15:55 Вид акт Заповед за изпълнение 829 Час 15:53 Вид заседание зала / резултат / Решено с акт по същество в закрито заседание 24 април2026 Час 16:13 Вид разпределение Избран съдия/заседател Трифон Пенчев Славков Час --:-- Вид страна Заявител „ЮРОБАНК БЪЛГАРИЯ” АД Час --:-- Вид страна Длъжник Н.Н.Н. Час --:-- Вид страна Адвокат Д.Р.П. Час 16:13 Вид дело Частно гражданско дело 1418/2026
0eb31f3f-f414-4db1-9063-70d684fd45fd,2026 27 април2026 Час 15:33 Вид акт Изпълнителен лист ЗП 156 Час 14:21 Вид акт Заповед за изпълнение 362 Час 14:21 Вид акт Разпореждане 916 Час 14:04 Вид заседание зала / резултат / Решено с акт по същество в закрито заседание Час 13:57 Вид заседание зала / резултат / С разпореждане 24 април2026 Час 16:13 Вид разпределение Избран съдия/заседател Минчо Танев Танев Час --:-- Вид страна Заявител Банка ДСК АД Час --:-- Вид страна Длъжник Д.А.Д. Час --:-- Вид страна Пълномощник Б.В.Х. Час 16:13 Вид дело Частно гражданско дело 463/2026
a8f32732-8d59-47d2-ad9c-16874d8d77a1,2026 05 май2026 Час 08:45 Вид акт Заповед за изпълнение 732 Час 08:00 Вид заседание зала / резултат / Решено с акт по същество в закрито заседание 27 април2026 Час 08:55 Вид акт Разпореждане 1961 Час 08:53 Вид заседание зала / резултат / Без движение 24 април2026 Час 16:13 Вид разпределение Избран съдия/заседател ЯВОР ДАНАИЛОВ Час --:-- Вид страна Заявител АПС БЕТА БЪЛГАРИЯ ЕООД Час --:-- Вид страна Длъжник С.П.Г. Час --:-- Вид страна Законен представител Х.М.М. Час --:-- Вид страна Законен представител П.В. Час --:-- Вид страна Юрисконсулт П.Ф.Ц. Час 16:13 Вид дело Частно гражданско дело 1334/2026
d4e1d7e3-ab31-492b-a121-a68afc909dce,2026 19 май2026 Час 11:35 Вид акт Решение 3368 Час --:-- Вид страна Страна Д.К.К. 18 май2026 Час 20:52 Вид заседание зала / резултат / Решено с акт по същество в закрито заседание 24 април2026 Час 16:13 Вид разпределение Избран съдия/заседател Петър Иванов Минчев Час --:-- Вид страна Жалбоподател ОВЕРГАЗ КАПИТАЛ АД Час 16:12 Вид дело Въззивно гражданско дело 4364/2026
4cd96d27-93ae-4306-968c-492ef7067aa4,"2026 25 юни2026 Час 18:24 Вид акт Решение 320 19 юни2026 Час 08:55 Вид акт Разпореждане 722 Час 08:53 Вид заседание зала / резултат / С разпореждане Час --:-- Вид страна Адвокат Г.Ц.Г. 18 юни2026 Час 16:20 Вид акт Протокол 505 Час 09:00 Вид заседание зала / резултат Зала №4 етаж 3 / Обявено за решаване 13 май2026 Час 10:33 Вид акт Разпореждане 561 Час 10:30 Вид заседание зала / резултат / С разпореждане 08 май2026 Час 20:15 Вид акт Разпореждане 535 Час 20:08 Вид заседание зала / резултат / С Определение/Разпореждане по чл. 267 от ГПК 24 април2026 Час 16:22 Вид разпределение Избран съдия/заседател Вили Дацов Час 16:21 Вид разпределение Избран съдия/заседател Владимир Ковачев Час --:-- Вид страна Жалбоподател ВЛАДИМИР ПАУНОВИЧ Час --:-- Вид страна Ответник ЕС на сграда "" Б"" на АПАРТ ХОТЕЛ "" ЛЪКИ БАНСКО"", Матей Стефанов Иванов - управител Час --:-- Вид страна Особен представител С.И.П. Час 16:12 Вид дело Въззивно гражданско дело 581/2026"
6778ecb7-61cc-438e-9e48-158469b82826,"2026 27 април2026 Час 10:43 Вид акт Определение 1911 26 април2026 Час 10:32 Вид акт Определение 1882 Час 10:30 Вид заседание зала / резултат / С определение, приключващо делото Час 10:27 Вид заседание зала / резултат / 24 април2026 Час 16:12 Вид разпределение Избран съдия/заседател ЧАВДАР АЛЕКСАНДРОВ КОСТОВ Час --:-- Вид страна Вносител Районна прокуратура - София Час 16:12 Вид дело Частно наказателно дело 6004/2026"
4094d989-d133-49d2-994a-ae53751bdca3,2026 16 септември2026 Час 11:05 Вид акт Разпореждане 111235 15 септември2026 Час 09:12 Вид заседание зала / резултат / С разпореждане 08 септември2026 Час 17:02 Вид акт Разпореждане 108216 Час 14:49 Вид заседание зала / резултат / С разпореждане 21 август2026 Час 15:33 Вид акт Разпореждане 101324 Час 15:19 Вид заседание зала / резултат / С разпореждане 12 август2026 Час 11:50 Вид акт Решение 15962 11 август2026 Час 09:46 Вид Документ Вносител Д.К.М. Час 09:37 Вид акт Протокол 20283 05 август2026 Час 11:30 Вид заседание зала / резултат / Обявено за решаване 07 юли2026 Час 16:46 Вид Документ Вносител Д.К.М. Час 14:49 Вид акт Протокол 18645 02 юли2026 Час 13:30 Вид заседание зала / резултат / Отложено в ОСЗ 26 юни2026 Час 11:07 Вид акт Определение 23412 Час 11:05 Вид заседание зала / резултат / С определение Час --:-- Вид страна Процесуален представител Д.Д.Д. 22 юни2026 Час --:-- Вид страна Адвокат Д.К.М. 19 юни2026 Час 15:53 Вид акт Разпореждане 75116 Час 15:51 Вид заседание зала / резултат / С разпореждане 09 юни2026 Час 17:05 Вид акт Определение 21448 Час 16:45 Вид заседание зала / резултат / С определение Час --:-- Вид страна Адвокат К.И.Б. 04 юни2026 Час 14:51 Вид акт Разпореждане 68300 Час 14:49 Вид акт Определение 20773 Час 14:48 Вид заседание зала / резултат / С разпореждане Час 14:41 Вид заседание зала / резултат / С определение 02 юни2026 Час 14:33 Вид акт Протокол 14655 29 май2026 Час 08:45 Вид заседание зала / резултат / Отложено в I-во заседание 13 май2026 Час 18:51 Вид акт Разпореждане 58880 Час 18:51 Вид акт Заповед 164 Час 18:50 Вид заседание зала / резултат / С разпореждане Час 18:39 Вид акт Определение 18057 Час 18:38 Вид заседание зала / резултат / Със заповед за незабавна защита Час 17:49 Вид заседание зала / резултат / Насрочено в I-во заседание БЕЗ РАЗМЯНА НА КНИЖА 04 май2026 Час 16:05 Вид акт Разпореждане 55250 Час 15:21 Вид заседание зала / резултат / Без движение 24 април2026 Час 16:26 Вид акт Разпореждане 52009 Час 16:22 Вид заседание зала / резултат / Без движение Час 16:12 Вид разпределение Избран съдия/заседател БЕТИНА БОГДАНОВА БОШНАКОВА Час --:-- Вид страна Молител Ю.В.М. Час --:-- Вид страна Ответник Л.Д.М. Час 16:12 Вид дело Гражданско дело 11192/2026
8039c4fa-65d9-4d47-96e8-f6457e9fff09,2026 29 юни2026 Час 13:09 Вид акт Разпореждане 78647 22 май2026 Час 13:38 Вид заседание зала / резултат / С определение/разпореждане по чл. 131 ГПК/чл. 367 ГПК 18 май2026 Час 01:30 Вид акт Разпореждане 60150 Час 01:29 Вид акт Разпореждане 60149 Час 01:28 Вид заседание зала / резултат / С разпореждане Час 01:27 Вид заседание зала / резултат / Без движение Час --:-- Вид страна Ответник М.И.В. 24 април2026 Час 16:38 Вид акт Разпореждане 52021 Час 16:36 Вид заседание зала / резултат / Без движение Час 16:12 Вид разпределение Избран съдия/заседател СИЛВИЯ ПЕТРОВА НИКОЛОВА Час --:-- Вид страна Ищец ТОПЛОФИКАЦИЯ СОФИЯ ЕАД Час --:-- Вид страна Наследодател Х.И.Д. Час 16:12 Вид дело Гражданско дело 11191/2026
006ed25f-91e9-4a61-811b-0a05acc6756d,"2026 24 април2026 Час 18:21 Вид акт Определение 1878 Час 18:18 Вид заседание зала / резултат / С определение, приключващо делото Час 18:07 Вид заседание зала / резултат / Час 16:11 Вид разпределение Избран съдия/заседател ХРИСТИНА БОТЕВА ГАРВАНСКА Час --:-- Вид страна Вносител Районна прокуратура - София Час 16:11 Вид дело Частно наказателно дело 6003/2026"
f6186e88-0dc2-4d56-b836-05477f98fa65,2026 16 октомври2026 Час 09:20 Вид заседание зала / резултат / 29 юли2026 Час 09:07 Вид акт Определение 27287 Час 09:05 Вид заседание зала / резултат / Насрочено за I-во заседание Час --:-- Вид страна Трето лице помагач ТЕХЕМ СЪРВИСИС ЕООД Час --:-- Вид страна Вещо лице И.Д.У. Час --:-- Вид страна Вещо лице И.Н.Г. Час --:-- Вид страна Адвокат Д.Й.Ч. Час --:-- Вид страна Адвокат С.К.К. Час --:-- Вид страна Адвокат И.А.Н. 22 май2026 Час 07:40 Вид акт Разпореждане 62650 Час 07:38 Вид заседание зала / резултат / С определение/разпореждане по чл. 131 ГПК/чл. 367 ГПК 29 април2026 Час 06:39 Вид акт Разпореждане 53379 Час 06:34 Вид заседание зала / резултат / Без движение 24 април2026 Час 16:11 Вид разпределение Избран съдия/заседател АСПАРУХ ЕМИЛОВ ХРИСТОВ Час --:-- Вид страна Ищец ТОПЛОФИКАЦИЯ СОФИЯ ЕАД Час --:-- Вид страна Ответник М.В.Д. Час --:-- Вид страна Ответник Б.М.Д. Час --:-- Вид страна Ответник В.М.Д. Час 16:11 Вид дело Гражданско дело 11190/2026
b4eb28bb-a6a0-4de5-b29e-70d4559f8436,2026 20 май2026 Час 16:06 Вид акт Определение 231 Час 16:01 Вид заседание зала / резултат / Прекратено преди насрочване/разглеждане в ЗЗ 24 април2026 Час 16:11 Вид разпределение Избран съдия/заседател ЛЮБКА МИЛКОВА Час --:-- Вид страна Ищец БЕЛ БРОКЕРС ЕООД Час --:-- Вид страна Ответник Велттед Асет Мениджмънт ЕООД Час 16:11 Вид дело Търговско дело 55/2026
4188a5b3-c771-4e47-bb17-3a3543b01ef7,2026 22 юни2026 Час 11:00 Вид акт Разпореждане 5506 Час --:-- Вид заседание зала / резултат / Проведено 18 юни2026 Час 09:44 Вид акт Разпореждане 5387 Час --:-- Вид заседание зала / резултат / Проведено 27 май2026 Час 09:57 Вид акт Определение 4632 Час --:-- Вид заседание зала / резултат / Прекратено 21 май2026 Час 10:36 Вид акт Разпореждане 4463 Час --:-- Вид заседание зала / резултат / Проведено 04 май2026 Час 15:57 Вид акт Разпореждане 3916 Час --:-- Вид заседание зала / резултат / Проведено 27 април2026 Час 11:13 Вид акт Разпореждане 3648 Час --:-- Вид заседание зала / резултат / Проведено 24 април2026 Час 16:11 Вид разпределение Избран съдия/заседател Диана Ганева Час --:-- Вид страна Жалбоподател М.В. Час --:-- Вид страна Ответник ДЪРЖАВНА АГЕНЦИЯ ЗА БЕЖАНЦИТЕ ГР. СОФИЯ Час 16:11 Вид дело Административно дело 953/2026
a90eced3-b80e-42c7-afea-a9dbae600a5e,"2026 10 юни2026 Час 13:15 Вид акт Решение 1641 28 май2026 Час 18:16 Вид Документ Вносител Вен Трейд 94 ЕООД 26 май2026 Час 14:00 Вид заседание зала / резултат Зала 2 / Обявено за решаване 30 април2026 Час 16:52 Вид акт Определение 1254 Час --:-- Вид заседание зала / резултат / Проведено 27 април2026 Час 13:52 Вид акт Разпореждане 1218 Час --:-- Вид заседание зала / резултат / Проведено 24 април2026 Час 16:11 Вид разпределение Избран съдия/заседател Елица Димитрова Час --:-- Вид страна Жалбоподател ЕТ ""Николай Енчев - Ники 95"" Час --:-- Вид страна Ответник КМЕТ НА ОБЩИНА РУСЕ Час --:-- Вид страна Заинтересована страна Вен Трейд 94 ЕООД Час --:-- Вид страна Адвокат Е.Н.Д. Час 16:11 Вид дело Административно дело 318/2026"
73affa7f-e233-452c-a7ed-f431e586df2d,2026 09 юни2026 Час 16:30 Вид акт Изпълнителен лист ЗП 943 Час 10:24 Вид акт Разпореждане 7085 Час 08:59 Вид заседание зала / резултат / С разпореждане 27 април2026 Час 14:49 Вид акт Заповед за изпълнение 932 Час 14:08 Вид заседание зала / резултат / Със заповед за изпълнение 24 април2026 Час 16:11 Вид разпределение Избран съдия/заседател Ангел Ташев Час --:-- Вид страна Заявител БЕСТ Кепитъл България ЕАД Час --:-- Вид страна Длъжник П.И.П. Час --:-- Вид страна Пълномощник Г.Я.Б. Час 16:11 Вид дело Частно гражданско дело 1736/2026
4cb220d9-28dd-46a8-b797-1003e5a84602,2026 11 септември2026 Час 11:17 Вид акт Разпореждане 1757 Час 11:15 Вид заседание зала / резултат / С разпореждане 31 юли2026 Час 09:29 Вид акт Разпореждане 1402 Час 09:27 Вид заседание зала / резултат / С разпореждане 14 юни2026 Час 21:14 Вид акт Разпореждане 1014 Час 21:12 Вид заседание зала / резултат / С разпореждане 24 април2026 Час 18:59 Вид акт Заповед за изпълнение 196 Час 16:27 Вид заседание зала / резултат / Със заповед за изпълнение Час 16:11 Вид разпределение Избран съдия/заседател Никола Петров Римпопов Час --:-- Вид страна Заявител БЕСТ Кепитъл България ЕАД Час --:-- Вид страна Длъжник М.К.К. Час --:-- Вид страна Пълномощник В.Л.Л. Час 16:11 Вид дело Частно гражданско дело 371/2026
cc15190e-240a-4711-91b3-21cc0489407e,2026 11 септември2026 Час 13:42 Вид акт Изпълнителен лист ЗП 479 Час 13:41 Вид акт Разпореждане 2038 Час 13:39 Вид заседание зала / резултат / С разпореждане 04 май2026 Час 12:32 Вид акт Заповед за изпълнение 283 Час 12:30 Вид заседание зала / резултат / Със заповед за изпълнение 27 април2026 Час 13:05 Вид акт Разпореждане 794 Час 13:00 Вид заседание зала / резултат / Без движение 24 април2026 Час 16:11 Вид разпределение Избран съдия/заседател Мария Йорданова Дучева Час --:-- Вид страна Заявител ЕОС МАТРИКС ЕАД Час --:-- Вид страна Длъжник И.Д.В. Час --:-- Вид страна Адвокат Г.И.Х. Час 16:11 Вид дело Частно гражданско дело 491/2026
c3e01225-829e-420f-ba19-a5421a8a612a,2026 22 октомври2026 Час 14:50 Вид заседание зала / резултат Зала 4 етаж 1 / 14 юли2026 Час 11:51 Вид акт Протокол 7756 08 юли2026 Час 16:30 Вид заседание зала / резултат Зала 2 партер / Отложено в ОСЗ 12 юни2026 Час 19:28 Вид акт Разпореждане 11162 Час 19:26 Вид заседание зала / резултат / Насрочено за I-во заседание 11 юни2026 Час --:-- Вид страна Адвокат С.Й.Ц. 05 май2026 Час 13:54 Вид акт Разпореждане 8478 Час 13:52 Вид заседание зала / резултат / С определение/разпореждане по чл. 131 ГПК/чл. 367 ГПК 27 април2026 Час 17:42 Вид акт Разпореждане 8017 Час 17:40 Вид заседание зала / резултат / Без движение 24 април2026 Час 16:11 Вид разпределение Избран съдия/заседател Свилена Стоянова Давчева Час --:-- Вид страна Ищец М.Н.А. Час --:-- Вид страна Ответник РУАЛ ТРЕЙД ЕООД Час --:-- Вид страна Адвокат Т.П.Д. Час 16:10 Вид дело Гражданско дело 3317/2026
568e9aa6-638a-4394-b0eb-8c9f81ea845a,"2026 13 октомври2026 Час 13:30 Вид заседание зала / резултат / 16 септември2026 Час 08:04 Вид акт Разпореждане 111126 15 септември2026 Час 15:09 Вид заседание зала / резултат / С разпореждане Час 12:15 Вид акт Определение 33355 Час 12:02 Вид заседание зала / резултат / С определение Час 11:42 Вид акт Разпореждане 110691 Час 11:40 Вид заседание зала / резултат / Без движение 13 август2026 Час 15:42 Вид акт Разпореждане 98184 Час 15:22 Вид заседание зала / резултат / С разпореждане 27 юли2026 Час 14:30 Вид акт Разпореждане 90996 17 юли2026 Час 10:26 Вид заседание зала / резултат / С разпореждане 19 юни2026 Час 14:48 Вид акт Протокол 16836 16 юни2026 Час 11:15 Вид заседание зала / резултат / Отложено в I-во заседание 14 май2026 Час 16:05 Вид акт Разпореждане 59313 Час 15:57 Вид заседание зала / резултат / С разпореждане 29 април2026 Час --:-- Вид страна Адвокат Г.Ч.К. 27 април2026 Час --:-- Вид страна Заинтересована страна Дирекция ""Социално подпомагане"" Люлин-отдел ""Закрила на детето"" 24 април2026 Час 16:35 Вид акт Определение 15701 Час 16:32 Вид заседание зала / резултат / Насрочено в I-во заседание БЕЗ РАЗМЯНА НА КНИЖА Час 16:31 Вид акт Заповед 148 Час 16:25 Вид заседание зала / резултат / Със заповед за незабавна защита Час 16:11 Вид разпределение Избран съдия/заседател ЕЛЕНА НИКОЛОВА ДИНЕВА ИЛИЕВА Час --:-- Вид страна Молител И.И.И. Час --:-- Вид страна Молител В.В.П. Час --:-- Вид страна Молител М.В.П. Час --:-- Вид страна Ответник В.О.П. Час --:-- Вид страна Законен представител И.И.И. Час --:-- Вид страна Адвокат В.М.А. Час 16:10 Вид дело Гражданско дело 11189/2026"
9ddf0958-ca6f-43b3-a985-100da8fbbb40,2026 02 октомври2026 Час 13:59 Вид акт Разпореждане 118725 Час 13:52 Вид заседание зала / резултат / С разпореждане 24 август2026 Час 12:30 Вид акт Разпореждане 101840 Час 12:28 Вид заседание зала / резултат / С разпореждане 05 май2026 Час 18:32 Вид акт Разпореждане 55859 Час 18:31 Вид акт Разпореждане 55858 Час 18:30 Вид заседание зала / резултат / С разпореждане Час 18:29 Вид заседание зала / резултат / С определение/разпореждане по чл. 131 ГПК/чл. 367 ГПК 27 април2026 Час 17:22 Вид акт Разпореждане 52732 Час 17:19 Вид заседание зала / резултат / Без движение 24 април2026 Час 16:10 Вид разпределение Избран съдия/заседател ВИКТОРИЯ ВИКТОРОВА МИНГОВА Час --:-- Вид страна Ищец ТОПЛОФИКАЦИЯ СОФИЯ ЕАД Час --:-- Вид страна Ответник В.А.А. Час --:-- Вид страна Ответник Х.А.А. Час 16:10 Вид дело Гражданско дело 11188/2026
f72780dd-ffc1-450a-976f-f8c2fe90cbf4,"2026 14 октомври2026 Час 15:00 Вид заседание зала / резултат Зала 2 / 03 август2026 Час --:-- Вид страна Свидетел Х.Н.Д. Час --:-- Вид страна Свидетел К.И.А. 31 юли2026 Час 14:09 Вид акт Разпореждане 966 Час 14:07 Вид заседание зала / резултат / С разпореждане за насрочване 08 юни2026 Час 09:50 Вид акт Разпореждане 718 Час 09:45 Вид заседание зала / резултат / С разпореждане 24 април2026 Час 16:09 Вид разпределение Избран съдия/заседател Петранка Панайотова Кирова Час --:-- Вид страна Жалбоподател М.С.П. Час --:-- Вид страна Админ.наказ.орган Началник сектор в ОДМВР ЯМБОЛ,Сектор „Пътна полиция“ -Ямбол Час --:-- Вид страна Адвокат И.И.Г. Час 16:09 Вид дело Административно наказателно дело 397/2026"
4ea4d768-f749-49fc-aadf-f96394350239,2026 09 септември2026 Час 15:34 Вид акт Определение 32698 Час 14:41 Вид заседание зала / резултат / С разпореждане 03 август2026 Час 15:55 Вид разпределение Избран съдия/заседател ЙОАНА КРАСИМИРОВА КАЦАРСКА 26 май2026 Час 11:39 Вид акт Разпореждане 63519 Час 11:37 Вид заседание зала / резултат / С определение/разпореждане по чл. 131 ГПК/чл. 367 ГПК 29 април2026 Час 15:12 Вид акт Разпореждане 53736 Час 15:10 Вид заседание зала / резултат / Без движение 24 април2026 Час 16:09 Вид разпределение Избран съдия/заседател ВЕЛИСЛАВА СТАНИСЛАВОВА ЕНЧЕВА Час --:-- Вид страна Ищец ТОПЛОФИКАЦИЯ СОФИЯ ЕАД Час --:-- Вид страна Ответник М.Р.П. Час 16:09 Вид дело Гражданско дело 11187/2026
5e6acda0-3c6c-494c-9401-f38d781be7ad,"2026 24 юни2026 Час 11:40 Вид акт Определение 3189 Час 11:22 Вид заседание зала / резултат / Спряно производство Час 10:41 Вид акт Протокол 2416 23 юни2026 Час 13:44 Вид Документ Вносител Ж.Б.Б. Час 09:40 Вид заседание зала / резултат / За постановяване на акт 21 май2026 Час 13:44 Вид акт Определение 2541 Час 13:41 Вид заседание зала / резултат / Насрочено в I-во заседание БЕЗ РАЗМЯНА НА КНИЖА 05 май2026 Час 12:05 Вид акт Разпореждане 4410 Час 11:58 Вид заседание зала / резултат / С разпореждане 29 април2026 Час 11:46 Вид акт Разпореждане 4211 Час 11:40 Вид заседание зала / резултат / Без движение 24 април2026 Час 16:09 Вид разпределение Избран съдия/заседател Нина Русева Моллова Белчева Час --:-- Вид страна Жалбоподател Р.К.Б. Час --:-- Вид страна Жалбоподател К.П.Б. Час --:-- Вид страна Жалбоподател С.П.П. Час --:-- Вид страна Ответник Общинска служба ""Земеделие"", град Созопол Час --:-- Вид страна Адвокат Ж.Б.Б. Час 16:09 Вид дело Гражданско дело 1717/2026"
bd31a089-7f9e-4263-b478-3990891364a1,2026 02 октомври2026 Час 10:44 Вид акт Изпълнителен лист ЗП 531 01 октомври2026 Час 14:26 Вид акт Разпореждане 3313 Час 14:25 Вид заседание зала / резултат / С разпореждане 27 юли2026 Час 12:20 Вид акт Разпореждане 2716 15 юни2026 Час 11:04 Вид акт Разпореждане 2237 24 април2026 Час 17:20 Вид акт Заповед за изпълнение 495 Час 17:14 Вид заседание зала / резултат / Със заповед за изпълнение Час 16:09 Вид разпределение Избран съдия/заседател Асима Костова Вангелова-Петрова Час --:-- Вид страна Заявител БЕСТ Кепитъл България ЕАД Час --:-- Вид страна Длъжник В.А. Час --:-- Вид страна Пълномощник Б.И.К. Час 16:09 Вид дело Частно гражданско дело 846/2026
7a79b908-18c1-4061-a368-bf9fdf89ecd9,2026 08 юли2026 Час 18:55 Вид акт Решение 6144 04 юни2026 Час 19:30 Вид Документ Вносител М.А. Час 10:10 Вид заседание зала / резултат Зала 5 / Обявено за решаване 27 април2026 Час 10:25 Вид акт Разпореждане 3634 Час --:-- Вид заседание зала / резултат / Проведено 24 април2026 Час 16:09 Вид разпределение Избран съдия/заседател Веселин Енчев Час --:-- Вид страна Касатор ВАНИНА СТИЛ ООД Час --:-- Вид страна Друго ОКРЪЖНА ПРОКУРАТУРА БУРГАС Час --:-- Вид страна Ответник Директор на дирекция Инспекция по труда-Бургас Час --:-- Вид страна Процесуален представител М.А. Час 16:08 Вид дело Касационно административно наказателно дело 952/2026
be13e6c8-9586-44a0-b038-32a6500510d5,2026 03 ноември2026 Час 14:10 Вид заседание зала / резултат / 08 май2026 Час 13:59 Вид акт Разпореждане 13157 Час 13:57 Вид заседание зала / резултат / С Определение/Разпореждане по чл. 267 от ГПК 27 април2026 Час --:-- Вид страна Въззиваема страна ДОБРИЧФАРМА ЕООД Час --:-- Вид страна Адвокат Н.В.М. Час --:-- Вид страна Адвокат А.А.С. 24 април2026 Час 16:08 Вид разпределение Избран съдия/заседател Цветелина Александрова Костова Час --:-- Вид страна Въззивник И.С.К. Час 16:08 Вид дело Въззивно гражданско дело 4363/2026
6d0f8e2e-e6c8-4fda-880b-485b38a624bd,2026 31 юли2026 Час 18:50 Вид акт Разпореждане 93545 Час 18:46 Вид заседание зала / резултат / Без движение 22 юли2026 Час 16:29 Вид акт Разпореждане 89331 Час 16:26 Вид заседание зала / резултат / Без движение 24 април2026 Час 16:08 Вид разпределение Избран съдия/заседател НОРА ВЛАДИМИРОВА МАРИНОВА Час --:-- Вид страна Ищец ТОПЛОФИКАЦИЯ СОФИЯ ЕАД Час --:-- Вид страна Наследодател А.Д.Д. Час 16:08 Вид дело Гражданско дело 11186/2026
beefa18e-8619-4fc0-bceb-75741a113ffa,2026 15 септември2026 Час 10:12 Вид акт Разпореждане 3654 Час 10:04 Вид заседание зала / резултат / Без движение 31 август2026 Час 15:39 Вид акт Разпореждане 3469 Час 15:26 Вид заседание зала / резултат / С разпореждане 06 август2026 Час 10:27 Вид акт Разпореждане 3195 Час 10:22 Вид заседание зала / резултат / С разпореждане 17 юли2026 Час 14:05 Вид акт Определение 2129 Час 10:33 Вид заседание зала / резултат / С определение 13 юли2026 Час 10:10 Вид акт Разпореждане 2842 Час 10:06 Вид заседание зала / резултат / С разпореждане 01 юли2026 Час 09:33 Вид акт Разпореждане 2672 Час 09:27 Вид заседание зала / резултат / С разпореждане 26 юни2026 Час 11:30 Вид акт Разпореждане 2635 Час 11:28 Вид заседание зала / резултат / С разпореждане Час 11:12 Вид акт Разпореждане 2631 Час 11:07 Вид заседание зала / резултат / Без движение 24 юни2026 Час 11:00 Вид акт Разпореждане 2591 Час 10:51 Вид заседание зала / резултат / Без движение 18 май2026 Час 13:31 Вид акт Определение 1446 Час 10:25 Вид заседание зала / резултат / Прекратено преди насрочване/разглеждане в ЗЗ 04 май2026 Час 09:46 Вид акт Разпореждане 1812 Час 09:42 Вид заседание зала / резултат / С разпореждане 27 април2026 Час --:-- Вид страна Въззиваема страна Д.Й.М. Час --:-- Вид страна Адвокат М.С.М. 24 април2026 Час 16:08 Вид разпределение Избран съдия/заседател Недялка Пенева Пенева Час --:-- Вид страна Въззивник ИНТЕР ПРЕСТИЖ ЕООД Час --:-- Вид страна Въззивник ТУРИСТИЧЕСКА КОМПАНИЯ - 2000 ЕООД Час 16:08 Вид дело Въззивно гражданско дело 780/2026
8260eaf0-0863-4605-b5d0-a0e92ffe34f8,2026 17 юни2026 Час 18:31 Вид акт Решение 4158 Час 16:08 Вид заседание зала / резултат / Решено с акт по същество в закрито заседание 24 април2026 Час 16:08 Вид разпределение Избран съдия/заседател Гергана Коюмджиева Час --:-- Вид страна Жалбоподател А.В.С. Час 16:08 Вид дело Въззивно гражданско дело 4362/2026
b27b63fd-055a-4d86-9dab-0532e031d823,2026 28 септември2026 Час 15:12 Вид акт Изпълнителен лист 64 Час 15:12 Вид акт Разпореждане 1545 Час 14:37 Вид заседание зала / резултат / С разпореждане 11 август2026 Час 10:34 Вид акт Решение 107 04 август2026 Час 14:02 Вид акт Протокол 227 Час 11:20 Вид заседание зала / резултат / С решение по чл. 235 ГПК 07 юли2026 Час 13:25 Вид акт Определение 400 Час 13:22 Вид заседание зала / резултат / Насрочено за I-во заседание Час --:-- Вид страна Ищец В.Л.Б. Час --:-- Вид страна Законен представител Л.А.Б. 30 април2026 Час 18:26 Вид акт Разпореждане 655 Час 18:23 Вид заседание зала / резултат / С определение/разпореждане по чл. 131 ГПК/чл. 367 ГПК 29 април2026 Час 11:32 Вид разпределение Избран съдия/заседател Даниел Борисов Христов 24 април2026 Час 16:08 Вид разпределение Избран съдия/заседател Ивета Венциславова Кънева-Санкова Час --:-- Вид страна Ищец Л.А.Б. Час --:-- Вид страна Ответник М.С.Б. Час --:-- Вид страна Контролираща страна Дирекция социално подпомагане - Оряхово Час 16:08 Вид дело Гражданско дело 445/2026
d8d68505-435e-462e-8996-70071abdba87,2026 23 септември2026 Час 17:08 Вид акт Разпореждане 114283 Час 16:45 Вид заседание зала / резултат / С разпореждане 09 септември2026 Час 17:11 Вид акт Определение 32738 Час 16:52 Вид заседание зала / резултат / С определение 04 август2026 Час --:-- Вид страна Адвокат Л.И.Т. 31 юли2026 Час 18:51 Вид акт Разпореждане 93546 Час 18:49 Вид заседание зала / резултат / С определение/разпореждане по чл. 131 ГПК/чл. 367 ГПК 22 юли2026 Час 16:50 Вид акт Разпореждане 89354 Час 16:48 Вид заседание зала / резултат / Без движение 24 април2026 Час 16:08 Вид разпределение Избран съдия/заседател НОРА ВЛАДИМИРОВА МАРИНОВА Час --:-- Вид страна Ищец ТОПЛОФИКАЦИЯ СОФИЯ ЕАД Час --:-- Вид страна Ответник В.М.З. Час --:-- Вид страна Ответник П.А.К. Час --:-- Вид страна Ответник Т.А.Г. Час 16:08 Вид дело Гражданско дело 11185/2026
5aa39842-1177-42e8-9037-7247566a2074,2026 14 септември2026 Час 14:11 Вид акт Определение 33203 Час 14:09 Вид заседание зала / резултат / С определение Час 14:07 Вид заседание зала / резултат / С разпореждане Час --:-- Вид страна Адвокат Е.М.Д. 29 юли2026 Час 10:19 Вид акт Разпореждане 91873 Час 10:17 Вид заседание зала / резултат / С разпореждане 05 юни2026 Час 13:51 Вид акт Разпореждане 68955 Час 13:49 Вид заседание зала / резултат / С разпореждане 27 май2026 Час 15:05 Вид акт Разпореждане 64389 Час 15:04 Вид заседание зала / резултат / С определение/разпореждане по чл. 131 ГПК/чл. 367 ГПК 20 май2026 Час 10:19 Вид акт Разпореждане 61538 Час 10:17 Вид заседание зала / резултат / Без движение 24 април2026 Час 16:07 Вид разпределение Избран съдия/заседател МАРИЯ ИВАНОВА ИВАНОВА АНГЕЛОВА Час --:-- Вид страна Ищец ТОПЛОФИКАЦИЯ СОФИЯ ЕАД Час --:-- Вид страна Ответник К.А.С. Час 16:07 Вид дело Гражданско дело 11184/2026
7d1b025e-f133-4570-8160-730876ce5fcd,2026 02 юли2026 Час 10:44 Вид разпределение Избран съдия/заседател Мариана Валериева Николова 27 април2026 Час --:-- Вид страна Въззиваема страна ТОПЛОФИКАЦИЯ СОФИЯ ЕАД Час --:-- Вид страна Трето лице помагач ТЕХЕМ СЪРВИСИС ЕООД 24 април2026 Час 16:07 Вид разпределение Избран съдия/заседател Евгени Стоилов Станоев Час --:-- Вид страна Въззивник М.Ц.М. Час 16:07 Вид дело Въззивно гражданско дело 4361/2026
3a31f815-a8ee-4b14-8ac8-3958825c94c7,2026 27 април2026 Час 15:21 Вид акт Определение 1384 Час 15:17 Вид заседание зала / резултат / Прекратено преди насрочване/разглеждане в ЗЗ 24 април2026 Час 16:07 Вид разпределение Избран съдия/заседател Петранка Бонева Петрова Час --:-- Вид страна Ищец ПРОФИ КРЕДИТ БЪЛГАРИЯ ЕООД Час --:-- Вид страна Ответник К.Б.С. Час --:-- Вид страна Ответник А.Н.М. Час --:-- Вид страна Юрисконсулт М.Т.П. Час 16:07 Вид дело Гражданско дело 2107/2026
97374462-d2f9-4ae2-a068-83991659d8e3,2026 05 октомври2026 Час 21:58 Вид акт Изпълнителен лист ЗП 657 04 октомври2026 Час 21:39 Вид акт Разпореждане 3809 Час 21:35 Вид заседание зала / резултат / С разпореждане 14 юли2026 Час 20:49 Вид акт Заповед за изпълнение 802 Час 20:41 Вид заседание зала / резултат / Със заповед за изпълнение 24 април2026 Час 16:07 Вид разпределение Избран съдия/заседател Христо Тотев Христов Час --:-- Вид страна Заявител БЕСТ Кепитъл България ЕАД Час --:-- Вид страна Длъжник М.Б.П. Час --:-- Вид страна Пълномощник В.Л.Л. Час 16:07 Вид дело Частно гражданско дело 905/2026
61cff75e-2212-4ad3-84b1-559443ab1308,2026 14 юли2026 Час 18:03 Вид акт Разпореждане 8130 Час 18:00 Вид заседание зала / резултат / С разпореждане 27 април2026 Час 17:34 Вид акт Заповед за изпълнение 3021 Час 17:29 Вид заседание зала / резултат / Със заповед за изпълнение 24 април2026 Час 16:07 Вид разпределение Избран съдия/заседател Петър Никифоров Петров Час --:-- Вид страна Заявител ЕОС МАТРИКС ЕАД Час --:-- Вид страна Длъжник З.Б.О. Час --:-- Вид страна Адвокат Г.И.Х. Час 16:07 Вид дело Частно гражданско дело 3481/2026
84f59476-99c1-4e11-8d28-715aae9957f2,2026 09 юни2026 Час 12:40 Вид акт Решение 3912 Час 10:33 Вид заседание зала / резултат / Решено с акт по същество в закрито заседание 24 април2026 Час 16:06 Вид разпределение Избран съдия/заседател Евгени Георгиев Час --:-- Вид страна Жалбоподател Н.А.Г. Час 16:06 Вид дело Въззивно гражданско дело 4360/2026
dfecac06-ac8b-4077-8bdf-3ced5acab2bd,2026 12 юни2026 Час 11:55 Вид акт Решение 1461 09 юни2026 Час 10:48 Вид акт Протокол 2194 08 юни2026 Час 16:26 Вид Документ Вносител Р.С.И. Час 09:30 Вид заседание зала / резултат / Обявено за решаване 28 април2026 Час --:-- Вид страна Адвокат Р.С.И. 27 април2026 Час 17:15 Вид акт Определение 2082 Час 17:00 Вид заседание зала / резултат / Насрочено в I-во заседание БЕЗ РАЗМЯНА НА КНИЖА 24 април2026 Час 16:06 Вид разпределение Избран съдия/заседател Димитър Пенчев Стоянов Час --:-- Вид страна Молител М.Л.С. Час --:-- Вид страна Заинтересована страна ОБЩИНА БУРГАС Час --:-- Вид страна Заинтересована страна Районна прокуратура - Бургас Час 16:06 Вид дело Гражданско дело 1716/2026
30cdfeb9-b127-4a5d-8723-5ca93f219e98,2026 28 юли2026 Час 10:46 Вид акт Разпореждане 698 Час 10:44 Вид заседание зала / резултат / С разпореждане 02 юли2026 Час 12:59 Вид акт Разпореждане 608 Час 12:56 Вид заседание зала / резултат / С разпореждане 16 юни2026 Час 09:22 Вид акт Разпореждане 548 Час 09:20 Вид заседание зала / резултат / Без движение 14 май2026 Час 12:58 Вид акт Определение 218 Час 12:55 Вид заседание зала / резултат / Решено с акт по същество в закрито заседание 24 април2026 Час 16:06 Вид разпределение Избран съдия/заседател Мария Петрова Петрова Час --:-- Вид страна Жалбоподател ЕОС МАТРИКС ЕООД Час --:-- Вид страна Въззиваема страна Я.Б.К. Час --:-- Вид страна Въззиваема страна Е.Й.О. Час --:-- Вид страна Въззиваема страна А.С.А. Час --:-- Вид страна Адвокат Д.Т.К. Час 16:06 Вид дело Въззивно частно гражданско дело 224/2026
6844658f-aad1-4632-99f6-b28fe04a76a3,2026 28 април2026 Час 10:48 Вид акт Разпореждане 52924 Час 10:46 Вид заседание зала / резултат / Прекратено преди насрочване/разглеждане в ЗЗ 24 април2026 Час 16:06 Вид разпределение Избран съдия/заседател ВАСИЛ ВАЛЕНТИНОВ АЛЕКСАНДРОВ Час --:-- Вид страна Ищец ТОПЛОФИКАЦИЯ СОФИЯ ЕАД Час --:-- Вид страна Ответник В.Д.С. Час 16:06 Вид дело Гражданско дело 11183/2026
1a0e7cf1-29f3-4b54-9ff9-fdf11358bf7d,2026 24 април2026 Час 16:47 Вид акт Решение 321 Час 16:41 Вид заседание зала / резултат / Решено с акт по същество в закрито заседание Час 16:06 Вид разпределение Избран съдия/заседател Петранка Бонева Петрова Час --:-- Вид страна Молител Е.А.А. Час --:-- Вид страна Родител Н.Д.М. Час --:-- Вид страна Родител А.А.М. Час 16:06 Вид дело Гражданско дело 2106/2026
354fda1f-4057-4e63-a754-1f19db61dd12,2026 19 юни2026 Час 15:49 Вид акт Решение 5479 16 юни2026 Час 18:57 Вид Документ Вносител Полицейски инспектор при сектор Пътна полиция при ОД на МВР Бургас 15 юни2026 Час 13:00 Вид заседание зала / резултат Зала 3 / Обявено за решаване 05 май2026 Час 15:40 Вид акт Разпореждане 3966 Час --:-- Вид заседание зала / резултат / Проведено 27 април2026 Час 12:22 Вид акт Разпореждане 3653 Час --:-- Вид заседание зала / резултат / Проведено 24 април2026 Час 16:06 Вид разпределение Избран съдия/заседател Йовка Бъчварова Час --:-- Вид страна Жалбоподател Н.А.Т. Час --:-- Вид страна Ответник Полицейски инспектор при сектор Пътна полиция при ОД на МВР Бургас Час --:-- Вид страна Процесуален представител М.С.С. Час 16:06 Вид дело Административно дело 951/2026
27076b46-efc5-40ff-936b-edb0d36dbf7d,"2027 2026 25 март2027 Час 13:30 Вид заседание зала / резултат / 06 октомври2026 Час 10:03 Вид разпределение Избран съдия/заседател Румяна Милчева Найденова 25 август2026 Час 14:06 Вид акт Разпореждане 23584 Час 14:04 Вид заседание зала / резултат / С разпореждане 14 август2026 Час 19:10 Вид акт Разпореждане 22831 Час 19:08 Вид заседание зала / резултат / С Определение/Разпореждане по чл. 267 от ГПК 02 юли2026 Час 16:19 Вид разпределение Избран съдия/заседател Анна-Мария Мирославова Събева 27 април2026 Час --:-- Вид страна Въззиваема страна ЗАД ""АЛИАНЦ БЪЛГАРИЯ"" АД Час --:-- Вид страна Процесуален представител Д.Г.К. Час --:-- Вид страна Процесуален представител Д.Я.Д. 24 април2026 Час 16:05 Вид разпределение Избран съдия/заседател Иванина Иванова Пъстракова Час --:-- Вид страна Въззивник ДЗИ - ОБЩО ЗАСТРАХОВАНЕ ЕАД Час 16:05 Вид дело Въззивно гражданско дело 4359/2026"
9c308451-c89b-48c1-8920-c83743cd3672,2026 05 октомври2026 Час 14:19 Вид акт Разпореждане 119455 Час 14:16 Вид заседание зала / резултат / С разпореждане 18 септември2026 Час 16:14 Вид акт Разпореждане 113001 Час 16:12 Вид заседание зала / резултат / С разпореждане 24 август2026 Час 14:31 Вид акт Разпореждане 102008 Час 14:29 Вид заседание зала / резултат / С разпореждане 15 юни2026 Час 15:58 Вид акт Разпореждане 72905 Час 15:56 Вид заседание зала / резултат / С определение/разпореждане по чл. 131 ГПК/чл. 367 ГПК 08 юни2026 Час 14:58 Вид акт Разпореждане 69736 Час 14:56 Вид заседание зала / резултат / Без движение 24 април2026 Час 16:06 Вид разпределение Избран съдия/заседател МАРИЯ ИВАНОВА ИВАНОВА АНГЕЛОВА Час --:-- Вид страна Ищец ТОПЛОФИКАЦИЯ СОФИЯ ЕАД Час --:-- Вид страна Ответник Г.П.Д. Час --:-- Вид страна Ответник М.В.Д. Час 16:05 Вид дело Гражданско дело 11182/2026
4b40b4ca-90b2-499a-b95f-cbbf12e13e5a,"2026 22 май2026 Час 12:11 Вид акт Решение 2127 Час --:-- Вид заседание зала / резултат / Проведено 24 април2026 Час 16:07 Вид разпределение Избран съдия/заседател Пенка Костова Час --:-- Вид страна Жалбоподател ""София Комерс Кредит Груп"" АД Час --:-- Вид страна Ответник С.А.А. Час --:-- Вид страна Адвокат Н.Р. Час 16:05 Вид дело Частно административно дело 516/2026"
35e9897d-8291-4b51-8abe-c9310e612aa8,2026 28 април2026 Час 14:51 Вид акт Изпълнителен лист ЗП 533 Час 14:50 Вид акт Заповед за изпълнение 640 Час 14:48 Вид заседание зала / резултат / Решено с акт по същество в закрито заседание 24 април2026 Час 16:05 Вид разпределение Избран съдия/заседател Адриана Георгиева Добрева Час --:-- Вид страна Заявител Обединена Българска Банка АД Час --:-- Вид страна Длъжник М.А.С. Час --:-- Вид страна Длъжник КИТО 2000 ЕООД Час --:-- Вид страна Юрисконсулт И.И.К. Час 16:05 Вид дело Частно гражданско дело 864/2026
14a8a769-33cf-4fcb-b8e0-c6004ee14281,2026 28 април2026 Час 17:32 Вид акт Определение 1424 Час 17:30 Вид заседание зала / резултат / Прекратено преди насрочване/разглеждане в ЗЗ 24 април2026 Час 16:05 Вид разпределение Избран съдия/заседател Мирослав Цветанов Марков Час --:-- Вид страна Ищец ПРОФИ КРЕДИТ БЪЛГАРИЯ ЕООД Час --:-- Вид страна Ответник Д.Ж.А. Час --:-- Вид страна Юрисконсулт М.Т.П. Час 16:05 Вид дело Гражданско дело 2105/2026
9acbefd3-82be-42eb-b3cd-15d98c541660,2026 23 юни2026 Час 14:45 Вид акт Разпореждане 2424 Час 14:44 Вид акт Изпълнителен лист ЗП 825 Час 14:43 Вид заседание зала / резултат / С разпореждане 05 май2026 Час 13:05 Вид акт Заповед за изпълнение 689 Час 12:58 Вид заседание зала / резултат / Със заповед за изпълнение 04 май2026 Час 14:11 Вид разпределение Избран съдия/заседател Димитринка Емилова Купринджийска 30 април2026 Час 17:55 Вид акт Определение 303 Час 17:53 Вид заседание зала / резултат / С акт за отвод 24 април2026 Час 16:05 Вид разпределение Избран съдия/заседател Диана Пенчева Петрова Енева Час --:-- Вид страна Заявител БЕСТ Кепитъл България ЕАД Час --:-- Вид страна Длъжник М.Ф.И. Час --:-- Вид страна Пълномощник В.Л.Л. Час 16:05 Вид дело Частно гражданско дело 752/2026
2dda5178-54ed-4375-a471-2f5862e791a7,"2026 30 юли2026 Час 15:23 Вид акт Изпълнителен лист 187 Час 11:41 Вид акт Разпореждане 1168 Час 11:39 Вид заседание зала / резултат / С разпореждане 29 юни2026 Час 13:01 Вид акт Решение 135 25 юни2026 Час 13:47 Вид Документ Вносител Д.Я.Т. Час 13:46 Вид Документ Вносител Д.Я.Т. Час 13:45 Вид Документ Вносител Д.Я.Т. Час 13:29 Вид акт Протокол 280 23 юни2026 Час 09:50 Вид заседание зала / резултат / С решение по чл. 235 ГПК 02 юни2026 Час 11:10 Вид акт Определение 307 Час 10:13 Вид заседание зала / резултат / Насрочено за I-во заседание 27 април2026 Час 15:55 Вид акт Разпореждане 674 Час 15:49 Вид заседание зала / резултат / С определение/разпореждане по чл. 131 ГПК/чл. 367 ГПК Час 15:46 Вид заседание зала / резултат / С определение Час 15:42 Вид акт Определение 236 Час 15:39 Вид заседание зала / резултат / Определение по чл. 389 от ГПК Час --:-- Вид страна Адвокат Д.Я.Т. 24 април2026 Час 16:05 Вид разпределение Избран съдия/заседател Живка Димитрова Петрова Час --:-- Вид страна Ищец К.А.А. Час --:-- Вид страна Ищец И.Т.А. Час --:-- Вид страна Ищец А.Д.К. Час --:-- Вид страна Ответник Етажните собственици от сграда с идентификатор №65677.701.1337.3 , с адрес град Свиленград, ул. ""Христо Шишманов"" №32 Час --:-- Вид страна Представляващ ПРОФЕСИОНАЛЕН ДОМОУПРАВИТЕЛ СВИЛЕНГРАД ЕООД Час 16:05 Вид дело Гражданско дело 159/2026"
c1fbc6f2-657b-4f44-8003-f7b8a16978ca,"2026 26 май2026 Час 15:11 Вид акт Разпореждане 359 Час 15:09 Вид заседание зала / резултат / Прекратено производство 24 април2026 Час 16:05 Вид разпределение Избран съдия/заседател Галена Николаева Манова-Узунова Час --:-- Вид страна Обвинител ТО-Разлог към РП-Благоевград Час --:-- Вид страна Жалбоподател Я.Г.М. Час --:-- Вид страна Админ.наказ.орган ОДМВР - Благоевград, Сектор Пътна полиция Час 16:05 Вид дело Административно наказателно дело 222/2026"
d53c786e-d85a-47b5-a42f-e628f708591a,2026 16 юли2026 Час 15:45 Вид акт Разпореждане 1798 Час 15:42 Вид заседание зала / резултат / С разпореждане 01 юни2026 Час 15:22 Вид акт Разпореждане 1208 Час 15:20 Вид заседание зала / резултат / С разпореждане 24 април2026 Час 16:14 Вид акт Заповед за изпълнение 87 Час 16:12 Вид заседание зала / резултат / Със заповед за изпълнение Час 16:05 Вид разпределение Избран съдия/заседател Мариана Гунчева Час --:-- Вид страна Заявител Мост Финанс Мениджмънт АД Час --:-- Вид страна Длъжник Д.А.П. Час --:-- Вид страна Юрисконсулт Е.И.И. Час 16:05 Вид дело Частно гражданско дело 407/2026
29c4ecc0-dec6-4a96-a524-60c644fa57cc,2026 23 юни2026 Час 16:39 Вид акт Изпълнителен лист ЗП 701 Час 16:32 Вид акт Изпълнителен лист ЗП 700 Час 16:12 Вид акт Разпореждане 2736 Час 16:07 Вид заседание зала / резултат / С разпореждане 27 април2026 Час 16:43 Вид акт Разпореждане 1824 Час 16:26 Вид акт Заповед за изпълнение 782 Час 16:22 Вид заседание зала / резултат / Със заповед за изпълнение 24 април2026 Час 16:05 Вид разпределение Избран съдия/заседател КРАСИМИРА ИВАНОВА КОЛЕВА Час --:-- Вид страна Заявител Мост Финанс Мениджмънт АД Час --:-- Вид страна Длъжник Д.С.Г. Час --:-- Вид страна Представител К.М.М. Час 16:05 Вид дело Частно гражданско дело 1047/2026
b017c77d-cac5-41e6-8c25-4ae550a010ef,2026 29 юни2026 Час 10:41 Вид акт Изпълнителен лист ЗП 1656 Час 10:41 Вид акт Разпореждане 6313 Час 09:45 Вид заседание зала / резултат / С разпореждане 24 април2026 Час 17:38 Вид акт Заповед за изпълнение 1274 Час 17:36 Вид заседание зала / резултат / Със заповед за изпълнение Час 16:05 Вид разпределение Избран съдия/заседател Тихомира Георгиева Казасова Час --:-- Вид страна Кредитор Хепи Кредит ООД Час --:-- Вид страна Длъжник Ю.Й.Й. Час --:-- Вид страна Адвокат Б.В.С. Час 16:05 Вид дело Частно гражданско дело 2369/2026
c7a9553f-52dd-421c-a0cd-efe7c2384cb1,2026 28 октомври2026 Час 13:30 Вид заседание зала / резултат / 08 септември2026 Час 13:35 Вид акт Разпореждане 24580 Час 13:30 Вид заседание зала / резултат / С Определение/Разпореждане по чл. 267 от ГПК 02 юли2026 Час 16:13 Вид разпределение Избран съдия/заседател Ивона Веселинова Енчева 01 юни2026 Час 10:21 Вид акт Разпореждане 15344 Час 10:12 Вид заседание зала / резултат / Без движение 27 април2026 Час --:-- Вид страна Въззиваема страна ТОПЛОФИКАЦИЯ СОФИЯ ЕАД Час --:-- Вид страна Трето лице помагач ТЕХЕМ СЪРВИСИС ЕООД Час --:-- Вид страна Процесуален представител С.Й.К. 24 април2026 Час 16:05 Вид разпределение Избран съдия/заседател Калина Анастасова Час --:-- Вид страна Въззивник О.Р.К. Час 16:04 Вид дело Въззивно гражданско дело 4358/2026
0381aca7-4431-49e5-9253-44f7fca64856,"2026 24 април2026 Час 16:54 Вид акт Определение 1610 Час 16:35 Вид заседание зала / резултат / С определение, приключващо делото Час 16:05 Вид разпределение Избран съдия/заседател Силвия Борисова Русева Час --:-- Вид страна Жалбоподател С.К.С. Час 16:04 Вид дело Частно наказателно дело 2851/2026"
a23755f3-cc7a-4d80-a32d-4527d4e8bd17,2026 24 април2026 Час 16:04 Вид разпределение Избран съдия/заседател ИВО ВЪТЕВ ВЪТЕВ Час --:-- Вид страна Ищец ТОПЛОФИКАЦИЯ СОФИЯ ЕАД Час --:-- Вид страна Наследодател Н.Т.Н. Час 16:04 Вид дело Гражданско дело 11181/2026
366be739-0439-4e69-8f17-0e62be3623cb,2026 08 септември2026 Час 11:28 Вид акт Определение 483 Час 11:25 Вид заседание зала / резултат / Прекратено преди насрочване/разглеждане в ЗЗ 12 юни2026 Час 15:42 Вид акт Разпореждане 2352 Час 15:39 Вид заседание зала / резултат / Без движение 18 май2026 Час 11:22 Вид акт Разпореждане 1963 Час 11:20 Вид заседание зала / резултат / С разпореждане 24 април2026 Час 16:04 Вид разпределение Избран съдия/заседател Мария Вангелова Грунова Час --:-- Вид страна Наследодател С.К.Г. Час --:-- Вид страна Наследник Г.С.Г. Час 16:04 Вид дело Частно гражданско дело 809/2026
aebeebcc-2bf9-4fd6-872d-24e31390519c,2027 2026 04 юни2027 Час 14:35 Вид заседание зала / резултат / 02 юли2026 Час 10:56 Вид разпределение Избран съдия/заседател Маргарита Илиева Николова 19 юни2026 Час 12:37 Вид акт Разпореждане 17371 Час 12:35 Вид заседание зала / резултат / С Определение/Разпореждане по чл. 267 от ГПК 27 април2026 Час --:-- Вид страна Въззиваема страна ЗАСТРАХОВАТЕЛНО ДРУЖЕСТВО ЕВРОИНС АД 24 април2026 Час 16:04 Вид разпределение Избран съдия/заседател Стоян Стоянов Петров Час --:-- Вид страна Въззивник ЗАСТРАХОВАТЕЛНО АКЦИОНЕРНО ДРУЖЕСТВО АРМЕЕЦ АД Час 16:03 Вид дело Въззивно гражданско дело 4357/2026
c614eff3-1765-4c54-b290-dca315975de8,2026 31 юли2026 Час 20:34 Вид акт Разпореждане 93588 Час 20:31 Вид заседание зала / резултат / Час 20:31 Вид заседание зала / резултат / Без движение 24 април2026 Час 16:03 Вид разпределение Избран съдия/заседател ИВАНКА ГРИГОРОВА МИТЕВА Час --:-- Вид страна Ищец ТОПЛОФИКАЦИЯ СОФИЯ ЕАД Час --:-- Вид страна Ответник И.Т.С. Час 16:03 Вид дело Гражданско дело 11180/2026
880fdc6a-9d81-4f4b-b276-276ff85d8a5c,2026 30 септември2026 Час 11:26 Вид акт Протокол 1282 Час 10:00 Вид заседание зала / резултат СЪДЕБНА ЗАЛА 15 / Обявено за решаване 20 май2026 Час 11:36 Вид акт Протокол 769 Час 10:10 Вид заседание зала / резултат СЪДЕБНА ЗАЛА 15 / Отложено в ОСЗ 29 април2026 Час 12:10 Вид акт Определение 1249 28 април2026 Час 12:00 Вид заседание зала / резултат / С Определение/Разпореждане по чл. 267 от ГПК 27 април2026 Час --:-- Вид страна Въззиваема страна Ф.С.Х. Час --:-- Вид страна Въззиваема страна М.Р.Ш. Час --:-- Вид страна Въззиваема страна У.Р.Ч. Час --:-- Вид страна Въззиваема страна Ф.Х.Х. Час --:-- Вид страна Въззиваема страна Ш.И.Х. Час --:-- Вид страна Въззиваема страна А.И.Х. Час --:-- Вид страна Въззиваема страна Ф.И.Ш. Час --:-- Вид страна Въззиваема страна Ю.Д.Х. Час --:-- Вид страна Въззиваема страна М.Д.Х. Час --:-- Вид страна Въззиваема страна А.Д.С. Час --:-- Вид страна Въззиваема страна И.Д.А. Час --:-- Вид страна Въззиваема страна А.И.О. Час --:-- Вид страна Въззиваема страна Ф.И.А. Час --:-- Вид страна Въззиваема страна А.И.М. Час --:-- Вид страна Въззиваема страна Е.Х.Ю. Час --:-- Вид страна Въззиваема страна Х.Х.Ю. Час --:-- Вид страна Въззиваема страна И.Х.Ю. Час --:-- Вид страна Въззиваема страна А.Х.Ю. Час --:-- Вид страна Въззиваема страна З.Ч.Б. Час --:-- Вид страна Въззиваема страна М.И.Ч. Час --:-- Вид страна Въззиваема страна Р.Х.М. Час --:-- Вид страна Въззиваема страна А.Х.М. Час --:-- Вид страна Въззиваема страна Е.Х.Х. Час --:-- Вид страна Въззиваема страна Х.А.Е. Час --:-- Вид страна Въззиваема страна С.А.Х. Час --:-- Вид страна Въззиваема страна З.О.Х. Час --:-- Вид страна Въззиваема страна З.А.М. Час --:-- Вид страна Въззиваема страна Ю.О.В. Час --:-- Вид страна Въззиваема страна Х.О.А. Час --:-- Вид страна Въззиваема страна И.И.Х. Час --:-- Вид страна Въззиваема страна А.И.А. Час --:-- Вид страна Особен представител Д.Г.П. Час --:-- Вид страна Особен представител П.Я.А. Час --:-- Вид страна Адвокат С.Х.Г. Час --:-- Вид страна Адвокат Д.Д.В. 24 април2026 Час 16:03 Вид разпределение Избран съдия/заседател Кирил Градев Стоянов Час --:-- Вид страна Въззивник И.Х.Х. Час --:-- Вид страна Въззивник Х.Ч. Час 16:03 Вид дело Въззивно гражданско дело 779/2026
aaeb8a61-ee28-4f2e-b15e-f7b9b6474cde,2026 09 септември2026 Час 12:34 Вид акт Изпълнителен лист ЗП 2527 08 септември2026 Час 19:27 Вид акт Разпореждане 9062 Час 14:26 Вид заседание зала / резултат / С разпореждане 20 юли2026 Час 15:19 Вид акт Разпореждане 7586 Час 08:48 Вид заседание зала / резултат / С акт по хода на делото без уведомяване на страните 04 юни2026 Час 09:41 Вид акт Разпореждане 5915 Час 09:39 Вид заседание зала / резултат / С акт по хода на делото без уведомяване на страните 24 април2026 Час 16:18 Вид акт Заповед за изпълнение 1601 Час 16:17 Вид акт Разпореждане 4162 Час 16:10 Вид заседание зала / резултат / Със заповед за изпълнение Час 16:09 Вид заседание зала / резултат / С разпореждане Час 16:03 Вид разпределение Избран съдия/заседател Петранка Бонева Петрова Час --:-- Вид страна Заявител ЕОС МАТРИКС ЕАД Час --:-- Вид страна Длъжник Е.Б.Р. Час --:-- Вид страна Адвокат Г.И.Х. Час 16:03 Вид дело Частно гражданско дело 2104/2026
02a60507-7786-4c19-b234-0011da0038f2,2026 02 май2026 Час 14:13 Вид акт Заповед за изпълнение 330 Час 14:10 Вид заседание зала / резултат / Решено с акт по същество в закрито заседание 24 април2026 Час 16:03 Вид разпределение Избран съдия/заседател ИВАНЕТА ЙОРДАНОВА МИТОВА Час --:-- Вид страна Заявител БЕСТ Кепитъл България ЕАД Час --:-- Вид страна Длъжник Б.Г.Б. Час --:-- Вид страна Пълномощник Б.И.К. Час 16:03 Вид дело Частно гражданско дело 712/2026
a7ebbcc1-441b-4fca-9de3-7e79fb73a55d,2026 17 юни2026 Час 11:51 Вид акт Изпълнителен лист ЗП 172 28 април2026 Час 13:14 Вид акт Заповед за изпълнение 136 Час 09:52 Вид заседание зала / резултат / Със заповед за изпълнение 24 април2026 Час 16:03 Вид разпределение Избран съдия/заседател ПЕТЪР СИМЕОНОВ ПЕТРОВ Час --:-- Вид страна Заявител ВОДОСНАБДЯВАНЕ И КАНАЛИЗАЦИЯ ООД гр. ВРАЦА Час --:-- Вид страна Длъжник Б.И.М. Час --:-- Вид страна Представител В.И.И. Час 16:03 Вид дело Частно гражданско дело 165/2026
0e4f584c-7c1b-4d63-8e64-cd440ba16e61,2027 2026 15 април2027 Час 14:30 Вид заседание зала / резултат / 02 юли2026 Час 10:44 Вид разпределение Избран съдия/заседател Мариана Валериева Николова 26 юни2026 Час 18:02 Вид акт Разпореждане 18180 Час 17:50 Вид заседание зала / резултат / С Определение/Разпореждане по чл. 267 от ГПК 27 април2026 Час --:-- Вид страна Въззиваема страна ТОПЛОФИКАЦИЯ СОФИЯ ЕАД Час --:-- Вид страна Трето лице помагач ТОПЛОСНАБДИТЕЛНА АГЕНЦИЯ - ЕНЕРГИЕН СЕРВИЗ-НЕЛБО ИНЖЕНЕРИНГ ЕООД Час --:-- Вид страна Пълномощник С.К.К. 24 април2026 Час 16:03 Вид разпределение Избран съдия/заседател Евгени Стоилов Станоев Час --:-- Вид страна Въззивник Б.М.П. Час 16:03 Вид дело Въззивно гражданско дело 4356/2026
e67f1a2b-6c40-4ced-9223-8a164df5400a,2026 07 май2026 Час 21:00 Вид акт Изпълнителен лист ЗП 224 Час 21:00 Вид акт Заповед за изпълнение 561 Час 20:55 Вид заседание зала / резултат / Със заповед за изпълнение 24 април2026 Час 16:03 Вид разпределение Избран съдия/заседател Росица Чакърова Час --:-- Вид страна Заявител Банка ДСК АД Час --:-- Вид страна Длъжник Н.К.В. Час --:-- Вид страна Пълномощник Р.В.Д. Час 16:03 Вид дело Частно гражданско дело 694/2026
78d34963-96f8-4a7c-b940-1ec06a7e5d72,2026 24 април2026 Час 16:36 Вид акт Решение 508 Час 16:21 Вид заседание зала / резултат / Решено с акт по същество в закрито заседание Час 16:03 Вид разпределение Избран съдия/заседател Ани Харизанова Час --:-- Вид страна Наследодател Д.Н.Д. Час --:-- Вид страна Наследник М.Й.И. Час 16:02 Вид дело Частно гражданско дело 1735/2026
08246fb9-3b6a-4ee4-a928-4f2127e56da9,2026 26 април2026 Час 17:43 Вид акт Решение 47 Час 17:41 Вид заседание зала / резултат / Решено с акт по същество в закрито заседание 24 април2026 Час 16:02 Вид разпределение Избран съдия/заседател Христо Тотев Христов Час --:-- Вид страна Молител Т.М.М. Час --:-- Вид страна Наследодател Р.М.М. Час 16:02 Вид дело Частно гражданско дело 904/2026
95026b77-dae8-47d2-8c27-3921a4d0734c,2026 21 октомври2026 Час 10:10 Вид заседание зала / резултат / 10 юли2026 Час --:-- Вид страна Трето лице помагач ТЕХЕМ СЪРВИСИС ЕООД Час --:-- Вид страна Вещо лице Б.С.В. Час --:-- Вид страна Адвокат К.С.Б. 09 юли2026 Час 10:23 Вид акт Определение 24915 Час 10:20 Вид заседание зала / резултат / Насрочено за I-во заседание 07 май2026 Час 09:13 Вид акт Разпореждане 56006 Час 09:12 Вид заседание зала / резултат / С определение/разпореждане по чл. 131 ГПК/чл. 367 ГПК 27 април2026 Час 08:35 Вид акт Разпореждане 52200 Час 08:33 Вид заседание зала / резултат / Без движение 24 април2026 Час 16:01 Вид разпределение Избран съдия/заседател ГЕОРГИ ИЛИАНОВ АЛИПИЕВ Час --:-- Вид страна Ищец ТОПЛОФИКАЦИЯ СОФИЯ ЕАД Час --:-- Вид страна Ответник Н.П.С. Час 16:01 Вид дело Гражданско дело 11179/2026
827e4082-9a99-4ba8-aadb-34b23696f9f1,2027 2026 12 април2027 Час 14:30 Вид заседание зала / резултат / 02 юли2026 Час 10:20 Вид разпределение Избран съдия/заседател Даяна Динчева Парталска 04 май2026 Час 13:14 Вид акт Разпореждане 12664 Час 13:11 Вид заседание зала / резултат / С Определение/Разпореждане по чл. 267 от ГПК 27 април2026 Час --:-- Вид страна Въззиваема страна ЕОС МАТРИКС ЕООД Час --:-- Вид страна Адвокат Р.Е.П. Час --:-- Вид страна Адвокат Н.С.К. 24 април2026 Час 16:01 Вид разпределение Избран съдия/заседател Боян Георгиев Бояджиев Час --:-- Вид страна Въззивник И.И.Г. Час 16:01 Вид дело Въззивно гражданско дело 4355/2026
933d85d6-9cb1-4266-8615-21fa21f7bd00,"2026 20 май2026 Час 16:27 Вид акт Решение 565 Час 16:07 Вид заседание зала / резултат / Решено с акт по същество в закрито заседание 11 май2026 Час 09:58 Вид акт Разпореждане 3363 Час 09:55 Вид заседание зала / резултат / С разпореждане Час --:-- Вид страна Страна Дирекция ""Социално подпомагане"" Кюстендил-отдел ""Закрила на детето"" 27 април2026 Час 11:21 Вид акт Разпореждане 3014 Час 10:56 Вид заседание зала / резултат / Без движение 24 април2026 Час 16:01 Вид разпределение Избран съдия/заседател Тихомир Руменов Рачев Час --:-- Вид страна Молител С.Г.С. Час --:-- Вид страна Страна Г.С.Г. Час 16:01 Вид дело Частно гражданско дело 1606/2026"
82a813ea-703c-4876-8aed-ffcd890ac7ac,2026 13 май2026 Час 13:35 Вид акт Определение 17970 Час 13:33 Вид заседание зала / резултат / Прекратено преди насрочване/разглеждане в ЗЗ 24 април2026 Час 16:01 Вид разпределение Избран съдия/заседател ГЕРГАНА КИРИЛОВА ГЕОРГИЕВА Час --:-- Вид страна Ищец ТОПЛОФИКАЦИЯ СОФИЯ ЕАД Час --:-- Вид страна Ответник М.Б.Я. Час 16:01 Вид дело Гражданско дело 11178/2026
276b9be6-0669-468e-803b-641d6e0f5921,2026 24 юли2026 Час 14:46 Вид акт Разпореждане 8613 Час 14:46 Вид акт Изпълнителен лист ЗП 3961 20 юли2026 Час 10:56 Вид заседание зала / резултат / С разпореждане 28 април2026 Час 13:00 Вид акт Заповед за изпълнение 3037 Час 10:28 Вид заседание зала / резултат / Със заповед за изпълнение 24 април2026 Час 16:01 Вид разпределение Избран съдия/заседател Мирослав Данаилов Досов Час --:-- Вид страна Заявител БЕСТ Кепитъл България ЕАД Час --:-- Вид страна Длъжник М.Х.И. Час --:-- Вид страна Пълномощник В.Л.Л. Час 16:01 Вид дело Частно гражданско дело 3480/2026
aa7236e9-ab7e-4eca-89fe-d04258181030,2026 19 юни2026 Час 15:03 Вид акт Решение 77 21 май2026 Час 08:45 Вид акт Протокол 144 19 май2026 Час 11:15 Вид заседание зала / резултат / С решение по чл. 235 ГПК 18 май2026 Час 17:01 Вид разпределение Избран съдия/заседател Илияна Росенова Ферева - Зелева 27 април2026 Час 13:45 Вид акт Разпореждане 728 Час 13:36 Вид заседание зала / резултат / Насрочено в I-во заседание БЕЗ РАЗМЯНА НА КНИЖА 24 април2026 Час 16:01 Вид разпределение Избран съдия/заседател Елка Антимова Хаджиева Час --:-- Вид страна Ищец ДИРЕКЦИЯ СОЦИАЛНО ПОДПОМАГАНЕ ДЕВИН Час --:-- Вид страна Заинтересована страна М.С.М. Час --:-- Вид страна Заинтересована страна Г.Н.Т. Час --:-- Вид страна Заинтересована страна Д.Е.Х. Час --:-- Вид страна Заинтересована страна А.В.Х. Час 16:01 Вид дело Гражданско дело 344/2026
59e4ebd0-8e93-46e0-b8d3-32bb699a433d,2026 27 април2026 Час 11:26 Вид акт Изпълнителен лист ЗП 515 Час 10:08 Вид акт Заповед за изпълнение 1449 Час 10:06 Вид заседание зала / резултат / Със заповед за изпълнение 24 април2026 Час 16:01 Вид разпределение Избран съдия/заседател КАЛИН ИВАНОВ Час --:-- Вид страна Заявител „ЮРОБАНК БЪЛГАРИЯ” АД Час --:-- Вид страна Длъжник Д.Г.Ц. Час --:-- Вид страна Адвокат Д.Р.П. Час 16:01 Вид дело Частно гражданско дело 1865/2026
f4a47660-8780-4fbe-ae25-ba6929cbedbb,2026 24 април2026 Час 16:26 Вид акт Определение 151 Час 16:24 Вид заседание зала / резултат / Решено с акт по същество в закрито заседание Час 16:17 Вид акт Разпореждане 2308 Час 16:15 Вид заседание зала / резултат / С разпореждане Час 16:00 Вид разпределение Избран съдия/заседател Емилия Дишева Час --:-- Вид страна Молител М.Т.О. Час --:-- Вид страна Наследодател Р.М.М. Час 16:00 Вид дело Частно гражданско дело 903/2026
03f191c7-ee1e-4d01-9b57-c5e0a4a06859,2026 09 октомври2026 Час 14:00 Вид заседание зала / резултат / Отменено 05 октомври2026 Час 13:27 Вид заседание зала / резултат / Без движение Час 09:45 Вид разпределение Избран съдия/заседател Дамян Ивайлов Христов 01 юни2026 Час 11:16 Вид акт Разпореждане 15355 Час 11:09 Вид заседание зала / резултат / С Определение/Разпореждане по чл. 267 от ГПК 27 април2026 Час --:-- Вид страна Въззиваема страна Ж.Л.И. Час --:-- Вид страна Въззиваема страна А.Т.Н. Час --:-- Вид страна Въззиваема страна Л.Т.Н. Час --:-- Вид страна Въззиваема страна В.А.П. Час --:-- Вид страна Адвокат А.Ж.Т. Час --:-- Вид страна Адвокат В.З.В. 24 април2026 Час 16:00 Вид разпределение Избран съдия/заседател Румяна Милчева Найденова Час --:-- Вид страна Въззивник Н.К.И. Час 16:00 Вид дело Въззивно гражданско дело 4354/2026
050d66b2-c02c-4e7e-8f05-5e5fc46dc1fa,"2026 08 юни2026 Час --:-- Вид страна Адвокат И.П.Т. 05 юни2026 Час 14:35 Вид акт Определение 320 Час 14:33 Вид заседание зала / резултат / Решено с акт по същество в закрито заседание 26 май2026 Час 11:26 Вид акт Разпореждане 823 Час 11:22 Вид заседание зала / резултат / С разпореждане Час --:-- Вид страна Страна ГЛОБЪЛ ГЕЙМ ГРУП ООД 19 май2026 Час 15:37 Вид акт Разпореждане 795 Час 15:33 Вид заседание зала / резултат / С разпореждане 04 май2026 Час --:-- Вид страна Адвокат М.К.П. 30 април2026 Час 14:21 Вид акт Разпореждане 687 Час 14:16 Вид заседание зала / резултат / Без движение 24 април2026 Час 16:00 Вид разпределение Избран съдия/заседател Йорданка Красимирова Ненчева Час --:-- Вид страна Молител ДРУЖЕСТВО ЗА КОЛЕКТИВНО УПРАВЛЕНИЕ В ЧАСТНА ПОЛЗА ПРАВАТА НА ПРОДУЦЕНТИТЕ НА ЗВУКОЗАПИСИ И МУЗИКАЛНИ ВИДЕОЗАПИСИ И НА АРТИСТИТЕ-ИЗПЪЛНИТЕЛИ - ""ПРОФОН"" Сдружение Час 16:00 Вид дело Частно гражданско дело 158/2026"
29176731-2926-454c-91ff-273da976f1b2,2026 29 април2026 Час 15:10 Вид акт Споразумение 21 Час 15:09 Вид акт Разпореждане 186 Час 15:00 Вид заседание зала / резултат / Пренасрочено Час 14:15 Вид заседание зала / резултат / Със споразумение Час 14:00 Вид заседание зала / резултат / С разпореждане Час 11:40 Вид акт Протокол 201 Час 10:00 Вид заседание зала / резултат / Отложено Час --:-- Вид страна Обвинител И.Г.Х. 24 април2026 Час 16:00 Вид разпределение Избран съдия/заседател Ъшъл Лютфи Ириева Час --:-- Вид страна Вносител Районна прокуратура - Русе Час --:-- Вид страна Обвиняем Д.С.Н. Час --:-- Вид страна Защитник А.Й.С. Час 16:00 Вид дело Административно наказателно дело 151/2026
80c0be8c-9591-49db-95b8-7956307daf53,2026 24 април2026 Час 16:00 Вид разпределение Избран съдия/заседател ПОЛИНА АНДОНОВА ХАДЖИМАРИНСКА Час --:-- Вид страна Ищец ТОПЛОФИКАЦИЯ СОФИЯ ЕАД Час --:-- Вид страна Ответник Ц.М.И. Час 16:00 Вид дело Гражданско дело 11177/2026
77316824-5fb1-40bf-a0c9-2e849613336a,"2026 18 юни2026 Час 12:31 Вид акт Протоколно определение 432 16 юни2026 Час 14:30 Вид заседание зала / резултат / С определение, приключващо делото 19 май2026 Час 14:06 Вид акт Протокол 337 Час 13:40 Вид заседание зала / резултат / Отложено 28 април2026 Час --:-- Вид страна Страна Районна прокуратура - Ботевград Час --:-- Вид страна Адвокат Т.Ч. 27 април2026 Час 09:41 Вид акт Разпореждане 381 Час 09:38 Вид заседание зала / резултат / С разпореждане за насрочване 24 април2026 Час 16:00 Вид разпределение Избран съдия/заседател Недко Цолов Петров Час --:-- Вид страна Молител М.Ч.М. Час 16:00 Вид дело Частно наказателно дело 249/2026"
34831c57-b55d-4959-8999-a252f2973c0c,2026 24 април2026 Час 16:04 Вид акт Определение 5084 Час 16:02 Вид заседание зала / резултат / Решено с акт по същество в закрито заседание Час 16:00 Вид разпределение Избран съдия/заседател Крум Борисов Гечев Час --:-- Вид страна Молител С.Д.Б. Час --:-- Вид страна Законен представител Г.С.Б. Час 15:59 Вид дело Частно гражданско дело 3316/2026
0499486b-b428-4812-801c-504a8eb167f2,2026 24 април2026 Час 16:43 Вид акт Определение 344 Час 16:28 Вид заседание зала / резултат / Прекратено преди насрочване/разглеждане в ЗЗ Час 15:59 Вид разпределение Избран съдия/заседател Десислава Динкова Щерева Час --:-- Вид страна Молител А.Х.Л. Час --:-- Вид страна Адвокат Е.И.С. Час 15:59 Вид дело Частно търговско дело 165/2026
f431c604-c7d4-4418-bcc0-ea75c1cc484f,2026 27 април2026 Час --:-- Вид страна Адвокат С.И.П. 25 април2026 Час 00:24 Вид акт Определение 375 Час 00:13 Вид заседание зала / резултат / Прекратено производство 24 април2026 Час 15:59 Вид разпределение Избран съдия/заседател Катя Господинова Час --:-- Вид страна Вносител Окръжна прокуратура - Пловдив Час --:-- Вид страна Обвиняем С.К.Л. Час 15:59 Вид дело Частно наказателно дело 797/2026
1dcc9d2a-40f9-4e79-89da-63947a02797e,2026 20 ноември2026 Час 13:30 Вид заседание зала / резултат / 02 юли2026 Час 16:31 Вид разпределение Избран съдия/заседател Атанас Стефанов Караиванов 09 юни2026 Час 22:41 Вид акт Определение 12541 Час 16:47 Вид заседание зала / резултат / С Определение/Разпореждане по чл. 267 от ГПК 27 април2026 Час --:-- Вид страна Въззиваема страна Е.Н.П. Час --:-- Вид страна Адвокат В.Б.И. Час --:-- Вид страна Адвокат Н.Л.Х. 24 април2026 Час 15:59 Вид разпределение Избран съдия/заседател Десислава Борисова Николова Час --:-- Вид страна Въззивник П.П.У. Час 15:59 Вид дело Въззивно гражданско дело 4353/2026
feef7c09-efbe-4c90-87d9-a8ae416cf270,2026 17 юни2026 Час 15:38 Вид акт Разпореждане 2415 Час 15:38 Вид акт Изпълнителен лист ЗП 372 Час 10:30 Вид заседание зала / резултат / С разпореждане 27 април2026 Час 11:12 Вид акт Заповед за изпълнение 556 Час 11:06 Вид акт Разпореждане 1617 24 април2026 Час 16:15 Вид заседание зала / резултат / Решено с акт по същество в закрито заседание Час 15:59 Вид разпределение Избран съдия/заседател ИВЕТА ПАВЛОВА ТАКОВА Час --:-- Вид страна Заявител ЕОС МАТРИКС ЕАД Час --:-- Вид страна Длъжник Е.Я.Я. Час --:-- Вид страна Адвокат Г.И.Х. Час 15:59 Вид дело Частно гражданско дело 748/2026
0fd1e75f-89d7-4c54-ba36-0af0f79c4498,2026 16 септември2026 Час --:-- Вид страна Трето лице помагач С.Д.К. Час --:-- Вид страна Трето лице помагач С.Х.К. 15 септември2026 Час 14:49 Вид акт Определение 33400 Час 14:29 Вид заседание зала / резултат / 22 май2026 Час --:-- Вид страна Адвокат Ю.Ю.С. 20 май2026 Час 12:24 Вид акт Разпореждане 61667 Час 12:22 Вид заседание зала / резултат / С определение/разпореждане по чл. 131 ГПК/чл. 367 ГПК 07 май2026 Час 12:31 Вид акт Разпореждане 56153 Час 12:28 Вид заседание зала / резултат / Без движение 24 април2026 Час 15:59 Вид разпределение Избран съдия/заседател ЯНА ДИМИТРОВА БОРИСОВА Час --:-- Вид страна Ищец ТОПЛОФИКАЦИЯ СОФИЯ ЕАД Час --:-- Вид страна Ответник С.Ц.К.П. Час 15:58 Вид дело Гражданско дело 11176/2026
62a949fc-64e4-4fcd-b184-8d491fd4fe0e,2026 03 октомври2026 Час 16:35 Вид акт Решение 18571 01 октомври2026 Час 13:53 Вид акт Протокол 22097 30 септември2026 Час 14:30 Вид заседание зала / резултат / С решение по чл. 235 ГПК 27 юни2026 Час 15:59 Вид акт Определение 23511 Час 15:58 Вид заседание зала / резултат / Насрочено за I-во заседание 09 юни2026 Час 10:13 Вид акт Разпореждане 70122 Час 10:11 Вид заседание зала / резултат / С разпореждане 15 май2026 Час 16:17 Вид акт Разпореждане 59932 Час 16:15 Вид заседание зала / резултат / С определение/разпореждане по чл. 131 ГПК/чл. 367 ГПК 08 май2026 Час 10:33 Вид акт Разпореждане 56545 Час 10:30 Вид заседание зала / резултат / Без движение 24 април2026 Час 15:59 Вид разпределение Избран съдия/заседател ВАСИЛ КРУМОВ ПЕТРОВ Час --:-- Вид страна Ищец ТОПЛОФИКАЦИЯ СОФИЯ ЕАД Час --:-- Вид страна Ответник И.С.М. Час 15:58 Вид дело Гражданско дело 11175/2026
865f085a-17ab-4547-8212-9993dcb78c7b,"2026 26 октомври2026 Час 11:45 Вид заседание зала / резултат / 23 септември2026 Час 15:15 Вид акт Протокол 1274 18 септември2026 Час 11:30 Вид заседание зала / резултат / Отложено 02 септември2026 Час 11:40 Вид акт Протокол 1185 01 септември2026 Час 09:30 Вид заседание зала / резултат / Отложено 17 юли2026 Час 15:51 Вид акт Протокол 1093 08 юли2026 Час 09:39 Вид заседание зала / резултат / Отложено 15 юни2026 Час --:-- Вид страна Свидетел Ц.М.Ч. Час --:-- Вид страна Свидетел П.М.П. 05 юни2026 Час 17:28 Вид акт Разпореждане 388 Час 17:19 Вид заседание зала / резултат / С разпореждане 20 май2026 Час 12:18 Вид акт Разпореждане 341 Час 12:16 Вид заседание зала / резултат / Без движение - с разпореждане 24 април2026 Час 15:58 Вид разпределение Избран съдия/заседател Антонина Даниелова Якимова Час --:-- Вид страна Обвинител ТО-Разлог към РП-Благоевград Час --:-- Вид страна Жалбоподател З.Р.С. Час --:-- Вид страна Админ.наказ.орган Началник група в ОДМВР Благоевград, РУ - Разлог Час 15:58 Вид дело Административно наказателно дело 221/2026"
e69d6ad4-54f5-4bb0-b220-cf5a1cbbba00,2026 31 август2026 Час 16:15 Вид акт Разпореждане 1609 Час 12:42 Вид заседание зала / резултат / С разпореждане 10 юли2026 Час 15:28 Вид акт Протокол 543 Час 11:42 Вид Документ Вносител Б.М.А. 09 юли2026 Час 11:20 Вид акт Решение 127 Час 10:00 Вид заседание зала / резултат / С решение и мотиви 29 май2026 Час 12:48 Вид акт Протокол 392 Час --:-- Вид страна Обвинител П.Й.П. Час --:-- Вид страна Свидетел В.П.Б. Час --:-- Вид страна Свидетел И.Т.И. Час --:-- Вид страна Свидетел П.А. 28 май2026 Час 10:15 Вид заседание зала / резултат / Отложено 27 май2026 Час 15:57 Вид акт Определение 251 Час 14:58 Вид заседание зала / резултат / С определение за насрочване 21 май2026 Час 10:00 Вид заседание зала / резултат / Пренасрочено 12 май2026 Час 10:59 Вид акт Разпореждане 840 Час 10:52 Вид заседание зала / резултат / С разпореждане Час 10:50 Вид разпределение Избран съдия/заседател Пламен Дочев Час 10:49 Вид разпределение Избран съдия/заседател Явор Влахов Час 10:45 Вид разпределение Избран съдия/заседател Мирослав Йорданов 11 май2026 Час 15:02 Вид акт Разпореждане 836 Час 15:00 Вид заседание зала / резултат / С разпореждане за отвод 27 април2026 Час --:-- Вид страна Обвиняем Б.М.А. Час --:-- Вид страна Защитник П.Й.Н. 24 април2026 Час 15:58 Вид разпределение Избран съдия/заседател Велизар Бойчев Час --:-- Вид страна Страна Окръжна прокуратура - Русе Час --:-- Вид страна Защитник К.Е.С. Час 15:57 Вид дело Въззивно административно наказателно дело 363/2026
1743f329-c838-47a1-9635-63cc2b4dad2f,"2026 24 април2026 Час 16:05 Вид акт Определение 472 Час 16:03 Вид заседание зала / резултат / С определение, приключващо делото Час 15:58 Вид разпределение Избран съдия/заседател Красимира Тончева Донева Час --:-- Вид страна Вносител Окръжна прокуратура - Бургас Час 15:57 Вид дело Частно наказателно дело 571/2026"
f63b17be-d98b-44f3-b551-0d9d663ddcf1,2026 28 април2026 Час --:-- Вид страна Адвокат Д.Д.С. 24 април2026 Час 16:18 Вид акт Решение 7628 Час 16:13 Вид заседание зала / резултат / Решено с акт по същество в закрито заседание Час 15:57 Вид разпределение Избран съдия/заседател ЕЛЕНА НИКОЛОВА ДИНЕВА ИЛИЕВА Час --:-- Вид страна Наследодател Р.Н.Д.С. Час --:-- Вид страна Наследник Д.Г.С. Час 15:57 Вид дело Частно гражданско дело 11174/2026
8cbfed78-a6bb-4254-aa6c-bb68f3ade211,2026 24 август2026 Час 13:41 Вид акт Разпореждане 1206 Час 13:21 Вид заседание зала / резултат / С разпореждане 16 юли2026 Час 22:33 Вид акт Заповед за изпълнение 584 Час 22:29 Вид заседание зала / резултат / Със заповед за изпълнение 24 април2026 Час 15:57 Вид разпределение Избран съдия/заседател Дарина Василева Байданова Час --:-- Вид страна Заявител БЕСТ Кепитъл България ЕАД Час --:-- Вид страна Длъжник М.И.С. Час --:-- Вид страна Пълномощник В.Л.Л. Час 15:57 Вид дело Частно гражданско дело 499/2026
4067243b-5430-4da1-a847-e78ea5e3d030,2026 09 юни2026 Час 12:41 Вид акт Определение 12453 Час 10:30 Вид заседание зала / резултат / Решено с акт по същество в закрито заседание 24 април2026 Час 15:57 Вид разпределение Избран съдия/заседател Евгени Георгиев Час --:-- Вид страна Жалбоподател Е.М.В. Час 15:57 Вид дело Въззивно частно гражданско дело 4352/2026
09cffe6c-db80-4e74-900d-3e24e774d416,2026 19 юни2026 Час 09:55 Вид акт Определение 2149 Час 09:48 Вид заседание зала / резултат / С определение 29 май2026 Час 10:50 Вид акт Разпореждане 15727 24 май2026 Час 16:20 Вид заседание зала / резултат / С разпореждане 25 април2026 Час 16:23 Вид акт Разпореждане 12356 Час 16:22 Вид акт Заповед за изпълнение 3684 24 април2026 Час 16:26 Вид заседание зала / резултат / Решено с акт по същество в закрито заседание Час 15:57 Вид разпределение Избран съдия/заседател ИГНАТ АСЕНОВ ТИМОФЕЕВ Час --:-- Вид страна Заявител А1 България ЕАД Час --:-- Вид страна Длъжник Л.Д.Ч. Час --:-- Вид страна Представител М.М.К. Час 15:57 Вид дело Частно гражданско дело 4514/2026
130aa893-0655-40d9-aab9-4cbe04d54a8d,2026 04 май2026 Час 10:08 Вид акт Изпълнителен лист ЗП 2096 Час 08:44 Вид акт Заповед за изпълнение 3110 Час 08:35 Вид заседание зала / резултат / Със заповед за изпълнение 24 април2026 Час 15:57 Вид разпределение Избран съдия/заседател Иван Валериев Никифорски Час --:-- Вид страна Заявител Банка ДСК АД Час --:-- Вид страна Длъжник А.С.А. Час --:-- Вид страна Пълномощник Б.Р.Н. Час 15:57 Вид дело Частно гражданско дело 3479/2026
94ea32b9-46b1-468e-962c-a1fc1d35a16a,2026 24 април2026 Час 16:55 Вид акт Решение 7634 Час 16:51 Вид заседание зала / резултат / Решено с акт по същество в закрито заседание Час 16:28 Вид акт Разпореждане 52011 Час 16:26 Вид заседание зала / резултат / Без движение Час 15:56 Вид разпределение Избран съдия/заседател БЕТИНА БОГДАНОВА БОШНАКОВА Час --:-- Вид страна Наследодател Г.С.С. Час --:-- Вид страна Наследник М.Г.Б. Час 15:56 Вид дело Частно гражданско дело 11173/2026
ad9d3c92-27dc-48b2-8156-c4fdf4e74032,2026 25 юни2026 Час 10:33 Вид акт Решение 117 05 юни2026 Час 11:48 Вид акт Протокол 423 04 юни2026 Час 10:30 Вид заседание зала / резултат / Обявено за решаване Час 09:58 Вид акт Определение 269 Час 09:22 Вид заседание зала / резултат / С определение Час --:-- Вид страна Обвинител М.М.М. Час --:-- Вид страна Обвинител М.М.М. 24 април2026 Час 15:56 Вид разпределение Избран съдия/заседател Александър Иванов Час --:-- Вид страна Жалбоподател-подсъдим А.С.А. Час --:-- Вид страна Страна Окръжна прокуратура - Русе Час --:-- Вид страна Пострадал Ш.Ш.Е. Час --:-- Вид страна Защитник К.Д.Т. Час --:-- Вид страна Повереник М.Т.Д. Час 15:56 Вид дело Въззивно наказателно дело от общ характер 362/2026
2f2e2e67-ef27-42aa-95de-2c8ecb20c517,2026 02 юни2026 Час 09:21 Вид акт Разпореждане 66604 Час 09:18 Вид заседание зала / резултат / С разпореждане 27 май2026 Час 17:50 Вид акт Разпореждане 64655 Час 17:38 Вид заседание зала / резултат / Прекратено преди насрочване/разглеждане в ЗЗ 14 май2026 Час 09:52 Вид акт Разпореждане 58936 Час 09:50 Вид заседание зала / резултат / С разпореждане 28 април2026 Час 19:29 Вид акт Разпореждане 53359 Час 19:27 Вид заседание зала / резултат / Без движение 24 април2026 Час 15:56 Вид разпределение Избран съдия/заседател ГЕОРГИ КОНСТАНТИНОВ КАЦАРОВ Час --:-- Вид страна Ищец ТОПЛОФИКАЦИЯ СОФИЯ ЕАД Час --:-- Вид страна Ответник В.К.П. Час 15:56 Вид дело Гражданско дело 11172/2026
ca19d4b9-c2fe-40b7-9be7-b0d3ead7b70c,2026 24 април2026 Час 16:31 Вид акт Решение 7630 Час 16:27 Вид заседание зала / резултат / Решено с акт по същество в закрито заседание Час 15:55 Вид разпределение Избран съдия/заседател БЕТИНА БОГДАНОВА БОШНАКОВА Час --:-- Вид страна Наследодател З.Д.С. Час --:-- Вид страна Наследник М.З.С. Час 15:55 Вид дело Частно гражданско дело 11171/2026
6041a69e-3a7d-4975-9d2b-8c44b1cfb348,2026 04 юни2026 Час 10:48 Вид акт Определение 12080 03 юни2026 Час 18:27 Вид заседание зала / резултат / Решено с акт по същество в закрито заседание 24 април2026 Час 15:55 Вид разпределение Избран съдия/заседател Гергана Коюмджиева Час --:-- Вид страна Жалбоподател Н.С.Я. Час --:-- Вид страна Жалбоподател В.Ц.И. Час --:-- Вид страна Жалбоподател С.Д.И. Час 15:55 Вид дело Въззивно частно гражданско дело 4351/2026
aa4faff7-2214-4de2-92d8-a072ad95a46c,2026 25 септември2026 Час 13:25 Вид акт Решение 838 Час 13:23 Вид заседание зала / резултат / С решение за отстраняване на ОФГ 11 септември2026 Час 11:50 Вид акт Разпореждане 7216 Час 11:48 Вид заседание зала / резултат / Решено с акт по същество в закрито заседание 28 август2026 Час 14:04 Вид акт Разпореждане 6877 Час 13:21 Вид заседание зала / резултат / Без движение Час 13:19 Вид акт Разпореждане 6872 Час 13:14 Вид заседание зала / резултат / С разпореждане 30 юли2026 Час 11:06 Вид акт Решение 723 15 юли2026 Час 14:38 Вид акт Протоколно определение 1184 14 юли2026 Час 14:30 Вид заседание зала / резултат / С решение по чл. 235 ГПК 16 юни2026 Час 17:54 Вид акт Определение 2585 Час 17:52 Вид заседание зала / резултат / Насрочено за I-во заседание 12 юни2026 Час --:-- Вид страна Адвокат К.Н.К. 13 май2026 Час 15:54 Вид акт Разпореждане 4106 Час 15:52 Вид заседание зала / резултат / Решено с акт по същество в закрито заседание 27 април2026 Час 11:31 Вид акт Разпореждане 3699 Час 11:19 Вид заседание зала / резултат / Без движение 24 април2026 Час 15:55 Вид разпределение Избран съдия/заседател ВЕСИСЛАВ РУМЕНОВ ГЕНОВ Час --:-- Вид страна Ищец М.А.А. Час --:-- Вид страна Ответник КРЕДИ ЙЕС ООД Час --:-- Вид страна Адвокат Ж.Д.Д. Час 15:55 Вид дело Гражданско дело 1547/2026
5f4d2d35-ee50-4cfe-b965-2f3f0f43017a,"2026 30 април2026 Час 11:09 Вид акт Определение 222 Час 09:31 Вид заседание зала / резултат / С определение, приключващо делото 24 април2026 Час 15:55 Вид разпределение Избран съдия/заседател Явор Влахов Час --:-- Вид страна Жалбоподател И.Т.И. Час --:-- Вид страна Страна Окръжна прокуратура - Русе Час --:-- Вид страна Обвиняем И.Г.П. Час --:-- Вид страна Адвокат О.И.Б. Час 15:55 Вид дело Въззивно частно наказателно дело 361/2026"
3a7f7530-7f3b-42c5-80a0-442ccf157d23,2026 16 юни2026 Час 14:51 Вид акт Разпореждане 2358 Час 14:48 Вид заседание зала / резултат / С разпореждане 18 май2026 Час 11:55 Вид акт Разпореждане 2017 Час 11:53 Вид заседание зала / резултат / С разпореждане 27 април2026 Час 10:09 Вид акт Заповед за изпълнение 657 Час 10:05 Вид заседание зала / резултат / Със заповед за изпълнение 24 април2026 Час 15:55 Вид разпределение Избран съдия/заседател Албена Дякова Великова Час --:-- Вид страна Заявител ЕОС МАТРИКС ЕАД Час --:-- Вид страна Длъжник Е.Е.Х. Час --:-- Вид страна Адвокат Г.И.Х. Час 15:55 Вид дело Частно гражданско дело 751/2026
f56ba34e-a2b0-4225-85a4-d65fba9fa174,2026 27 април2026 Час 15:41 Вид акт Заповед за изпълнение 413 Час 15:32 Вид заседание зала / резултат / Със заповед за изпълнение Час 11:32 Вид акт Разпореждане 924 Час 11:29 Вид заседание зала / резултат / 24 април2026 Час 15:55 Вид разпределение Избран съдия/заседател Силвия Тодорова Евстатиева Час --:-- Вид страна Заявител Мост Финанс Мениджмънт АД Час --:-- Вид страна Длъжник Б.Д.Д. Час --:-- Вид страна Представител К.М.М. Час 15:55 Вид дело Частно гражданско дело 596/2026
d4246381-b223-4776-8fb4-93335be9021e,2026 15 юни2026 Час 12:07 Вид акт Изпълнителен лист ЗП 581 Час 08:35 Вид акт Разпореждане 2388 Час 08:30 Вид заседание зала / резултат / С разпореждане 27 април2026 Час 08:47 Вид акт Заповед за изпълнение 508 Час 08:44 Вид заседание зала / резултат / Със заповед за изпълнение 24 април2026 Час 15:55 Вид разпределение Избран съдия/заседател Анна Иванова Кайтазка Час --:-- Вид страна Заявител ВОДОСНАБДЯВАНЕ И КАНАЛИЗАЦИЯ ООД гр. ВРАЦА Час --:-- Вид страна Длъжник М.П.Н. Час --:-- Вид страна Представител В.И.И. Час 15:55 Вид дело Частно гражданско дело 652/2026
7252df55-158d-4295-b078-32d386480ac4,2026 29 април2026 Час 15:47 Вид акт Определение 9483 Час 15:25 Вид заседание зала / резултат / Решено с акт по същество в закрито заседание 24 април2026 Час 15:54 Вид разпределение Избран съдия/заседател Клаудия Рангелова Митова Час --:-- Вид страна Жалбоподател ТД НА НАП СОФИЯ Час 15:54 Вид дело Въззивно частно гражданско дело 4350/2026
47bd47e9-1461-48e9-b6cd-ea9bbc1eea78,2026 04 август2026 Час 10:46 Вид акт Изпълнителен лист ЗП 1752 27 април2026 Час 14:35 Вид акт Заповед за изпълнение 1706 Час 14:29 Вид заседание зала / резултат / Със заповед за изпълнение 24 април2026 Час 15:53 Вид разпределение Избран съдия/заседател Петя Димитрова Стоянова Час --:-- Вид страна Заявител БЕСТ Кепитъл България ЕАД Час --:-- Вид страна Длъжник Б.Б.С. Час --:-- Вид страна Пълномощник Б.И.К. Час 15:53 Вид дело Частно гражданско дело 1951/2026
aaa471ea-b20c-481f-a2c7-fd528e8bcb34,2026 04 май2026 Час 15:52 Вид акт Определение 9706 30 април2026 Час 17:11 Вид заседание зала / резултат / Решено с акт по същество в закрито заседание след отменено прекратяване - първа инстанция 24 април2026 Час 15:53 Вид разпределение Избран съдия/заседател Гергана Великова Недева Час --:-- Вид страна Жалбоподател ТОПЛОФИКАЦИЯ СОФИЯ ЕАД Час 15:52 Вид дело Въззивно частно гражданско дело 4349/2026
eab4475e-ef90-4b85-9c80-126a27dc8038,2026 26 април2026 Час 17:33 Вид акт Решение 46 Час 17:30 Вид заседание зала / резултат / Решено с акт по същество в закрито заседание 24 април2026 Час 15:54 Вид разпределение Избран съдия/заседател Христо Тотев Христов Час --:-- Вид страна Молител И.Т.О. Час --:-- Вид страна Наследодател Р.М.М. Час 15:52 Вид дело Частно гражданско дело 902/2026
f2687378-ad7e-4343-b340-bb7e2d33742f,"2026 29 юни2026 Час 15:40 Вид акт Определение 312 25 юни2026 Час 16:50 Вид заседание зала / резултат / С определение, приключващо делото 12 май2026 Час 13:31 Вид разпределение Избран съдия/заседател Пламен Дочев Час 12:59 Вид акт Разпореждане 843 Час 12:56 Вид заседание зала / резултат / С разпореждане за отвод 04 май2026 Час 14:57 Вид разпределение Избран съдия/заседател Ралица Герасимова Час 14:56 Вид разпределение Избран съдия/заседател Милена Пейчева 30 април2026 Час 17:21 Вид акт Разпореждане 791 Час 17:19 Вид заседание зала / резултат / С разпореждане за отвод 29 април2026 Час 09:14 Вид разпределение Избран съдия/заседател Росица Радославова Час 09:13 Вид разпределение Избран съдия/заседател Милена Пейчева Час 09:02 Вид разпределение Избран съдия/заседател Александър Иванов 28 април2026 Час 14:11 Вид акт Разпореждане 766 Час 14:08 Вид заседание зала / резултат / С разпореждане за отвод Час 13:25 Вид акт Разпореждане 764 Час 13:19 Вид заседание зала / резултат / С разпореждане за отвод 24 април2026 Час 15:52 Вид разпределение Избран съдия/заседател Мирослав Йорданов Час --:-- Вид страна Жалбоподател П.Е. Час --:-- Вид страна Страна Окръжна прокуратура - Русе Час --:-- Вид страна Адвокат Г.В.В. Час 15:52 Вид дело Въззивно частно наказателно дело 360/2026"
33a8785b-9ca3-4efc-945f-d66fd4279beb,2026 31 август2026 Час 09:59 Вид акт Разпореждане 104815 27 август2026 Час 13:25 Вид заседание зала / резултат / Прекратено преди насрочване/разглеждане в ЗЗ 02 юли2026 Час 09:05 Вид акт Разпореждане 80362 Час 09:02 Вид заседание зала / резултат / С разпореждане 24 април2026 Час 15:52 Вид разпределение Избран съдия/заседател СИЛВИЯ ПЕТРОВА НИКОЛОВА Час --:-- Вид страна Ищец ТОПЛОФИКАЦИЯ СОФИЯ ЕАД Час --:-- Вид страна Ответник А.И.М. Час 15:52 Вид дело Гражданско дело 11170/2026
6835cf1e-48e0-4d13-afae-ec2fa6be6aaa,2026 27 април2026 Час 10:58 Вид акт Решение 7680 Час 10:56 Вид заседание зала / резултат / Решено с акт по същество в закрито заседание 24 април2026 Час 15:52 Вид разпределение Избран съдия/заседател КАМЕЛИЯ ПЛАМЕНОВА КОЛЕВА Час --:-- Вид страна Вносител Държавна агенция Национална сигурност Час 15:52 Вид дело Частно гражданско дело 11169/2026
efeccdcc-32ef-47d8-b6fc-34dd4279137b,2026 28 април2026 Час 12:00 Вид акт Разпореждане 785 Час 11:56 Вид заседание зала / резултат / С разпореждане Час 11:28 Вид акт Споразумение 113 Час 11:28 Вид акт Определение 292 Час 10:47 Вид акт Протокол 453 Час 10:30 Вид заседание зала / резултат / Със споразумение Час --:-- Вид страна Пострадал Ц.П.П. 27 април2026 Час 13:49 Вид акт Разпореждане 780 Час 13:42 Вид заседание зала / резултат / С разпореждане Час --:-- Вид страна Обвинител Л.М.Г. 24 април2026 Час 16:39 Вид акт Разпореждане 777 Час 16:36 Вид заседание зала / резултат / С разпореждане Час 16:05 Вид акт Разпореждане 776 Час 16:02 Вид заседание зала / резултат / С разпореждане за насрочване Час 15:51 Вид разпределение Избран съдия/заседател Пламена Колева Недялкова Час --:-- Вид страна Вносител Районна прокуратура - Шумен Час --:-- Вид страна Обвиняем С.Д.Р. Час --:-- Вид страна Служебен защитник Г.Ф.С. Час 15:51 Вид дело Наказателно дело от общ характер 908/2026
09872173-c52f-43eb-a7a7-6026450535d6,2026 02 октомври2026 Час 09:56 Вид акт Изпълнителен лист 130 16 юли2026 Час 15:26 Вид акт Изпълнителен лист 90 01 юли2026 Час 15:58 Вид акт Протокол 285 30 юни2026 Час 16:43 Вид акт Протокол 284 Час 15:38 Вид акт Присъда 13 Час 13:30 Вид заседание зала / резултат / С присъда по чл. 58а НК Час 11:29 Вид разпределение Избран съдия/заседател Елена Хаджипеткова Час 11:24 Вид разпределение Избран съдия/заседател Мариана Иванова Час 11:02 Вид разпределение Избран съдия/заседател Персиана Костова Час 11:01 Вид разпределение Избран съдия/заседател Мария Сотирова-Станчева Час 10:30 Вид заседание зала / резултат / Отложено 11 юни2026 Час 10:47 Вид акт Протокол 262 09 юни2026 Час 09:00 Вид заседание зала / резултат / Отложено Час --:-- Вид страна Обвинител С.И.В. 17 май2026 Час 17:59 Вид акт Разпореждане 231 Час 17:51 Вид заседание зала / резултат / С разпореждане за насрочване 24 април2026 Час 15:52 Вид разпределение Избран съдия/заседател Сийка Златанова Час --:-- Вид страна Вносител Районна прокуратура - Смолян Час --:-- Вид страна Подсъдим М.Т.С. Час 15:51 Вид дело Наказателно дело от общ характер 208/2026
1d17ad58-7f2e-4eef-94e3-963ede8dd9ab,2026 14 юли2026 Час 17:57 Вид акт Разпореждане 85845 Час 17:33 Вид заседание зала / резултат / С определение/разпореждане по чл. 131 ГПК/чл. 367 ГПК 02 юни2026 Час 11:37 Вид акт Разпореждане 66718 Час 11:30 Вид заседание зала / резултат / Без движение 24 април2026 Час 15:51 Вид разпределение Избран съдия/заседател ВЕСЕЛИНА ИВАНОВА ДИМЧЕВА Час --:-- Вид страна Ищец ТОПЛОФИКАЦИЯ СОФИЯ ЕАД Час --:-- Вид страна Ответник С.Г.Т. Час --:-- Вид страна Ответник А.Г.М.Б. Час --:-- Вид страна Ответник М.Т.П. Час 15:51 Вид дело Гражданско дело 11168/2026
b9aa37cc-e92b-41fc-99f8-2facbe8b1545,"2026 05 юни2026 Час 15:44 Вид акт Протоколно определение 474 Час 10:15 Вид заседание зала / резултат / С определение/разпореждане, изчерпващо предмета на делото от ОСЗ 21 май2026 Час --:-- Вид страна Друго Л.К.М. 20 май2026 Час 14:55 Вид акт Разпореждане 1630 Час 14:38 Вид заседание зала / резултат / С разпореждане за насрочване 30 април2026 Час 14:43 Вид акт Разпореждане 1464 Час 14:38 Вид заседание зала / резултат / С разпореждане 27 април2026 Час --:-- Вид страна Друго Дирекция социално подпомагане Поморие 24 април2026 Час 16:12 Вид акт Разпореждане 1403 Час 16:10 Вид заседание зала / резултат / С разпореждане Час 15:51 Вид разпределение Избран съдия/заседател Никола Дойчинов Дойчев Час --:-- Вид страна Молител Л.А.А. Час --:-- Вид страна Родител Р.Л.А. Час 15:51 Вид дело Частно гражданско дело 478/2026"
f536599d-f58c-41bc-84fd-fb08620d5f17,2026 21 октомври2026 Час 15:30 Вид заседание зала / резултат / 11 август2026 Час 08:48 Вид акт Определение 265 Час 08:45 Вид заседание зала / резултат / Насрочено за I-во заседание 09 юни2026 Час 17:23 Вид акт Разпореждане 557 Час 17:21 Вид заседание зала / резултат / С определение/разпореждане по чл. 131 ГПК/чл. 367 ГПК 24 април2026 Час 15:50 Вид разпределение Избран съдия/заседател ЧАВДАР ХРИСТОВ НИКОЛОВ Час --:-- Вид страна Ищец А.Н.А. Час --:-- Вид страна Ответник ЕФЕНДИ ГРУП ЕООД Час --:-- Вид страна Представител Ф.Ю.Е. Час --:-- Вид страна Адвокат В.Ц.Ц. Час 15:50 Вид дело Гражданско дело 250/2026
408b5395-d092-4fd8-bc9b-cd0b10eff6e5,2026 30 октомври2026 Час 09:30 Вид заседание зала / резултат / 20 юли2026 Час 11:06 Вид акт Определение 26172 Час 11:05 Вид заседание зала / резултат / Насрочено за I-во заседание Час 11:01 Вид акт Разпореждане 87845 Час 10:59 Вид заседание зала / резултат / С разпореждане Час --:-- Вид страна Трето лице помагач ТЕХЕМ СЪРВИСИС ЕООД 25 юни2026 Час 11:12 Вид акт Разпореждане 77263 24 юни2026 Час 16:19 Вид заседание зала / резултат / С разпореждане 30 април2026 Час 21:52 Вид акт Разпореждане 54758 Час 21:50 Вид заседание зала / резултат / С определение/разпореждане по чл. 131 ГПК/чл. 367 ГПК Час 21:50 Вид акт Разпореждане 54757 Час 21:49 Вид заседание зала / резултат / Без движение 24 април2026 Час 15:50 Вид разпределение Избран съдия/заседател ЕМИЛИАН ЛЮБЕНОВ ЛАКОВ Час --:-- Вид страна Ищец ТОПЛОФИКАЦИЯ СОФИЯ ЕАД Час --:-- Вид страна Ответник И.С.С. Час --:-- Вид страна Юрисконсулт Ф.И. Час 15:50 Вид дело Гражданско дело 11167/2026
cdfaded4-da6d-448c-a59b-218f07a8406e,2026 24 септември2026 Час 15:56 Вид акт Определение 2673 Час 13:12 Вид заседание зала / резултат / С отменен ход по същество 09 юни2026 Час 11:00 Вид акт Протокол 876 Час 10:00 Вид Документ Вносител Ц.А.В. 08 юни2026 Час 14:10 Вид заседание зала / резултат / Обявено за решаване 12 май2026 Час 14:35 Вид акт Определение 1385 Час 14:29 Вид заседание зала / резултат / С Определение/Разпореждане по чл. 267 от ГПК Час 14:29 Вид акт Разпореждане 1949 Час 14:26 Вид заседание зала / резултат / С разпореждане за насрочване 27 април2026 Час --:-- Вид страна Адвокат Д.И.К. 24 април2026 Час 15:50 Вид разпределение Избран съдия/заседател Веселка Георгиева Узунова Час --:-- Вид страна Въззивник Х.Ю.Х. Час --:-- Вид страна Въззивник Ф.Ф.Х. Час --:-- Вид страна Въззиваема страна М.М.М. Час --:-- Вид страна Въззиваема страна Ш.М.М. Час --:-- Вид страна Въззиваема страна А.Х.М. Час --:-- Вид страна Въззиваема страна Х.С.М. Час --:-- Вид страна Вещо лице М.М. Час --:-- Вид страна Адвокат В.И.Ч. Час --:-- Вид страна Адвокат Ц.А.В. Час --:-- Вид страна Адвокат Г.К.М. Час 15:49 Вид дело Въззивно гражданско дело 778/2026
ce0f38c7-af6f-4f1a-bdd3-7ac6d02678f5,2026 11 ноември2026 Час 14:30 Вид заседание зала / резултат Зала №1 етаж 3 / 08 септември2026 Час --:-- Вид страна Свидетел Кирил Георгиев Ангов Час --:-- Вид страна Вещо лице Камен Аврамов Час --:-- Вид страна Вещо лице РАЯ АСЕНОВА СТОЯНОВА 06 септември2026 Час 15:00 Вид акт Определение 589 Час 14:52 Вид заседание зала / резултат / Насрочено за I-во заседание 10 юли2026 Час 10:26 Вид акт Разпореждане 648 Час 10:23 Вид заседание зала / резултат / С разпореждане 08 юли2026 Час 16:06 Вид разпределение Избран съдия/заседател Милена Каменова 02 юни2026 Час 13:03 Вид акт Разпореждане 517 Час 13:01 Вид акт Определение 342 Час 13:00 Вид заседание зала / резултат / С определение/разпореждане по чл. 131 ГПК/чл. 367 ГПК Час 12:51 Вид заседание зала / резултат / С акт по чл. 83 ал.2 от ГПК 29 април2026 Час --:-- Вид страна Адвокат И.Е.Я. 28 април2026 Час 19:40 Вид акт Разпореждане 408 Час 19:31 Вид заседание зала / резултат / Без движение 24 април2026 Час 16:15 Вид разпределение Избран съдия/заседател Росица Велкова Час --:-- Вид страна Ищец А.Б.В. Час --:-- Вид страна Ответник ДЗИ - ОБЩО ЗАСТРАХОВАНЕ ЕАД Час --:-- Вид страна Адвокат Г.Й.Й. Час 15:49 Вид дело Търговско дело 108/2026
9f13cce1-bf63-4eb7-9c22-73af97bb5f3c,2026 25 юни2026 Час 09:31 Вид акт Изпълнителен лист ЗП 404 24 април2026 Час 16:30 Вид акт Заповед за изпълнение 543 Час 16:28 Вид заседание зала / резултат / Със заповед за изпълнение Час 15:49 Вид разпределение Избран съдия/заседател КАТЯ БОЖИДАРОВА АНГЕЛОВА-ПЕТРОВА Час --:-- Вид страна Заявител ЕОС МАТРИКС ЕАД Час --:-- Вид страна Длъжник Е.А.Й. Час --:-- Вид страна Пълномощник Г.И.Х. Час 15:49 Вид дело Частно гражданско дело 801/2026
a13e1e6e-8b2e-4cac-bed0-8765f12fccc3,2026 26 август2026 Час 16:02 Вид Документ Вносител Районна прокуратура - Търговище Час 16:02 Вид Документ Вносител Районна прокуратура - Търговище Час 15:34 Вид акт Споразумение 104 Час 14:00 Вид заседание зала / резултат Зала 3 Зала 3 / Със споразумение 29 юли2026 Час 14:42 Вид акт Протоколно определение 313 Час 14:00 Вид заседание зала / резултат Зала 3 Зала 3 / Отложено Час --:-- Вид страна Свидетел Д.Н.М. Час --:-- Вид страна Свидетел Н.Р.С. Час --:-- Вид страна Свидетел Я.С.Р. Час --:-- Вид страна Свидетел М.И.Н. Час --:-- Вид страна Свидетел Р.В.С. Час --:-- Вид страна Свидетел К.Т.А. Час --:-- Вид страна Свидетел М.Н.Б. Час --:-- Вид страна Вещо лице М.С.О. 11 юни2026 Час 16:55 Вид акт Протокол 219 10 юни2026 Час 10:30 Вид заседание зала / резултат Зала 3 Зала 3 / Отложено Час --:-- Вид страна Обвинител Р.В.П. 27 април2026 Час 16:32 Вид разпределение Избран съдия/заседател МАРГАРИТКА НИКОЛОВА ЙОРДАНОВА Час 16:31 Вид разпределение Избран съдия/заседател Мирослава Николова Владимирова Час 15:11 Вид акт Разпореждане 400 Час 15:06 Вид заседание зала / резултат / С разпореждане за насрочване Час --:-- Вид страна Ощетено юридическо лице АЙГОЛД ЕООД 24 април2026 Час 15:48 Вид разпределение Избран съдия/заседател ЗОРНИЦА ДОНКОВА ПАВЛОВА Час --:-- Вид страна Обвинител Районна прокуратура - Търговище Час --:-- Вид страна Подсъдим В.Ц.Н. Час --:-- Вид страна Адвокат Е.Р.Н. Час 15:48 Вид дело Наказателно дело от общ характер 291/2026
737254d8-8411-4e06-844b-8f3a4cb7d9b9,2026 23 юли2026 Час 13:32 Вид акт Решение 176 Час 12:02 Вид акт Протокол 281 Час 10:30 Вид заседание зала / резултат ЗАЛА 2 / С решение по чл. 235 ГПК 30 юни2026 Час 13:17 Вид акт Определение 503 Час 13:14 Вид заседание зала / резултат / Насрочено за I-во заседание 14 май2026 Час 09:55 Вид акт Разпореждане 1599 Час 09:54 Вид заседание зала / резултат / С определение/разпореждане по чл. 131 ГПК/чл. 367 ГПК 27 април2026 Час 10:49 Вид акт Разпореждане 1409 Час 10:47 Вид заседание зала / резултат / Без движение 24 април2026 Час 15:48 Вид разпределение Избран съдия/заседател Мариела Анастасова Иванова Час --:-- Вид страна Ищец ЙЕТТЕЛ БЪЛГАРИЯ ЕАД Час --:-- Вид страна Ответник С.Р.С. Час --:-- Вид страна Адвокат В.П.Г. Час 15:48 Вид дело Гражданско дело 902/2026
f2383af3-eacb-4de3-81b1-d730a2de0d33,2026 05 май2026 Час 10:22 Вид акт Решение 614 Час 10:17 Вид заседание зала / резултат / Решено с акт по същество в закрито заседание 24 април2026 Час 16:09 Вид акт Разпореждане 1950 Час 16:06 Вид заседание зала / резултат / Без движение Час 15:48 Вид разпределение Избран съдия/заседател АННА ДИМОВА Час --:-- Вид страна Молител Р.Д.С. Час --:-- Вид страна Адвокат Н.Д.Н. Час 15:48 Вид дело Частно гражданско дело 1333/2026
974dc57e-31f7-4fe3-9195-f595e742cebe,2026 05 октомври2026 Час 15:23 Вид акт Разпореждане 119545 Час 15:18 Вид заседание зала / резултат / С разпореждане 27 септември2026 Час 10:52 Вид акт Решение 18140 25 септември2026 Час 14:21 Вид акт Протокол 21429 Час 11:23 Вид Документ Вносител ТОПЛОФИКАЦИЯ СОФИЯ ЕАД 24 септември2026 Час 10:20 Вид заседание зала / резултат / С решение по чл. 235 ГПК 14 август2026 Час 11:29 Вид акт Определение 29510 Час 11:27 Вид заседание зала / резултат / С определение Час 09:49 Вид акт Определение 29485 Час 09:43 Вид заседание зала / резултат / Насрочено за I-во заседание Час --:-- Вид страна Трето лице помагач ДАЛСИЯ ООД Час --:-- Вид страна Вещо лице Т.Й.К. 07 юли2026 Час --:-- Вид страна Адвокат К.Д.Г. 11 май2026 Час 12:03 Вид акт Разпореждане 57205 Час 12:02 Вид заседание зала / резултат / С определение/разпореждане по чл. 131 ГПК/чл. 367 ГПК 29 април2026 Час 16:31 Вид акт Разпореждане 53878 Час 16:27 Вид заседание зала / резултат / Без движение 24 април2026 Час 15:48 Вид разпределение Избран съдия/заседател МОНИКА ХРИСТОФОРОВА ХРИСТОВА Час --:-- Вид страна Ищец ТОПЛОФИКАЦИЯ СОФИЯ ЕАД Час --:-- Вид страна Ответник М.К.Н.Г. Час 15:48 Вид дело Гражданско дело 11166/2026
33c0dcbd-9df7-46b7-abb9-fe14b7673758,2026 21 юли2026 Час 10:40 Вид акт Разпореждане 88421 20 юли2026 Час 14:16 Вид заседание зала / резултат / С разпореждане 20 май2026 Час 16:31 Вид акт Разпореждане 61929 Час 16:30 Вид заседание зала / резултат / С определение/разпореждане по чл. 131 ГПК/чл. 367 ГПК 11 май2026 Час 18:26 Вид акт Разпореждане 57735 Час 18:24 Вид заседание зала / резултат / Без движение 24 април2026 Час 15:49 Вид разпределение Избран съдия/заседател ИНА МИЛЧЕВА ГЕНЖОВА Час --:-- Вид страна Ищец ТОПЛОФИКАЦИЯ СОФИЯ ЕАД Час --:-- Вид страна Ответник М.З.Н. Час 15:48 Вид дело Гражданско дело 11165/2026
81315756-504c-40b0-8c28-29f57eb4a80b,2026 29 май2026 Час 13:55 Вид акт Протоколно определение 187 Час 13:30 Вид заседание зала / резултат / Прекратено производство по други причини 27 април2026 Час 13:15 Вид акт Разпореждане 132 Час 11:32 Вид заседание зала / резултат / С разпореждане за насрочване 24 април2026 Час 15:48 Вид разпределение Избран съдия/заседател Петя Николова Гатева Час --:-- Вид страна Заявител Районен съд Бюнде – Германия Час --:-- Вид страна Страна И.Л.А. Час 15:48 Вид дело Частно наказателно дело 133/2026
0592dd5c-bf6a-48d8-b89b-876399445452,2026 02 ноември2026 Час 16:00 Вид заседание зала / резултат / 23 септември2026 Час 12:04 Вид акт Протокол 1270 21 септември2026 Час 13:00 Вид заседание зала / резултат / Отложено Час --:-- Вид страна Обвинител К.И.Ч. 11 юни2026 Час 16:52 Вид акт Протокол 874 Час --:-- Вид страна Вещо лице Б.Г.М. Час --:-- Вид страна Вещо лице М.Г. Час --:-- Вид страна Вещо лице Р.Т. Час --:-- Вид страна Вещо лице Г.Л.С. Час --:-- Вид страна Вещо лице М.М.В. Час --:-- Вид страна Вещо лице Р.К. Час --:-- Вид страна Вещо лице К.М. 10 юни2026 Час 16:15 Вид заседание зала / резултат / Отложено Час --:-- Вид страна Обвинител М.Й.П. 30 април2026 Час --:-- Вид страна Защитник А.Л.Б. 28 април2026 Час 12:33 Вид акт Разпореждане 282 Час 10:46 Вид заседание зала / резултат / С разпореждане 24 април2026 Час 15:48 Вид разпределение Избран съдия/заседател Давид Любенов Сукалински Час --:-- Вид страна Обвинител ТО-Разлог към РП-Благоевград Час --:-- Вид страна Подсъдим С.Е.К. Час 15:47 Вид дело Наказателно дело от общ характер 220/2026
495f62a7-190c-4cc8-adfa-3a8352999e9d,2026 19 май2026 Час --:-- Вид страна Адвокат В.Х.Л. 18 май2026 Час 15:26 Вид акт Определение 10807 Час 11:38 Вид заседание зала / резултат / Решено с акт по същество в закрито заседание 24 април2026 Час 15:47 Вид разпределение Избран съдия/заседател Дамян Ивайлов Христов Час --:-- Вид страна Жалбоподател Д.Г.Д. Час 15:47 Вид дело Въззивно частно гражданско дело 4348/2026
09167dd8-0250-4c8b-bcfb-bc1ba9a43dda,"2026 05 юни2026 Час 15:44 Вид акт Протоколно определение 473 Час 10:00 Вид заседание зала / резултат / С определение/разпореждане, изчерпващо предмета на делото от ОСЗ 21 май2026 Час 15:51 Вид акт Разпореждане 1655 Час 15:49 Вид заседание зала / резултат / С разпореждане Час --:-- Вид страна Друго Л.К.М. 20 май2026 Час 14:38 Вид акт Разпореждане 1629 Час 14:27 Вид заседание зала / резултат / С разпореждане 18 май2026 Час 16:59 Вид акт Разпореждане 1603 Час 16:43 Вид заседание зала / резултат / С разпореждане 30 април2026 Час 14:39 Вид акт Разпореждане 1463 Час 14:33 Вид заседание зала / резултат / С разпореждане 27 април2026 Час --:-- Вид страна Друго Дирекция социално подпомагане Поморие 24 април2026 Час 16:09 Вид акт Разпореждане 1402 Час 16:07 Вид заседание зала / резултат / С разпореждане Час 15:50 Вид разпределение Избран съдия/заседател Никола Дойчинов Дойчев Час --:-- Вид страна Молител М.А.А. Час --:-- Вид страна Родител Р.Л.А. Час 15:47 Вид дело Частно гражданско дело 477/2026"
f312c93c-5239-44fb-aef3-4b3fec2c71af,"2026 27 април2026 Час 19:14 Вид акт Изпълнителен лист ЗП 755 Час 19:13 Вид акт Заповед за изпълнение 1503 Час 19:07 Вид заседание зала / резултат / Със заповед за изпълнение Час 17:56 Вид акт Разпореждане 3765 Час 17:53 Вид заседание зала / резултат / С разпореждане Час 09:42 Вид акт Определение 984 Час 09:36 Вид заседание зала / резултат / Без движение Час 09:31 Вид акт Разпореждане 3721 Час 09:29 Вид заседание зала / резултат / С разпореждане 24 април2026 Час 15:47 Вид разпределение Избран съдия/заседател Стела Иванова Тонева Час --:-- Вид страна Заявител АГРО НОМЕР ЕДНО ООД Час --:-- Вид страна Длъжник ""РАДИЯН-2001"" ООД Час --:-- Вид страна Адвокат З.Н.М. Час 15:47 Вид дело Частно гражданско дело 2064/2026"
51db0a3f-ee21-46a6-868e-ad9932060ca5,2026 24 април2026 Час 16:42 Вид акт Заповед за изпълнение 448 Час 16:41 Вид заседание зала / резултат / Със заповед за изпълнение Час 15:47 Вид разпределение Избран съдия/заседател Петър Валентинов Живков Час --:-- Вид страна Заявител ЕОС МАТРИКС ЕАД Час --:-- Вид страна Длъжник Е.К.М. Час --:-- Вид страна Адвокат Г.И.Х. Час 15:47 Вид дело Частно гражданско дело 590/2026
24edb811-d323-4622-b43b-11dc6d64ef27,2026 27 април2026 Час 21:13 Вид акт Изпълнителен лист ЗП 2913 Час 21:12 Вид акт Заповед за изпълнение 3725 Час 21:11 Вид акт Разпореждане 12531 24 април2026 Час 16:11 Вид заседание зала / резултат / Решено с акт по същество в закрито заседание Час 15:47 Вид разпределение Избран съдия/заседател Иванина Игнатова Иванова Час --:-- Вид страна Заявител Банка ДСК АД Час --:-- Вид страна Длъжник Н.К.В. Час --:-- Вид страна Пълномощник Р.В.Д. Час 15:47 Вид дело Частно гражданско дело 4513/2026
06fdb0c4-2bfc-4719-9929-562692a78449,2026 24 април2026 Час 16:38 Вид акт Решение 567 Час 16:36 Вид заседание зала / резултат / Решено с акт по същество в закрито заседание Час 15:47 Вид разпределение Избран съдия/заседател АННА ДИМОВА Час --:-- Вид страна Молител Д.Л.З. Час --:-- Вид страна Наследодател Д.П.Т. Час --:-- Вид страна Адвокат Г.И.Г. Час 15:46 Вид дело Частно гражданско дело 1332/2026
2bd2c444-176c-4a05-af84-d09f0f89ec17,2026 30 април2026 Час 15:50 Вид акт Споразумение 103 Час 13:30 Вид заседание зала / резултат / Със споразумение Час --:-- Вид страна Обвинител Е.О.Г. 27 април2026 Час 13:26 Вид акт Разпореждане 394 Час 13:24 Вид заседание зала / резултат / С разпореждане за насрочване Час --:-- Вид страна Защитник Г.Н.Г. 24 април2026 Час 15:46 Вид разпределение Избран съдия/заседател Пламен Стоянов Георгиев Час --:-- Вид страна Вносител Районна прокуратура - Хасково Час --:-- Вид страна Подсъдим М.П.Д. Час 15:46 Вид дело Наказателно дело от общ характер 359/2026
63215ba0-9fb5-4059-b3de-b03a7113f69e,2026 27 юли2026 Час 10:10 Вид акт Разпореждане 1819 25 юли2026 Час --:-- Вид заседание зала / резултат / Проведено 23 юли2026 Час 16:13 Вид акт Решение 1801 23 юни2026 Час 11:00 Вид заседание зала / резултат Съдебна зала / Обявено за решаване 27 април2026 Час 14:58 Вид акт Разпореждане 831 Час --:-- Вид заседание зала / резултат / Проведено 24 април2026 Час 18:29 Вид акт Определение 824 Час 15:46 Вид разпределение Избран съдия/заседател ВИКТОР АТАНАСОВ Час --:-- Вид страна Жалбоподател С.К.С. Час --:-- Вид страна Ответник МЛАДШИ ПОЛИЦЕЙСКИ ИНСПЕКТОР КЪМ ОДМВР КЪРДЖАЛИ РУ КЪРДЖАЛИ А. В. Д. Час --:-- Вид страна Адвокат К.А.Б. Час --:-- Вид заседание зала / резултат / Проведено Час 15:46 Вид дело Административно дело 249/2026
05fa124c-4210-4892-a803-f54efb7ee78e,2026 03 септември2026 Час 16:21 Вид акт Разпореждане 106974 Час 16:19 Вид заседание зала / резултат / С определение/разпореждане по чл. 131 ГПК/чл. 367 ГПК 17 юли2026 Час 09:54 Вид акт Разпореждане 87082 Час 09:53 Вид заседание зала / резултат / С разпореждане 24 април2026 Час 15:46 Вид разпределение Избран съдия/заседател МИРОСЛАВ ВАЛЕНТИНОВ СТОЯНОВ Час --:-- Вид страна Ищец ТОПЛОФИКАЦИЯ СОФИЯ ЕАД Час --:-- Вид страна Ответник Е.С.С. Час 15:46 Вид дело Гражданско дело 11164/2026
fe4ebe26-415d-4e4e-aac0-65acda42c08e,"2026 30 октомври2026 Час 14:30 Вид заседание зала / резултат Зала № 1, етаж 2 / 28 септември2026 Час 10:17 Вид акт Определение 1190 Час 10:10 Вид заседание зала / резултат / Насрочено за I-во заседание Час --:-- Вид страна Заинтересована страна Р.Ф.В. Час --:-- Вид страна Заинтересована страна В.Ф.В. Час --:-- Вид страна Заинтересована страна Дирекция Социално подпомагане - Лом Час --:-- Вид страна Лице за съдебен адрес Ф.В.П. 04 юни2026 Час 17:10 Вид акт Разпореждане 1606 Час 17:08 Вид заседание зала / резултат / С определение/разпореждане по чл. 131 ГПК/чл. 367 ГПК 13 май2026 Час 12:01 Вид акт Разпореждане 1359 Час 11:58 Вид заседание зала / резултат / Без движение 24 април2026 Час 15:46 Вид разпределение Избран съдия/заседател Елица Юлиянова Орманова Час --:-- Вид страна Ищец Ф.В.П. Час --:-- Вид страна Ответник Г.Д.И. Час 15:46 Вид дело Гражданско дело 1099/2026"
34b60ba4-974c-4c11-a0cd-fb499927bb51,2026 21 май2026 Час 17:02 Вид акт Определение 19077 Час 17:00 Вид заседание зала / резултат / Прекратено преди насрочване/разглеждане в ЗЗ 24 април2026 Час 15:46 Вид разпределение Избран съдия/заседател МИРОСЛАВА ПЕТРОВА ИЛЕВА Час --:-- Вид страна Ищец ТОПЛОФИКАЦИЯ СОФИЯ ЕАД Час --:-- Вид страна Ответник Б.С.Х. Час 15:45 Вид дело Гражданско дело 11163/2026
45d0f9dc-380d-41db-b574-8b49ed23b684,2026 09 септември2026 Час 17:43 Вид акт Разпореждане 24765 Час 17:41 Вид заседание зала / резултат / С разпореждане 18 август2026 Час 13:49 Вид акт Разпореждане 23031 Час 13:47 Вид заседание зала / резултат / С разпореждане 23 юли2026 Час 12:40 Вид акт Разпореждане 20712 Час 12:39 Вид заседание зала / резултат / С разпореждане 01 юли2026 Час 09:39 Вид акт Разпореждане 18535 Час 09:38 Вид заседание зала / резултат / С разпореждане Час 09:32 Вид акт Разпореждане 18534 Час 09:31 Вид заседание зала / резултат / С разпореждане 19 май2026 Час --:-- Вид страна Адвокат К.Л. 18 май2026 Час 15:04 Вид акт Определение 10802 Час 12:21 Вид заседание зала / резултат / Решено с акт по същество в закрито заседание 24 април2026 Час 15:45 Вид разпределение Избран съдия/заседател Гергана Живкова Троянова Час --:-- Вид страна Жалбоподател Г.К.А. Час 15:45 Вид дело Въззивно частно гражданско дело 4347/2026
70e912bb-673c-4f66-9c02-f108856224d3,2026 21 септември2026 Час 15:45 Вид акт Разпореждане 113606 Час 15:43 Вид заседание зала / резултат / С разпореждане 13 май2026 Час 15:59 Вид акт Разпореждане 58781 Час 15:57 Вид заседание зала / резултат / С определение/разпореждане по чл. 131 ГПК/чл. 367 ГПК 04 май2026 Час 16:33 Вид акт Разпореждане 55277 Час 16:31 Вид заседание зала / резултат / Без движение 24 април2026 Час 16:13 Вид акт Разпореждане 51994 Час 16:07 Вид заседание зала / резултат / С разпореждане Час 15:45 Вид разпределение Избран съдия/заседател ПЛАМЕН ИВАНОВ ШУМКОВ Час --:-- Вид страна Ищец ТОПЛОФИКАЦИЯ СОФИЯ ЕАД Час --:-- Вид страна Ответник Я.Х.Д. Час 15:45 Вид дело Гражданско дело 11162/2026
c8d3d999-752e-41c7-b8eb-04f26e52cc04,2026 24 април2026 Час 15:45 Вид разпределение Избран съдия/заседател Поля Павлинова Иванова Час --:-- Вид страна Заявител БЕСТ Кепитъл България ЕАД Час --:-- Вид страна Длъжник Б.М.И. Час --:-- Вид страна Пълномощник Б.И.К. Час 15:45 Вид дело Частно гражданско дело 540/2026
8561cc1a-be51-4d83-b099-e6c6c85b8814,2026 27 април2026 Час 08:36 Вид акт Заповед за изпълнение 1700 Час 08:34 Вид заседание зала / резултат / Със заповед за изпълнение 24 април2026 Час 15:45 Вид разпределение Избран съдия/заседател Илияна Цветкова Тодорова Аловска Час --:-- Вид страна Заявител А1 България ЕАД Час --:-- Вид страна Длъжник Т.Й.И. Час --:-- Вид страна Представител М.М.К. Час 15:45 Вид дело Частно гражданско дело 1950/2026
017bb0d5-b027-4797-8f41-559a8fd22f37,2026 09 юни2026 Час 16:50 Вид акт Определение 2450 Час --:-- Вид заседание зала / резултат / Прекратено 22 май2026 Час 11:15 Вид разпределение Избран съдия/заседател Гроздан Грозев 28 април2026 Час 10:20 Вид акт Разпореждане 1703 Час --:-- Вид заседание зала / резултат / Проведено 24 април2026 Час 15:45 Вид разпределение Избран съдия/заседател Силвия Алексиева Час --:-- Вид страна Жалбоподател Ч.Н. Час --:-- Вид страна Ответник НАЧАЛНИК ГРУПА МИГРАЦИЯ ПРИ ОД НА МВР- ХАСКОВО Час --:-- Вид страна Адвокат Е.Г.М. Час 15:45 Вид дело Административно дело 515/2026
1909e75d-072c-4d21-9276-f960013970f2,2026 27 юли2026 Час 16:01 Вид акт Заповед за изпълнение 90 Час 16:00 Вид заседание зала / резултат / Със заповед за изпълнение 27 април2026 Час 08:58 Вид акт Разпореждане 705 Час 08:55 Вид заседание зала / резултат / Решено с акт по същество в закрито заседание 24 април2026 Час 15:45 Вид разпределение Избран съдия/заседател Стефан Марков Стойков Час --:-- Вид страна Заявител Мост Финанс Мениджмънт АД Час --:-- Вид страна Длъжник М.И.Я. Час --:-- Вид страна Юрисконсулт К.М.М. Час 15:45 Вид дело Частно гражданско дело 196/2026
bc53151e-a972-4ab6-98f9-ab6ea573851e,"2026 12 октомври2026 Час 11:00 Вид заседание зала / резултат СЪДЕБНА ЗАЛА 15 / 23 септември2026 Час 14:37 Вид акт Определение 2653 Час 13:29 Вид заседание зала / резултат / С определение 03 септември2026 Час 12:51 Вид акт Разпореждане 3514 Час 12:41 Вид заседание зала / резултат / С разпореждане 21 август2026 Час 12:38 Вид акт Разпореждане 3372 Час 12:25 Вид заседание зала / резултат / С разпореждане 23 юли2026 Час 17:05 Вид акт Разпореждане 3028 Час 17:02 Вид заседание зала / резултат / С разпореждане 13 юли2026 Час 16:41 Вид акт Протокол 1109 Час 15:34 Вид Документ Вносител А.Я.Г. Час 11:00 Вид заседание зала / резултат СЪДЕБНА ЗАЛА 15 / Отложено в ОСЗ 10 юли2026 Час 14:34 Вид акт Определение 2029 Час 14:23 Вид заседание зала / резултат / С определение 01 юли2026 Час 16:11 Вид разпределение Избран съдия/заседател Димитър Георгиев Христов 10 юни2026 Час --:-- Вид страна Адвокат А.Я.Г. 09 юни2026 Час 17:04 Вид Документ Вносител А.К.А. Час 14:01 Вид акт Протокол 887 08 юни2026 Час 10:30 Вид заседание зала / резултат СЪДЕБНА ЗАЛА 15 / Отложено в ОСЗ Час 09:50 Вид акт Определение 1622 Час 09:45 Вид заседание зала / резултат / С Определение/Разпореждане по чл. 267 от ГПК 07 май2026 Час 10:01 Вид акт Разпореждане 1857 Час 09:58 Вид заседание зала / резултат / С разпореждане 30 април2026 Час 11:41 Вид акт Разпореждане 1785 Час 11:37 Вид заседание зала / резултат / С разпореждане за насрочване 24 април2026 Час 15:45 Вид разпределение Избран съдия/заседател Галя Василева Белева Час --:-- Вид страна Въззивник А.К.А. Час --:-- Вид страна Въззиваема страна СТЮАРТ ЧАРЛЗ ДОД Час --:-- Вид страна Свидетел С.Д.Д. Час --:-- Вид страна Свидетел М.Т. Час --:-- Вид страна Адвокат П.Г.К. Час --:-- Вид страна Адвокат Н.Р.Н. Час --:-- Вид страна Адвокат А.Я.Г. Час --:-- Вид страна Лице за съдебен адрес АДВОКАТСКО ДРУЖЕСТВО ""Колева и Ко"" Час 15:44 Вид дело Въззивно гражданско дело 777/2026"
f85b4651-abf5-46e1-bab0-04ffbe64836a,2026 21 май2026 Час 17:02 Вид акт Определение 11152 Час 15:05 Вид заседание зала / резултат / Решено с акт по същество в закрито заседание 28 април2026 Час --:-- Вид страна Адвокат М.М.П. 24 април2026 Час 15:44 Вид разпределение Избран съдия/заседател Калина Анастасова Час --:-- Вид страна Жалбоподател АЛВИС ГРУП БЪЛГАРИЯ ООД Час 15:44 Вид дело Въззивно частно гражданско дело 4346/2026
37217ab3-758f-4e09-ae34-58ac1c4f8872,2026 03 септември2026 Час 15:54 Вид акт Протокол 356 01 септември2026 Час 10:55 Вид акт Определение 236 Час 10:54 Вид акт Присъда 29 Час 10:00 Вид заседание зала / резултат Зала 3 Зала 3 / С присъда по чл. 58а НК Час --:-- Вид страна Обвинител Д.А.К. 18 юни2026 Час 16:03 Вид акт Протокол 234 Час 10:00 Вид заседание зала / резултат Зала 3 Зала 3 / Отложено Час --:-- Вид страна Обвинител Л.В.И. Час --:-- Вид страна Пострадал Ю.С.А. 26 май2026 Час --:-- Вид страна Наследник Д.Х.С. Час --:-- Вид страна Наследник И.Х.Х. Час --:-- Вид страна Наследник С.Х.А. 21 май2026 Час 16:01 Вид акт Разпореждане 483 Час 15:41 Вид заседание зала / резултат / С разпореждане 18 май2026 Час --:-- Вид страна Наследник Е.М.Х. Час --:-- Вид страна Наследник Х.М.Х. 13 май2026 Час 10:07 Вид акт Разпореждане 448 Час 10:04 Вид заседание зала / резултат / С разпореждане 28 април2026 Час 10:50 Вид разпределение Избран съдия/заседател ИЛИЯН ТОДОРОВ АНГЕЛОВ Час 10:46 Вид разпределение Избран съдия/заседател НИКОЛ ОГНЯНОВА АНТОНОВА Час 10:42 Вид акт Разпореждане 403 Час 10:41 Вид разпределение Избран съдия/заседател ДАНИЕЛА ВАСИЛЕВА МАРКОВА Час 10:38 Вид заседание зала / резултат / С разпореждане за насрочване Час --:-- Вид страна Пострадал С.И.С. Час --:-- Вид страна Пострадал М.Т.М. Час --:-- Вид страна Пострадал Р.Г.К. Час --:-- Вид страна Пострадал Н.А.Д. Час --:-- Вид страна Пострадал И.Е.М. Час --:-- Вид страна Пострадал Г.А.Х. Час --:-- Вид страна Пострадал И.Х.Х. Час --:-- Вид страна Пострадал Ф.Х.И. Час --:-- Вид страна Пострадал Х.Х.Х. 24 април2026 Час 15:44 Вид разпределение Избран съдия/заседател ТОДОР ИВАНОВ ДИМИТРОВ Час --:-- Вид страна Обвинител Районна прокуратура - Търговище Час --:-- Вид страна Подсъдим Н.С.И. Час --:-- Вид страна Служебен защитник Н.В.Ф. Час 15:44 Вид дело Наказателно дело от общ характер 290/2026
9ffddcef-5265-4e48-8ea3-4700d39d15aa,2026 25 юли2026 Час 17:04 Вид акт Разпореждане 90601 Час 17:00 Вид заседание зала / резултат / Без движение 27 април2026 Час 17:00 Вид акт Разпореждане 52711 Час 16:44 Вид заседание зала / резултат / С разпореждане 24 април2026 Час 15:44 Вид разпределение Избран съдия/заседател ГЕОРГИ СТОЕВ Час --:-- Вид страна Ищец ТОПЛОФИКАЦИЯ СОФИЯ ЕАД Час --:-- Вид страна Ответник А.Е.А. Час 15:44 Вид дело Гражданско дело 11161/2026
5cb60cf2-4002-4bd8-8060-b1b5ecc18801,2026 16 октомври2026 Час 09:20 Вид заседание зала / резултат / 21 септември2026 Час 18:44 Вид акт Определение 34322 Час 18:35 Вид заседание зала / резултат / Насрочено за I-во заседание 03 август2026 Час 15:54 Вид разпределение Избран съдия/заседател ЙОАНА КРАСИМИРОВА КАЦАРСКА 01 юли2026 Час 15:29 Вид акт Разпореждане 80120 Час 15:27 Вид заседание зала / резултат / С определение/разпореждане по чл. 131 ГПК/чл. 367 ГПК 30 април2026 Час 13:10 Вид акт Разпореждане 54257 Час 13:08 Вид заседание зала / резултат / Без движение 24 април2026 Час 15:44 Вид разпределение Избран съдия/заседател ВЕЛИСЛАВА СТАНИСЛАВОВА ЕНЧЕВА Час --:-- Вид страна Ищец Р.И.А.И. Час --:-- Вид страна Ищец А.Т.И. Час --:-- Вид страна Ищец Л.П.П. Час --:-- Вид страна Ищец С.Ц.С. Час --:-- Вид страна Ответник БЪЛГАРИЯ ЕЪР АД Час --:-- Вид страна Адвокат В.В.Ч. Час 15:43 Вид дело Гражданско дело 11160/2026
ca23fade-2e1d-4e5d-950d-1f3c71b46a51,2026 24 септември2026 Час 14:45 Вид акт Разпореждане 114850 Час 14:42 Вид заседание зала / резултат / С разпореждане 14 юли2026 Час 11:20 Вид акт Определение 25465 Час 11:18 Вид заседание зала / резултат / Прекратено преди насрочване/разглеждане в ЗЗ Час 11:14 Вид акт Разпореждане 85446 Час 11:11 Вид заседание зала / резултат / С разпореждане 28 април2026 Час 16:38 Вид акт Разпореждане 53281 Час 16:33 Вид заседание зала / резултат / С определение/разпореждане по чл. 131 ГПК/чл. 367 ГПК 24 април2026 Час 15:43 Вид разпределение Избран съдия/заседател ПЕТЯ ОЛЕГОВА ПОПОВА Час --:-- Вид страна Ищец К.В.К. Час --:-- Вид страна Ответник Г.Р.К. Час --:-- Вид страна Адвокат Р.Г.Г. Час 15:43 Вид дело Гражданско дело 11159/2026
12f0a0e4-2764-4353-be07-17e5c2da43a7,"2026 21 септември2026 Час 18:45 Вид Документ Вносител Началник отдел ""Здравеопазване на животните"" при ОДБХ гр.Хасково /д-р Таня Делчева/ Час 18:45 Вид Документ Вносител Началник отдел ""Здравеопазване на животните"" при ОДБХ гр.Хасково /д-р Таня Делчева/ Час 18:45 Вид Документ Вносител Началник отдел ""Здравеопазване на животните"" при ОДБХ гр.Хасково /д-р Таня Делчева/ 18 септември2026 Час 10:00 Вид заседание зала / резултат Зала 3 / Обявено за решаване 12 юни2026 Час 10:20 Вид заседание зала / резултат Зала 3 / Отложено 08 май2026 Час 15:59 Вид акт Определение 1895 Час --:-- Вид заседание зала / резултат / Проведено 27 април2026 Час 14:33 Вид акт Разпореждане 1694 Час --:-- Вид заседание зала / резултат / Проведено 24 април2026 Час 15:43 Вид разпределение Избран съдия/заседател Петър Вунов Час --:-- Вид страна Жалбоподател Д.Т.И. Час --:-- Вид страна Ответник ОДБХ ХАСКОВО Час --:-- Вид страна Ответник Началник отдел ""Здравеопазване на животните"" при ОДБХ гр.Хасково /д-р Таня Делчева/ Час --:-- Вид страна Адвокат Т.В.Ч. Час 15:43 Вид дело Административно дело 514/2026"
4c8584eb-9347-4a3b-8700-f353db917342,2026 12 юни2026 Час 09:10 Вид акт Изпълнителен лист ЗП 747 Час 09:10 Вид акт Разпореждане 4078 Час 08:50 Вид заседание зала / резултат / С разпореждане 27 април2026 Час 15:55 Вид акт Заповед за изпълнение 976 Час 11:00 Вид заседание зала / резултат / Със заповед за изпълнение 24 април2026 Час 15:43 Вид разпределение Избран съдия/заседател КРИСТИАН АТАНАСОВ БАДЖАКОВ Час --:-- Вид страна Кредитор Хепи Кредит ООД Час --:-- Вид страна Длъжник Й.М.М. Час --:-- Вид страна Адвокат Б.В.С. Час 15:43 Вид дело Частно гражданско дело 1414/2026
798caa9e-e3fc-4cc1-9108-c1e45f2ede70,2026 28 септември2026 Час 14:49 Вид акт Разпореждане 116256 Час 14:42 Вид заседание зала / резултат / Без движение 08 септември2026 Час 11:44 Вид акт Определение 32433 Час 11:42 Вид заседание зала / резултат / Прекратено преди насрочване/разглеждане в ЗЗ 24 юли2026 Час 09:05 Вид акт Разпореждане 90083 Час 09:02 Вид заседание зала / резултат / С определение/разпореждане по чл. 131 ГПК/чл. 367 ГПК 01 юни2026 Час 10:38 Вид акт Разпореждане 66000 Час 10:34 Вид заседание зала / резултат / Без движение 24 април2026 Час 15:43 Вид разпределение Избран съдия/заседател ТЕОДОРА АНГЕЛОВА КАРАБАШЕВА Час --:-- Вид страна Ищец Л.Л.Н. Час --:-- Вид страна Ответник ТИ БИ АЙ Банк ЕАД Час --:-- Вид страна Адвокат А.А.А. Час 15:42 Вид дело Гражданско дело 11158/2026
d3d75756-a699-4738-92d4-3e3bf279ee9a,2026 11 юни2026 Час 12:47 Вид акт Разпореждане 71507 Час 12:45 Вид заседание зала / резултат / С разпореждане 04 юни2026 Час 10:50 Вид заседание зала / резултат / Отменено 21 май2026 Час 10:50 Вид заседание зала / резултат / Пренасрочено 19 май2026 Час 12:07 Вид акт Определение 18588 Час 12:05 Вид заседание зала / резултат / Прекратено след насрочване 18 май2026 Час 12:13 Вид акт Разпореждане 60403 Час 12:11 Вид заседание зала / резултат / С разпореждане за насрочване 27 април2026 Час 12:31 Вид акт Разпореждане 52399 Час 12:29 Вид заседание зала / резултат / Насрочено в I-во заседание БЕЗ РАЗМЯНА НА КНИЖА 24 април2026 Час 15:42 Вид разпределение Избран съдия/заседател ПЕТЯ ОЛЕГОВА ПОПОВА Час --:-- Вид страна Молител А.Г.Д. Час --:-- Вид страна Молител Н.К.К.Д. Час 15:42 Вид дело Гражданско дело 11157/2026
3a5eca7d-a4cb-4825-9997-fee0e4ace95d,"2026 25 април2026 Час 19:03 Вид акт Разпореждане 5434 Час 19:01 Вид заседание зала / резултат / С разпореждане, приключващо делото 24 април2026 Час 15:42 Вид разпределение Избран съдия/заседател ЦВЕТЕЛИНА ЗАХАРИЕВА МИХАЙЛОВА Час --:-- Вид страна Вносител Държавна агенция Национална сигурност Час 15:42 Вид дело Частно наказателно дело 6002/2026"
8eb09f72-e9c1-47bf-9104-d740f2be5bbf,"2026 24 април2026 Час 16:54 Вид акт Определение 1611 Час 16:53 Вид заседание зала / резултат / С определение, приключващо делото Час 15:42 Вид разпределение Избран съдия/заседател Цветан Иванов Колев Час --:-- Вид страна Вносител Софийска градска прокуратура Час 15:42 Вид дело Частно наказателно дело 2850/2026"
a5275ef5-9443-41e5-8734-1ad6fb0211fc,"2026 27 април2026 Час 14:35 Вид акт Протоколно определение 440 Час 09:55 Вид Документ Вносител И.Н.Б. 24 април2026 Час 16:20 Вид заседание зала / резултат Зала №4 етаж 3 / С определение, приключващо делото Час 16:07 Вид акт Разпореждане 280 Час 16:02 Вид заседание зала / резултат / С разпореждане за насрочване Час 15:45 Вид разпределение Избран съдия/заседател Величка Пандева Час --:-- Вид страна Вносител Окръжна прокуратура - Благоевград Час --:-- Вид страна Обвинител Р.А.Г. Час --:-- Вид страна Обвиняем Ш.Т. Час --:-- Вид страна Адвокат И.Н.Б. Час --:-- Вид страна Адвокат Р.Х.Б. Час --:-- Вид страна Преводач Н.Н. Час 15:42 Вид дело Частно наказателно дело 398/2026"
ba5b17c3-56b7-4c59-8438-2562155ffb42,"2026 27 април2026 Час 12:25 Вид акт Разпореждане 355 Час 12:21 Вид заседание зала / резултат / С разпореждане, приключващо делото Час 11:21 Вид акт Разпореждане 353 Час 11:15 Вид заседание зала / резултат / С разпореждане, приключващо делото 24 април2026 Час 15:42 Вид разпределение Избран съдия/заседател Диана Ангелова Петракиева Час --:-- Вид страна Вносител Районна прокуратура - Габрово Час 15:41 Вид дело Частно наказателно дело 334/2026"
a41bc61d-66bc-486b-9eea-2d54367c8bc1,2026 09 юли2026 Час 17:59 Вид акт Решение 13758 Час 17:56 Вид заседание зала / резултат / С решение за отстраняване на ОФГ 19 юни2026 Час 13:46 Вид акт Решение 12150 Час 13:44 Вид заседание зала / резултат / Решено с акт по същество в закрито заседание 18 юни2026 Час 20:04 Вид акт Определение 22579 Час 20:01 Вид заседание зала / резултат / Оставя без разглеждане 30 април2026 Час 16:17 Вид акт Разпореждане 54583 Час 16:14 Вид заседание зала / резултат / С разпореждане 24 април2026 Час 15:41 Вид разпределение Избран съдия/заседател ДЕСИСЛАВА ПЕТРОВА ГЕНОВА Час --:-- Вид страна Наследодател К.Д.В. Час --:-- Вид страна Адвокат И.В.Д. Час --:-- Вид страна Наследник Д.К.В. Час 15:41 Вид дело Частно гражданско дело 11156/2026
08174c2c-6801-4cae-9c95-1a4857264672,"2026 26 октомври2026 Час 13:30 Вид заседание зала / резултат / 02 октомври2026 Час 15:18 Вид акт Разпореждане 118865 Час 15:16 Вид заседание зала / резултат / 24 септември2026 Час 15:58 Вид акт Разпореждане 114993 Час 15:57 Вид заседание зала / резултат / С разпореждане 24 август2026 Час 13:20 Вид акт Разпореждане 101912 Час 13:16 Вид заседание зала / резултат / С разпореждане Час 13:13 Вид акт Определение 30575 Час 13:11 Вид заседание зала / резултат / Насрочено за I-во заседание Час --:-- Вид страна Вещо лице М.Г.Х. Час --:-- Вид страна Адвокат И.М.Ц. 26 юни2026 Час 11:05 Вид акт Разпореждане 77798 Час 11:02 Вид заседание зала / резултат / С разпореждане 07 май2026 Час 14:23 Вид акт Разпореждане 56253 Час 14:20 Вид заседание зала / резултат / С определение/разпореждане по чл. 131 ГПК/чл. 367 ГПК 24 април2026 Час 15:41 Вид разпределение Избран съдия/заседател МАРИЯ ГЕОРГИЕВА КОЮВА Час --:-- Вид страна Ищец ОТП Лизинг ЕООД Час --:-- Вид страна Ответник МЕБЕЛИ ЛАРГО ЕООД, ПРЕДСТАВЛЯВАНО ОТ КАЛОЯН ИВО МЛАДЕНОВ - УПРАВИТЕЛ Час --:-- Вид страна Ответник К.И.М. Час 15:41 Вид дело Гражданско дело 11155/2026"
bece03e2-709e-4460-b51e-c54630a4c3f8,2026 27 април2026 Час 14:51 Вид акт Заповед за изпълнение 490 Час 14:24 Вид заседание зала / резултат / Решено с акт по същество в закрито заседание 24 април2026 Час 15:41 Вид разпределение Избран съдия/заседател Росен Минков Стоянов Час --:-- Вид страна Заявител АПС БЕТА България ЕООД Час --:-- Вид страна Длъжник М.А.А. Час --:-- Вид страна Законен представител Х.М.М. Час --:-- Вид страна Законен представител П.В. Час --:-- Вид страна Юрисконсулт П.Ф.Ц. Час 15:41 Вид дело Частно гражданско дело 581/2026
23947402-cc4a-4920-a82e-8c2547736a97,2026 12 август2026 Час 14:54 Вид акт Изпълнителен лист ЗП 519 Час 11:50 Вид акт Разпореждане 1572 Час 10:26 Вид заседание зала / резултат / С акт по хода на делото без уведомяване на страните 03 юни2026 Час 16:32 Вид акт Разпореждане 1120 Час 16:29 Вид заседание зала / резултат / С акт по хода на делото без уведомяване на страните 27 април2026 Час 15:36 Вид акт Заповед за изпълнение 331 Час 15:22 Вид заседание зала / резултат / Със заповед за изпълнение 24 април2026 Час 15:41 Вид разпределение Избран съдия/заседател Ростислава Петкова Час --:-- Вид страна Кредитор ЕОС МАТРИКС ЕАД Час --:-- Вид страна Длъжник Е.С.М. Час --:-- Вид страна Адвокат Г.И.Х. Час 15:41 Вид дело Частно гражданско дело 451/2026
c4ef5559-9c28-48f0-9447-0e189aeb45a1,2026 19 май2026 Час 11:15 Вид акт Разпореждане 1099 Час 11:13 Вид заседание зала / резултат / С разпореждане 30 април2026 Час 15:11 Вид акт Изпълнителен лист ЗП 220 Час 15:10 Вид акт Заповед за изпълнение 581 Час 15:09 Вид заседание зала / резултат / Със заповед за изпълнение 24 април2026 Час 16:27 Вид акт Разпореждане 868 Час 16:25 Вид заседание зала / резултат / Без движение Час 15:41 Вид разпределение Избран съдия/заседател КАТЯ БОЖИДАРОВА АНГЕЛОВА-ПЕТРОВА Час --:-- Вид страна Заявител Бигбанк АС - клон България КЧТ Час --:-- Вид страна Длъжник Е.П.Г. Час --:-- Вид страна Юрисконсулт Н.Д.Д. Час 15:41 Вид дело Частно гражданско дело 800/2026
43e4e975-8498-44aa-978b-31901d6f8553,"2026 25 април2026 Час 18:58 Вид акт Разпореждане 5433 Час 18:57 Вид заседание зала / резултат / С разпореждане, приключващо делото 24 април2026 Час 15:41 Вид разпределение Избран съдия/заседател ЦВЕТЕЛИНА ЗАХАРИЕВА МИХАЙЛОВА Час --:-- Вид страна Вносител ОДМВР - София Час 15:41 Вид дело Частно наказателно дело 6001/2026"
b330e84d-791d-4f69-b96e-ccb796728b0c,2026 25 юни2026 Час 15:38 Вид акт Изпълнителен лист ЗП 565 24 юни2026 Час 10:56 Вид акт Разпореждане 3842 Час 10:55 Вид заседание зала / резултат / С разпореждане 08 май2026 Час 15:49 Вид акт Заповед за изпълнение 510 Час 15:38 Вид заседание зала / резултат / Със заповед за изпълнение 26 април2026 Час 15:09 Вид акт Разпореждане 2469 Час 15:07 Вид заседание зала / резултат / Без движение 24 април2026 Час 15:41 Вид разпределение Избран съдия/заседател Миглена Кавалова Час --:-- Вид страна Заявител БЕСТ Кепитъл България ЕАД Час --:-- Вид страна Длъжник Б.В.И. Час --:-- Вид страна Пълномощник Б.И.К. Час 15:41 Вид дело Частно гражданско дело 995/2026
f8b8fae1-6da3-41e5-8cdb-379ddf13e780,2026 28 април2026 Час --:-- Вид страна Адвокат П.А.А. 24 април2026 Час 16:21 Вид акт Определение 15693 Час 16:15 Вид заседание зала / резултат / Прекратено преди насрочване/разглеждане в ЗЗ Час 15:40 Вид разпределение Избран съдия/заседател БЕТИНА БОГДАНОВА БОШНАКОВА Час --:-- Вид страна Наследодател А.И.Г. Час --:-- Вид страна Наследник Б.А.Д. Час 15:40 Вид дело Частно гражданско дело 11154/2026
3987cb3b-3952-4e70-b4b2-094b98faef7e,"2026 27 април2026 Час 11:58 Вид акт Разпореждане 354 Час 11:55 Вид заседание зала / резултат / С разпореждане, приключващо делото 24 април2026 Час 15:40 Вид разпределение Избран съдия/заседател Диана Ангелова Петракиева Час --:-- Вид страна Вносител Районна прокуратура - Габрово Час 15:40 Вид дело Частно наказателно дело 333/2026"
67f69072-7e8b-4278-ab46-abf532239bdb,"2026 05 юни2026 Час 14:44 Вид акт Определение 466 Час 14:00 Вид заседание зала / резултат / Решено с акт по същество в закрито заседание 29 май2026 Час 11:46 Вид акт Разпореждане 1046 Час 11:40 Вид заседание зала / резултат / С разпореждане 24 април2026 Час 15:58 Вид акт Разпореждане 731 Час 15:45 Вид заседание зала / резултат / Без движение Час 15:40 Вид разпределение Избран съдия/заседател МАЯ ГЕОРГИЕВА СРЕДКОВА-ПЕТРОВА Час --:-- Вид страна Молител ДРУЖЕСТВО ЗА КОЛЕКТИВНО УПРАВЛЕНИЕ В ЧАСТНА ПОЛЗА ПРАВАТА НА ПРОДУЦЕНТИТЕ НА ЗВУКОЗАПИСИ И МУЗИКАЛНИ ВИДЕОЗАПИСИ И НА АРТИСТИТЕ-ИЗПЪЛНИТЕЛИ - ""ПРОФОН"" Сдружение Час --:-- Вид страна Ответник РОБОТИКА ООД Час --:-- Вид страна Адвокат М.К.П. Час 15:40 Вид дело Частно гражданско дело 335/2026"
b1c52354-243f-41fd-b6c0-455ecf0664ad,"2026 19 юни2026 Час 16:03 Вид акт Определение 13361 Час 14:13 Вид заседание зала / резултат / Решено с акт по същество в закрито заседание Час --:-- Вид страна Ответник М.П.СТИЛ,, ООД Час --:-- Вид страна Адвокат Г.М. Час --:-- Вид страна Адвокат Т.М. 24 април2026 Час 15:40 Вид разпределение Избран съдия/заседател Цветанка Бенина Час --:-- Вид страна Жалбоподател АТЕК 1 ЕООД Час 15:39 Вид дело Въззивно частно гражданско дело 4345/2026"
8b517544-9507-4994-9779-6686745e7533,2026 23 септември2026 Час 11:17 Вид акт Разпореждане 3805 Час 11:14 Вид заседание зала / резултат / Без движение 20 юли2026 Час 15:13 Вид акт Решение 572 09 юни2026 Час 10:59 Вид акт Протокол 875 Час 10:14 Вид Документ Вносител А.Е.Х. Час 10:12 Вид Документ Вносител В.Д.М. 08 юни2026 Час 14:00 Вид заседание зала / резултат / Обявено за решаване 12 май2026 Час 10:37 Вид акт Определение 1380 11 май2026 Час 16:06 Вид заседание зала / резултат / С Определение/Разпореждане по чл. 267 от ГПК Час 16:05 Вид акт Разпореждане 1933 Час 16:01 Вид заседание зала / резултат / С разпореждане за насрочване 24 април2026 Час 15:39 Вид разпределение Избран съдия/заседател Веселка Георгиева Узунова Час --:-- Вид страна Въззивник З.А.А. Час --:-- Вид страна Въззиваема страна М.Х.М. Час --:-- Вид страна Въззиваема страна Х.А.М. Час --:-- Вид страна Свидетел Л.М.Х. Час --:-- Вид страна Вещо лице И.П.Б. Час --:-- Вид страна Адвокат В.Д.М. Час --:-- Вид страна Адвокат А.Е.Х. Час 15:39 Вид дело Въззивно гражданско дело 776/2026
54a4c916-9eb1-4cf4-9535-7ffd89238ea5,"2026 08 юли2026 Час 17:46 Вид акт Решение 13642 Час 17:44 Вид заседание зала / резултат / Решено с акт по същество в закрито заседание 14 май2026 Час 13:51 Вид акт Разпореждане 59141 13 май2026 Час 16:16 Вид заседание зала / резултат / С разпореждане 29 април2026 Час --:-- Вид страна Молител Р.Н.Ч. Час --:-- Вид страна Друго Дирекция ""Социално подпомагане"" Красно село-отдел ""Закрила на детето"" 28 април2026 Час 17:46 Вид акт Разпореждане 53319 Час 17:45 Вид заседание зала / резултат / Без движение 24 април2026 Час 15:39 Вид разпределение Избран съдия/заседател ДИАНА ДИМИТРОВА ВАСИЛЕВА Час --:-- Вид страна Молител Б.Н.Ч. Час --:-- Вид страна Молител А.Н.Ч. Час --:-- Вид страна Законен представител И.В.В. Час --:-- Вид страна Адвокат Г.Г.Г. Час 15:39 Вид дело Частно гражданско дело 11153/2026"
2e75add4-4296-45ab-b31a-4dd05b7d69a4,"2026 29 май2026 Час 08:13 Вид акт Разпореждане 992 Час --:-- Вид заседание зала / резултат / Проведено 27 май2026 Час 10:28 Вид акт Решение 983 19 май2026 Час 19:18 Вид Документ Вносител Началник Група към ОДМВР Стара Загора, Сектор ""ПП"" Стара Загора - Грозданка Йорданова Андреева 18 май2026 Час 18:16 Вид Документ Вносител Началник Група към ОДМВР Стара Загора, Сектор ""ПП"" Стара Загора - Грозданка Йорданова Андреева Час 15:00 Вид заседание зала / резултат / Обявено за решаване 27 април2026 Час 10:01 Вид акт Разпореждане 768 Час --:-- Вид заседание зала / резултат / Проведено 24 април2026 Час 15:39 Вид разпределение Избран съдия/заседател Светлана Драгоманска Час --:-- Вид страна Жалбоподател М.В.М. Час --:-- Вид страна Ответник Началник група в сектор ""Пътна полиция""-ОДМВР-Стара Загора Час --:-- Вид страна Ответник Началник Група към ОДМВР Стара Загора, Сектор ""ПП"" Стара Загора - Грозданка Йорданова Андреева Час --:-- Вид страна Адвокат Х.И.Х. Час 15:39 Вид дело Административно дело 215/2026"
80cbffde-509f-430a-bb62-e074556e6f49,2026 16 юни2026 Час 09:02 Вид акт Изпълнителен лист ЗП 506 15 юни2026 Час 10:44 Вид акт Разпореждане 3581 Час 10:42 Вид заседание зала / резултат / С разпореждане 07 май2026 Час 16:39 Вид акт Заповед за изпълнение 507 Час 16:27 Вид заседание зала / резултат / Със заповед за изпълнение 24 април2026 Час 16:08 Вид акт Разпореждане 2450 Час 16:06 Вид заседание зала / резултат / Без движение Час 15:39 Вид разпределение Избран съдия/заседател Татяна Димитрова Богоева Час --:-- Вид страна Заявител БЕСТ Кепитъл България ЕАД Час --:-- Вид страна Длъжник М.И.С. Час --:-- Вид страна Пълномощник В.Л.Л. Час 15:39 Вид дело Частно гражданско дело 994/2026
51a5a74a-1714-4e8d-8454-58862947170e,2026 24 април2026 Час 15:55 Вид акт Заповед за изпълнение 1264 Час 15:50 Вид заседание зала / резултат / Със заповед за изпълнение Час 15:39 Вид разпределение Избран съдия/заседател Стела Дянкова Бъчварова Час --:-- Вид страна Заявител Мост Финанс Мениджмънт АД Час --:-- Вид страна Длъжник Н.И.Н. Час --:-- Вид страна Юрисконсулт Е.И.И. Час 15:39 Вид дело Частно гражданско дело 2368/2026
b0d0e0b8-2161-46f2-a3ca-54960040887b,2026 29 септември2026 Час 15:23 Вид акт Определение 20458 27 септември2026 Час 18:05 Вид заседание зала / резултат / Решено с акт по същество в закрито заседание 06 юли2026 Час --:-- Вид страна Адвокат К.Г.П. 03 юли2026 Час 15:08 Вид акт Разпореждане 18830 Час 15:05 Вид заседание зала / резултат / С разпореждане 27 май2026 Час 16:39 Вид акт Разпореждане 15013 Час 16:38 Вид заседание зала / резултат / С разпореждане 24 април2026 Час 15:39 Вид разпределение Избран съдия/заседател Златка Чолева Час --:-- Вид страна Жалбоподател В.Й.Д. Час 15:38 Вид дело Въззивно частно гражданско дело 4344/2026
65db7872-7bc9-46b1-ba3a-26629bd23269,"2026 27 април2026 Час 12:39 Вид акт Разпореждане 356 Час 12:37 Вид заседание зала / резултат / С разпореждане, приключващо делото 24 април2026 Час 15:39 Вид разпределение Избран съдия/заседател Диана Ангелова Петракиева Час --:-- Вид страна Вносител Районна прокуратура - Габрово Час 15:38 Вид дело Частно наказателно дело 332/2026"
da8e6c63-ae20-44d1-8983-75de48a1747a,2026 01 октомври2026 Час 10:15 Вид заседание зала / резултат / Отменено 23 септември2026 Час 10:13 Вид акт Разпореждане 1796 Час 10:00 Вид заседание зала / резултат / С разпореждане Час --:-- Вид страна Страна М.М.Ч. 21 септември2026 Час --:-- Вид страна Юрисконсулт С.М.Б. 10 август2026 Час 11:37 Вид акт Определение 668 Час 11:30 Вид заседание зала / резултат / Насрочено за I-во заседание 02 юни2026 Час 10:02 Вид акт Разпореждане 1064 Час 09:50 Вид заседание зала / резултат / С определение/разпореждане по чл. 131 ГПК/чл. 367 ГПК 14 май2026 Час 11:52 Вид акт Определение 396 Час 11:40 Вид заседание зала / резултат / Определение по чл. 389 от ГПК 24 април2026 Час 16:10 Вид акт Разпореждане 732 Час 16:00 Вид заседание зала / резултат / Без движение Час 15:38 Вид разпределение Избран съдия/заседател МАЯ ГЕОРГИЕВА СРЕДКОВА-ПЕТРОВА Час --:-- Вид страна Ищец Ф и М - 10 ЕООД Час --:-- Вид страна Ответник ОБЩИНА ВЕЛИНГРАД Час 15:38 Вид дело Гражданско дело 334/2026
084a55a5-a4d5-4746-9495-af5a648cdf1e,2026 27 април2026 Час 16:23 Вид акт Определение 15975 Час 16:21 Вид заседание зала / резултат / Прекратено преди насрочване/разглеждане в ЗЗ Час 10:47 Вид акт Разпореждане 52290 Час 10:42 Вид заседание зала / резултат / Без движение 24 април2026 Час 15:38 Вид разпределение Избран съдия/заседател ИВЕЛИНА СТОЯНОВА КОЛЕВА Час --:-- Вид страна Молител Банка ДСК АД Час --:-- Вид страна Наследодател Й.Д.Х. Час 15:38 Вид дело Частно гражданско дело 11152/2026
c5dc0f6c-51c5-48ce-b5a2-14683e9be833,2026 28 април2026 Час 10:57 Вид акт Определение 655 27 април2026 Час 21:07 Вид заседание зала / резултат / Решено с акт по същество в закрито заседание 24 април2026 Час 15:58 Вид разпределение Избран съдия/заседател Росица Велкова Час 15:58 Вид разпределение Избран съдия/заседател Лилия Масева Час 15:56 Вид разпределение Избран съдия/заседател София Икономова Час --:-- Вид страна Жалбоподател Л.С.Г. Час --:-- Вид страна Жалбоподател Д.С.Г. Час --:-- Вид страна Ответник П.Н.Н. Час --:-- Вид страна Адвокат К.Г.Т. Час --:-- Вид страна Адвокат Т.К.З. Час --:-- Вид страна Адвокат Е.Г.В. Час 15:38 Вид дело Въззивно частно гражданско дело 580/2026
52f71695-a2bf-458a-af9f-a668f02b0f7e,2026 12 август2026 Час 19:19 Вид акт Решение 5420 Час 18:20 Вид заседание зала / резултат / Решено с акт по същество в закрито заседание Час 15:16 Вид разпределение Избран съдия/заседател Мария Георгиева Илиева Час 15:16 Вид разпределение Избран съдия/заседател Йоанна Наскова Станева 24 април2026 Час 15:37 Вид разпределение Избран съдия/заседател Албена Александрова Час --:-- Вид страна Жалбоподател М.И.З. Час 15:37 Вид дело Въззивно гражданско дело 4343/2026
c5ee9698-f94b-4d10-8ff0-a66d9cefa927,2026 13 юли2026 Час 10:18 Вид акт Определение 2431 Час 09:57 Вид заседание зала / резултат / Прекратено преди насрочване/разглеждане в ЗЗ 10 юли2026 Час 10:06 Вид акт Разпореждане 20284 Час 09:57 Вид заседание зала / резултат / С разпореждане 11 юни2026 Час 09:54 Вид акт Разпореждане 17275 Час 09:51 Вид заседание зала / резултат / С разпореждане 08 юни2026 Час 11:06 Вид акт Разпореждане 16639 Час 10:57 Вид заседание зала / резултат / С разпореждане 11 май2026 Час 10:34 Вид акт Разпореждане 13574 Час 10:29 Вид заседание зала / резултат / С определение/разпореждане по чл. 131 ГПК/чл. 367 ГПК 27 април2026 Час 10:23 Вид акт Разпореждане 12403 Час 09:38 Вид заседание зала / резултат / Без движение 24 април2026 Час 15:37 Вид разпределение Избран съдия/заседател Диана Младенова Матеева Час --:-- Вид страна Ищец Агенция за събиране на вземания ЕАД Час --:-- Вид страна Ответник В.Г.Г. Час --:-- Вид страна Юрисконсулт И.Н.Н. Час 15:37 Вид дело Гражданско дело 4512/2026
e462a508-7d65-449a-bd26-1ca706b30b60,2026 07 май2026 Час 11:51 Вид акт Изпълнителен лист ЗП 2211 Час 11:33 Вид акт Заповед за изпълнение 3158 Час 10:45 Вид заседание зала / резултат / Със заповед за изпълнение 28 април2026 Час 11:08 Вид акт Разпореждане 4567 Час 11:03 Вид заседание зала / резултат / Без движение 24 април2026 Час 15:37 Вид разпределение Избран съдия/заседател Емил Кръстев Ангелов Час --:-- Вид страна Заявител Обединена Българска Банка АД Час --:-- Вид страна Длъжник С.К.Г. Час --:-- Вид страна Юрисконсулт Е.А.Ж. Час 15:37 Вид дело Частно гражданско дело 3478/2026
7ea2117c-afb5-458c-965d-632616cecd83,2026 28 септември2026 Час 10:41 Вид акт Изпълнителен лист ЗП 2320 24 април2026 Час 17:23 Вид акт Заповед за изпълнение 1691 Час 17:21 Вид заседание зала / резултат / Със заповед за изпълнение Час 15:37 Вид разпределение Избран съдия/заседател Светослав Иванов Иванов Час --:-- Вид страна Заявител ЕОС МАТРИКС ЕАД Час --:-- Вид страна Длъжник Д.М.И. Час --:-- Вид страна Адвокат Г.И.Х. Час 15:37 Вид дело Частно гражданско дело 1949/2026
82c7c004-e753-49f1-a8d2-08f472bf4802,2026 29 април2026 Час 16:58 Вид акт Изпълнителен лист ЗП 2978 Час 16:58 Вид акт Заповед за изпълнение 3829 Час 16:58 Вид акт Разпореждане 12840 Час 16:19 Вид заседание зала / резултат / Решено с акт по същество в закрито заседание 27 април2026 Час 09:19 Вид акт Разпореждане 12387 24 април2026 Час 17:44 Вид заседание зала / резултат / Без движение Час 15:37 Вид разпределение Избран съдия/заседател Татяна Иванова Тодорова Час --:-- Вид страна Заявител Банка ДСК АД Час --:-- Вид страна Длъжник Р.Г.Ц. Час --:-- Вид страна Пълномощник Х.К.П. Час 15:37 Вид дело Частно гражданско дело 4511/2026
815350ad-9ebb-4fa5-8584-a8bbf83cf635,"2026 12 ноември2026 Час 14:30 Вид заседание зала / резултат / 18 юни2026 Час 16:09 Вид акт Определение 7624 Час 16:07 Вид заседание зала / резултат / Насрочено за I-во заседание Час --:-- Вид страна Друго ДИРЕКЦИЯ ""СОЦИАЛНО ПОДПОМАГАНЕ"" - ПЛОВДИВ 29 април2026 Час 17:40 Вид акт Разпореждане 8212 27 април2026 Час 16:31 Вид акт Разпореждане 8007 Час 16:28 Вид заседание зала / резултат / Час 16:24 Вид заседание зала / резултат / 24 април2026 Час 15:37 Вид разпределение Избран съдия/заседател Недялка Николова Вълчева Час --:-- Вид страна Ищец П.А.Б. Час --:-- Вид страна Ответник Г.К.Б. Час --:-- Вид страна Адвокат В.Б.Т. Час 15:37 Вид дело Гражданско дело 3315/2026"
2bad992f-4d9b-4b38-9795-009e28acaf8b,2026 24 април2026 Час 16:26 Вид акт Заповед за изпълнение 1271 Час 16:01 Вид заседание зала / резултат / Със заповед за изпълнение Час 15:37 Вид разпределение Избран съдия/заседател Тихомира Георгиева Казасова Час --:-- Вид страна Заявител Мост Финанс Мениджмънт АД Час --:-- Вид страна Длъжник А.Х.К. Час --:-- Вид страна Юрисконсулт К.М.М. Час 15:37 Вид дело Частно гражданско дело 2367/2026
710cc976-8502-4331-8d0d-3c1fd63339b2,2026 24 април2026 Час 16:12 Вид акт Решение 7626 Час 16:09 Вид заседание зала / резултат / Решено с акт по същество в закрито заседание Час 15:37 Вид разпределение Избран съдия/заседател ЕЛЕНА НИКОЛОВА ДИНЕВА ИЛИЕВА Час --:-- Вид страна Наследодател А.А.Ш. Час --:-- Вид страна Наследник А.Г.Д. Час 15:36 Вид дело Частно гражданско дело 11151/2026
2c31c6a9-1bd0-46f3-b6d5-20d555b89d34,2026 22 октомври2026 Час 09:30 Вид заседание зала / резултат / 21 септември2026 Час 15:31 Вид акт Определение 801 Час 15:29 Вид заседание зала / резултат / Насрочено за I-во заседание 18 август2026 Час 14:39 Вид акт Разпореждане 1350 Час 14:36 Вид заседание зала / резултат / С разпореждане 06 август2026 Час 10:16 Вид акт Разпореждане 1299 Час 10:12 Вид заседание зала / резултат / Без движение 30 юли2026 Час 09:23 Вид акт Разпореждане 1267 Час 09:20 Вид заседание зала / резултат / С разпореждане 14 юли2026 Час 10:02 Вид акт Разпореждане 1175 Час 10:00 Вид заседание зала / резултат / С разпореждане 02 юли2026 Час 09:37 Вид акт Разпореждане 1094 Час 09:33 Вид заседание зала / резултат / Без движение 24 юни2026 Час 16:13 Вид акт Определение 553 Час 16:11 Вид заседание зала / резултат / Прекратено преди насрочване/разглеждане в ЗЗ 01 юни2026 Час 10:37 Вид акт Разпореждане 873 Час 10:34 Вид заседание зала / резултат / С разпореждане 19 май2026 Час 08:52 Вид акт Разпореждане 794 Час 08:49 Вид заседание зала / резултат / С разпореждане 27 април2026 Час 11:14 Вид акт Разпореждане 635 Час 11:10 Вид заседание зала / резултат / С определение/разпореждане по чл. 131 ГПК/чл. 367 ГПК Час --:-- Вид страна Ответник ФЕЯ ООД Час --:-- Вид страна Адвокат Е.И.С. 24 април2026 Час 15:50 Вид разпределение Избран съдия/заседател МОНИКА ГАРАБЕД ЯХАНАДЖИЯН Час --:-- Вид страна Ищец А.Х.Л. Час 15:36 Вид дело Търговско дело 164/2026
e605abec-0428-4f60-bcfb-6d51a2b7e3c1,2026 20 август2026 Час 10:00 Вид акт Разпореждане 1689 Час --:-- Вид заседание зала / резултат / Проведено 24 юли2026 Час 09:51 Вид акт Разпореждане 1524 Час --:-- Вид заседание зала / резултат / Проведено 17 юли2026 Час 11:04 Вид акт Разпореждане 1445 Час --:-- Вид заседание зала / резултат / Проведено 30 юни2026 Час 10:31 Вид акт Решение 1286 11 юни2026 Час 18:09 Вид Документ Вносител МИНИСТЕРСТВО НА РЕГИОНАЛНОТО РАЗВИТИЕ И БЛАГОУСТРОЙСТВОТО РЪКОВОДИТЕЛ НА УО НА ОПРР Час 18:09 Вид Документ Вносител МИНИСТЕРСТВО НА РЕГИОНАЛНОТО РАЗВИТИЕ И БЛАГОУСТРОЙСТВОТО РЪКОВОДИТЕЛ НА УО НА ОПРР Час 11:00 Вид заседание зала / резултат / Обявено за решаване 13 май2026 Час 13:28 Вид акт Разпореждане 892 Час --:-- Вид заседание зала / резултат / Проведено 27 април2026 Час 16:06 Вид акт Разпореждане 781 Час --:-- Вид заседание зала / резултат / Проведено 24 април2026 Час 15:36 Вид разпределение Избран съдия/заседател Христо Христов Час --:-- Вид страна Жалбоподател Община Сливен Час --:-- Вид страна Ответник МИНИСТЕРСТВО НА РЕГИОНАЛНОТО РАЗВИТИЕ И БЛАГОУСТРОЙСТВОТО РЪКОВОДИТЕЛ НА УО НА ОПРР Час --:-- Вид страна Адвокат В.Д.Г. Час 15:36 Вид дело Административно дело 214/2026
f93c30c6-a80c-4b98-8b24-a98129383766,2027 2026 14 януари2027 Час 14:30 Вид заседание зала / резултат / 20 август2026 Час --:-- Вид страна Свидетел М.Ф.И. Час --:-- Вид страна Вещо лице Д.И.Д. Час --:-- Вид страна Вещо лице С.К.М. 19 август2026 Час 12:26 Вид акт Определение 10392 Час 12:21 Вид заседание зала / резултат / Насрочено за I-во заседание 12 юни2026 Час 18:49 Вид акт Разпореждане 11161 Час 18:48 Вид акт Определение 7371 Час 18:47 Вид заседание зала / резултат / С определение/разпореждане по чл. 131 ГПК/чл. 367 ГПК Час 18:45 Вид заседание зала / резултат / С акт по чл. 83 ал.2 от ГПК 30 април2026 Час 11:47 Вид акт Разпореждане 8244 Час 11:45 Вид заседание зала / резултат / Без движение 24 април2026 Час 15:36 Вид разпределение Избран съдия/заседател Кристина Янкова Табакова Час --:-- Вид страна Ищец С.П.С. Час --:-- Вид страна Ответник Застрахователно акционерно дружество ДаллБогг: Живот и Здраве АД Час --:-- Вид страна Адвокат М.Д.К. Час 15:36 Вид дело Гражданско дело 3314/2026
a925f443-fc27-43f4-8868-715813d345d7,2026 14 август2026 Час 18:05 Вид акт Разпореждане 1949 Час 18:01 Вид заседание зала / резултат / С разпореждане 03 август2026 Час 15:07 Вид акт Решение 342 10 юли2026 Час 15:26 Вид акт Протокол 954 09 юли2026 Час 13:30 Вид заседание зала / резултат Зала 3 Партер на съдебна палата Перник / С решение и мотиви 03 юли2026 Час 10:51 Вид акт Разпореждане 1645 Час 10:32 Вид заседание зала / резултат / С разпореждане 26 юни2026 Час 10:41 Вид акт Разпореждане 1602 Час 10:08 Вид заседание зала / резултат / С разпореждане 13 юни2026 Час 14:11 Вид акт Протокол 801 08 юни2026 Час --:-- Вид страна Свидетел Д.Й.Н. 04 юни2026 Час 14:30 Вид заседание зала / резултат Зала 3 Партер на съдебна палата Перник / Отложено 29 април2026 Час 11:54 Вид акт Разпореждане 1134 Час 11:51 Вид заседание зала / резултат / С разпореждане за насрочване Час --:-- Вид страна Актосъставител С.К.С. Час --:-- Вид страна Свидетел К.П. Час --:-- Вид страна Свидетел Т.Ч. 24 април2026 Час 15:36 Вид разпределение Избран съдия/заседател КАМЕЛИЯ ГЕОРГИЕВА НЕНКОВА Час --:-- Вид страна Жалбоподател Н.В.Н. Час --:-- Вид страна Админ.наказ.орган НАЧАЛНИК ПЪРВО РУ-ПЕРНИК Час --:-- Вид страна Адвокат Т.Н.Н. Час 15:36 Вид дело Административно наказателно дело 749/2026
b7073b5c-d394-4361-9236-b534595587ea,2026 31 юли2026 Час 09:06 Вид акт Разпореждане 1720 Час 09:01 Вид заседание зала / резултат / 30 юни2026 Час 13:45 Вид акт Разпореждане 1504 Час 13:43 Вид заседание зала / резултат / 12 юни2026 Час 11:01 Вид акт Разпореждане 1340 Час 10:57 Вид заседание зала / резултат / 08 май2026 Час 11:39 Вид акт Разпореждане 1041 Час 11:36 Вид заседание зала / резултат / 24 април2026 Час 15:36 Вид разпределение Избран съдия/заседател ДЕНИЦА АНГЕЛОВА ЦВЕТКОВА Час --:-- Вид страна Ищец Ю.Б.Г. Час --:-- Вид страна Ответник А.Н.Г. Час --:-- Вид страна Ответник Ц.А.Г. Час --:-- Вид страна Ответник П.А.Г. Час --:-- Вид страна Ответник В.Б.К. Час --:-- Вид страна Ответник К.Б.К. Час --:-- Вид страна Адвокат М.П.Г. Час 15:36 Вид дело Гражданско дело 652/2026
9dc95e35-705f-46d5-bb88-b496ae16b6de,2026 29 април2026 Час --:-- Вид страна Друго СТОЛИЧНА ОБЩИНА Час --:-- Вид страна Друго Районна прокуратура - София Час --:-- Вид страна Друго СТОЛИЧНА ОБЩИНА-СЛУЖБА ГРАО Час --:-- Вид страна Друго БЮРО СЪДИМОСТ при Софийски районен съд 28 април2026 Час 16:28 Вид акт Решение 7834 Час 16:26 Вид заседание зала / резултат / Решено с акт по същество в закрито заседание 24 април2026 Час 15:35 Вид разпределение Избран съдия/заседател ДИАНА ДИМИТРОВА ВАСИЛЕВА Час --:-- Вид страна Молител А.Я.А. Час --:-- Вид страна Адвокат Р.А.А. Час 15:35 Вид дело Гражданско дело 11150/2026
829a292b-edd7-4875-81e2-12a654ca2a76,2026 28 май2026 Час 16:07 Вид акт Разпореждане 9987 Час 16:03 Вид заседание зала / резултат / Прекратено преди насрочване/разглеждане в ЗЗ 01 май2026 Час 12:05 Вид акт Разпореждане 8317 Час 12:00 Вид заседание зала / резултат / Без движение 24 април2026 Час 15:35 Вид разпределение Избран съдия/заседател Таня Аспарухова Георгиева - Точевска Час --:-- Вид страна Ищец Д.А.Т.В. Час --:-- Вид страна Ответник ВИВА КРЕДИТ АД Час --:-- Вид страна Адвокат Р.Н.Р. Час 15:35 Вид дело Гражданско дело 3313/2026
46f2b577-af55-409a-b663-0f3440f4855d,2026 08 октомври2026 Час 13:50 Вид заседание зала / резултат / 04 август2026 Час 12:10 Вид акт Определение 28191 Час 12:09 Вид заседание зала / резултат / Насрочено за I-во заседание 29 май2026 Час 15:10 Вид акт Разпореждане 65598 Час 15:08 Вид заседание зала / резултат / С определение/разпореждане по чл. 131 ГПК/чл. 367 ГПК 27 април2026 Час 10:58 Вид акт Определение 15859 Час 10:56 Вид заседание зала / резултат / Определение по чл. 389 от ГПК 24 април2026 Час 15:35 Вид разпределение Избран съдия/заседател КРАСИМИР ВИКТОРОВ СОТИРОВ Час --:-- Вид страна Ищец Т.Д.Ц. Час --:-- Вид страна Ответник ТОПЛОФИКАЦИЯ СОФИЯ ЕАД Час --:-- Вид страна Адвокат П.И.Х. Час 15:35 Вид дело Гражданско дело 11149/2026
02a8b613-c155-468b-aad3-27b2aaca4854,2026 09 юни2026 Час 10:57 Вид акт Изпълнителен лист ЗП 914 Час 10:38 Вид акт Разпореждане 3309 Час 10:36 Вид заседание зала / резултат / С разпореждане 04 май2026 Час 09:45 Вид акт Разпореждане 2351 Час 09:42 Вид заседание зала / резултат / С разпореждане 24 април2026 Час 20:43 Вид акт Заповед за изпълнение 1443 Час 20:32 Вид заседание зала / резултат / Със заповед за изпълнение Час 15:35 Вид разпределение Избран съдия/заседател АЛЕКСАНДРА НАНОВА Час --:-- Вид страна Заявител ЕОС МАТРИКС ЕАД Час --:-- Вид страна Длъжник Д.Н.Х. Час --:-- Вид страна Адвокат Г.И.Х. Час 15:35 Вид дело Частно гражданско дело 1864/2026
bd0745d8-1be7-4d2c-a7a3-07bfa1ac947b,2026 16 юли2026 Час 11:49 Вид акт Изпълнителен лист ЗП 337 15 юли2026 Час 15:12 Вид акт Разпореждане 1772 27 април2026 Час 09:44 Вид акт Заповед за изпълнение 282 Час 09:20 Вид заседание зала / резултат / Решено с акт по същество в закрито заседание 24 април2026 Час 15:35 Вид разпределение Избран съдия/заседател НАТАЛИЯ СЕМОВА РАЙКОВА АТАНАСОВА Час --:-- Вид страна Заявител „Йеттел България“ ЕАД Час --:-- Вид страна Длъжник П.Р.С. Час --:-- Вид страна Адвокат В.Н.Н. Час --:-- Вид страна Адвокат Н.А.Ш. Час 15:35 Вид дело Частно гражданско дело 711/2026
f4cab45e-d93e-4889-b707-767ad927ac6d,"2026 01 юни2026 Час 15:49 Вид акт Определение 122 Час 15:00 Вид заседание зала / резултат / С определение 18 май2026 Час 10:50 Вид акт Определение 111 Час --:-- Вид страна Друго Ф.Ф.Я. Час --:-- Вид страна Адвокат П.Й.Й. Час --:-- Вид страна Адвокат М.Д.Г. 16 май2026 Час 14:24 Вид акт Определение 110 Час 13:00 Вид заседание зала / резултат / С определение, приключващо делото 24 април2026 Час 15:35 Вид разпределение Избран съдия/заседател Галина Димитрова Василева Час --:-- Вид страна Вносител Районна прокуратура - Силистра Час --:-- Вид страна Жалбоподател Г.М.Й. Час 15:35 Вид дело Частно наказателно дело 285/2026"
7b508074-a55c-4dae-a854-81b24da79c36,2026 12 август2026 Час 13:50 Вид акт Разпореждане 2475 Час 13:49 Вид заседание зала / резултат / С разпореждане 22 юни2026 Час 14:49 Вид акт Разпореждане 2080 Час 14:48 Вид заседание зала / резултат / С разпореждане 19 юни2026 Час 09:25 Вид акт Разпореждане 2041 Час 09:24 Вид заседание зала / резултат / С разпореждане 27 април2026 Час 10:12 Вид акт Заповед за изпълнение 652 Час 10:10 Вид заседание зала / резултат / Със заповед за изпълнение 24 април2026 Час 15:35 Вид разпределение Избран съдия/заседател Мариела Анастасова Иванова Час --:-- Вид страна Заявител БЕСТ Кепитъл България ЕАД Час --:-- Вид страна Длъжник М.Б.М. Час --:-- Вид страна Пълномощник В.Л.Л. Час 15:35 Вид дело Частно гражданско дело 901/2026
8e563dc2-0afa-445c-9896-7f60b5d0052f,2026 11 май2026 Час 16:41 Вид акт Изпълнителен лист ЗП 597 Час 16:34 Вид акт Заповед за изпълнение 887 Час 16:09 Вид заседание зала / резултат / Решено с акт по същество в закрито заседание 27 април2026 Час 18:11 Вид акт Разпореждане 1998 Час 18:09 Вид заседание зала / резултат / Без движение 24 април2026 Час 15:35 Вид разпределение Избран съдия/заседател Красимира Иванова Николова-Петрова Час --:-- Вид страна Заявител Бигбанк АС - клон България КЧТ Час --:-- Вид страна Длъжник Б.В.И. Час --:-- Вид страна Пълномощник Н.Д.Д. Час 15:35 Вид дело Частно гражданско дело 1417/2026
d6797d2c-6a7f-4124-af64-6db8fb17ca3f,2026 27 април2026 Час --:-- Вид страна Контролираща страна Районна прокуратура - София 25 април2026 Час 15:45 Вид акт Решение 7653 Час 15:40 Вид заседание зала / резултат / Решено с акт по същество в закрито заседание 24 април2026 Час 15:34 Вид разпределение Избран съдия/заседател ДОБРОМИР СТЕФАНОВ СТЕФАНОВ Час --:-- Вид страна Молител М.Х.О. Час 15:34 Вид дело Гражданско дело 11148/2026
6b402727-1cb7-4506-89ca-d6eff59ee1cc,"2026 22 юни2026 Час 11:57 Вид акт Решение 196 Час 11:53 Вид акт Решение 195 21 май2026 Час 15:54 Вид акт Протокол 1155 20 май2026 Час 11:00 Вид заседание зала / резултат / Обявено за решаване 28 април2026 Час 10:38 Вид акт Разпореждане 619 Час 10:37 Вид заседание зала / резултат / С разпореждане за насрочване 24 април2026 Час 15:34 Вид разпределение Избран съдия/заседател Калинка Костадинова Иванова Час --:-- Вид страна Жалбоподател И.И.М. Час --:-- Вид страна Страна Районна прокуратура - Благоевград Час --:-- Вид страна Админ.наказ.орган АГЕНЦИЯ ПЪТНА ИНФРАСТРУКТУРА, ЕЛЕКТРОНЕН ФИШ № 8508616857/09.03.2026Г. Час 15:34 Вид дело Административно наказателно дело 509/2026"
de2302a4-8a93-409b-b3b8-cfea9f971df3,2026 21 септември2026 Час 14:08 Вид акт Определение 3361 Час 14:06 Вид заседание зала / резултат / Решено с акт по същество в закрито заседание 21 август2026 Час 17:03 Вид акт Разпореждане 24693 Час 16:38 Вид заседание зала / резултат / С разпореждане 30 юли2026 Час 17:02 Вид акт Разпореждане 22237 Час 16:27 Вид акт Разпореждане 22229 Час 16:24 Вид заседание зала / резултат / С разпореждане 14 юли2026 Час 13:58 Вид заседание зала / резултат / С разпореждане 19 юни2026 Час 14:30 Вид акт Разпореждане 18221 Час 14:14 Вид заседание зала / резултат / С разпореждане 16 юни2026 Час 14:18 Вид акт Разпореждане 17865 Час 13:54 Вид заседание зала / резултат / С разпореждане 27 май2026 Час 16:59 Вид акт Разпореждане 15545 Час 15:45 Вид заседание зала / резултат / С акт по хода на делото без уведомяване на страните 13 май2026 Час 16:18 Вид акт Разпореждане 14014 Час 16:17 Вид акт Разпореждане 14013 Час 14:03 Вид заседание зала / резултат / С разпореждане Час 11:52 Вид заседание зала / резултат / С разпореждане 29 април2026 Час 13:18 Вид акт Определение 1440 Час 13:16 Вид заседание зала / резултат / С определение 24 април2026 Час 15:34 Вид разпределение Избран съдия/заседател Иванина Игнатова Иванова Час --:-- Вид страна Вносител Okresnx soud Liberec U Soudu 540/3 U Soudu 540/3 CZ-460 72 .Liberec Час --:-- Вид страна Страна Ж.К.Ж. Час 15:34 Вид дело Частно гражданско дело 4510/2026
39e34670-65e1-43a1-97a5-2d214bb443c1,2026 28 април2026 Час 08:57 Вид акт Разпореждане 937 Час 08:54 Вид заседание зала / резултат / Решено с акт по същество в закрито заседание 24 април2026 Час 15:34 Вид разпределение Избран съдия/заседател ДЕНИЦА АНГЕЛОВА ЦВЕТКОВА Час --:-- Вид страна Молител РЕГИОНАЛЕН СЪД ОЛДЕНБУРГ Час --:-- Вид страна Страна Ж.З. Час 15:34 Вид дело Частно гражданско дело 651/2026
0118abc4-797b-442b-a660-71f752255543,2026 13 юли2026 Час 12:13 Вид акт Решение 529 09 юли2026 Час 11:00 Вид акт Протокол 1087 Час 09:30 Вид заседание зала / резултат СЪДЕБНА ЗАЛА 6 / Обявено за решаване 07 юли2026 Час 16:40 Вид акт Протокол 1075 Час 11:40 Вид заседание зала / резултат СЪДЕБНА ЗАЛА 6 / Отложено в I-во заседание 19 юни2026 Час 09:46 Вид акт Определение 1765 Час 09:44 Вид заседание зала / резултат / Насрочено за I-во заседание 07 май2026 Час 10:22 Вид акт Разпореждане 1860 Час 10:21 Вид заседание зала / резултат / С определение/разпореждане по чл. 131 ГПК/чл. 367 ГПК 27 април2026 Час 09:48 Вид акт Разпореждане 1708 Час 09:44 Вид заседание зала / резултат / С разпореждане 24 април2026 Час 15:34 Вид разпределение Избран съдия/заседател Валентина Жекова Кърпичева Цинцарска Час --:-- Вид страна Ищец С.Х.Х. Час --:-- Вид страна Ответник Х.Д.Х. Час --:-- Вид страна Контролираща страна Окръжна прокуратура - Бургас Час --:-- Вид страна Адвокат С.Н.П. Час 15:34 Вид дело Гражданско дело 775/2026
719dba06-37e0-416f-8514-61aa07aec26e,2026 26 юни2026 Час 11:17 Вид акт Изпълнителен лист 176 24 юни2026 Час 15:02 Вид акт Определение 1831 Час 13:19 Вид заседание зала / резултат / С определение 29 април2026 Час 14:52 Вид акт Решение 308 Час 13:42 Вид заседание зала / резултат / Решено с акт по същество в закрито заседание 27 април2026 Час --:-- Вид страна Въззиваема страна Е.А.Д.В. Час --:-- Вид страна Адвокат Х.С.Х. Час --:-- Вид страна Адвокат З.К.К. 24 април2026 Час 15:34 Вид разпределение Избран съдия/заседател Мариана Георгиева Карастанчева Час --:-- Вид страна Въззивник Т.Г.Г. Час 15:34 Вид дело Въззивно гражданско дело 774/2026
2055b3d6-f853-4d41-bba3-84c95540a220,2026 30 април2026 Час 11:03 Вид акт Протокол 618 Час 11:00 Вид акт Споразумение 27 Час 11:00 Вид акт Протоколно определение 617 Час 10:30 Вид заседание зала / резултат / Със споразумение Час --:-- Вид страна Обвинител М.Й.П. Час --:-- Вид страна Обвинител П.Ю.В. 28 април2026 Час 09:31 Вид акт Разпореждане 279 Час 09:01 Вид заседание зала / резултат / С разпореждане 24 април2026 Час 15:34 Вид разпределение Избран съдия/заседател Давид Любенов Сукалински Час --:-- Вид страна Обвинител ТО-Разлог към РП-Благоевград Час --:-- Вид страна Обвиняем С.Й.М. Час --:-- Вид страна Адвокат С.Д.П. Час 15:33 Вид дело Наказателно дело от общ характер 219/2026
df68380e-1187-42ae-b5bd-47cd956c075e,2026 29 юни2026 Час 11:20 Вид акт Решение 3339 12 юни2026 Час 09:54 Вид акт Протоколно определение 6281 11 юни2026 Час 09:00 Вид заседание зала / резултат Зала 6 етаж 2 / С решение по чл. 235 ГПК 29 април2026 Час 09:32 Вид акт Определение 5223 Час 09:30 Вид заседание зала / резултат / С Определение/Разпореждане по чл. 267 от ГПК 28 април2026 Час 09:27 Вид акт Определение 5156 Час 09:23 Вид заседание зала / резултат / С Определение/Разпореждане по чл. 267 от ГПК 24 април2026 Час 15:33 Вид разпределение Избран съдия/заседател Георги Димитров Димитров Час --:-- Вид страна Молител Ю.К.Ю. Час --:-- Вид страна Молител Г.И.Ю. Час --:-- Вид страна Адвокат В.Б.Т. Час 15:33 Вид дело Гражданско дело 3312/2026
7a900993-ba6c-415b-b3dc-7c3d16a7fa62,2026 12 юни2026 Час 14:51 Вид акт Разпореждане 72243 Час 14:49 Вид заседание зала / резултат / С разпореждане 21 май2026 Час 17:56 Вид акт Определение 19094 Час 17:54 Вид заседание зала / резултат / Прекратено преди насрочване/разглеждане в ЗЗ 24 април2026 Час 15:34 Вид разпределение Избран съдия/заседател ПЕТЯ ПЕТКОВА СТОЯНОВА Час --:-- Вид страна Ищец СУИТ ТЕХНОЛОДЖИ ЕООД Час --:-- Вид страна Ответник Ж.Н.Й. Час --:-- Вид страна Ответник И.К.С. Час --:-- Вид страна Ответник ЕС БИ ЕС ФИНАНСИ ЕООД Час 15:33 Вид дело Гражданско дело 11147/2026
a80f3487-0262-4345-a37f-bfd477bb5c4d,2026 28 юли2026 Час 16:57 Вид акт Решение 15138 Час 16:54 Вид заседание зала / резултат / Решено с акт по същество в закрито заседание 14 май2026 Час 16:17 Вид акт Разпореждане 59334 Час 16:14 Вид заседание зала / резултат / С разпореждане 24 април2026 Час 16:08 Вид акт Разпореждане 51989 Час 16:05 Вид заседание зала / резултат / Без движение Час 15:33 Вид разпределение Избран съдия/заседател ЕЛЕНА НИКОЛОВА ДИНЕВА ИЛИЕВА Час --:-- Вид страна Молител Д.Е.Ч. Час --:-- Вид страна Законен представител С.Е.Ч. Час 15:33 Вид дело Частно гражданско дело 11146/2026
a31e2a6b-26a8-4edb-9ba0-b60559d3011d,2026 16 юли2026 Час 16:14 Вид акт Определение 15341 15 юли2026 Час 15:28 Вид заседание зала / резултат / С акт по чл. 248 от ГПК 26 май2026 Час 09:11 Вид акт Разпореждане 14718 Час 09:07 Вид заседание зала / резултат / С разпореждане 15 май2026 Час 13:35 Вид акт Определение 10618 Час 11:35 Вид заседание зала / резултат / Решено с акт по същество в закрито заседание 24 април2026 Час 15:33 Вид разпределение Избран съдия/заседател Петър Теодосиев Час --:-- Вид страна Жалбоподател М.М.А. Час 15:33 Вид дело Въззивно частно гражданско дело 4342/2026
cbb782a4-f120-4b39-aad5-b30e066eef4a,"2026 19 юни2026 Час 17:42 Вид акт Решение 194 05 юни2026 Час 13:11 Вид акт Протокол 1271 02 юни2026 Час 13:40 Вид заседание зала / резултат / С решение и мотиви 21 май2026 Час --:-- Вид страна Юрисконсулт Д.И.Р. 05 май2026 Час 15:07 Вид акт Разпореждане 655 Час 15:05 Вид заседание зала / резултат / С разпореждане за насрочване 24 април2026 Час 15:33 Вид разпределение Избран съдия/заседател Екатерина Петрова Николова Час --:-- Вид страна Жалбоподател И.И.М. Час --:-- Вид страна Страна Районна прокуратура - Благоевград Час --:-- Вид страна Админ.наказ.орган АГЕНЦИЯ ПЪТНА ИНФРАСТРУКТУРА, ЕЛЕКТРОНЕН ФИШ № 8508608303/06.03.2026Г. Час 15:33 Вид дело Административно наказателно дело 508/2026"
dc20d201-b497-463e-b988-0eb43a691520,2026 24 юни2026 Час 11:33 Вид акт Изпълнителен лист ЗП 566 29 април2026 Час 11:09 Вид акт Заповед за изпълнение 440 Час 09:44 Вид заседание зала / резултат / Решено с акт по същество в закрито заседание 24 април2026 Час 15:33 Вид разпределение Избран съдия/заседател Росен Иванов Балкански Час --:-- Вид страна Заявител БЕСТ Кепитъл България ЕАД Час --:-- Вид страна Длъжник Б.И.К. Час --:-- Вид страна Пълномощник Б.И.К. Час 15:33 Вид дело Частно гражданско дело 507/2026
33b3f4b8-c0d2-488c-b7e6-37dc136e92d0,2026 28 април2026 Час 23:08 Вид акт Изпълнителен лист ЗП 441 Час 23:07 Вид акт Заповед за изпълнение 711 Час 23:03 Вид заседание зала / резултат / Решено с акт по същество в закрито заседание 26 април2026 Час 22:54 Вид акт Разпореждане 911 Час 22:51 Вид заседание зала / резултат / Без движение 24 април2026 Час 15:33 Вид разпределение Избран съдия/заседател Грета Иванова Денчева Час --:-- Вид страна Заявител ЕЙ УАН ВИЖЪН ЕООД Час --:-- Вид страна Длъжник Р.Н.С. Час --:-- Вид страна Юрисконсулт Р.С. Час 15:33 Вид дело Частно гражданско дело 889/2026
3ca138e3-94ad-43d8-9f2a-0448319eaddd,2026 10 септември2026 Час 09:49 Вид акт Разпореждане 1453 Час 09:47 Вид заседание зала / резултат / С разпореждане 31 август2026 Час 15:45 Вид акт Разпореждане 1399 Час 15:43 Вид заседание зала / резултат / С разпореждане 12 август2026 Час --:-- Вид страна Адвокат С.Д.Г. 04 август2026 Час 11:20 Вид акт Разпореждане 1291 Час 11:18 Вид заседание зала / резултат / С разпореждане 29 май2026 Час 09:55 Вид акт Разпореждане 862 Час 09:50 Вид заседание зала / резултат / С определение/разпореждане по чл. 131 ГПК/чл. 367 ГПК 13 май2026 Час 09:23 Вид акт Разпореждане 760 Час 09:18 Вид заседание зала / резултат / Без движение 27 април2026 Час 14:09 Вид акт Разпореждане 645 Час 14:06 Вид заседание зала / резултат / С разпореждане 24 април2026 Час 15:32 Вид разпределение Избран съдия/заседател Десислава Динкова Щерева Час --:-- Вид страна Ищец БАЛЕВ - 7 ЕООД Час --:-- Вид страна Ответник А.О.Г. Час --:-- Вид страна Адвокат Д.Б.Р. Час 15:32 Вид дело Търговско дело 163/2026
6b893707-cfc5-4dd8-bc4c-28f9917ad2d6,"2026 27 април2026 Час 11:06 Вид акт Определение 156 Час 11:02 Вид заседание зала / резултат / С определение, приключващо делото 24 април2026 Час 15:33 Вид разпределение Избран съдия/заседател Боряна Александрова Ангелова Час --:-- Вид страна Жалбоподател И.Й.С. Час --:-- Вид страна Жалбоподател П.О.Г. Час --:-- Вид страна Жалбоподател О.Г.С. Час --:-- Вид страна Страна ТО-Лом към РП-Монтана Час --:-- Вид страна Адвокат Р.В.Б. Час 15:32 Вид дело Частно наказателно дело 235/2026"
93c25e10-3e31-4aaf-9b11-fb764a485f29,2026 01 октомври2026 Час 11:32 Вид акт Определение 3521 Час 11:30 Вид заседание зала / резултат / С разпореждане Час --:-- Вид страна Особен представител И.М.С. 23 септември2026 Час 10:53 Вид акт Разпореждане 27916 Час 10:45 Вид заседание зала / резултат / С разпореждане 15 септември2026 Час --:-- Вид страна Друго Р.М.К. 14 септември2026 Час 11:02 Вид акт Определение 3228 Час 10:06 Вид заседание зала / резултат / С разпореждане 30 юли2026 Час 16:42 Вид акт Разпореждане 22235 Час 16:39 Вид заседание зала / резултат / С разпореждане 08 юли2026 Час 11:55 Вид акт Разпореждане 19929 Час 11:52 Вид заседание зала / резултат / С разпореждане 07 юли2026 Час --:-- Вид страна Родител В.В.А. 06 юли2026 Час 16:05 Вид акт Разпореждане 19641 Час 15:41 Вид заседание зала / резултат / С разпореждане 19 май2026 Час 11:06 Вид акт Разпореждане 14641 Час 11:01 Вид заседание зала / резултат / С определение/разпореждане по чл. 131 ГПК/чл. 367 ГПК 27 април2026 Час 11:28 Вид акт Разпореждане 12419 Час 11:16 Вид заседание зала / резултат / Без движение 24 април2026 Час 15:32 Вид разпределение Избран съдия/заседател ЛОРА РАНГЕЛОВА СТЕФАНОВА Час --:-- Вид страна Ищец ЙЕТТЕЛ БЪЛГАРИЯ ЕАД Час --:-- Вид страна Ответник И.В.В. Час --:-- Вид страна Адвокат Л.Г.Г. Час 15:32 Вид дело Гражданско дело 4509/2026
1d50794d-7224-422c-a235-e2538aa0fa3b,"2026 05 май2026 Час 09:39 Вид акт Определение 123 Час 08:59 Вид заседание зала / резултат / С определение, приключващо делото 24 април2026 Час 15:33 Вид разпределение Избран съдия/заседател Пепа Илиева Чиликова Час --:-- Вид страна Въззивник Окръжна прокуратура - Ямбол Час --:-- Вид страна Въззиваема страна А.В.Н.Т. Час --:-- Вид страна Адвокат М.А. Час 15:32 Вид дело Въззивно частно наказателно дело 162/2026"
1b091193-f445-49ba-8380-e48943739cc4,"2026 22 юни2026 Час 12:02 Вид акт Решение 197 21 май2026 Час 15:54 Вид акт Протокол 1154 20 май2026 Час 11:00 Вид заседание зала / резултат / Обявено за решаване 28 април2026 Час 10:37 Вид акт Разпореждане 618 Час 10:35 Вид заседание зала / резултат / С разпореждане за насрочване 24 април2026 Час 15:32 Вид разпределение Избран съдия/заседател Калинка Костадинова Иванова Час --:-- Вид страна Жалбоподател И.И.М. Час --:-- Вид страна Страна Районна прокуратура - Благоевград Час --:-- Вид страна Админ.наказ.орган АГЕНЦИЯ ПЪТНА ИНФРАСТРУКТУРА, ЕЛЕКТРОНЕН ФИШ № 8508605487/05.03.2026Г. Час 15:32 Вид дело Административно наказателно дело 507/2026"
9863dad2-a232-4423-a192-8208c34b51b7,"2026 01 октомври2026 Час 16:10 Вид акт Решение 18452 21 септември2026 Час 11:36 Вид Документ Вносител МГ ХАБОН ООД, представлявано от управителя Горан Симич Час 11:36 Вид Документ Вносител Славянобългарски манастир ""Свети Георги Зограф"" 18 септември2026 Час 12:54 Вид акт Протокол 21051 17 септември2026 Час 09:00 Вид заседание зала / резултат / С решение по чл. 235 ГПК 31 август2026 Час 15:14 Вид акт Определение 31676 Час 15:12 Вид заседание зала / резултат / С определение 27 август2026 Час 12:10 Вид акт Протокол 20456 Час 10:00 Вид заседание зала / резултат / Отложено в ОСЗ 18 август2026 Час 11:03 Вид акт Определение 29838 Час 10:59 Вид заседание зала / резултат / С определение 04 август2026 Час 09:36 Вид акт Определение 28148 Час 09:28 Вид заседание зала / резултат / С определение 30 юли2026 Час 14:50 Вид акт Протокол 20127 Час 10:00 Вид заседание зала / резултат / Отложено в I-во заседание 27 юли2026 Час 18:50 Вид акт Определение 27091 Час 18:43 Вид заседание зала / резултат / С определение 16 юли2026 Час 10:10 Вид акт Разпореждане 86531 Час 10:03 Вид заседание зала / резултат / С разпореждане Час 09:40 Вид акт Разпореждане 86507 Час 09:32 Вид заседание зала / резултат / С разпореждане 08 юли2026 Час 19:49 Вид акт Определение 24887 Час 15:47 Вид заседание зала / резултат / С определение 22 юни2026 Час --:-- Вид страна Вещо лице Г.Б.Д. Час --:-- Вид страна Адвокат Р.П.Л. 19 юни2026 Час 16:04 Вид акт Определение 22685 Час 15:57 Вид заседание зала / резултат / Насрочено за I-во заседание 30 април2026 Час --:-- Вид страна Адвокат Я.Н.Л. 28 април2026 Час 16:22 Вид акт Разпореждане 53263 Час 16:01 Вид заседание зала / резултат / С определение/разпореждане по чл. 131 ГПК/чл. 367 ГПК 24 април2026 Час 16:16 Вид акт Разпореждане 52000 Час 16:08 Вид заседание зала / резултат / Без движение Час 15:32 Вид разпределение Избран съдия/заседател МАРИЯ ЕМИЛОВА МАЛОСЕЛСКА Час --:-- Вид страна Ищец Славянобългарски манастир ""Свети Георги Зограф"" Час --:-- Вид страна Ответник МГ ХАБОН ООД, представлявано от управителя Горан Симич Час --:-- Вид страна Адвокат С.Д.К. Час 15:32 Вид дело Гражданско дело 11145/2026"
fb98f986-b1cb-4089-b77b-29e030050c0f,2026 29 април2026 Час 12:56 Вид акт Определение 9431 28 април2026 Час 16:03 Вид заседание зала / резултат / Решено с акт по същество в закрито заседание 24 април2026 Час 15:31 Вид разпределение Избран съдия/заседател Нели Маринова Час --:-- Вид страна Жалбоподател МОНТЕВИДЕО - СОФИЯ ЕООД Час 15:31 Вид дело Въззивно частно гражданско дело 4341/2026
01c53a4d-4cce-4cb6-80b8-6be69c58300d,2026 28 юли2026 Час 13:25 Вид акт Разпореждане 91497 Час 13:07 Вид заседание зала / резултат / С разпореждане 24 юни2026 Час 17:52 Вид акт Разпореждане 77094 Час 17:47 Вид заседание зала / резултат / Прекратено преди насрочване/разглеждане в ЗЗ 28 април2026 Час 16:39 Вид акт Разпореждане 53282 Час 16:31 Вид заседание зала / резултат / С разпореждане 24 април2026 Час 16:15 Вид акт Разпореждане 51996 Час 16:04 Вид заседание зала / резултат / Без движение Час 15:31 Вид разпределение Избран съдия/заседател БЕТИНА БОГДАНОВА БОШНАКОВА Час --:-- Вид страна Молител Т.Б.И. Час --:-- Вид страна Ответник И.М.И. Час 15:31 Вид дело Гражданско дело 11144/2026
27aae3f5-8cc3-46c8-991e-572bc7b5ea7d,"2026 27 април2026 Час 16:13 Вид акт Разпореждане 401 Час 16:07 Вид заседание зала / резултат / С разпореждане 24 април2026 Час 17:39 Вид акт Протоколно определение 155 Час 16:00 Вид заседание зала / резултат Зала 3 Зала 3 / С определение, приключващо делото Час 15:43 Вид акт Разпореждане 398 Час 15:35 Вид заседание зала / резултат / С разпореждане за насрочване Час 15:31 Вид разпределение Избран съдия/заседател ТОДОР ИВАНОВ ДИМИТРОВ Час --:-- Вид страна Обвинител Районна прокуратура - Търговище Час --:-- Вид страна Обвинител М.С.С. Час --:-- Вид страна Обвиняем И.Н.И. Час --:-- Вид страна Адвокат Й.С.Й. Час 15:31 Вид дело Частно наказателно дело 289/2026"
2ff444ff-25a1-4e88-8eb2-44e0d10c8a71,2026 19 юни2026 Час 15:33 Вид акт Разпореждане 6502 Час 15:30 Вид заседание зала / резултат / С разпореждане 13 юни2026 Час 13:34 Вид акт Разпореждане 6232 Час 13:32 Вид заседание зала / резултат / С разпореждане 24 април2026 Час 16:58 Вид акт Заповед за изпълнение 1605 Час 16:32 Вид акт Разпореждане 4166 Час 16:31 Вид акт Разпореждане 4164 Час 16:30 Вид заседание зала / резултат / Решено с акт по същество в закрито заседание Час 16:29 Вид заседание зала / резултат / С разпореждане Час 15:31 Вид разпределение Избран съдия/заседател Жанет Марчева Христова Час --:-- Вид страна Заявител Мост Финанс Мениджмънт АД Час --:-- Вид страна Длъжник Б.П.А. Час --:-- Вид страна Юрисконсулт Е.И.И. Час 15:31 Вид дело Частно гражданско дело 2103/2026
9fd1fdfa-fb39-4aca-ad6a-7e30717878d5,2026 28 април2026 Час 10:34 Вид акт Определение 296 Час 10:23 Вид заседание зала / резултат / Прекратено производство 24 април2026 Час 15:30 Вид разпределение Избран съдия/заседател Калинка Костадинова Иванова Час --:-- Вид страна Вносител ТО-Разлог към РП-Благоевград Час --:-- Вид страна Осъден В.Ж.Д. Час 15:30 Вид дело Частно наказателно дело 506/2026
82cb7e07-0807-4b51-8f47-3fdf937f3d63,"2026 19 юни2026 Час 11:27 Вид акт Протокол 847 11 юни2026 Час 16:49 Вид акт Определение 419 Час 16:30 Вид заседание зала / резултат Зала 1 / С определение, приключващо делото Час --:-- Вид страна Обвинител В.К.Б.И. 12 май2026 Час 08:32 Вид разпределение Избран съдия/заседател Нели Костова Стоянова Час 08:32 Вид разпределение Избран съдия/заседател Станка Тодорова Христова 08 май2026 Час 13:28 Вид акт Разпореждане 604 Час 13:22 Вид заседание зала / резултат / С разпореждане за насрочване 24 април2026 Час 15:30 Вид разпределение Избран съдия/заседател Георги Димитров Василев Час --:-- Вид страна Вносител Районна прокуратура - Ямбол Час --:-- Вид страна Осъден А.А.М. Час 15:30 Вид дело Частно наказателно дело 396/2026"
b2de4711-6616-4d82-a847-6ef3388e2416,2026 18 август2026 Час 16:33 Вид акт Разпореждане 99942 Час 16:13 Вид заседание зала / резултат / Без движение 24 април2026 Час 15:29 Вид разпределение Избран съдия/заседател ЦВЕТЕЛИНА СЛАВЧЕВА КЪРЖЕВА ГАЧЕВА Час --:-- Вид страна Молител Д.Й.К. Час --:-- Вид страна Молител П.Р.К. Час --:-- Вид страна Молител А.Н.И. Час --:-- Вид страна Молител А.Н.И. Час 15:29 Вид дело Гражданско дело 11143/2026
0be456b8-2ad4-4c57-b341-4e0ef6c4ba26,"2026 29 юни2026 Час 13:32 Вид акт Протоколно определение 602 24 юни2026 Час 10:40 Вид заседание зала / резултат Зала 100 / С определение/разпореждане, изчерпващо предмета на делото 20 май2026 Час 12:39 Вид акт Определение 499 Час 12:00 Вид заседание зала / резултат / Насрочено в I-во заседание БЕЗ РАЗМЯНА НА КНИЖА Час --:-- Вид страна Наследник М.М.Р. Час --:-- Вид страна Наследник А.М.Р. Час --:-- Вид страна Наследник К.М.Д. Час --:-- Вид страна Наследник Р.М.Р. Час --:-- Вид страна Наследник К.Д. Час --:-- Вид страна Наследник С.М.Р. 07 май2026 Час 14:53 Вид акт Разпореждане 980 Час 14:17 Вид заседание зала / резултат / С разпореждане 27 април2026 Час 12:18 Вид акт Разпореждане 863 Час 12:00 Вид заседание зала / резултат / Без движение 24 април2026 Час 15:29 Вид разпределение Избран съдия/заседател НАТАЛИЯ СЕМОВА РАЙКОВА АТАНАСОВА Час --:-- Вид страна Молител Банка ДСК АД Час --:-- Вид страна Наследодател М.Р.Д. Час --:-- Вид страна Представител П.Н.Т. Час 15:29 Вид дело Частно гражданско дело 710/2026"
a4c2a5de-0b8e-46b9-afdc-292a32f23206,2026 11 май2026 Час 16:27 Вид акт Изпълнителен лист ЗП 298 Час 15:08 Вид акт Заповед за изпълнение 426 Час 14:19 Вид заседание зала / резултат / Със заповед за изпълнение 27 април2026 Час 10:26 Вид акт Разпореждане 733 Час 09:16 Вид заседание зала / резултат / Без движение 24 април2026 Час 15:29 Вид разпределение Избран съдия/заседател Светла Иванова Иванова Час --:-- Вид страна Кредитор Бигбанк АС - клон България КЧТ Час --:-- Вид страна Длъжник К.П.П. Час --:-- Вид страна Юрисконсулт Н.Д.Д. Час 15:29 Вид дело Частно гражданско дело 631/2026
6c987c5e-70e2-4fcf-bdef-23beaa8c9989,2026 27 април2026 Час 12:53 Вид акт Изпълнителен лист ЗП 195 Час 10:25 Вид акт Заповед за изпълнение 103 Час 09:58 Вид заседание зала / резултат / Със заповед за изпълнение 24 април2026 Час 15:29 Вид разпределение Избран съдия/заседател Атанас Кобуров Час --:-- Вид страна Заявител „ЮРОБАНК БЪЛГАРИЯ” АД Час --:-- Вид страна Длъжник Д.Г.Ц. Час --:-- Вид страна Адвокат Д.Р.П. Час 15:29 Вид дело Частно гражданско дело 387/2026
6e2a9073-560e-40f6-a23b-9c0cbf840776,2026 10 септември2026 Час 16:52 Вид акт Разпореждане 6578 Час 14:40 Вид заседание зала / резултат / С разпореждане 07 август2026 Час 16:09 Вид акт Разпореждане 5989 Час 15:28 Вид заседание зала / резултат / С разпореждане Час 13:38 Вид акт Разпореждане 5976 Час 13:04 Вид заседание зала / резултат / С разпореждане 23 юни2026 Час 15:13 Вид акт Разпореждане 4419 Час 14:41 Вид заседание зала / резултат / С определение/разпореждане по чл. 131 ГПК/чл. 367 ГПК 04 юни2026 Час 14:15 Вид акт Разпореждане 3791 Час 13:27 Вид заседание зала / резултат / С разпореждане 28 април2026 Час 12:16 Вид акт Разпореждане 2690 Час 11:05 Вид заседание зала / резултат / Без движение 24 април2026 Час 15:28 Вид разпределение Избран съдия/заседател ЙОВКА БОЙЧЕВА ПУДОВА Час --:-- Вид страна Ищец Банка ДСК АД Час --:-- Вид страна Ответник П.С.П. Час --:-- Вид страна Ответник Д.С.П. Час --:-- Вид страна Юрисконсулт Д.Г.Б. Час 15:28 Вид дело Гражданско дело 1413/2026
1f63c459-6a24-47b0-ad71-bb8413372312,"2026 29 април2026 Час 13:20 Вид акт Определение 5277 Час 13:15 Вид заседание зала / резултат / Решено с акт по същество в закрито заседание 24 април2026 Час 15:28 Вид разпределение Избран съдия/заседател Ирена Славова Аврамова - Смит Час --:-- Вид страна Молител ДРУЖЕСТВО ЗА КОЛЕКТИВНО УПРАВЛЕНИЕ В ЧАСТНА ПОЛЗА ПРАВАТА НА ПРОДУЦЕНТИТЕ НА ЗВУКОЗАПИСИ И МУЗИКАЛНИ ВИДЕОЗАПИСИ И НА АРТИСТИТЕ-ИЗПЪЛНИТЕЛИ - ""ПРОФОН"" Сдружение Час --:-- Вид страна Ответник РАДЕЯ ООД Час --:-- Вид страна Адвокат М.К.П. Час 15:28 Вид дело Частно гражданско дело 3311/2026"
6965c604-a095-40f6-a0c4-36ea868ee4ff,"2026 01 декември2026 Час 09:30 Вид заседание зала / резултат / 30 септември2026 Час 11:12 Вид акт Определение 35517 Час 11:09 Вид заседание зала / резултат / С определение 29 септември2026 Час --:-- Вид страна Заинтересована страна Дирекция ""Социално подпомагане"" Младост-отдел ""Закрила на детето"" Час --:-- Вид страна Заинтересована страна Дирекция ""Социално подпомагане"" Красно село-отдел ""Закрила на детето"" 28 септември2026 Час 11:00 Вид акт Определение 35090 Час 10:57 Вид заседание зала / резултат / Насрочено за I-во заседание 28 юли2026 Час 15:48 Вид акт Разпореждане 91652 Час 15:46 Вид заседание зала / резултат / С разпореждане 22 юли2026 Час --:-- Вид страна Адвокат В.Г.Х. 20 юли2026 Час 15:17 Вид акт Разпореждане 88106 Час 15:14 Вид заседание зала / резултат / Без движение 24 април2026 Час 16:04 Вид акт Разпореждане 51979 Час 16:03 Вид заседание зала / резултат / С определение/разпореждане по чл. 131 ГПК/чл. 367 ГПК Час 15:28 Вид разпределение Избран съдия/заседател ЕЛЕНА НИКОЛОВА ДИНЕВА ИЛИЕВА Час --:-- Вид страна Ищец М.В.В. Час --:-- Вид страна Ответник Р.О.П. Час --:-- Вид страна Адвокат С.К.М. Час 15:28 Вид дело Гражданско дело 11142/2026"
a3c16c7e-dc18-405f-8f61-dad7e5945e4e,2026 07 август2026 Час 18:25 Вид акт Определение 28782 Час 18:23 Вид заседание зала / резултат / С разпореждане 10 юли2026 Час 19:56 Вид акт Определение 25234 Час 19:47 Вид заседание зала / резултат / Прекратено преди насрочване/разглеждане в ЗЗ 11 юни2026 Час 20:42 Вид акт Определение 21791 Час 20:40 Вид заседание зала / резултат / С определение 20 май2026 Час 17:37 Вид акт Определение 18897 Час 17:29 Вид заседание зала / резултат / Без движение 29 април2026 Час 18:57 Вид акт Определение 16450 Час 18:55 Вид заседание зала / резултат / Без движение 24 април2026 Час 15:27 Вид разпределение Избран съдия/заседател ДАНИЕЛА ДИМОВА СТОЕВА Час --:-- Вид страна Ищец Т.Е.И. Час --:-- Вид страна Ответник И.Ф.И. Час --:-- Вид страна Адвокат Б.С.Б. Час 15:27 Вид дело Гражданско дело 11141/2026
e466a997-c7b5-4edb-ba60-7eb68da95af4,2026 05 май2026 Час 10:32 Вид акт Изпълнителен лист ЗП 495 30 април2026 Час 14:30 Вид акт Заповед за изпълнение 747 Час 14:28 Вид заседание зала / резултат / Със заповед за изпълнение 24 април2026 Час 15:27 Вид разпределение Избран съдия/заседател Борислав Любомиров Чернев Час --:-- Вид страна Заявител ЕЙ УАН ВИЖЪН ЕООД Час --:-- Вид страна Длъжник Р.П.Х. Час --:-- Вид страна Юрисконсулт Р.С. Час 15:27 Вид дело Частно гражданско дело 888/2026
ba6fbf14-48f8-431e-a87d-15742425f23d,2026 02 юли2026 Час 13:28 Вид акт Разпореждане 472 Час 13:25 Вид заседание зала / резултат / С разпореждане 11 май2026 Час 11:44 Вид акт Заповед за изпълнение 18 Час 11:29 Вид заседание зала / резултат / Със заповед за изпълнение 27 април2026 Час 16:33 Вид акт Разпореждане 256 Час 16:18 Вид заседание зала / резултат / Без движение 24 април2026 Час 15:27 Вид разпределение Избран съдия/заседател СОФИЯ СТЕФАНОВА ТЮТЮНДЖИЕВА Час --:-- Вид страна Заявител БЕСТ Кепитъл България ЕАД Час --:-- Вид страна Длъжник М.Т.А. Час --:-- Вид страна Пълномощник В.Л.Л. Час 15:27 Вид дело Частно гражданско дело 119/2026
1d4fd825-add7-48f2-963b-a5bc7494162d,2026 21 юли2026 Час 10:44 Вид акт Разпореждане 5338 Час 10:36 Вид заседание зала / резултат / С разпореждане 10 юни2026 Час 11:10 Вид акт Разпореждане 3986 Час 10:25 Вид заседание зала / резултат / С определение/разпореждане по чл. 131 ГПК/чл. 367 ГПК 27 май2026 Час 15:17 Вид акт Определение 1008 Час 09:21 Вид заседание зала / резултат / Без движение 27 април2026 Час --:-- Вид страна Адвокат Л.Г.Г. 24 април2026 Час 15:26 Вид разпределение Избран съдия/заседател КРИСТИАН АТАНАСОВ БАДЖАКОВ Час --:-- Вид страна Ищец ЙЕТТЕЛ БЪЛГАРИЯ ЕАД Час --:-- Вид страна Ответник Й.Х.Х. Час 15:26 Вид дело Гражданско дело 1412/2026
4befec3f-5d34-43ee-ad05-0b963fb3da91,"2026 24 април2026 Час 16:32 Вид акт Определение 43 Час 16:29 Вид заседание зала / резултат / С разпореждане, приключващо делото Час 15:25 Вид разпределение Избран съдия/заседател Таня Генчева Спасова Час --:-- Вид страна Вносител ТО - Айтос към РП-Бургас Час 15:25 Вид дело Частно наказателно дело 185/2026"
1a137c2b-88cc-4a1c-943b-1341299bde74,2026 07 май2026 Час 15:56 Вид акт Определение 463 Час 15:49 Вид заседание зала / резултат / Прекратено преди насрочване/разглеждане в ЗЗ 24 април2026 Час 17:01 Вид акт Разпореждане 1477 Час 16:59 Вид заседание зала / резултат / Без движение Час 16:33 Вид акт Разпореждане 1476 Час 16:30 Вид заседание зала / резултат / Час 15:25 Вид разпределение Избран съдия/заседател ИВАНА ТОДОРОВА Час --:-- Вид страна Молител Ф.Т.К. Час --:-- Вид страна Ответник И.А.К. Час 15:25 Вид дело Гражданско дело 794/2026
f6649fda-23d4-412e-b945-c1550e5860cb,2026 30 април2026 Час 10:20 Вид акт Протокол 353 28 април2026 Час 15:39 Вид акт Определение 283 Час 14:00 Вид заседание зала / резултат / С определение по същество 27 април2026 Час --:-- Вид страна Обвинител Х.П.С. 24 април2026 Час 15:42 Вид разпределение Избран съдия/заседател ЖАНЕТА ДИМИТРОВА ГЕОРГИЕВА Час 15:42 Вид разпределение Избран съдия/заседател ЕМИЛ СТЕФАНОВ БАНКОВ Час 15:41 Вид разпределение Избран съдия/заседател ДАЯНА СТОЯНОВА ВАСИЛЧИНА Час --:-- Вид страна Жалбоподател-подсъдим С.К.А. Час --:-- Вид страна Страна Окръжна прокуратура - Плевен Час --:-- Вид страна Адвокат П.Т.И. Час --:-- Вид страна Адвокат П.Т.И. Час 15:25 Вид дело Въззивно частно наказателно дело 324/2026
a875c401-052e-4cd1-92b9-1a821eb9ca7e,2026 12 юни2026 Час 10:44 Вид акт Протоколно определение 556 08 юни2026 Час 10:20 Вид заседание зала / резултат Зала 100 / Прекратено след насрочване 07 май2026 Час 11:02 Вид акт Определение 463 Час 10:34 Вид заседание зала / резултат / Насрочено в I-во заседание БЕЗ РАЗМЯНА НА КНИЖА Час --:-- Вид страна Заинтересована страна П.С.К. Час --:-- Вид страна Заинтересована страна И.К.И. Час --:-- Вид страна Заинтересована страна Й.К.П. 24 април2026 Час 16:12 Вид акт Разпореждане 839 Час 16:09 Вид заседание зала / резултат / Без движение Час 15:25 Вид разпределение Избран съдия/заседател ИРЕНА ВАСИЛЕВА РАБАДЖИЕВА Час --:-- Вид страна Молител Банка ДСК АД Час --:-- Вид страна Наследодател К.И.К. Час --:-- Вид страна Представител П.Н.Т. Час 15:25 Вид дело Частно гражданско дело 709/2026
30b9d076-dd47-46f5-a075-5732ff223959,2026 28 април2026 Час 09:41 Вид акт Определение 16232 Час --:-- Вид заседание зала / резултат / Прекратено 24 април2026 Час 15:25 Вид разпределение Избран съдия/заседател Антони Йорданов Час --:-- Вид страна Жалбоподател ИЗПЪЛНИТЕЛНА АГЕНЦИЯ ПО ГОРИТЕ Час --:-- Вид страна Ответник НАЧАЛНИК НА РДНСК ВЕЛИКО ТЪРНОВО Час 15:25 Вид дело Административно дело 4833/2026
1b47a4f0-d7cb-4b5b-968a-c82c3a444e8f,2026 30 април2026 Час 16:17 Вид акт Определение 280 Час 16:14 Вид заседание зала / резултат / Прекратено преди насрочване/разглеждане в ЗЗ 29 април2026 Час 15:22 Вид акт Разпореждане 549 Час 15:20 Вид заседание зала / резултат / С разпореждане Час --:-- Вид страна Пълномощник В.Д.М. 24 април2026 Час 15:25 Вид разпределение Избран съдия/заседател Боряна Красимирова Иванова Гащарова Час --:-- Вид страна Жалбоподател ПИРЕНА-АГРО ЕООД Час --:-- Вид страна Страна ОБЩИНА ИХТИМАН Час 15:25 Вид дело Гражданско дело 211/2026
2d180739-dd3c-4463-a62f-85ca1e8b7425,2026 07 август2026 Час 17:23 Вид акт Изпълнителен лист ЗП 524 Час 17:21 Вид акт Разпореждане 1988 Час 17:15 Вид заседание зала / резултат / С разпореждане 28 април2026 Час 16:24 Вид акт Заповед за изпълнение 526 Час 16:05 Вид заседание зала / резултат / Със заповед за изпълнение 24 април2026 Час 15:25 Вид разпределение Избран съдия/заседател Донка Иванова Паралеева Час --:-- Вид страна Заявител БЕСТ Кепитъл България ЕАД Час --:-- Вид страна Длъжник Б.М.Д. Час --:-- Вид страна Пълномощник Б.И.К. Час 15:25 Вид дело Частно гражданско дело 658/2026
f16c790e-08e8-46bf-be6d-70f1a4c80426,2026 28 април2026 Час 17:33 Вид акт Изпълнителен лист ЗП 933 27 април2026 Час 20:18 Вид акт Заповед за изпълнение 1307 24 април2026 Час 15:53 Вид заседание зала / резултат / Със заповед за изпълнение Час 15:25 Вид разпределение Избран съдия/заседател Ивайло Димитров Иванов Час --:-- Вид страна Заявител Банка ДСК АД Час --:-- Вид страна Длъжник Я.И.Д. Час --:-- Вид страна Пълномощник Б.Р.Н. Час 15:25 Вид дело Частно гражданско дело 2366/2026
a32e20c1-4886-46a4-a6d2-67cd75e0b4ca,2026 26 август2026 Час 14:40 Вид акт Изпълнителен лист ЗП 1227 Час 14:39 Вид акт Разпореждане 5070 Час 09:25 Вид заседание зала / резултат / С разпореждане 27 април2026 Час 13:22 Вид акт Заповед за изпълнение 643 Час 13:20 Вид заседание зала / резултат / Със заповед за изпълнение 24 април2026 Час 15:25 Вид разпределение Избран съдия/заседател МЛАДЕН ДИМИТРОВ Час --:-- Вид страна Заявител ЕОС МАТРИКС ЕАД Час --:-- Вид страна Длъжник Д.А.К. Час --:-- Вид страна Адвокат Г.И.Х. Час 15:25 Вид дело Частно гражданско дело 1331/2026
f3c7bc07-95fe-44ef-9a55-f10e951699c2,"2026 11 септември2026 Час 11:42 Вид акт Заповед 10 Час 11:39 Вид акт Решение 279 09 септември2026 Час 13:36 Вид акт Протокол 411 Час 10:30 Вид заседание зала / резултат / С решение по чл. 235 ГПК 29 юли2026 Час 16:22 Вид акт Протокол 390 Час 11:00 Вид заседание зала / резултат Зала1 Втори етаж / Отложено в ОСЗ 22 юни2026 Час 13:16 Вид акт Протокол 337 Час 11:10 Вид заседание зала / резултат Зала1 Втори етаж / Отложено в ОСЗ 20 май2026 Час 14:27 Вид акт Протокол 272 Час 11:30 Вид заседание зала / резултат / Отложено в I-во заседание 19 май2026 Час --:-- Вид страна Пълномощник С.М.М. 24 април2026 Час 16:22 Вид акт Заповед 5 Час 16:18 Вид акт Определение 290 Час 16:12 Вид заседание зала / резултат / С акт по чл.18, ал.1 ЗЗДН Час 15:25 Вид разпределение Избран съдия/заседател КАТЯ БОЖИДАРОВА АНГЕЛОВА-ПЕТРОВА Час --:-- Вид страна Молител М.П.Н. Час --:-- Вид страна Друго Районно управление ”Полиция” - Бяла Слатина Час --:-- Вид страна Нарушител В.А.Н. Час 15:25 Вид дело Гражданско дело 799/2026"
29a7f198-649b-4001-b07f-3d0279720f14,2026 28 април2026 Час 16:49 Вид акт Изпълнителен лист ЗП 543 Час 16:46 Вид акт Заповед за изпълнение 840 Час 16:39 Вид заседание зала / резултат / Решено с акт по същество в закрито заседание 24 април2026 Час 15:25 Вид разпределение Избран съдия/заседател Христо Петров Попов Час --:-- Вид страна Заявител Банка ДСК АД Час --:-- Вид страна Длъжник М.Н.К. Час --:-- Вид страна Юрисконсулт Р.С.М. Час 15:25 Вид дело Частно гражданско дело 1416/2026
1d32c4dd-e2cf-4714-a87a-6ba9c9947fd8,2026 29 април2026 Час 11:42 Вид акт Споразумение 131 Час 11:00 Вид заседание зала / резултат / Със споразумение Час --:-- Вид страна Обвинител П.С.С. 28 април2026 Час 15:21 Вид разпределение Избран съдия/заседател ГАЛИНА СВЕТОСЛАВОВА ЦВЯТКОВА Час 15:19 Вид разпределение Избран съдия/заседател ЕЛИЗАБЕТ МИРОСЛАВОВА ЦВЯТКОВА 27 април2026 Час 15:08 Вид акт Разпореждане 957 Час 15:06 Вид заседание зала / резултат / С разпореждане за насрочване Час --:-- Вид страна Свидетел Д.К.П. Час --:-- Вид страна Свидетел Д.К.Д. Час --:-- Вид страна Свидетел А.Е.В. Час --:-- Вид страна Свидетел А.И.Д. Час --:-- Вид страна Вещо лице М.И.Н. 24 април2026 Час 15:24 Вид разпределение Избран съдия/заседател Биляна Силвионова Кисева Час --:-- Вид страна Вносител Районна прокуратура - Русе Час --:-- Вид страна Обвиняем М.А.Д. Час --:-- Вид страна Защитник З.А.М. Час 15:24 Вид дело Наказателно дело от общ характер 652/2026
af2839d8-6ba6-4093-8a51-6bf4a93fb358,2026 13 май2026 Час 11:29 Вид акт Решение 350 11 май2026 Час 14:59 Вид акт Протокол 461 08 май2026 Час 10:30 Вид заседание зала / резултат Зала №2 Втори етаж / С решение по чл. 235 ГПК 30 април2026 Час 12:02 Вид акт Определение 829 Час 09:24 Вид заседание зала / резултат / Насрочено в I-во заседание БЕЗ РАЗМЯНА НА КНИЖА Час --:-- Вид страна Лице за съдебен адрес Л.Р.Д. 24 април2026 Час 15:25 Вид разпределение Избран съдия/заседател ВАЛЕНТИНА ИВАНОВА ТОДОРОВА Час --:-- Вид страна Молител Р.Х.Т. Час --:-- Вид страна Молител С.Р.Т. Час 15:24 Вид дело Гражданско дело 1411/2026
a1e152d8-e998-4980-9a9a-f8fbe73db19f,"2026 17 декември2026 Час 09:00 Вид заседание зала / резултат / 31 юли2026 Час --:-- Вид страна Вещо лице В.М.Ш. 30 юли2026 Час 14:43 Вид акт Определение 9487 Час 14:35 Вид заседание зала / резултат / Насрочено за I-во заседание 20 май2026 Час 08:58 Вид акт Разпореждане 9394 Час 08:56 Вид заседание зала / резултат / С определение/разпореждане по чл. 131 ГПК/чл. 367 ГПК 27 април2026 Час 10:03 Вид акт Разпореждане 7931 Час 10:01 Вид заседание зала / резултат / Без движение 24 април2026 Час 15:24 Вид разпределение Избран съдия/заседател Мария Димитрова Личева - Гургова Час --:-- Вид страна Ищец А.К.Ю. Час --:-- Вид страна Ответник ЮРОБАНК БЪЛГАРИЯ АД като правоприемник на БНП Париба Пърсънъл Файненс С.А., клон България Час --:-- Вид страна Адвокат ЕДНОЛИЧНО АДВОКАТСКО ДРУЖЕСТВО ""КРИСТИАН ПЛАМЕНОВ РАЙЧЕВ"" Час 15:24 Вид дело Гражданско дело 3310/2026"
4268f916-c307-4b00-93e7-dbb96e4b0266,"2026 27 април2026 Час 14:28 Вид акт Определение 376 Час 14:05 Вид заседание зала / резултат / С определение, приключващо делото 24 април2026 Час 17:05 Вид акт Разпореждане 639 Час 17:03 Вид заседание зала / резултат / С разпореждане Час 15:32 Вид разпределение Избран съдия/заседател Светлана Методиева Час --:-- Вид страна Жалбоподател Районна прокуратура - Пловдив Час --:-- Вид страна Обвиняем Е.А.А. Час 15:24 Вид дело Въззивно частно наказателно дело 796/2026"
e6b19492-e922-4d9f-bf23-18c900628298,2026 14 май2026 Час 15:28 Вид акт Определение 80 Час 15:24 Вид заседание зала / резултат / С определение за разноски 27 април2026 Час 14:19 Вид акт Изпълнителен лист 120 Час 13:43 Вид акт Споразумение 53 Час 13:30 Вид заседание зала / резултат / Със споразумение Час --:-- Вид страна Обвинител Н.Ц.К. Час --:-- Вид страна Друго ОДМВР - Враца 24 април2026 Час 15:31 Вид акт Разпореждане 161 Час 15:28 Вид заседание зала / резултат / С разпореждане за насрочване Час 15:24 Вид разпределение Избран съдия/заседател Цветелина Недкова Харалампиева Час --:-- Вид страна Вносител ТО-Бяла Слатина към РП-Враца Час --:-- Вид страна Обвиняем Х.Г.Т. Час --:-- Вид страна Защитник М.Ц.М. Час 15:24 Вид дело Наказателно дело от общ характер 158/2026
bb22100b-f53c-49d5-891c-2f8103ff5e8f,2026 21 май2026 Час 11:16 Вид акт Споразумение 150 Час 11:16 Вид акт Протоколно определение 993 Час 10:57 Вид заседание зала / резултат / Със споразумение Час 10:00 Вид заседание зала / резултат / Определение по чл. 248 НПК Час --:-- Вид страна Обвинител Д.А.К. 11 май2026 Час 09:30 Вид разпределение Избран съдия/заседател ПЕТЯ ИЛИЕВА МИНЧЕВА Час 09:29 Вид разпределение Избран съдия/заседател ВЕЛИНА ПЕНЕВА МИТЕВА 30 април2026 Час 07:07 Вид акт Разпореждане 984 29 април2026 Час 12:37 Вид заседание зала / резултат / С разпореждане за насрочване 27 април2026 Час --:-- Вид страна Пострадал Я.П.В. Час --:-- Вид страна Адвокат Й.С.Д. 24 април2026 Час 15:24 Вид разпределение Избран съдия/заседател Александър Симеонов Станчев Час --:-- Вид страна Вносител Районна прокуратура - Русе Час --:-- Вид страна Подсъдим Л.Д.А. Час 15:23 Вид дело Наказателно дело от общ характер 651/2026
64c3c8e7-4542-49c5-b5b3-2fb6e1c74f5d,"2026 24 април2026 Час 15:23 Вид разпределение Избран съдия/заседател Костадин Димитров Попов Час --:-- Вид страна Жалбоподател С.С.И. Час --:-- Вид страна Админ.наказ.орган НАЧАЛНИК ГРУПА В ОДМВР БЛАГОЕВГРАД, СЕКТОР ПЪТНА ПОЛИЦИЯ БЛАГОЕВГРАД Час 15:23 Вид дело Административно наказателно дело 171/2026"
b433f506-0f6f-4645-899f-3f2111183e24,2026 15 септември2026 Час 18:14 Вид акт Определение 35570 Час --:-- Вид заседание зала / резултат / Проведено 17 юли2026 Час 15:36 Вид акт Определение 28955 Час --:-- Вид заседание зала / резултат / Прекратено 08 май2026 Час 14:39 Вид акт Разпореждане 17519 Час --:-- Вид заседание зала / резултат / Проведено 24 април2026 Час 15:23 Вид разпределение Избран съдия/заседател Мая Сукнарова Час --:-- Вид страна Жалбоподател В.Б.Б. Час --:-- Вид страна Ответник КМЕТА НА РАЙОН „СЕРДИКА“ НА СТОЛИЧНА ОБЩИНА Час --:-- Вид страна Адвокат В.Б.Б. Час 15:23 Вид дело Административно дело 4832/2026
773f2475-0ef0-4c83-abba-a8f901cc9a6d,2026 29 април2026 Час 12:59 Вид акт Изпълнителен лист ЗП 445 Час 12:59 Вид акт Заповед за изпълнение 715 Час 12:56 Вид заседание зала / резултат / Решено с акт по същество в закрито заседание 28 април2026 Час 13:18 Вид акт Разпореждане 936 Час 13:16 Вид заседание зала / резултат / Без движение 24 април2026 Час 15:23 Вид разпределение Избран съдия/заседател Магдалена Димова Инджова Час --:-- Вид страна Заявител ЕЙ УАН ВИЖЪН ЕООД Час --:-- Вид страна Длъжник П.А.З. Час --:-- Вид страна Юрисконсулт Р.С. Час 15:23 Вид дело Частно гражданско дело 887/2026
0648fc5a-f31a-413b-8c2e-e7ec8c4411ef,2026 24 април2026 Час 15:38 Вид акт Определение 964 Час 15:36 Вид заседание зала / резултат / Решено с акт по същество в закрито заседание Час 15:23 Вид разпределение Избран съдия/заседател Стела Иванова Тонева Час --:-- Вид страна Наследодател П.К.С. Час --:-- Вид страна Наследник К.П.С. Час 15:22 Вид дело Частно гражданско дело 2063/2026
7b7b887d-2dd4-4fed-8ed9-5c652c749f1f,2026 22 юли2026 Час 12:00 Вид акт Разпореждане 13691 Час 11:50 Вид заседание зала / резултат / С разпореждане 10 юни2026 Час 13:24 Вид акт Разпореждане 10908 Час 13:07 Вид заседание зала / резултат / Без движение 07 май2026 Час 10:46 Вид акт Определение 5535 Час 10:41 Вид заседание зала / резултат / Прекратено преди насрочване/разглеждане в ЗЗ 27 април2026 Час 12:44 Вид акт Разпореждане 7967 Час 11:57 Вид заседание зала / резултат / Без движение 24 април2026 Час 15:23 Вид разпределение Избран съдия/заседател Мария Милкова Дългичева Час --:-- Вид страна Ищец Бони и Клайд 2023 ЕООД Час --:-- Вид страна Ответник А.Б.Я. Час --:-- Вид страна Адвокат Р.В.И. Час 15:22 Вид дело Гражданско дело 3309/2026
6ba793a1-8308-430a-8e23-709316bb47f1,"2026 17 юни2026 Час 09:57 Вид акт Решение 66 11 юни2026 Час 12:07 Вид акт Протокол 479 Час 09:20 Вид заседание зала / резултат Зала 1 Етаж 1 / Обявено за решаване 14 май2026 Час 16:27 Вид акт Протокол 416 Час 09:50 Вид заседание зала / резултат Зала 1 Етаж 1 / Отложено 27 април2026 Час 16:45 Вид акт Разпореждане 132 Час 16:43 Вид заседание зала / резултат / С разпореждане за насрочване Час --:-- Вид страна Обвинител Т.Г.Д.К.Р.Б. Час --:-- Вид страна Актосъставител С.К.М. Час --:-- Вид страна Свидетел И.Д.Щ. Час --:-- Вид страна Пълномощник В.А.А. 24 април2026 Час 15:22 Вид разпределение Избран съдия/заседател Васко Петров Петров Час --:-- Вид страна Жалбоподател Р.С.У. Час --:-- Вид страна Админ.наказ.орган НАЧАЛНИК ГРУПА В ОДМВР БЛАГОЕВГРАД,РУ ГОЦЕ ДЕЛЧЕВ Час 15:22 Вид дело Административно наказателно дело 170/2026"
ec174787-dfef-47c7-b9c6-566bc5f656f8,2026 29 април2026 Час 11:56 Вид акт Споразумение 51 Час 10:00 Вид заседание зала / резултат Зала 3 Зала 3 / Със споразумение Час --:-- Вид страна Обвинител М.Л.К. Час --:-- Вид страна Пострадал М.Ю.Б. 24 април2026 Час 15:35 Вид акт Разпореждане 397 Час 15:33 Вид заседание зала / резултат / С разпореждане за насрочване Час 15:22 Вид разпределение Избран съдия/заседател ЗОРНИЦА ДОНКОВА ПАВЛОВА Час --:-- Вид страна Обвинител Районна прокуратура - Търговище Час --:-- Вид страна Обвиняем М.Б.Б. Час --:-- Вид страна Адвокат М.А.М. Час 15:22 Вид дело Наказателно дело от общ характер 288/2026
44dfb922-a1fa-478a-b964-31b911f6b8e5,2026 28 септември2026 Час 17:01 Вид акт Разпореждане 1327 Час 16:58 Вид заседание зала / резултат / С разпореждане 23 септември2026 Час 12:45 Вид акт Определение 941 Час 09:04 Вид заседание зала / резултат / С определение 11 септември2026 Час 10:41 Вид акт Протоколно определение 1264 09 септември2026 Час 10:42 Вид акт Присъда 65 Час 09:00 Вид заседание зала / резултат ЗАЛА 2 / С присъда 11 юни2026 Час 15:23 Вид акт Протокол 859 10 юни2026 Час 13:30 Вид заседание зала / резултат ЗАЛА 1 / Отложено 21 май2026 Час --:-- Вид страна Свидетел Й.Ф.М. Час --:-- Вид страна Свидетел А.М.С. 20 май2026 Час 16:43 Вид акт Протокол 731 Час --:-- Вид страна Свидетел Г.Б. 19 май2026 Час 10:00 Вид заседание зала / резултат ЗАЛА 1 / Отложено Час --:-- Вид страна Обвинител Б.А.М. 07 май2026 Час 13:54 Вид разпределение Избран съдия/заседател Еленка Златева 30 април2026 Час 11:46 Вид акт Протокол 643 Час 11:00 Вид Документ Вносител Окръжна прокуратура - Пловдив Час 09:30 Вид заседание зала / резултат ЗАЛА 106 / Отложено 29 април2026 Час --:-- Вид страна Обвинител Ч.П.Г. 27 април2026 Час 15:04 Вид разпределение Избран съдия/заседател Валя Голева Час 14:46 Вид разпределение Избран съдия/заседател Галина Политова Час 14:46 Вид разпределение Избран съдия/заседател Диана Рачовска Час --:-- Вид страна Свидетел Д.Й.К. Час --:-- Вид страна Свидетел Д.Н.Т. Час --:-- Вид страна Адвокат К.В.Е. 24 април2026 Час 17:54 Вид акт Разпореждане 640 Час 17:51 Вид заседание зала / резултат / Разпореждане по чл.358 НПК Час 15:22 Вид разпределение Избран съдия/заседател Светлана Методиева Час --:-- Вид страна Обвинител Окръжна прокуратура - Пловдив Час --:-- Вид страна Подсъдим Ш.О.Ю. Час 15:22 Вид дело Наказателно дело от общ характер 795/2026
a5d46859-fbce-4cd4-b72f-908eed43ebd4,2026 24 април2026 Час 15:45 Вид акт Определение 966 Час 15:43 Вид заседание зала / резултат / Решено с акт по същество в закрито заседание Час 15:22 Вид разпределение Избран съдия/заседател Стела Иванова Тонева Час --:-- Вид страна Наследодател В.Р.Г. Час --:-- Вид страна Наследник С.С.Б. Час 15:22 Вид дело Частно гражданско дело 2062/2026
0491f146-36f9-4d19-948c-37b3999b1d45,"2026 18 май2026 Час 17:21 Вид акт Разпореждане 276 Час 17:18 Вид заседание зала / резултат / Без движение 12 май2026 Час 17:29 Вид акт Определение 641 Час 17:25 Вид заседание зала / резултат / Прекратено преди насрочване/разглеждане в ЗЗ 29 април2026 Час 14:02 Вид акт Определение 585 Час 13:59 Вид заседание зала / резултат / Без движение Час --:-- Вид страна Ответник А.С.Н. 24 април2026 Час 15:22 Вид разпределение Избран съдия/заседател РЕНИ МИХАЙЛОВА СПАРТАНСКА Час --:-- Вид страна Ищец С.Н.Н. Час --:-- Вид страна Ответник С.М.Н. Час --:-- Вид страна Заинтересована страна ДИРЕКЦИЯ ""СОЦИАЛНО ПОДПОМАГАНЕ"" - ОТДЕЛ ""ЗАКРИЛА НА ДЕТЕТО"" - ПЛЕВЕН Час --:-- Вид страна Адвокат В.Т.В. Час 15:21 Вид дело Гражданско дело 401/2026"
59662892-7dcf-4daa-a6bb-64c4942d801e,2026 25 септември2026 Час 15:29 Вид акт Протоколно определение 362 Час --:-- Вид страна Адвокат А.И.Н. 23 септември2026 Час 14:11 Вид акт Разпореждане 630 Час 14:07 Вид заседание зала / резултат / С разпореждане 17 септември2026 Час 14:30 Вид заседание зала / резултат / Прекратено производство 01 юли2026 Час 16:05 Вид акт Протокол 291 30 юни2026 Час 13:30 Вид заседание зала / резултат / Отложено 08 юни2026 Час 13:58 Вид акт Разпореждане 372 Час 13:52 Вид заседание зала / резултат / С разпореждане 26 май2026 Час --:-- Вид страна Пострадал И.Я.Я. Час --:-- Вид страна Служебен защитник Л.А.А. Час --:-- Вид страна Служебен защитник М.А.М. 22 май2026 Час 15:25 Вид акт Разпореждане 357 Час 15:03 Вид заседание зала / резултат / С разпореждане за насрочване 24 април2026 Час 15:22 Вид разпределение Избран съдия/заседател Людмила Людмилова Митрева Час --:-- Вид страна Обвинител РАЙОННА ПРОКУРАТУРА КОСТИНБРОД - ТО СЛИВНИЦА Час --:-- Вид страна Обвинител Д.К.К. Час --:-- Вид страна Подсъдим М.М.М. Час --:-- Вид страна Подсъдим П.М.М. Час 15:21 Вид дело Наказателно дело от общ характер 147/2026
3e4039c2-9312-4e1d-ad4a-ad21062414cf,2026 24 април2026 Час 15:21 Вид разпределение Избран съдия/заседател Таня Ташкова Русева Маркова Час --:-- Вид страна Въззивник Д.С.Н. Час --:-- Вид страна Въззиваема страна В.Г.Г. Час --:-- Вид страна Въззиваема страна А.Г.В. Час --:-- Вид страна Въззиваема страна М.К.К. Час --:-- Вид страна Адвокат С.К.К. Час --:-- Вид страна Адвокат К.С.С. Час --:-- Вид страна Адвокат А.Х.Д. Час 15:21 Вид дело Въззивно частно гражданско дело 773/2026
5dc6ba3a-960f-4d87-b8c0-910fe85a8dee,2026 30 април2026 Час 10:56 Вид акт Протокол 358 29 април2026 Час 15:04 Вид Документ Вносител Л.К.Г. 28 април2026 Час 15:14 Вид акт Определение 282 Час 14:00 Вид заседание зала / резултат / С определение по същество Час --:-- Вид страна Адвокат Л.К.Г. 27 април2026 Час --:-- Вид страна Обвинител Х.П.С. 24 април2026 Час 15:39 Вид разпределение Избран съдия/заседател ЖАНЕТА ДИМИТРОВА ГЕОРГИЕВА Час 15:38 Вид разпределение Избран съдия/заседател ЕМИЛ СТЕФАНОВ БАНКОВ Час 15:38 Вид разпределение Избран съдия/заседател ДАЯНА СТОЯНОВА ВАСИЛЧИНА Час --:-- Вид страна Жалбоподател-подсъдим П.Е.П. Час --:-- Вид страна Жалбоподател-подсъдим П.Е.П. Час --:-- Вид страна Страна Окръжна прокуратура - Плевен Час --:-- Вид страна Адвокат К.В.В. Час 15:21 Вид дело Въззивно частно наказателно дело 323/2026
78ad978e-feb2-4b00-90f1-44d1c48b5a14,2026 11 юли2026 Час 14:53 Вид акт Разпореждане 4367 Час 14:20 Вид заседание зала / резултат / С акт по хода на делото без уведомяване на страните 04 юни2026 Час 19:42 Вид акт Заповед за изпълнение 605 Час 19:36 Вид акт Разпореждане 3340 Час 16:13 Вид заседание зала / резултат / Със заповед за изпълнение 08 май2026 Час 16:03 Вид акт Заповед за изпълнение 512 Час 16:00 Вид акт Разпореждане 2724 Час 15:56 Вид заседание зала / резултат / Със заповед за изпълнение 24 април2026 Час 17:59 Вид акт Разпореждане 2457 Час 17:57 Вид заседание зала / резултат / Без движение Час 15:21 Вид разпределение Избран съдия/заседател РУМЯНА СИМЕОНОВА МИТЕВА-НАСЕВА Час --:-- Вид страна Заявител БЕСТ Кепитъл България ЕАД Час --:-- Вид страна Длъжник М.Н.М. Час --:-- Вид страна Пълномощник В.Л.Л. Час 15:21 Вид дело Частно гражданско дело 993/2026
0cc6e1e3-e8c9-4cec-b679-97353936df9d,2026 22 май2026 Час 15:32 Вид акт Разпореждане 20248 Час --:-- Вид заседание зала / резултат / Проведено 28 април2026 Час 15:52 Вид акт Разпореждане 16366 Час --:-- Вид заседание зала / резултат / Проведено 24 април2026 Час 15:21 Вид разпределение Избран съдия/заседател Зорница Дойчинова Час --:-- Вид страна Молител А.С.М. Час --:-- Вид страна Ответник ГЛАВНИЯ АРХИТЕКТ НА СО Час 15:21 Вид дело Административно дело 4831/2026
09a3ac1e-817b-4933-a882-842593a2930b,2026 14 май2026 Час 14:51 Вид акт Изпълнителен лист ЗП 570 Час 14:49 Вид акт Заповед за изпълнение 1794 Час 14:47 Вид заседание зала / резултат / Със заповед за изпълнение 04 май2026 Час 09:57 Вид акт Разпореждане 1396 Час 09:54 Вид заседание зала / резултат / Без движение 24 април2026 Час 15:21 Вид разпределение Избран съдия/заседател Людмила Василева Стойнева Час --:-- Вид страна Заявител Бигбанк АС - клон България КЧТ Час --:-- Вид страна Длъжник А.П.А. Час --:-- Вид страна Пълномощник Н.Д.Д. Час 15:21 Вид дело Частно гражданско дело 1895/2026
d57821c8-5834-45cc-946d-249d352bdf34,2026 14 август2026 Час 14:31 Вид акт Разпореждане 3358 Час 14:28 Вид заседание зала / резултат / С разпореждане 25 юни2026 Час 14:03 Вид акт Разпореждане 2588 Час 14:00 Вид заседание зала / резултат / С разпореждане 27 май2026 Час 14:05 Вид акт Разпореждане 2098 Час 14:02 Вид заседание зала / резултат / С разпореждане 24 април2026 Час 15:51 Вид акт Заповед за изпълнение 507 Час 15:48 Вид заседание зала / резултат / Със заповед за изпълнение Час 15:21 Вид разпределение Избран съдия/заседател Антон Еленков Антов Час --:-- Вид страна Заявител БЕСТ Кепитъл България ЕАД Час --:-- Вид страна Длъжник П.Б.А. Час --:-- Вид страна Пълномощник Г.Я.Б. Час 15:21 Вид дело Частно гражданско дело 651/2026
b7ab310a-7ee4-43b6-a1ff-77aae3e2c58b,2026 15 юни2026 Час 14:48 Вид акт Решение 812 29 май2026 Час 13:17 Вид акт Протокол 3008 Час 09:11 Вид Документ Вносител И.К.К. Час 09:10 Вид Документ Вносител Б.П.К. Час --:-- Вид страна Адвокат И.К.К. Час --:-- Вид страна Юрисконсулт Б.П.К. 26 май2026 Час 14:00 Вид заседание зала / резултат Зала 12 етаж 3 / С решение и мотиви 27 април2026 Час 09:52 Вид акт Разпореждане 2459 Час 09:51 Вид заседание зала / резултат / С разпореждане за насрочване Час --:-- Вид страна Актосъставител Л.С.М. 24 април2026 Час 15:21 Вид разпределение Избран съдия/заседател Габриел Росенов Русев Час --:-- Вид страна Жалбоподател ДИАМАНТ КОМЕРСИАЛ ООД Час --:-- Вид страна Админ.наказ.орган Изпълнителен директор на НАП Час 15:21 Вид дело Административно наказателно дело 2365/2026
611746b3-669d-4335-9e06-ce07a66f9362,2026 16 юли2026 Час 15:18 Вид акт Разпореждане 2640 Час 15:15 Вид заседание зала / резултат / С разпореждане 29 април2026 Час 23:47 Вид акт Заповед за изпълнение 670 Час 23:44 Вид заседание зала / резултат / Със заповед за изпълнение 24 април2026 Час 15:21 Вид разпределение Избран съдия/заседател Димитринка Емилова Купринджийска Час --:-- Вид страна Кредитор Хепи Кредит ООД Час --:-- Вид страна Длъжник П.Н.П. Час --:-- Вид страна Адвокат Б.В.С. Час 15:21 Вид дело Частно гражданско дело 750/2026
40a75266-eaf3-400d-8b13-d2a3784479ba,2026 10 ноември2026 Час 09:30 Вид заседание зала / резултат / 06 октомври2026 Час 17:03 Вид акт Протокол 1429 02 октомври2026 Час 09:50 Вид заседание зала / резултат / Отложено в ОСЗ 01 октомври2026 Час 14:04 Вид акт Разпореждане 8978 Час 14:01 Вид заседание зала / резултат / С разпореждане 25 септември2026 Час 18:40 Вид акт Разпореждане 8762 Час 18:32 Вид заседание зала / резултат / С разпореждане 20 юли2026 Час 16:07 Вид акт Разпореждане 6769 Час 16:02 Вид заседание зала / резултат / С разпореждане 15 юли2026 Час 16:06 Вид акт Разпореждане 6676 Час 16:03 Вид заседание зала / резултат / С разпореждане 15 юни2026 Час 15:03 Вид акт Определение 1454 Час 15:01 Вид заседание зала / резултат / Насрочено за I-во заседание 22 май2026 Час --:-- Вид страна Адвокат А.Г.И. 19 май2026 Час 17:03 Вид акт Разпореждане 4564 Час 17:00 Вид заседание зала / резултат / С разпореждане 29 април2026 Час 13:50 Вид акт Разпореждане 3841 Час 13:46 Вид заседание зала / резултат / С определение/разпореждане по чл. 131 ГПК/чл. 367 ГПК 24 април2026 Час 15:20 Вид разпределение Избран съдия/заседател Албена Петрова Ташкова Час --:-- Вид страна Ищец Боду ЕООД Час --:-- Вид страна Ответник С.В.М. Час 15:20 Вид дело Гражданско дело 2061/2026
2f220179-56e5-4b55-a2d9-2bf6e31006b2,"2026 28 юли2026 Час 14:41 Вид акт Решение 330 10 юни2026 Час 12:06 Вид акт Протокол 1109 09 юни2026 Час 13:30 Вид заседание зала / резултат / С решение и мотиви 29 април2026 Час 11:03 Вид акт Разпореждане 974 Час 10:49 Вид заседание зала / резултат / С разпореждане за насрочване 24 април2026 Час 15:20 Вид разпределение Избран съдия/заседател Ралица Йорданова Русева Час --:-- Вид страна Жалбоподател Т.К.К. Час --:-- Вид страна Админ.наказ.орган Началник сектор в ОДМВР РУСЕ, РУ 01 РУСЕ Час --:-- Вид страна Адвокат С.С.М. Час 15:20 Вид дело Административно наказателно дело 650/2026"
ad537aaa-52d9-4cc6-ae9d-098847f4922c,2026 26 май2026 Час 10:48 Вид акт Определение 1500 Час 10:44 Вид заседание зала / резултат / Прекратено преди насрочване/разглеждане в ЗЗ 20 май2026 Час 11:03 Вид акт Разпореждане 2073 Час 10:58 Вид заседание зала / резултат / С определение/разпореждане по чл. 131 ГПК/чл. 367 ГПК 14 май2026 Час --:-- Вид страна Адвокат С.А.Ч. 11 май2026 Час 11:15 Вид акт Разпореждане 1922 Час 11:09 Вид заседание зала / резултат / Без движение 29 април2026 Час 12:57 Вид акт Разпореждане 1770 Час 12:51 Вид заседание зала / резултат / Без движение 24 април2026 Час 15:19 Вид разпределение Избран съдия/заседател Галя Димитрова Русева Час --:-- Вид страна Ищец Х.Х.Ч. Час --:-- Вид страна Ищец С.Х.Ч. Час --:-- Вид страна Ответник Х.П.Ч. Час --:-- Вид страна Ответник С.П.Ч. Час --:-- Вид страна Родител Д.С.В. Час 15:19 Вид дело Гражданско дело 772/2026
7a773a36-0d2b-4ef0-8a5b-947cf9de96f3,2026 09 юли2026 Час 09:54 Вид акт Решение 27607 18 юни2026 Час 14:00 Вид заседание зала / резултат / Обявено за решаване 12 май2026 Час 12:29 Вид акт Определение 17923 Час --:-- Вид заседание зала / резултат / Проведено 27 април2026 Час 14:37 Вид акт Разпореждане 16130 Час --:-- Вид заседание зала / резултат / Проведено 24 април2026 Час 15:19 Вид разпределение Избран съдия/заседател Луиза Христова Час --:-- Вид страна Жалбоподател В.А.К. Час --:-- Вид страна Друго СГП Час --:-- Вид страна Ответник ФРОНТЕКС ИНТЕРНЕШЪНЪЛ ЕАД Час --:-- Вид страна Адвокат А.Н.В.К. Час 15:19 Вид дело Административно дело 4830/2026
27cc6139-2924-46bd-9258-7670866113b3,2026 24 април2026 Час 16:37 Вид акт Заповед за изпълнение 1577 Час 16:34 Вид заседание зала / резултат / Със заповед за изпълнение Час 15:19 Вид разпределение Избран съдия/заседател Светослав Атанасов Пиронев Час --:-- Вид страна Заявител БЕСТ Кепитъл България ЕАД Час --:-- Вид страна Длъжник Б.З.З. Час --:-- Вид страна Пълномощник Б.И.К. Час 15:19 Вид дело Частно гражданско дело 1894/2026
a39bfdda-9e24-4dec-a383-5491f09883ce,"2026 29 септември2026 Час 14:28 Вид акт Изпълнителен лист 2423 Час --:-- Вид страна Страна ТД НА НАП ПЛОВДИВ (0000001500 ) 12 август2026 Час 17:46 Вид акт Решение 1175 23 юни2026 Час 14:53 Вид акт Протокол 3714 17 юни2026 Час 11:33 Вид Документ Вносител М.Т.М. Час 11:31 Вид Документ Вносител Д.П. 12 юни2026 Час 13:45 Вид заседание зала / резултат Зала 11 етаж 3 / С решение и мотиви 08 юни2026 Час --:-- Вид страна Жалбоподател Калеко 2021 ЕООД Час --:-- Вид страна Процесуален представител М.Т.М. 30 април2026 Час 12:17 Вид акт Разпореждане 2564 Час 12:00 Вид заседание зала / резултат / С разпореждане за насрочване Час --:-- Вид страна Актосъставител М.К.Г. 24 април2026 Час 15:19 Вид разпределение Избран съдия/заседател Виолета Веселинова Низамова Час --:-- Вид страна Админ.наказ.орган Началник на отдел „Оперативни дейности“ – Пловдив, Дирекция „Оперативни дейности“ в ГД „Фискален контрол“ ЦУ на НАП Час --:-- Вид страна Адвокат Д.П. Час --:-- Вид страна Представляващ К.Й.Д. Час 15:19 Вид дело Административно наказателно дело 2364/2026"
1b67eb85-cabb-4caf-813b-e094c86174ca,2026 30 септември2026 Час 07:04 Вид акт Разпореждане 4316 Час 06:58 Вид заседание зала / резултат / С разпореждане Час --:-- Вид страна Друго М.П.С. 22 юли2026 Час 16:10 Вид акт Изпълнителен лист ЗП 964 Час 16:09 Вид акт Заповед за изпълнение 1307 Час 16:05 Вид акт Разпореждане 3476 Час 16:04 Вид заседание зала / резултат / Решено с акт по същество в закрито заседание Час 16:02 Вид заседание зала / резултат / С разпореждане 05 юни2026 Час 12:18 Вид акт Разпореждане 2714 Час 12:08 Вид заседание зала / резултат / Без движение 27 април2026 Час 06:11 Вид акт Разпореждане 1983 Час 06:09 Вид заседание зала / резултат / Без движение 24 април2026 Час 15:19 Вид разпределение Избран съдия/заседател Пламен Маринов Дойков Час --:-- Вид страна Заявител ТИ БИ АЙ Банк ЕАД Час --:-- Вид страна Длъжник О.А.А. Час --:-- Вид страна Юрисконсулт Д.В.И. Час 15:19 Вид дело Частно гражданско дело 1415/2026
37c14b40-a91a-4dd6-b655-2f2c47cc4c40,2026 04 юни2026 Час 09:44 Вид акт Определение 1345 Час 09:42 Вид заседание зала / резултат / Прекратено преди насрочване/разглеждане в ЗЗ 27 април2026 Час --:-- Вид страна Ищец ТИТАН ГРУП ООД 25 април2026 Час 16:37 Вид акт Разпореждане 3701 Час 16:34 Вид акт Разпореждане 3700 Час 16:33 Вид заседание зала / резултат / С разпореждане Час 16:32 Вид заседание зала / резултат / Без движение 24 април2026 Час 15:19 Вид разпределение Избран съдия/заседател Мирослава Неделчева Час --:-- Вид страна Ищец П.Н.С. Час --:-- Вид страна Ответник БУЛМАРКЕТ ДМ ЕООД Час --:-- Вид страна Адвокат П.Й.Н. Час 15:19 Вид дело Гражданско дело 2060/2026
6b04f9cf-efb3-4909-9550-f65a92d1176c,2026 30 април2026 Час 16:41 Вид акт Изпълнителен лист ЗП 711 Час 12:17 Вид акт Изпълнителен лист 115 29 април2026 Час 17:18 Вид акт Разпореждане 1858 Час 17:15 Вид заседание зала / резултат / С разпореждане Час 17:15 Вид акт Заповед за изпълнение 806 Час 16:56 Вид акт Разпореждане 1856 Час 16:55 Вид заседание зала / резултат / Решено с акт по същество в закрито заседание Час 16:54 Вид заседание зала / резултат / С разпореждане 24 април2026 Час 15:19 Вид разпределение Избран съдия/заседател Гергана Любчева Антонова Попова Час --:-- Вид страна Заявител ДИРЕКЦИЯ СОЦИАЛНО ПОДПОМАГАНЕ БУРГАС Час --:-- Вид страна Длъжник Ф.С.В. Час --:-- Вид страна Представител Д.Н.Д. Час 15:19 Вид дело Частно гражданско дело 1078/2026
b4050828-5706-4a7a-a867-e93f09f0a3ba,"2026 31 август2026 Час 16:23 Вид акт Решение 1246 02 юни2026 Час 16:06 Вид акт Протокол 3133 01 юни2026 Час 16:42 Вид Документ Вносител Б.П.К. Час 11:00 Вид заседание зала / резултат Зала 2 партер / С решение и мотиви Час --:-- Вид страна Процесуален представител А.И.Д. Час --:-- Вид страна Юрисконсулт Б.П.К. 27 април2026 Час 10:50 Вид акт Разпореждане 2465 Час 10:47 Вид заседание зала / резултат / С разпореждане за насрочване 24 април2026 Час 15:18 Вид разпределение Избран съдия/заседател Светослав Николаев Узунов Час --:-- Вид страна Жалбоподател АМАНДА ГРУП ЕООД Час --:-- Вид страна Админ.наказ.орган Началник отдел Оперативни дейности, Дирекция Оперативни дейности в ГД ФК при ЦУ на НАП-гр.Пловдив Час --:-- Вид страна Актосъставител Р.Т.Н. Час 15:18 Вид дело Административно наказателно дело 2363/2026"
e0fd0a5b-6d0c-4bb4-824a-62ff1f68067f,2026 08 май2026 Час 14:43 Вид акт Решение 206 Час 10:00 Вид заседание зала / резултат / Решено с акт по същество в закрито заседание 24 април2026 Час 15:18 Вид разпределение Избран съдия/заседател ЖАНЕТА ДИМИТРОВА ГЕОРГИЕВА Час --:-- Вид страна Въззивник АПС БЕТА България ЕООД Час --:-- Вид страна Въззиваема страна Н.Г.Н. Час --:-- Вид страна Адвокат Н.П.Н. Час 15:18 Вид дело Въззивно гражданско дело 400/2026
65e87d7d-2cab-4360-9fb7-21db7aba9e46,2026 20 август2026 Час 13:03 Вид акт Решение 31 21 юли2026 Час 14:10 Вид акт Протокол 34 Час 13:30 Вид заседание зала / резултат Зала 227 етаж 2 / С решение по чл. 235 ГПК 08 юли2026 Час 16:15 Вид Документ Вносител С.И.Р. Час 15:03 Вид акт Протокол 32 07 юли2026 Час 14:00 Вид заседание зала / резултат Зала 227 етаж 2 / Отложено в I-во заседание 27 май2026 Час 11:35 Вид акт Протокол 26 26 май2026 Час 13:15 Вид заседание зала / резултат Зала 227 етаж 2 / Отложено в I-во заседание 15 май2026 Час 11:18 Вид акт Определение 47 Час 11:12 Вид заседание зала / резултат / Насрочено в I-во заседание БЕЗ РАЗМЯНА НА КНИЖА Час --:-- Вид страна Вещо лице М.Т.К. 07 май2026 Час 12:18 Вид акт Разпореждане 95 Час 12:13 Вид заседание зала / резултат / Без движение 24 април2026 Час 16:47 Вид акт Разпореждане 84 Час 16:43 Вид заседание зала / резултат / Без движение Час 15:18 Вид разпределение Избран съдия/заседател Ваня Ангелова Маркова Час --:-- Вид страна Молител ЕЛЛ - ДАНЕВ ЕООД Час --:-- Вид страна Адвокат С.И.Р. Час 15:18 Вид дело Търговско дело 17/2026
7399be26-11c1-41d3-9e61-dbab6d06a95e,2026 29 май2026 Час 16:55 Вид акт Разпореждане 4947 Час 16:52 Вид заседание зала / резултат / С определение/разпореждане по чл. 131 ГПК/чл. 367 ГПК 30 април2026 Час 16:58 Вид акт Определение 1025 Час 16:49 Вид заседание зала / резултат / С определение 24 април2026 Час 15:18 Вид разпределение Избран съдия/заседател Стела Иванова Тонева Час --:-- Вид страна Ищец Т.Т.А. Час --:-- Вид страна Ответник ЕОС МАТРИКС ЕАД Час --:-- Вид страна Адвокат П.Й.Н. Час 15:18 Вид дело Гражданско дело 2059/2026
82e45a87-71c3-4801-84c3-b5d6a6f5fcc4,2026 19 юни2026 Час 09:56 Вид акт Определение 3105 Час 09:40 Вид заседание зала / резултат / Прекратено преди насрочване/разглеждане в ЗЗ 27 април2026 Час 16:34 Вид акт Разпореждане 4140 Час 16:28 Вид заседание зала / резултат / Без движение 24 април2026 Час 15:18 Вид разпределение Избран съдия/заседател ИВАН ГЕОРГИЕВ ДЕЧЕВ Час --:-- Вид страна Молител Банка ДСК АД Час --:-- Вид страна Наследодател М.А.А. Час --:-- Вид страна Пълномощник Х.Щ.Г. Час 15:17 Вид дело Частно гражданско дело 1715/2026
aa278fd8-28b6-44af-a78b-0dfdd2fe41b9,"2026 13 май2026 Час 13:59 Вид акт Разпореждане 1968 Час 13:57 Вид заседание зала / резултат / С разпореждане 11 май2026 Час 08:46 Вид акт Определение 1344 04 май2026 Час 15:30 Вид акт Разпореждане 1825 Час 15:27 Вид заседание зала / резултат / С разпореждане Час 14:23 Вид заседание зала / резултат / Решено с акт по същество в закрито заседание 24 април2026 Час 15:18 Вид разпределение Избран съдия/заседател Мариана Георгиева Карастанчева Час --:-- Вид страна Въззивник П.Д.Д. Час --:-- Вид страна Въззиваема страна Кредирект ЕООД Час --:-- Вид страна Адвокат А.З.Д. Час --:-- Вид страна Адвокат Х.М.Г. Час --:-- Вид страна Пълномощник Адвокатско дружество Нестори, Угляров, Милчев Час 15:17 Вид дело Въззивно частно гражданско дело 771/2026"
2c7369ef-d223-43bb-8df1-2b1980526dce,2026 23 септември2026 Час 16:49 Вид акт Изпълнителен лист 174 19 септември2026 Час 15:27 Вид акт Разпореждане 1060 Час 15:24 Вид заседание зала / резултат / С разпореждане 29 април2026 Час --:-- Вид страна Друго ОДМВР - Бургас 28 април2026 Час 13:47 Вид акт Споразумение 46 Час 13:30 Вид заседание зала / резултат / Със споразумение 27 април2026 Час --:-- Вид страна Обвинител С.К.С. 24 април2026 Час 17:07 Вид акт Разпореждане 384 Час 17:04 Вид заседание зала / резултат / С разпореждане за насрочване Час 15:18 Вид разпределение Избран съдия/заседател Петър Славов Петров Час --:-- Вид страна Обвинител ТО-Несебър към РП-Бургас Час --:-- Вид страна Подсъдим Н.В.В. Час --:-- Вид страна Защитник А.И.Ж. Час 15:17 Вид дело Наказателно дело от общ характер 236/2026
f0a136bc-8c5a-44f4-b04e-43b5a12677a5,2026 04 юни2026 Час 15:17 Вид акт Разпореждане 22483 Час --:-- Вид заседание зала / резултат / Проведено 14 май2026 Час 10:52 Вид акт Определение 18290 Час --:-- Вид заседание зала / резултат / Прекратено 28 април2026 Час 16:41 Вид акт Разпореждане 16388 Час --:-- Вид заседание зала / резултат / Проведено 24 април2026 Час 15:17 Вид разпределение Избран съдия/заседател Веселина Женаварова Час --:-- Вид страна Жалбоподател Г.А.С. Час --:-- Вид страна Ответник СОФИЙСКА РАЙОННА ПРОКУРАТУРА Час 15:17 Вид дело Административно дело 4829/2026
b9df3bce-b947-46cf-b201-1e6c21e5f3b2,2026 10 юни2026 Час 11:11 Вид акт Разпореждане 5538 Час 11:08 Вид заседание зала / резултат / С разпореждане 08 май2026 Час 10:18 Вид акт Решение 1118 Час 10:09 Вид заседание зала / резултат / Решено с акт по същество в закрито заседание 27 април2026 Час 10:24 Вид акт Разпореждане 4099 Час 10:21 Вид заседание зала / резултат / Без движение 24 април2026 Час 15:17 Вид разпределение Избран съдия/заседател СТОЯН ПЕЕВ МУТАФЧИЕВ Час --:-- Вид страна Молител Б.В.Б.Ч.С.М.З.П.К.А.Б. Час --:-- Вид страна Родител К.А.Б. Час 15:17 Вид дело Частно гражданско дело 1714/2026
3b8b4694-0098-4989-95ce-801c8e276948,2026 18 септември2026 Час 12:41 Вид акт Разпореждане 11066 Час 12:39 Вид заседание зала / резултат / С разпореждане 04 септември2026 Час 14:23 Вид акт Разпореждане 10450 Час 14:22 Вид заседание зала / резултат / С разпореждане 29 юли2026 Час 13:08 Вид акт Разпореждане 8720 Час 13:07 Вид заседание зала / резултат / С разпореждане 11 юни2026 Час 13:31 Вид акт Разпореждане 6577 Час 13:29 Вид заседание зала / резултат / С разпореждане 29 май2026 Час 12:24 Вид акт Разпореждане 5994 Час 12:22 Вид заседание зала / резултат / С разпореждане 18 май2026 Час 17:39 Вид акт Заповед за изпълнение 3503 Час 17:37 Вид заседание зала / резултат / Със заповед за изпълнение 27 април2026 Час 13:05 Вид акт Разпореждане 4517 Час 13:02 Вид заседание зала / резултат / Без движение 24 април2026 Час 15:17 Вид разпределение Избран съдия/заседател Магдалена Бориславова Младенова-Стоева Час --:-- Вид страна Заявител БЕСТ Кепитъл България ЕАД Час --:-- Вид страна Длъжник М.Н.С. Час --:-- Вид страна Пълномощник В.Л.Л. Час 15:17 Вид дело Частно гражданско дело 3477/2026
fb03d8ff-353e-4c0d-954a-483477ea8dd8,2026 08 юли2026 Час 13:53 Вид акт Разпореждане 19980 03 юли2026 Час 14:39 Вид заседание зала / резултат / С разпореждане 27 април2026 Час 15:11 Вид акт Изпълнителен лист ЗП 2889 Час 10:03 Вид акт Разпореждане 12393 Час 10:02 Вид акт Заповед за изпълнение 3698 24 април2026 Час 17:26 Вид заседание зала / резултат / Решено с акт по същество в закрито заседание Час 15:17 Вид разпределение Избран съдия/заседател Явор Петров Джамалов Час --:-- Вид страна Заявител Банка ДСК АД Час --:-- Вид страна Длъжник Б.Р.П. Час --:-- Вид страна Пълномощник Д.Г.Б. Час 15:17 Вид дело Частно гражданско дело 4508/2026
a984ebe3-63ca-46d4-9d26-5989ed5647d2,"2026 16 септември2026 Час 11:50 Вид акт Разпореждане 111324 Час 11:42 Вид заседание зала / резултат / С разпореждане 05 септември2026 Час 09:16 Вид акт Разпореждане 107526 Час 09:11 Вид заседание зала / резултат / С разпореждане 24 август2026 Час 14:05 Вид акт Разпореждане 101976 Час 14:00 Вид заседание зала / резултат / С разпореждане 07 май2026 Час 16:01 Вид акт Определение 17199 Час 15:47 Вид заседание зала / резултат / С определение Час 15:45 Вид акт Разпореждане 56357 Час 15:35 Вид акт Изпълнителен лист ЗП 4686 Час 15:30 Вид акт Заповед за изпълнение 790 Час 15:18 Вид акт Разпореждане 56325 Час 15:17 Вид заседание зала / резултат / Решено с акт по същество в закрито заседание Час 15:16 Вид заседание зала / резултат / С разпореждане 27 април2026 Час --:-- Вид страна Синдик А.Н.Н. 24 април2026 Час 21:45 Вид акт Разпореждане 52083 Час 20:50 Вид заседание зала / резултат / Без движение Час 15:17 Вид разпределение Избран съдия/заседател МАРИЯ ЕМИЛОВА МАЛОСЕЛСКА Час --:-- Вид страна Заявител ""НЕМОС 85"" ЕООД - в несъстоятелност Час --:-- Вид страна Длъжник ""ЕКО МОЛ МИЛК"" ЕООД Час --:-- Вид страна Представител П.Т.Т. Час 15:17 Вид дело Частно гражданско дело 11140/2026"
18ba3937-ef0a-4a21-9c88-6bab883f12b9,2026 19 май2026 Час 14:48 Вид акт Разпореждане 5218 Час 14:45 Вид заседание зала / резултат / С разпореждане 13 май2026 Час --:-- Вид страна Заинтересована страна ДСИ при Районен съд-Шумен 12 май2026 Час 16:48 Вид акт Решение 371 Час 16:45 Вид заседание зала / резултат / Решено с акт по същество в закрито заседание 24 април2026 Час 15:16 Вид разпределение Избран съдия/заседател Зара Ехия Иванова Час --:-- Вид страна Молител И.И.Д. Час --:-- Вид страна Наследодател И.Д.Д. Час --:-- Вид страна Родител Е.И.Д. Час 15:16 Вид дело Частно гражданско дело 2102/2026
7ca6fc67-7d08-40ed-97e8-90b020892034,2026 30 април2026 Час 10:21 Вид акт Протокол 354 29 април2026 Час 14:01 Вид Документ Вносител Р.Н.Р. Час 14:00 Вид Документ Вносител Р.Н.Р. Час 13:59 Вид Документ Вносител Окръжна прокуратура - Плевен Час --:-- Вид страна Адвокат Р.Н.Р. 28 април2026 Час 14:48 Вид акт Определение 281 Час 14:00 Вид заседание зала / резултат / С определение по същество 27 април2026 Час --:-- Вид страна Обвинител Х.П.С. 24 април2026 Час 15:37 Вид разпределение Избран съдия/заседател ЖАНЕТА ДИМИТРОВА ГЕОРГИЕВА Час 15:36 Вид разпределение Избран съдия/заседател ЕМИЛ СТЕФАНОВ БАНКОВ Час 15:29 Вид разпределение Избран съдия/заседател ДАЯНА СТОЯНОВА ВАСИЛЧИНА Час --:-- Вид страна Жалбоподател-подсъдим А.Н.А. Час --:-- Вид страна Страна Окръжна прокуратура - Плевен Час --:-- Вид страна Адвокат Л.К.Г. Час 15:16 Вид дело Въззивно частно наказателно дело 322/2026
b40f0ad4-68cf-49de-9c4f-c0f72a24c66b,2026 13 юли2026 Час 11:00 Вид акт Разпореждане 1202 Час --:-- Вид заседание зала / резултат / Проведено 30 юни2026 Час 15:14 Вид акт Разпореждане 1136 Час --:-- Вид заседание зала / резултат / Проведено 10 юни2026 Час 08:48 Вид акт Решение 975 03 юни2026 Час 19:28 Вид Документ Вносител Областен управител на Област Враца Час 19:28 Вид Документ Вносител Областен управител на Област Враца 02 юни2026 Час 10:00 Вид заседание зала / резултат / Обявено за решаване 13 май2026 Час 12:30 Вид акт Определение 777 Час --:-- Вид заседание зала / резултат / Проведено 27 април2026 Час 12:48 Вид акт Разпореждане 682 Час --:-- Вид заседание зала / резултат / Проведено 24 април2026 Час 15:16 Вид разпределение Избран съдия/заседател МИГЛЕНА ПЕТРОВА Час --:-- Вид страна Жалбоподател Областен управител на Област Враца Час --:-- Вид страна Ответник Общински съвет Враца Час 15:16 Вид дело Административно дело 189/2026
579ce9fa-487d-44ee-b0c2-7837e13beaa2,2026 23 август2026 Час 00:43 Вид акт Разпореждане 2989 Час 00:40 Вид заседание зала / резултат / С разпореждане 27 май2026 Час 14:29 Вид акт Заповед за изпълнение 601 Час 14:27 Вид заседание зала / резултат / Решено с акт по същество в закрито заседание 24 април2026 Час 15:15 Вид разпределение Избран съдия/заседател Марина Трифонова Цветкова Час --:-- Вид страна Заявител АПС БЕТА БЪЛГАРИЯ ЕООД Час --:-- Вид страна Длъжник И.Н.И. Час --:-- Вид страна Законен представител Х.М.М. Час --:-- Вид страна Законен представител П.В. Час --:-- Вид страна Юрисконсулт П.Ф.Ц. Час 15:15 Вид дело Частно гражданско дело 613/2026
8a9b3f7c-1242-4b0f-aeec-9bd5adc32e50,2026 11 юни2026 Час 09:54 Вид акт Разпореждане 4029 Час 09:54 Вид акт Изпълнителен лист ЗП 735 Час 08:52 Вид заседание зала / резултат / С разпореждане 27 април2026 Час 07:46 Вид акт Заповед за изпълнение 969 24 април2026 Час 15:30 Вид заседание зала / резултат / Със заповед за изпълнение Час 15:15 Вид разпределение Избран съдия/заседател НЕЙКО ГЕОРГИЕВ НЕЙКОВ Час --:-- Вид страна Заявител ЕОС МАТРИКС ЕАД Час --:-- Вид страна Длъжник Г.М.С. Час --:-- Вид страна Адвокат Г.И.Х. Час 15:15 Вид дело Частно гражданско дело 1410/2026
9b706e59-443b-4caf-8d74-cb2216c37844,"2026 28 май2026 Час --:-- Вид страна Кредитор ДИРЕКЦИЯ ""СОЦИАЛНО ПОДПОМАГАНЕ"" - СЕПТЕМВРИ Час --:-- Вид страна Представител Н.С.С. 18 май2026 Час 19:52 Вид акт Разпореждане 2141 Час 19:51 Вид заседание зала / резултат / Решено с акт по същество в закрито заседание 24 април2026 Час 19:18 Вид акт Разпореждане 1771 Час 19:15 Вид заседание зала / резултат / Без движение Час 15:15 Вид разпределение Избран съдия/заседател Боян Христов Косев Час --:-- Вид страна Кредитор РЕГИОНАЛНА ДИРЕКЦИЯ ЗА СОЦИАЛНО ПОДПОМАГАНЕ - ПАЗАРДЖИК Час --:-- Вид страна Длъжник С.А.Г. Час --:-- Вид страна Юрисконсулт Д.Е.Д. Час 15:15 Вид дело Частно гражданско дело 1077/2026"
0ee4d8f0-9028-4fd3-b277-0a0b5c530f0d,"2026 22 юли2026 Час 16:33 Вид акт Решение 626 17 юли2026 Час 11:40 Вид акт Протоколно определение 703 14 юли2026 Час 11:15 Вид заседание зала / резултат / С решение по чл. 235 ГПК 22 юни2026 Час 13:22 Вид акт Определение 2065 Час 13:20 Вид заседание зала / резултат / Насрочено за I-во заседание Час --:-- Вид страна Контролираща страна АГЕНЦИЯ СОЦИАЛНО ПОДПОМАГАНЕ, Дирекция Социално Подпомагане-гр.Шумен 28 април2026 Час 17:25 Вид акт Определение 1423 Час 17:23 Вид заседание зала / резултат / С определение/разпореждане по чл. 131 ГПК/чл. 367 ГПК 24 април2026 Час 15:15 Вид разпределение Избран съдия/заседател Мирослав Цветанов Марков Час --:-- Вид страна Ищец В.Л.А. Час --:-- Вид страна Ответник М.М.А. Час --:-- Вид страна Адвокат А.И.П. Час 15:14 Вид дело Гражданско дело 2101/2026"
34fe6106-ce49-4af4-9bc8-27d0ca199a8c,2026 07 август2026 Час 14:56 Вид акт Разпореждане 1487 Час 14:00 Вид заседание зала / резултат / С разпореждане 29 юни2026 Час 15:31 Вид акт Определение 696 Час 15:28 Вид заседание зала / резултат / Прекратено преди насрочване/разглеждане в ЗЗ 29 април2026 Час 14:25 Вид акт Разпореждане 754 Час 14:22 Вид заседание зала / резултат / Без движение 24 април2026 Час 15:14 Вид разпределение Избран съдия/заседател КРАСИМИР СТЕФАНОВ МАРИНОВ Час --:-- Вид страна Ищец К.Д.Т. Час --:-- Вид страна Ответник ПРОФИ КРЕДИТ БЪЛГАРИЯ ЕООД Час 15:14 Вид дело Гражданско дело 355/2026
f0668059-9d02-40c9-8545-de7ecdb861e1,"2026 27 април2026 Час 15:49 Вид акт Определение 66 Час 15:46 Вид заседание зала / резултат / С определение, приключващо делото 24 април2026 Час 15:14 Вид разпределение Избран съдия/заседател ВЛАДИМИР ДОБРЕВ СТОЯНОВ Час --:-- Вид страна Вносител АВСТРИЯ Час --:-- Вид страна Заинтересована страна Г.М. Час 15:14 Вид дело Частно наказателно дело 139/2026"
72693b0a-f93e-4d80-96b7-c3b01aba2959,2026 30 април2026 Час --:-- Вид страна Друго Отдел “Охранителна полиция” - ОДМВР – Пловдив Час --:-- Вид страна Друго Сектор “Пътна полиция” - ОДМВР – Пловдив 29 април2026 Час 10:36 Вид акт Разпореждане 2524 Час 10:33 Вид заседание зала / резултат / Прекратено производство Час --:-- Вид страна Друго ОДМВР - Пловдив 24 април2026 Час 15:13 Вид разпределение Избран съдия/заседател Десислава Пламенова Порязова Час --:-- Вид страна Жалбоподател М.В.Н. Час --:-- Вид страна Админ.наказ.орган Районно управление ”Полиция” 03 - Пловдив Час 15:13 Вид дело Административно наказателно дело 2362/2026
c8e090ff-10f2-4b44-809e-300dc5ded9ce,2026 20 август2026 Час 17:03 Вид акт Изпълнителен лист ЗП 992 Час 17:01 Вид акт Разпореждане 5671 Час 17:00 Вид заседание зала / резултат / С разпореждане 27 април2026 Час 17:25 Вид акт Заповед за изпълнение 433 Час 17:17 Вид заседание зала / резултат / Със заповед за изпълнение 24 април2026 Час 15:13 Вид разпределение Избран съдия/заседател Олга Златева Час --:-- Вид страна Заявител БЕСТ Кепитъл България ЕАД Час --:-- Вид страна Длъжник Б.Ю.Ш. Час --:-- Вид страна Пълномощник Б.И.К. Час 15:13 Вид дело Частно гражданско дело 1328/2026
d8f6921a-864a-48ea-9a7c-f36927e202e9,2026 22 юни2026 Час 09:36 Вид акт Изпълнителен лист ЗП 1044 18 юни2026 Час 08:08 Вид акт Разпореждане 7728 Час 08:06 Вид заседание зала / резултат / С разпореждане 18 май2026 Час 13:10 Вид акт Разпореждане 5903 Час 13:08 Вид заседание зала / резултат / С разпореждане 29 април2026 Час 17:42 Вид акт Заповед за изпълнение 1004 Час 17:37 Вид акт Разпореждане 5102 Час 17:34 Вид заседание зала / резултат / Решено с акт по същество в закрито заседание 24 април2026 Час 15:30 Вид акт Разпореждане 4836 Час 15:25 Вид заседание зала / резултат / Без движение Час 15:13 Вид разпределение Избран съдия/заседател Мария Ангелова Ненова Час --:-- Вид страна Заявител А1 България ЕАД Час --:-- Вид страна Длъжник А.Х.П. Час --:-- Вид страна Представител М.М.К. Час 15:13 Вид дело Частно гражданско дело 1734/2026
f4bdb50c-4be0-4b6b-88bb-3e9ce1f16aea,2026 24 април2026 Час 16:26 Вид акт Изпълнителен лист ЗП 170 Час 16:26 Вид акт Заповед за изпълнение 347 Час 16:24 Вид заседание зала / резултат / Със заповед за изпълнение Час 15:13 Вид разпределение Избран съдия/заседател ДАНИЕЛА ЙОРДАНОВА ИГНАТОВА Час --:-- Вид страна Заявител Обединена Българска Банка АД Час --:-- Вид страна Длъжник Ц.М.М. Час --:-- Вид страна Юрисконсулт Б.С.М. Час 15:13 Вид дело Частно гражданско дело 479/2026
504b9a09-b403-4c8f-8e29-7e593174b7e3,2026 27 април2026 Час 11:08 Вид акт Изпълнителен лист ЗП 404 Час 11:08 Вид акт Заповед за изпълнение 611 Час 11:07 Вид акт Разпореждане 1870 Час 11:06 Вид заседание зала / резултат / Решено с акт по същество в закрито заседание 24 април2026 Час 15:13 Вид разпределение Избран съдия/заседател Атанас Василев Димитров Час --:-- Вид страна Заявител Регионална дирекция за социално подпомагане - Пазарджик Час --:-- Вид страна Длъжник П.С.С. Час --:-- Вид страна Представител Д.Е.Д. Час 15:13 Вид дело Частно гражданско дело 834/2026
684ff63d-bfde-48bd-968b-8aadad374ce8,2026 04 юни2026 Час 16:33 Вид акт Разпореждане 3590 Час 16:29 Вид заседание зала / резултат / С разпореждане 28 май2026 Час 13:28 Вид акт Разпореждане 3349 Час 13:20 Вид заседание зала / резултат / С разпореждане 21 май2026 Час 19:02 Вид акт Определение 1445 Час 18:48 Вид заседание зала / резултат / Прекратено преди насрочване/разглеждане в ЗЗ 24 април2026 Час 15:13 Вид разпределение Избран съдия/заседател Иван Режев Час --:-- Вид страна Заявител Регионална дирекция за социално подпомагане - Пазарджик Час --:-- Вид страна Кредитор Дирекция Социално Подпомагане - Септември Час --:-- Вид страна Длъжник В.М.Р.М. Час --:-- Вид страна Представител Д.Е.Д. Час 15:13 Вид дело Частно гражданско дело 1327/2026
884c2da6-5efb-4098-82f1-12bc0c9ede91,2026 09 юли2026 Час 15:00 Вид акт Решение 123 14 май2026 Час 10:22 Вид акт Протокол 206 Час 10:00 Вид заседание зала / резултат / С решение по чл. 235 ГПК 29 април2026 Час 11:37 Вид акт Определение 322 Час 11:26 Вид заседание зала / резултат / Насрочено в I-во заседание БЕЗ РАЗМЯНА НА КНИЖА 24 април2026 Час 15:12 Вид разпределение Избран съдия/заседател Ивайло Йорданов Бъчваров Час --:-- Вид страна Ищец Дирекция социално подпомагане Поморие Час --:-- Вид страна Страна Д.К.А. Час --:-- Вид страна Родител К.А.Р. Час 15:12 Вид дело Гражданско дело 234/2026
bb4b5f5c-1890-426c-89aa-3bdfb3bbbd3c,2026 20 май2026 Час 17:53 Вид акт Решение 180 Час 15:34 Вид заседание зала / резултат / Решено с акт по същество в закрито заседание Час 15:33 Вид разпределение Избран съдия/заседател КРИСТИАН БОЖИДАРОВ ПЕТРОВ 24 април2026 Час 15:12 Вид разпределение Избран съдия/заседател МАРИЯ ВЕНЦИСЛАВОВА МИЛУШЕВА Час --:-- Вид страна Жалбоподател Б.В.Б. Час --:-- Вид страна Ответник С.И.Г.Г. Час 15:12 Вид дело Въззивно гражданско дело 354/2026
f475abcd-3937-466c-a354-b595f81e9748,"2026 30 април2026 Час 11:59 Вид акт Протокол 556 27 април2026 Час 17:32 Вид акт Определение 309 Час 16:30 Вид заседание зала / резултат / С определение, приключващо делото Час --:-- Вид страна Обвинител Д.М.И. Час --:-- Вид страна Адвокат М.Р.И. 25 април2026 Час 19:16 Вид акт Разпореждане 519 Час 19:12 Вид заседание зала / резултат / С разпореждане за насрочване 24 април2026 Час 15:12 Вид разпределение Избран съдия/заседател МИНКА КИРЧЕВА Час --:-- Вид страна Вносител Районна прокуратура - Добрич Час --:-- Вид страна Обвиняем Я.Д.Я. Час 15:11 Вид дело Частно наказателно дело 435/2026"
aaab62ef-c843-437e-81b8-719560615961,2026 08 май2026 Час 15:17 Вид акт Определение 1318 07 май2026 Час 18:13 Вид заседание зала / резултат / Решено с акт по същество в закрито заседание 24 април2026 Час 15:11 Вид разпределение Избран съдия/заседател Катерина Въткова Ненова Час --:-- Вид страна Въззивник Р.Г.С. Час --:-- Вид страна Въззиваема страна А.П.З. Час --:-- Вид страна Адвокат П.П.К. Час 15:11 Вид дело Въззивно гражданско дело 515/2026
123274c3-cd63-4522-8889-b7361ad89b3d,"2026 04 май2026 Час 20:42 Вид акт Определение 1293 Час 17:01 Вид заседание зала / резултат / Решено с акт по същество в закрито заседание 24 април2026 Час 15:11 Вид разпределение Избран съдия/заседател Таня Ташкова Русева Маркова Час --:-- Вид страна Въззивник Етажна собственост на Сграда ""А"" и Сграда ""В"" комплекс ""Флорес Гарден"" гр. Черноморец Час --:-- Вид страна Въззиваема страна Д.А.Г. Час --:-- Вид страна Адвокат В.С.Г. Час 15:11 Вид дело Въззивно частно гражданско дело 770/2026"
e1e8df18-2cf2-4a69-93db-4e9261d2e904,2026 11 август2026 Час 17:51 Вид акт Разпореждане 9321 Час 17:50 Вид заседание зала / резултат / 28 април2026 Час 14:48 Вид акт Заповед за изпълнение 3043 27 април2026 Час 14:24 Вид заседание зала / резултат / Със заповед за изпълнение 24 април2026 Час 15:11 Вид разпределение Избран съдия/заседател Неделин Йорданов Захариев Час --:-- Вид страна Заявител БЕСТ Кепитъл България ЕАД Час --:-- Вид страна Длъжник М.А.Г. Час --:-- Вид страна Пълномощник В.Л.Л. Час 15:11 Вид дело Частно гражданско дело 3476/2026
f76c3044-1d29-4812-8191-2941a7743999,2026 14 май2026 Час 16:24 Вид акт Изпълнителен лист ЗП 599 Час 10:22 Вид акт Заповед за изпълнение 1087 Час 10:21 Вид акт Разпореждане 3203 Час 09:23 Вид заседание зала / резултат / Със заповед за изпълнение Час 09:22 Вид заседание зала / резултат / С разпореждане 05 май2026 Час 16:14 Вид акт Определение 869 Час 15:44 Вид заседание зала / резултат / С определение 27 април2026 Час 11:13 Вид акт Разпореждане 2621 Час 10:37 Вид заседание зала / резултат / С разпореждане Час 10:17 Вид акт Разпореждане 2618 Час 09:58 Вид заседание зала / резултат / Без движение 24 април2026 Час 15:11 Вид разпределение Избран съдия/заседател ВАЛЕНТИНА ИВАНОВА ТОДОРОВА Час --:-- Вид страна Заявител „ЮРОБАНК БЪЛГАРИЯ” АД Час --:-- Вид страна Длъжник А.Г.К. Час --:-- Вид страна Адвокат Д.Р.П. Час 15:11 Вид дело Частно гражданско дело 1409/2026
20e808fd-05d0-4ff2-8fdc-f0ff9d282029,2026 30 май2026 Час 10:40 Вид акт Решение 3656 29 май2026 Час 16:10 Вид заседание зала / резултат / Решено с акт по същество в закрито заседание 24 април2026 Час 15:10 Вид разпределение Избран съдия/заседател Десислава Зисова Час --:-- Вид страна Жалбоподател М.В.А. Час 15:10 Вид дело Въззивно гражданско дело 4340/2026
16b9f5ab-6ab3-47db-8256-9f78bdc70b46,2026 15 май2026 Час 09:46 Вид акт Определение 145 Час 09:30 Вид заседание зала / резултат / Прекратява поради изпращане по подсъдност 30 април2026 Час 14:26 Вид акт Разпореждане 301 Час 13:59 Вид заседание зала / резултат / С разпореждане 24 април2026 Час 15:10 Вид разпределение Избран съдия/заседател Давид Любенов Сукалински Час --:-- Вид страна Обвинител ТО-Разлог към РП-Благоевград Час --:-- Вид страна Жалбоподател С.Е.Е. Час --:-- Вид страна Админ.наказ.орган ОДМВР - Благоевград Час 15:10 Вид дело Административно наказателно дело 218/2026
99637f73-82a6-49e4-bb02-d24549cd0a91,2026 22 юли2026 Час 14:09 Вид акт Решение 465 10 юли2026 Час 14:55 Вид акт Протокол 682 09 юли2026 Час 09:50 Вид заседание зала / резултат Зала 4 / С решение по чл. 235 ГПК 17 юни2026 Час 10:22 Вид акт Определение 1187 Час 10:18 Вид заседание зала / резултат / Насрочено за I-во заседание 22 май2026 Час --:-- Вид страна Адвокат И.С.С. 30 април2026 Час 15:46 Вид акт Разпореждане 1864 Час 15:44 Вид заседание зала / резултат / С определение/разпореждане по чл. 131 ГПК/чл. 367 ГПК 24 април2026 Час 15:10 Вид разпределение Избран съдия/заседател Георги Стоянов Георгиев Час --:-- Вид страна Ищец А.Д.Д. Час --:-- Вид страна Ответник М.С.С. Час --:-- Вид страна Адвокат М.И.Г.Ч. Час 15:10 Вид дело Гражданско дело 896/2026
d88563a1-2e2c-46ca-b4d1-a3feb5900381,"2026 08 юни2026 Час 10:24 Вид акт Решение 945 14 май2026 Час 18:43 Вид Документ Вносител К.Г.К. Час 18:43 Вид Документ Вносител К.Г.К. 12 май2026 Час 10:00 Вид заседание зала / резултат / Обявено за решаване 27 април2026 Час 13:34 Вид акт Разпореждане 683 Час --:-- Вид заседание зала / резултат / Проведено 24 април2026 Час 15:10 Вид разпределение Избран съдия/заседател ТАТЯНА КОЦЕВА Час --:-- Вид страна Касатор Н- к отдел оперативни дейности в гл. дирекция "" Фискален контрол "" при ЦУ на НАП Час --:-- Вид страна Ответник ""ФЕНИКС ПЕТРОЛ 91"" ЕООД ПРЕДСТАВЛЯВАНО ОТ УПРАВИТЕЛЯ НИКОЛАЙ ГРИШЕВ ЕЗЕКИЕВ Час --:-- Вид страна Страна ОКРЪЖНА ПРОКУРАТУРА ВРАЦА Час --:-- Вид страна Адвокат И.Р.С. Час --:-- Вид страна Юрисконсулт К.Г.К. Час 15:10 Вид дело Касационно административно наказателно дело 188/2026"
e890b8b5-0c00-4d36-b4bc-a4dcf0d05c06,2026 11 май2026 Час 14:33 Вид акт Разпореждане 2691 Час 14:30 Вид заседание зала / резултат / С разпореждане 24 април2026 Час 15:10 Вид разпределение Избран съдия/заседател Георги Росенов Гетов Час --:-- Вид страна Жалбоподател М.В.Н. Час --:-- Вид страна Админ.наказ.орган Районно управление ”Полиция” 03 - Пловдив Час 15:09 Вид дело Административно наказателно дело 2361/2026
663fe178-ab6d-42ac-935a-a2c970e6ca3d,2026 24 април2026 Час 15:11 Вид акт Определение 5081 Час 15:10 Вид заседание зала / резултат / Решено с акт по същество в закрито заседание Час 15:10 Вид разпределение Избран съдия/заседател Крум Борисов Гечев Час --:-- Вид страна Молител И.Т.Ч. Час --:-- Вид страна Молител Й.Т.Ч. Час --:-- Вид страна Молител Т.Т.Ч. Час --:-- Вид страна Родител М.Ж.Ч. Час 15:09 Вид дело Частно гражданско дело 3308/2026
5c3f681c-3ca8-426b-9085-ab88d9e2060a,2026 27 април2026 Час 09:18 Вид акт Изпълнителен лист ЗП 111 Час 09:17 Вид акт Заповед за изпълнение 94 Час 09:08 Вид заседание зала / резултат / Със заповед за изпълнение 24 април2026 Час 15:09 Вид разпределение Избран съдия/заседател Владислав Емирски Час --:-- Вид страна Заявител ТИ БИ АЙ Банк ЕАД Час --:-- Вид страна Длъжник Н.Н.Н. Час --:-- Вид страна Юрисконсулт Д.В.И. Час 15:09 Вид дело Частно гражданско дело 406/2026
20ea06bf-07cd-4f73-a187-c040d022e605,2026 31 май2026 Час 18:38 Вид акт Решение 452 Час 18:35 Вид заседание зала / резултат / С решение 25 април2026 Час 17:26 Вид акт Разпореждане 3703 Час 17:18 Вид заседание зала / резултат / Без движение 24 април2026 Час 15:10 Вид разпределение Избран съдия/заседател МИНКА КИРЧЕВА Час --:-- Вид страна Вносител КПКОНПИ - ТД ВАРНА Час --:-- Вид страна Страна И.С.К. Час 15:09 Вид дело Частно гражданско дело 2058/2026
3abaa6f9-835b-4d2a-819d-67dc57d43577,2026 12 юни2026 Час 14:19 Вид акт Изпълнителен лист ЗП 535 Час 14:17 Вид акт Разпореждане 761 Час 10:01 Вид заседание зала / резултат / С разпореждане 27 април2026 Час 10:56 Вид акт Заповед за изпълнение 557 24 април2026 Час 15:31 Вид заседание зала / резултат / Със заповед за изпълнение Час 15:09 Вид разпределение Избран съдия/заседател Марин Митков Чорбаджийски Час --:-- Вид страна Заявител БЕСТ Кепитъл България ЕАД Час --:-- Вид страна Длъжник М.С.И. Час --:-- Вид страна Пълномощник В.Л.Л. Час 15:09 Вид дело Частно гражданско дело 640/2026
89b1db33-86a2-4b0b-988d-e93f898a586d,2026 24 април2026 Час 15:34 Вид акт Определение 1800 Час 15:32 Вид заседание зала / резултат / Решено с акт по същество в закрито заседание Час 15:08 Вид разпределение Избран съдия/заседател Ива Илиева Стойчева Коджабашева Час --:-- Вид страна Молител С.И.Д. Час --:-- Вид страна Наследодател Т.А.У. Час 15:08 Вид дело Частно гражданско дело 1546/2026
2a92e08b-8489-4238-bdee-6836c5007394,2026 08 октомври2026 Час 13:30 Вид заседание зала / резултат Зала № 2 / 14 септември2026 Час 11:52 Вид акт Протокол 174 10 септември2026 Час 11:00 Вид заседание зала / резултат Зала № 2 / Отложено в I-во заседание 10 юли2026 Час 20:18 Вид акт Определение 439 Час 20:15 Вид заседание зала / резултат / Насрочено за I-во заседание 11 юни2026 Час 12:04 Вид акт Разпореждане 2309 Час 11:41 Вид заседание зала / резултат / С разпореждане 08 юни2026 Час 15:29 Вид акт Разпореждане 2269 Час 15:17 Вид заседание зала / резултат / Без движение 28 април2026 Час 17:18 Вид акт Разпореждане 1783 Час 17:15 Вид заседание зала / резултат / С определение/разпореждане по чл. 131 ГПК/чл. 367 ГПК 24 април2026 Час 15:07 Вид разпределение Избран съдия/заседател Димитринка Емилова Купринджийска Час --:-- Вид страна Молител С.Т.Х. Час --:-- Вид страна Заинтересована страна ОБЩИНА ЗАВЕТ Час --:-- Вид страна Заинтересована страна ТО-Кубрат към РП-2261 Час --:-- Вид страна Лице за съдебен адрес С.И.В. Час 15:07 Вид дело Гражданско дело 749/2026
dfdd86c1-1423-4242-8b8a-a8120116303b,2026 25 август2026 Час 10:00 Вид акт Протоколно определение 338 20 август2026 Час 16:17 Вид акт Решение 123 Час 11:30 Вид заседание зала / резултат / С решение 28 юли2026 Час 17:14 Вид акт Разпореждане 524 Час 17:12 Вид заседание зала / резултат / С разпореждане 20 май2026 Час 11:03 Вид акт Изпълнителен лист 66 Час 11:03 Вид акт Изпълнителен лист 65 07 май2026 Час 11:30 Вид заседание зала / резултат / Пренасрочено 05 май2026 Час 11:45 Вид акт Споразумение 24 Час 10:30 Вид заседание зала / резултат / Със споразумение 30 април2026 Час 10:27 Вид акт Разпореждане 311 Час 10:22 Вид заседание зала / резултат / С разпореждане 29 април2026 Час 11:05 Вид акт Разпореждане 306 Час 11:03 Вид заседание зала / резултат / С разпореждане за насрочване 24 април2026 Час 15:07 Вид разпределение Избран съдия/заседател Ангелина Гергинова Гергинска Час --:-- Вид страна Обвинител РАЙОННА ПРОКУРАТУРА КОСТИНБРОД - ТО СЛИВНИЦА Час --:-- Вид страна Обвинител Я.Д.П. Час --:-- Вид страна Обвиняем Г.Е.Г. Час --:-- Вид страна Обвиняем Е.Г.С. Час --:-- Вид страна Защитник Р.Л. Час --:-- Вид страна Защитник Л.Н. Час 15:07 Вид дело Наказателно дело от общ характер 146/2026
707dab69-2db8-4ed4-9cc8-ab89b9336daf,2026 19 май2026 Час 16:15 Вид акт Определение 94 Час 16:09 Вид заседание зала / резултат / Определение по чл. 389 от ГПК 24 април2026 Час 18:05 Вид акт Определение 81 Час 17:58 Вид заседание зала / резултат / Решено с акт по същество в закрито заседание Час 15:07 Вид разпределение Избран съдия/заседател Галина Косева Час --:-- Вид страна Молител ЧУК - 67 ЕООД Час --:-- Вид страна Ответник КЛИМА СПОТ ЕООД Час --:-- Вид страна Адвокат Н.Х.Д. Час --:-- Вид страна Представляващ Г.Т.П. Час 15:07 Вид дело Частно търговско дело 28/2026
3b9e5a3f-97fd-4a9b-8616-502ef16718f7,2026 27 май2026 Час 14:30 Вид акт Разпореждане 872 Час 14:27 Вид заседание зала / резултат / С разпореждане Час 14:26 Вид акт Разпореждане 871 Час 14:24 Вид заседание зала / резултат / С разпореждане 28 април2026 Час 13:43 Вид акт Определение 1242 Час 13:21 Вид заседание зала / резултат / Решено с акт по същество в закрито заседание 27 април2026 Час --:-- Вид страна Въззиваема страна ПЪТСТРОЙ-92 АД 24 април2026 Час 15:07 Вид разпределение Избран съдия/заседател Ивайло Христов Родопски Час --:-- Вид страна Въззивник К.П.Т. Час 15:07 Вид дело Въззивно частно гражданско дело 514/2026
ef388972-5d7f-42a5-b3b8-88122a6b4668,2026 15 юни2026 Час 16:45 Вид Документ Вносител АГЕНЦИЯ ПЪТНА ИНФРАСТРУКТУРА ОБЛАСТНО ПЪТНО УПРАВЛЕНИЕ гр.СОФИЯ Час 15:46 Вид акт Протокол 287 12 юни2026 Час 14:35 Вид заседание зала / резултат / 20 май2026 Час --:-- Вид страна Страна Районна прокуратура - Елин Пелин 19 май2026 Час 13:37 Вид акт Разпореждане 250 Час 13:32 Вид заседание зала / резултат / С разпореждане за насрочване 24 април2026 Час 15:07 Вид разпределение Избран съдия/заседател Магдалена Димова Инджова Час --:-- Вид страна Жалбоподател САНИ ТРАНС ЛОГ ЕООД Час --:-- Вид страна Админ.наказ.орган АГЕНЦИЯ ПЪТНА ИНФРАСТРУКТУРА ОБЛАСТНО ПЪТНО УПРАВЛЕНИЕ гр.СОФИЯ Час --:-- Вид страна Адвокат И.П.М. Час 15:07 Вид дело Административно наказателно дело 119/2026
1dfcfdf5-459c-4f64-8176-20a71c5d220a,2026 26 април2026 Час 23:01 Вид акт Изпълнителен лист ЗП 425 Час 23:00 Вид акт Заповед за изпълнение 687 Час 22:54 Вид заседание зала / резултат / Решено с акт по същество в закрито заседание 24 април2026 Час 15:07 Вид разпределение Избран съдия/заседател Грета Иванова Денчева Час --:-- Вид страна Заявител ТИ БИ АЙ Банк ЕАД Час --:-- Вид страна Длъжник Б.В.М. Час --:-- Вид страна Юрисконсулт М.Г.Н. Час 15:07 Вид дело Частно гражданско дело 886/2026
967fd6df-5572-41c6-8930-106c9f9f258c,2026 27 април2026 Час 22:59 Вид акт Изпълнителен лист ЗП 531 Час 22:57 Вид акт Заповед за изпълнение 629 Час 22:55 Вид заседание зала / резултат / Решено с акт по същество в закрито заседание Час 22:55 Вид акт Разпореждане 1592 Час 22:53 Вид заседание зала / резултат / С разпореждане 24 април2026 Час 15:07 Вид разпределение Избран съдия/заседател Николинка Лазарова Крумова Час --:-- Вид страна Заявител ТИ БИ АЙ Банк ЕАД Час --:-- Вид страна Длъжник Н.Н.Н. Час --:-- Вид страна Юрисконсулт Д.В.И. Час 15:07 Вид дело Частно гражданско дело 863/2026
addb95e4-b207-46f5-a082-4fda200881e6,2026 08 юни2026 Час 10:52 Вид акт Изпълнителен лист ЗП 77 24 април2026 Час 16:11 Вид акт Заповед за изпълнение 70 Час 16:02 Вид заседание зала / резултат / Решено с акт по същество в закрито заседание Час 15:07 Вид разпределение Избран съдия/заседател Илия Олегов Милев Час --:-- Вид страна Заявител БЕСТ Кепитъл България ЕАД Час --:-- Вид страна Длъжник Б.И.С. Час --:-- Вид страна Пълномощник Б.И.К. Час 15:07 Вид дело Частно гражданско дело 303/2026
c95a9bdf-93f2-4934-b68b-623cacb50d2c,2026 04 май2026 Час 11:46 Вид акт Изпълнителен лист ЗП 484 03 май2026 Час 14:20 Вид акт Заповед за изпълнение 757 Час 14:09 Вид заседание зала / резултат / Решено с акт по същество в закрито заседание 24 април2026 Час 15:07 Вид разпределение Избран съдия/заседател Росица Генадиева Тодорова Час --:-- Вид страна Заявител ЕЙ УАН ВИЖЪН ЕООД Час --:-- Вид страна Длъжник Н.Д.С. Час --:-- Вид страна Юрисконсулт Р.С. Час 15:07 Вид дело Частно гражданско дело 885/2026
a716670c-6473-4ac2-8f89-084345c9df2d,2026 29 юни2026 Час 15:39 Вид акт Определение 405 Час 15:37 Вид заседание зала / резултат / Прекратено преди насрочване/разглеждане в ЗЗ 08 май2026 Час 13:54 Вид акт Разпореждане 1875 Час 13:51 Вид заседание зала / резултат / С разпореждане 27 април2026 Час 12:10 Вид акт Разпореждане 1765 Час 12:06 Вид заседание зала / резултат / Без движение 24 април2026 Час 15:06 Вид разпределение Избран съдия/заседател Диана Пенчева Петрова Енева Час --:-- Вид страна Молител С.Т.Х. Час --:-- Вид страна Заинтересована страна ОБЩИНА ЗАВЕТ Час --:-- Вид страна Заинтересована страна ТО-Кубрат към РП-2261 Час --:-- Вид страна Законен представител Т.Х.М. Час --:-- Вид страна Законен представител Г.С.М. Час --:-- Вид страна Лице за съдебен адрес С.И.В. Час 15:06 Вид дело Гражданско дело 748/2026
0df64128-45f3-414d-a04d-083accc6f3b1,2026 24 април2026 Час 15:30 Вид акт Определение 1798 Час 15:27 Вид заседание зала / резултат / Решено с акт по същество в закрито заседание Час 15:06 Вид разпределение Избран съдия/заседател Ива Илиева Стойчева Коджабашева Час --:-- Вид страна Молител М.И.Д. Час --:-- Вид страна Наследодател Т.А.У. Час 15:06 Вид дело Частно гражданско дело 1545/2026
f67745a0-6fef-490a-8f52-2ba701f4e375,2026 06 юли2026 Час 15:06 Вид акт Решение 109 30 юни2026 Час 17:13 Вид акт Протокол 139 Час 09:15 Вид заседание зала / резултат Зала № 1 / С решение по чл. 235 ГПК Час --:-- Вид страна Обвинител К.Д.П. 31 май2026 Час 18:40 Вид акт Определение 353 Час 18:37 Вид заседание зала / резултат / Насрочено за I-во заседание 27 април2026 Час 10:18 Вид акт Разпореждане 1760 Час 10:16 Вид заседание зала / резултат / С определение/разпореждане по чл. 131 ГПК/чл. 367 ГПК 24 април2026 Час 15:06 Вид разпределение Избран съдия/заседател Албена Дякова Великова Час --:-- Вид страна Молител Г.С.М. Час --:-- Вид страна Заинтересована страна ОБЩИНА ЗАВЕТ Час --:-- Вид страна Заинтересована страна ТО-Кубрат към РП-2261 Час --:-- Вид страна Лице за съдебен адрес С.И.В. Час 15:06 Вид дело Гражданско дело 747/2026
21c6d516-671c-4e39-9e86-6566d4c2d5d1,2026 27 април2026 Час --:-- Вид страна Адвокат М.Г.М. 24 април2026 Час 16:23 Вид акт Определение 9166 Час 16:21 Вид заседание зала / резултат / Решено с акт по същество в закрито заседание Час 15:05 Вид разпределение Избран съдия/заседател Цветомир Милчев Минчев Час --:-- Вид страна Молител К.И.А. Час --:-- Вид страна Молител Г.С.Г. Час --:-- Вид страна Молител М.Х.А. Час 15:05 Вид дело Частно гражданско дело 4339/2026
9c3673af-be91-43eb-b806-36cbb3b026ae,2026 24 август2026 Час 14:28 Вид акт Разпореждане 3530 Час 14:26 Вид заседание зала / резултат / С разпореждане 08 юни2026 Час 19:25 Вид акт Разпореждане 2555 Час 19:23 Вид заседание зала / резултат / С разпореждане Час 19:23 Вид акт Определение 691 Час 19:21 Вид заседание зала / резултат / Определение по чл. 402 от ГПК 24 април2026 Час 16:38 Вид акт Определение 526 Час 16:28 Вид заседание зала / резултат / Решено с акт по същество в закрито заседание Час 15:05 Вид разпределение Избран съдия/заседател Боян Христов Косев Час --:-- Вид страна Молител ЧУК - 67 ЕООД Час --:-- Вид страна Ответник БИЛДИНГ ГРУП 20 ЕООД Час --:-- Вид страна Адвокат Н.Х.Д. Час 15:05 Вид дело Частно гражданско дело 1076/2026
5d2bf3c8-2156-4977-a05d-035e4f50c92b,2026 15 юни2026 Час 14:32 Вид акт Изпълнителен лист ЗП 619 Час 13:48 Вид акт Разпореждане 3034 Час 13:46 Вид заседание зала / резултат / С разпореждане 27 април2026 Час 11:49 Вид акт Заповед за изпълнение 636 Час 11:45 Вид заседание зала / резултат / Със заповед за изпълнение 24 април2026 Час 15:05 Вид разпределение Избран съдия/заседател АННА ДИМОВА Час --:-- Вид страна Заявител ЕОС МАТРИКС ЕАД Час --:-- Вид страна Длъжник Г.А.В. Час --:-- Вид страна Адвокат Г.И.Х. Час 15:05 Вид дело Частно гражданско дело 1330/2026
3e86c61b-ca34-4396-ab21-e4e976ad7903,"2026 17 август2026 Час 15:08 Вид акт Изпълнителен лист ЗП 849 Час 15:07 Вид акт Разпореждане 2514 Час 14:47 Вид заседание зала / резултат / С разпореждане 17 юни2026 Час 14:03 Вид акт Разпореждане 2010 Час 12:45 Вид заседание зала / резултат / С разпореждане Час --:-- Вид страна Друго ВРЪЧИТЕЛЯТ НА ПРИЗОВКИ И СЪОБЩЕНИЯ ПРИ СЕЛО ЧАЛЪКОВИ, ОБЩ. РАКОВСКИ 24 април2026 Час 15:47 Вид акт Заповед за изпълнение 650 Час 15:30 Вид заседание зала / резултат / Със заповед за изпълнение Час 15:05 Вид разпределение Избран съдия/заседател Георги Тодоров Добрев Час --:-- Вид страна Заявител БЕСТ Кепитъл България ЕАД Час --:-- Вид страна Длъжник П.В.А. Час --:-- Вид страна Пълномощник Г.Я.Б. Час 15:05 Вид дело Частно гражданско дело 900/2026"
36acbfa2-36de-442c-aeff-bf5080b2a28a,2026 29 юни2026 Час 15:34 Вид акт Определение 404 Час 15:30 Вид заседание зала / резултат / Прекратено преди насрочване/разглеждане в ЗЗ 08 май2026 Час 13:51 Вид акт Разпореждане 1874 Час 13:44 Вид заседание зала / резултат / С разпореждане 27 април2026 Час 12:20 Вид акт Разпореждане 1766 Час 12:14 Вид заседание зала / резултат / Без движение 24 април2026 Час 15:05 Вид разпределение Избран съдия/заседател Диана Пенчева Петрова Енева Час --:-- Вид страна Молител Т.Х.М. Час --:-- Вид страна Заинтересована страна ОБЩИНА ГАБРОВО Час --:-- Вид страна Заинтересована страна ТО-Кубрат към РП-2261 Час --:-- Вид страна Лице за съдебен адрес С.И.В. Час 15:04 Вид дело Гражданско дело 746/2026
08f4108e-ed91-4115-83f5-97a08b65e2d1,"2026 18 септември2026 Час --:-- Вид страна Адвокат И.И.Н. Час --:-- Вид страна Адвокат М.И.Г. 25 август2026 Час 08:53 Вид акт Разпореждане 391 Час 08:50 Вид заседание зала / резултат / С определение/разпореждане по чл. 131 ГПК/чл. 367 ГПК 24 август2026 Час 08:59 Вид акт Определение 611 Час 08:57 Вид заседание зала / резултат / С определение 17 август2026 Час --:-- Вид страна Адвокат И.С.М. Час --:-- Вид страна Пълномощник Адвокатско дружество ""Чаталбашев, Петкова и Иванова"" 30 юли2026 Час 15:55 Вид акт Определение 567 Час 15:50 Вид заседание зала / резултат / С акт по чл. 83 ал.2 от ГПК 29 юли2026 Час 09:01 Вид акт Разпореждане 360 Час 08:59 Вид заседание зала / резултат / С разпореждане 20 юли2026 Час 16:13 Вид разпределение Избран съдия/заседател Диян Димитров Атанасов 04 юни2026 Час 13:47 Вид акт Разпореждане 281 Час 13:45 Вид заседание зала / резултат / С разпореждане 18 май2026 Час --:-- Вид страна Друго ТП на НОИ - Габрово 05 май2026 Час --:-- Вид страна Друго Община Севлиево, Местни данъци и такси Час --:-- Вид страна Друго ТП на НОИ - Габрово, офис Севлиево Час --:-- Вид страна Друго ТД НА НАП ВЕЛИКО ТЪРНОВО, ОФИС ГАБРОВО 27 април2026 Час 15:16 Вид акт Разпореждане 216 Час 15:14 Вид заседание зала / резултат / Без движение 24 април2026 Час 15:04 Вид разпределение Избран съдия/заседател Ива Димова Час --:-- Вид страна Ищец М.И.В. Час --:-- Вид страна Ищец И.И.В. Час --:-- Вид страна Ответник ЗД ""БУЛ ИНС"" АД Час --:-- Вид страна Адвокат С.С.Ч. Час 15:04 Вид дело Гражданско дело 213/2026"
8be68e8d-fa6f-4735-923b-2879f7ee1c7b,2026 25 септември2026 Час --:-- Вид страна Адвокат А.С.Ч. 24 септември2026 Час 17:23 Вид акт Разпореждане 26397 Час 17:18 Вид заседание зала / резултат / С разпореждане 17 септември2026 Час --:-- Вид страна Юрисконсулт Н.Я.И. 09 септември2026 Час --:-- Вид страна Ответник КРОПЪРТИ ЕООД Час --:-- Вид страна Ответник АГЕНЦИЯ ЗА СЪБИРАНЕ НА ВЗЕМАНИЯ ЕАД Час --:-- Вид страна Длъжник НЕТПЛЮС ООД 08 септември2026 Час 19:45 Вид акт Определение 18801 Час 18:17 Вид заседание зала / резултат / Решено с акт по същество в закрито заседание 04 август2026 Час 15:51 Вид разпределение Избран съдия/заседател Маргарита Илиева Николова 24 април2026 Час 15:04 Вид разпределение Избран съдия/заседател Ваня Николаева Иванова Час --:-- Вид страна Жалбоподател ЕСТЕЛ СИСТЕМС ЕООД Час 15:04 Вид дело Въззивно гражданско дело 4338/2026
8628799f-30b3-40a1-876a-423812fcd4b7,2026 22 юли2026 Час 14:18 Вид акт Определение 9033 Час 14:14 Вид заседание зала / резултат / Прекратено преди насрочване/разглеждане в ЗЗ 18 май2026 Час 10:13 Вид акт Разпореждане 9167 Час 10:09 Вид заседание зала / резултат / С разпореждане 27 април2026 Час 16:31 Вид акт Разпореждане 8006 Час 16:29 Вид заседание зала / резултат / Без движение 24 април2026 Час 15:04 Вид разпределение Избран съдия/заседател Кристина Янкова Табакова Час --:-- Вид страна Молител Банка ДСК АД Час --:-- Вид страна Наследодател Р.А.Б. Час 15:04 Вид дело Частно гражданско дело 3307/2026
1f0ef662-208a-4c05-afbf-ccaae5d295e5,"2026 16 юли2026 Час 15:32 Вид акт Разпореждане 1841 Час 15:30 Вид заседание зала / резултат / Без движение 24 април2026 Час 15:04 Вид разпределение Избран съдия/заседател Петко Русев Георгиев Час --:-- Вид страна Ищец Л.Л.Л. Час --:-- Вид страна Ответник ОБЩИНСКА СЛУЖБА ""ЗЕМЕДЕЛИЕ И ГОРИ"" - САМОКОВ Час 15:03 Вид дело Гражданско дело 884/2026"
db2b2834-4503-4f29-b025-e16301d17a17,"2026 27 април2026 Час 11:10 Вид акт Определение 115 Час 11:01 Вид заседание зала / резултат / С определение, приключващо делото 24 април2026 Час 15:04 Вид разпределение Избран съдия/заседател КРАСИМИР СЕМОВ Час --:-- Вид страна Вносител Районна прокуратура - Монтана Час --:-- Вид страна Жалбоподател А.С.Р. Час 15:03 Вид дело Частно наказателно дело 461/2026"
814ccdeb-ddea-41f3-a3b3-394795a62771,2026 09 септември2026 Час 15:41 Вид акт Изпълнителен лист ЗП 380 27 април2026 Час 10:14 Вид акт Заповед за изпълнение 280 Час 10:00 Вид заседание зала / резултат / Със заповед за изпълнение 24 април2026 Час 15:03 Вид разпределение Избран съдия/заседател Десислава Константинова Николаева Час --:-- Вид страна Кредитор БЕСТ Кепитъл България ЕАД Час --:-- Вид страна Длъжник М.А.К. Час --:-- Вид страна Пълномощник В.Л.Л. Час 15:03 Вид дело Частно гражданско дело 436/2026
abae56b1-4c1e-4451-be48-9d1eca8a57f3,2026 30 юни2026 Час 10:42 Вид акт Определение 1707 Час 10:17 Вид заседание зала / резултат / Решено с акт по същество в закрито заседание 29 май2026 Час 12:46 Вид акт Разпореждане 895 Час 12:44 Вид заседание зала / резултат / С разпореждане 20 май2026 Час 12:50 Вид акт Разпореждане 827 Час 11:52 Вид заседание зала / резултат / С разпореждане 27 април2026 Час 11:00 Вид акт Разпореждане 672 Час 10:57 Вид заседание зала / резултат / С разпореждане Час --:-- Вид страна Въззиваема страна ПРОФИ КРЕДИТ БЪЛГАРИЯ ЕООД 24 април2026 Час 15:03 Вид разпределение Избран съдия/заседател Невена Пламенова Великова Час --:-- Вид страна Въззивник Л.Т.Г. Час --:-- Вид страна Адвокат С.Г.Й. Час 15:03 Вид дело Въззивно частно гражданско дело 513/2026
c6dee41a-caf7-45d5-8f21-0801147c4187,2026 27 април2026 Час 13:27 Вид акт Изпълнителен лист ЗП 363 Час 13:22 Вид акт Заповед за изпълнение 412 24 април2026 Час 16:13 Вид заседание зала / резултат / Със заповед за изпълнение Час 15:03 Вид разпределение Избран съдия/заседател Ваня Тенева Час --:-- Вид страна Заявител ТИ БИ АЙ Банк ЕАД Час --:-- Вид страна Длъжник Л.З.Г. Час --:-- Вид страна Юрисконсулт М.Г.Н. Час 15:03 Вид дело Частно гражданско дело 1326/2026
25741586-b3a2-43b7-86a0-18a3e9a8d55a,2026 27 май2026 Час 12:26 Вид акт Определение 11456 Час 12:24 Вид заседание зала / резултат / Прекратено преди насрочване/разглеждане в ЗЗ 28 април2026 Час --:-- Вид страна Адвокат Б.С.М. 27 април2026 Час 15:40 Вид акт Разпореждане 12070 Час 15:38 Вид заседание зала / резултат / Без движение 24 април2026 Час 15:03 Вид разпределение Избран съдия/заседател Таня Кандилова Час --:-- Вид страна Молител Д.К.З. Час 15:03 Вид дело Гражданско дело 4337/2026
b9b760f4-7bc1-4cc0-b210-f7f462712ffc,2026 28 април2026 Час 15:45 Вид акт Изпълнителен лист ЗП 911 27 април2026 Час 13:09 Вид акт Разпореждане 3781 Час 13:07 Вид акт Заповед за изпълнение 1282 24 април2026 Час 15:34 Вид заседание зала / резултат / Със заповед за изпълнение Час 15:03 Вид разпределение Избран съдия/заседател Милена Ганчева Трифонова Час --:-- Вид страна Заявител Банка ДСК АД Час --:-- Вид страна Длъжник Р.Л.К. Час --:-- Вид страна Пълномощник Х.К.П. Час 15:03 Вид дело Частно гражданско дело 2365/2026
6eed4233-84bd-4de4-a8cf-936fca34803b,2026 16 септември2026 Час --:-- Вид страна Адвокат Д.М.М. 15 септември2026 Час 16:19 Вид акт Определение 1835 Час 16:17 Вид заседание зала / резултат / С определение 09 септември2026 Час 13:46 Вид акт Разпореждане 3126 Час 13:44 Вид заседание зала / резултат / Без движение 30 юли2026 Час 09:41 Вид акт Разпореждане 2799 Час 09:36 Вид заседание зала / резултат / С разпореждане 01 юни2026 Час 14:47 Вид акт Разпореждане 2223 Час 14:45 Вид заседание зала / резултат / С определение/разпореждане по чл. 131 ГПК/чл. 367 ГПК 30 април2026 Час 16:03 Вид акт Разпореждане 1868 Час 16:01 Вид заседание зала / резултат / Без движение 24 април2026 Час 15:03 Вид разпределение Избран съдия/заседател Георги Стоянов Георгиев Час --:-- Вид страна Ищец Водоснабдяване и Канализация ЕООД Ямбол Час --:-- Вид страна Ответник П.В.Б. Час --:-- Вид страна Юрисконсулт Е.Н.Д. Час 15:03 Вид дело Гражданско дело 895/2026
8c3982f9-bdcb-4dc7-b133-54a238828960,2026 27 април2026 Час 11:49 Вид акт Изпълнителен лист ЗП 165 Час 11:48 Вид акт Заповед за изпълнение 263 Час 11:47 Вид акт Разпореждане 785 Час 11:46 Вид заседание зала / резултат / Решено с акт по същество в закрито заседание 24 април2026 Час 15:03 Вид разпределение Избран съдия/заседател ИВАЙЛО КРАСИМИРОВ КЪНЕВ Час --:-- Вид страна Заявител Банка ДСК АД Час --:-- Вид страна Длъжник А.О.В. Час --:-- Вид страна Пълномощник Д.Г.Б. Час 15:03 Вид дело Частно гражданско дело 490/2026
b02dbada-af2e-4322-89ba-bf50c3653792,"2026 10 ноември2026 Час 11:00 Вид заседание зала / резултат / 15 септември2026 Час 14:45 Вид акт Определение 628 Час 14:41 Вид заседание зала / резултат / Насрочено за I-во заседание 16 юли2026 Час 12:15 Вид акт Разпореждане 1830 Час 12:12 Вид заседание зала / резултат / С определение/разпореждане по чл. 131 ГПК/чл. 367 ГПК 24 април2026 Час 15:03 Вид разпределение Избран съдия/заседател Петко Русев Георгиев Час --:-- Вид страна Ищец ЗД ""БУЛ ИНС"" АД Час --:-- Вид страна Ответник И.М.Д. Час 15:02 Вид дело Гражданско дело 883/2026"
80372878-a36d-42ed-abcb-96d5141e3ddb,2026 03 ноември2026 Час 14:45 Вид заседание зала / резултат / 28 юли2026 Час --:-- Вид страна Наследник С.Н.П. 26 юли2026 Час 22:21 Вид акт Определение 9201 Час 22:10 Вид заседание зала / резултат / Насрочено в I-во заседание БЕЗ РАЗМЯНА НА КНИЖА 08 юни2026 Час 14:14 Вид акт Разпореждане 10711 Час 14:12 Вид заседание зала / резултат / Без движение 20 май2026 Час 07:12 Вид акт Разпореждане 9381 Час 07:09 Вид заседание зала / резултат / Без движение 27 април2026 Час 10:28 Вид акт Разпореждане 7940 Час 10:25 Вид заседание зала / резултат / Без движение 24 април2026 Час 15:02 Вид разпределение Избран съдия/заседател Пламена Недкова Славова - Милева Час --:-- Вид страна Молител Банка ДСК АД Час --:-- Вид страна Наследодател Н.П.П. Час --:-- Вид страна Пълномощник А.С.Д. Час 15:02 Вид дело Частно гражданско дело 3306/2026
7921706c-b43b-497b-b63b-abb5ee2bcbca,2026 16 октомври2026 Час 15:00 Вид заседание зала / резултат / 23 септември2026 Час 15:35 Вид акт Определение 650 Час 15:31 Вид заседание зала / резултат / Насрочено за I-во заседание 19 юни2026 Час --:-- Вид страна Адвокат С.К.И. 17 юни2026 Час 12:53 Вид акт Разпореждане 1496 Час 12:51 Вид заседание зала / резултат / С определение/разпореждане по чл. 131 ГПК/чл. 367 ГПК 28 май2026 Час 14:23 Вид акт Разпореждане 1260 Час 14:21 Вид заседание зала / резултат / Без движение 24 април2026 Час 15:02 Вид разпределение Избран съдия/заседател Магдалена Димова Инджова Час --:-- Вид страна Ищец Т.И.А. Час --:-- Вид страна Ищец С.И.Д. Час --:-- Вид страна Ищец И.И.И. Час --:-- Вид страна Ответник М.Й. Час --:-- Вид страна Ответник М.М.С. Час --:-- Вид страна Ответник Й.М.С. Час --:-- Вид страна Ответник В.А.С.Н. Час --:-- Вид страна Адвокат А.А.Ч. Час 15:02 Вид дело Гражданско дело 882/2026
89df8e52-d200-4ff4-807d-7753ec936b32,2026 24 април2026 Час 16:39 Вид акт Определение 1373 Час 16:35 Вид заседание зала / резултат / Решено с акт по същество в закрито заседание Час 16:28 Вид акт Разпореждане 12308 Час 16:26 Вид заседание зала / резултат / С разпореждане Час 15:02 Вид разпределение Избран съдия/заседател Борислава Петрова Борисова-Здравкова Час --:-- Вид страна Наследодател А.Р.С. Час --:-- Вид страна Наследник Д.Г.Д. Час 15:02 Вид дело Частно гражданско дело 4507/2026
73d4fa86-b513-4a75-950c-7d37018b2be7,2026 22 юли2026 Час 15:34 Вид акт Решение 586 Час 14:52 Вид заседание зала / резултат / Решено с акт по същество в закрито заседание 27 април2026 Час --:-- Вид страна Въззивник М.М.Г. Час --:-- Вид страна Въззиваема страна А.Д.П. Час --:-- Вид страна Особен представител С.М.С. Час --:-- Вид страна Особен представител С.Я.Р. Час --:-- Вид страна Адвокат В.Р.Р. 24 април2026 Час 15:02 Вид разпределение Избран съдия/заседател Веселка Георгиева Узунова Час --:-- Вид страна Въззивник И.Г.С. Час 15:01 Вид дело Въззивно гражданско дело 769/2026
d0951699-4bb6-4832-99fe-2c0528f4eacc,2026 15 юни2026 Час 16:13 Вид акт Протокол 291 12 юни2026 Час 14:40 Вид заседание зала / резултат / 20 май2026 Час --:-- Вид страна Страна Районна прокуратура - Елин Пелин Час --:-- Вид страна Адвокат И.А.Г. 19 май2026 Час 13:45 Вид акт Разпореждане 252 Час 13:44 Вид заседание зала / резултат / С разпореждане за насрочване 24 април2026 Час 15:01 Вид разпределение Избран съдия/заседател Магдалена Димова Инджова Час --:-- Вид страна Жалбоподател Г.И.Г. Час --:-- Вид страна Админ.наказ.орган ОДМВР - София Час 15:01 Вид дело Административно наказателно дело 118/2026
ca34af55-ab52-4575-9a51-ad9a4fcf032c,"2026 28 април2026 Час 14:45 Вид акт Протокол 339 Час 14:42 Вид акт Определение 239 Час 11:00 Вид заседание зала / резултат / С определение, приключващо делото Час --:-- Вид страна Обвинител К.Г.Д. 27 април2026 Час 11:15 Вид акт Разпореждане 230 Час 11:12 Вид заседание зала / резултат / С разпореждане 24 април2026 Час 15:02 Вид разпределение Избран съдия/заседател Кристина Иванова Тодорова Час --:-- Вид страна Обвинител Окръжна прокуратура - София Час --:-- Вид страна Обвиняем Г.М.Т. Час --:-- Вид страна Защитник И.Н.Н. Час 15:01 Вид дело Частно наказателно дело 345/2026"
e98d67a6-b29c-4218-af31-ca6908ab5640,2026 18 юни2026 Час 16:19 Вид акт Протокол 502 Час 13:32 Вид Документ Вносител И.Г.Д. Час 13:30 Вид Документ Вносител ОБЩИНА БЛАГОЕВГРАД Час 09:00 Вид заседание зала / резултат Зала №4 етаж 3 / Обявено за решаване 20 май2026 Час --:-- Вид страна Юрисконсулт Георги Марчев 19 май2026 Час 18:04 Вид акт Разпореждане 587 Час 18:02 Вид заседание зала / резултат / С Определение/Разпореждане по чл. 267 от ГПК 24 април2026 Час 15:09 Вид разпределение Избран съдия/заседател Вили Дацов Час 15:07 Вид разпределение Избран съдия/заседател Николай Грънчаров Час --:-- Вид страна Жалбоподател ОБЩИНА БЛАГОЕВГРАД Час --:-- Вид страна Ответник С.Д.С. Час --:-- Вид страна Адвокат Г.Ч.М. Час --:-- Вид страна Адвокат И.Г.Д. Час --:-- Вид страна Адвокат И.Г.Д. Час 15:01 Вид дело Въззивно гражданско дело 579/2026
3697e4ca-c55b-4471-b68f-8b299dd292f8,2026 03 ноември2026 Час 11:00 Вид заседание зала / резултат / 15 септември2026 Час --:-- Вид страна Вещо лице Е.Й.П. Час --:-- Вид страна Вещо лице Д.Р.С.Ш. 14 септември2026 Час 13:22 Вид акт Определение 2527 Час 13:20 Вид заседание зала / резултат / С определение 20 юли2026 Час --:-- Вид страна Ответник ГРУПАМА АСИГУРАРИ АД Час --:-- Вид страна Адвокат Т.П.Б. 17 юли2026 Час 14:34 Вид акт Определение 2131 Час 14:32 Вид заседание зала / резултат / Насрочено за I-во заседание 01 юли2026 Час 09:34 Вид разпределение Избран съдия/заседател Валентина Жекова Кърпичева Цинцарска 30 април2026 Час 10:55 Вид акт Разпореждане 1780 Час 10:34 Вид заседание зала / резултат / С определение/разпореждане по чл. 131 ГПК/чл. 367 ГПК 28 април2026 Час --:-- Вид страна Ответник АВУС -БЪЛГАРИЯ ЕООД Час --:-- Вид страна Адвокат Н.Н.Д. 27 април2026 Час 12:29 Вид акт Разпореждане 1723 Час 12:23 Вид заседание зала / резултат / Без движение 24 април2026 Час 15:01 Вид разпределение Избран съдия/заседател АСЕН ТОТЕВ РАДЕВ Час --:-- Вид страна Ищец Д.С.А. Час 15:01 Вид дело Гражданско дело 768/2026
e5519082-e99a-4caf-8cce-98ae0e810acc,2026 28 октомври2026 Час 13:30 Вид заседание зала / резултат / 29 септември2026 Час --:-- Вид страна Адвокат Н.К.Т. 07 юли2026 Час 11:55 Вид акт Определение 8355 Час 11:42 Вид заседание зала / резултат / 08 юни2026 Час 09:47 Вид акт Разпореждане 10645 Час 09:42 Вид заседание зала / резултат / 05 юни2026 Час 15:41 Вид акт Разпореждане 10609 Час 15:30 Вид заседание зала / резултат / 29 май2026 Час 14:36 Вид акт Разпореждане 10056 Час 14:33 Вид заседание зала / резултат / 19 май2026 Час 09:50 Вид акт Разпореждане 9279 Час 09:40 Вид заседание зала / резултат / 18 май2026 Час 09:12 Вид акт Разпореждане 9153 Час 09:08 Вид заседание зала / резултат / 27 април2026 Час 17:35 Вид акт Разпореждане 8016 Час 17:17 Вид заседание зала / резултат / 24 април2026 Час 15:01 Вид разпределение Избран съдия/заседател Павел Тодоров Павлов Час --:-- Вид страна Ищец АВС УЧЕБНА АКАДЕМИЯ Сдружение Час --:-- Вид страна Ответник И.Н.Н. Час --:-- Вид страна Адвокат М.С.И. Час 15:01 Вид дело Гражданско дело 3305/2026
e84d5015-6378-4fc7-8493-2d4e5688eaee,2026 30 април2026 Час 16:50 Вид акт Изпълнителен лист ЗП 507 29 април2026 Час 16:44 Вид акт Заповед за изпълнение 1019 Час 11:23 Вид заседание зала / резултат / Със заповед за изпълнение 24 април2026 Час 15:01 Вид разпределение Избран съдия/заседател КЕТИ МИХОВА КОСЕВА Час --:-- Вид страна Заявител ТИ БИ АЙ Банк ЕАД Час --:-- Вид страна Длъжник Н.Н.Н. Час --:-- Вид страна Юрисконсулт Д.В.И. Час 15:01 Вид дело Частно гражданско дело 1408/2026
b848412b-8516-45f9-8e4e-445339b3b491,"2026 01 октомври2026 Час --:-- Вид страна Юрисконсулт Н.Р.Т. 29 юли2026 Час 13:28 Вид акт Решение 294 Час --:-- Вид страна Юрисконсулт Н.П.Д. 03 юни2026 Час 15:52 Вид акт Протокол 732 Час 11:00 Вид заседание зала / резултат Съдебна зала №3 Съдебна палата, етаж I / С решение и мотиви 21 май2026 Час --:-- Вид страна Пълномощник Т.Е.К. 04 май2026 Час --:-- Вид страна Актосъставител Ю.Б.Т. Час --:-- Вид страна Свидетел М.М.М. Час --:-- Вид страна Свидетел Д.П.Р. 30 април2026 Час 14:15 Вид акт Разпореждане 625 Час 14:14 Вид заседание зала / резултат / С разпореждане за насрочване 24 април2026 Час 15:01 Вид разпределение Избран съдия/заседател МЛАДЕН ДИМИТРОВ Час --:-- Вид страна Жалбоподател МОНОУТС ЕАД Час --:-- Вид страна Админ.наказ.орган Началник на отдел ""Охранителна полиция"" Час 15:01 Вид дело Административно наказателно дело 479/2026"
e80ac66a-62f6-4a8d-b765-66333e7a0023,2026 22 юли2026 Час 11:39 Вид акт Разпореждане 20577 Час 11:35 Вид заседание зала / резултат / С разпореждане 08 юни2026 Час 15:33 Вид акт Решение 3889 Час 11:04 Вид заседание зала / резултат / Решено с акт по същество в закрито заседание 29 април2026 Час --:-- Вид страна Страна М.С.Г. 24 април2026 Час 15:01 Вид разпределение Избран съдия/заседател Василена Петрова Мидова Час --:-- Вид страна Жалбоподател М.И.П.Л. Час --:-- Вид страна Жалбоподател Е.Е.Л. Час 15:01 Вид дело Въззивно гражданско дело 4336/2026
f9b68992-c4d1-4971-a57b-05128c3626b3,2026 19 юни2026 Час 13:59 Вид акт Определение 1643 Час 12:54 Вид заседание зала / резултат / Решено с акт по същество в закрито заседание 20 май2026 Час 16:59 Вид акт Разпореждане 832 Час 16:57 Вид акт Разпореждане 831 Час 13:18 Вид заседание зала / резултат / С разпореждане 27 април2026 Час --:-- Вид страна Въззиваема страна ТИ БИ АЙ Банк ЕАД 24 април2026 Час 15:01 Вид разпределение Избран съдия/заседател Николай Светлинов Василев Час --:-- Вид страна Въззивник Л.Т.Г. Час --:-- Вид страна Адвокат С.Г.Й. Час 15:01 Вид дело Въззивно частно гражданско дело 512/2026
5944f257-b80a-4fde-8ada-1cc52b762831,2026 10 юни2026 Час 15:35 Вид акт Изпълнителен лист ЗП 255 Час 15:34 Вид акт Разпореждане 1421 Час 15:04 Вид заседание зала / резултат / С разпореждане 27 април2026 Час 16:37 Вид акт Заповед за изпълнение 365 Час 16:34 Вид акт Разпореждане 928 Час 16:31 Вид заседание зала / резултат / Решено с акт по същество в закрито заседание Час 16:21 Вид заседание зала / резултат / С разпореждане 24 април2026 Час 15:01 Вид разпределение Избран съдия/заседател Златомира Минчева Стефанова Час --:-- Вид страна Заявител БЕСТ Кепитъл България ЕАД Час --:-- Вид страна Длъжник А.Г.А. Час --:-- Вид страна Пълномощник Б.И.К. Час 15:01 Вид дело Частно гражданско дело 462/2026
9c24fcf4-e580-407f-af86-5242ebcd5153,2026 27 април2026 Час 13:35 Вид акт Изпълнителен лист ЗП 498 Час 11:58 Вид акт Заповед за изпълнение 1581 Час 10:11 Вид акт Разпореждане 1309 24 април2026 Час 15:03 Вид заседание зала / резултат / Със заповед за изпълнение Час 15:01 Вид разпределение Избран съдия/заседател Иван Божиков Димитров Час --:-- Вид страна Заявител Банка ДСК АД Час --:-- Вид страна Длъжник Т.С.И. Час --:-- Вид страна Пълномощник Б.Р.Н. Час 15:01 Вид дело Частно гражданско дело 1893/2026
fb1c32ed-12cb-4fbb-ad15-f487d1ab49ef,2026 30 април2026 Час 11:55 Вид акт Изпълнителен лист ЗП 184 Час 11:53 Вид акт Заповед за изпълнение 366 Час 11:47 Вид акт Разпореждане 905 Час 11:46 Вид заседание зала / резултат / Със заповед за изпълнение Час 11:41 Вид заседание зала / резултат / Решено с акт по същество в закрито заседание 24 април2026 Час 17:25 Вид акт Разпореждане 854 Час 17:22 Вид заседание зала / резултат / Без движение Час 15:01 Вид разпределение Избран съдия/заседател ГАБРИЕЛА ПЕТКОВА ДИМИТРОВА Час --:-- Вид страна Заявител „ЮРОБАНК БЪЛГАРИЯ” АД Час --:-- Вид страна Длъжник А.Г.К. Час --:-- Вид страна Адвокат Д.Р.П. Час 15:01 Вид дело Частно гражданско дело 478/2026
d8e05e7a-283d-468f-acdc-3dfc0ac90fbe,2026 26 април2026 Час 19:09 Вид акт Решение 1461 Час 19:07 Вид заседание зала / резултат / С решение 24 април2026 Час 15:01 Вид разпределение Избран съдия/заседател АЛЕКСАНДРИНА ПЛАМЕНОВА ДОНЧЕВА Час --:-- Вид страна Вносител Районна прокуратура - София Час 15:01 Вид дело Частно наказателно дело 6000/2026
fde73fcd-206a-4bb4-ac1e-d0ebce0481e8,2026 01 септември2026 Час 13:13 Вид акт Разпореждане 2684 Час 13:11 Вид заседание зала / резултат / С разпореждане 27 август2026 Час 16:26 Вид акт Разпореждане 2657 Час 16:24 Вид заседание зала / резултат / С разпореждане 08 юли2026 Час 13:51 Вид акт Разпореждане 2178 Час 13:49 Вид заседание зала / резултат / С разпореждане 19 юни2026 Час 14:16 Вид акт Разпореждане 1994 Час 14:14 Вид заседание зала / резултат / С разпореждане 24 април2026 Час 18:05 Вид акт Заповед за изпълнение 378 Час 18:04 Вид заседание зала / резултат / Със заповед за изпълнение Час 15:01 Вид разпределение Избран съдия/заседател ФИЛИП ЛЮЛИНОВ МАТЕВ Час --:-- Вид страна Заявител „ЕОС МАТРИКС” ЕАД Час --:-- Вид страна Длъжник В.Л.С. Час --:-- Вид страна Адвокат Ж.Д.Д. Час 15:01 Вид дело Частно гражданско дело 734/2026
5de91039-33ba-4605-a3f5-31e2c6031e42,"2026 21 септември2026 Час 11:49 Вид акт Протокол 1123 18 септември2026 Час 11:00 Вид заседание зала / резултат Съдебна зала №1 Съдебна палата, етаж I / 10 юни2026 Час --:-- Вид страна Юрисконсулт Н.П.Д. 09 юни2026 Час 16:00 Вид акт Протокол 763 Час 10:00 Вид заседание зала / резултат Съдебна зала №1 Съдебна палата, етаж I / Отложено 04 май2026 Час --:-- Вид страна Актосъставител Ю.Б.Т. Час --:-- Вид страна Свидетел М.М.М. Час --:-- Вид страна Свидетел Д.П.Р. Час --:-- Вид страна Юрисконсулт Т.Е.К. 28 април2026 Час 15:32 Вид акт Разпореждане 605 Час 15:31 Вид заседание зала / резултат / С разпореждане за насрочване 24 април2026 Час 15:00 Вид разпределение Избран съдия/заседател ВЛАДИМИР СТРАХИЛОВ Час --:-- Вид страна Жалбоподател МОНОУТС ЕАД Час --:-- Вид страна Админ.наказ.орган Началник на отдел ""Охранителна полиция"" Час 15:00 Вид дело Административно наказателно дело 478/2026"
695d8dce-b0e0-413b-9b03-a6e40b652d80,2026 14 декември2026 Час 09:00 Вид заседание зала / резултат / 17 септември2026 Час --:-- Вид страна Вещо лице Й.П.П. 13 септември2026 Час 12:39 Вид акт Определение 11332 Час 12:37 Вид заседание зала / резултат / Насрочено за I-во заседание 29 юли2026 Час 14:20 Вид акт Разпореждане 14140 Час 13:20 Вид заседание зала / резултат / С определение/разпореждане по чл. 131 ГПК/чл. 367 ГПК 14 юли2026 Час 14:16 Вид акт Разпореждане 13162 Час 14:14 Вид заседание зала / резултат / Без движение 15 юни2026 Час --:-- Вид страна Адвокат А.Г.Н. 29 май2026 Час 11:31 Вид акт Разпореждане 10025 Час 11:30 Вид заседание зала / резултат / С определение/разпореждане по чл. 131 ГПК/чл. 367 ГПК 19 май2026 Час 14:10 Вид акт Определение 6164 Час 14:08 Вид заседание зала / резултат / С акт по чл. 83 ал.2 от ГПК 27 април2026 Час 13:00 Вид акт Разпореждане 7972 Час 12:58 Вид заседание зала / резултат / С разпореждане 24 април2026 Час 15:00 Вид разпределение Избран съдия/заседател Весела Петрова Кърпачева Час --:-- Вид страна Ищец Е.И.А. Час --:-- Вид страна Ответник ВИВА КРЕДИТ АД Час --:-- Вид страна Адвокат В.С.М. Час 15:00 Вид дело Гражданско дело 3304/2026
26667472-ce2e-4569-a5c1-4fb9958bd9c0,2026 06 август2026 Час 12:35 Вид акт Изпълнителен лист 140 28 април2026 Час 11:01 Вид акт Изпълнителен лист 79 27 април2026 Час 15:46 Вид акт Споразумение 39 Час 14:45 Вид заседание зала / резултат / Със споразумение 24 април2026 Час 15:24 Вид акт Разпореждане 393 Час 15:23 Вид заседание зала / резултат / С разпореждане за насрочване Час 15:00 Вид разпределение Избран съдия/заседател Радослава Маринова Йорданова Час --:-- Вид страна Обвинител ТО-Ихтиман към РП- Самоков Час --:-- Вид страна Обвиняем Й.В.Р. Час --:-- Вид страна Адвокат Д.С.Н. Час 15:00 Вид дело Административно наказателно дело 247/2026
301a31e7-c64e-4b9a-a0b1-3120715d8030,2026 24 април2026 Час 19:43 Вид акт Решение 1450 Час 19:41 Вид заседание зала / резултат / С решение и мотиви Час 15:00 Вид разпределение Избран съдия/заседател ДАНИЕЛА КРАСИМИРОВА ТОШЕВА Час --:-- Вид страна Вносител Районна прокуратура - София Час 15:00 Вид дело Частно наказателно дело 5999/2026
1d89bb49-56c8-4384-9e19-618b2b9b21b9,"2026 11 май2026 Час 09:47 Вид акт Определение 2153 Час 09:44 Вид заседание зала / резултат / С определение, приключващо делото 24 април2026 Час 14:59 Вид разпределение Избран съдия/заседател ЧАВДАР АЛЕКСАНДРОВ КОСТОВ Час --:-- Вид страна Вносител Районна прокуратура - София Час 14:59 Вид дело Частно наказателно дело 5998/2026"
3cf879e9-bb72-45c5-b69f-d1930d224838,2026 19 ноември2026 Час 14:00 Вид заседание зала / резултат / 30 септември2026 Час 20:55 Вид акт Определение 12134 Час 20:50 Вид заседание зала / резултат / Насрочено за I-во заседание 01 юли2026 Час --:-- Вид страна Адвокат Г.Д.М. 15 май2026 Час 12:31 Вид акт Разпореждане 9086 Час 12:28 Вид акт Определение 5998 Час 12:28 Вид заседание зала / резултат / С определение/разпореждане по чл. 131 ГПК/чл. 367 ГПК Час 12:24 Вид заседание зала / резултат / С акт по чл. 83 ал.2 от ГПК 27 април2026 Час 10:41 Вид акт Разпореждане 7944 Час 10:36 Вид заседание зала / резултат / Без движение 24 април2026 Час 14:59 Вид разпределение Избран съдия/заседател Пламена Недкова Славова - Милева Час --:-- Вид страна Ищец Е.И.А. Час --:-- Вид страна Ответник Микро Кредит ЕАД Час --:-- Вид страна Адвокат В.С.М. Час 14:59 Вид дело Гражданско дело 3303/2026
f6aa3ac1-667a-4ca0-bf7a-80ee3ce1ef7c,2026 02 юни2026 Час 16:20 Вид акт Изпълнителен лист ЗП 296 Час 15:40 Вид акт Заповед за изпълнение 524 Час 15:13 Вид заседание зала / резултат / Със заповед за изпълнение Час 15:13 Вид акт Разпореждане 1347 Час 14:59 Вид заседание зала / резултат / С разпореждане 24 април2026 Час 14:59 Вид разпределение Избран съдия/заседател Мартина Иванова Кирова Час --:-- Вид страна Заявител ТИ БИ АЙ Банк ЕАД Час --:-- Вид страна Длъжник Х.В.А. Час --:-- Вид страна Юрисконсулт М.Г.Н. Час 14:59 Вид дело Частно гражданско дело 674/2026
f09c0c5f-704f-4a5a-b4a3-076b33fd7081,2026 11 август2026 Час 11:11 Вид акт Изпълнителен лист ЗП 549 Час 11:11 Вид акт Разпореждане 3578 Час 10:05 Вид заседание зала / резултат / С разпореждане 14 юли2026 Час 14:29 Вид акт Разпореждане 2998 13 юли2026 Час 15:50 Вид заседание зала / резултат / С разпореждане 15 юни2026 Час 11:32 Вид акт Разпореждане 2392 Час 11:30 Вид заседание зала / резултат / С разпореждане 24 април2026 Час 15:29 Вид акт Заповед за изпълнение 384 Час 15:27 Вид заседание зала / резултат / Със заповед за изпълнение Час 14:59 Вид разпределение Избран съдия/заседател НЕЛИ ГЕНЧЕВА Час --:-- Вид страна Заявител БЕСТ Кепитъл България ЕАД Час --:-- Вид страна Длъжник М.Й.М. Час --:-- Вид страна Пълномощник В.Л.Л. Час 14:59 Вид дело Частно гражданско дело 793/2026
d5f5faf2-2feb-488b-b5a4-a6b478cb729a,2026 20 юли2026 Час 13:19 Вид акт Разпореждане 966 Час 13:17 Вид заседание зала / резултат / С разпореждане 17 юни2026 Час 12:59 Вид акт Разпореждане 814 Час 12:56 Вид заседание зала / резултат / С разпореждане 20 май2026 Час 14:03 Вид акт Разпореждане 668 Час 14:01 Вид заседание зала / резултат / С разпореждане 27 април2026 Час 12:58 Вид акт Заповед за изпълнение 310 Час 12:51 Вид заседание зала / резултат / Със заповед за изпълнение 24 април2026 Час 14:59 Вид разпределение Избран съдия/заседател Магдалена Георгиева Татарева Кръстева Час --:-- Вид страна Заявител ЕОС МАТРИКС ЕАД Час --:-- Вид страна Длъжник Г.О.Г. Час --:-- Вид страна Адвокат Г.И.Х. Час 14:59 Вид дело Частно гражданско дело 368/2026
124816ef-78a5-48eb-893a-ccca21ce25ea,2026 30 април2026 Час 10:29 Вид акт Изпълнителен лист ЗП 567 Час 10:27 Вид акт Заповед за изпълнение 898 Час 10:23 Вид заседание зала / резултат / Със заповед за изпълнение 28 април2026 Час 14:21 Вид акт Разпореждане 1245 Час 14:19 Вид заседание зала / резултат / Без движение 24 април2026 Час 14:59 Вид разпределение Избран съдия/заседател Борислав Кирилов Тончев Час --:-- Вид страна Заявител ДИРЕКЦИЯ СОЦИАЛНО ПОДПОМАГАНЕ БУРГАС Час --:-- Вид страна Длъжник Н.М.К. Час --:-- Вид страна Представител Д.Н.Д. Час 14:59 Вид дело Частно гражданско дело 1098/2026
9f43a1ec-6596-44ef-9597-9985758e1b31,2026 24 април2026 Час 16:26 Вид акт Определение 241 Час 16:23 Вид заседание зала / резултат / Прекратява поради изпращане по подсъдност Час 14:59 Вид разпределение Избран съдия/заседател ЕМИЛ БОБЕВ Час --:-- Вид страна Жалбоподател Н.Н.Д. Час --:-- Вид страна Админ.наказ.орган ОДМВР - Велико Търново Час 14:59 Вид дело Административно наказателно дело 477/2026
b6b247bf-9dad-4919-a6e0-ab2ca03646f2,2026 30 април2026 Час 12:36 Вид акт Изпълнителен лист ЗП 469 Час 12:36 Вид акт Заповед за изпълнение 738 Час 12:32 Вид заседание зала / резултат / Със заповед за изпълнение 24 април2026 Час 15:14 Вид акт Разпореждане 907 Час 15:09 Вид заседание зала / резултат / Час 14:59 Вид разпределение Избран съдия/заседател Петко Русев Георгиев Час --:-- Вид страна Заявител ЕЙ УАН ВИЖЪН ЕООД Час --:-- Вид страна Длъжник Н.Н.К. Час --:-- Вид страна Юрисконсулт Р.С. Час 14:59 Вид дело Частно гражданско дело 881/2026
4fd287e0-1797-4a1b-bec5-07381d584900,2026 15 декември2026 Час 09:30 Вид заседание зала / резултат / 02 октомври2026 Час 09:47 Вид акт Определение 12208 Час 09:30 Вид заседание зала / резултат / Час --:-- Вид страна Вещо лице Б.Р.Д. Час --:-- Вид страна Адвокат Д.А.Д. 11 август2026 Час 09:44 Вид акт Разпореждане 14766 Час 09:40 Вид заседание зала / резултат / 30 юни2026 Час 08:54 Вид акт Разпореждане 12231 Час 08:46 Вид заседание зала / резултат / 27 май2026 Час 14:13 Вид акт Определение 6519 Час 14:02 Вид заседание зала / резултат / 27 април2026 Час 16:53 Вид акт Разпореждане 8011 Час 16:49 Вид заседание зала / резултат / 24 април2026 Час 14:59 Вид разпределение Избран съдия/заседател Павел Тодоров Павлов Час --:-- Вид страна Ищец Т.П.А. Час --:-- Вид страна Ответник КЕШ КРЕДИТ МОБАЙЛ ЕАД Час --:-- Вид страна Ответник Кредит Гаранция ЕООД Час --:-- Вид страна Адвокат В.С.М. Час 14:58 Вид дело Гражданско дело 3302/2026
6cf24715-6660-448b-a612-646bc57c5420,2026 08 май2026 Час 19:02 Вид акт Определение 1326 Час 16:53 Вид заседание зала / резултат / Решено с акт по същество в закрито заседание 27 април2026 Час --:-- Вид страна Въззиваема страна С.Н.Д. 24 април2026 Час 14:58 Вид разпределение Избран съдия/заседател Росина Николаева Дончева Час --:-- Вид страна Въззивник ТИ БИ АЙ Банк ЕАД Час --:-- Вид страна Юрисконсулт М.Н. Час 14:58 Вид дело Въззивно частно гражданско дело 511/2026
e93c363b-ed78-4abb-9dc5-cf407b5530f6,"2026 24 април2026 Час 15:27 Вид акт Разпореждане 772 Час 15:11 Вид заседание зала / резултат / С разпореждане, приключващо делото Час 14:58 Вид разпределение Избран съдия/заседател Мирослав Цветанов Марков Час --:-- Вид страна Вносител ОДМВР - Шумен Час 14:58 Вид дело Частно наказателно дело 907/2026"
ea59e959-1f60-4cad-8482-fb6f38d8c691,2026 22 октомври2026 Час 13:55 Вид заседание зала / резултат / 16 септември2026 Час 11:11 Вид акт Разпореждане 1497 Час 11:09 Вид заседание зала / резултат / С разпореждане 08 септември2026 Час 15:38 Вид акт Определение 746 Час 15:36 Вид заседание зала / резултат / Насрочено за I-во заседание 08 юли2026 Час 09:22 Вид акт Разпореждане 1122 Час 09:19 Вид заседание зала / резултат / С разпореждане 29 юни2026 Час 11:21 Вид акт Разпореждане 1072 Час 11:19 Вид заседание зала / резултат / С определение/разпореждане по чл. 131 ГПК/чл. 367 ГПК 08 юни2026 Час 11:08 Вид акт Разпореждане 903 Час 11:06 Вид заседание зала / резултат / С определение/разпореждане по чл. 131 ГПК/чл. 367 ГПК 12 май2026 Час 09:44 Вид акт Разпореждане 750 Час 09:41 Вид заседание зала / резултат / С разпореждане 27 април2026 Час 11:20 Вид акт Разпореждане 636 Час 11:18 Вид заседание зала / резултат / С определение/разпореждане по чл. 131 ГПК/чл. 367 ГПК 24 април2026 Час 14:58 Вид разпределение Избран съдия/заседател Симеон Симеонов Михов Час --:-- Вид страна Ищец Окръжна прокуратура - Бургас Час --:-- Вид страна Ответник ТОДОР МИХНЕВ СТОЙЧЕВ-2010 ЕООД Час 14:58 Вид дело Търговско дело 162/2026
69a46024-9414-4c6b-848e-cb0d593252f2,2026 16 ноември2026 Час 09:30 Вид заседание зала / резултат / 14 август2026 Час --:-- Вид страна Адвокат Н.Г.Ш. 13 август2026 Час 14:19 Вид акт Определение 10134 Час 14:16 Вид заседание зала / резултат / Насрочено за I-во заседание 04 май2026 Час 11:54 Вид акт Разпореждане 8366 Час 11:53 Вид заседание зала / резултат / С определение/разпореждане по чл. 131 ГПК/чл. 367 ГПК 28 април2026 Час 11:29 Вид акт Разпореждане 8041 Час 11:27 Вид заседание зала / резултат / Без движение 24 април2026 Час 14:58 Вид разпределение Избран съдия/заседател Надежда Георгиева Славчева - Андонова Час --:-- Вид страна Ищец В.М.Л. Час --:-- Вид страна Ответник КРЕДИ ЙЕС ООД Час --:-- Вид страна Адвокат Н.С.С. Час 14:58 Вид дело Гражданско дело 3301/2026
1fb98196-e164-47ef-b4b0-66bde1cda4f1,"2026 24 април2026 Час 15:28 Вид акт Разпореждане 773 Час 15:10 Вид заседание зала / резултат / С разпореждане, приключващо делото Час 14:58 Вид разпределение Избран съдия/заседател Мирослав Цветанов Марков Час --:-- Вид страна Вносител ОДМВР - Шумен Час 14:57 Вид дело Частно наказателно дело 906/2026"
0885451c-07d4-48ab-9fc5-e9221e7132ae,2026 07 октомври2026 Час 09:30 Вид заседание зала / резултат Зала 5 етаж 2 / 23 юни2026 Час --:-- Вид страна Адвокат Н.Г.Ш. 22 юни2026 Час 14:15 Вид акт Определение 7730 Час 14:12 Вид заседание зала / резултат / Насрочено за I-во заседание 04 май2026 Час 09:07 Вид акт Разпореждане 8340 Час 09:03 Вид заседание зала / резултат / С определение/разпореждане по чл. 131 ГПК/чл. 367 ГПК 27 април2026 Час 13:31 Вид акт Разпореждане 7982 Час 13:28 Вид заседание зала / резултат / Без движение 24 април2026 Час 14:57 Вид разпределение Избран съдия/заседател Анета Александрова Трайкова Час --:-- Вид страна Ищец В.М.Л. Час --:-- Вид страна Ответник КРЕДИ ЙЕС ООД Час --:-- Вид страна Адвокат Н.С.С. Час 14:57 Вид дело Гражданско дело 3300/2026
d9ec0d74-f312-4482-aedc-802715ecbfea,2026 11 юни2026 Час 10:51 Вид акт Определение 435 Час 10:47 Вид заседание зала / резултат / Прекратено преди насрочване/разглеждане в ЗЗ Час --:-- Вид страна Адвокат П.Г.П. 27 май2026 Час 09:32 Вид акт Разпореждане 1444 Час 09:31 Вид заседание зала / резултат / С определение/разпореждане по чл. 131 ГПК/чл. 367 ГПК 05 май2026 Час 09:13 Вид акт Разпореждане 1161 Час 09:11 Вид заседание зала / резултат / Без движение 24 април2026 Час 16:31 Вид акт Разпореждане 1051 Час 16:26 Вид заседание зала / резултат / Без движение Час 16:17 Вид разпределение Избран съдия/заседател ДАНИЕЛА ХРИСТОВА ВЪЛЕВА Час --:-- Вид страна Ищец ПЪРВА ИНВЕСТИЦИОННА БАНКА АД Час --:-- Вид страна Ответник А.К.А. Час --:-- Вид страна Представител Г.Ф.Д. Час 14:57 Вид дело Гражданско дело 273/2026
9ed6a219-f8dc-4f5c-bf65-047c73151014,2026 15 юни2026 Час 18:26 Вид акт Изпълнителен лист ЗП 4149 Час 18:26 Вид акт Разпореждане 17723 Час 10:49 Вид заседание зала / резултат / С разпореждане 24 април2026 Час 16:56 Вид акт Заповед за изпълнение 3671 Час 16:56 Вид акт Разпореждане 12320 Час 16:14 Вид заседание зала / резултат / Решено с акт по същество в закрито заседание Час 14:57 Вид разпределение Избран съдия/заседател Борислава Петрова Борисова-Здравкова Час --:-- Вид страна Заявител А1 България ЕАД Час --:-- Вид страна Длъжник Н.А.А. Час --:-- Вид страна Представител М.М.К. Час 14:57 Вид дело Частно гражданско дело 4506/2026
b7d06d50-53bf-4b8b-af3a-7eda5d3c4eed,2026 24 април2026 Час 15:46 Вид акт Заповед за изпълнение 506 Час 15:43 Вид заседание зала / резултат / Със заповед за изпълнение Час 14:57 Вид разпределение Избран съдия/заседател Божидарка Данчова Йосифова Час --:-- Вид страна Заявител Топлофикация София ЕАД Час --:-- Вид страна Друго О.Г.Л. Час --:-- Вид страна Длъжник МИДБОЛКАН ИНФРАСТРАКЧУРАЛ ПРОДЖЕКТС ООД Час --:-- Вид страна Представляващ П.Р.П. Час --:-- Вид страна Представляващ Р.Д.Г. Час --:-- Вид страна Юрисконсулт И.М.М. Час 14:57 Вид дело Частно гражданско дело 650/2026
62e6fb87-05de-4b24-b0ab-11f9a0c7c9dc,"2026 13 май2026 Час 14:18 Вид акт Протокол 139 28 април2026 Час 12:36 Вид акт Определение 67 Час 11:30 Вид заседание зала / резултат / С определение, приключващо делото Час --:-- Вид страна Обвинител Ц.К.К. 27 април2026 Час 09:55 Вид акт Разпореждане 149 Час 09:53 Вид заседание зала / резултат / С разпореждане за насрочване 24 април2026 Час 14:57 Вид разпределение Избран съдия/заседател ДАНИЕЛА ЙОРДАНОВА ИГНАТОВА Час --:-- Вид страна Вносител ТО-Балчик към РП-Добрич Час --:-- Вид страна Обвиняем В.С.З. Час --:-- Вид страна Адвокат К.В.С. Час 14:56 Вид дело Частно наказателно дело 93/2026"
d71dcd56-0619-40b3-8674-20d926fe0133,"2026 24 април2026 Час 15:28 Вид акт Разпореждане 774 Час 15:08 Вид заседание зала / резултат / С разпореждане, приключващо делото Час 14:57 Вид разпределение Избран съдия/заседател Мирослав Цветанов Марков Час --:-- Вид страна Вносител ОДМВР - Шумен Час 14:56 Вид дело Частно наказателно дело 905/2026"
9e99d658-a234-4d3b-b8e2-1678b73247ef,"2026 15 май2026 Час 11:23 Вид акт Решение 151 Час 11:11 Вид заседание зала / резултат / Решено с акт по същество в закрито заседание 27 април2026 Час 16:44 Вид акт Разпореждане 647 Час 16:36 Вид акт Разпореждане 646 Час 16:30 Вид заседание зала / резултат / С разпореждане Час 16:28 Вид заседание зала / резултат / Без движение 24 април2026 Час 14:57 Вид разпределение Избран съдия/заседател АСЕН ТОТЕВ РАДЕВ Час --:-- Вид страна Жалбоподател Кооперация ""ПК ИЗГРЕВ"" Час --:-- Вид страна Ответник АГЕНЦИЯ ПО ВПИСВАНИЯТА Час --:-- Вид страна Адвокат Р.Г.А. Час 14:56 Вид дело Търговско дело 161/2026"
86c38595-b300-4070-8c56-abbcdd190e22,"2026 09 септември2026 Час 14:11 Вид акт Разпореждане 16360 Час 14:07 Вид заседание зала / резултат / С определение/разпореждане по чл. 131 ГПК/чл. 367 ГПК 31 август2026 Час 16:14 Вид акт Разпореждане 15938 Час 16:11 Вид заседание зала / резултат / Без движение 01 юли2026 Час --:-- Вид страна Адвокат Адвокатско дружество ""Нестори, Угляров, Милчев"" 29 май2026 Час 14:39 Вид акт Разпореждане 10057 Час 14:37 Вид заседание зала / резултат / С определение/разпореждане по чл. 131 ГПК/чл. 367 ГПК Час 14:37 Вид акт Определение 6682 Час 14:28 Вид заседание зала / резултат / С акт по чл. 83 ал.2 от ГПК 07 май2026 Час 14:50 Вид акт Разпореждане 8578 Час 14:48 Вид заседание зала / резултат / Без движение 24 април2026 Час 14:56 Вид разпределение Избран съдия/заседател Мария Милкова Дългичева Час --:-- Вид страна Ищец Т.А.К. Час --:-- Вид страна Ответник СИТИ КЕШ ООД Час --:-- Вид страна Адвокат В.С.М. Час 14:56 Вид дело Гражданско дело 3299/2026"
2c0f6aeb-c2ff-4d5e-a445-54af17a62117,2026 05 май2026 Час 13:20 Вид акт Определение 1297 Час 13:18 Вид заседание зала / резултат / Прекратено преди насрочване/разглеждане в ЗЗ 24 април2026 Час 14:56 Вид разпределение Избран съдия/заседател Ивайло Петров Георгиев Час --:-- Вид страна Ищец КАРГОЛОГ ООД Час --:-- Вид страна Ответник А.С.М. Час 14:56 Вид дело Гражданско дело 510/2026
97ea4088-0993-42db-b11a-56282b92c493,2026 14 септември2026 Час 14:40 Вид акт Изпълнителен лист 42 10 септември2026 Час 15:22 Вид акт Споразумение 9 Час 14:00 Вид заседание зала / резултат / Със споразумение Час --:-- Вид страна Обвинител Б.Т.Б. 28 август2026 Час 11:54 Вид акт Протокол 57 27 август2026 Час 14:30 Вид заседание зала / резултат / Отложено 05 август2026 Час 12:28 Вид акт Протокол 55 04 август2026 Час 10:30 Вид заседание зала / резултат / Отложено 07 юли2026 Час 13:15 Вид акт Протокол 48 Час 11:40 Вид заседание зала / резултат / Отложено 09 юни2026 Час 12:41 Вид акт Протоколно определение 41 Час 09:45 Вид заседание зала / резултат / Отложено 20 май2026 Час 14:55 Вид акт Протокол 33 19 май2026 Час 11:30 Вид заседание зала / резултат ЗАЛА 1 етаж 1 / Отложено 13 май2026 Час --:-- Вид страна Обвинител П.И.Й. 27 април2026 Час 15:11 Вид акт Разпореждане 21 Час 15:00 Вид заседание зала / резултат / С разпореждане за насрочване 24 април2026 Час 14:56 Вид разпределение Избран съдия/заседател Вяра Петракиева - Велинова Час --:-- Вид страна Обвинител Районна прокуратура - Габрово Час --:-- Вид страна Обвинител Б.Т.Б. Час --:-- Вид страна Подсъдим К.П.Д. Час --:-- Вид страна Свидетел И.П.И. Час --:-- Вид страна Свидетел Е.Б.Т. Час --:-- Вид страна Свидетел К.Д.Д. Час --:-- Вид страна Вещо лице ВЕЛИСЛАВА ПЕТРОВА ДАУТЕВА Час --:-- Вид страна Вещо лице ИВО ДИМИТРОВ ИВАНОВ Час --:-- Вид страна Вещо лице С.И.Х.П. Час --:-- Вид страна Вещо лице ЕВГЕНИЯ СТЕФАНОВА НИКОЛОВА Час --:-- Вид страна Защитник Д.Т.Д. Час 14:56 Вид дело Наказателно дело от общ характер 22/2026
da7a8f70-bec4-4026-822e-0b021c86b826,2026 05 май2026 Час 11:11 Вид акт Определение 1284 Час --:-- Вид заседание зала / резултат / Проведено 27 април2026 Час 09:47 Вид акт Разпореждане 1201 Час --:-- Вид заседание зала / резултат / Проведено 24 април2026 Час 15:51 Вид акт Разпореждане 1195 Час 14:56 Вид разпределение Избран съдия/заседател Диана Калоянова Час --:-- Вид страна Жалбоподател Р.С.Р. Час --:-- Вид страна Ответник ДИРЕКТОР НА РДСП - РУСЕ Час --:-- Вид заседание зала / резултат / Проведено Час 14:56 Вид дело Административно дело 317/2026
87e5d3a9-ad0d-40e5-bdb7-a27d5cdc8aff,"2026 23 септември2026 Час 11:32 Вид акт Разпореждане 3808 Час 11:18 Вид заседание зала / резултат / С разпореждане 08 септември2026 Час 11:26 Вид акт Разпореждане 3544 Час 11:16 Вид заседание зала / резултат / С разпореждане 14 август2026 Час 10:09 Вид акт Разпореждане 3298 Час 10:01 Вид заседание зала / резултат / С разпореждане 22 юли2026 Час 15:34 Вид акт Определение 2160 Час 14:47 Вид заседание зала / резултат / Прекратено преди насрочване/разглеждане в ЗЗ 27 април2026 Час --:-- Вид страна Въззиваема страна БЕКС ЕКСПЕРТ ЕООД Час --:-- Вид страна Въззиваема страна БУЛЕЛЕКТРИКС ЕООД Час --:-- Вид страна Въззиваема страна КОНТИЛИНКС ЕООД Час --:-- Вид страна Въззиваема страна УниКредит Булбанк АД Час --:-- Вид страна Въззиваема страна НОВОКЕМ КЕРЕСКЕДЕЛМИ ЕС СЦОЛГАЛТАТО КФТ, № 01-09-169633 Час --:-- Вид страна Въззиваема страна ТК РУВИТЕКС ИНДЪСТРИ ЕООД Час --:-- Вид страна Въззиваема страна МКМ-БГ ГРУП ЕООД Час --:-- Вид страна Въззиваема страна РДК - Регионална дистрибуционна компания ЕООД Час --:-- Вид страна Въззиваема страна М.К.М. Час --:-- Вид страна Адвокат Я.Д.Ч. Час --:-- Вид страна Адвокат И.Л.Н. Час --:-- Вид страна Адвокат Т.Ч.Т. 24 април2026 Час 14:56 Вид разпределение Избран съдия/заседател Веселка Георгиева Узунова Час --:-- Вид страна Въззивник БУЛЕЛЕКТРИКС ИНЖЕНЕРИНГ ЕООД Час 14:56 Вид дело Въззивно гражданско дело 767/2026"
1f22912a-fb47-41e0-bbd2-a9885f1fc1d2,2026 27 април2026 Час 10:39 Вид акт Определение 230 Час 10:37 Вид заседание зала / резултат / Решено с акт по същество в закрито заседание 24 април2026 Час 14:56 Вид разпределение Избран съдия/заседател ДАНИЕЛА ЙОРДАНОВА ИГНАТОВА Час --:-- Вид страна Наследодател М.К.М. Час --:-- Вид страна Наследник М.М.К. Час 14:56 Вид дело Частно гражданско дело 477/2026
96cc8200-d6fc-4eee-946f-2d344c04d7d5,"2026 06 октомври2026 Час 10:51 Вид акт Определение 12334 Час 10:49 Вид заседание зала / резултат / Прекратено преди насрочване/разглеждане в ЗЗ 14 август2026 Час 14:55 Вид акт Разпореждане 15071 Час 14:53 Вид заседание зала / резултат / Без движение 15 май2026 Час 16:15 Вид акт Разпореждане 9127 Час 16:12 Вид заседание зала / резултат / С определение/разпореждане по чл. 131 ГПК/чл. 367 ГПК 28 април2026 Час 11:21 Вид акт Разпореждане 8040 Час 11:20 Вид заседание зала / резултат / Без движение 24 април2026 Час 14:55 Вид разпределение Избран съдия/заседател Надежда Георгиева Славчева - Андонова Час --:-- Вид страна Молител В.А.А. Час --:-- Вид страна Контролираща страна Районна прокуратура - Пловдив Час --:-- Вид страна Заинтересована страна ОБЩИНА ПЛОВДИВ, Район Тракия Час --:-- Вид страна Адвокат М.Г.Н. Час 14:55 Вид дело Гражданско дело 3298/2026"
722022b7-aad2-4de7-b4d2-29ca0db7ac32,2026 06 юли2026 Час 13:50 Вид заседание зала / резултат / Проведено 13 май2026 Час 11:02 Вид акт Разпореждане 18090 Час --:-- Вид заседание зала / резултат / Проведено 24 април2026 Час 17:19 Вид акт Разпореждане 15930 Час 17:08 Вид акт Определение 15926 Час 14:55 Вид разпределение Избран съдия/заседател Веселина Женаварова Час --:-- Вид страна Жалбоподател П.С.Е. Час --:-- Вид страна Ответник ДИРЕКТОРА НА ОБЛАСТНАТА ДИРЕКЦИЯ ПО БЕЗОПАСНОСТ НА ХРАНИТЕ СОФИЯ-ГРАД Час --:-- Вид страна Адвокат А.Ж.Г. Час --:-- Вид заседание зала / резултат / Проведено Час --:-- Вид заседание зала / резултат / Проведено Час 14:55 Вид дело Административно дело 4828/2026
3fa63c2d-ac19-4f12-b13a-d068195315f2,2026 31 август2026 Час 16:26 Вид акт Разпореждане 8803 Час 15:37 Вид акт Изпълнителен лист 830 Час 15:32 Вид заседание зала / резултат / С разпореждане 14 юли2026 Час 15:51 Вид акт Решение 1042 08 юли2026 Час 16:26 Вид акт Протокол 1751 Час 14:45 Вид Документ Вносител А.П.К. Час 10:25 Вид заседание зала / резултат Зала X етаж 1 / С решение по чл. 235 ГПК 02 юни2026 Час 14:41 Вид акт Определение 2131 Час 14:00 Вид заседание зала / резултат / С определение за насрочване 27 април2026 Час 15:02 Вид акт Разпореждане 3789 Час 15:00 Вид заседание зала / резултат / С определение/разпореждане по чл. 131 ГПК/чл. 367 ГПК Час --:-- Вид страна Ответник СУЕЕ СВ.КОНСТАНТИН-КИРИЛ ФИЛОСОФ Час --:-- Вид страна Адвокат А.П.К. 24 април2026 Час 14:55 Вид разпределение Избран съдия/заседател Дарин Николаев Йорданов Час --:-- Вид страна Ищец В.Н.Н. Час 14:55 Вид дело Гражданско дело 2364/2026
3a79cbb2-70d0-4899-82ad-f8728e649567,2026 28 април2026 Час 11:27 Вид акт Протокол 455 Час 11:26 Вид акт Споразумение 112 Час 11:26 Вид акт Определение 291 Час 10:00 Вид заседание зала / резултат / Със споразумение 27 април2026 Час --:-- Вид страна Обвинител Л.М.Г. 24 април2026 Час 15:58 Вид акт Разпореждане 775 Час 15:56 Вид заседание зала / резултат / С разпореждане за насрочване Час 14:55 Вид разпределение Избран съдия/заседател Пламена Колева Недялкова Час --:-- Вид страна Вносител Районна прокуратура - Шумен Час --:-- Вид страна Обвиняем С.Д.И. Час --:-- Вид страна Адвокат К.С.А. Час 14:55 Вид дело Наказателно дело от общ характер 904/2026
e7813650-628a-4758-a3c2-9ae79bb33167,2026 24 април2026 Час 15:04 Вид акт Заповед за изпълнение 1570 Час 15:01 Вид заседание зала / резултат / Със заповед за изпълнение Час 14:55 Вид разпределение Избран съдия/заседател Мирослав Руменов Саневски Час --:-- Вид страна Заявител АПС БЕТА БЪЛГАРИЯ ЕООД Час --:-- Вид страна Друго П.В. Час --:-- Вид страна Друго Х.М. Час --:-- Вид страна Длъжник В.В.В. Час --:-- Вид страна Юрисконсулт Б.Д.Т. Час 14:55 Вид дело Частно гражданско дело 1892/2026
66440ff6-ebe8-4100-8ec5-6074651fd2f1,2026 06 юли2026 Час 10:55 Вид акт Изпълнителен лист ЗП 58 Час 10:52 Вид акт Разпореждане 1228 Час 10:51 Вид заседание зала / резултат / С разпореждане Час 10:50 Вид заседание зала / резултат / С разпореждане 27 април2026 Час 15:14 Вид акт Заповед за изпълнение 46 Час 15:12 Вид акт Разпореждане 721 Час 15:11 Вид заседание зала / резултат / Със заповед за изпълнение Час 15:09 Вид заседание зала / резултат / С разпореждане 24 април2026 Час 14:55 Вид разпределение Избран съдия/заседател Светослав Николаев Николов Час --:-- Вид страна Заявител БЕСТ Кепитъл България ЕАД Час --:-- Вид страна Длъжник М.С.И. Час --:-- Вид страна Пълномощник В.Л.Л. Час 14:55 Вид дело Частно гражданско дело 195/2026
0b3f160f-eb6c-4392-81be-c618ffdd4222,2026 24 април2026 Час 16:38 Вид акт Определение 225 Час 16:29 Вид заседание зала / резултат / Решено с акт по същество в закрито заседание Час 14:55 Вид разпределение Избран съдия/заседател ГАБРИЕЛА ПЕТКОВА ДИМИТРОВА Час --:-- Вид страна Наследодател М.К.М. Час --:-- Вид страна Наследник А.М.К. Час 14:55 Вид дело Частно гражданско дело 476/2026
8618cbf9-560f-4316-a569-5c072772e77d,2026 04 юни2026 Час 15:06 Вид акт Изпълнителен лист ЗП 403 03 юни2026 Час 18:04 Вид акт Заповед за изпълнение 694 Час 17:59 Вид заседание зала / резултат / Решено с акт по същество в закрито заседание Час 17:52 Вид акт Разпореждане 1697 Час 17:49 Вид заседание зала / резултат / Решено с акт по същество в закрито заседание 24 април2026 Час 14:55 Вид разпределение Избран съдия/заседател Янко Венциславов Чавеев Час --:-- Вид страна Заявител „ЮРОБАНК БЪЛГАРИЯ” АД Час --:-- Вид страна Длъжник А.Е.М. Час --:-- Вид страна Адвокат С.Г.З. Час 14:55 Вид дело Частно гражданско дело 612/2026
4f2e073c-b5a2-4d9f-b663-9c2662675b3c,2026 24 август2026 Час 16:30 Вид акт Разпореждане 15510 Час 16:21 Вид заседание зала / резултат / С разпореждане 10 август2026 Час --:-- Вид страна Адвокат М.Б.И. 17 юни2026 Час 12:12 Вид акт Разпореждане 11422 Час 12:09 Вид заседание зала / резултат / С определение/разпореждане по чл. 131 ГПК/чл. 367 ГПК 08 юни2026 Час 09:33 Вид акт Разпореждане 10642 Час 09:29 Вид заседание зала / резултат / С разпореждане 22 май2026 Час 11:08 Вид акт Разпореждане 9563 Час 11:06 Вид заседание зала / резултат / Без движение 24 април2026 Час 14:54 Вид разпределение Избран съдия/заседател София Сотирова Монева Час --:-- Вид страна Ищец Д.Г.В. Час --:-- Вид страна Ответник Д.Р.В. Час --:-- Вид страна Ответник Р.Г.В. Час --:-- Вид страна Ответник Е.М.В. Час --:-- Вид страна Адвокат С.Д.Г. Час 14:54 Вид дело Гражданско дело 3297/2026
55da978b-7dd5-4b15-9309-2b9bb0ca716a,"2026 25 април2026 Час 18:58 Вид акт Определение 299 Час 18:51 Вид заседание зала / резултат / С определение, приключващо делото 24 април2026 Час 14:54 Вид разпределение Избран съдия/заседател МИНКА КИРЧЕВА Час --:-- Вид страна Вносител Районна прокуратура - Добрич Час 14:54 Вид дело Частно наказателно дело 434/2026"
3c42ec15-5642-44b2-82e4-48572fceadb9,2026 24 април2026 Час 15:59 Вид акт Определение 1223 Час 15:55 Вид заседание зала / резултат / Прекратено преди насрочване/разглеждане в ЗЗ Час 14:54 Вид разпределение Избран съдия/заседател Ирина Руменова Славчева Час --:-- Вид страна Ищец КАРГОЛОГ ООД Час --:-- Вид страна Ответник Р.А.С. Час --:-- Вид страна Адвокат С.А.Д. Час 14:54 Вид дело Гражданско дело 509/2026
28a263ff-017a-413d-94c1-48d8ca3bb904,2026 03 август2026 Час 12:12 Вид акт Разпореждане 896 Час 12:08 Вид заседание зала / резултат / С разпореждане 27 юли2026 Час 15:11 Вид акт Разпореждане 877 Час 15:08 Вид заседание зала / резултат / С разпореждане 29 юни2026 Час 10:24 Вид акт Решение 327 18 юни2026 Час 16:20 Вид акт Протокол 504 Час 13:15 Вид Документ Вносител Н.Р.Б. Час 13:09 Вид Документ Вносител ОБЩИНА БЛАГОЕВГРАД Час 09:00 Вид заседание зала / резултат Зала №4 етаж 3 / Обявено за решаване 08 май2026 Час 18:28 Вид акт Разпореждане 534 Час 18:22 Вид заседание зала / резултат / С Определение/Разпореждане по чл. 267 от ГПК 24 април2026 Час 15:03 Вид разпределение Избран съдия/заседател Вили Дацов Час 15:01 Вид разпределение Избран съдия/заседател Владимир Ковачев Час --:-- Вид страна Жалбоподател ОБЩИНА БЛАГОЕВГРАД Час --:-- Вид страна Ответник Г.Б.К. Час --:-- Вид страна Адвокат Н.Р.Б. Час 14:54 Вид дело Въззивно гражданско дело 578/2026
17c8f103-7d4d-40fc-a63b-e6ff71fb6e49,2026 30 април2026 Час 09:44 Вид акт Определение 16628 Час --:-- Вид заседание зала / резултат / Прекратено 27 април2026 Час 09:40 Вид акт Разпореждане 16006 Час --:-- Вид заседание зала / резултат / Проведено 24 април2026 Час 14:54 Вид разпределение Избран съдия/заседател Антони Йорданов Час --:-- Вид страна Жалбоподател ИЗП. ДИРЕКТОР НА ПАЗАРИ СЕВЕР ЕАД Час --:-- Вид страна Ответник Директора на ОДБХ гр. София Час --:-- Вид страна Адвокат А.Ж.Г. Час 14:54 Вид дело Административно дело 4827/2026
220fead5-81e8-4950-a82b-e2d54dea66e8,2026 11 септември2026 Час 16:38 Вид акт Разпореждане 1848 Час --:-- Вид заседание зала / резултат / Проведено 24 април2026 Час 14:54 Вид разпределение Избран съдия/заседател Албена Стефанова Час --:-- Вид страна Жалбоподател Д.Б.Т. Час --:-- Вид страна Ответник НЕЛК София Час --:-- Вид страна Адвокат М.Д.М. Час 14:54 Вид дело Административно дело 185/2026
a4d8bfe3-6b17-4e15-893a-4079e7f3e89b,"2026 25 април2026 Час 18:22 Вид акт Определение 298 Час 18:16 Вид заседание зала / резултат / С определение, приключващо делото 24 април2026 Час 14:53 Вид разпределение Избран съдия/заседател МИНКА КИРЧЕВА Час --:-- Вид страна Вносител Районна прокуратура - Добрич Час 14:53 Вид дело Частно наказателно дело 433/2026"
72a6be3a-9077-41c7-a630-b5fe4681c56b,2026 10 юли2026 Час 10:50 Вид акт Решение 1016 09 юли2026 Час 12:44 Вид акт Протокол 1768 Час 12:24 Вид Документ Вносител ТЕРИТОРИАЛНО ПОДЕЛЕНИЕ НА НАЦИОНАЛЕН ОСИГУРИТЕЛЕН ИНСТИТУТ - РУСЕ 08 юли2026 Час 14:00 Вид заседание зала / резултат Зала XI етаж 1 / С решение по чл. 235 ГПК 02 юни2026 Час 10:36 Вид акт Определение 2120 Час 10:34 Вид заседание зала / резултат / Насрочено за I-во заседание 07 май2026 Час 16:07 Вид акт Разпореждане 4112 Час 16:05 Вид заседание зала / резултат / С определение/разпореждане по чл. 131 ГПК/чл. 367 ГПК 25 април2026 Час 15:45 Вид акт Разпореждане 3763 Час 15:43 Вид заседание зала / резултат / Без движение 24 април2026 Час 14:53 Вид разпределение Избран съдия/заседател Тихомира Георгиева Казасова Час --:-- Вид страна Ищец Д.Т.Г. Час --:-- Вид страна Ответник ТЕРИТОРИАЛНО ПОДЕЛЕНИЕ НА НАЦИОНАЛЕН ОСИГУРИТЕЛЕН ИНСТИТУТ - РУСЕ Час --:-- Вид страна Адвокат Е.И.Г. Час 14:53 Вид дело Гражданско дело 2363/2026
0f6584f3-9091-4e9c-a6a3-e5c56047628e,2026 07 май2026 Час 14:01 Вид акт Изпълнителен лист ЗП 249 Час 14:01 Вид акт Заповед за изпълнение 614 Час 13:55 Вид заседание зала / резултат / Със заповед за изпълнение 24 април2026 Час 14:53 Вид разпределение Избран съдия/заседател Людмила Людмилова Митрева Час --:-- Вид страна Заявител Обединена Българска Банка АД Час --:-- Вид страна Длъжник А.К.Ф. Час --:-- Вид страна Юрисконсулт Г.Г.С. Час 14:53 Вид дело Частно гражданско дело 755/2026
79b95cb6-5d04-43f5-804a-a7ea533c2c5f,2026 28 април2026 Час 12:26 Вид акт Изпълнителен лист ЗП 429 Час 12:25 Вид акт Заповед за изпълнение 694 Час 12:22 Вид заседание зала / резултат / Решено с акт по същество в закрито заседание 24 април2026 Час 14:53 Вид разпределение Избран съдия/заседател Магдалена Димова Инджова Час --:-- Вид страна Заявител Банка ДСК АД Час --:-- Вид страна Длъжник М.Н.К. Час --:-- Вид страна Юрисконсулт Р.С.М. Час 14:53 Вид дело Частно гражданско дело 880/2026
0e741279-5f31-431d-855c-321633673cc5,"2026 06 август2026 Час 15:23 Вид Документ Вносител Т.В.У. Час 15:00 Вид акт Протокол 1892 Час 09:40 Вид заседание зала / резултат Зала XI етаж 1 / С определение/разпореждане, изчерпващо предмета на делото от ОСЗ 14 юли2026 Час 16:06 Вид акт Протокол 1802 Час 09:40 Вид заседание зала / резултат Зала V етаж 2 / Отложено в ОСЗ 02 юли2026 Час --:-- Вид страна Адвокат В.П.П. 01 юли2026 Час 21:33 Вид акт Определение 2597 Час 21:31 Вид заседание зала / резултат / Насрочено в I-во заседание БЕЗ РАЗМЯНА НА КНИЖА 23 юни2026 Час 20:07 Вид акт Разпореждане 6186 Час 20:04 Вид заседание зала / резултат / С разпореждане 16 юни2026 Час 21:24 Вид акт Определение 2381 Час 21:22 Вид заседание зала / резултат / С определение 24 април2026 Час 14:53 Вид разпределение Избран съдия/заседател Майя Йончева Йончева Час --:-- Вид страна Молител Т.В.У. Час 14:53 Вид дело Частно гражданско дело 2362/2026"
876ee8f9-895f-4313-a07b-2eae0fe208f6,2026 24 април2026 Час 16:47 Вид акт Изпълнителен лист ЗП 193 Час 16:22 Вид акт Заповед за изпълнение 101 Час 16:00 Вид заседание зала / резултат / Със заповед за изпълнение Час 14:53 Вид разпределение Избран съдия/заседател Ангелина Бисеркова Час --:-- Вид страна Заявител „ЮРОБАНК БЪЛГАРИЯ” АД Час --:-- Вид страна Длъжник Л.М.А. Час --:-- Вид страна Адвокат С.Г.З. Час 14:53 Вид дело Частно гражданско дело 386/2026
2cebe693-50a3-4ae8-a7ff-2f3020e0fb6e,2026 27 април2026 Час 11:51 Вид акт Определение 127 Час 11:43 Вид заседание зала / резултат / Прекратено преди насрочване/разглеждане в ЗЗ 24 април2026 Час 21:01 Вид акт Разпореждане 343 Час 20:46 Вид заседание зала / резултат / С разпореждане Час 14:52 Вид разпределение Избран съдия/заседател Пламен Георгиев Тодоров Час --:-- Вид страна Ищец БЕСТ Кепитъл България ЕАД Час --:-- Вид страна Ответник В.С.М. Час --:-- Вид страна Юрисконсулт Б.И.К. Час 14:52 Вид дело Гражданско дело 200/2026
96919cd9-4aaa-4e1f-8074-56fa4719f6c4,2026 28 май2026 Час 11:54 Вид акт Определение 424 Час 11:51 Вид заседание зала / резултат / Прекратено преди насрочване/разглеждане в ЗЗ 30 април2026 Час 11:14 Вид акт Разпореждане 1133 Час 11:12 Вид заседание зала / резултат / С определение/разпореждане по чл. 131 ГПК/чл. 367 ГПК 27 април2026 Час 13:05 Вид акт Разпореждане 1091 Час 13:01 Вид заседание зала / резултат / Без движение 24 април2026 Час 14:52 Вид разпределение Избран съдия/заседател Атанас Кобуров Час --:-- Вид страна Ищец С.Н.Г. Час --:-- Вид страна Ответник Д.И.Ш. Час 14:52 Вид дело Гражданско дело 385/2026
dca85ac9-c034-4a3c-a6b4-698bf341b896,2026 24 април2026 Час 15:30 Вид акт Определение 761 Час 15:27 Вид заседание зала / резултат / Решено с акт по същество в закрито заседание Час 14:51 Вид разпределение Избран съдия/заседател Галина Васкова Герасимова Час --:-- Вид страна Наследодател В.Л.М. Час --:-- Вид страна Наследник Р.Ц.М. Час 14:51 Вид дело Частно гражданско дело 1712/2026
de92edce-f131-466e-a3fe-684cb31c486d,2026 06 октомври2026 Час 18:12 Вид акт Определение 3875 Час 18:09 Вид заседание зала / резултат / Насрочено за I-во заседание 05 май2026 Час 13:15 Вид акт Разпореждане 4049 Час 13:13 Вид заседание зала / резултат / С определение/разпореждане по чл. 131 ГПК/чл. 367 ГПК 27 април2026 Час --:-- Вид страна Ответник А.Г.А. Час --:-- Вид страна Адвокат Т.Ч.В. 24 април2026 Час 14:51 Вид разпределение Избран съдия/заседател Антоанета Иванова Абрашева Час --:-- Вид страна Ищец А.Р.Ч. Час 14:51 Вид дело Гражданско дело 2361/2026
52c187f7-51c8-4c9f-be31-ff5b04fcdbb7,2026 27 април2026 Час 12:39 Вид акт Изпълнителен лист ЗП 189 Час 12:39 Вид акт Заповед за изпълнение 492 Час 12:35 Вид заседание зала / резултат / Със заповед за изпълнение 24 април2026 Час 14:51 Вид разпределение Избран съдия/заседател Гергана Кузманова Час --:-- Вид страна Заявител ТИ БИ АЙ Банк ЕАД Час --:-- Вид страна Длъжник М.Р.К. Час --:-- Вид страна Юрисконсулт Д.В.И. Час 14:51 Вид дело Частно гражданско дело 693/2026
c9367a2a-8b30-4008-8a33-8e8f424b5199,2026 24 април2026 Час 14:57 Вид акт Решение 587 Час 14:55 Вид акт Определение 1913 Час 14:54 Вид заседание зала / резултат / Решено с акт по същество в закрито заседание Час 14:53 Вид заседание зала / резултат / С акт по чл. 83 ал.2 от ГПК Час 14:51 Вид разпределение Избран съдия/заседател Силвия Георгиева Иванова Час --:-- Вид страна Молител В.Г.К. Час 14:51 Вид дело Частно гражданско дело 1680/2026
18f6b14f-14c7-43e9-a23f-2bed2933399d,2026 22 септември2026 Час 09:59 Вид акт Определение 2109 Час 09:56 Вид заседание зала / резултат / С определение 03 август2026 Час 15:18 Вид акт Разпореждане 8903 Час 15:15 Вид заседание зала / резултат / С разпореждане 01 юни2026 Час 11:22 Вид акт Разпореждане 6056 Час 11:21 Вид заседание зала / резултат / С разпореждане 27 април2026 Час 15:37 Вид акт Заповед за изпълнение 2993 Час 15:34 Вид заседание зала / резултат / Със заповед за изпълнение 24 април2026 Час 14:51 Вид разпределение Избран съдия/заседател Иван Цветозаров Иванов Час --:-- Вид страна Заявител АПС БЕТА БЪЛГАРИЯ ЕООД Час --:-- Вид страна Друго П.В. Час --:-- Вид страна Друго Х.М. Час --:-- Вид страна Длъжник К.Н.Г. Час --:-- Вид страна Юрисконсулт Б.Д.Т. Час 14:51 Вид дело Частно гражданско дело 3475/2026
60e8a204-57db-48bb-92b8-bc7abc2ff2c5,2026 21 май2026 Час 09:02 Вид акт Протоколно определение 10204 15 май2026 Час 15:29 Вид акт Протокол 9779 Час --:-- Вид страна Обвинител К.З.Г. 13 май2026 Час 11:20 Вид заседание зала / резултат / С определение по кумулация 12 май2026 Час 10:33 Вид разпределение Избран съдия/заседател НЕЛИ ГЕОРГИЕВА АНДРЕЕВА Час 09:31 Вид разпределение Избран съдия/заседател ОННИК ХАРУТЮН ТАРАКЧИЯН Час 09:30 Вид разпределение Избран съдия/заседател АНЖЕЛИКА ЖИВКОВА ЖЕЛЕВА Час 08:59 Вид разпределение Избран съдия/заседател ВИОЛЕТА ТРАЙЧЕВА ГОГОВА 30 април2026 Час 12:29 Вид разпределение Избран съдия/заседател ПОЛИНА ПАВЛИНОВА ПИСАРСКА Час 12:29 Вид разпределение Избран съдия/заседател СТЕФКА ПЛАМЕНОВА ДАЙНОВА 29 април2026 Час 14:47 Вид акт Разпореждане 5637 Час 14:45 Вид заседание зала / резултат / С разпореждане за насрочване 24 април2026 Час 14:51 Вид разпределение Избран съдия/заседател ИВАН ГЕОРГИЕВ КИРИМОВ Час --:-- Вид страна Вносител Районна прокуратура - София Час --:-- Вид страна Осъден Р.А.С. Час 14:51 Вид дело Частно наказателно дело 5997/2026
512d51ae-0519-4c8c-9c2e-47c1f51060d7,2026 03 юли2026 Час 13:44 Вид акт Разпореждане 2659 Час 13:44 Вид акт Изпълнителен лист ЗП 411 Час 13:10 Вид заседание зала / резултат / С разпореждане 29 април2026 Час 10:36 Вид акт Разпореждане 1681 Час 10:34 Вид заседание зала / резултат / С разпореждане 24 април2026 Час 15:19 Вид акт Заповед за изпълнение 552 Час 15:15 Вид акт Разпореждане 1591 Час 15:04 Вид заседание зала / резултат / Решено с акт по същество в закрито заседание Час 14:51 Вид разпределение Избран съдия/заседател АНТОН РАНГЕЛОВ ИГНАТОВ Час --:-- Вид страна Заявител ЕОС МАТРИКС ЕАД Час --:-- Вид страна Длъжник Г.Д.И. Час --:-- Вид страна Адвокат Г.И.Х. Час 14:51 Вид дело Частно гражданско дело 747/2026
a02234fc-f0dd-42b7-b5bb-4b59f7493e83,"2026 15 септември2026 Час 14:21 Вид акт Протокол 2008 Час 13:10 Вид заседание зала / резултат Зала V етаж 2 / С определение/разпореждане, изчерпващо предмета на делото от ОСЗ 14 юли2026 Час 16:39 Вид акт Протокол 1805 Час 13:40 Вид заседание зала / резултат Зала V етаж 2 / Отложено в ОСЗ 29 юни2026 Час 14:03 Вид акт Определение 2528 Час 13:56 Вид заседание зала / резултат / Насрочено в I-во заседание БЕЗ РАЗМЯНА НА КНИЖА Час --:-- Вид страна Наследник М.М.И. 18 юни2026 Час --:-- Вид страна Юрисконсулт П.К.К. 17 юни2026 Час 17:00 Вид акт Разпореждане 5973 Час 16:52 Вид заседание зала / резултат / С разпореждане 16 юни2026 Час --:-- Вид страна Юрисконсулт П.К.К. 28 април2026 Час 15:55 Вид акт Разпореждане 3839 Час 15:51 Вид заседание зала / резултат / Без движение 24 април2026 Час 14:51 Вид разпределение Избран съдия/заседател Милена Ганчева Трифонова Час --:-- Вид страна Молител Банка ДСК АД Час 14:50 Вид дело Частно гражданско дело 2360/2026"
7e184bfd-f37f-4a1f-9d27-e908c7aad1dc,2026 24 април2026 Час 15:35 Вид акт Определение 762 Час 15:32 Вид заседание зала / резултат / Решено с акт по същество в закрито заседание Час 14:50 Вид разпределение Избран съдия/заседател Галина Васкова Герасимова Час --:-- Вид страна Наследодател В.Л.М. Час --:-- Вид страна Наследник И.Ц.Х. Час 14:50 Вид дело Частно гражданско дело 1711/2026
26acce09-9bed-41c3-aede-389d7f874bd1,"2026 09 юни2026 Час 10:12 Вид акт Протоколно определение 11659 02 юни2026 Час 11:52 Вид акт Протокол 10959 27 май2026 Час --:-- Вид страна Обвинител Е.М.И. 26 май2026 Час 13:00 Вид заседание зала / резултат / С определение, приключващо делото 18 май2026 Час 11:03 Вид разпределение Избран съдия/заседател КОНСТАНТИН ДИМИТРОВ СЛАВОВ 14 май2026 Час --:-- Вид страна Адвокат И.Ц.П. 13 май2026 Час 08:57 Вид разпределение Избран съдия/заседател ДЕЛЯНА ГЕОРГИЕВА МАРКОВА Час 08:57 Вид разпределение Избран съдия/заседател КАМЕН РУМЕНОВ ЖИЖАНОВ 08 май2026 Час 12:14 Вид акт Разпореждане 5971 Час 12:12 Вид заседание зала / резултат / С разпореждане за насрочване 24 април2026 Час 14:50 Вид разпределение Избран съдия/заседател ЛОРА МИТКОВА МИТАНКИНА Час --:-- Вид страна Вносител Районна прокуратура - София Час --:-- Вид страна Осъден К.М.Ц. Час 14:50 Вид дело Частно наказателно дело 5996/2026"
a201bea1-87a0-4568-9e85-49f89f8d09f3,2026 28 април2026 Час 18:39 Вид акт Разпореждане 5596 Час 18:30 Вид заседание зала / резултат / Прекратено производство 24 април2026 Час 14:49 Вид разпределение Избран съдия/заседател ИВАН ГЕОРГИЕВ КИРИМОВ Час --:-- Вид страна Вносител Районна прокуратура - София Час --:-- Вид страна Осъден И.Р.П. Час 14:49 Вид дело Частно наказателно дело 5995/2026
6f9af12c-3370-4002-9342-a6ffdd3b7c42,2026 08 септември2026 Час 09:04 Вид акт Разпореждане 3100 Час 08:51 Вид заседание зала / резултат / С разпореждане 06 август2026 Час 08:52 Вид акт Разпореждане 2805 Час 08:50 Вид заседание зала / резултат / С разпореждане Час --:-- Вид страна Преводач АТАКАН ЕООД 29 юли2026 Час 08:57 Вид акт Разпореждане 2744 Час 08:52 Вид заседание зала / резултат / С разпореждане 29 май2026 Час --:-- Вид страна Преводач АТАКАН ЕООД 28 май2026 Час 10:28 Вид акт Разпореждане 2098 Час 10:24 Вид заседание зала / резултат / С разпореждане 20 май2026 Час 13:26 Вид акт Определение 480 Час 13:24 Вид заседание зала / резултат / С определение 18 май2026 Час 15:44 Вид акт Разпореждане 1989 Час 15:41 Вид заседание зала / резултат / С разпореждане 08 май2026 Час 11:27 Вид акт Определение 449 Час 11:25 Вид заседание зала / резултат / С определение 29 април2026 Час 09:49 Вид акт Споразумение 119 Час 09:30 Вид заседание зала / резултат / Със споразумение Час --:-- Вид страна Обвинител Я.Н.К. 24 април2026 Час 15:43 Вид акт Разпореждане 1687 Час 15:41 Вид заседание зала / резултат / С разпореждане за насрочване Час 14:49 Вид разпределение Избран съдия/заседател Гергана Огнянова Симеонова Час --:-- Вид страна Обвинител Районна прокуратура - Сливен Час --:-- Вид страна Подсъдим Н.А. Час --:-- Вид страна Защитник Г.И.М. Час --:-- Вид страна Преводач М.О.И. Час 14:49 Вид дело Наказателно дело от общ характер 543/2026
7cbfc26a-4ad1-4024-bdec-52216ed8543d,"2026 27 април2026 Час 18:54 Вид акт Протоколно определение 306 Час 13:30 Вид заседание зала / резултат / С определение, приключващо делото Час --:-- Вид страна Обвинител Н.Б.В. 24 април2026 Час 15:27 Вид акт Разпореждане 325 Час 15:21 Вид заседание зала / резултат / С разпореждане за насрочване Час 14:49 Вид разпределение Избран съдия/заседател ФИЛИП ЖЕЛЯЗКОВ ФИЛИПОВ Час --:-- Вид страна Вносител Окръжна прокуратура - Хасково Час --:-- Вид страна Обвиняем К.Й.Н. Час --:-- Вид страна Защитник П.Д.Д. Час 14:49 Вид дело Частно наказателно дело 308/2026"
92f2a2fb-495b-4bce-919b-5412f7b6c2e9,2026 18 юни2026 Час --:-- Вид страна Адвокат С.В.Б. 17 юни2026 Час 15:57 Вид акт Определение 683 Час 15:48 Вид заседание зала / резултат / С определение 27 април2026 Час 16:14 Вид акт Заповед за изпълнение 779 Час 16:06 Вид заседание зала / резултат / Със заповед за изпълнение 24 април2026 Час 14:49 Вид разпределение Избран съдия/заседател ВЯРА МАРКОВА ПАНАЙОТОВА Час --:-- Вид страна Заявител БЕСТ Кепитъл България ЕАД Час --:-- Вид страна Длъжник Л.А.А. Час --:-- Вид страна Пълномощник В.Л.Л. Час 14:49 Вид дело Частно гражданско дело 1046/2026
f86bf525-aa66-412a-b7c9-fc8b063ef026,2026 14 юли2026 Час 09:38 Вид акт Изпълнителен лист ЗП 1212 09 юли2026 Час 16:39 Вид акт Разпореждане 3738 Час 16:38 Вид заседание зала / резултат / С разпореждане 18 май2026 Час 10:01 Вид акт Заповед за изпълнение 1553 Час 10:00 Вид заседание зала / резултат / Със заповед за изпълнение 24 април2026 Час 14:49 Вид разпределение Избран съдия/заседател Пламен Тошев Петков Час --:-- Вид страна Заявител БЕСТ Кепитъл България ЕАД Час --:-- Вид страна Длъжник А.А.М. Час --:-- Вид страна Пълномощник Б.И.К. Час 14:49 Вид дело Частно гражданско дело 1710/2026
ce0503fe-ec80-4903-bea7-03fc71865b62,"2026 27 април2026 Час 16:12 Вид акт Протоколно определение 609 Час 14:00 Вид заседание зала / резултат / С определение, приключващо делото Час 11:01 Вид акт Разпореждане 525 Час 10:59 Вид заседание зала / резултат / С разпореждане 24 април2026 Час 14:49 Вид разпределение Избран съдия/заседател Даниел Иванов Цветков Час --:-- Вид страна Вносител Районно управление ”Полиция” - Видин Час --:-- Вид страна Свидетел К.В.Н. Час 14:48 Вид дело Частно наказателно дело 503/2026"
de9968f1-c17f-43c2-8c42-f7c80d520703,2026 03 юни2026 Час 09:18 Вид акт Протоколно определение 11050 28 май2026 Час 13:42 Вид акт Протокол 10686 Час 10:15 Вид заседание зала / резултат / С определение по кумулация Час --:-- Вид страна Обвинител К.З.Г. 20 май2026 Час 12:30 Вид разпределение Избран съдия/заседател ЦВЕТА АТАНАСОВА ОВЧАРОВА 05 май2026 Час 09:57 Вид разпределение Избран съдия/заседател СИМОНА СТАВРЕВА ИЛИЕВА Час 09:57 Вид разпределение Избран съдия/заседател ВАСИЛКА СЛАВЧЕВА РАЙЧЕВА 27 април2026 Час 16:30 Вид акт Разпореждане 5501 Час 16:22 Вид заседание зала / резултат / С разпореждане за насрочване 24 април2026 Час 14:48 Вид разпределение Избран съдия/заседател ПЕТЯ ДАНАИЛОВА ПЕТКОВА Час --:-- Вид страна Вносител Районна прокуратура - София Час --:-- Вид страна Осъден Р.П.Х. Час 14:48 Вид дело Частно наказателно дело 5994/2026
d9e59751-c270-4fdf-a7cd-d3790b85851a,"2026 28 април2026 Час 10:02 Вид акт Протоколно определение 2291 27 април2026 Час 10:00 Вид заседание зала / резултат / С определение, приключващо делото Час --:-- Вид страна Обвинител Н.К.Т.А. 24 април2026 Час 15:54 Вид акт Разпореждане 2454 Час 15:53 Вид заседание зала / резултат / С разпореждане за насрочване Час 14:48 Вид разпределение Избран съдия/заседател Иван Георгиев Бекяров Час --:-- Вид страна Вносител Районна прокуратура - Пловдив Час --:-- Вид страна Обвиняем В.А.Й. Час --:-- Вид страна Адвокат Ж.Й.П. Час 14:48 Вид дело Частно наказателно дело 2360/2026"
3f24c32b-577d-4f3a-8f9c-e06d900edffc,2026 09 септември2026 Час 08:54 Вид Документ Вносител И.Х.Х. 08 септември2026 Час 15:59 Вид акт Протокол 135 02 септември2026 Час 15:00 Вид заседание зала / резултат / Обявено за решаване 17 юли2026 Час --:-- Вид страна Адвокат И.Х.Х. 16 юли2026 Час 14:55 Вид акт Протокол 124 15 юли2026 Час 09:30 Вид заседание зала / резултат / Отложено в I-во заседание 22 юни2026 Час 15:59 Вид акт Определение 224 Час 15:56 Вид заседание зала / резултат / Насрочено за I-во заседание 12 май2026 Час 17:48 Вид акт Разпореждане 503 Час 17:45 Вид заседание зала / резултат / С определение/разпореждане по чл. 131 ГПК/чл. 367 ГПК 05 май2026 Час 19:00 Вид акт Разпореждане 481 Час 18:57 Вид заседание зала / резултат / Без движение 24 април2026 Час 14:47 Вид разпределение Избран съдия/заседател Пейо Иванов Приходков Час --:-- Вид страна Ищец А.Г.Д. Час --:-- Вид страна Ответник Прокуратура на Република България Час 14:47 Вид дело Гражданско дело 370/2026
935a0a91-8f10-4b07-a054-c35c8d115b9c,"2026 05 юни2026 Час 16:08 Вид акт Протоколно определение 11458 Час 16:08 Вид акт Протокол 11457 Час --:-- Вид страна Обвинител Т.С.Н.С. 04 юни2026 Час 10:45 Вид заседание зала / резултат / С определение, приключващо делото 08 май2026 Час 12:37 Вид акт Разпореждане 5973 Час 12:35 Вид заседание зала / резултат / С разпореждане за насрочване 24 април2026 Час 14:47 Вид разпределение Избран съдия/заседател ЛОРА МИТКОВА МИТАНКИНА Час --:-- Вид страна Вносител Районна прокуратура - София Час --:-- Вид страна Осъден К.К.К. Час 14:47 Вид дело Частно наказателно дело 5993/2026"
003b0f39-de84-4c85-8729-041a5396635f,2026 25 август2026 Час 12:15 Вид акт Изпълнителен лист 138 27 април2026 Час 11:30 Вид акт Протоколно определение 199 Час 11:26 Вид акт Решение 174 Час 10:30 Вид заседание зала / резултат / Обявено за решаване 24 април2026 Час 16:50 Вид акт Определение 196 Час 16:47 Вид заседание зала / резултат / Насрочено в I-во заседание БЕЗ РАЗМЯНА НА КНИЖА Час 14:47 Вид разпределение Избран съдия/заседател Йохан Мирославов Дженов Час --:-- Вид страна Молител П.М.С. Час --:-- Вид страна Молител М.Н.С. Час 14:47 Вид дело Гражданско дело 302/2026
2d6fab5b-71e8-4dac-ab22-ae8dac04dcc1,2026 27 април2026 Час 16:10 Вид акт Изпълнителен лист ЗП 221 Час 16:09 Вид акт Заповед за изпълнение 330 Час 16:06 Вид заседание зала / резултат / Със заповед за изпълнение 24 април2026 Час 14:47 Вид разпределение Избран съдия/заседател РОМАН ТОДОРОВ НИКОЛОВ Час --:-- Вид страна Заявител ТИ БИ АЙ Банк ЕАД Час --:-- Вид страна Длъжник Б.К.Б. Час --:-- Вид страна Юрисконсулт М.Г.Н. Час 14:47 Вид дело Частно гражданско дело 434/2026
4f77f0ae-75da-4ae7-9ddd-2f0795bd4ce7,2026 26 април2026 Час 15:59 Вид акт Изпълнителен лист ЗП 239 Час 15:58 Вид акт Заповед за изпълнение 334 Час 15:52 Вид заседание зала / резултат / Решено с акт по същество в закрито заседание 24 април2026 Час 14:47 Вид разпределение Избран съдия/заседател Пепа Димова Жекова Час --:-- Вид страна Заявител ТИ БИ АЙ Банк ЕАД Час --:-- Вид страна Длъжник Б.К.Р. Час --:-- Вид страна Юрисконсулт Д.В.И. Час 14:47 Вид дело Частно гражданско дело 577/2026
8fb7d16c-8134-4a01-8a84-f116154ca95b,2026 11 юни2026 Час 15:08 Вид акт Определение 344 Час 14:51 Вид заседание зала / резултат / С определение 24 април2026 Час 15:28 Вид акт Заповед за изпълнение 485 Час 15:09 Вид заседание зала / резултат / Решено с акт по същество в закрито заседание Час 14:47 Вид разпределение Избран съдия/заседател Динко Минчев Динков Час --:-- Вид страна Заявител БЕСТ Кепитъл България ЕАД Час --:-- Вид страна Длъжник П.Т.Ж. Час --:-- Вид страна Пълномощник Г.Я.Б. Час 14:47 Вид дело Частно гражданско дело 580/2026
2f905333-3bde-4d3c-b537-1fdb7df18f78,2026 13 октомври2026 Час 10:15 Вид заседание зала / резултат Зала 2 РС Кнежа / 16 септември2026 Час 16:41 Вид акт Протокол 220 15 септември2026 Час 10:45 Вид заседание зала / резултат Зала 2 РС Кнежа / Отложено в ОСЗ 19 юни2026 Час 21:39 Вид акт Разпореждане 514 Час 21:37 Вид заседание зала / резултат / С разпореждане за насрочване 27 април2026 Час 15:59 Вид акт Разпореждане 347 Час 15:55 Вид заседание зала / резултат / С определение/разпореждане по чл. 131 ГПК/чл. 367 ГПК 24 април2026 Час 14:47 Вид разпределение Избран съдия/заседател Пламен Георгиев Тодоров Час --:-- Вид страна Ищец А.А.М. Час --:-- Вид страна Ответник З.Р.И. Час --:-- Вид страна Адвокат И.Ч.Л. Час 14:46 Вид дело Гражданско дело 199/2026
cdc04a4b-7463-439b-8c79-54f168626530,2026 26 май2026 Час 10:57 Вид акт Определение 301 Час 10:51 Вид заседание зала / резултат / Прекратено производство 24 април2026 Час 14:46 Вид разпределение Избран съдия/заседател Георги Росенов Гетов Час --:-- Вид страна Жалбоподател Електроразпределение Юг ЕАД Час --:-- Вид страна Админ.наказ.орган Директор на Дирекция „Инспекция по труда “ – град Пловдив Час 14:46 Вид дело Административно наказателно дело 2359/2026
419d7132-93aa-4b0e-bc4d-60d278471173,"2026 15 май2026 Час 15:30 Вид заседание зала / резултат / Отменено 11 май2026 Час 15:13 Вид акт Определение 896 Час 15:08 Вид заседание зала / резултат / Прекратено след насрочване 24 април2026 Час 17:09 Вид акт Заповед 12 Час 17:05 Вид заседание зала / резултат / С акт по чл.18, ал.1 ЗЗДН Час 17:04 Вид заседание зала / резултат / Час 16:20 Вид акт Определение 821 Час 16:17 Вид заседание зала / резултат / Насрочено за I-во заседание Час 14:46 Вид разпределение Избран съдия/заседател Галена Николаева Манова-Узунова Час --:-- Вид страна Молител З.М.И. Час --:-- Вид страна Нарушител И.Л.И. Час 14:46 Вид дело Гражданско дело 535/2026"
1d6006cb-c859-4680-ad2d-04986973c989,"2026 27 април2026 Час 16:12 Вид акт Протоколно определение 608 Час 13:40 Вид заседание зала / резултат / С определение, приключващо делото Час 10:59 Вид акт Разпореждане 524 Час 10:54 Вид заседание зала / резултат / С определение за насрочване 24 април2026 Час 14:47 Вид разпределение Избран съдия/заседател Даниел Иванов Цветков Час --:-- Вид страна Вносител Районно управление ”Полиция” - Видин Час --:-- Вид страна Свидетел В.В.Н. Час 14:45 Вид дело Частно наказателно дело 502/2026"
d4c31e07-a4fb-48a0-8a4d-4ebb76f3bd17,2026 19 юни2026 Час 12:53 Вид акт Изпълнителен лист ЗП 107 Час 07:12 Вид акт Разпореждане 832 Час 07:10 Вид заседание зала / резултат / С разпореждане 24 април2026 Час 15:42 Вид акт Заповед за изпълнение 50 Час 15:37 Вид заседание зала / резултат / Решено с акт по същество в закрито заседание Час 14:45 Вид разпределение Избран съдия/заседател Росица Георгиева Калугерова Час --:-- Вид страна Заявител БЕСТ Кепитъл България ЕАД Час --:-- Вид страна Длъжник Л.Г.И. Час --:-- Вид страна Пълномощник В.Л.Л. Час 14:45 Вид дело Частно гражданско дело 290/2026
39830d4d-13c2-4e87-ad4c-58dd01975394,"2026 07 октомври2026 Час 14:30 Вид заседание зала / резултат / 10 юли2026 Час 11:12 Вид акт Протокол 439 Час --:-- Вид страна Трето лице помагач Еко Клийн Сървиз ЕООД Час --:-- Вид страна Трето лице помагач ЕКО РЕСУРС-Р ООД Час --:-- Вид страна Трето лице помагач МГП-Р ЕООД Час --:-- Вид страна Трето лице помагач РТК ООД 08 юли2026 Час 11:15 Вид заседание зала / резултат / Отложено в ОСЗ 07 юли2026 Час 15:41 Вид акт Разпореждане 2259 Час 13:56 Вид заседание зала / резултат / С разпореждане 03 юли2026 Час --:-- Вид страна Юрисконсулт Г.Д.И. 01 юли2026 Час 14:09 Вид акт Разпореждане 2169 Час 12:10 Вид заседание зала / резултат / С разпореждане 22 юни2026 Час 16:00 Вид акт Разпореждане 2043 Час 15:50 Вид заседание зала / резултат / С разпореждане 17 юни2026 Час 15:55 Вид акт Разпореждане 1985 Час 11:55 Вид заседание зала / резултат / С разпореждане 08 юни2026 Час --:-- Вид страна Трето лице помагач ДЗЗД "" КОНСОРЦИУМ ЕКО РУСЕ ГРУП"" Час --:-- Вид страна Вещо лице С.А.Г. 01 юни2026 Час 16:04 Вид акт Определение 598 Час 16:00 Вид заседание зала / резултат / Насрочено за I-во заседание 27 април2026 Час 13:26 Вид акт Разпореждане 1300 Час 13:24 Вид заседание зала / резултат / С определение/разпореждане по чл. 131 ГПК/чл. 367 ГПК Час 13:23 Вид акт Определение 461 Час 13:20 Вид заседание зала / резултат / С акт по чл. 83 ал.2 от ГПК 24 април2026 Час 14:45 Вид разпределение Избран съдия/заседател Татяна Черкезова Час --:-- Вид страна Ищец Б.И.И. Час --:-- Вид страна Ответник ОБЩИНА РУСЕ Час --:-- Вид страна Адвокат С.А.П. Час 14:45 Вид дело Гражданско дело 323/2026"
64971677-9923-4126-9414-ba4680f5376b,2026 08 юли2026 Час 15:50 Вид акт Изпълнителен лист ЗП 254 Час 15:49 Вид акт Разпореждане 801 Час 15:48 Вид заседание зала / резултат / С разпореждане 24 април2026 Час 16:03 Вид акт Заповед за изпълнение 234 Час 16:01 Вид заседание зала / резултат / Решено с акт по същество в закрито заседание Час 14:45 Вид разпределение Избран съдия/заседател Иван Борисов Вътков Час --:-- Вид страна Заявител ЙЕТТЕЛ БЪЛГАРИЯ ЕАД Час --:-- Вид страна Длъжник Р.Я.Т. Час --:-- Вид страна Адвокат В.П.Г. Час 14:45 Вид дело Частно гражданско дело 525/2026
a52d8709-5191-4cbc-bbef-9dd35e134398,2026 24 април2026 Час 17:04 Вид акт Заповед за изпълнение 773 Час 17:02 Вид акт Разпореждане 1769 Час 17:00 Вид заседание зала / резултат / Решено с акт по същество в закрито заседание Час 14:45 Вид разпределение Избран съдия/заседател Велемира Денчева Димитрова Час --:-- Вид страна Заявител АПС БЕТА БЪЛГАРИЯ ЕООД Час --:-- Вид страна Друго П.В. Час --:-- Вид страна Друго Х.М. Час --:-- Вид страна Длъжник Н.Р.К. Час --:-- Вид страна Юрисконсулт Б.Д.Т. Час 14:45 Вид дело Частно гражданско дело 1075/2026
21b4be6a-da41-43a3-8411-2c0ef30befc6,2026 28 април2026 Час 11:58 Вид акт Заповед за изпълнение 293 Час 11:52 Вид заседание зала / резултат / Решено с акт по същество в закрито заседание 24 април2026 Час 14:45 Вид разпределение Избран съдия/заседател ЦВЕТОМИРА ГЕОРГИЕВА ВЕЛЧЕВА Час --:-- Вид страна Заявител ЕОС МАТРИКС ЕАД Час --:-- Вид страна Длъжник Г.А.Ц. Час --:-- Вид страна Адвокат Г.И.Х. Час 14:45 Вид дело Частно гражданско дело 708/2026
b90a262e-bc3d-4b2f-9571-63168af0cbcf,"2026 05 август2026 Час 11:20 Вид акт Определение 2647 Час 11:18 Вид заседание зала / резултат / С определение 11 юни2026 Час 11:48 Вид акт Разпореждане 6156 Час 11:47 Вид заседание зала / резултат / С разпореждане 29 май2026 Час 14:40 Вид акт Разпореждане 5697 Час 14:38 Вид заседание зала / резултат / С акт по хода на делото без уведомяване на страните 24 април2026 Час 15:32 Вид акт Заповед за изпълнение 1596 Час 15:04 Вид заседание зала / резултат / Със заповед за изпълнение Час 14:45 Вид разпределение Избран съдия/заседател Зара Ехия Иванова Час --:-- Вид страна Заявител ""ЕОС МАТРИКС"" ЕАД Час --:-- Вид страна Длъжник Б.Ю.С. Час --:-- Вид страна Адвокат Ж.Д.Д. Час 14:45 Вид дело Частно гражданско дело 2100/2026"
9f7eea5b-0ae3-43bc-85cb-7ecf1d035f07,2026 28 април2026 Час 14:13 Вид акт Разпореждане 2504 Час 13:44 Вид заседание зала / резултат / Прекратява поради изпращане по подсъдност 24 април2026 Час 14:44 Вид разпределение Избран съдия/заседател Елена Димитрова Герцова Час --:-- Вид страна Жалбоподател Електроразпределение Юг ЕАД Час --:-- Вид страна Админ.наказ.орган ДИРЕКЦИЯ ИНСПЕКЦИЯ ПО ТРУДА - Пловдив Час 14:44 Вид дело Административно наказателно дело 2358/2026
c052304f-7cb5-4728-8221-3e8522247291,2026 25 април2026 Час 14:37 Вид акт Определение 1692 Час 14:35 Вид заседание зала / резултат / Прекратено преди насрочване/разглеждане в ЗЗ 24 април2026 Час 14:45 Вид разпределение Избран съдия/заседател Тихомира Георгиева Казасова Час --:-- Вид страна Ищец ИВАКОМЕРС 94 - РУСЕ ЕООД Час --:-- Вид страна Ответник ПРИЗ ПЛЮС ЕООД Час --:-- Вид страна Представител П.С.К. Час 14:44 Вид дело Гражданско дело 2359/2026
3a1cc03f-58c1-43fc-a32d-61ccf1ecd103,2026 19 май2026 Час 14:31 Вид акт Решение 727 Час 13:44 Вид акт Протокол 1246 18 май2026 Час 12:57 Вид Документ Вносител С.А.П. Час 09:10 Вид заседание зала / резултат Зала I етаж 1 / С решение по чл. 235 ГПК 27 април2026 Час 18:15 Вид акт Определение 1706 Час 18:13 Вид заседание зала / резултат / Насрочено в I-во заседание БЕЗ РАЗМЯНА НА КНИЖА 24 април2026 Час 14:43 Вид разпределение Избран съдия/заседател Милен Иванов Бойчев Час --:-- Вид страна Молител Л.Б.Р. Час --:-- Вид страна Молител Д.П.Р. Час --:-- Вид страна Адвокат С.А.П. Час 14:43 Вид дело Гражданско дело 2358/2026
36711d90-4d79-4499-8441-fb82629e06bf,2026 24 април2026 Час 15:30 Вид акт Определение 201 Час 14:58 Вид заседание зала / резултат / Прекратено преди насрочване/разглеждане в ЗЗ Час 14:43 Вид разпределение Избран съдия/заседател Пенка Борисова Йорданова Час --:-- Вид страна Заявител ТИ БИ АЙ Банк ЕАД Час --:-- Вид страна Длъжник А.В.Н. Час --:-- Вид страна Юрисконсулт М.Г.Н. Час 14:43 Вид дело Частно гражданско дело 370/2026
f4b5223a-c667-447f-ab7c-16a1fd36eede,2026 27 април2026 Час 09:24 Вид акт Определение 110 Час 09:15 Вид заседание зала / резултат / Прекратено производство 24 април2026 Час 14:43 Вид разпределение Избран съдия/заседател Петранка Стоянова Жекова Час --:-- Вид страна Вносител Amtsgericht Pirna (Районен съд Пирна) Час --:-- Вид страна Заинтересована страна А.К. Час 14:43 Вид дело Частно наказателно дело 161/2026
0dcbd73d-aa39-47ba-bf17-e49c9333f80c,2026 02 юли2026 Час 14:02 Вид акт Изпълнителен лист ЗП 406 Час 14:02 Вид акт Разпореждане 2142 Час 13:47 Вид заседание зала / резултат / С разпореждане 11 май2026 Час 10:42 Вид акт Заповед за изпълнение 436 Час 10:29 Вид заседание зала / резултат / Решено с акт по същество в закрито заседание 27 април2026 Час 17:43 Вид акт Разпореждане 1309 Час 17:41 Вид заседание зала / резултат / С разпореждане 24 април2026 Час 14:43 Вид разпределение Избран съдия/заседател Мария Николаева Петрова Час --:-- Вид страна Заявител БЕСТ Кепитъл България ЕАД Час --:-- Вид страна Длъжник А.А.Л. Час --:-- Вид страна Пълномощник Б.И.К. Час 14:43 Вид дело Частно гражданско дело 733/2026
9051d628-adb4-4323-b288-804b918c30e0,2026 15 септември2026 Час 14:15 Вид акт Изпълнителен лист ЗП 508 27 април2026 Час 11:26 Вид акт Заповед за изпълнение 326 Час 11:09 Вид заседание зала / резултат / Със заповед за изпълнение 24 април2026 Час 14:43 Вид разпределение Избран съдия/заседател Маринела Георгиева Стефанова Час --:-- Вид страна Заявител „ЕОС МАТРИКС” ЕАД Час --:-- Вид страна Длъжник Ф.М.А. Час --:-- Вид страна Адвокат Ж.Д.Д. Час 14:43 Вид дело Частно гражданско дело 539/2026
b377af3e-c199-4b02-bf6a-94c085c7cd77,"2026 28 април2026 Час 17:17 Вид акт Определение 234 27 април2026 Час 10:36 Вид заседание зала / резултат / С определение, приключващо делото Час 10:34 Вид заседание зала / резултат / Час 10:13 Вид разпределение Избран съдия/заседател Красимир Шекерджиев Час 10:13 Вид разпределение Избран съдия/заседател Ружена Керанова Час --:-- Вид страна Ответник Х.Л.П. 24 април2026 Час 14:43 Вид разпределение Избран съдия/заседател Виолета Магдалинчева Час --:-- Вид страна Друго Районен съд – Севлиево Час 14:43 Вид дело Касационно частно наказателно дело 392/2026"
b7078135-dfc6-4c11-a407-b3fbed05c65f,2026 13 май2026 Час 08:54 Вид акт Протокол 326 12 май2026 Час 15:24 Вид акт Решение 86 Час 15:00 Вид заседание зала / резултат / С решение Час --:-- Вид страна Обвинител С.Д.П. Час --:-- Вид страна Друго ТД НА НАП ПЛОВДИВ-ОФИС ПАЗАРДЖИК 28 април2026 Час --:-- Вид страна Страна Окръжна прокуратура - Пазарджик Час --:-- Вид страна Заинтересована страна Я.Б.А. 27 април2026 Час 16:02 Вид акт Разпореждане 270 Час 15:58 Вид заседание зала / резултат / С разпореждане за насрочване 24 април2026 Час 14:43 Вид разпределение Избран съдия/заседател Ирина Атанасова Джунева Час --:-- Вид страна Вносител РЕПУБЛИКА СЛОВЕНИЯ Час 14:43 Вид дело Частно наказателно дело 315/2026
02dc1737-b3f1-486f-99bf-0b7a96199e0a,2026 27 април2026 Час 17:22 Вид акт Изпълнителен лист ЗП 190 Час 17:21 Вид акт Заповед за изпълнение 494 Час 17:13 Вид заседание зала / резултат / Със заповед за изпълнение 24 април2026 Час 14:43 Вид разпределение Избран съдия/заседател Сийка Златанова Час --:-- Вид страна Заявител Банка ДСК АД Час --:-- Вид страна Длъжник Р.М.М. Час --:-- Вид страна Пълномощник А.Т.М. Час 14:43 Вид дело Частно гражданско дело 692/2026
2f4cc83d-86a8-46c9-a1a9-a36a0232d6fd,2026 24 април2026 Час 16:28 Вид акт Споразумение 58 Час 16:28 Вид акт Определение 140 Час 16:00 Вид заседание зала / резултат Зала 104 / Със споразумение Час 15:27 Вид акт Разпореждане 402 Час 15:24 Вид заседание зала / резултат / С разпореждане за насрочване Час 14:42 Вид разпределение Избран съдия/заседател Христо Руменов Митев Час --:-- Вид страна Вносител Районна прокуратура - Ловеч Час --:-- Вид страна Обвинител Ц.Н.Р. Час --:-- Вид страна Подсъдим Б.Ф.Х. Час --:-- Вид страна Адвокат Д.А.Д. Час 14:42 Вид дело Наказателно дело от общ характер 364/2026
0ac9fb8c-dedd-4add-ad63-4984a0447340,2026 15 юни2026 Час 13:50 Вид акт Решение 201 11 юни2026 Час 15:42 Вид акт Протоколно определение 336 10 юни2026 Час 15:00 Вид заседание зала / резултат / Обявено за решаване 27 април2026 Час 12:13 Вид акт Разпореждане 710 Час 12:09 Вид заседание зала / резултат / Насрочено в I-во заседание БЕЗ РАЗМЯНА НА КНИЖА 24 април2026 Час 14:44 Вид разпределение Избран съдия/заседател Светослав Николаев Николов Час --:-- Вид страна Молител С.Я.С. Час --:-- Вид страна Молител Б.Д.С. Час --:-- Вид страна Адвокат С.Н.Н. Час 14:42 Вид дело Гражданско дело 194/2026
d9f73c81-5dfd-488e-ab32-5f052846defc,2026 29 октомври2026 Час 09:50 Вид заседание зала / резултат Зала III етаж 1 / 01 октомври2026 Час 11:32 Вид акт Протокол 2175 29 септември2026 Час 10:40 Вид заседание зала / резултат Зала III етаж 1 / Отложено в ОСЗ Час 09:50 Вид заседание зала / резултат Зала III етаж 1 / Отменено 02 юли2026 Час 14:25 Вид акт Определение 2607 Час 14:23 Вид заседание зала / резултат / Насрочено за I-во заседание 12 май2026 Час 16:22 Вид акт Разпореждане 4337 Час 16:20 Вид заседание зала / резултат / С определение/разпореждане по чл. 131 ГПК/чл. 367 ГПК 29 април2026 Час 14:31 Вид акт Разпореждане 3903 Час 14:29 Вид заседание зала / резултат / Без движение 27 април2026 Час --:-- Вид страна Ответник ЕТАЖНА СОБСТВЕНОСТ 24 април2026 Час 14:42 Вид разпределение Избран съдия/заседател Елена Иванова Балджиева Час --:-- Вид страна Ищец Е.Г.Г. Час 14:42 Вид дело Гражданско дело 2357/2026
48002caf-3924-46aa-85f3-d82ff4c6fbac,2026 16 юни2026 Час 16:15 Вид акт Определение 210 Час 14:55 Вид заседание зала / резултат / Прекратено преди насрочване/разглеждане в ЗЗ 28 април2026 Час 11:06 Вид акт Разпореждане 427 Час 11:02 Вид заседание зала / резултат / С определение/разпореждане по чл. 131 ГПК/чл. 367 ГПК 24 април2026 Час 14:42 Вид разпределение Избран съдия/заседател Росен Иванов Балкански Час --:-- Вид страна Ищец К.Д.Н. Час --:-- Вид страна Ответник Корект Агро 95 ЕООД Час --:-- Вид страна Законен представител С.Г.Х. Час --:-- Вид страна Адвокат В.Т.К. Час 14:42 Вид дело Гражданско дело 506/2026
580175ef-9a02-4764-9999-52e0cb4ab0a1,2026 08 май2026 Час --:-- Вид страна Служебен защитник Б.И.Т. 07 май2026 Час 14:46 Вид акт Протокол 307 Час 11:56 Вид акт Решение 83 Час 10:55 Вид заседание зала / резултат / С решение Час --:-- Вид страна Обвинител П.Б.С. Час --:-- Вид страна Друго ТД НА НАП ПЛОВДИВ-ОФИС ПАЗАРДЖИК 27 април2026 Час 16:07 Вид акт Разпореждане 273 Час 16:04 Вид заседание зала / резултат / С разпореждане за насрочване Час --:-- Вид страна Страна Окръжна прокуратура - Пазарджик Час --:-- Вид страна Заинтересована страна Г.А.Г. 24 април2026 Час 14:42 Вид разпределение Избран съдия/заседател Александър Любенов Александров Час --:-- Вид страна Вносител РЕПУБЛИКА СЛОВЕНИЯ Час 14:41 Вид дело Частно наказателно дело 314/2026
e5098f46-e548-4655-aba6-5571b8b65f75,2026 16 септември2026 Час 17:10 Вид акт Решение 1289 15 септември2026 Час 08:34 Вид Документ Вносител ГАРАНЦИОНЕН ФОНД 14 септември2026 Час 14:51 Вид акт Протокол 1983 Час 10:20 Вид заседание зала / резултат Зала X етаж 1 / С неприсъствено решение 29 юли2026 Час --:-- Вид страна Адвокат Р.Ц.Ц. Час --:-- Вид страна Адвокат Р.Ц.Ц. 28 юли2026 Час 11:16 Вид акт Определение 2908 Час 11:15 Вид заседание зала / резултат / Насрочено за I-во заседание 12 май2026 Час --:-- Вид страна Юрисконсулт М.А.Г. 27 април2026 Час 15:14 Вид акт Разпореждане 3790 Час 15:12 Вид заседание зала / резултат / С определение/разпореждане по чл. 131 ГПК/чл. 367 ГПК Час --:-- Вид страна Ответник Ц.В.И. 24 април2026 Час 14:41 Вид разпределение Избран съдия/заседател Дарин Николаев Йорданов Час --:-- Вид страна Ищец ГАРАНЦИОНЕН ФОНД Час 14:41 Вид дело Гражданско дело 2356/2026
2325e1cf-7401-4504-ab4d-40f08487eb8c,2026 06 юли2026 Час 09:29 Вид акт Изпълнителен лист 1306 Час 09:26 Вид акт Изпълнителен лист 1305 18 юни2026 Час 15:21 Вид Документ Вносител Районна прокуратура - Пловдив Час 15:21 Вид Документ Вносител Р.А.Д. Час 09:31 Вид акт Протоколно определение 3562 Час 09:00 Вид заседание зала / резултат Зала 6 етаж 2 / Със споразумение Час --:-- Вид страна Обвинител К.Д.Р. Час --:-- Вид страна Защитник Р.А.Д. 09 юни2026 Час 14:57 Вид акт Протокол 3341 04 юни2026 Час 10:00 Вид заседание зала / резултат Зала 11 етаж 3 / Отложено Час --:-- Вид страна Обвинител М.И.С. 29 април2026 Час 11:25 Вид разпределение Избран съдия/заседател Мария Петрова Високалийска Час 11:22 Вид разпределение Избран съдия/заседател Мария Славчева Кирова 27 април2026 Час 09:59 Вид акт Разпореждане 2460 Час 09:57 Вид заседание зала / резултат / С разпореждане за насрочване 24 април2026 Час 14:41 Вид разпределение Избран съдия/заседател Милена Атанасова Георгиева Час --:-- Вид страна Обвинител Районна прокуратура - Пловдив Час --:-- Вид страна Подсъдим Н.П.В. Час --:-- Вид страна Служебен защитник Н.Б.М. Час 14:41 Вид дело Наказателно дело от общ характер 2357/2026
060cfdf2-f7dc-42a0-9988-10d95214e42c,2026 04 юни2026 Час 16:04 Вид акт Определение 551 Час 16:01 Вид заседание зала / резултат / Прекратено преди насрочване/разглеждане в ЗЗ 04 май2026 Час 10:44 Вид акт Разпореждане 939 Час 10:42 Вид заседание зала / резултат / Без движение 24 април2026 Час 14:41 Вид разпределение Избран съдия/заседател ЦВЕТОМИРА ГЕОРГИЕВА ВЕЛЧЕВА Час --:-- Вид страна Молител Банка ДСК АД Час --:-- Вид страна Наследодател Р.П.М. Час --:-- Вид страна Представител Ф.М.И. Час 14:41 Вид дело Частно гражданско дело 707/2026
34499923-6603-46b0-b5d6-1d4f212828a5,2026 16 юни2026 Час 16:15 Вид акт Определение 211 Час 15:00 Вид заседание зала / резултат / Прекратено преди насрочване/разглеждане в ЗЗ 28 април2026 Час 11:28 Вид акт Разпореждане 428 Час 11:04 Вид заседание зала / резултат / С определение/разпореждане по чл. 131 ГПК/чл. 367 ГПК 24 април2026 Час 14:41 Вид разпределение Избран съдия/заседател Росен Иванов Балкански Час --:-- Вид страна Ищец Е.Д.Я. Час --:-- Вид страна Ответник Корект Агро 95 ЕООД Час --:-- Вид страна Законен представител С.Г.Х. Час --:-- Вид страна Адвокат В.Т.К. Час 14:41 Вид дело Гражданско дело 505/2026
79d4be5d-3ac2-44be-a645-c516e8dd6b1a,"2026 14 октомври2026 Час 15:00 Вид заседание зала / резултат / 09 септември2026 Час --:-- Вид страна Адвокат М.Л.Л. Час --:-- Вид страна Адвокат О.К.Я. 05 септември2026 Час 13:59 Вид акт Определение 32363 Час 13:57 Вид заседание зала / резултат / Насрочено за I-во заседание 31 юли2026 Час 15:58 Вид акт Разпореждане 93398 Час 15:56 Вид заседание зала / резултат / С разпореждане 22 юни2026 Час 15:14 Вид акт Разпореждане 75733 Час 15:13 Вид заседание зала / резултат / С разпореждане 27 април2026 Час --:-- Вид страна Адвокат М.Б.П. 25 април2026 Час 12:33 Вид акт Разпореждане 52106 Час 12:31 Вид заседание зала / резултат / С определение/разпореждане по чл. 131 ГПК/чл. 367 ГПК 24 април2026 Час 14:41 Вид разпределение Избран съдия/заседател ВАСИЛ КРУМОВ ПЕТРОВ Час --:-- Вид страна Ищец ЕТАЖНА СОБСТВЕНОСТ- ГР. СОФИЯ,УЛ. ЖИТНИЦА "" № 19, БЛ. 4 ЧРЕЗ УПРАВИТЕЛЯ НА ЕС - ИВАЙЛО ВЕНЦИСЛАВОВ ЦВЕТКОВ Час --:-- Вид страна Ответник А.И.С.Б. Час --:-- Вид страна Адвокат О.В.А. Час 14:41 Вид дело Гражданско дело 11139/2026"
b690c479-d698-4bba-99bd-7b14d8ee4f9f,2026 15 юни2026 Час 17:47 Вид акт Разпореждане 6308 Час 17:45 Вид заседание зала / резултат / С разпореждане 08 май2026 Час 10:15 Вид акт Определение 1525 Час 10:13 Вид заседание зала / резултат / С определение 24 април2026 Час 15:41 Вид акт Заповед за изпълнение 1598 Час 14:57 Вид акт Разпореждане 4132 Час 14:54 Вид заседание зала / резултат / Със заповед за изпълнение Час 14:41 Вид разпределение Избран съдия/заседател Надежда Димитрова Кирилова Час --:-- Вид страна Заявител П.Д.В. Час --:-- Вид страна Длъжник Уно моменто ООД Час --:-- Вид страна Адвокат Б.Н.Б. Час 14:41 Вид дело Частно гражданско дело 2099/2026
8bf8f83c-44d2-430c-b248-b1d1544dab78,2026 08 юли2026 Час 12:56 Вид акт Изпълнителен лист ЗП 389 Час 12:55 Вид акт Разпореждане 1460 Час 12:54 Вид заседание зала / резултат / 30 април2026 Час 13:22 Вид акт Заповед за изпълнение 563 Час 13:21 Вид акт Разпореждане 1002 Час 13:20 Вид заседание зала / резултат / Решено с акт по същество в закрито заседание 24 април2026 Час 14:41 Вид разпределение Избран съдия/заседател Ангелина Гергинова Гергинска Час --:-- Вид страна Заявител БЕСТ Кепитъл България ЕАД Час --:-- Вид страна Длъжник Л.Г.И. Час --:-- Вид страна Пълномощник В.Л.Л. Час 14:41 Вид дело Частно гражданско дело 754/2026
99a6fff6-03f9-4447-b0d0-229947648763,2026 24 август2026 Час 16:16 Вид акт Определение 987 Час 16:11 Вид заседание зала / резултат / С определение 22 юни2026 Час 13:54 Вид акт Разпореждане 2709 Час 13:35 Вид заседание зала / резултат / С разпореждане 12 юни2026 Час 16:17 Вид акт Разпореждане 2601 Час 15:58 Вид заседание зала / резултат / С разпореждане 27 април2026 Час 14:23 Вид акт Разпореждане 1801 Час 10:25 Вид акт Заповед за изпълнение 776 Час 10:23 Вид заседание зала / резултат / Със заповед за изпълнение 24 април2026 Час 14:41 Вид разпределение Избран съдия/заседател ЙОХАННА ИВАНОВА АНТОНОВА Час --:-- Вид страна Заявител АПС БЕТА БЪЛГАРИЯ ЕООД Час --:-- Вид страна Друго П.В. Час --:-- Вид страна Друго Х.М. Час --:-- Вид страна Длъжник Н.Т.К. Час --:-- Вид страна Юрисконсулт Б.Д.Т. Час 14:41 Вид дело Частно гражданско дело 1045/2026
b2f0513a-5bec-478e-8248-50d5de1a77ca,"2026 11 май2026 Час 12:37 Вид акт Определение 256 Час 12:32 Вид заседание зала / резултат / С определение, приключващо делото Час 12:25 Вид разпределение Избран съдия/заседател Бонка Янкова Час 12:24 Вид разпределение Избран съдия/заседател Мая Цонева 27 април2026 Час --:-- Вид страна Страна М.Г.Т. 24 април2026 Час 14:40 Вид разпределение Избран съдия/заседател Владимир Астарджиев Час --:-- Вид страна Друго Районен съд – Балчик Час 14:40 Вид дело Касационно частно наказателно дело 391/2026"
9ca0c2bf-8a92-41b0-96ca-9e62270bface,2026 27 април2026 Час 10:35 Вид акт Разпореждане 2462 Час 10:28 Вид заседание зала / резултат / Прекратява поради изпращане по подсъдност 24 април2026 Час 14:40 Вид разпределение Избран съдия/заседател Светослав Николаев Узунов Час --:-- Вид страна Жалбоподател Р.В.Р. Час --:-- Вид страна Админ.наказ.орган ОДМВР - Пловдив Час 14:40 Вид дело Административно наказателно дело 2356/2026
7acb2d10-a7a7-4670-82a5-e7436bf71b45,2026 25 юни2026 Час 16:35 Вид акт Решение 1435 28 май2026 Час 18:07 Вид Документ Вносител МЛАДШИ АВТОКОНТРОЛЬОР КЪМ СЕКТОР ПЪТНА ПОЛИЦИЯ ПРИ ОДМВР КЪРДЖАЛИ С. В. Ч. Час 18:07 Вид Документ Вносител МЛАДШИ АВТОКОНТРОЛЬОР КЪМ СЕКТОР ПЪТНА ПОЛИЦИЯ ПРИ ОДМВР КЪРДЖАЛИ С. В. Ч. Час 18:07 Вид Документ Вносител МЛАДШИ АВТОКОНТРОЛЬОР КЪМ СЕКТОР ПЪТНА ПОЛИЦИЯ ПРИ ОДМВР КЪРДЖАЛИ С. В. Ч. Час 18:07 Вид Документ Вносител МЛАДШИ АВТОКОНТРОЛЬОР КЪМ СЕКТОР ПЪТНА ПОЛИЦИЯ ПРИ ОДМВР КЪРДЖАЛИ С. В. Ч. 26 май2026 Час 10:10 Вид заседание зала / резултат Съдебна зала / Обявено за решаване 27 април2026 Час 11:43 Вид акт Разпореждане 828 Час --:-- Вид заседание зала / резултат / Проведено 24 април2026 Час 14:40 Вид разпределение Избран съдия/заседател АЙГЮЛ ШЕФКИ Час --:-- Вид страна Жалбоподател В.Д.П. Час --:-- Вид страна Ответник МЛАДШИ АВТОКОНТРОЛЬОР КЪМ СЕКТОР ПЪТНА ПОЛИЦИЯ ПРИ ОДМВР КЪРДЖАЛИ С. В. Ч. Час 14:40 Вид дело Административно дело 248/2026
53504e6b-f012-4bf8-b5a3-49640290f293,2026 23 юни2026 Час 16:37 Вид акт Разпореждане 916 Час 16:27 Вид заседание зала / резултат / С разпореждане 09 юни2026 Час 09:47 Вид акт Решение 76 15 май2026 Час 13:52 Вид акт Протокол 76 14 май2026 Час 14:38 Вид акт Определение 146 Час 14:27 Вид заседание зала / резултат / С определение Час 11:00 Вид заседание зала / резултат / Обявено за решаване 13 май2026 Час 16:24 Вид акт Разпореждане 702 Час 16:02 Вид заседание зала / резултат / С разпореждане 11 май2026 Час 12:51 Вид акт Разпореждане 666 08 май2026 Час 08:43 Вид заседание зала / резултат / С разпореждане 05 май2026 Час 14:18 Вид акт Разпореждане 638 Час 13:50 Вид заседание зала / резултат / С разпореждане 28 април2026 Час 10:44 Вид акт Разпореждане 603 Час 09:56 Вид заседание зала / резултат / С разпореждане 27 април2026 Час 13:47 Вид акт Определение 126 Час 13:06 Вид заседание зала / резултат / Насрочено в I-во заседание БЕЗ РАЗМЯНА НА КНИЖА Час --:-- Вид страна Вещо лице С.Г.А. 24 април2026 Час 14:39 Вид разпределение Избран съдия/заседател Мария Велкова Час --:-- Вид страна Молител ВИЛИПАЛ ЕООД Час --:-- Вид страна Ответник БИРОНЕКС 5 ЕООД Час --:-- Вид страна Адвокат Д.И.Р. Час 14:39 Вид дело Търговско дело 67/2026
d8f016f4-1a3c-409a-980d-daa07cfa0dff,2026 17 септември2026 Час 13:30 Вид заседание зала / резултат / Отменено 07 август2026 Час 16:26 Вид акт Определение 294 Час 16:01 Вид заседание зала / резултат / Прекратено преди насрочване/разглеждане в ЗЗ Час 15:14 Вид акт Определение 293 Час 14:46 Вид заседание зала / резултат / С акт за отвод Час 14:39 Вид акт Разпореждане 840 Час 14:30 Вид заседание зала / резултат / С разпореждане 15 юли2026 Час 11:54 Вид разпределение Избран съдия/заседател Ганчо Манев Драганов 14 юли2026 Час 16:14 Вид акт Определение 268 Час 16:10 Вид заседание зала / резултат / С акт за отвод 17 юни2026 Час --:-- Вид страна Адвокат В.А.Я. 16 юни2026 Час 16:13 Вид акт Определение 209 Час 16:11 Вид заседание зала / резултат / Насрочено за I-во заседание 24 април2026 Час 14:39 Вид разпределение Избран съдия/заседател Росен Иванов Балкански Час --:-- Вид страна Ищец М.И.П. Час --:-- Вид страна Ответник Д.В.Ш. Час 14:39 Вид дело Гражданско дело 504/2026
a1fcd18b-5f0c-4688-afac-0f417cea32c2,2026 24 април2026 Час 14:39 Вид разпределение Избран съдия/заседател Стойка Илиева Янева Час --:-- Вид страна Заявител ТИ БИ АЙ Банк ЕАД Час --:-- Вид страна Длъжник С.Д.С. Час --:-- Вид страна Юрисконсулт М.Г.Н. Час 14:39 Вид дело Частно гражданско дело 289/2026
343179ff-4f25-4999-85d6-424e770ccf43,2026 30 април2026 Час 10:38 Вид акт Изпълнителен лист ЗП 537 Час 10:37 Вид акт Заповед за изпълнение 651 Час 10:35 Вид заседание зала / резултат / 28 април2026 Час 14:48 Вид акт Заповед за изпълнение 639 Час 14:46 Вид заседание зала / резултат / Решено с акт по същество в закрито заседание 24 април2026 Час 14:39 Вид разпределение Избран съдия/заседател Адриана Георгиева Добрева Час --:-- Вид страна Заявител ТИ БИ АЙ Банк ЕАД Час --:-- Вид страна Длъжник А.А.М. Час --:-- Вид страна Представител Д.В.И. Час 14:39 Вид дело Частно гражданско дело 862/2026
48860f02-6bca-48e8-96b8-36405acec0de,"2026 16 юли2026 Час 11:57 Вид акт Изпълнителен лист ЗП 1992 Час 11:28 Вид акт Разпореждане 7491 Час 11:25 Вид заседание зала / резултат / С разпореждане 28 май2026 Час 11:21 Вид акт Разпореждане 5629 Час 11:18 Вид заседание зала / резултат / С разпореждане 07 май2026 Час 09:59 Вид акт Разпореждане 4597 Час 09:57 Вид заседание зала / резултат / С разпореждане 24 април2026 Час 15:50 Вид акт Заповед за изпълнение 1599 Час 15:38 Вид заседание зала / резултат / Решено с акт по същество в закрито заседание Час 14:39 Вид разпределение Избран съдия/заседател Калин Георгиев Колешански Час --:-- Вид страна Заявител ""ЕОС МАТРИКС"" ЕАД Час --:-- Вид страна Длъжник Б.Б.Т. Час --:-- Вид страна Адвокат Ж.Д.Д. Час 14:39 Вид дело Частно гражданско дело 2098/2026"
096808f6-929b-42d5-b2b1-9732dc2b8f1e,"2026 29 септември2026 Час 16:15 Вид заседание зала / резултат Зала 1 партер / Обявено за решаване 01 септември2026 Час 13:25 Вид акт Протокол 4978 06 юли2026 Час 15:30 Вид заседание зала / резултат Зала 10 етаж 3 / Отложено 02 юли2026 Час 17:05 Вид акт Протокол 3964 16 юни2026 Час 11:20 Вид заседание зала / резултат Зала 10 етаж 3 / Отложено 27 април2026 Час 12:08 Вид акт Разпореждане 2471 Час 12:06 Вид заседание зала / резултат / С разпореждане за насрочване Час --:-- Вид страна Свидетел Б.Н.Я. 24 април2026 Час 14:39 Вид разпределение Избран съдия/заседател Иван Георгиев Бекяров Час --:-- Вид страна Жалбоподател А.И.Х. Час --:-- Вид страна Админ.наказ.орган Началник група в ОДМВР - Пловдив,Сектор “Пътна полиция” Час --:-- Вид страна Процесуален представител Р.П.Р. Час 14:38 Вид дело Административно наказателно дело 2355/2026"
935627c2-f67e-4170-9857-dd308251bc76,2026 04 май2026 Час 14:19 Вид акт Протокол 302 Час 14:11 Вид акт Решение 80 Час 14:00 Вид заседание зала / резултат / С решение Час --:-- Вид страна Обвинител С.Г.Я. Час --:-- Вид страна Друго ТД НА НАП ПЛОВДИВ-ОФИС ПАЗАРДЖИК 28 април2026 Час 09:14 Вид акт Разпореждане 275 Час 09:13 Вид заседание зала / резултат / С разпореждане за насрочване Час --:-- Вид страна Страна Окръжна прокуратура - Пазарджик Час --:-- Вид страна Заинтересована страна В.С.И. 24 април2026 Час 14:38 Вид разпределение Избран съдия/заседател Димитър Борисов Бишуров Час --:-- Вид страна Вносител ЦЕНТРАЛНО ИНКАСАТОРСКО БЮРО КЪМ НИДЕРЛАНДСКОТО МИНИСТЕРСТВО НА ПРАВОСЪДИЕТО Час 14:38 Вид дело Частно наказателно дело 313/2026
da80069b-6422-48f9-bba0-a9bd41e80ddd,2026 26 юни2026 Час 08:54 Вид акт Решение 1438 28 май2026 Час 18:07 Вид Документ Вносител МЛАДШИ АВТОКОНТРОЛЬОР КЪМ СЕКТОР ПП ПРИ ОДМВР КЪРДЖАЛИ С. В. Ч. Час 18:07 Вид Документ Вносител МЛАДШИ АВТОКОНТРОЛЬОР КЪМ СЕКТОР ПП ПРИ ОДМВР КЪРДЖАЛИ С. В. Ч. 26 май2026 Час 10:20 Вид заседание зала / резултат Съдебна зала / Обявено за решаване 27 април2026 Час 11:52 Вид акт Разпореждане 829 Час --:-- Вид заседание зала / резултат / Проведено 24 април2026 Час 14:38 Вид разпределение Избран съдия/заседател АЙГЮЛ ШЕФКИ Час --:-- Вид страна Жалбоподател Т.В.Н. Час --:-- Вид страна Ответник МЛАДШИ АВТОКОНТРОЛЬОР КЪМ СЕКТОР ПП ПРИ ОДМВР КЪРДЖАЛИ С. В. Ч. Час 14:38 Вид дело Административно дело 247/2026
bd450214-36fe-4a91-ad06-798326419f97,"2026 28 април2026 Час 13:02 Вид акт Определение 42 Час 12:59 Вид заседание зала / резултат / С определение, приключващо делото 24 април2026 Час 14:37 Вид разпределение Избран съдия/заседател Анелия Димитрова Час --:-- Вид страна Вносител ТО-Мездра към РП-Враца Час --:-- Вид страна Жалбоподател К.А.М. Час 14:37 Вид дело Частно наказателно дело 141/2026"
e8098349-7ab1-45f2-8dd2-ef4a6fa7f516,"2026 16 юни2026 Час 10:30 Вид акт Решение 817 12 юни2026 Час 12:59 Вид акт Протокол 3443 11 юни2026 Час 11:18 Вид Документ Вносител И.Д.С. 05 юни2026 Час 11:10 Вид заседание зала / резултат Зала 11 етаж 3 / С решение и мотиви 27 април2026 Час 10:55 Вид акт Разпореждане 2466 Час 10:53 Вид заседание зала / резултат / С разпореждане за насрочване Час --:-- Вид страна Актосъставител Й.П.И. 24 април2026 Час 14:37 Вид разпределение Избран съдия/заседател Зорница Николова Тухчиева - Вангелова Час --:-- Вид страна Жалбоподател В.В.М. Час --:-- Вид страна Админ.наказ.орган Началник Група в ОД на МВР – Пловдив, Сектор „Пътна полиция“ Пловдив Час --:-- Вид страна Адвокат И.Д.С. Час 14:37 Вид дело Административно наказателно дело 2354/2026"
3826ad55-267f-47f6-826d-1771dd43c49e,2026 25 август2026 Час 16:25 Вид акт Изпълнителен лист ЗП 1030 Час 16:24 Вид акт Разпореждане 5767 Час 16:22 Вид заседание зала / резултат / С разпореждане 08 юни2026 Час 16:20 Вид акт Разпореждане 3687 Час 16:18 Вид заседание зала / резултат / С разпореждане 27 април2026 Час 10:32 Вид акт Заповед за изпълнение 410 Час 10:30 Вид акт Разпореждане 2570 Час 10:24 Вид заседание зала / резултат / Със заповед за изпълнение 24 април2026 Час 14:37 Вид разпределение Избран съдия/заседател Неделина Минчева Час --:-- Вид страна Заявител Топлофикация София ЕАД Час --:-- Вид страна Длъжник Б.Б.Ц. Час --:-- Вид страна Законен представител И.Д.Т. Час --:-- Вид страна Представляващ П.Р.П. Час --:-- Вид страна Представляващ Р.Д.Г. Час --:-- Вид страна Юрисконсулт И.М.М. Час 14:37 Вид дело Частно гражданско дело 1325/2026
35e0ddfa-6259-4eb0-a414-eecec89ec3cf,2026 31 юли2026 Час 16:11 Вид акт Разпореждане 7659 Час 16:10 Вид заседание зала / резултат / С разпореждане 24 април2026 Час 16:31 Вид акт Заповед за изпълнение 1272 Час 16:27 Вид заседание зала / резултат / Със заповед за изпълнение Час 14:37 Вид разпределение Избран съдия/заседател Николай Стефанов Стефанов Час --:-- Вид страна Заявител БЕСТ Кепитъл България ЕАД Час --:-- Вид страна Длъжник Л.М.Ч. Час --:-- Вид страна Пълномощник В.Л.Л. Час 14:37 Вид дело Частно гражданско дело 2355/2026
53319fad-62ac-4733-af09-145efcce4483,2026 28 април2026 Час 21:30 Вид акт Изпълнителен лист ЗП 436 Час 21:30 Вид акт Заповед за изпълнение 706 Час 21:21 Вид заседание зала / резултат / Решено с акт по същество в закрито заседание 24 април2026 Час 14:54 Вид акт Разпореждане 903 Час 14:52 Вид заседание зала / резултат / Без движение Час 14:37 Вид разпределение Избран съдия/заседател Грета Иванова Денчева Час --:-- Вид страна Заявител ЕЙ УАН ВИЖЪН ЕООД Час --:-- Вид страна Длъжник Н.Б.В. Час --:-- Вид страна Юрисконсулт Р.С. Час 14:37 Вид дело Частно гражданско дело 879/2026
7c34225c-2211-4780-bde2-b9edbe97f1fc,2026 04 август2026 Час 20:34 Вид акт Изпълнителен лист ЗП 1393 21 юли2026 Час 14:39 Вид акт Разпореждане 5955 Час 14:28 Вид заседание зала / резултат / С разпореждане 08 юни2026 Час 23:26 Вид акт Разпореждане 4348 Час 15:11 Вид заседание зала / резултат / С разпореждане 04 май2026 Час 11:06 Вид акт Заповед за изпълнение 1082 30 април2026 Час 23:36 Вид акт Разпореждане 3198 27 април2026 Час 14:40 Вид заседание зала / резултат / Решено с акт по същество в закрито заседание 24 април2026 Час 14:37 Вид разпределение Избран съдия/заседател Мария Емилова Антова Час --:-- Вид страна Заявител БЕСТ Кепитъл България ЕАД Час --:-- Вид страна Длъжник А.З.А. Час --:-- Вид страна Пълномощник Б.И.К. Час 14:37 Вид дело Частно гражданско дело 1605/2026
b3136df1-f3d7-4627-b5ba-dd94ac2f009a,2026 24 април2026 Час 16:17 Вид акт Изпълнителен лист ЗП 237 Час 16:16 Вид акт Заповед за изпълнение 376 Час 16:15 Вид заседание зала / резултат / Със заповед за изпълнение Час 14:37 Вид разпределение Избран съдия/заседател Стоян Иванов Стоянов Час --:-- Вид страна Заявител Банка ДСК АД Час --:-- Вид страна Длъжник Р.В.П. Час --:-- Вид страна Пълномощник Х.К.П. Час 14:37 Вид дело Частно гражданско дело 732/2026
78a0275c-3beb-4724-8b14-33d66d46221f,"2026 20 юли2026 Час 13:05 Вид акт Решение 2766 30 юни2026 Час 13:05 Вид акт Протокол 13592 Час 10:15 Вид заседание зала / резултат / Обявено за решаване 15 юни2026 Час 15:43 Вид акт Протокол 12248 09 юни2026 Час 10:45 Вид заседание зала / резултат / Отложено 29 април2026 Час --:-- Вид страна Свидетел Л.М.А. Час --:-- Вид страна Свидетел Ж.К.Д. 28 април2026 Час 16:10 Вид акт Разпореждане 5577 Час 16:08 Вид заседание зала / резултат / С разпореждане за насрочване 24 април2026 Час 14:36 Вид разпределение Избран съдия/заседател МАРИЯ ХРИСТОВА ШОЙЛЕКОВА МАРИНОВА Час --:-- Вид страна Жалбоподател Д.Н.Н. Час --:-- Вид страна Админ.наказ.орган НАЧАЛНИК СЕКТОР В СДВР, ОТДЕЛ ПЪТНА ПОЛИЦИЯ СДВР Час 14:36 Вид дело Административно наказателно дело 5992/2026"
02a67989-4284-47ea-a39b-d9c4ae94c35c,2026 24 април2026 Час 15:36 Вид акт Определение 15670 Час 15:33 Вид заседание зала / резултат / Прекратено преди насрочване/разглеждане в ЗЗ Час 14:36 Вид разпределение Избран съдия/заседател ВАНИНА ЗДРАВКОВА МЛАДЕНОВА Час --:-- Вид страна Молител КАЙ ЕН СИ ООД Час --:-- Вид страна Ответник МАКСИМА БЪЛГАРИЯ ЕООД Час --:-- Вид страна Адвокат Б.Б.Б. Час 14:36 Вид дело Частно гражданско дело 11138/2026
8fa80f73-492c-43b3-b5d1-5ad4fa2eb823,2026 13 май2026 Час 08:54 Вид акт Протокол 325 12 май2026 Час 15:32 Вид акт Решение 87 Час 15:10 Вид заседание зала / резултат / С решение Час --:-- Вид страна Обвинител С.Д.П. Час --:-- Вид страна Друго ТД НА НАП ПЛОВДИВ-ОФИС ПАЗАРДЖИК 08 май2026 Час --:-- Вид страна Служебен защитник Г.Г.Б. 27 април2026 Час 16:03 Вид акт Разпореждане 272 Час 16:01 Вид заседание зала / резултат / С разпореждане за насрочване Час --:-- Вид страна Страна Окръжна прокуратура - Пазарджик Час --:-- Вид страна Заинтересована страна В.И.К. 24 април2026 Час 14:36 Вид разпределение Избран съдия/заседател Ирина Атанасова Джунева Час --:-- Вид страна Друго ЦЕНТРАЛНО ИНКАСАТОРСКО БЮРО КЪМ НИДЕРЛАНДСКОТО МИНИСТЕРСТВО НА ПРАВОСЪДИЕТО Час 14:36 Вид дело Частно наказателно дело 312/2026
9e0bf1ed-b6da-4d14-b06a-83466032cfcf,2026 12 май2026 Час 17:21 Вид акт Определение 458 Час 17:18 Вид заседание зала / резултат / Решено с акт по същество в закрито заседание 29 април2026 Час 15:09 Вид акт Разпореждане 1657 Час 15:08 Вид заседание зала / резултат / Без движение 24 април2026 Час 16:57 Вид акт Разпореждане 1604 Час 16:55 Вид заседание зала / резултат / Без движение Час 14:36 Вид разпределение Избран съдия/заседател ДЕСИСЛАВА СТАНИМИРОВА МАРИНОВА Час --:-- Вид страна Молител Х.Ю.Х. Час --:-- Вид страна Молител Ю.Х.С. Час --:-- Вид страна Молител С.М.М. Час --:-- Вид страна Адвокат Б.Ц.И. Час 14:36 Вид дело Частно гражданско дело 1117/2026
4890631a-a767-419e-969c-8e6d78ea1fa0,"2026 28 юли2026 Час 10:15 Вид акт Изпълнителен лист 97 Час --:-- Вид страна Друго ОДМВР - Плевен 11 юни2026 Час 11:53 Вид акт Решение 42 09 юни2026 Час 12:35 Вид акт Протокол 187 08 юни2026 Час 10:30 Вид заседание зала / резултат / С решение и мотиви 20 май2026 Час 14:30 Вид акт Протокол 158 18 май2026 Час 11:00 Вид заседание зала / резултат / Отложено Час --:-- Вид страна Адвокат М.Л.С. 27 април2026 Час 13:20 Вид акт Разпореждане 111 Час 13:10 Вид заседание зала / резултат / С разпореждане за насрочване Час --:-- Вид страна Актосъставител С.Е.Н. Час --:-- Вид страна Свидетел М.И.Д. 24 април2026 Час 14:36 Вид разпределение Избран съдия/заседател Палмира Димитрова Атанасова Час --:-- Вид страна Жалбоподател М.Н.П. Час --:-- Вид страна Админ.наказ.орган НАЧАЛНИК ГРУПА В ОДМВР ПЛЕВЕН, РУ БЕЛЕНЕ Час 14:36 Вид дело Административно наказателно дело 98/2026"
5ac2a522-89f1-4846-b987-4f5ee2b86da3,2026 20 май2026 Час 09:53 Вид акт Определение 326 Час 09:47 Вид заседание зала / резултат / Прекратено производство 29 април2026 Час 14:46 Вид акт Разпореждане 286 Час 14:39 Вид заседание зала / резултат / Без движение - с разпореждане 24 април2026 Час 15:49 Вид разпределение Избран съдия/заседател Андроника Ризова Час --:-- Вид страна Вносител И.А.В. Час --:-- Вид страна Обвинител Окръжна прокуратура - Благоевград Час --:-- Вид страна Адвокат В.И.Г. Час 14:36 Вид дело Частно наказателно дело 397/2026
0f57fae2-e24c-4db0-b46e-8d618c30bbaa,2026 05 май2026 Час 09:15 Вид акт Разпореждане 1665 Час 09:13 Вид акт Изпълнителен лист ЗП 243 Час 09:13 Вид акт Заповед за изпълнение 525 Час 09:12 Вид заседание зала / резултат / С разпореждане Час 09:11 Вид заседание зала / резултат / Със заповед за изпълнение 26 април2026 Час 12:49 Вид акт Разпореждане 1593 Час 12:47 Вид заседание зала / резултат / Без движение 24 април2026 Час 14:36 Вид разпределение Избран съдия/заседател МИЛЕН РУМЕНОВ АНГЕЛОВ Час --:-- Вид страна Заявител ТИ БИ АЙ Банк ЕАД Час --:-- Вид страна Длъжник Д.Н.Д. Час --:-- Вид страна Юрисконсулт М.Г.Н. Час 14:36 Вид дело Частно гражданско дело 867/2026
0a82b783-71db-49de-8cef-417b3bcaa4e0,2026 27 май2026 Час 13:04 Вид акт Споразумение 47 Час 13:03 Вид акт Протокол 174 Час 10:00 Вид заседание зала / резултат Зала №1 Етаж 1 / Със споразумение 22 май2026 Час 14:19 Вид акт Разпореждане 334 Час 14:14 Вид заседание зала / резултат / С разпореждане 21 май2026 Час --:-- Вид страна Обвинител Н.К.К. 29 април2026 Час 11:45 Вид заседание зала / резултат Зала №2 Етаж 1 / Пренасрочено 27 април2026 Час --:-- Вид страна Адвокат Г.Н.П. 24 април2026 Час 17:13 Вид акт Разпореждане 284 Час 17:10 Вид заседание зала / резултат / С разпореждане за насрочване Час 14:35 Вид разпределение Избран съдия/заседател Вяра Атанасова Атанасова Час --:-- Вид страна Вносител ТО-Мездра към РП-Враца Час --:-- Вид страна Обвиняем А.Г.Д. Час 14:35 Вид дело Наказателно дело от общ характер 140/2026
771aa9a0-8987-42af-ba6b-4e780e0e7d11,2026 24 април2026 Час 16:46 Вид акт Решение 55 Час 16:05 Вид заседание зала / резултат / С решение Час 14:35 Вид разпределение Избран съдия/заседател Росен Димитров Костадинов Час --:-- Вид страна Друго Окръжна прокуратура - Силистра Час --:-- Вид страна Страна Е.Ш.Ю. Час 14:35 Вид дело Частно наказателно дело 284/2026
261c47ed-1c35-4ddb-b0c6-568de5b835aa,2026 23 юли2026 Час 14:46 Вид акт Решение 2836 10 юли2026 Час 17:00 Вид акт Протокол 14540 09 юли2026 Час 14:15 Вид заседание зала / резултат / Обявено за решаване 13 май2026 Час 13:42 Вид акт Разпореждане 6209 Час 13:32 Вид заседание зала / резултат / С разпореждане за насрочване 24 април2026 Час 14:35 Вид разпределение Избран съдия/заседател ИРИНА СТОЕВА СТОЕВА Час --:-- Вид страна Жалбоподател Р.А.А. Час --:-- Вид страна Админ.наказ.орган НАЧАЛНИКА НА ГРУПА КЪМ СДВР ОТДЕЛ ПЪТНА ПОЛИЦИЯ Час --:-- Вид страна Адвокат И.В.Ю. Час 14:35 Вид дело Административно наказателно дело 5991/2026
2960ad9d-5fe7-428f-89d9-3ef645255212,2026 22 юни2026 Час 13:27 Вид акт Изпълнителен лист ЗП 265 Час 13:22 Вид акт Разпореждане 1292 Час 13:18 Вид заседание зала / резултат / С разпореждане 22 май2026 Час 12:15 Вид акт Разпореждане 1048 Час 12:13 Вид заседание зала / резултат / С разпореждане 07 май2026 Час 15:51 Вид акт Заповед за изпълнение 295 Час 15:47 Вид акт Разпореждане 863 Час 15:44 Вид заседание зала / резултат / Решено с акт по същество в закрито заседание 27 април2026 Час 12:18 Вид акт Разпореждане 792 Час 12:16 Вид заседание зала / резултат / Без движение 24 април2026 Час 14:35 Вид разпределение Избран съдия/заседател Таня Генчева Спасова Час --:-- Вид страна Заявител АПС БЕТА БЪЛГАРИЯ ЕООД Час --:-- Вид страна Друго П.В. Час --:-- Вид страна Друго Х.М. Час --:-- Вид страна Длъжник С.Д.М. Час --:-- Вид страна Юрисконсулт Б.Д.Т. Час 14:35 Вид дело Частно гражданско дело 489/2026
4705f654-89a1-4a6c-9ad5-1306ee36e49b,2026 29 април2026 Час 13:07 Вид акт Изпълнителен лист ЗП 690 24 април2026 Час 15:34 Вид акт Заповед за изпълнение 771 Час 15:32 Вид заседание зала / резултат / Решено с акт по същество в закрито заседание Час 14:35 Вид разпределение Избран съдия/заседател Диана Ангелова Петракиева Час --:-- Вид страна Заявител ТИ БИ АЙ Банк ЕАД Час --:-- Вид страна Длъжник А.В.А. Час --:-- Вид страна Юрисконсулт Д.В.И. Час 14:35 Вид дело Частно гражданско дело 1074/2026
4791fb6b-e8a9-4057-9afc-fa3338d8ebac,2026 25 юни2026 Час --:-- Вид страна Адвокат Н.Г.Г. 22 юни2026 Час 16:19 Вид акт Разпореждане 2363 Час 16:17 Вид заседание зала / резултат / С разпореждане 15 юни2026 Час 11:11 Вид акт Разпореждане 2241 Час 11:10 Вид заседание зала / резултат / С разпореждане 12 юни2026 Час --:-- Вид страна Пълномощник Н.Г.Г. 27 април2026 Час 09:45 Вид акт Заповед за изпълнение 499 Час 09:43 Вид заседание зала / резултат / Със заповед за изпълнение 24 април2026 Час 14:35 Вид разпределение Избран съдия/заседател Дарина Илиева Попова Час --:-- Вид страна Заявител Топлофикация София ЕАД Час --:-- Вид страна Друго Ц.С.Н. Час --:-- Вид страна Длъжник КРЕДИТНА КЪЩА ЕВРОКОМЕРС ЕООД Час --:-- Вид страна Представляващ П.Р.П. Час --:-- Вид страна Представляващ Р.Д.Г. Час --:-- Вид страна Юрисконсулт И.М.М. Час 14:35 Вид дело Частно гражданско дело 845/2026
f6b2e7a6-903b-499b-9b33-2299f9f3328a,2026 12 май2026 Час 16:00 Вид акт Протоколно определение 322 Час 15:30 Вид заседание зала / резултат / Прекратено производство Час --:-- Вид страна Обвинител С.Д.П. 28 април2026 Час --:-- Вид страна Страна Окръжна прокуратура - Пазарджик Час --:-- Вид страна Заинтересована страна С.С.Д. 27 април2026 Час 16:39 Вид акт Разпореждане 274 Час 16:36 Вид заседание зала / резултат / С разпореждане за насрочване 24 април2026 Час 14:35 Вид разпределение Избран съдия/заседател Кристина Ламбрева Пунтева Час --:-- Вид страна Вносител РЕПУБЛИКА АВСТРИЯ Час 14:35 Вид дело Частно наказателно дело 311/2026
5fbed0b6-754c-4fa6-93f8-67d49612ff7f,2026 04 май2026 Час 15:43 Вид акт Изпълнителен лист ЗП 381 03 май2026 Час 19:18 Вид акт Заповед за изпълнение 429 30 април2026 Час 17:00 Вид заседание зала / резултат / Със заповед за изпълнение 24 април2026 Час 14:46 Вид акт Разпореждане 952 Час 14:39 Вид заседание зала / резултат / Без движение Час 14:35 Вид разпределение Избран съдия/заседател Румен Атанасов Стойнов Час --:-- Вид страна Заявител Бигбанк АС - клон България КЧТ Час --:-- Вид страна Длъжник Р.П.Л. Час --:-- Вид страна Пълномощник Н.Д.Д. Час 14:35 Вид дело Частно гражданско дело 543/2026
e99b6bcf-fe57-4670-b5b4-eab4e6c718c1,2026 01 юни2026 Час 13:11 Вид акт Изпълнителен лист ЗП 299 24 април2026 Час 19:05 Вид акт Заповед за изпълнение 386 Час 19:04 Вид акт Разпореждане 1484 Час 15:53 Вид заседание зала / резултат / Със заповед за изпълнение Час 14:35 Вид разпределение Избран съдия/заседател СИЛВИНА ДАЧКОВА ЙОВЧЕВА Час --:-- Вид страна Заявител Топлофикация София ЕАД Час --:-- Вид страна Друго А.А.А. Час --:-- Вид страна Длъжник ИМО ПРОПЪРТИ ИНВЕСТМЪНТС СОФИЯ ЕАД Час --:-- Вид страна Представляващ П.Р.П. Час --:-- Вид страна Представляващ Р.Д.Г. Час --:-- Вид страна Юрисконсулт И.М.М. Час 14:35 Вид дело Частно гражданско дело 792/2026
c2599907-e797-47db-ae83-a076e7f2f3c6,"2026 12 август2026 Час 10:49 Вид акт Протокол 2760 11 август2026 Час 10:05 Вид акт Определение 1972 Час 09:55 Вид заседание зала / резултат / С определение 03 август2026 Час 18:10 Вид акт Разпореждане 2807 Час 18:07 Вид заседание зала / резултат / С разпореждане за насрочване 13 юли2026 Час 10:39 Вид акт Протокол 2499 02 юли2026 Час 14:52 Вид акт Определение 1614 Час 14:30 Вид заседание зала / резултат / С определение, приключващо делото 09 юни2026 Час 09:20 Вид заседание зала / резултат / Пренасрочено 08 юни2026 Час 10:46 Вид акт Разпореждане 2045 Час 10:34 Вид заседание зала / резултат / С разпореждане за насрочване Час --:-- Вид страна Защитник К.Н.Я. 05 юни2026 Час --:-- Вид страна Обвинител В.Н.Д. 05 май2026 Час --:-- Вид страна Вносител Районна прокуратура - Бургас 04 май2026 Час 15:57 Вид акт Разпореждане 1599 Час 15:42 Вид заседание зала / резултат / С разпореждане за насрочване 24 април2026 Час 14:34 Вид разпределение Избран съдия/заседател ИВЕЛИНА ДИЯНОВА ЧАВДАРОВА Час --:-- Вид страна Осъден К.С.А. Час 14:34 Вид дело Частно наказателно дело 1471/2026"
c2b62519-2ab8-4523-b98e-a45ef820e2c0,"2026 22 декември2026 Час 09:00 Вид заседание зала / резултат / 01 октомври2026 Час --:-- Вид страна Страна С.Р.П. Час --:-- Вид страна Свидетел С.Н.А. 09 септември2026 Час 11:00 Вид акт Разпореждане 11690 Час 10:58 Вид заседание зала / резултат / С разпореждане за насрочване 24 април2026 Час 14:34 Вид разпределение Избран съдия/заседател ВЕСЕЛА СТОЯНОВА ДОНЧЕВА Час --:-- Вид страна Жалбоподател КЕЙ ТИ ДЖИ АУТО ЕООД Час --:-- Вид страна Админ.наказ.орган НАЧАЛНИК НА ОТДЕЛ ""ОПЕРАТИВНИ ДЕЙНОСТИ"" СОФИЯ, ДИРЕКЦИЯ ""ОПЕРАТИВНИ ДЕЙНОСТИ"" В ГД ""ФИСКАЛЕН КОНТРОЛ"" НА НАП Час --:-- Вид страна Адвокат В.А. Час 14:34 Вид дело Административно наказателно дело 5990/2026"
17bf4b48-3b43-4b97-ada6-a3813d5c2d13,2026 14 август2026 Час 12:00 Вид акт Изпълнителен лист ЗП 2372 Час 12:00 Вид акт Разпореждане 8266 Час 09:59 Вид заседание зала / резултат / С разпореждане 12 май2026 Час 09:18 Вид акт Заповед за изпълнение 1605 11 май2026 Час 16:54 Вид заседание зала / резултат / Със заповед за изпълнение 24 април2026 Час 16:13 Вид акт Разпореждане 3757 Час 16:05 Вид заседание зала / резултат / Без движение Час 14:34 Вид разпределение Избран съдия/заседател Милен Иванов Бойчев Час --:-- Вид страна Заявител БЕСТ Кепитъл България ЕАД Час --:-- Вид страна Длъжник Л.Т.А. Час --:-- Вид страна Пълномощник В.Л.Л. Час 14:34 Вид дело Частно гражданско дело 2354/2026
ddbbad89-692f-4a53-8e49-c47311b04b81,2026 24 април2026 Час 16:18 Вид акт Протоколно определение 239 Час 16:18 Вид акт Протокол 238 Час 16:00 Вид заседание зала / резултат / Прекратено производство Час 15:02 Вид акт Разпореждане 493 Час 14:49 Вид заседание зала / резултат / С разпореждане за насрочване Час 14:33 Вид разпределение Избран съдия/заседател Добринка Димчева Кирева Час --:-- Вид страна Вносител ТО-Свиленград към РП-Хасково Час --:-- Вид страна Обвинител М.Н.С. Час --:-- Вид страна Подсъдим А.А.Д. Час --:-- Вид страна Служебен защитник Д.П.Т. Час 14:33 Вид дело Наказателно дело от общ характер 305/2026
e819c4d5-79d3-43e4-9215-022d6b1dd4f1,2026 28 май2026 Час 17:01 Вид акт Решение 1891 21 май2026 Час 17:17 Вид акт Протокол 10334 20 май2026 Час 15:00 Вид заседание зала / резултат / Обявено за решаване 28 април2026 Час 16:06 Вид акт Разпореждане 5575 Час 16:03 Вид заседание зала / резултат / С разпореждане за насрочване 24 април2026 Час 14:33 Вид разпределение Избран съдия/заседател ВЛАДИСЛАВА ВЕЛИЧКОВА АНГЕЛОВА Час --:-- Вид страна Жалбоподател П.Х.Й. Час --:-- Вид страна Админ.наказ.орган СДВР Час --:-- Вид страна Адвокат С.Ц.Д. Час 14:33 Вид дело Административно наказателно дело 5989/2026
b5f07253-4c39-4dad-92f6-f0bb80960c52,2026 27 април2026 Час 10:11 Вид акт Разпореждане 294 Час 10:10 Вид акт Заповед за изпълнение 71 Час 10:09 Вид акт Изпълнителен лист ЗП 55 24 април2026 Час 14:37 Вид заседание зала / резултат / Решено с акт по същество в закрито заседание Час 14:33 Вид разпределение Избран съдия/заседател Христо Витков Първанов Час --:-- Вид страна Заявител ТИ БИ АЙ Банк ЕАД Час --:-- Вид страна Длъжник В.С.К. Час --:-- Вид страна Юрисконсулт М.Г.Н. Час 14:33 Вид дело Частно гражданско дело 301/2026
b4f68cec-3904-496e-b39e-a0c65c594be5,2026 23 юни2026 Час 12:25 Вид акт Разпореждане 7110 Час 12:24 Вид акт Изпълнителен лист ЗП 3246 Час 11:59 Вид заседание зала / резултат / С разпореждане 27 април2026 Час 11:08 Вид акт Заповед за изпълнение 2982 Час 11:04 Вид заседание зала / резултат / Със заповед за изпълнение 24 април2026 Час 14:33 Вид разпределение Избран съдия/заседател Биляна Росалинова Скорчовска Петкова Час --:-- Вид страна Заявител А1 България ЕАД Час --:-- Вид страна Длъжник А.А.А. Час --:-- Вид страна Представител М.М.К. Час 14:33 Вид дело Частно гражданско дело 3474/2026
e97d0b4a-4f83-4136-a325-add954e23a72,2026 05 май2026 Час 10:32 Вид акт Изпълнителен лист ЗП 497 30 април2026 Час 15:54 Вид акт Заповед за изпълнение 749 Час 15:51 Вид заседание зала / резултат / Със заповед за изпълнение 24 април2026 Час 14:33 Вид разпределение Избран съдия/заседател Борислав Любомиров Чернев Час --:-- Вид страна Заявител ЕЙ УАН ВИЖЪН ЕООД Час --:-- Вид страна Длъжник М.Б.Ш. Час --:-- Вид страна Юрисконсулт Р.С. Час 14:33 Вид дело Частно гражданско дело 878/2026
59b08547-a022-4046-90a6-6e8a254b5dcc,2026 13 юли2026 Час 14:05 Вид акт Изпълнителен лист ЗП 1208 Час 09:51 Вид акт Разпореждане 8948 Час 08:54 Вид заседание зала / резултат / С разпореждане 29 юни2026 Час 10:52 Вид акт Разпореждане 8300 Час 09:27 Вид заседание зала / резултат / С разпореждане 24 април2026 Час 22:54 Вид акт Заповед за изпълнение 915 Час 22:43 Вид акт Разпореждане 4859 Час 22:00 Вид заседание зала / резултат / С разпореждане Час 14:33 Вид разпределение Избран съдия/заседател ИВАНКА НИКОЛОВА ПЕНЧЕВА Час --:-- Вид страна Заявител БЕСТ Кепитъл България ЕАД Час --:-- Вид страна Длъжник П.П.С. Час --:-- Вид страна Пълномощник Г.Я.Б. Час 14:33 Вид дело Частно гражданско дело 1733/2026
0346673c-0959-4c5d-bd6c-8a83b1db7f53,2026 17 юли2026 Час 13:50 Вид акт Изпълнителен лист ЗП 660 Час 13:48 Вид акт Разпореждане 916 Час 13:07 Вид заседание зала / резултат / С разпореждане 24 април2026 Час 16:41 Вид акт Заповед за изпълнение 554 Час 15:53 Вид заседание зала / резултат / Със заповед за изпълнение Час 14:33 Вид разпределение Избран съдия/заседател Иван Илиев Йорданов Час --:-- Вид страна Заявител Максо България АД Час --:-- Вид страна Длъжник Д.Т.И. Час --:-- Вид страна Пълномощник А.О.Б. Час 14:33 Вид дело Частно гражданско дело 639/2026
8f6b4fd8-bcb0-4b3f-97c7-4eb2cbb03880,2026 24 април2026 Час 15:44 Вид акт Решение 7618 Час 15:42 Вид заседание зала / резултат / Решено с акт по същество в закрито заседание Час 14:33 Вид разпределение Избран съдия/заседател ВАНИНА ЗДРАВКОВА МЛАДЕНОВА Час --:-- Вид страна Вносител Инспекторат на ВСС Час 14:32 Вид дело Частно гражданско дело 11137/2026
91601104-3b8f-4bc2-be68-fc3568880b25,"2026 30 юли2026 Час 10:47 Вид акт Решение 2926 Час 10:00 Вид заседание зала / резултат / С решение 16 юли2026 Час 16:50 Вид акт Протокол 15020 Час 09:40 Вид заседание зала / резултат / Обявено за решаване 02 юли2026 Час 12:32 Вид акт Определение 2967 Час 12:00 Вид заседание зала / резултат / С определение 25 юни2026 Час 13:22 Вид акт Протокол 13230 24 юни2026 Час 10:10 Вид заседание зала / резултат / Обявено за решаване 03 юни2026 Час 13:53 Вид акт Протокол 11131 27 май2026 Час 09:40 Вид заседание зала / резултат / Отложено 27 април2026 Час 16:08 Вид акт Разпореждане 5495 Час 16:06 Вид заседание зала / резултат / С разпореждане за насрочване 24 април2026 Час 14:32 Вид разпределение Избран съдия/заседател ПЕТЯ ДАНАИЛОВА ПЕТКОВА Час --:-- Вид страна Жалбоподател ПОЛИНА ДАНЧЕВА ТОДОРОВА - ЗАКОНЕН ПРЕДСТАВИТЕЛ НА ""Д-ТЕКС БЪЛГАРИЯ"" ЕООД Час --:-- Вид страна Админ.наказ.орган СДВР Час --:-- Вид страна Представител П.Д.Т. Час --:-- Вид страна Адвокат С.Ж.П. Час 14:32 Вид дело Административно наказателно дело 5988/2026"
e7e30d64-f416-40f0-b4ac-2b73e4b3bf9a,2026 12 май2026 Час 16:40 Вид акт Изпълнителен лист ЗП 4773 Час 16:37 Вид акт Заповед за изпълнение 804 Час 16:05 Вид заседание зала / резултат / Решено с акт по същество в закрито заседание 28 април2026 Час 15:39 Вид акт Разпореждане 53204 Час 15:29 Вид заседание зала / резултат / С разпореждане 24 април2026 Час 14:47 Вид акт Разпореждане 51822 Час 14:44 Вид заседание зала / резултат / С разпореждане Час 14:32 Вид разпределение Избран съдия/заседател ИЛИНА ВЕЛИЗАРОВА ЗЛАТАРЕВА МИТЕВА Час --:-- Вид страна Заявител Б.П.М. Час --:-- Вид страна Длъжник ЕКОБЕЛ ФИШ ЕООД - ИЛИЯН СПАСОВ ИЛИЕВ - УПРАВИТЕЛ Час 14:32 Вид дело Частно гражданско дело 11136/2026
49dd18f9-67b9-49f3-bf21-5bf85479f59e,2026 29 юни2026 Час 14:10 Вид акт Изпълнителен лист 321 16 юни2026 Час 13:00 Вид заседание зала / резултат / Пренасрочено 11 юни2026 Час 11:50 Вид акт Протоколно определение 338 Час 11:50 Вид акт Протоколно определение 337 Час 11:50 Вид акт Протоколно определение 336 Час 11:02 Вид акт Протокол 335 Час 11:02 Вид акт Протокол 334 09 юни2026 Час 16:38 Вид акт Присъда 13 Час 16:15 Вид заседание зала / резултат / С присъда по чл. 58а НК Час 15:30 Вид заседание зала / резултат / Отложено Час 11:57 Вид акт Разпореждане 780 Час 11:47 Вид заседание зала / резултат / С разпореждане за насрочване 03 юни2026 Час 11:20 Вид акт Протокол 322 02 юни2026 Час 13:00 Вид заседание зала / резултат / Отложено Час --:-- Вид страна Обвинител Ц.Л.И. 07 май2026 Час 11:18 Вид акт Разпореждане 566 Час 11:15 Вид заседание зала / резултат / С разпореждане 29 април2026 Час 16:37 Вид разпределение Избран съдия/заседател МАРИЯ РУМЕНОВА ДЕРВЕНКОВА Час 16:37 Вид разпределение Избран съдия/заседател Мария Петрова Карагеоргиева Час 16:36 Вид разпределение Избран съдия/заседател Александър Мирков Карагеоргиев Час 16:36 Вид разпределение Избран съдия/заседател Руска Манолова Георгиева Час --:-- Вид страна Друго Районно управление ”Полиция” - Свиленград Час --:-- Вид страна Пострадал В.М.А. Час --:-- Вид страна Пострадал П.И.К. Час --:-- Вид страна Пострадал А.Ч. Час --:-- Вид страна Защитник Д.Г.З. Час --:-- Вид страна Представител В.Д.М. Час --:-- Вид страна Ощетено юридическо лице Ели Трейд ЕООД Час --:-- Вид страна Преводач Ф.М.С. 28 април2026 Час 08:07 Вид акт Разпореждане 505 Час 08:05 Вид заседание зала / резултат / С разпореждане за насрочване 27 април2026 Час 09:57 Вид акт Разпореждане 498 Час 09:55 Вид заседание зала / резултат / С разпореждане за насрочване 24 април2026 Час 14:31 Вид разпределение Избран съдия/заседател Кремена Тодорова Стамболиева Байнова Час --:-- Вид страна Обвинител ТО-Свиленград към РП-Хасково Час --:-- Вид страна Обвиняем Ф.С.М. Час 14:31 Вид дело Наказателно дело от общ характер 304/2026
264f71f0-cab4-4abe-9b7b-b943a03c9490,2026 29 април2026 Час 16:09 Вид акт Протокол 182 Час 16:08 Вид акт Споразумение 26 Час 15:50 Вид заседание зала / резултат / Със споразумение 24 април2026 Час 14:45 Вид акт Разпореждане 217 Час 14:42 Вид заседание зала / резултат / С разпореждане за насрочване Час 14:32 Вид разпределение Избран съдия/заседател Дияна Димова Петрова Час --:-- Вид страна Обвинител ТО-Велики Преслав към РП-Шумен Час --:-- Вид страна Обвинител К.О.В. Час --:-- Вид страна Обвиняем И.И.Ц. Час --:-- Вид страна Защитник Г.П.И. Час 14:31 Вид дело Административно наказателно дело 146/2026
7a26d082-26e7-41b7-ba5f-12c89e37bd75,2026 24 май2026 Час 12:37 Вид акт Определение 299 Час 12:34 Вид заседание зала / резултат / Прекратено производство 24 април2026 Час 14:31 Вид разпределение Избран съдия/заседател Спасимир Спасов Здравчев Час --:-- Вид страна Жалбоподател М.В.Н. Час --:-- Вид страна Админ.наказ.орган Командир отделение в Трето РУ при ОДМВР Пловдив Час 14:31 Вид дело Административно наказателно дело 2353/2026
966b0a78-b9d7-4ffd-86c9-26a5f80a59cc,2026 27 април2026 Час 22:58 Вид акт Заповед за изпълнение 1509 Час 22:56 Вид заседание зала / резултат / Със заповед за изпълнение 24 април2026 Час 14:31 Вид разпределение Избран съдия/заседател Петко Петров Монев Час --:-- Вид страна Заявител БЕСТ Кепитъл България ЕАД Час --:-- Вид страна Длъжник А.В.Т. Час --:-- Вид страна Пълномощник Б.И.К. Час 14:31 Вид дело Частно гражданско дело 2057/2026
75db75d3-3271-44a6-bd8c-4aeef8fa425a,2026 24 април2026 Час 15:21 Вид акт Решение 7612 Час 15:19 Вид заседание зала / резултат / Решено с акт по същество в закрито заседание Час 14:31 Вид разпределение Избран съдия/заседател ТЕОДОРА АНГЕЛОВА КАРАБАШЕВА Час --:-- Вид страна Вносител НАЦИОНАЛНА АГЕНЦИЯ ЗА ПРИХОДИТЕ СРЕДНИ ДАНЪКОПЛАТЦИ И ОСИГУРИТЕЛИ Час 14:31 Вид дело Частно гражданско дело 11135/2026
2fa9990e-4dbf-480c-8f57-0e19b1120181,2026 20 юли2026 Час 17:30 Вид акт Изпълнителен лист ЗП 1236 16 юли2026 Час 18:28 Вид акт Разпореждане 9082 Час 14:37 Вид заседание зала / резултат / С разпореждане 22 юни2026 Час 16:23 Вид акт Разпореждане 7982 18 юни2026 Час 16:38 Вид заседание зала / резултат / С акт по хода на делото без уведомяване на страните 05 май2026 Час 14:32 Вид акт Заповед за изпълнение 1062 27 април2026 Час 10:14 Вид заседание зала / резултат / Със заповед за изпълнение 24 април2026 Час 14:31 Вид разпределение Избран съдия/заседател Ани Харизанова Час --:-- Вид страна Заявител ЙЕТТЕЛ БЪЛГАРИЯ ЕАД Час --:-- Вид страна Длъжник И.И.С. Час --:-- Вид страна Адвокат В.П.Г. Час 14:31 Вид дело Частно гражданско дело 1732/2026
691af622-e610-40c0-baab-84f633603c21,2026 27 април2026 Час 13:59 Вид акт Заповед за изпълнение 418 Час 13:55 Вид заседание зала / резултат / Със заповед за изпълнение 24 април2026 Час 14:31 Вид разпределение Избран съдия/заседател Свилен Жеков Час --:-- Вид страна Заявител ЕОС МАТРИКС ЕАД Час --:-- Вид страна Длъжник Б.С.П. Час --:-- Вид страна Адвокат Ж.Д.Д. Час 14:31 Вид дело Частно гражданско дело 1324/2026
27d7a6df-f7b8-448a-9b8c-2a84bf0ca6da,2026 29 април2026 Час 10:43 Вид акт Решение 7892 Час 10:25 Вид заседание зала / резултат / С решение за отстраняване на ОФГ 24 април2026 Час 15:56 Вид акт Решение 7621 Час 15:54 Вид заседание зала / резултат / Решено с акт по същество в закрито заседание Час 14:31 Вид разпределение Избран съдия/заседател ВАНИНА ЗДРАВКОВА МЛАДЕНОВА Час --:-- Вид страна Вносител Инспекторат на ВСС Час 14:30 Вид дело Частно гражданско дело 11134/2026
25c8e5bc-0e0c-482c-b3b0-0ad10b431ad6,2026 24 април2026 Час 15:51 Вид акт Определение 15682 Час 15:35 Вид акт Разпореждане 51914 Час 15:33 Вид заседание зала / резултат / Прекратено преди насрочване/разглеждане в ЗЗ Час 14:30 Вид разпределение Избран съдия/заседател БОГДАН РУСЕВ РУСЕВ Час --:-- Вид страна Вносител НАЦИОНАЛНА АГЕНЦИЯ ЗА ПРИХОДИТЕ СРЕДНИ ДАНЪКОПЛАТЦИ И ОСИГУРИТЕЛИ Час 14:30 Вид дело Частно гражданско дело 11133/2026
6c8de3c4-9a72-4ffb-acd0-f8a3ec83ea98,2026 22 септември2026 Час 13:18 Вид акт Разпореждане 5869 Час 13:14 Вид заседание зала / резултат / 06 август2026 Час 22:55 Вид акт Разпореждане 4482 Час 22:48 Вид заседание зала / резултат / С разпореждане 27 април2026 Час 15:37 Вид акт Заповед за изпълнение 1358 Час 15:35 Вид заседание зала / резултат / Със заповед за изпълнение 24 април2026 Час 14:30 Вид разпределение Избран съдия/заседател Тодор Георгиев Попиванов Час --:-- Вид страна Заявител АПС БЕТА БЪЛГАРИЯ ЕООД Час --:-- Вид страна Друго П.В. Час --:-- Вид страна Друго Х.М. Час --:-- Вид страна Длъжник Ц.В.Ц. Час --:-- Вид страна Юрисконсулт Б.Д.Т. Час 14:30 Вид дело Частно гражданско дело 1709/2026
ada6b169-54a5-42ee-89b6-b1ac92362de9,"2026 07 юли2026 Час 11:09 Вид акт Протоколно определение 4025 06 юли2026 Час --:-- Вид страна Обвинител И.К.И. 11 юни2026 Час 15:50 Вид заседание зала / резултат Зала 3 партер / С определение, приключващо делото 30 април2026 Час 17:02 Вид разпределение Избран съдия/заседател Тонка Милкова Димитрова Час 16:59 Вид разпределение Избран съдия/заседател Йорданка Славова Цветкова 28 април2026 Час 09:04 Вид разпределение Избран съдия/заседател Таня Димитрова Цончева Час 08:57 Вид разпределение Избран съдия/заседател Мария Георгиева Гаргова 27 април2026 Час 11:38 Вид акт Разпореждане 2469 Час 11:36 Вид заседание зала / резултат / С разпореждане за насрочване Час --:-- Вид страна Защитник Р.С.Б. 24 април2026 Час 14:30 Вид разпределение Избран съдия/заседател Иван Георгиев Бекяров Час --:-- Вид страна Вносител Районна прокуратура - Пловдив Час --:-- Вид страна Осъден А.М.И. Час 14:29 Вид дело Частно наказателно дело 2352/2026"
af52b429-4ea3-4fce-8897-bba198637e77,2026 29 април2026 Час 10:20 Вид акт Решение 7886 Час 10:17 Вид заседание зала / резултат / Решено с акт по същество в закрито заседание 24 април2026 Час 15:49 Вид акт Решение 7620 Час 15:47 Вид заседание зала / резултат / Решено с акт по същество в закрито заседание Час 14:30 Вид разпределение Избран съдия/заседател ВАНИНА ЗДРАВКОВА МЛАДЕНОВА Час --:-- Вид страна Вносител Инспекторат на ВСС Час 14:29 Вид дело Частно гражданско дело 11132/2026
3e360456-99a7-4965-ad21-d440430fa1e9,2026 24 април2026 Час 15:02 Вид акт Решение 7607 Час 14:58 Вид заседание зала / резултат / Решено с акт по същество в закрито заседание Час 14:29 Вид разпределение Избран съдия/заседател ТЕОДОРА АНГЕЛОВА КАРАБАШЕВА Час --:-- Вид страна Вносител Инспекторат на ВСС Час 14:29 Вид дело Частно гражданско дело 11131/2026
b416c21c-c7b3-4472-bf99-4ec746f3bdbf,2026 27 април2026 Час 13:07 Вид акт Изпълнителен лист ЗП 421 Час 13:07 Вид акт Заповед за изпълнение 697 Час 13:06 Вид акт Разпореждане 583 Час 13:00 Вид заседание зала / резултат / Със заповед за изпълнение 24 април2026 Час 14:29 Вид разпределение Избран съдия/заседател Емилия Димитрова Панчева Час --:-- Вид страна Заявител ТИ БИ АЙ Банк ЕАД Час --:-- Вид страна Длъжник М.Е.М. Час --:-- Вид страна Юрисконсулт М.Г.Н. Час 14:29 Вид дело Частно гражданско дело 795/2026
06ca0885-ff90-4d3c-bba4-b6ab0cd17ba2,2026 27 април2026 Час 16:30 Вид акт Изпълнителен лист ЗП 115 Час 16:24 Вид акт Заповед за изпълнение 113 Час 16:01 Вид акт Разпореждане 1054 Час 15:31 Вид заседание зала / резултат / Решено с акт по същество в закрито заседание 24 април2026 Час 14:29 Вид разпределение Избран съдия/заседател ДИМИТЪР ВАСИЛЕВ ВАСИЛЕВ Час --:-- Вид страна Заявител ТИ БИ АЙ Банк ЕАД Час --:-- Вид страна Длъжник Т.И.Я. Час --:-- Вид страна Юрисконсулт Д.В.И. Час 14:29 Вид дело Частно гражданско дело 272/2026
d33a6789-8b82-42f2-a567-3631de21ddcb,2026 27 април2026 Час 11:28 Вид акт Определение 559 Час 11:27 Вид акт Споразумение 181 Час 11:00 Вид заседание зала / резултат / Със споразумение Час --:-- Вид страна Обвинител Ч.А.Ш. 24 април2026 Час 15:47 Вид акт Разпореждане 1233 Час 15:44 Вид заседание зала / резултат / С разпореждане за насрочване Час 14:29 Вид разпределение Избран съдия/заседател Димитър Христофоров Кирилов Час --:-- Вид страна Обвинител Районна прокуратура - Плевен Час --:-- Вид страна Подсъдим Д.Ц.Х. Час --:-- Вид страна Адвокат Л.К.Г. Час 14:29 Вид дело Наказателно дело от общ характер 915/2026
147e09c6-f289-4c31-8b38-aa2874ce7c3f,2026 17 юни2026 Час 15:43 Вид акт Изпълнителен лист ЗП 495 08 юни2026 Час 09:08 Вид акт Разпореждане 2584 Час 09:03 Вид заседание зала / резултат / С разпореждане 24 април2026 Час 16:39 Вид акт Заповед за изпълнение 517 Час 16:36 Вид заседание зала / резултат / Със заповед за изпълнение Час 14:29 Вид разпределение Избран съдия/заседател Нели Делчева Иванова Час --:-- Вид страна Заявител МОСТ ФИНАНС МЕНИДЖМЪНТ АД Час --:-- Вид страна Длъжник А.С.Р. Час --:-- Вид страна Юрисконсулт К.М.М. Час 14:29 Вид дело Частно гражданско дело 1030/2026
e131c697-a312-4e4e-85e7-371646fd3024,2026 27 април2026 Час 13:45 Вид акт Изпълнителен лист ЗП 155 24 април2026 Час 16:28 Вид акт Заповед за изпълнение 361 Час 16:28 Вид акт Разпореждане 909 Час 15:55 Вид заседание зала / резултат / Решено с акт по същество в закрито заседание Час 15:52 Вид заседание зала / резултат / С разпореждане Час 14:29 Вид разпределение Избран съдия/заседател Георги Янчев Николов Час --:-- Вид страна Заявител Банка ДСК АД Час --:-- Вид страна Длъжник П.С.П. Час --:-- Вид страна Пълномощник Б.Р.Н. Час 14:29 Вид дело Частно гражданско дело 461/2026
d0182c8c-e903-41f7-b3d4-6c7d6862535f,2026 21 май2026 Час 14:10 Вид акт Изпълнителен лист ЗП 639 Час 14:10 Вид акт Заповед за изпълнение 968 Час 14:00 Вид заседание зала / резултат / Със заповед за изпълнение 24 април2026 Час 14:29 Вид разпределение Избран съдия/заседател Цветелина Свиленова Цонева Час --:-- Вид страна Заявител Банка ДСК АД Час --:-- Вид страна Длъжник А.Н.Д. Час --:-- Вид страна Пълномощник Д.Г.Б. Час 14:29 Вид дело Частно гражданско дело 1414/2026
9dab3b43-44da-48f1-80c7-ba45d8e2690c,2026 11 май2026 Час 18:29 Вид акт Решение 8663 Час 18:22 Вид заседание зала / резултат / С решение 24 април2026 Час 15:38 Вид акт Решение 7617 Час 15:36 Вид заседание зала / резултат / Решено с акт по същество в закрито заседание Час 14:29 Вид разпределение Избран съдия/заседател КАМЕЛИЯ ПЛАМЕНОВА КОЛЕВА Час --:-- Вид страна Вносител Инспекторат на ВСС Час 14:28 Вид дело Частно гражданско дело 11130/2026
d3a1d731-ccef-4852-b931-1db0d628e357,2026 08 юли2026 Час 12:28 Вид акт Изпълнителен лист 5786 21 май2026 Час 09:25 Вид акт Решение 1804 19 май2026 Час 14:22 Вид акт Протокол 10024 Час 13:10 Вид заседание зала / резултат / Обявено за решаване 28 април2026 Час 15:41 Вид акт Разпореждане 5570 Час 15:38 Вид заседание зала / резултат / С разпореждане за насрочване 24 април2026 Час 14:28 Вид разпределение Избран съдия/заседател СИЛВИЯ ВЕНЦИСЛАВОВА ТАЧЕВА Час --:-- Вид страна Жалбоподател Д-ТЕКС БЪЛГАРИЯ ЕООД Час --:-- Вид страна Админ.наказ.орган СДВР Час --:-- Вид страна Представител П.Д.Т. Час --:-- Вид страна Адвокат С.Ж.П. Час 14:28 Вид дело Административно наказателно дело 5987/2026
e94563d1-28b2-4083-a48d-73ac5cb0cedc,2026 24 април2026 Час 15:07 Вид акт Решение 7609 Час 15:04 Вид заседание зала / резултат / Решено с акт по същество в закрито заседание Час 14:28 Вид разпределение Избран съдия/заседател ТЕОДОРА АНГЕЛОВА КАРАБАШЕВА Час --:-- Вид страна Вносител Инспекторат на ВСС Час 14:28 Вид дело Частно гражданско дело 11129/2026
ab507c85-f99b-44da-9f1d-c2466dbfd3d0,2026 24 април2026 Час 15:22 Вид акт Решение 7613 Час 15:20 Вид заседание зала / резултат / Решено с акт по същество в закрито заседание Час 14:28 Вид разпределение Избран съдия/заседател НИКОЛА ДИНКОВ КЪНЧЕВ Час --:-- Вид страна Вносител Инспекторат на ВСС Час 14:27 Вид дело Частно гражданско дело 11128/2026
0c47ee82-ec83-421b-aa50-fe03d681a63e,2026 30 април2026 Час 12:30 Вид акт Изпълнителен лист ЗП 468 Час 12:29 Вид акт Заповед за изпълнение 737 Час 12:26 Вид заседание зала / резултат / Със заповед за изпълнение 24 април2026 Час 14:58 Вид акт Разпореждане 905 Час 14:56 Вид заседание зала / резултат / Час 14:27 Вид разпределение Избран съдия/заседател Петко Русев Георгиев Час --:-- Вид страна Заявител ЕЙ УАН ВИЖЪН ЕООД Час --:-- Вид страна Длъжник М.И.И. Час --:-- Вид страна Юрисконсулт Р.С. Час 14:27 Вид дело Частно гражданско дело 877/2026
3aba73dd-c89c-4696-8b86-1ed349e6bcb0,2026 03 септември2026 Час 11:06 Вид акт Изпълнителен лист ЗП 483 26 май2026 Час 10:59 Вид акт Разпореждане 718 Час 10:48 Вид заседание зала / резултат / С разпореждане 26 април2026 Час 09:51 Вид акт Заповед за изпълнение 327 Час 09:48 Вид заседание зала / резултат / Със заповед за изпълнение 24 април2026 Час 14:27 Вид разпределение Избран съдия/заседател ВЕСЕЛИН КИРИЛОВ ХАЙДУШКИ Час --:-- Вид страна Заявител А1 България ЕАД Час --:-- Вид страна Длъжник Е.Н.И. Час --:-- Вид страна Представител М.М.К. Час 14:27 Вид дело Частно гражданско дело 433/2026
eee4e337-79bc-456c-a0b7-82a64ebc1e3d,"2026 23 септември2026 Час 14:04 Вид акт Решение 3539 16 юли2026 Час 17:05 Вид акт Протокол 15035 24 юни2026 Час 13:20 Вид заседание зала / резултат / Обявено за решаване 22 май2026 Час --:-- Вид страна Свидетел К.Д.И. 21 май2026 Час 16:42 Вид акт Разпореждане 6635 Час 16:40 Вид заседание зала / резултат / С разпореждане за насрочване 24 април2026 Час 14:27 Вид разпределение Избран съдия/заседател СТАНИСЛАВ БОРИСЛАВОВ СЕДЕФЧЕВ Час --:-- Вид страна Жалбоподател БРИМЕКС ЕООД Час --:-- Вид страна Админ.наказ.орган НАЧАЛНИК ОТДЕЛ ""ОПЕРАТИВНИ ДЕЙНОСТИ"" В ГД ""ФИСКАЛЕН КОНТРОЛ"" КЪМ НАП Час --:-- Вид страна Адвокат Д.М.П. Час 14:26 Вид дело Административно наказателно дело 5986/2026"
e75afe7f-fd3c-4f8b-bce3-a8e67ec702a7,2026 24 април2026 Час 15:58 Вид акт Решение 7622 Час 15:56 Вид заседание зала / резултат / Решено с акт по същество в закрито заседание Час 14:26 Вид разпределение Избран съдия/заседател БОГДАН РУСЕВ РУСЕВ Час --:-- Вид страна Вносител Инспекторат на ВСС Час 14:26 Вид дело Частно гражданско дело 11127/2026
e7f8e1fa-4e4d-4c07-980f-9a3af3a452a6,2026 30 юни2026 Час 11:50 Вид акт Изпълнителен лист 704 29 април2026 Час 11:45 Вид акт Споразумение 188 Час 11:30 Вид заседание зала / резултат / Със споразумение Час --:-- Вид страна Обвинител Е.И.Я. 28 април2026 Час 13:16 Вид акт Разпореждане 1255 Час 13:14 Вид заседание зала / резултат / С разпореждане за насрочване 27 април2026 Час 16:11 Вид разпределение Избран съдия/заседател Светослава Михайлова Цонева Час 15:50 Вид акт Разпореждане 1245 Час 15:48 Вид заседание зала / резултат / С разпореждане за отвод Час --:-- Вид страна Адвокат Н.Я.Я. 24 април2026 Час 14:26 Вид разпределение Избран съдия/заседател Красимир Маринов Димитров Час --:-- Вид страна Обвинител Районна прокуратура - Плевен Час --:-- Вид страна Подсъдим Н.А.Б. Час 14:26 Вид дело Наказателно дело от общ характер 914/2026
276951ec-3809-47e9-9b5b-698cc19b987f,2026 24 април2026 Час 15:18 Вид акт Решение 7611 Час 15:16 Вид заседание зала / резултат / Решено с акт по същество в закрито заседание Час 14:25 Вид разпределение Избран съдия/заседател НИКОЛА ДИНКОВ КЪНЧЕВ Час --:-- Вид страна Вносител Инспекторат на ВСС Час 14:25 Вид дело Частно гражданско дело 11126/2026
85b1dd19-5840-4b84-a332-cc0a05092ec4,2026 06 август2026 Час 15:19 Вид акт Заповед за изпълнение 3363 Час 15:18 Вид заседание зала / резултат / Час 14:45 Вид акт Изпълнителен лист ЗП 1804 29 април2026 Час 14:57 Вид акт Заповед за изпълнение 1741 Час 14:56 Вид заседание зала / резултат / Със заповед за изпълнение 24 април2026 Час 14:25 Вид разпределение Избран съдия/заседател Ана Симеонова Андонова Час --:-- Вид страна Заявител Агенция за събиране на вземания ЕАД Час --:-- Вид страна Длъжник И.М.Г. Час --:-- Вид страна Юрисконсулт И.Н.Н. Час 14:25 Вид дело Частно гражданско дело 1948/2026
734f6e95-e481-4a65-a055-56e7656b5da3,2026 24 април2026 Час 16:13 Вид акт Определение 244 Час 16:10 Вид заседание зала / резултат / Прекратено преди насрочване/разглеждане в ЗЗ Час 14:25 Вид разпределение Избран съдия/заседател Хрисимир Максимов Пройнов Час --:-- Вид страна Ищец ИЗИ ФИНАНС ЕООД Час --:-- Вид страна Ответник А.И.С. Час 14:25 Вид дело Гражданско дело 538/2026
d9e35f49-669f-40c0-9d18-e51da46aa9d7,2026 24 април2026 Час 15:58 Вид акт Изпълнителен лист ЗП 356 Час 15:57 Вид акт Заповед за изпълнение 402 Час 15:49 Вид заседание зала / резултат / Със заповед за изпълнение Час 14:25 Вид разпределение Избран съдия/заседател Антония Тонева Час --:-- Вид страна Заявител ТИ БИ АЙ Банк ЕАД Час --:-- Вид страна Длъжник В.Б.К. Час --:-- Вид страна Юрисконсулт М.Г.Н. Час 14:25 Вид дело Частно гражданско дело 1323/2026
8e28ba4e-b63f-4794-91af-2f6ee9edcbd7,2026 16 юни2026 Час 10:49 Вид акт Изпълнителен лист ЗП 973 15 юни2026 Час 17:42 Вид акт Разпореждане 3457 Час 17:41 Вид заседание зала / резултат / Решено с акт по същество в закрито заседание 27 април2026 Час 09:33 Вид акт Заповед за изпълнение 1448 Час 09:33 Вид акт Разпореждане 2202 Час 09:32 Вид заседание зала / резултат / Със заповед за изпълнение Час 09:11 Вид заседание зала / резултат / С разпореждане 24 април2026 Час 14:25 Вид разпределение Избран съдия/заседател ИСКРЕН БОРИСОВ Час --:-- Вид страна Заявител АПС БЕТА България ЕООД Час --:-- Вид страна Друго Х.М. Час --:-- Вид страна Друго П.В. Час --:-- Вид страна Длъжник В.Б.М. Час --:-- Вид страна Юрисконсулт Б.Д.Т. Час 14:25 Вид дело Частно гражданско дело 1863/2026
cab8fa08-17f6-4327-b2db-7cf45ceefb11,2026 30 септември2026 Час 12:34 Вид акт Разпореждане 3279 Час 12:32 Вид заседание зала / резултат / С разпореждане 02 юли2026 Час 10:52 Вид акт Разпореждане 2453 08 юни2026 Час 16:57 Вид акт Разпореждане 2166 27 април2026 Час 16:03 Вид акт Заповед за изпълнение 504 Час 15:58 Вид заседание зала / резултат / Със заповед за изпълнение 24 април2026 Час 14:25 Вид разпределение Избран съдия/заседател Владимир Стоянов Иванов Час --:-- Вид страна Заявител ЕОС МАТРИКС ЕАД Час --:-- Вид страна Длъжник З.З.С. Час --:-- Вид страна Адвокат Ж.Д.Д. Час 14:25 Вид дело Частно гражданско дело 844/2026
9a56101d-3fe7-40eb-813d-3ea4027f5274,2026 24 април2026 Час 16:13 Вид акт Решение 7627 Час 16:11 Вид заседание зала / резултат / Решено с акт по същество в закрито заседание Час 14:24 Вид разпределение Избран съдия/заседател БОГДАН РУСЕВ РУСЕВ Час --:-- Вид страна Вносител Инспекторат на ВСС Час 14:24 Вид дело Частно гражданско дело 11125/2026
e445aef1-c39c-460a-af40-bf2fa01992fb,2026 14 юли2026 Час 15:09 Вид акт Протокол 14778 17 юни2026 Час 10:35 Вид заседание зала / резултат / Обявено за решаване 29 май2026 Час 18:54 Вид акт Разпореждане 6974 Час 18:52 Вид заседание зала / резултат / 24 април2026 Час 14:24 Вид разпределение Избран съдия/заседател ХРИСТИНА БОТЕВА ГАРВАНСКА Час --:-- Вид страна Жалбоподател М.Д.Д. Час --:-- Вид страна Админ.наказ.орган Столична Дирекция на Вътрешните Работи Час --:-- Вид страна Адвокат М.Б.М. Час 14:24 Вид дело Административно наказателно дело 5985/2026
9b4f5f44-39fd-4df5-8206-84e83b0199c7,2026 24 април2026 Час 16:05 Вид акт Решение 7625 Час 16:04 Вид заседание зала / резултат / Решено с акт по същество в закрито заседание Час 14:23 Вид разпределение Избран съдия/заседател ВАНИНА ЗДРАВКОВА МЛАДЕНОВА Час --:-- Вид страна Вносител Инспекторат на ВСС Час 14:23 Вид дело Частно гражданско дело 11124/2026
285c63ee-55ff-492a-8e6e-8ba26424cba8,2026 27 май2026 Час 13:39 Вид акт Протокол 10565 Час 08:30 Вид заседание зала / резултат / Прекратено производство 24 април2026 Час 14:23 Вид разпределение Избран съдия/заседател КРАСИМИРА НЕДЯЛКОВА ПРОДАНОВА Час --:-- Вид страна Жалбоподател М.П.С. Час --:-- Вид страна Админ.наказ.орган СДВР Час 14:23 Вид дело Административно наказателно дело 5984/2026
d304f653-e382-4613-a112-5bd6ae631de1,2026 03 юли2026 Час 15:49 Вид акт Изпълнителен лист ЗП 3426 Час 15:48 Вид акт Разпореждане 7517 Час 14:06 Вид заседание зала / резултат / С разпореждане 30 април2026 Час 16:29 Вид акт Заповед за изпълнение 3105 Час 16:26 Вид заседание зала / резултат / Със заповед за изпълнение 27 април2026 Час 13:28 Вид акт Разпореждане 4519 Час 13:26 Вид заседание зала / резултат / Без движение 24 април2026 Час 14:23 Вид разпределение Избран съдия/заседател Калина Христова Христова Час --:-- Вид страна Заявител Агенция за събиране на вземания ЕАД Час --:-- Вид страна Длъжник Д.М.Г. Час --:-- Вид страна Юрисконсулт И.Н.Н. Час 14:23 Вид дело Частно гражданско дело 3473/2026
224d8c0f-cf69-49f5-90da-f978be7e0d2f,2026 29 април2026 Час 13:16 Вид акт Изпълнителен лист ЗП 453 Час 13:14 Вид акт Заповед за изпълнение 723 Час 13:09 Вид заседание зала / резултат / Решено с акт по същество в закрито заседание 24 април2026 Час 14:23 Вид разпределение Избран съдия/заседател Росица Генадиева Тодорова Час --:-- Вид страна Заявител ЕЙ УАН ВИЖЪН ЕООД Час --:-- Вид страна Длъжник М.Ц.И. Час --:-- Вид страна Юрисконсулт Р.С. Час 14:23 Вид дело Частно гражданско дело 876/2026
dcafb17a-f84e-433a-8b63-c1e47bb30dba,"2027 2026 12 февруари2027 Час 09:30 Вид заседание зала / резултат Зала № 3 Съдебна палата - София, партер / 29 април2026 Час 09:27 Вид акт Разпореждане 2485 Час 09:25 Вид заседание зала / резултат / С Определение/Разпореждане по чл. 267 от ГПК 24 април2026 Час 14:23 Вид разпределение Избран съдия/заседател Ралица Димитрова Час --:-- Вид страна Жалбоподател М.М.З. Час --:-- Вид страна Жалбоподател-ответник Прокуратура на Република България Час --:-- Вид страна Контролираща страна САП Час --:-- Вид страна Адвокат Д.В.В. Час 14:23 Вид дело Въззивно гражданско дело 1217/2026"
2427b8c0-2f0b-4d00-9c1f-53668e3f2ae1,2026 15 май2026 Час 11:10 Вид акт Изпълнителен лист ЗП 199 Час 00:27 Вид акт Заповед за изпълнение 348 Час 00:26 Вид акт Разпореждане 1378 14 май2026 Час 01:00 Вид заседание зала / резултат / Решено с акт по същество в закрито заседание 24 април2026 Час 20:45 Вид акт Разпореждане 1167 Час 20:00 Вид заседание зала / резултат / Без движение Час 14:23 Вид разпределение Избран съдия/заседател Вяра Петракиева - Велинова Час --:-- Вид страна Заявител ТИ БИ АЙ Банк ЕАД Час --:-- Вид страна Длъжник Д.Д.Н. Час --:-- Вид страна Пълномощник М.Г.Н. Час 14:23 Вид дело Частно гражданско дело 418/2026
29be7ea8-0efc-4382-a9b4-be85ba15d89a,2026 24 април2026 Час 15:35 Вид акт Решение 7616 Час 15:33 Вид заседание зала / резултат / Решено с акт по същество в закрито заседание Час 14:22 Вид разпределение Избран съдия/заседател КАМЕЛИЯ ПЛАМЕНОВА КОЛЕВА Час --:-- Вид страна Вносител Инспекторат на ВСС Час 14:22 Вид дело Частно гражданско дело 11123/2026
cb14c02c-94e0-42d8-9b09-0811a5d4f222,2026 05 май2026 Час 10:36 Вид акт Протокол 516 Час 10:00 Вид заседание зала / резултат / С протокол 24 април2026 Час 14:45 Вид разпределение Избран съдия/заседател СТАНИМИРА АНГЕЛОВА ИВАНОВА Час --:-- Вид страна Вносител ОДМВР - Бургас Час --:-- Вид страна Свидетел Д.К.М. Час 14:22 Вид дело Частно наказателно дело 570/2026
8c668d9e-d445-4aae-b2e2-08ff32406c2b,2026 24 април2026 Час 15:32 Вид акт Решение 7614 Час 15:30 Вид заседание зала / резултат / Решено с акт по същество в закрито заседание Час 14:21 Вид разпределение Избран съдия/заседател КАМЕЛИЯ ПЛАМЕНОВА КОЛЕВА Час --:-- Вид страна Вносител Инспекторат на ВСС Час 14:21 Вид дело Частно гражданско дело 11122/2026
3d7336a6-b59f-4e74-8419-df5514737ca8,"2026 24 август2026 Час 15:27 Вид акт Определение 1239 Час 13:41 Вид акт Разпореждане 1235 Час --:-- Вид заседание зала / резултат / Проведено Час --:-- Вид заседание зала / резултат / Проведено 11 август2026 Час 12:18 Вид акт Разпореждане 1190 Час --:-- Вид заседание зала / резултат / Проведено 05 август2026 Час 11:24 Вид акт Решение 1175 07 юли2026 Час 18:24 Вид Документ Вносител Д.А.Т. Час 18:24 Вид Документ Вносител Д.А.Т. Час 18:24 Вид Документ Вносител Д.А.Т. 06 юли2026 Час 13:30 Вид заседание зала / резултат Зала 1 / Обявено за решаване 22 юни2026 Час 19:14 Вид Документ Вносител Д.А.Т. Час 13:30 Вид заседание зала / резултат Зала 1 / Отложено 02 юни2026 Час 18:52 Вид Документ Вносител Д.А.Т. 20 май2026 Час 18:58 Вид Документ Вносител Д.А.Т. 18 май2026 Час 13:30 Вид заседание зала / резултат Зала 1 / Отложено 13 май2026 Час 15:00 Вид акт Определение 667 Час --:-- Вид заседание зала / резултат / Проведено 28 април2026 Час 14:24 Вид акт Определение 600 Час --:-- Вид заседание зала / резултат / Проведено 24 април2026 Час 15:10 Вид акт Определение 585 Час 14:23 Вид разпределение Избран съдия/заседател Борис Борисов Час --:-- Вид страна Жалбоподател И ЕЛ ДЖИ ФИНАНС ЕАД Час --:-- Вид страна Ответник И ЕЛ ДЖИ ФИНАНС ЕАД Час --:-- Вид страна Ответник ДИРЕКТОР ДИРЕКЦИЯ ""ОДОП"" - ГРАД ВЕЛИКО ТЪРНОВО ПРИ ЦУ НА НАП Час --:-- Вид страна Вещо лице Д.А.Т. Час --:-- Вид страна Юрисконсулт Е.В.А. Час --:-- Вид заседание зала / резултат / Проведено Час 14:21 Вид дело Административно дело 187/2026"
f9e9fdcb-e42e-423e-b258-1ee79765d66c,"2026 28 май2026 Час 11:44 Вид акт Разпореждане 1420 Час 11:41 Вид заседание зала / резултат / С разпореждане 27 април2026 Час 16:38 Вид акт Заповед за изпълнение 561 Час 16:36 Вид заседание зала / резултат / Решено с акт по същество в закрито заседание 24 април2026 Час 14:21 Вид разпределение Избран съдия/заседател Магдалена Атанасова Жбантова Стефанова Час --:-- Вид страна Заявител ""Алфа Транс Газ"" ЕООД Час --:-- Вид страна Длъжник „ЗЛЧПресс“ ООД Час --:-- Вид страна Адвокат К.Д.Х. Час 14:21 Вид дело Частно гражданско дело 818/2026"
76b763d3-7d4f-4cee-b9a7-5241cf2a2be7,2026 01 юли2026 Час 16:22 Вид акт Разпореждане 4066 Час 16:19 Вид заседание зала / резултат / С акт по хода на делото без уведомяване на страните 19 юни2026 Час 11:47 Вид акт Разпореждане 3711 Час 11:44 Вид заседание зала / резултат / С акт по хода на делото без уведомяване на страните 28 април2026 Час 10:58 Вид акт Заповед за изпълнение 445 Час 10:53 Вид заседание зала / резултат / Със заповед за изпълнение 27 април2026 Час 15:07 Вид акт Разпореждане 2490 Час 14:55 Вид заседание зала / резултат / Без движение 24 април2026 Час 14:21 Вид разпределение Избран съдия/заседател Габриела Тричкова Час --:-- Вид страна Заявител Агенция за събиране на вземания ЕАД Час --:-- Вид страна Длъжник Д.Д.Я. Час --:-- Вид страна Юрисконсулт И.Н.Н. Час 14:21 Вид дело Частно гражданско дело 992/2026
9d7dccaa-14f5-4a99-a2f5-39d406518efd,2026 27 април2026 Час 14:57 Вид акт Изпълнителен лист ЗП 330 Час 14:56 Вид акт Заповед за изпълнение 598 Час 14:54 Вид акт Разпореждане 762 Час 14:50 Вид заседание зала / резултат / Решено с акт по същество в закрито заседание 24 април2026 Час 14:21 Вид разпределение Избран съдия/заседател Милена Иванова Семерджиева Час --:-- Вид страна Заявител ТИ БИ АЙ Банк ЕАД Час --:-- Вид страна Длъжник С.Я.А. Час --:-- Вид страна Юрисконсулт Д.В.И. Час 14:21 Вид дело Частно гражданско дело 641/2026
3d90b01c-ca8c-4019-9d1c-da9f16ec2e73,2026 28 април2026 Час 10:52 Вид акт Протокол 488 Час 10:00 Вид заседание зала / резултат / С протокол 24 април2026 Час 14:20 Вид разпределение Избран съдия/заседател Георги Христов Иванов Час --:-- Вид страна Вносител ОДМВР - Бургас Час --:-- Вид страна Свидетел Т.Т.И. Час 14:20 Вид дело Частно наказателно дело 569/2026
254e6ee0-daa9-4739-8066-bbe8a8a14bfb,"2026 27 април2026 Час 15:00 Вид акт Разпореждане 357 Час 14:57 Вид заседание зала / резултат / С разпореждане, приключващо делото 24 април2026 Час 14:20 Вид разпределение Избран съдия/заседател Диана Ангелова Петракиева Час --:-- Вид страна Вносител Районна прокуратура - Габрово Час 14:20 Вид дело Частно наказателно дело 331/2026"
34f77ded-b98b-4287-a18f-b8ce10c7f8d8,2026 11 май2026 Час 15:52 Вид акт Разпореждане 13656 Час 15:19 Вид заседание зала / резултат / С разпореждане 07 май2026 Час 14:49 Вид акт Изпълнителен лист ЗП 3121 Час 14:38 Вид акт Заповед за изпълнение 3925 30 април2026 Час 13:23 Вид акт Разпореждане 12922 Час 10:54 Вид заседание зала / резултат / Решено с акт по същество в закрито заседание 27 април2026 Час 13:59 Вид акт Разпореждане 12464 Час 09:45 Вид заседание зала / резултат / Без движение 24 април2026 Час 14:20 Вид разпределение Избран съдия/заседател ИГНАТ АСЕНОВ ТИМОФЕЕВ Час --:-- Вид страна Заявител К.Г.М. Час --:-- Вид страна Длъжник А.И.Г. Час 14:20 Вид дело Частно гражданско дело 4505/2026
07c1df47-fc29-4beb-bb9f-38e21f5f91b9,2026 24 април2026 Час 14:41 Вид акт Определение 200 Час 14:39 Вид заседание зала / резултат / Отказ от наследство Час 14:19 Вид разпределение Избран съдия/заседател Теодора Богомилова Стоянова Час --:-- Вид страна Наследодател С.Ш.А. Час --:-- Вид страна Наследник Е.Х.И. Час 14:19 Вид дело Частно гражданско дело 369/2026
d62eed75-1156-46e4-8a2c-20afda9cec0e,2026 04 май2026 Час 13:57 Вид акт Споразумение 81 Час 13:30 Вид заседание зала / резултат / Със споразумение Час --:-- Вид страна Обвинител Р.А.С. Час --:-- Вид страна Пострадал Ц.В.Ц. 27 април2026 Час 12:08 Вид акт Разпореждане 370 Час 12:06 Вид заседание зала / резултат / С разпореждане за насрочване Час --:-- Вид страна Адвокат М.Р.Г. 24 април2026 Час 14:19 Вид разпределение Избран съдия/заседател Мая Андонова Миленкова Час --:-- Вид страна Вносител Районна прокуратура - Кюстендил Час --:-- Вид страна Обвиняем Т.П.В. Час 14:19 Вид дело Наказателно дело от общ характер 491/2026
122de465-c876-41d5-9e87-292f186bd770,"2026 30 юни2026 Час 16:54 Вид акт Определение 1269 Час 16:30 Вид заседание зала / резултат / Прекратено преди насрочване/разглеждане в ЗЗ 20 май2026 Час 15:24 Вид акт Разпореждане 1398 Час 15:00 Вид заседание зала / резултат / С определение/разпореждане по чл. 131 ГПК/чл. 367 ГПК 04 май2026 Час 16:07 Вид акт Разпореждане 1269 Час 15:40 Вид заседание зала / резултат / Без движение 24 април2026 Час 14:19 Вид разпределение Избран съдия/заседател Диана Сотирова Танкова Час --:-- Вид страна Ищец В.Л. Час --:-- Вид страна Ответник АВК енд КО ООД, представл. от упправителя Андрей Кожанов Час 14:19 Вид дело Гражданско дело 534/2026"
6b9a7b3c-3db2-4f17-aa7f-305af1d301ea,2026 27 април2026 Час 11:04 Вид акт Заповед за изпълнение 207 Час 10:59 Вид заседание зала / резултат / Със заповед за изпълнение Час 10:59 Вид акт Разпореждане 49 Час 10:53 Вид заседание зала / резултат / С разпореждане 24 април2026 Час 14:19 Вид разпределение Избран съдия/заседател ЖИВКО ДЕЛЧЕВ ЯНКОВ Час --:-- Вид страна Заявител АПС БЕТА БЪЛГАРИЯ ЕООД Час --:-- Вид страна Друго П.В. Час --:-- Вид страна Друго Х.М. Час --:-- Вид страна Длъжник Я.К.Р. Час --:-- Вид страна Юрисконсулт Б.Д.Т. Час 14:19 Вид дело Частно гражданско дело 244/2026
039afa68-8b47-449f-9a12-e07f997352c6,2026 29 април2026 Час 13:04 Вид акт Изпълнителен лист ЗП 447 Час 13:03 Вид акт Заповед за изпълнение 717 Час 13:02 Вид заседание зала / резултат / Решено с акт по същество в закрито заседание 28 април2026 Час 13:17 Вид акт Разпореждане 935 Час 13:15 Вид заседание зала / резултат / Без движение 24 април2026 Час 14:19 Вид разпределение Избран съдия/заседател Магдалена Димова Инджова Час --:-- Вид страна Заявител ЕЙ УАН ВИЖЪН ЕООД Час --:-- Вид страна Длъжник М.Т.А. Час --:-- Вид страна Юрисконсулт Р.С. Час 14:19 Вид дело Частно гражданско дело 875/2026
7766ac76-8c72-4af7-b56a-bc5e765172c9,2026 30 август2026 Час 14:28 Вид акт Решение 852 24 август2026 Час 12:36 Вид акт Протокол 2835 19 август2026 Час 16:07 Вид Документ Вносител Директор на Регионална инспекция по околната среда и водите - Бургас Час 13:45 Вид заседание зала / резултат / Обявено за решаване 14 август2026 Час 14:27 Вид акт Разпореждане 2980 Час 14:11 Вид заседание зала / резултат / С разпореждане Час 13:45 Вид заседание зала / резултат / Пренасрочено 21 май2026 Час 16:42 Вид акт Разпореждане 1813 Час 16:00 Вид заседание зала / резултат / С разпореждане за насрочване 28 април2026 Час --:-- Вид страна Админ.наказ.орган Директор на Регионална инспекция по околната среда и водите - Бургас Час --:-- Вид страна Актосъставител С.Г.Г. Час --:-- Вид страна Адвокат Д.Ж.Д. 27 април2026 Час 18:49 Вид акт Разпореждане 1537 Час 18:00 Вид заседание зала / резултат / С разпореждане 24 април2026 Час 14:19 Вид разпределение Избран съдия/заседател МАРИЕТА ДИМИТРОВА БУШАНДРОВА Час --:-- Вид страна Жалбоподател К.С.В. Час 14:19 Вид дело Административно наказателно дело 1470/2026
a74e0953-b967-4fc6-95fa-d1524bb7e7cc,2026 27 април2026 Час 08:56 Вид акт Заповед за изпълнение 2981 Час 08:53 Вид заседание зала / резултат / Със заповед за изпълнение 24 април2026 Час 14:19 Вид разпределение Избран съдия/заседател Петър Никифоров Петров Час --:-- Вид страна Заявител МОСТ ФИНАНС МЕНИДЖМЪНТ АД Час --:-- Вид страна Длъжник Б.М.А. Час --:-- Вид страна Юрисконсулт К.М.М. Час 14:19 Вид дело Частно гражданско дело 3472/2026
d2fbc8f6-c15e-4d84-b220-de53aa2fadef,2026 25 април2026 Час 14:06 Вид акт Изпълнителен лист ЗП 236 Час 14:06 Вид акт Заповед за изпълнение 328 Час 14:04 Вид заседание зала / резултат / Решено с акт по същество в закрито заседание 24 април2026 Час 14:19 Вид разпределение Избран съдия/заседател Огнян Христов Гълъбов Час --:-- Вид страна Заявител Банка ДСК АД Час --:-- Вид страна Длъжник Й.Н.В. Час --:-- Вид страна Пълномощник Т.З.Х.Т. Час 14:19 Вид дело Частно гражданско дело 576/2026
a21fe05d-e166-453a-b89f-dccdd81de6f2,"2026 28 април2026 Час 12:04 Вид акт Разпореждане 359 Час 11:03 Вид заседание зала / резултат / С разпореждане, приключващо делото 24 април2026 Час 14:18 Вид разпределение Избран съдия/заседател Диана Ангелова Петракиева Час --:-- Вид страна Вносител Районна прокуратура - Габрово Час 14:18 Вид дело Частно наказателно дело 330/2026"
a2055fdf-0d01-497e-af63-a605d34674b5,"2026 15 септември2026 Час 10:03 Вид акт Разпореждане 8124 Час 09:15 Вид заседание зала / резултат / С разпореждане 23 юли2026 Час 14:16 Вид акт Определение 981 Час 13:00 Вид заседание зала / резултат / Спряно производство 09 юни2026 Час 15:50 Вид акт Разпореждане 4378 Час 15:30 Вид заседание зала / резултат / С разпореждане 01 юни2026 Час 15:47 Вид акт Разпореждане 4060 Час 15:00 Вид заседание зала / резултат / С разпореждане 19 май2026 Час --:-- Вид страна Юрисконсулт П.Г.Б. 11 май2026 Час 12:56 Вид акт Разпореждане 3368 Час 12:45 Вид заседание зала / резултат / С разпореждане 24 април2026 Час 14:18 Вид разпределение Избран съдия/заседател Кристиян Велков Стоилов Час --:-- Вид страна Ищец К.Р.В. Час --:-- Вид страна Ответник ""Информационно обслужване"" АД - клон Кюстендил Час 14:18 Вид дело Гражданско дело 1604/2026"
3e23fe19-a7be-49b9-a423-b2af9cfb26e8,2026 05 юни2026 Час 11:36 Вид акт Протокол 677 Час 11:12 Вид акт Определение 652 Час 09:58 Вид Документ Вносител С.З.М. Час 09:30 Вид заседание зала / резултат СЪДЕБНА ЗАЛА 4 ЕТ.2 / Прекратява поради изпращане по подсъдност 04 юни2026 Час --:-- Вид страна Обвинител С.З.М. 01 юни2026 Час --:-- Вид страна Страна Окръжна прокуратура - Бургас Час --:-- Вид страна Заинтересована страна Г.О.Г. 29 май2026 Час 11:29 Вид акт Разпореждане 530 Час 11:26 Вид заседание зала / резултат / С разпореждане за насрочване 28 април2026 Час 10:44 Вид акт Определение 480 Час 10:41 Вид заседание зала / резултат / Прекратено производство 27 април2026 Час 09:22 Вид акт Разпореждане 399 Час 09:20 Вид заседание зала / резултат / С разпореждане 24 април2026 Час 14:19 Вид разпределение Избран съдия/заседател Петя Георгиева Георгиева Стоянова Час --:-- Вид страна Вносител МИНИСТЕРСТВО НА ПРАВОСЪДИЕТО НА НИДЕРЛАНДИЯ Час 14:18 Вид дело Частно наказателно дело 568/2026
7068e054-0a0d-4539-96f8-bc706f3e5be6,2026 11 май2026 Час 10:58 Вид акт Решение 56 04 май2026 Час 11:06 Вид акт Протокол 94 Час 09:45 Вид заседание зала / резултат / С решение Час --:-- Вид страна Обвинител А.Е.И. 27 април2026 Час 14:59 Вид акт Разпореждане 94 Час 14:52 Вид заседание зала / резултат / С разпореждане за насрочване 24 април2026 Час 14:18 Вид разпределение Избран съдия/заседател Милена Бранкова Час --:-- Вид страна Обвинител Окръжна прокуратура - Монтана Час --:-- Вид страна Друго Австрия Час --:-- Вид страна Заинтересована страна А.П.А. Час 14:18 Вид дело Частно наказателно дело 141/2026
e59c2c8c-8fa0-498b-aac3-6b9e5b1a72d6,2026 08 юни2026 Час 18:51 Вид акт Разпореждане 13819 Час 18:49 Вид заседание зала / резултат / Без движение 24 април2026 Час 14:18 Вид разпределение Избран съдия/заседател Елена Николова Час --:-- Вид страна Ищец РЕНЕГЕЙД ЕООД Час --:-- Вид страна Ответник П.С.В. Час --:-- Вид страна Ответник М.К.Н. Час --:-- Вид страна Ответник Е.Г.Д. Час --:-- Вид страна Адвокат М.Х.Х. Час --:-- Вид страна Адвокат Р.Ж.М. Час 14:18 Вид дело Гражданско дело 2912/2026
316955aa-cb4e-4ef0-9739-f24e9626b70e,2026 13 май2026 Час 10:45 Вид акт Изпълнителен лист 74 30 април2026 Час 16:36 Вид акт Споразумение 22 Час 14:30 Вид заседание зала / резултат / Със споразумение Час --:-- Вид страна Обвинител Ц.Т.П. 28 април2026 Час 09:30 Вид акт Разпореждане 327 Час 06:10 Вид заседание зала / резултат / С разпореждане за насрочване Час --:-- Вид страна Преводач Л.А.Е. 24 април2026 Час 14:18 Вид разпределение Избран съдия/заседател ДАНИЕЛА КОЛЕВА НИКОЛОВА Час --:-- Вид страна Вносител Окръжна прокуратура - Хасково Час --:-- Вид страна Обвиняем Ю.С. Час --:-- Вид страна Защитник В.Х.Л. Час 14:17 Вид дело Наказателно дело от общ характер 307/2026
1f78ea07-2a9f-4b42-8514-3f652264450e,2026 05 май2026 Час 15:10 Вид акт Определение 333 Час 13:53 Вид заседание зала / резултат / Решено с акт по същество в закрито заседание 24 април2026 Час 14:17 Вид разпределение Избран съдия/заседател Калин Трифонов Тодоров Час --:-- Вид страна Жалбоподател КРЕДИСИМО ЕАД Час --:-- Вид страна Жалбоподател АЙ ТРЪСТ ЕООД Час --:-- Вид страна Ответник А.Н.В. Час --:-- Вид страна Адвокат М.М.С. Час --:-- Вид страна Юрисконсулт В.Д.Т. Час 14:17 Вид дело Въззивно частно гражданско дело 234/2026
20f4c8ee-a6b7-42ee-bb83-b1d6c6b97c12,2026 04 юни2026 Час 14:24 Вид акт Определение 2489 Час 14:21 Вид заседание зала / резултат / Прекратено преди насрочване/разглеждане в ЗЗ 22 май2026 Час 15:30 Вид акт Разпореждане 6942 Час 15:28 Вид заседание зала / резултат / Без движение Час 14:24 Вид акт Разпореждане 6938 Час 14:20 Вид заседание зала / резултат / С разпореждане Час 11:05 Вид акт Разпореждане 6904 Час 11:01 Вид заседание зала / резултат / С разпореждане 21 май2026 Час 15:23 Вид акт Разпореждане 6861 Час 15:20 Вид заседание зала / резултат / С разпореждане 29 април2026 Час 13:34 Вид акт Разпореждане 5903 Час 13:32 Вид заседание зала / резултат / С разпореждане 24 април2026 Час 15:25 Вид акт Определение 1915 Час 15:23 Вид заседание зала / резултат / Прекратено преди насрочване/разглеждане в ЗЗ Час 14:17 Вид разпределение Избран съдия/заседател Милена Светлозарова Томова Час --:-- Вид страна Молител Ю.Е.П. Час --:-- Вид страна Ответник Г.И.Ц. Час 14:17 Вид дело Гражданско дело 1679/2026
9bdddb55-346a-45d5-bbd0-a5cc594e2f16,2026 29 юли2026 Час 13:36 Вид Документ Вносител П.Й.П. 28 юли2026 Час 11:58 Вид акт Протоколно определение 191 Час 11:00 Вид заседание зала / резултат / С определение по кумулация 22 юли2026 Час 11:36 Вид акт Протокол 183 21 юли2026 Час 10:00 Вид заседание зала / резултат / Отложено 01 юли2026 Час 16:53 Вид акт Протокол 155 Час 13:30 Вид заседание зала / резултат / Отложено Час --:-- Вид страна Обвинител Г.Ц.Г. 27 май2026 Час 12:43 Вид акт Протокол 116 Час 11:52 Вид заседание зала / резултат / Отложено Час 11:46 Вид разпределение Избран съдия/заседател РЕНЕТА ИВАНОВА АЛЕКСАНДРОВА Час 11:44 Вид разпределение Избран съдия/заседател РУМЯНА ЦВЕТКОВА ИВАНОВА Час 11:44 Вид разпределение Избран съдия/заседател АНЕТА МАРИНОВА КАЛЕВА Час 11:00 Вид заседание зала / резултат / Отложено Час --:-- Вид страна Обвинител М.А.Н. 27 април2026 Час 16:53 Вид акт Разпореждане 136 Час 16:51 Вид заседание зала / резултат / С разпореждане за насрочване 24 април2026 Час 14:17 Вид разпределение Избран съдия/заседател Жаклин Георгиева Димитрова Алексиева Час --:-- Вид страна Вносител ТО-Козлодуй към РП-Враца Час --:-- Вид страна Осъден П.Й.П. Час 14:17 Вид дело Частно наказателно дело 104/2026
3be3ba45-7630-40ed-aaa7-c2f8e35311f7,2026 25 юни2026 Час 15:22 Вид акт Изпълнителен лист ЗП 561 24 юни2026 Час 10:58 Вид акт Разпореждане 3843 Час 10:56 Вид заседание зала / резултат / С разпореждане 04 май2026 Час 11:33 Вид акт Заповед за изпълнение 490 Час 11:27 Вид заседание зала / резултат / Със заповед за изпълнение 26 април2026 Час 14:49 Вид акт Разпореждане 2468 Час 14:47 Вид заседание зала / резултат / Без движение 24 април2026 Час 14:17 Вид разпределение Избран съдия/заседател Миглена Кавалова Час --:-- Вид страна Заявител Агенция за събиране на вземания ЕАД Час --:-- Вид страна Длъжник Р.В.А. Час --:-- Вид страна Юрисконсулт И.Н.Н. Час 14:17 Вид дело Частно гражданско дело 991/2026
1d8a6745-67b1-4d6f-8504-f9bc01b7e38a,2026 15 юни2026 Час 13:47 Вид акт Разпореждане 17640 Час 13:41 Вид заседание зала / резултат / Решено с акт по същество в закрито заседание 27 април2026 Час 08:31 Вид акт Разпореждане 12381 24 април2026 Час 16:08 Вид заседание зала / резултат / Без движение Час 14:17 Вид разпределение Избран съдия/заседател МОНИКА ПЛАМЕНОВА ДОБРИНОВА Час --:-- Вид страна Заявител ТИ БИ АЙ Банк ЕАД Час --:-- Вид страна Длъжник А.М.Ш. Час --:-- Вид страна Юрисконсулт М.Г.Н. Час 14:17 Вид дело Частно гражданско дело 4504/2026
88621d47-f5a1-460a-95ae-35406556f3e2,2026 26 август2026 Час 16:40 Вид акт Решение 210 10 юли2026 Час 12:27 Вид акт Протокол 822 03 юли2026 Час 09:40 Вид заседание зала / резултат СЪДЕБНА ЗАЛА 3 ЕТ.2 / Обявено за решаване 02 юли2026 Час 10:36 Вид разпределение Избран съдия/заседател Димитър Георгиев Христов 30 юни2026 Час --:-- Вид страна Обвинител Д.Г.Ц. 22 юни2026 Час 17:10 Вид акт Протокол 731 19 юни2026 Час 10:10 Вид заседание зала / резултат СЪДЕБНА ЗАЛА 4 ЕТ.2 / 16 юни2026 Час --:-- Вид страна Обвинител Р.Г.Д. 04 май2026 Час --:-- Вид страна Страна Окръжна прокуратура - Бургас Час --:-- Вид страна Служебен защитник З.Н.З. 30 април2026 Час 16:39 Вид акт Определение 504 Час 14:45 Вид заседание зала / резултат / С определение за насрочване 24 април2026 Час 14:16 Вид разпределение Избран съдия/заседател Донка Янкова Русинова Час --:-- Вид страна Обвинител Районна прокуратура - Бургас Час --:-- Вид страна Жалбоподател-подсъдим Й.Г.Д. Час 14:16 Вид дело Въззивно наказателно дело от общ характер 567/2026
69859b48-0fd3-43d6-91f6-444e650cff31,2026 30 април2026 Час 13:40 Вид акт Определение 310 Час 13:12 Вид заседание зала / резултат / Решено с акт по същество в закрито заседание 24 април2026 Час 14:16 Вид разпределение Избран съдия/заседател Катя Николова Гердова Час --:-- Вид страна Жалбоподател УИЗ ЕЪР УНГАРИЯ ЦРТ Час --:-- Вид страна Ответник М.М.М. Час --:-- Вид страна Адвокат Е.В.А. Час --:-- Вид страна Адвокат К.П.И. Час 14:16 Вид дело Въззивно частно гражданско дело 233/2026
6d7f8dfd-8b4f-4537-8b83-0db0672cb871,"2026 24 април2026 Час 15:48 Вид акт Определение 586 Час 14:17 Вид разпределение Избран съдия/заседател Биляна Панталеева-Кайзерова Час --:-- Вид страна Жалбоподател П.Г.Г. Час --:-- Вид страна Ответник НАЧАЛНИК ГРУПА В ОД НА МВР-ВИДИН,РУ-БЕЛОГРАДЧИК Час --:-- Вид страна Пълномощник Г.Г. Час --:-- Вид заседание зала / резултат / Прекратено Час 14:16 Вид дело Административно дело 186/2026"
73dde89c-afd9-450e-916b-fd35c55d27af,2026 09 юли2026 Час 15:45 Вид акт Разпореждане 16600 Час 15:44 Вид заседание зала / резултат / Без движение 24 април2026 Час 14:16 Вид разпределение Избран съдия/заседател Ивалена Димитрова Час --:-- Вид страна Ищец БЪЛГАРСКАТА ДЪРЖАВА ПРЕДСТАВЛЯВАНА ОТ МИНИСТЕРСТВО НА ЗЕМЕДЕЛИЕТО И ХРАНИТЕ Час --:-- Вид страна Ответник БЪЛГАРСКА БАНКА ЗА РАЗВИТИЕ ЕАД Час --:-- Вид страна Ответник Р.Д.Г. Час 14:16 Вид дело Гражданско дело 2911/2026
c7023947-dc01-4618-8fa0-0bb1e054aa72,2026 27 април2026 Час 12:59 Вид акт Изпълнителен лист ЗП 118 Час 11:34 Вид акт Заповед за изпълнение 95 Час 11:23 Вид заседание зала / резултат / Със заповед за изпълнение 24 април2026 Час 14:16 Вид разпределение Избран съдия/заседател Мариана Гунчева Час --:-- Вид страна Заявител ТИ БИ АЙ Банк ЕАД Час --:-- Вид страна Длъжник Е.Н.Л. Час --:-- Вид страна Юрисконсулт Д.В.И. Час 14:16 Вид дело Частно гражданско дело 405/2026
1c4c71d2-ebad-4c97-bc23-8f8df31fa572,2026 24 април2026 Час 14:38 Вид акт Определение 40 Час 14:36 Вид заседание зала / резултат / С решение и мотиви Час 14:16 Вид разпределение Избран съдия/заседател Адриана Георгиева Добрева Час --:-- Вид страна Вносител ТО-Козлодуй към РП-Враца Час 14:16 Вид дело Частно наказателно дело 103/2026
7c847754-9c66-43b3-8133-1fbe216783fe,2026 08 септември2026 Час 15:31 Вид акт Изпълнителен лист ЗП 464 Час 14:36 Вид акт Разпореждане 2270 Час 14:34 Вид заседание зала / резултат / С разпореждане 16 юни2026 Час 14:11 Вид акт Разпореждане 1362 Час 14:10 Вид заседание зала / резултат / С разпореждане 05 май2026 Час 09:32 Вид акт Заповед за изпълнение 142 Час 09:28 Вид заседание зала / резултат / Със заповед за изпълнение 27 април2026 Час 13:14 Вид акт Разпореждане 852 Час 13:12 Вид заседание зала / резултат / Без движение 24 април2026 Час 14:16 Вид разпределение Избран съдия/заседател Динчер Хабиб Час --:-- Вид страна Заявител ЙЕТТЕЛ БЪЛГАРИЯ ЕАД Час --:-- Вид страна Длъжник А.М.А. Час --:-- Вид страна Адвокат А.Т.Б. Час 14:16 Вид дело Частно гражданско дело 404/2026
190c8fcb-6730-43c7-b00b-ea0c8e0130ba,"2026 07 май2026 Час 14:18 Вид акт Протоколно определение 2561 Час 12:00 Вид заседание зала / резултат / С определение, приключващо делото Час --:-- Вид страна Обвинител В.К.М. 27 април2026 Час 10:49 Вид акт Разпореждане 1450 Час 10:47 Вид заседание зала / резултат / С разпореждане за насрочване Час --:-- Вид страна Страна Софийска градска прокуратура Час --:-- Вид страна Защитник И.А.И. 24 април2026 Час 14:16 Вид разпределение Избран съдия/заседател Емилия Атанасова Колева Час --:-- Вид страна Вносител Затвор - София Час --:-- Вид страна Осъден Ц.Т.Г. Час 14:15 Вид дело Частно наказателно дело 2849/2026"
e1749786-d4e6-482d-9453-6c82fb87f98d,2026 26 юли2026 Час 18:12 Вид акт Решение 1181 16 юли2026 Час 09:40 Вид Документ Вносител С.С.Т. 15 юли2026 Час 16:20 Вид акт Протоколно определение 1893 Час 13:40 Вид заседание зала / резултат / С решение по чл. 235 ГПК 17 юни2026 Час 10:11 Вид акт Определение 2686 Час 10:09 Вид заседание зала / резултат / Насрочено за I-во заседание 27 април2026 Час 11:25 Вид акт Разпореждане 5787 Час 11:24 Вид заседание зала / резултат / С определение/разпореждане по чл. 131 ГПК/чл. 367 ГПК 24 април2026 Час 14:15 Вид разпределение Избран съдия/заседател Вера Светославова Найденова Час --:-- Вид страна Ищец В.Д.Н. Час --:-- Вид страна Ответник ИЗИ АСЕТ МЕНИДЖМЪНТ АД Час --:-- Вид страна Ответник ФАЙНЕНШЪЛ БЪЛГАРИЯ ЕООД Час --:-- Вид страна Адвокат С.С.Т. Час 14:15 Вид дело Гражданско дело 1678/2026
7d55bb61-5efb-43f9-9d40-f6a9e3cade62,2026 28 април2026 Час 09:50 Вид акт Изпълнителен лист ЗП 166 25 април2026 Час 08:21 Вид акт Заповед за изпълнение 260 Час 08:19 Вид заседание зала / резултат / Със заповед за изпълнение 24 април2026 Час 14:15 Вид разпределение Избран съдия/заседател Милена Вескова Хазарян Час --:-- Вид страна Заявител ТИ БИ АЙ Банк ЕАД Час --:-- Вид страна Длъжник А.Н.И. Час --:-- Вид страна Юрисконсулт М.Г.Н. Час 14:15 Вид дело Частно гражданско дело 405/2026
1ce740bf-bd77-43a2-bc7a-1f3aa6236af5,2026 24 юни2026 Час 16:38 Вид акт Изпълнителен лист ЗП 79 12 юни2026 Час 15:31 Вид акт Разпореждане 583 Час 15:00 Вид заседание зала / резултат / С разпореждане 27 април2026 Час 13:01 Вид акт Заповед за изпълнение 73 Час 12:59 Вид заседание зала / резултат / Решено с акт по същество в закрито заседание 24 април2026 Час 14:15 Вид разпределение Избран съдия/заседател ЧАВДАР ХРИСТОВ НИКОЛОВ Час --:-- Вид страна Заявител А1 България ЕАД Час --:-- Вид страна Длъжник А.А.Н. Час --:-- Вид страна Представител М.М.К. Час 14:15 Вид дело Частно гражданско дело 249/2026
efbb2381-78c1-4831-aa51-13f329a5a6be,2026 17 юли2026 Час --:-- Вид страна Друго ОДМВР - Бургас 27 май2026 Час 11:32 Вид акт Протокол 1698 21 май2026 Час 14:42 Вид акт Решение 451 Час 13:50 Вид заседание зала / резултат / С решение Час --:-- Вид страна Обвинител А.В.В. 28 април2026 Час --:-- Вид страна Обвинител Районна прокуратура - Бургас Час --:-- Вид страна Защитник Н.Р.Н. 27 април2026 Час 18:47 Вид акт Разпореждане 1536 Час 18:00 Вид заседание зала / резултат / С разпореждане за насрочване 24 април2026 Час 14:15 Вид разпределение Избран съдия/заседател МАРИЕТА ДИМИТРОВА БУШАНДРОВА Час --:-- Вид страна Обвиняем Д.П.И. Час 14:15 Вид дело Административно наказателно дело 1469/2026
b2c5654a-b666-49f7-9682-b748c57fdff9,2026 06 октомври2026 Час 16:06 Вид акт Разпореждане 2599 Час 16:02 Вид заседание зала / резултат / С разпореждане 24 април2026 Час 15:41 Вид акт Заповед за изпълнение 85 Час 15:39 Вид заседание зала / резултат / Със заповед за изпълнение Час 14:15 Вид разпределение Избран съдия/заседател Владислав Емирски Час --:-- Вид страна Заявител АПС БЕТА БЪЛГАРИЯ ЕООД Час --:-- Вид страна Друго П.В. Час --:-- Вид страна Друго Х.М. Час --:-- Вид страна Длъжник И.В.И. Час --:-- Вид страна Юрисконсулт Б.Д.Т. Час 14:15 Вид дело Частно гражданско дело 403/2026
7e6c4e6e-7bfd-4529-ac52-240ef5c50b95,2026 18 август2026 Час 11:08 Вид акт Протоколно определение 281 Час 10:30 Вид заседание зала / резултат Зала №2 Етаж 2 / Прекратено след насрочване 13 август2026 Час --:-- Вид страна Обвинител Н.В.Л. 15 юли2026 Час 11:24 Вид акт Определение 535 Час 11:22 Вид заседание зала / резултат / Насрочено за I-во заседание Час --:-- Вид страна Друго Окръжна прокуратура - Враца Час --:-- Вид страна Вещо лице Б.В.К. 19 май2026 Час 10:55 Вид акт Разпореждане 253 Час 10:52 Вид заседание зала / резултат / С определение/разпореждане по чл. 131 ГПК/чл. 367 ГПК 29 април2026 Час 16:46 Вид акт Разпореждане 226 Час 16:44 Вид заседание зала / резултат / Без движение 24 април2026 Час 14:15 Вид разпределение Избран съдия/заседател Калин Трифонов Тодоров Час --:-- Вид страна Ищец М.И.И. Час --:-- Вид страна Ответник И.И.И. Час 14:15 Вид дело Гражданско дело 232/2026
482f51d6-5a41-4919-9fb1-6e962b005ebd,"2026 02 юни2026 Час 15:16 Вид акт Решение 65 Час 10:04 Вид акт Протокол 125 01 юни2026 Час 14:00 Вид заседание зала / резултат / С решение Час --:-- Вид страна Обвинител А.Е.И. 27 април2026 Час 11:27 Вид акт Разпореждане 92 Час 11:25 Вид заседание зала / резултат / С разпореждане за насрочване 24 април2026 Час 14:15 Вид разпределение Избран съдия/заседател Олег Софрониев Час --:-- Вид страна Обвинител Окръжна прокуратура - Монтана Час --:-- Вид страна Друго ФЕДЕРАЛНА СЛУЖБА ""ПРАВОСЪДИЕ"" - ГЕРМАНИЯ Час --:-- Вид страна Заинтересована страна Р.Б.Ц. Час 14:15 Вид дело Частно наказателно дело 140/2026"
359a43ae-58b8-42a2-9bb8-ace85cbea524,2026 15 юни2026 Час 12:51 Вид акт Изпълнителен лист ЗП 978 10 юни2026 Час 14:55 Вид акт Разпореждане 7257 Час 08:50 Вид заседание зала / резултат / С разпореждане 28 април2026 Час 14:42 Вид акт Заповед за изпълнение 942 27 април2026 Час 09:55 Вид заседание зала / резултат / Със заповед за изпълнение 24 април2026 Час 14:15 Вид разпределение Избран съдия/заседател Мира Мирчева Час --:-- Вид страна Заявител ЙЕТТЕЛ БЪЛГАРИЯ ЕАД Час --:-- Вид страна Длъжник А.Р.Х. Час --:-- Вид страна Адвокат В.П.Г. Час 14:15 Вид дело Частно гражданско дело 1731/2026
89b318ed-9a34-420c-bd27-a4106815a1b7,2026 15 юни2026 Час 16:39 Вид акт Изпълнителен лист ЗП 655 Час 16:21 Вид акт Разпореждане 2627 Час 16:15 Вид заседание зала / резултат / С разпореждане 24 април2026 Час 14:36 Вид акт Заповед за изпълнение 770 Час 14:33 Вид заседание зала / резултат / Със заповед за изпълнение Час 14:15 Вид разпределение Избран съдия/заседател КРАСИМИРА ИВАНОВА КОЛЕВА Час --:-- Вид страна Заявител „ЕОС МАТРИКС” ЕАД Час --:-- Вид страна Длъжник Г.Н.А. Час --:-- Вид страна Адвокат Ж.Д.Д. Час 14:15 Вид дело Частно гражданско дело 1044/2026
77afe879-f79c-42be-bff7-38019811f565,"2026 08 септември2026 Час 15:04 Вид акт Разпореждане 957 Час 12:00 Вид заседание зала / резултат / С разпореждане 13 юли2026 Час 09:42 Вид акт Решение 121 26 юни2026 Час 12:54 Вид акт Протоколно определение 380 Час 09:30 Вид заседание зала / резултат / Обявено за решаване 19 май2026 Час --:-- Вид страна Актосъставител Я.Н.Н. 27 април2026 Час 12:36 Вид акт Разпореждане 395 Час 12:30 Вид заседание зала / резултат / С разпореждане за насрочване 24 април2026 Час 14:15 Вид разпределение Избран съдия/заседател Йорданка Георгиева Майска Иванова Час --:-- Вид страна Жалбоподател Ж.Б.К. Час --:-- Вид страна Админ.наказ.орган Началник група в ОДМВР Бургас, РУ Несебър Час --:-- Вид страна Адвокат Б.Я.Я. Час 14:14 Вид дело Административно наказателно дело 235/2026"
40c80f83-0550-4a71-a274-05e9f7939e5a,2026 19 май2026 Час 15:02 Вид акт Определение 270 Час 11:35 Вид заседание зала / резултат / Решено с акт по същество в закрито заседание Час 11:30 Вид заседание зала / резултат / Решено с акт по същество в закрито заседание 24 април2026 Час 14:15 Вид разпределение Избран съдия/заседател МАЯ НЕДКОВА Час --:-- Вид страна Жалбоподател Б.П.К. Час --:-- Вид страна Ответник Банка ДСК АД Час --:-- Вид страна Адвокат Й.М.П. Час --:-- Вид страна Юрисконсулт Р.А. Час 14:14 Вид дело Въззивно частно гражданско дело 170/2026
38d8b74d-e3bc-47e5-a7d6-85b329ead0ad,2026 13 юли2026 Час 15:38 Вид акт Разпореждане 16826 Час 15:35 Вид заседание зала / резултат / С разпореждане Час --:-- Вид страна Особен представител И.Д.Р. 09 юли2026 Час --:-- Вид страна Друго Адвокатска колегия - Варна 19 юни2026 Час 15:35 Вид акт Определение 8448 Час 15:33 Вид заседание зала / резултат / С определение 20 май2026 Час 10:05 Вид акт Разпореждане 12167 Час 10:03 Вид заседание зала / резултат / С определение/разпореждане по чл. 131 ГПК/чл. 367 ГПК Час 09:54 Вид акт Разпореждане 12163 Час 09:45 Вид акт Разпореждане 12160 Час 09:44 Вид заседание зала / резултат / С определение/разпореждане по чл. 131 ГПК/чл. 367 ГПК 27 април2026 Час 17:25 Вид акт Разпореждане 10295 Час 17:23 Вид заседание зала / резултат / Без движение 24 април2026 Час 14:15 Вид разпределение Избран съдия/заседател Атанаска Димитрова Маркова Час --:-- Вид страна Ищец Йеттел България ЕАД Час --:-- Вид страна Ответник З.С.К. Час --:-- Вид страна Адвокат Л.Г.Г. Час 14:14 Вид дело Гражданско дело 2910/2026
32caf894-d092-4d57-8e2c-c8f83e003e68,2026 24 април2026 Час 16:04 Вид акт Определение 1896 Час 16:02 Вид заседание зала / резултат / Решено с акт по същество в закрито заседание Час 14:14 Вид разпределение Избран съдия/заседател Петър Теодосиев Час --:-- Вид страна Молител Г.Г.И. Час 14:13 Вид дело Частно търговско дело 811/2026
1aa48719-7654-4313-804e-263d05e2cbc5,2026 19 август2026 Час 17:32 Вид акт Решение 206 22 юни2026 Час 17:10 Вид акт Протокол 733 19 юни2026 Час 09:50 Вид заседание зала / резултат СЪДЕБНА ЗАЛА 4 ЕТ.2 / Обявено за решаване 16 юни2026 Час --:-- Вид страна Обвинител Р.Г.Д. 11 май2026 Час 10:22 Вид акт Определение 529 08 май2026 Час 13:57 Вид заседание зала / резултат / С определение за насрочване Час --:-- Вид страна Страна Окръжна прокуратура - Бургас Час --:-- Вид страна Защитник М.М.Н. 24 април2026 Час 14:14 Вид разпределение Избран съдия/заседател Даниел Нанев Марков Час --:-- Вид страна Подсъдим С.М.М. Час 14:13 Вид дело Въззивно наказателно дело от общ характер 566/2026
603a5789-a777-458d-b929-5055c5388f28,2026 26 май2026 Час 11:30 Вид акт Определение 283 22 май2026 Час 14:19 Вид заседание зала / резултат / Решено с акт по същество в закрито заседание 24 април2026 Час 14:13 Вид разпределение Избран съдия/заседател ИРЕНА КОЛЕВА Час --:-- Вид страна Жалбоподател Г.К.Т. Час --:-- Вид страна Жалбоподател ЕТ ТОЧЕК - ГЕОРГИ ТОНЧЕВ Час --:-- Вид страна Ответник ИНВЕСТБАНК АД Час --:-- Вид страна Адвокат М.М.Г. Час --:-- Вид страна Юрисконсулт Р.Ц.Б. Час 14:13 Вид дело Въззивно частно гражданско дело 169/2026
68f34e0b-70a2-474a-a40d-97aad64f61d9,"2026 24 април2026 Час 15:20 Вид акт Определение 41 Час 15:07 Вид заседание зала / резултат / С определение, приключващо делото Час 14:14 Вид разпределение Избран съдия/заседател Николинка Лазарова Крумова Час --:-- Вид страна Вносител ТО-Козлодуй към РП-Враца Час 14:13 Вид дело Частно наказателно дело 102/2026"
49fc7f6d-14a1-4bb0-9c72-17f22eff8dba,2026 15 юни2026 Час 09:52 Вид акт Изпълнителен лист ЗП 591 Час 09:52 Вид акт Разпореждане 3858 Час 09:43 Вид заседание зала / резултат / С разпореждане 28 април2026 Час 10:38 Вид акт Заповед за изпълнение 440 Час 10:13 Вид заседание зала / резултат / Решено с акт по същество в закрито заседание 24 април2026 Час 14:20 Вид акт Разпореждане 2529 Час 14:18 Вид заседание зала / резултат / Без движение Час 14:13 Вид разпределение Избран съдия/заседател Генчо Атанасов Час --:-- Вид страна Заявител Агенция за събиране на вземания ЕАД Час --:-- Вид страна Длъжник К.С.А. Час --:-- Вид страна Юрисконсулт И.Н.Н. Час 14:13 Вид дело Частно гражданско дело 1322/2026
725e6ba7-b096-41a7-8863-a021239a95a5,2026 24 април2026 Час 15:03 Вид акт Изпълнителен лист ЗП 228 Час 15:02 Вид акт Заповед за изпълнение 490 Час 15:01 Вид заседание зала / резултат / Със заповед за изпълнение Час 15:01 Вид акт Разпореждане 1583 Час 14:59 Вид заседание зала / резултат / Със заповед за изпълнение Час 14:13 Вид разпределение Избран съдия/заседател Нанко Събов Маринов Час --:-- Вид страна Заявител ЮРОБАНК БЪЛГАРИЯ АД Час --:-- Вид страна Длъжник А.А.М. Час --:-- Вид страна Законен представител Д.Б.Ш. Час --:-- Вид страна Законен представител М.И.В. Час --:-- Вид страна Адвокат С.Г.З. Час 14:13 Вид дело Частно гражданско дело 866/2026
d44cc71b-b50c-4a8f-a784-75aba9c1b3fa,2026 19 май2026 Час 15:42 Вид акт Изпълнителен лист 45 Час 15:38 Вид акт Изпълнителен лист 67 29 април2026 Час 11:23 Вид Документ Вносител Районна прокуратура - Ловеч 28 април2026 Час 14:30 Вид акт Споразумение 24 Час 14:28 Вид акт Определение 100 Час 14:00 Вид заседание зала / резултат / Със споразумение Час --:-- Вид страна Обвинител С.М.Г.–.Д. Час --:-- Вид страна Друго ОДМВР - Ловеч 24 април2026 Час 17:21 Вид акт Разпореждане 130 Час 16:53 Вид заседание зала / резултат / С разпореждане за насрочване Час 14:12 Вид разпределение Избран съдия/заседател Петя Николова Гатева Час --:-- Вид страна Вносител Районна прокуратура - Ловеч Час --:-- Вид страна Обвиняем Д.Р.К. Час --:-- Вид страна Адвокат С.И.С. Час 14:12 Вид дело Наказателно дело от общ характер 132/2026
93aa05a7-987b-43a6-b47b-08abab4068b7,"2026 02 юли2026 Час 13:22 Вид акт Определение 26723 Час --:-- Вид заседание зала / резултат / Проведено 22 юни2026 Час 14:13 Вид акт Определение 25081 Час 14:06 Вид акт Разпореждане 25075 Час --:-- Вид заседание зала / резултат / Проведено Час --:-- Вид заседание зала / резултат / Проведено 24 април2026 Час 16:53 Вид акт Определение 15922 Час 14:13 Вид разпределение Избран съдия/заседател Анета Юргакиева Час 14:12 Вид разпределение Избран съдия/заседател Людмила Коева Час --:-- Вид страна Жалбоподател ""Моноутс"" ЕАД Час --:-- Вид страна Друго С.С. Час --:-- Вид страна Ответник ОДМВР БЛАГОЕВГРАД Час --:-- Вид страна Адвокат С.К. Час --:-- Вид заседание зала / резултат / Проведено Час 14:12 Вид дело Административно дело 4826/2026"
69d469f4-d35e-4bfd-96f9-1129b4c985c0,"2026 27 април2026 Час 16:54 Вид акт Разпореждане 1534 Час 16:53 Вид заседание зала / резултат / С разпореждане, приключващо делото 24 април2026 Час 14:12 Вид разпределение Избран съдия/заседател ПЛАМЕНА НИКОЛОВА СЪБЕВА Час --:-- Вид страна Вносител Районна прокуратура - Бургас Час 14:12 Вид дело Частно наказателно дело 1468/2026"
816a3c73-67b2-4683-ae23-c54619f92983,2026 27 април2026 Час 15:32 Вид акт Определение 1911 Час 15:29 Вид заседание зала / резултат / Решено с акт по същество в закрито заседание 24 април2026 Час 15:49 Вид акт Разпореждане 3574 Час 15:04 Вид заседание зала / резултат / Без движение Час 14:12 Вид разпределение Избран съдия/заседател Валерия Родопова Диева Час --:-- Вид страна Молител Н.К.Н. Час 14:12 Вид дело Частно търговско дело 810/2026
558a8de4-b644-40c8-8089-99410e29846a,"2026 18 май2026 Час 11:46 Вид акт Протоколно определение 2781 14 май2026 Час --:-- Вид страна Обвинител К.Д.Д. 13 май2026 Час 15:30 Вид заседание зала / резултат / С определение, приключващо делото 29 април2026 Час 14:43 Вид акт Разпореждане 1511 Час 14:41 Вид заседание зала / резултат / С разпореждане за насрочване Час --:-- Вид страна Страна Софийска градска прокуратура Час --:-- Вид страна Адвокат М.Б.П. 24 април2026 Час 14:12 Вид разпределение Избран съдия/заседател Иван Коев Час --:-- Вид страна Вносител Затвор - София Час --:-- Вид страна Осъден Р.С.Б. Час 14:12 Вид дело Частно наказателно дело 2848/2026"
8cf86775-0676-4cf0-979a-3d1bbf83935d,2026 24 април2026 Час 14:21 Вид акт Заповед за изпълнение 1567 Час 14:17 Вид заседание зала / резултат / Със заповед за изпълнение Час 14:12 Вид разпределение Избран съдия/заседател Ели Димитрова Анастасова Мицевска Час --:-- Вид страна Заявител ЕОС МАТРИКС ЕАД Час --:-- Вид страна Длъжник Ж.Д.В. Час --:-- Вид страна Адвокат Ж.Д.Д. Час 14:12 Вид дело Частно гражданско дело 1891/2026
fbab73b4-3b22-4253-8666-e67bffef1fe1,2026 05 май2026 Час 14:32 Вид акт Протоколно определение 4775 Час 14:00 Вид заседание зала / резултат / Прекратено след насрочване 27 април2026 Час 15:02 Вид акт Определение 5133 Час 15:00 Вид заседание зала / резултат / Насрочено в I-во заседание БЕЗ РАЗМЯНА НА КНИЖА 24 април2026 Час 14:12 Вид разпределение Избран съдия/заседател Диана Илиева Костадинова Час --:-- Вид страна Вносител Софийски районен съд Час --:-- Вид страна Страна Ц.Г.Ц. Час 14:12 Вид дело Частно гражданско дело 3296/2026
d07b14bd-1139-4d7d-9374-d52d9c990323,2026 06 юли2026 Час 15:23 Вид акт Изпълнителен лист ЗП 802 Час 15:22 Вид акт Разпореждане 1625 Час 15:21 Вид заседание зала / резултат / Час 15:20 Вид заседание зала / резултат / 24 април2026 Час 14:55 Вид акт Заповед за изпълнение 683 Час 14:51 Вид заседание зала / резултат / Със заповед за изпълнение Час 14:12 Вид разпределение Избран съдия/заседател Петко Русев Георгиев Час --:-- Вид страна Заявител МОСТ ФИНАНС МЕНИДЖМЪНТ АД Час --:-- Вид страна Длъжник С.Г.К. Час --:-- Вид страна Юрисконсулт К.М.М. Час 14:12 Вид дело Частно гражданско дело 874/2026
90878060-7aa3-4aff-b83d-1f18a2630715,2026 30 юни2026 Час 11:12 Вид акт Изпълнителен лист ЗП 723 Час 11:01 Вид акт Разпореждане 3383 Час 10:30 Вид заседание зала / резултат / С разпореждане 24 април2026 Час 14:25 Вид акт Заповед за изпълнение 630 Час 14:23 Вид заседание зала / резултат / Със заповед за изпълнение Час 14:12 Вид разпределение Избран съдия/заседател ЕМИЛ БОБЕВ Час --:-- Вид страна Заявител Топлофикация София ЕАД Час --:-- Вид страна Длъжник Х.М.М. Час --:-- Вид страна Пълномощник Г.И.И. Час --:-- Вид страна Представляващ П.Р.П. Час --:-- Вид страна Представляващ Р.Д.Г. Час 14:12 Вид дело Частно гражданско дело 1329/2026
b35514eb-b356-49ad-ad06-2e547feb5171,2026 06 октомври2026 Час 14:18 Вид акт Разпореждане 23921 Час 14:16 Вид заседание зала / резултат / С разпореждане 05 октомври2026 Час 12:05 Вид акт Разпореждане 23787 Час 12:03 Вид заседание зала / резултат / С разпореждане 28 септември2026 Час 12:57 Вид акт Определение 12229 Час 12:55 Вид заседание зала / резултат / С определение 20 май2026 Час 09:56 Вид акт Разпореждане 12164 Час 09:54 Вид заседание зала / резултат / С определение/разпореждане по чл. 131 ГПК/чл. 367 ГПК 27 април2026 Час 17:13 Вид акт Разпореждане 10289 Час 17:12 Вид заседание зала / резултат / Без движение 24 април2026 Час 14:12 Вид разпределение Избран съдия/заседател Атанаска Димитрова Маркова Час --:-- Вид страна Ищец Йеттел България ЕАД Час --:-- Вид страна Ответник Д.Е.П. Час --:-- Вид страна Адвокат Г.И.З. Час 14:11 Вид дело Гражданско дело 2909/2026
e1479585-b4e9-41bf-95ca-970a6a3b0d9d,2026 24 април2026 Час 16:14 Вид акт Определение 15914 Час 14:11 Вид разпределение Избран съдия/заседател Атанас Николов Час --:-- Вид страна Жалбоподател НАЦИОНАЛНА СЛЕДСТВЕНА СЛУЖБА Час --:-- Вид заседание зала / резултат / Проведено Час 14:11 Вид дело Административно дело 4825/2026
1e8b2a43-3ce0-454e-b851-c31c803c18e9,2026 28 април2026 Час 12:08 Вид акт Заповед за изпълнение 1319 Час 11:12 Вид заседание зала / резултат / Със заповед за изпълнение 24 април2026 Час 14:31 Вид акт Разпореждане 3740 Час 14:17 Вид заседание зала / резултат / Без движение Час 14:11 Вид разпределение Избран съдия/заседател Дарин Николаев Йорданов Час --:-- Вид страна Заявител Агенция за събиране на вземания ЕАД Час --:-- Вид страна Длъжник Х.Ф.И. Час --:-- Вид страна Юрисконсулт И.Н.Н. Час 14:11 Вид дело Частно гражданско дело 2353/2026
2153eee9-221b-47e3-a3da-db6a05f1980c,2026 12 август2026 Час 14:05 Вид акт Изпълнителен лист ЗП 908 Час 14:05 Вид акт Разпореждане 5479 Час 13:57 Вид заседание зала / резултат / С разпореждане 24 април2026 Час 14:41 Вид акт Заповед за изпълнение 397 Час 14:37 Вид заседание зала / резултат / Със заповед за изпълнение Час 14:11 Вид разпределение Избран съдия/заседател Ангелина Богданова Час --:-- Вид страна Заявител ЙЕТТЕЛ БЪЛГАРИЯ ЕАД Час --:-- Вид страна Длъжник М.Т.А. Час --:-- Вид страна Адвокат А.Т.Б. Час 14:11 Вид дело Частно гражданско дело 1321/2026
cbe2643e-00b0-44db-a166-c690ed2f4807,2026 25 април2026 Час 10:10 Вид акт Изпълнителен лист ЗП 887 24 април2026 Час 15:34 Вид акт Заповед за изпълнение 1263 Час 14:25 Вид заседание зала / резултат / Със заповед за изпълнение Час 14:11 Вид разпределение Избран съдия/заседател Елена Иванова Балджиева Час --:-- Вид страна Заявител ТИ БИ АЙ Банк ЕАД Час --:-- Вид страна Длъжник И.Г.В. Час --:-- Вид страна Юрисконсулт М.Г.Н. Час 14:11 Вид дело Частно гражданско дело 2352/2026
f4b7c549-7eee-40ee-9960-0afb7fa687de,2026 24 април2026 Час 15:30 Вид акт Определение 15908 Час 14:11 Вид разпределение Избран съдия/заседател Маргарита Немска Час --:-- Вид страна Жалбоподател НАЦИОНАЛНА СЛЕДСТВЕНА СЛУЖБА - СЛЕДОВАТЕЛ РАЛИЦА ДАШЕВА Час --:-- Вид заседание зала / резултат / Проведено Час 14:11 Вид дело Частно административно дело 4824/2026
a0e2bc23-ea11-4937-922e-18d72ac8968b,2026 24 април2026 Час 16:11 Вид акт Изпълнителен лист ЗП 882 Час 16:08 Вид акт Заповед за изпълнение 1268 Час 14:16 Вид заседание зала / резултат / Със заповед за изпълнение Час 14:11 Вид разпределение Избран съдия/заседател Майя Йончева Йончева Час --:-- Вид страна Заявител ТИ БИ АЙ Банк ЕАД Час --:-- Вид страна Длъжник Д.Я.Р. Час --:-- Вид страна Юрисконсулт Д.В.И. Час 14:11 Вид дело Частно гражданско дело 2351/2026
202ad94f-7da5-4aca-8c06-7e6c2169e5d1,2026 13 август2026 Час 11:36 Вид акт Решение 176 03 юли2026 Час 12:59 Вид акт Протокол 173 30 юни2026 Час 15:08 Вид Документ Вносител НАЦИОНАЛНО БЮРО НА БЪЛГАРСКИТЕ АВТОМОБИЛНИ ЗАСТРАХОВАТЕЛИ Сдружение Час 11:15 Вид заседание зала / резултат / С въззивен акт по същество след ОСЗ 07 май2026 Час 11:27 Вид акт Определение 251 30 април2026 Час 16:35 Вид заседание зала / резултат / С Определение/Разпореждане по чл. 267 от ГПК 24 април2026 Час 14:11 Вид разпределение Избран съдия/заседател ДИМИТРИНКА ГАЙНОВА Час --:-- Вид страна Жалбоподател НАЦИОНАЛНО БЮРО НА БЪЛГАРСКИТЕ АВТОМОБИЛНИ ЗАСТРАХОВАТЕЛИ Сдружение Час --:-- Вид страна Ответник Т.Б.И. Час --:-- Вид страна Адвокат Н.Н.Д. Час --:-- Вид страна Адвокат Т.Х.Я. Час --:-- Вид страна Адвокат Н.А.Х. Час 14:11 Вид дело Въззивно гражданско дело 168/2026
b737dd6e-20c0-49b7-9a28-b8ef41494564,2026 15 юни2026 Час 16:15 Вид акт Разпореждане 2263 Час 16:13 Вид заседание зала / резултат / С разпореждане 08 юни2026 Час 11:25 Вид акт Разпореждане 2156 Час 11:23 Вид заседание зала / резултат / С разпореждане 24 април2026 Час 15:21 Вид акт Заповед за изпълнение 491 Час 15:14 Вид заседание зала / резултат / Със заповед за изпълнение Час 14:11 Вид разпределение Избран съдия/заседател Асима Костова Вангелова-Петрова Час --:-- Вид страна Заявител Мост Финанс Мениджмънт АД Час --:-- Вид страна Длъжник В.В.М. Час --:-- Вид страна Юрисконсулт Е.И.И. Час 14:11 Вид дело Частно гражданско дело 843/2026
b02930f8-519d-478d-90d4-c87531c4849e,"2026 24 април2026 Час 14:37 Вид акт Разпореждане 1219 Час 14:30 Вид заседание зала / резултат / С разпореждане, приключващо делото Час 14:10 Вид разпределение Избран съдия/заседател Красимир Маринов Димитров Час --:-- Вид страна Вносител Районна прокуратура - Плевен Час 14:10 Вид дело Частно наказателно дело 913/2026"
101af6a3-22a9-40dc-9c49-6e20bb691f7f,"2026 01 юли2026 Час 13:16 Вид акт Протокол 2303 30 юни2026 Час 09:07 Вид акт Определение 1575 29 юни2026 Час 10:45 Вид заседание зала / резултат / С определение (извън протокола) 15 юни2026 Час 15:02 Вид акт Разпореждане 2170 Час 11:36 Вид заседание зала / резултат / С разпореждане за насрочване 19 май2026 Час 14:12 Вид акт Протокол 1599 18 май2026 Час 11:42 Вид акт Определение 1076 Час 10:15 Вид заседание зала / резултат / С определение, приключващо делото Час --:-- Вид страна Обвинител В.Н.Д. 30 април2026 Час --:-- Вид страна Адвокат М.Г.М. 28 април2026 Час 16:21 Вид разпределение Избран съдия/заседател ЯНКА МИТКОВА СОТИРОВА 27 април2026 Час 12:30 Вид разпределение Избран съдия/заседател ЕЛЕНА ГОЧЕВА ДИМИТРОВА Час 12:29 Вид разпределение Избран съдия/заседател СТЕФАНКА СТЕЛИЯНОВА БОГДАНОВА Час 09:18 Вид акт Разпореждане 1523 Час 09:13 Вид заседание зала / резултат / С разпореждане за насрочване Час --:-- Вид страна Страна Районна прокуратура - Бургас 24 април2026 Час 14:10 Вид разпределение Избран съдия/заседател АНАТОЛИ ЙОРДАНОВ БОБОКОВ Час --:-- Вид страна Осъден Й.Н.К. Час 14:10 Вид дело Частно наказателно дело 1467/2026"
adb346dc-8483-42d6-9e2b-b46226998bf4,"2026 24 април2026 Час 14:27 Вид акт Разпореждане 1686 Час 14:25 Вид заседание зала / резултат / С разпореждане, приключващо делото Час 14:10 Вид разпределение Избран съдия/заседател Ива Илиева Стойчева Коджабашева Час --:-- Вид страна Вносител СЕКТОР 02, ОТДЕЛ 12 ПРИ ГДБОП - МВР Час 14:10 Вид дело Частно наказателно дело 542/2026"
c8178cd8-1d7c-4c9f-85fd-83576f0b5c82,2026 15 юли2026 Час 09:10 Вид акт Разпореждане 16992 Час 09:04 Вид заседание зала / резултат / С разпореждане Час --:-- Вид страна Особен представител М.Д.Ц. 14 юли2026 Час --:-- Вид страна Друго Адвокатска колегия - Варна 30 юни2026 Час 16:21 Вид акт Определение 8832 Час 16:19 Вид заседание зала / резултат / С определение 20 май2026 Час 10:44 Вид акт Разпореждане 12175 Час 10:42 Вид заседание зала / резултат / С определение/разпореждане по чл. 131 ГПК/чл. 367 ГПК 27 април2026 Час 17:06 Вид акт Разпореждане 10285 Час 17:04 Вид заседание зала / резултат / Без движение 24 април2026 Час 14:10 Вид разпределение Избран съдия/заседател Атанаска Димитрова Маркова Час --:-- Вид страна Ищец ЙЕТТЕЛ БЪЛГАРИЯ ЕАД Час --:-- Вид страна Ответник М.К.Ц. Час --:-- Вид страна Адвокат Л.Г.Г. Час 14:09 Вид дело Гражданско дело 2908/2026
b82836a6-4d4d-49a0-b049-23dfea42896e,"2026 11 май2026 Час 10:14 Вид акт Протоколно определение 2600 05 май2026 Час 09:30 Вид заседание зала / резултат / С определение, приключващо делото Час --:-- Вид страна Обвинител Т.В.Т. 28 април2026 Час --:-- Вид страна Преводач Х.А.Б. 27 април2026 Час 10:42 Вид акт Разпореждане 1449 Час 10:39 Вид заседание зала / резултат / С разпореждане за насрочване Час --:-- Вид страна Страна по първоинст.дело Софийска градска прокуратура Час --:-- Вид страна Адвокат М.К.А. 24 април2026 Час 14:10 Вид разпределение Избран съдия/заседател Кирил Георгиев Димитров Час --:-- Вид страна Вносител Затвор - София Час --:-- Вид страна Осъден М.С. Час 14:09 Вид дело Частно наказателно дело 2847/2026"
64b07e0b-00a3-49eb-a0d5-e3d1e2904f4f,"2026 25 април2026 Час 11:08 Вид акт Определение 1880 Час 11:05 Вид заседание зала / резултат / С определение, приключващо делото 24 април2026 Час 14:09 Вид разпределение Избран съдия/заседател АЛЕКСАНДРИНА ПЛАМЕНОВА ДОНЧЕВА Час --:-- Вид страна Вносител 02 РУ СДВР Час --:-- Вид страна Обвиняем М.Г.Н. Час 14:09 Вид дело Частно наказателно дело 5983/2026"
dfd304db-5369-4fd9-8f94-046d03b25083,"2026 24 април2026 Час 16:01 Вид акт Протоколно определение 920 Час 15:30 Вид заседание зала / резултат / С определение, приключващо делото Час 14:26 Вид акт Разпореждане 1218 Час 14:23 Вид заседание зала / резултат / С разпореждане за насрочване Час 14:09 Вид разпределение Избран съдия/заседател Красимир Маринов Димитров Час --:-- Вид страна Вносител Районно управление ”Полиция” 01 - Плевен Час --:-- Вид страна Страна Ц.Ф. Час --:-- Вид страна Свидетел К.К.Г. Час 14:09 Вид дело Частно наказателно дело 912/2026"
4197232a-2da8-46e7-a484-2505aa655116,2026 17 юни2026 Час 16:08 Вид акт Разпореждане 18031 Час 09:52 Вид заседание зала / резултат / С разпореждане 29 април2026 Час 13:41 Вид акт Заповед за изпълнение 3804 Час 13:41 Вид акт Разпореждане 12783 24 април2026 Час 15:59 Вид заседание зала / резултат / Решено с акт по същество в закрито заседание Час 14:09 Вид разпределение Избран съдия/заседател Стелла Светозарова Моллова Час --:-- Вид страна Заявител АПС БЕТА БЪЛГАРИЯ ЕООД Час --:-- Вид страна Друго Х.М. Час --:-- Вид страна Друго П.В. Час --:-- Вид страна Длъжник М.М.А. Час --:-- Вид страна Юрисконсулт Б.Д.Т. Час 14:09 Вид дело Частно гражданско дело 4503/2026
7d4dd21a-03bd-47db-bcd2-344aaf49aefe,"2026 24 август2026 Час 11:01 Вид акт Разпореждане 2033 Час 10:59 Вид заседание зала / резултат / С разпореждане 24 април2026 Час 16:23 Вид акт Заповед за изпълнение 550 Час 16:21 Вид заседание зала / резултат / Със заповед за изпълнение Час 14:09 Вид разпределение Избран съдия/заседател Васко Петров Петров Час --:-- Вид страна Заявител ""ЕОС МАТРИКС"" ЕАД Час --:-- Вид страна Длъжник Б.А.Б. Час --:-- Вид страна Адвокат Ж.Д.Д. Час 14:09 Вид дело Частно гражданско дело 817/2026"
2be7cf16-9e8b-4a46-b3d9-5a07b52b5b5f,2026 07 май2026 Час 14:05 Вид акт Заповед за изпълнение 615 Час 14:01 Вид заседание зала / резултат / Със заповед за изпълнение 24 април2026 Час 14:09 Вид разпределение Избран съдия/заседател Людмила Людмилова Митрева Час --:-- Вид страна Заявител А1 България ЕАД Час --:-- Вид страна Длъжник Н.И.Н. Час --:-- Вид страна Представител М.М.К. Час 14:09 Вид дело Частно гражданско дело 753/2026
0598ee1c-476b-4dce-a35e-6a252eb65c02,2026 24 април2026 Час 14:42 Вид акт Решение 565 Час 14:39 Вид заседание зала / резултат / Решено с акт по същество в закрито заседание Час 14:09 Вид разпределение Избран съдия/заседател АННА ДИМОВА Час --:-- Вид страна Молител В.П.К. Час 14:09 Вид дело Частно гражданско дело 1328/2026
2652cf21-97e1-4696-ada7-901910b1605a,2026 17 септември2026 Час 13:22 Вид акт Изпълнителен лист ЗП 856 Час 11:56 Вид акт Разпореждане 3424 Час 11:52 Вид заседание зала / резултат / С разпореждане 28 април2026 Час 15:35 Вид акт Заповед за изпълнение 797 Час 15:30 Вид заседание зала / резултат / Със заповед за изпълнение 27 април2026 Час 16:29 Вид акт Разпореждане 1815 Час 16:26 Вид заседание зала / резултат / Без движение 24 април2026 Час 14:09 Вид разпределение Избран съдия/заседател ВЯРА МАРКОВА ПАНАЙОТОВА Час --:-- Вид страна Заявител Агенция за събиране на вземания ЕАД Час --:-- Вид страна Длъжник А.И.А. Час --:-- Вид страна Юрисконсулт И.Н.Н. Час 14:09 Вид дело Частно гражданско дело 1043/2026
7ae6e954-8d78-4a02-8c57-afb7224b394e,2026 29 юни2026 Час 15:51 Вид акт Разпореждане 167 Час 15:40 Вид заседание зала / резултат / С разпореждане 26 май2026 Час 11:19 Вид акт Определение 116 Час 08:39 Вид заседание зала / резултат / Решено с акт по същество в закрито заседание 24 април2026 Час 14:09 Вид разпределение Избран съдия/заседател ГАЛЯ МАРИНОВА Час --:-- Вид страна Жалбоподател ФАНАГОРИЯ 68 ООД Час --:-- Вид страна Ответник МЮСЮЛМАНСКО НАСТОЯТЕЛСТВО - РУСЕ Час --:-- Вид страна Адвокат П.П.С. Час --:-- Вид страна Адвокат М.Х.Д. Час 14:08 Вид дело Въззивно частно търговско дело 76/2026
06bf021e-9d65-4dea-8588-6218f27a4278,"2026 16 септември2026 Час 16:46 Вид акт Протокол 534 Час 10:45 Вид заседание зала / резултат / Обявено за решаване 09 юни2026 Час 16:45 Вид акт Протокол 322 Час 10:40 Вид заседание зала / резултат / Отложено 08 май2026 Час --:-- Вид страна Актосъставител О.М.И. Час --:-- Вид страна Трето неучастващо лице ТО-Несебър към РП-Бургас Час --:-- Вид страна Защитник К.А.Р. 07 май2026 Час 13:50 Вид акт Разпореждане 413 Час 13:20 Вид заседание зала / резултат / С разпореждане за насрочване 24 април2026 Час 14:14 Вид разпределение Избран съдия/заседател Никола Дойчинов Дойчев Час --:-- Вид страна Жалбоподател П.Г.Г. Час --:-- Вид страна Админ.наказ.орган Началник група в ОДМВР Бургас, РУ Несебър Час 14:08 Вид дело Административно наказателно дело 234/2026"
915e9406-6e96-4564-922e-2d7c110c2aad,"2026 24 април2026 Час 16:32 Вид акт Определение 1870 Час 16:20 Вид заседание зала / резултат / С определение, приключващо делото Час 14:08 Вид разпределение Избран съдия/заседател ХРИСТИНА БОТЕВА ГАРВАНСКА Час --:-- Вид страна Вносител 04 РУ СДВР Час --:-- Вид страна Обвиняем Р.О.А. Час 14:08 Вид дело Частно наказателно дело 5982/2026"
b1145ed7-2925-419b-842a-53060c710447,"2026 24 април2026 Час 17:08 Вид акт Определение 1875 Час 17:05 Вид заседание зала / резултат / С определение, приключващо делото Час 14:08 Вид разпределение Избран съдия/заседател ХРИСТИНА БОТЕВА ГАРВАНСКА Час --:-- Вид страна Вносител 01 РУ СДВР Час --:-- Вид страна Обвиняем М.Е.Г. Час 14:08 Вид дело Частно наказателно дело 5981/2026"
d556253c-518f-4619-a6be-5c740ce72c86,"2026 04 май2026 Час 11:41 Вид акт Протокол 208 30 април2026 Час 12:19 Вид акт Решение 35 Час 12:00 Вид заседание зала / резултат / С решение 27 април2026 Час 15:03 Вид акт Протокол 191 Час 13:20 Вид Документ Вносител Д.Р.К. Час 12:00 Вид заседание зала / резултат / Отложено Час --:-- Вид страна Обвинител Е.П.С. 24 април2026 Час 14:36 Вид акт Разпореждане 192 Час 14:34 Вид заседание зала / резултат / С разпореждане за насрочване Час 14:08 Вид разпределение Избран съдия/заседател Славка Кабасанова Час --:-- Вид страна Вносител ""Център за психично здраве - Смолян"" ЕООД Час --:-- Вид страна Друго М.Н.Д. Час --:-- Вид страна Страна Районна прокуратура - Смолян Час --:-- Вид страна Вещо лице Д.Р.К. Час --:-- Вид страна Защитник А.К. Час 14:08 Вид дело Частно наказателно дело 207/2026"
86ffac54-e0be-48c3-9811-bda31e4e4ac9,"2026 29 септември2026 Час 16:51 Вид акт Протокол 5713 24 септември2026 Час 13:40 Вид заседание зала / резултат / С неприсъствено решение 04 юли2026 Час 19:02 Вид акт Определение 8999 Час 18:59 Вид заседание зала / резултат / Насрочено за I-во заседание 30 април2026 Час 18:43 Вид акт Разпореждане 10728 Час 18:41 Вид заседание зала / резултат / С определение/разпореждане по чл. 131 ГПК/чл. 367 ГПК 24 април2026 Час 14:08 Вид разпределение Избран съдия/заседател Надежда Маринова Александрова Час --:-- Вид страна Ищец ЗД ""БУЛ ИНС"" АД Час --:-- Вид страна Ответник К.Я.Я. Час --:-- Вид страна Адвокат М.И.Г. Час 14:08 Вид дело Гражданско дело 2907/2026"
ff731be0-56bf-4311-b88a-4c65e130006b,2026 24 април2026 Час 16:52 Вид акт Изпълнителен лист ЗП 885 Час 16:37 Вид акт Заповед за изпълнение 1273 Час 16:36 Вид акт Определение 1688 Час 16:34 Вид заседание зала / резултат / С определение Час 16:21 Вид заседание зала / резултат / Със заповед за изпълнение Час 14:57 Вид акт Изпълнителен лист ЗП 876 Час 14:48 Вид Документ Вносител В.Д.Н. Час 14:41 Вид акт Заповед за изпълнение 1254 Час 14:20 Вид заседание зала / резултат / Със заповед за изпълнение Час 14:08 Вид разпределение Избран съдия/заседател Татяна Тодорова Илиева Час --:-- Вид страна Заявител В.Д.Н. Час --:-- Вид страна Длъжник А.А.Т. Час --:-- Вид страна Длъжник Д.Ц.С. Час 14:08 Вид дело Частно гражданско дело 2350/2026
c474b287-a3fd-4178-aa1b-45e54745bb39,2026 27 април2026 Час 11:01 Вид акт Решение 331 Час 10:14 Вид заседание зала / резултат / С решение 24 април2026 Час 14:07 Вид разпределение Избран съдия/заседател АНАТОЛИ ЙОРДАНОВ БОБОКОВ Час --:-- Вид страна Вносител Районна прокуратура - Бургас Час 14:07 Вид дело Частно наказателно дело 1466/2026
5288d659-5ab7-4c82-88a3-dd51225c9a84,2026 13 октомври2026 Час 10:30 Вид заседание зала / резултат / 29 юни2026 Час --:-- Вид страна Адвокат Т.С.Т. 27 юни2026 Час 10:52 Вид акт Определение 342 Час 10:50 Вид заседание зала / резултат / Насрочено за I-во заседание 22 май2026 Час 09:41 Вид акт Разпореждане 2009 Час 09:39 Вид заседание зала / резултат / С определение/разпореждане по чл. 131 ГПК/чл. 367 ГПК 07 май2026 Час 15:24 Вид акт Разпореждане 1754 Час 15:20 Вид заседание зала / резултат / Без движение 28 април2026 Час 08:41 Вид акт Разпореждане 1618 Час 08:37 Вид заседание зала / резултат / Без движение 24 април2026 Час 14:07 Вид разпределение Избран съдия/заседател Антон Еленков Антов Час --:-- Вид страна Ищец Т.Г.Н. Час --:-- Вид страна Ищец Н.И.З. Час --:-- Вид страна Ищец Й.И.З. Час --:-- Вид страна Ищец Г.И.З. Час --:-- Вид страна Ответник М.Д.П. Час --:-- Вид страна Пълномощник Р.Х.Д. Час --:-- Вид страна Представляващ И.Н.З. Час 14:07 Вид дело Гражданско дело 649/2026
de527a89-48f4-45ea-9079-fe5fea2815da,2026 05 октомври2026 Час 16:19 Вид акт Определение 481 Час 11:41 Вид акт Определение 479 Час 11:39 Вид акт Протокол 276 30 септември2026 Час 10:15 Вид заседание зала / резултат / Обявено за решаване 17 август2026 Час 09:41 Вид акт Определение 396 Час 09:37 Вид заседание зала / резултат / Насрочено за I-во заседание 15 юни2026 Час 14:00 Вид акт Разпореждане 1436 Час 13:57 Вид заседание зала / резултат / С определение/разпореждане по чл. 131 ГПК/чл. 367 ГПК 28 май2026 Час 11:45 Вид акт Определение 231 Час 11:41 Вид заседание зала / резултат / С акт по чл. 83 ал.2 от ГПК 27 април2026 Час 14:34 Вид акт Определение 174 Час 14:31 Вид заседание зала / резултат / С определение 24 април2026 Час 14:07 Вид разпределение Избран съдия/заседател Георги Янчев Николов Час --:-- Вид страна Ищец Г.Е.К. Час --:-- Вид страна Ответник СИТИ КЕШ ООД Час --:-- Вид страна Законен представител Н.П.П. Час --:-- Вид страна Адвокат Д.В.М. Час --:-- Вид страна Адвокат Х.М.Г. Час 14:07 Вид дело Гражданско дело 460/2026
35533b8a-d88c-4ea1-ada7-e1ad29e5ae84,"2026 24 април2026 Час 16:49 Вид акт Определение 1874 Час 16:47 Вид заседание зала / резултат / С определение, приключващо делото Час 14:07 Вид разпределение Избран съдия/заседател ХРИСТИНА БОТЕВА ГАРВАНСКА Час --:-- Вид страна Вносител 04 РУ СДВР Час --:-- Вид страна Обвиняем Л.П.М. Час 14:07 Вид дело Частно наказателно дело 5980/2026"
df0edced-c4f6-48d3-b6b8-8dc16b7bb138,"2026 24 април2026 Час 14:26 Вид акт Разпореждане 1685 Час 14:25 Вид заседание зала / резултат / С разпореждане, приключващо делото Час 14:08 Вид разпределение Избран съдия/заседател Ива Илиева Стойчева Коджабашева Час --:-- Вид страна Вносител СЕКТОР 02, ОТДЕЛ 12 ПРИ ГДБОП - МВР Час 14:07 Вид дело Частно наказателно дело 541/2026"
61f5b826-a06c-4a3e-8767-a0388611a100,"2026 26 април2026 Час 18:15 Вид акт Определение 1908 Час 18:13 Вид заседание зала / резултат / С определение, приключващо делото 24 април2026 Час 14:07 Вид разпределение Избран съдия/заседател АЛЕКСАНДРИНА ПЛАМЕНОВА ДОНЧЕВА Час --:-- Вид страна Вносител 05 РУ СДВР Час --:-- Вид страна Обвиняем А.Н.Б. Час 14:07 Вид дело Частно наказателно дело 5979/2026"
09ed7f19-6946-4c17-a6fd-9c72eba4a7a6,2026 28 април2026 Час 16:07 Вид акт Изпълнителен лист ЗП 610 Час 14:54 Вид акт Заповед за изпълнение 1035 Час 08:30 Вид заседание зала / резултат / Със заповед за изпълнение 24 април2026 Час 14:07 Вид разпределение Избран съдия/заседател Преслава Кръстева Дякова Час --:-- Вид страна Заявител ТИ БИ АЙ Банк ЕАД Час --:-- Вид страна Длъжник Б.И.И. Час --:-- Вид страна Юрисконсулт М.Г.Н. Час 14:07 Вид дело Частно гражданско дело 1603/2026
63654f42-5d0f-4e90-8b31-98355f9fb4e0,2026 21 май2026 Час 11:18 Вид акт Определение 980 Час 10:00 Вид заседание зала / резултат / Прекратено преди насрочване/разглеждане в ЗЗ 24 април2026 Час 16:36 Вид акт Разпореждане 2601 Час 16:32 Вид заседание зала / резултат / Без движение Час 14:07 Вид разпределение Избран съдия/заседател КРИСТИАН АТАНАСОВ БАДЖАКОВ Час --:-- Вид страна Заявител ЙЕТТЕЛ БЪЛГАРИЯ ЕАД Час --:-- Вид страна Длъжник С.С.А. Час --:-- Вид страна Адвокат В.П.Г. Час 14:07 Вид дело Частно гражданско дело 1407/2026
f5bfad1c-3106-4b8b-a152-3bc795290da0,2026 30 август2026 Час 22:13 Вид акт Разпореждане 3580 Час 22:12 Вид заседание зала / резултат / С разпореждане Час 22:12 Вид акт Заповед за изпълнение 865 Час 22:09 Вид акт Разпореждане 3578 Час 22:08 Вид заседание зала / резултат / Със заповед за изпълнение Час 21:54 Вид заседание зала / резултат / С разпореждане 24 април2026 Час 16:39 Вид акт Разпореждане 2311 Час 16:38 Вид заседание зала / резултат / С разпореждане Час 14:07 Вид разпределение Избран съдия/заседател Емилия Дишева Час --:-- Вид страна Заявител ЙЕТТЕЛ БЪЛГАРИЯ ЕАД Час --:-- Вид страна Длъжник С.С.Д. Час --:-- Вид страна Адвокат А.Т.Б. Час 14:07 Вид дело Частно гражданско дело 901/2026
d945a497-ec39-4599-8f7e-5b9e8d7704e9,"2026 28 май2026 Час 14:37 Вид акт Протоколно определение 3028 21 май2026 Час 10:30 Вид заседание зала / резултат / С определение, приключващо делото Час --:-- Вид страна Обвинител Н.С.А. 07 май2026 Час 15:11 Вид Документ Вносител ПРЕДСЕДАТЕЛЯ НА ПРОБАЦИОНЕН СЪВЕТ КЪМ СЕКТОР ПРОБАЦИЯ - СОФИЯ - ГРАД ПРИ ОСИН - СОФИЯ Час 14:26 Вид акт Протокол 2562 Час 10:30 Вид заседание зала / резултат / Отложено Час --:-- Вид страна Обвинител К.Д.Д. 28 април2026 Час 14:55 Вид разпределение Избран съдия/заседател Младенка Станкова Тошева Час 14:49 Вид разпределение Избран съдия/заседател Илияна Пешева Хайнаджиева Час 14:49 Вид разпределение Избран съдия/заседател Виктория Иванова Песева Час 14:34 Вид разпределение Избран съдия/заседател Йордан Кънчев Тодоров Час 14:34 Вид разпределение Избран съдия/заседател Зоя Трайчева Харизанова Колева Час 14:32 Вид разпределение Избран съдия/заседател Михаела Гочева Михайлова Час 14:31 Вид разпределение Избран съдия/заседател Мария Николова Танъмова Час 13:30 Вид акт Разпореждане 1490 Час 13:27 Вид заседание зала / резултат / С разпореждане за насрочване Час --:-- Вид страна Страна Софийска градска прокуратура 24 април2026 Час 14:07 Вид разпределение Избран съдия/заседател Атанас Николаев Атанасов Час --:-- Вид страна Вносител ПРЕДСЕДАТЕЛЯ НА ПРОБАЦИОНЕН СЪВЕТ КЪМ СЕКТОР ПРОБАЦИЯ - СОФИЯ - ГРАД ПРИ ОСИН - СОФИЯ Час --:-- Вид страна Осъден А.В.М. Час 14:06 Вид дело Частно наказателно дело 2846/2026"
04802d64-dfbd-45f8-ad86-32c0e1baa12c,2026 24 април2026 Час 14:06 Вид разпределение Избран съдия/заседател ЧАВДАР АЛЕКСАНДРОВ КОСТОВ Час --:-- Вид страна Вносител 04 РУ СДВР Час --:-- Вид страна Обвиняем Н.И.П. Час 14:06 Вид дело Частно наказателно дело 5978/2026
e6e4a62f-b697-4c10-be31-55b0f4a83209,"2026 26 април2026 Час 18:20 Вид акт Определение 1909 Час 18:19 Вид заседание зала / резултат / С определение, приключващо делото 24 април2026 Час 14:06 Вид разпределение Избран съдия/заседател АЛЕКСАНДРИНА ПЛАМЕНОВА ДОНЧЕВА Час --:-- Вид страна Вносител 05 РУ СДВР Час --:-- Вид страна Обвиняем А.Т.Д. Час 14:06 Вид дело Частно наказателно дело 5977/2026"
3159ad04-2696-45d9-9c35-096192c8fc58,2026 27 април2026 Час 15:07 Вид акт Определение 1384 Час 13:55 Вид заседание зала / резултат / С определение 24 април2026 Час 14:06 Вид разпределение Избран съдия/заседател Миглена Йовкова Час --:-- Вид страна Ищец Г.К. Час --:-- Вид страна Ответник Софийски градски съд Час --:-- Вид страна Процесуален представител Б.Г.Г. Час 14:06 Вид дело Въззивно частно гражданско дело 1216/2026
43a10ffe-f7b4-4a76-8c99-9a74df5bf605,"2026 28 септември2026 Час 17:43 Вид акт Решение 3565 24 септември2026 Час 15:39 Вид акт Протокол 5588 18 септември2026 Час 13:30 Вид заседание зала / резултат / Със споразумение по чл. 321 ал.5 ГПК/чл.127, ал.1 СК 10 юли2026 Час 16:05 Вид акт Определение 9291 Час 15:58 Вид заседание зала / резултат / Насрочено за I-во заседание 15 юни2026 Час --:-- Вид страна Адвокат М.Г.Д. 05 май2026 Час 15:30 Вид акт Определение 6551 Час 15:27 Вид заседание зала / резултат / С определение/разпореждане по чл. 131 ГПК/чл. 367 ГПК 24 април2026 Час 14:06 Вид разпределение Избран съдия/заседател Христина Колева Час --:-- Вид страна Ищец К.В.Д. Час --:-- Вид страна Ответник Д.Г.Д. Час --:-- Вид страна Адвокат М.Н.Н. Час 14:06 Вид дело Гражданско дело 2906/2026"
8f337984-53f9-4d11-9279-3c0407aeb3df,"2026 24 април2026 Час 16:41 Вид акт Определение 1872 Час 16:37 Вид заседание зала / резултат / С определение, приключващо делото Час 14:05 Вид разпределение Избран съдия/заседател ХРИСТИНА БОТЕВА ГАРВАНСКА Час --:-- Вид страна Вносител 04 РУ СДВР Час --:-- Вид страна Обвиняем Р.Х.П.Р. Час 14:05 Вид дело Частно наказателно дело 5976/2026"
9bfbb482-1d11-4ac3-b995-e584f5c76389,"2026 16 юни2026 Час 12:37 Вид акт Протокол 299 01 юни2026 Час 11:45 Вид заседание зала / резултат Зала 2 Трети етаж - Стая 309 / Прекратява поради изпращане по подсъдност 28 май2026 Час 09:58 Вид акт Протокол 257 11 май2026 Час 15:00 Вид заседание зала / резултат / Отложено 05 май2026 Час 13:22 Вид акт Разпореждане 765 Час 13:19 Вид заседание зала / резултат / С разпореждане 24 април2026 Час 16:41 Вид акт Разпореждане 696 Час 16:39 Вид заседание зала / резултат / С разпореждане за насрочване Час 16:16 Вид разпределение Избран съдия/заседател ДАНИЕЛА ХРИСТОВА ВЪЛЕВА Час --:-- Вид страна Вносител Областен съд Инсбрук, Австрия Час --:-- Вид страна Страна П.Д.Д. Час 14:05 Вид дело Частно наказателно дело 141/2026"
661305f1-3a57-462b-8776-e7f4e4e990f7,"2026 24 април2026 Час 14:25 Вид акт Разпореждане 1684 Час 14:24 Вид заседание зала / резултат / С разпореждане, приключващо делото Час 14:05 Вид разпределение Избран съдия/заседател Ива Илиева Стойчева Коджабашева Час --:-- Вид страна Вносител СЕКТОР 02, ОТДЕЛ 12 ПРИ ГДБОП - МВР Час 14:05 Вид дело Частно наказателно дело 540/2026"
73a14ba9-ea13-4602-a024-516bb29b6057,"2026 24 септември2026 Час --:-- Вид страна Друго РАЙОНЕН СЪД СОФИЯ, БЮРО СЪДИМОСТ 02 септември2026 Час 14:00 Вид акт Протоколно определение 322 Час 10:55 Вид заседание зала / резултат / С определение 30 юли2026 Час --:-- Вид страна Пастир Районно управление ”Полиция” - Царево 29 юли2026 Час 11:56 Вид акт Разпореждане 394 Час 11:54 Вид заседание зала / резултат / С разпореждане за насрочване 17 юли2026 Час 10:14 Вид акт Разпореждане 349 Час 09:55 Вид заседание зала / резултат / С разпореждане 09 юли2026 Час --:-- Вид страна Друго ЦЕНТРАЛНО МИТНИЧЕСКО УПРАВЛЕНИЕ 08 юли2026 Час 12:21 Вид акт Протокол 254 Час 12:21 Вид акт Споразумение 103 Час 12:21 Вид акт Определение 126 Час 09:30 Вид заседание зала / резултат / Със споразумение Час 09:00 Вид заседание зала / резултат / Определение по чл. 248 НПК 19 май2026 Час 10:55 Вид акт Протокол 185 Час 09:00 Вид заседание зала / резултат / Отложено 28 април2026 Час 11:08 Вид разпределение Избран съдия/заседател ДАНИЕЛА КРАСИМИРОВА АНАСТАСОВА Час 11:08 Вид разпределение Избран съдия/заседател Ваня Костадинова Тодорова Час 09:16 Вид акт Разпореждане 175 Час 09:14 Вид заседание зала / резултат / С разпореждане за насрочване 24 април2026 Час 14:06 Вид разпределение Избран съдия/заседател Минчо Танев Танев Час --:-- Вид страна Вносител Районна прокуратура - Бургас Час --:-- Вид страна Подсъдим М.П.Т. Час --:-- Вид страна Адвокат Х.С.Б. Час 14:05 Вид дело Наказателно дело от общ характер 124/2026"
fbb1da2b-164f-49ce-abe8-cb2c6016978e,2026 28 септември2026 Час 11:32 Вид акт Разпореждане 8476 Час --:-- Вид заседание зала / резултат / Проведено 09 септември2026 Час 14:03 Вид акт Разпореждане 7866 Час --:-- Вид заседание зала / резултат / Проведено 05 август2026 Час 16:31 Вид акт Решение 7146 16 юли2026 Час 18:06 Вид Документ Вносител В.И.М. Час 18:06 Вид Документ Вносител В.И.М. Час 18:05 Вид Документ Вносител В.И.М. 13 юли2026 Час 16:00 Вид заседание зала / резултат Зала 3 / Обявено за решаване Час 13:00 Вид заседание зала / резултат Зала 3 / Пренасрочено 13 май2026 Час 15:13 Вид акт Разпореждане 4193 Час --:-- Вид заседание зала / резултат / Проведено 12 май2026 Час 18:05 Вид акт Разпореждане 4160 Час --:-- Вид заседание зала / резултат / Проведено 27 април2026 Час 17:54 Вид акт Разпореждане 3682 Час 17:39 Вид акт Определение 3681 Час --:-- Вид заседание зала / резултат / Проведено Час --:-- Вид заседание зала / резултат / Проведено 24 април2026 Час 14:05 Вид разпределение Избран съдия/заседател Йовка Бъчварова Час --:-- Вид страна Жалбоподател Х.Д.Д. Час --:-- Вид страна Ответник ДИРЕКТОР ДИРЕКЦИЯ ОДОП БУРГАС ПРИ ЦУ НА НАП Час --:-- Вид страна Лице за съдебен адрес К.П.Л. Час --:-- Вид страна Юрисконсулт В.И.М. Час 14:05 Вид дело Административно дело 950/2026
383c570d-807b-4008-ae15-6808089962d4,"2026 24 април2026 Час 16:45 Вид акт Определение 1873 Час 16:44 Вид заседание зала / резултат / С определение, приключващо делото Час 14:05 Вид разпределение Избран съдия/заседател НИКОЛАЙ МАРИУСОВ УРУМОВ Час --:-- Вид страна Вносител 05 РУ СДВР Час --:-- Вид страна Обвиняем М.В.С. Час 14:05 Вид дело Частно наказателно дело 5975/2026"
335ee760-10a9-407a-8731-e730f370854b,"2026 11 септември2026 Час 09:13 Вид акт Разпореждане 133 Час 09:09 Вид заседание зала / резултат / С разпореждане 21 август2026 Час 09:43 Вид акт Разпореждане 119 Час 09:37 Вид заседание зала / резултат / С определение/разпореждане по чл. 131 ГПК/чл. 367 ГПК 20 август2026 Час 09:39 Вид акт Определение 97 Час 09:24 Вид заседание зала / резултат / С акт по чл. 83 ал.2 от ГПК 20 юли2026 Час 16:31 Вид акт Разпореждане 96 Час 16:21 Вид заседание зала / резултат / Без движение 27 април2026 Час 16:38 Вид акт Определение 50 Час 16:30 Вид заседание зала / резултат / Определение по чл. 389 от ГПК Час 11:05 Вид разпределение Избран съдия/заседател Константин Георгиев Моллов 24 април2026 Час 14:43 Вид акт Определение 49 Час 14:35 Вид заседание зала / резултат / С акт за отвод Час 14:05 Вид разпределение Избран съдия/заседател Теодора Енчева Димитрова Час --:-- Вид страна Ищец Д.Й.Л. Час --:-- Вид страна Ответник ДЪРЖАВЕН ФОНД ""ЗЕМЕДЕЛИЕ"" Час --:-- Вид страна Адвокат С.В.Б. Час 14:05 Вид дело Търговско дело 18/2026"
d2576342-501a-48ae-a372-b497b83f6774,2026 16 септември2026 Час 07:45 Вид акт Разпореждане 6771 15 септември2026 Час 12:49 Вид заседание зала / резултат / С разпореждане 30 юни2026 Час 08:05 Вид акт Разпореждане 4637 Час 08:05 Вид акт Разпореждане 4635 29 юни2026 Час 14:27 Вид заседание зала / резултат / С разпореждане Час 14:22 Вид заседание зала / резултат / С разпореждане 05 юни2026 Час 07:37 Вид акт Разпореждане 3800 Час 07:37 Вид акт Разпореждане 3799 04 юни2026 Час 16:27 Вид заседание зала / резултат / С разпореждане Час 16:24 Вид заседание зала / резултат / С разпореждане 27 април2026 Час 10:20 Вид акт Заповед за изпълнение 974 Час 10:09 Вид заседание зала / резултат / Със заповед за изпълнение Час 07:46 Вид акт Разпореждане 2607 24 април2026 Час 14:10 Вид заседание зала / резултат / Без движение Час 14:05 Вид разпределение Избран съдия/заседател НЕЙКО ГЕОРГИЕВ НЕЙКОВ Час --:-- Вид страна Заявител Агенция за събиране на вземания ЕАД Час --:-- Вид страна Длъжник А.Ю.А. Час --:-- Вид страна Юрисконсулт И.Н.Н. Час 14:05 Вид дело Частно гражданско дело 1406/2026
2e1aec98-6f96-41ac-871f-9fd4088cbda6,2026 30 септември2026 Час 10:42 Вид акт Решение 538 28 септември2026 Час 13:49 Вид акт Протокол 694 25 септември2026 Час 10:00 Вид заседание зала / резултат / Обявено за решаване 05 август2026 Час 09:13 Вид акт Определение 744 Час 08:45 Вид акт Определение 743 Час 08:34 Вид заседание зала / резултат / Насрочено за I-во заседание 15 май2026 Час 12:50 Вид акт Разпореждане 1865 Час 12:47 Вид заседание зала / резултат / С определение/разпореждане по чл. 131 ГПК/чл. 367 ГПК 27 април2026 Час --:-- Вид страна Адвокат Е.Е.А. 24 април2026 Час 17:52 Вид акт Разпореждане 1478 Час 17:31 Вид акт Определение 416 Час 17:28 Вид заседание зала / резултат / Без движение Час 14:05 Вид разпределение Избран съдия/заседател ИВАНА ТОДОРОВА Час --:-- Вид страна Ищец А.В.В. Час --:-- Вид страна Ответник Ш.Б.Х. Час 14:05 Вид дело Гражданско дело 791/2026
cde9f84a-b3ec-451c-ad81-b64dde85738f,2026 24 април2026 Час 16:17 Вид акт Изпълнителен лист ЗП 169 Час 16:17 Вид акт Заповед за изпълнение 346 Час 16:15 Вид заседание зала / резултат / Със заповед за изпълнение Час 14:05 Вид разпределение Избран съдия/заседател ДАНИЕЛА ЙОРДАНОВА ИГНАТОВА Час --:-- Вид страна Заявител ТИ БИ АЙ Банк ЕАД Час --:-- Вид страна Длъжник Г.В.Г. Час --:-- Вид страна Юрисконсулт Д.В.И. Час 14:05 Вид дело Частно гражданско дело 475/2026
c3d47727-e296-4547-aefe-7d80ad7c84bf,2026 24 април2026 Час 15:27 Вид акт Изпълнителен лист ЗП 508 Час 14:12 Вид акт Заповед за изпълнение 1435 Час 14:11 Вид заседание зала / резултат / Решено с акт по същество в закрито заседание Час 14:05 Вид разпределение Избран съдия/заседател ВАЛЯ МЛАДЕНОВА Час --:-- Вид страна Заявител Банка ДСК АД Час --:-- Вид страна Длъжник М.Л.Х. Час --:-- Вид страна Пълномощник А.Т.М. Час 14:05 Вид дело Частно гражданско дело 1862/2026
420770dd-9c96-44d7-be91-70ecffefbc59,"2026 20 октомври2026 Час 10:30 Вид заседание зала / резултат Зала № 3 Съдебна палата - София, партер / 27 юли2026 Час 11:58 Вид акт Определение 478 Час --:-- Вид страна Вещо лице В.Д.П. 17 юли2026 Час 18:24 Вид заседание зала / резултат / С Определение/Разпореждане по чл. 267 от ГПК 24 април2026 Час 14:05 Вид разпределение Избран съдия/заседател Светла Станимирова Час --:-- Вид страна Жалбоподател ВД АГРО КОМЕРС ООД Час 14:04 Вид дело Въззивно търговско дело 261/2026"
33d8858f-f341-4515-b8f1-aac2bc1246ae,2026 18 юни2026 Час 10:53 Вид акт Определение 2751 Час 10:49 Вид заседание зала / резултат / Прекратено производство по други причини 27 април2026 Час 14:40 Вид акт Разпореждане 5480 Час 14:36 Вид заседание зала / резултат / С разпореждане за насрочване 24 април2026 Час 14:04 Вид разпределение Избран съдия/заседател ВИОЛЕТА СТОЯНОВА ПАРПУЛОВА Час --:-- Вид страна Жалбоподател Д-ТЕКС БЪЛГАРИЯ ЕООД Час --:-- Вид страна Админ.наказ.орган СДВР Час --:-- Вид страна Представител П.Д.Т. Час --:-- Вид страна Адвокат С.Ж.П. Час 14:04 Вид дело Административно наказателно дело 5974/2026
db054905-cc56-4331-b0a1-08d6e10a1c9b,2026 23 юли2026 Час 16:36 Вид акт Решение 420 22 юли2026 Час 12:05 Вид акт Протокол 568 Час 09:30 Вид заседание зала / резултат / Обявено за решаване 01 юни2026 Час 14:23 Вид акт Определение 539 Час 14:20 Вид заседание зала / резултат / Насрочено за I-во заседание 28 април2026 Час 17:07 Вид акт Разпореждане 1546 Час 17:04 Вид заседание зала / резултат / С определение/разпореждане по чл. 131 ГПК/чл. 367 ГПК Час 14:45 Вид акт Определение 426 Час 14:41 Вид заседание зала / резултат / Определение по чл. 389 от ГПК Час --:-- Вид страна Адвокат К.И.Д. 27 април2026 Час 17:43 Вид акт Разпореждане 1513 Час 17:36 Вид заседание зала / резултат / С разпореждане 24 април2026 Час 14:04 Вид разпределение Избран съдия/заседател НЕЛИ ГЕНЧЕВА Час --:-- Вид страна Ищец И.К.П. Час --:-- Вид страна Ищец С.В.П. Час --:-- Вид страна Ответник Й.П.И. Час 14:04 Вид дело Гражданско дело 790/2026
6c6c99eb-2d8f-40ac-97fe-a9fe858674e3,2026 27 април2026 Час 14:48 Вид акт Определение 93 Час 13:30 Вид заседание зала / резултат / Решено с акт по същество в закрито заседание 24 април2026 Час 14:06 Вид разпределение Избран съдия/заседател ГАЛЯ МАРИНОВА Час --:-- Вид страна Жалбоподател ВЕЛТТЕД ИНВЕСТ ООД Час 14:04 Вид дело Въззивно частно търговско дело 75/2026
b93c0c8f-aa6c-4d3d-b069-cae241271a62,2026 19 октомври2026 Час 10:30 Вид заседание зала / резултат / 14 септември2026 Час 11:59 Вид акт Протоколно определение 4846 10 септември2026 Час 10:30 Вид заседание зала / резултат / Отложено 20 юли2026 Час 11:05 Вид акт Протокол 4177 17 юли2026 Час --:-- Вид страна Обвинител М.К.Б. 16 юли2026 Час 13:45 Вид заседание зала / резултат / Отложено 29 юни2026 Час 17:44 Вид акт Протокол 3762 24 юни2026 Час 10:00 Вид заседание зала / резултат / Отложено 23 юни2026 Час --:-- Вид страна Обвинител Г.П.К. 21 май2026 Час 15:16 Вид акт Протокол 2873 Час 10:30 Вид заседание зала / резултат / Отложено Час --:-- Вид страна Обвинител С.Х.Х. 14 май2026 Час --:-- Вид страна Адвокат Л.К.Ц. 11 май2026 Час 16:29 Вид разпределение Избран съдия/заседател Невенка Христова Томова Час 16:28 Вид разпределение Избран съдия/заседател Мария Сергеева Апостолова Час 16:28 Вид разпределение Избран съдия/заседател Елена Георгиева Коларова Час 16:27 Вид разпределение Избран съдия/заседател Никола Иванов Андров Час 14:32 Вид акт Разпореждане 1622 Час 14:30 Вид заседание зала / резултат / С разпореждане за насрочване Час --:-- Вид страна Страна Софийска градска прокуратура 24 април2026 Час 14:04 Вид разпределение Избран съдия/заседател Мила Панайотова Лазарова Час --:-- Вид страна Вносител ПРЕДСЕДАТЕЛЯ НА ПРОБАЦИОНЕН СЪВЕТ КЪМ СЕКТОР ПРОБАЦИЯ - СОФИЯ - ГРАД ПРИ ОСИН - СОФИЯ Час --:-- Вид страна Осъден И.П.П. Час 14:03 Вид дело Частно наказателно дело 2845/2026
8eb36f4d-3efb-4a61-b2d0-c58d678d88cc,"2026 24 април2026 Час 15:33 Вид акт Определение 64 Час 15:30 Вид заседание зала / резултат / С определение, приключващо делото Час 15:19 Вид акт Определение 63 Час 15:16 Вид заседание зала / резултат / С определение Час 14:03 Вид разпределение Избран съдия/заседател Славка Кабасанова Час --:-- Вид страна Вносител Районна прокуратура - Смолян Час --:-- Вид страна Страна Д.Е.Ц. Час 14:03 Вид дело Частно наказателно дело 206/2026"
a35eaf8a-0c85-453e-bf59-b6a0e482078c,"2026 24 април2026 Час 14:25 Вид акт Разпореждане 1683 Час 14:23 Вид заседание зала / резултат / С разпореждане, приключващо делото Час 14:03 Вид разпределение Избран съдия/заседател Ива Илиева Стойчева Коджабашева Час --:-- Вид страна Вносител СЕКТОР 02, ОТДЕЛ 12 ПРИ ГДБОП - МВР Час 14:03 Вид дело Частно наказателно дело 539/2026"
f90a4563-22c1-4249-8a1a-7e88eca683db,2026 06 юли2026 Час 10:34 Вид акт Изпълнителен лист ЗП 1830 Час 10:16 Вид акт Разпореждане 6997 Час 10:15 Вид заседание зала / резултат / С разпореждане 30 април2026 Час 09:55 Вид акт Заповед за изпълнение 1674 Час 09:00 Вид заседание зала / резултат / Със заповед за изпълнение 24 април2026 Час 15:28 Вид акт Разпореждане 4142 Час 14:19 Вид заседание зала / резултат / Без движение Час 14:03 Вид разпределение Избран съдия/заседател Мирослав Цветанов Марков Час --:-- Вид страна Заявител Агенция за събиране на вземания ЕАД Час --:-- Вид страна Длъжник Т.М.Н. Час --:-- Вид страна Юрисконсулт И.Н.Н. Час 14:03 Вид дело Частно гражданско дело 2097/2026
00204132-60de-4fa4-84f1-f5b43fbd312e,2026 14 май2026 Час 15:43 Вид акт Изпълнителен лист ЗП 159 13 май2026 Час 16:33 Вид акт Заповед за изпълнение 280 12 май2026 Час 16:40 Вид заседание зала / резултат / Със заповед за изпълнение 08 май2026 Час 11:40 Вид акт Разпореждане 799 07 май2026 Час 13:59 Вид заседание зала / резултат / С разпореждане 27 април2026 Час 17:12 Вид акт Разпореждане 734 Час 17:01 Вид заседание зала / резултат / С разпореждане 24 април2026 Час 14:03 Вид разпределение Избран съдия/заседател Илияна Росенова Ферева - Зелева Час --:-- Вид страна Заявител ТИ БИ АЙ Банк ЕАД Час --:-- Вид страна Длъжник Х.Р.Б. Час --:-- Вид страна Юрисконсулт М.Г.Н. Час 14:03 Вид дело Частно гражданско дело 343/2026
923b5f46-9c44-4a0e-bf2d-7cd3d10e8322,2026 09 септември2026 Час 16:56 Вид акт Решение 3408 16 юли2026 Час 17:05 Вид акт Протокол 15036 24 юни2026 Час 13:30 Вид заседание зала / резултат / Обявено за решаване 22 май2026 Час --:-- Вид страна Свидетел М.Р. 21 май2026 Час 16:43 Вид акт Разпореждане 6637 Час 16:42 Вид заседание зала / резултат / С разпореждане за насрочване 18 май2026 Час --:-- Вид страна Адвокат С.В.П. 24 април2026 Час 14:03 Вид разпределение Избран съдия/заседател СТАНИСЛАВ БОРИСЛАВОВ СЕДЕФЧЕВ Час --:-- Вид страна Жалбоподател ВЕЛЦ ЕООД Час --:-- Вид страна Админ.наказ.орган ЗАМЕСТНИК КМЕТ НА СТОЛИЧНА ОБЩИНА Час 14:03 Вид дело Административно наказателно дело 5973/2026
b1a6f28c-3a44-4de7-9f00-3cac6409e5e4,2026 27 април2026 Час 15:35 Вид акт Изпълнителен лист ЗП 2897 Час 13:18 Вид акт Заповед за изпълнение 3707 Час 13:14 Вид акт Разпореждане 12445 24 април2026 Час 16:16 Вид заседание зала / резултат / Решено с акт по същество в закрито заседание Час 14:03 Вид разпределение Избран съдия/заседател Борислава Петрова Борисова-Здравкова Час --:-- Вид страна Заявител ТИ БИ АЙ Банк ЕАД Час --:-- Вид страна Длъжник А.Н.Й. Час --:-- Вид страна Юрисконсулт Д.В.И. Час 14:03 Вид дело Частно гражданско дело 4502/2026
8a8c8658-447e-4231-af66-4a9e9f83db40,2026 08 юли2026 Час 11:34 Вид акт Изпълнителен лист ЗП 6072 Час 11:34 Вид акт Заповед за изпълнение 1102 Час 11:30 Вид заседание зала / резултат / Със заповед за изпълнение 24 април2026 Час 14:03 Вид разпределение Избран съдия/заседател МАРИЯ ИВАНОВА ИВАНОВА АНГЕЛОВА Час --:-- Вид страна Заявител АЙЗАЕМ.БГ ООД Час --:-- Вид страна Длъжник Л.И.С. Час --:-- Вид страна Адвокат И.К.М. Час 14:03 Вид дело Частно гражданско дело 11121/2026
e0351771-a43c-41ea-ace2-b18442ff8a4c,2026 07 октомври2026 Час 10:30 Вид заседание зала / резултат Зала 3 / Насрочено 09 юли2026 Час 18:19 Вид Документ Вносител Т.И.С. 08 юли2026 Час 10:50 Вид заседание зала / резултат Зала 3 / Отложено в I-во заседание 29 май2026 Час 13:33 Вид акт Определение 4749 Час 13:28 Вид акт Определение 4747 Час --:-- Вид заседание зала / резултат / Проведено Час --:-- Вид заседание зала / резултат / Проведено 27 април2026 Час 11:48 Вид акт Разпореждане 3650 Час --:-- Вид заседание зала / резултат / Проведено 24 април2026 Час 14:02 Вид разпределение Избран съдия/заседател Галина Радикова Час --:-- Вид страна Жалбоподател Уиндис ЕООД Час --:-- Вид страна Ответник ДИРЕКТОР ДИРЕКЦИЯ ОДОП БУРГАС ПРИ ЦУ НА НАП Час --:-- Вид страна Ответник ДИРЕКТОР НА ДИРЕКЦИЯ ОДОП БУРГАС НА НАП Час --:-- Вид страна Свидетел В.Ж.М. Час --:-- Вид страна Свидетел Т.И.С. Час --:-- Вид страна Процесуален представител А.П. Час --:-- Вид страна Юрисконсулт В.И.М. Час 14:02 Вид дело Административно дело 949/2026
269c7832-b5bd-4597-ac83-6c4c01a2c816,2026 02 октомври2026 Час 10:42 Вид акт Изпълнителен лист ЗП 6616 Час 10:42 Вид акт Разпореждане 28860 Час 09:25 Вид заседание зала / резултат / С разпореждане 08 май2026 Час 12:23 Вид акт Заповед за изпълнение 3952 Час 12:22 Вид акт Разпореждане 13430 Час 11:23 Вид заседание зала / резултат / Решено с акт по същество в закрито заседание 04 май2026 Час 10:19 Вид акт Разпореждане 12999 30 април2026 Час 18:07 Вид заседание зала / резултат / Без движение 28 април2026 Час 10:52 Вид акт Разпореждане 12588 Час 09:08 Вид заседание зала / резултат / С акт по хода на делото без уведомяване на страните 24 април2026 Час 17:16 Вид акт Разпореждане 12326 Час 16:23 Вид заседание зала / резултат / Без движение Час 14:02 Вид разпределение Избран съдия/заседател Татяна Иванова Тодорова Час --:-- Вид страна Заявител Агенция за събиране на вземания ЕАД Час --:-- Вид страна Длъжник С.И.Г. Час --:-- Вид страна Юрисконсулт И.Н.Н. Час 14:02 Вид дело Частно гражданско дело 4501/2026
e3607c50-d52f-4199-917d-b502045a8913,2026 16 юни2026 Час 15:07 Вид акт Изпълнителен лист ЗП 1001 Час 11:23 Вид акт Разпореждане 7539 Час 09:07 Вид заседание зала / резултат / С разпореждане 27 април2026 Час 14:31 Вид акт Разпореждане 4902 Час 14:31 Вид акт Заповед за изпълнение 930 Час 11:09 Вид заседание зала / резултат / Със заповед за изпълнение Час 10:52 Вид заседание зала / резултат / С разпореждане 24 април2026 Час 14:02 Вид разпределение Избран съдия/заседател Димитър Чардаков Час --:-- Вид страна Заявител АПС БЕТА БЪЛГАРИЯ ЕООД Час --:-- Вид страна Друго П.В. Час --:-- Вид страна Друго Х.М. Час --:-- Вид страна Длъжник Ц.С.С. Час --:-- Вид страна Юрисконсулт Б.Д.Т. Час 14:02 Вид дело Частно гражданско дело 1730/2026
535a45cf-17a3-4497-966f-5871e108d8e5,2026 06 октомври2026 Час 14:46 Вид акт Определение 776 Час 14:45 Вид заседание зала / резултат / С определение 22 юни2026 Час 14:48 Вид акт Разпореждане 2079 Час 14:46 Вид заседание зала / резултат / С разпореждане 19 юни2026 Час 09:26 Вид акт Разпореждане 2042 Час 09:25 Вид заседание зала / резултат / С разпореждане 24 април2026 Час 14:27 Вид акт Заповед за изпълнение 647 Час 14:25 Вид заседание зала / резултат / Със заповед за изпълнение Час 14:02 Вид разпределение Избран съдия/заседател Мариела Анастасова Иванова Час --:-- Вид страна Заявител ЕОС МАТРИКС ЕАД Час --:-- Вид страна Длъжник Ж.К.К. Час --:-- Вид страна Адвокат Ж.Д.Д. Час 14:02 Вид дело Частно гражданско дело 899/2026
3f636ab1-359b-448b-bdc8-1a38541d0e20,2026 29 април2026 Час 10:04 Вид акт Изпълнителен лист ЗП 130 28 април2026 Час 18:29 Вид акт Заповед за изпълнение 256 Час 18:09 Вид заседание зала / резултат / Със заповед за изпълнение Час 18:09 Вид акт Разпореждане 447 Час 18:07 Вид заседание зала / резултат / Решено с акт по същество в закрито заседание 24 април2026 Час 14:02 Вид разпределение Избран съдия/заседател Пейо Иванов Приходков Час --:-- Вид страна Заявител Обединена Българска Банка АД Час --:-- Вид страна Длъжник В.С.А. Час --:-- Вид страна Юрисконсулт Д.Л.З. Час 14:02 Вид дело Частно гражданско дело 369/2026
b0e48701-a46d-496e-9c47-60e83dbba5d3,"2026 04 юни2026 Час 11:27 Вид акт Протокол 3714 03 юни2026 Час 14:00 Вид заседание зала / резултат / С определение/разпореждане, изчерпващо предмета на делото от ОСЗ 14 май2026 Час 14:47 Вид акт Протокол 3160 13 май2026 Час 14:00 Вид заседание зала / резултат / Отложено в I-во заседание 27 април2026 Час 14:24 Вид акт Определение 6222 Час 14:23 Вид заседание зала / резултат / Насрочено в I-во заседание БЕЗ РАЗМЯНА НА КНИЖА 24 април2026 Час 14:02 Вид разпределение Избран съдия/заседател Александър Валентинов Цветков Час --:-- Вид страна Заявител Софийски районен съд Час --:-- Вид страна Свидетел Й.П. Час --:-- Вид страна Свидетел Д.В.Д. Час 14:02 Вид дело Частно гражданско дело 2905/2026"
1315881a-2e3f-465f-921b-95d923d2dc46,2026 28 април2026 Час 14:11 Вид акт Изпълнителен лист ЗП 2021 27 април2026 Час 14:27 Вид акт Заповед за изпълнение 2992 Час 14:25 Вид заседание зала / резултат / Със заповед за изпълнение 24 април2026 Час 14:02 Вид разпределение Избран съдия/заседател Иван Цветозаров Иванов Час --:-- Вид страна Заявител ДИРЕКЦИЯ СОЦИАЛНО ПОДПОМАГАНЕ БУРГАС Час --:-- Вид страна Длъжник А.С.П. Час --:-- Вид страна Представител Д.Н.Д. Час 14:02 Вид дело Частно гражданско дело 3471/2026
9c4ff732-4ee6-4bd9-a24e-629bddced5e5,"2026 17 юни2026 Час 08:03 Вид акт Протокол 3521 12 юни2026 Час 14:00 Вид заседание зала / резултат Зала 12 етаж 3 / Обявено за решаване 29 април2026 Час --:-- Вид страна Актосъставител Х.Д.П. 28 април2026 Час 11:48 Вид акт Разпореждане 2497 Час 11:44 Вид заседание зала / резултат / С разпореждане за насрочване 24 април2026 Час 14:01 Вид разпределение Избран съдия/заседател Васил Александров Тасев Час --:-- Вид страна Жалбоподател Й.П.К. Час --:-- Вид страна Админ.наказ.орган НАЧАЛНИК ГРУПА в ОДМВР ПЛОВДИВ, СЕКТОР ПЪТНА ПОЛИЦИЯ ПЛОВДИВ Час --:-- Вид страна Адвокат Т.В.Т. Час 14:01 Вид дело Административно наказателно дело 2351/2026"
6bc9f81f-cbf2-4413-a573-87b1d1d1af94,2026 19 юни2026 Час 13:00 Вид акт Решение 2218 28 май2026 Час 10:22 Вид акт Протокол 10652 Час 09:15 Вид заседание зала / резултат / С решение и мотиви 01 май2026 Час 11:54 Вид акт Разпореждане 5763 Час 11:53 Вид заседание зала / резултат / С разпореждане за насрочване 24 април2026 Час 14:01 Вид разпределение Избран съдия/заседател ПЕТЯ НИКОЛОВА ТОПАЛОВА Час --:-- Вид страна Жалбоподател М.Д.Д. Час --:-- Вид страна Админ.наказ.орган Столична Дирекция на Вътрешните Работи Час --:-- Вид страна Адвокат М.Б.М. Час 14:01 Вид дело Административно наказателно дело 5972/2026
0ab16a98-700c-4be2-bc4a-101046c14d67,"2026 24 април2026 Час 14:24 Вид акт Разпореждане 1682 Час 14:23 Вид заседание зала / резултат / С разпореждане, приключващо делото Час 14:01 Вид разпределение Избран съдия/заседател Ива Илиева Стойчева Коджабашева Час --:-- Вид страна Вносител СЕКТОР 02, ОТДЕЛ 12 ПРИ ГДБОП - МВР Час 14:01 Вид дело Частно наказателно дело 538/2026"
cb8fa1bd-8981-4e07-b6cb-12b9659eb31a,"2026 18 май2026 Час 11:29 Вид акт Протоколно определение 2780 13 май2026 Час 11:00 Вид заседание зала / резултат / С определение, приключващо делото 12 май2026 Час --:-- Вид страна Обвинител Т.В.Т. 28 април2026 Час --:-- Вид страна Страна Софийска градска прокуратура Час --:-- Вид страна Преводач В.С.Б. 27 април2026 Час 16:16 Вид акт Разпореждане 1460 Час 16:13 Вид заседание зала / резултат / С разпореждане за насрочване Час --:-- Вид страна Служебен защитник В.И.Х. 24 април2026 Час 14:01 Вид разпределение Избран съдия/заседател Милен Михайлов Час --:-- Вид страна Вносител Затвор - София Час --:-- Вид страна Осъден Л.Р.Ш. Час 14:01 Вид дело Частно наказателно дело 2844/2026"
99549056-8be9-47cb-a2c0-e11bae9ef618,2026 18 септември2026 Час 10:01 Вид акт Разпореждане 3475 Час 09:56 Вид заседание зала / резултат / С разпореждане 24 юли2026 Час 13:19 Вид акт Определение 582 Час 13:17 Вид заседание зала / резултат / С определение 10 юли2026 Час 11:01 Вид акт Разпореждане 2021 Час 10:59 Вид заседание зала / резултат / С разпореждане 18 юни2026 Час 10:19 Вид акт Разпореждане 1688 Час 10:17 Вид заседание зала / резултат / С разпореждане 24 април2026 Час 16:04 Вид акт Заповед за изпълнение 100 Час 16:02 Вид заседание зала / резултат / Със заповед за изпълнение Час 14:01 Вид разпределение Избран съдия/заседател Андрей Иванов Николов Час --:-- Вид страна Заявител Б.И.Ц. Час --:-- Вид страна Длъжник Д.Й.В. Час 14:01 Вид дело Частно гражданско дело 384/2026
16f53eaa-79ff-40f4-a6b2-38898d769f80,2026 10 август2026 Час 08:58 Вид акт Изпълнителен лист 6856 22 юни2026 Час 19:08 Вид акт Решение 2280 05 юни2026 Час 14:20 Вид акт Протокол 11432 03 юни2026 Час 15:20 Вид заседание зала / резултат / С решение и мотиви 30 април2026 Час --:-- Вид страна Страна Районна прокуратура - София Час --:-- Вид страна Админ.наказ.орган Столична Дирекция на Вътрешните Работи 29 април2026 Час 11:29 Вид акт Разпореждане 5620 Час 11:26 Вид заседание зала / резултат / С разпореждане за насрочване 24 април2026 Час 14:00 Вид разпределение Избран съдия/заседател ЯНА ЦВЕТАНОВА ДИМИТРОВА Час --:-- Вид страна Жалбоподател Д-ТЕКС БЪЛГАРИЯ ЕООД Час --:-- Вид страна Админ.наказ.орган ОДМВР - София Час --:-- Вид страна Представител П.Д.Т. Час --:-- Вид страна Адвокат С.Ж.П. Час 14:00 Вид дело Административно наказателно дело 5971/2026
965e5ad6-48ea-46c3-a30b-199d273bf6c1,"2026 16 септември2026 Час 18:15 Вид Документ Вносител А.К.А. Час 18:14 Вид Документ Вносител А.К.А. 15 септември2026 Час 13:50 Вид заседание зала / резултат Зала 4 / Обявено за решаване 25 юни2026 Час 08:37 Вид акт Разпореждане 5634 Час --:-- Вид заседание зала / резултат / Проведено 09 юни2026 Час 13:30 Вид заседание зала / резултат Зала 4 / Отложено 27 април2026 Час 10:38 Вид акт Разпореждане 3637 Час --:-- Вид заседание зала / резултат / Проведено 24 април2026 Час 14:00 Вид разпределение Избран съдия/заседател Веселин Енчев Час --:-- Вид страна Жалбоподател ИНТЕРТУР ООД ПРЕДСТАВЛЯВАНО ОТ УПРАВИТЕЛЯ ТЕОДОР ПАСТАРМАДЖИЕВ Час --:-- Вид страна Жалбоподател ""Интертур"" ЕООД Час --:-- Вид страна Ответник МИНИСТЪР НА ТУРИЗМА Час --:-- Вид страна Вещо лице А.К.А. Час --:-- Вид страна Процесуален представител Б.Т. Час 13:59 Вид дело Административно дело 948/2026"
4c85ebee-55a8-484f-8fa1-f21114432570,"2026 08 октомври2026 Час 16:20 Вид заседание зала / резултат / 26 юли2026 Час 17:03 Вид акт Определение 3333 Час 17:01 Вид заседание зала / резултат / С определение за насрочване 24 април2026 Час 13:59 Вид разпределение Избран съдия/заседател АНГЕЛ ФЕБОВ ПАВЛОВ Час --:-- Вид страна Жалбоподател БРЦ БЪЛГАРИЯ ООД Час --:-- Вид страна Админ.наказ.орган НАЧАЛНИК ОТДЕЛ НА ""ОПЕРАТИВНИ ДЕЙНОСТИ"" СОФИЯ, ДИРЕКЦИЯ ""ОПЕРАТИВНИ ДЕЙНОСТИ"" В ГД ""ФИСКАЛЕН КОНТРОЛ"" НА НАП Час --:-- Вид страна Представител И.Г.И. Час --:-- Вид страна Адвокат Д.Г.Б. Час 13:59 Вид дело Административно наказателно дело 5970/2026"
5a83f6f6-52b9-41ca-8c8d-4344575d261c,2026 07 октомври2026 Час 10:50 Вид заседание зала / резултат / 19 август2026 Час 12:41 Вид акт Протокол 249 Час 11:50 Вид заседание зала / резултат / Отложено в ОСЗ 15 юли2026 Час 12:48 Вид акт Протокол 200 Час 12:00 Вид заседание зала / резултат / Отложено в ОСЗ 06 юли2026 Час --:-- Вид страна Юрисконсулт А.С.Г. 22 юни2026 Час 14:01 Вид акт Определение 378 Час 13:59 Вид заседание зала / резултат / Насрочено за I-во заседание Час --:-- Вид страна Вещо лице В.Х.Г. 27 април2026 Час 11:07 Вид акт Разпореждане 641 Час 11:05 Вид заседание зала / резултат / С определение/разпореждане по чл. 131 ГПК/чл. 367 ГПК Час 11:02 Вид акт Определение 251 Час 11:00 Вид заседание зала / резултат / С акт по чл. 83 ал.2 от ГПК 24 април2026 Час 13:59 Вид разпределение Избран съдия/заседател Борислав Методиев Методиев Час --:-- Вид страна Ищец Н.О.К. Час --:-- Вид страна Ответник ИЗИ ФИНАНС ЕООД Час --:-- Вид страна Адвокат Л.К.Б. Час 13:59 Вид дело Гражданско дело 444/2026
41ae7fa9-9c28-4b82-9c6b-2fe3796e3d01,2026 21 юли2026 Час 16:14 Вид акт Изпълнителен лист ЗП 899 13 юли2026 Час 11:39 Вид акт Разпореждане 1709 Час 11:37 Вид заседание зала / резултат / С разпореждане 27 април2026 Час 12:54 Вид акт Заповед за изпълнение 690 Час 12:51 Вид заседание зала / резултат / Решено с акт по същество в закрито заседание 24 април2026 Час 13:59 Вид разпределение Избран съдия/заседател Росица Генадиева Тодорова Час --:-- Вид страна Заявител Топлофикация София ЕАД Час --:-- Вид страна Длъжник Д.Б.Х. Час --:-- Вид страна Пълномощник Г.И.И. Час --:-- Вид страна Представляващ П.Р.П. Час --:-- Вид страна Представляващ Р.Д.Г. Час 13:59 Вид дело Частно гражданско дело 873/2026
3c2e8862-e77e-4818-881c-ac2e2099d7d4,2026 13 август2026 Час 19:21 Вид акт Разпореждане 4815 Час 19:19 Вид заседание зала / резултат / 03 август2026 Час 18:02 Вид акт Разпореждане 4310 Час 18:00 Вид заседание зала / резултат / 01 юли2026 Час 17:57 Вид акт Разпореждане 3537 Час 17:55 Вид заседание зала / резултат / 01 май2026 Час 13:12 Вид акт Заповед за изпълнение 1410 Час 13:09 Вид заседание зала / резултат / Със заповед за изпълнение 24 април2026 Час 14:05 Вид акт Разпореждане 1919 Час 14:03 Вид заседание зала / резултат / С разпореждане Час 13:59 Вид разпределение Избран съдия/заседател Мариела Викторова Йосифова Час --:-- Вид страна Заявител Агенция за събиране на вземания ЕАД Час --:-- Вид страна Длъжник Т.Й.М. Час --:-- Вид страна Юрисконсулт И.Н.Н. Час 13:59 Вид дело Частно гражданско дело 1708/2026
fc5bcfe9-82d7-4a1e-b88a-c91b5e8bce1f,2026 24 април2026 Час 15:46 Вид акт Изпълнителен лист ЗП 357 Час 15:44 Вид акт Заповед за изпълнение 794 Час 15:42 Вид заседание зала / резултат / Със заповед за изпълнение Час 13:59 Вид разпределение Избран съдия/заседател ВЛАДИМИР ТОДОРОВ КАРАГЬОЗОВ Час --:-- Вид страна Заявител ТИ БИ АЙ Банк ЕАД Час --:-- Вид страна Длъжник Д.В.В. Час --:-- Вид страна Юрисконсулт М.Г.Н. Час 13:59 Вид дело Частно гражданско дело 1116/2026
b73f5ccd-1ad5-4660-8d74-e49769f8e458,2026 02 май2026 Час 13:25 Вид акт Разпореждане 913 Час 13:10 Вид заседание зала / резултат / Решено с акт по същество в закрито заседание 24 април2026 Час 13:59 Вид разпределение Избран съдия/заседател ИВАНЕТА ЙОРДАНОВА МИТОВА Час --:-- Вид страна Заявител ТИ БИ АЙ Банк ЕАД Час --:-- Вид страна Длъжник А.Н.Й. Час --:-- Вид страна Юрисконсулт Д.В.И. Час 13:59 Вид дело Частно гражданско дело 706/2026
d280a0b3-77ed-4f66-9d52-5bcd78293027,"2026 16 юни2026 Час 15:15 Вид акт Изпълнителен лист 1249 05 юни2026 Час 12:49 Вид акт Решение 2245 02 юни2026 Час 13:35 Вид акт Протокол 3613 29 май2026 Час 12:20 Вид Документ Вносител М.Д.Ж. 28 май2026 Час 10:30 Вид заседание зала / резултат / Със споразумение по чл. 321 ал.5 ГПК/чл.127, ал.1 СК 12 май2026 Час 13:44 Вид акт Протокол 3072 Час --:-- Вид страна Трето неучастващо лице Дирекция ""Социално подпомагане"" - Варна 08 май2026 Час 14:47 Вид Документ Вносител В.Д.С. Час 14:43 Вид Документ Вносител М.Д.Ж. Час 14:41 Вид Документ Вносител Д.К.Д. Час 09:30 Вид заседание зала / резултат / Отложено в I-во заседание Час --:-- Вид страна Адвокат М.Д.Ж. 29 април2026 Час --:-- Вид страна Контролираща страна Дирекция ""Социално подпомагане"" Девня-отдел ""Закрила на детето"" 28 април2026 Час 17:26 Вид акт Определение 6305 Час 17:24 Вид заседание зала / резултат / Насрочено за I-во заседание Час 16:57 Вид акт Разпореждане 10446 Час 16:47 Вид заседание зала / резултат / С определение/разпореждане по чл. 131 ГПК/чл. 367 ГПК 24 април2026 Час 13:59 Вид разпределение Избран съдия/заседател Гинка Тодорова Иванова Час --:-- Вид страна Ищец Й.Й.Д. Час --:-- Вид страна Ответник Д.К.Д. Час --:-- Вид страна Адвокат В.Д.С. Час 13:58 Вид дело Гражданско дело 2904/2026"
5d1e2b3c-2530-4291-b935-4c46b40cd1fc,"2026 27 април2026 Час 09:53 Вид акт Протоколно определение 426 24 април2026 Час 15:00 Вид заседание зала / резултат / С определение, приключващо делото Час 13:58 Вид разпределение Избран съдия/заседател Мартин Димитров Кючуков Час --:-- Вид страна Вносител Районна прокуратура - Хасково Час --:-- Вид страна Обвинител А.Х.П. Час --:-- Вид страна Обвиняем В.Ц.У. Час --:-- Вид страна Защитник Д.Р.С. Час 13:58 Вид дело Частно наказателно дело 358/2026"
08c30424-fd38-46e8-b77d-c192311cb10d,2026 03 ноември2026 Час 11:30 Вид заседание зала / резултат / 23 септември2026 Час 13:33 Вид акт Протокол 274 Час 11:20 Вид заседание зала / резултат / Отложено в ОСЗ 27 юли2026 Час --:-- Вид страна Юрисконсулт И.А.И. 20 юли2026 Час 11:11 Вид акт Определение 411 Час 11:08 Вид заседание зала / резултат / Насрочено за I-во заседание Час --:-- Вид страна Вещо лице В.Х.Г. 26 май2026 Час 12:28 Вид акт Разпореждане 898 Час 12:25 Вид заседание зала / резултат / С определение/разпореждане по чл. 131 ГПК/чл. 367 ГПК Час 12:25 Вид акт Определение 306 Час 12:22 Вид заседание зала / резултат / С акт по чл. 83 ал.2 от ГПК 29 април2026 Час 11:33 Вид разпределение Избран съдия/заседател Даниел Борисов Христов 24 април2026 Час 13:59 Вид разпределение Избран съдия/заседател Ивета Венциславова Кънева-Санкова Час --:-- Вид страна Ищец Н.О.К. Час --:-- Вид страна Ответник АГЕНЦИЯ ЗА КОНТРОЛ НА ПРОСРОЧЕНИ ЗАДЪЛЖЕНИЯ АД Час --:-- Вид страна Адвокат Л.К.Б. Час 13:58 Вид дело Гражданско дело 443/2026
ed9e5f45-4668-4c78-9ce3-9e6cbae0e6fc,"2026 28 май2026 Час 13:30 Вид заседание зала / резултат Съдебна зала №6 Съдебна палата, етаж I / Отменено 22 май2026 Час 14:37 Вид акт Определение 1104 Час 14:35 Вид заседание зала / резултат / Прекратено след насрочване Час 08:34 Вид акт Протокол 830 21 май2026 Час 13:30 Вид заседание зала / резултат Съдебна зала №6 Съдебна палата, етаж I / Отложено в I-во заседание 24 април2026 Час 14:47 Вид акт Заповед 9 Час 14:45 Вид заседание зала / резултат / Със заповед за незабавна защита Час 14:45 Вид акт Определение 883 Час 14:44 Вид заседание зала / резултат / Насрочено за I-во заседание Час 13:58 Вид разпределение Избран съдия/заседател ГЕОРГИ ГЕОРГИЕВ Час --:-- Вид страна Вносител Районно управление ”Полиция” - Велико Търново Час --:-- Вид страна Молител С.Д.М. Час --:-- Вид страна Страна Н.К.К. Час 13:58 Вид дело Гражданско дело 1327/2026"
950d0f06-1cf3-4971-b197-40be66f2203d,2026 29 септември2026 Час 09:43 Вид акт Решение 131 23 септември2026 Час 13:32 Вид акт Протокол 273 Час 11:10 Вид заседание зала / резултат / С решение при признание на иска 20 юли2026 Час 11:03 Вид акт Определение 410 Час 11:00 Вид заседание зала / резултат / Насрочено за I-во заседание 30 април2026 Час 16:42 Вид акт Разпореждане 653 Час 16:40 Вид заседание зала / резултат / С определение/разпореждане по чл. 131 ГПК/чл. 367 ГПК Час 16:40 Вид акт Определение 262 Час 16:37 Вид заседание зала / резултат / С акт по чл. 83 ал.2 от ГПК 29 април2026 Час 11:43 Вид разпределение Избран съдия/заседател Даниел Борисов Христов 24 април2026 Час 13:58 Вид разпределение Избран съдия/заседател Ивета Венциславова Кънева-Санкова Час --:-- Вид страна Ищец Н.О.К. Час --:-- Вид страна Ответник Кинти БГ ЕООД Час --:-- Вид страна Адвокат Л.К.Б. Час 13:58 Вид дело Гражданско дело 442/2026
69be6adc-aa0b-4130-8c4d-a96686ad1dcb,2026 18 юни2026 Час 14:16 Вид акт Решение 2885 04 юни2026 Час 11:40 Вид заседание зала / резултат / Обявено за решаване 28 април2026 Час 14:57 Вид акт Определение 2065 27 април2026 Час --:-- Вид заседание зала / резултат / Проведено 24 април2026 Час 16:04 Вид акт Разпореждане 1997 Час 15:57 Вид акт Определение 1996 Час 13:58 Вид разпределение Избран съдия/заседател Дияна Златева-Найденова Час --:-- Вид страна Жалбоподател С.М.С. Час --:-- Вид страна Ответник Антон Николаев Доспатски - старши полицай при РУ Велинград Час --:-- Вид страна Ответник СТАРШИ ПОЛИЦАЙ В РУ ВЕЛИНГРАД ПРИ ОДМВР ПАЗАРДЖИК Час --:-- Вид страна Адвокат А.М.Н. Час --:-- Вид заседание зала / резултат / Проведено Час --:-- Вид заседание зала / резултат / Проведено Час 13:57 Вид дело Административно дело 532/2026
bfba35f3-0d2e-4f28-a718-eb81f7455e10,2026 29 април2026 Час 16:27 Вид акт Определение 1430 Час 12:26 Вид заседание зала / резултат / С Определение/Разпореждане по чл. 267 от ГПК 24 април2026 Час 13:57 Вид разпределение Избран съдия/заседател Цветко Лазаров Час --:-- Вид страна Ищец Й.С.К. Час --:-- Вид страна Ищец И.С.К. Час --:-- Вид страна Жалбоподател А.С.К. Час --:-- Вид страна Ответник ХЪС ИНВЕСТ СОФИЯ ЕООД Час --:-- Вид страна Трето лице помагач Кооперация ЦЕНТРАЛЕН КООПЕРАТИВЕН СЪЮЗ Час --:-- Вид страна Трето лице помагач С.К.В. Час --:-- Вид страна Трето лице помагач К.А.В. Час --:-- Вид страна Трето лице помагач Ц.К.Й. Час --:-- Вид страна Трето лице помагач П.С.Й. Час --:-- Вид страна Вещо лице Р.Д.П. Час --:-- Вид страна Вещо лице П.Е.Ц. Час --:-- Вид страна Вещо лице Ю.Б.Х. Час --:-- Вид страна Вещо лице И.Я.Я. Час --:-- Вид страна Вещо лице С.Б.К. Час --:-- Вид страна Адвокат Т.А.Г. Час --:-- Вид страна Адвокат Г.В.Ч. Час --:-- Вид страна Адвокат А.В.С. Час --:-- Вид страна Адвокат И.Х.К. Час --:-- Вид страна Юрисконсулт Т.К.К. Час 13:57 Вид дело Въззивно гражданско дело 1215/2026
87f881c6-8c68-495e-b14a-a5852ee9b398,"2026 05 юли2026 Час 10:41 Вид акт Решение 2529 01 юни2026 Час 09:40 Вид акт Протокол 10805 29 май2026 Час 10:40 Вид заседание зала / резултат / Обявено за решаване 29 април2026 Час --:-- Вид страна Свидетел А.Т.М.Д.Ч.З.К.С.О.Н."". Час --:-- Вид страна Свидетел Р.С.П. Час --:-- Вид страна Свидетел С.А.А. Час --:-- Вид страна Свидетел Д.П.П. 28 април2026 Час --:-- Вид страна Адвокат С.В.П. 25 април2026 Час 21:19 Вид акт Разпореждане 5436 Час 21:17 Вид заседание зала / резултат / С разпореждане за насрочване 24 април2026 Час 13:57 Вид разпределение Избран съдия/заседател ВЕЛИЗАР СТОЯНОВ КОСТАДИНОВ Час --:-- Вид страна Жалбоподател ДЕКАТЛОН БЪЛГАРИЯ ЕООД Час --:-- Вид страна Админ.наказ.орган ЗАМЕСТНИК КМЕТ НА СТОЛИЧНА ОБЩИНА НАПРАВЛЕНИЕ ""ОКОЛНА СРЕДА"" Час --:-- Вид страна Адвокат Н.Н. Час 13:57 Вид дело Административно наказателно дело 5969/2026"
0a6cac91-57a3-40c6-adff-c89992243f6b,2026 16 юли2026 Час --:-- Вид страна Адвокат И.С.С. 15 юли2026 Час 14:24 Вид акт Определение 9454 Час 14:20 Вид заседание зала / резултат / Прекратено преди насрочване/разглеждане в ЗЗ 01 юни2026 Час 14:20 Вид акт Определение 7624 Час 14:18 Вид заседание зала / резултат / С определение/разпореждане по чл. 131 ГПК/чл. 367 ГПК 22 май2026 Час 13:56 Вид акт Определение 7342 Час 13:48 Вид заседание зала / резултат / Определение по чл. 389 от ГПК 29 април2026 Час 17:12 Вид акт Разпореждане 10584 Час 17:07 Вид заседание зала / резултат / Без движение 24 април2026 Час 13:57 Вид разпределение Избран съдия/заседател Христина Колева Час --:-- Вид страна Ищец ЗУЗА и ДИМО ООД Час --:-- Вид страна Ответник ИВОН ХОТЕЛС ЕООД Час --:-- Вид страна Адвокат С.В.Л. Час 13:57 Вид дело Гражданско дело 2903/2026
bc24c194-b57a-4c6b-b55a-c5aaace3ea86,2026 06 октомври2026 Час 20:18 Вид акт Определение 540 Час 20:16 Вид заседание зала / резултат / С акт по чл. 248 от ГПК 25 септември2026 Час 09:25 Вид акт Определение 521 Час 09:22 Вид заседание зала / резултат / С акт по чл. 248 от ГПК 15 септември2026 Час 12:10 Вид акт Разпореждане 1476 Час 12:08 Вид заседание зала / резултат / С разпореждане 12 септември2026 Час 19:47 Вид акт Разпореждане 1439 Час 19:41 Вид заседание зала / резултат / С разпореждане 19 август2026 Час 12:32 Вид акт Протокол с решение от ОСЗ 247 Час 11:30 Вид заседание зала / резултат / С решение по чл. 235 ГПК от ОСЗ 15 юли2026 Час 12:25 Вид акт Протокол 198 Час 12:00 Вид заседание зала / резултат / Отложено в ОСЗ 15 юни2026 Час 11:15 Вид акт Определение 368 Час 11:13 Вид заседание зала / резултат / Насрочено за I-во заседание Час --:-- Вид страна Вещо лице В.Х.Г. Час --:-- Вид страна Юрисконсулт Д.П.Д. 12 май2026 Час --:-- Вид страна Юрисконсулт И.Н.Х.С. 27 април2026 Час 10:53 Вид акт Разпореждане 640 Час 10:49 Вид заседание зала / резултат / С определение/разпореждане по чл. 131 ГПК/чл. 367 ГПК Час 10:41 Вид акт Определение 250 Час 10:39 Вид заседание зала / резултат / С акт по чл. 83 ал.2 от ГПК 24 април2026 Час 13:57 Вид разпределение Избран съдия/заседател Борислав Методиев Методиев Час --:-- Вид страна Ищец Н.О.К. Час --:-- Вид страна Ответник НЕТКРЕДИТ ООД Час --:-- Вид страна Адвокат Л.К.Б. Час 13:57 Вид дело Гражданско дело 441/2026
195dcfe4-7595-4827-944a-26580443b75e,2026 22 май2026 Час 14:15 Вид акт Решение 130 21 май2026 Час 11:47 Вид акт Протокол 172 19 май2026 Час 10:30 Вид заседание зала / резултат / 24 април2026 Час 15:09 Вид акт Определение 349 Час 15:04 Вид заседание зала / резултат / С Определение/Разпореждане по чл. 267 от ГПК Час 13:57 Вид разпределение Избран съдия/заседател Атанас Дечков Христов Час --:-- Вид страна Жалбоподател А.А.М. Час --:-- Вид страна Въззиваема страна С.В.М. Час --:-- Вид страна Адвокат С.К.Т. Час 13:57 Вид дело Въззивно гражданско дело 214/2026
41fe1d98-d088-4095-8093-9e311fa275a6,2026 12 май2026 Час 08:57 Вид акт Разпореждане 1474 Час 08:55 Вид заседание зала / резултат / Решено с акт по същество в закрито заседание 26 април2026 Час 09:00 Вид акт Разпореждане 1365 Час 08:59 Вид заседание зала / резултат / Без движение 24 април2026 Час 13:57 Вид разпределение Избран съдия/заседател Огнян Кирилов Маладжиков Час --:-- Вид страна Заявител АГЕНЦИЯ ЗА СЪБИРАНЕ НА ВЗЕМАНИЯ ЕАД Час --:-- Вид страна Длъжник Л.Д.Г. Час --:-- Вид страна Юрисконсулт И.Н.Н. Час 13:57 Вид дело Частно гражданско дело 439/2026
cdbea1ba-07a6-494d-a579-9d1c435583eb,2026 10 септември2026 Час 15:21 Вид акт Протокол 4789 09 септември2026 Час 13:20 Вид акт Решение 600 Час 11:15 Вид заседание зала / резултат / С решение Час 09:58 Вид заседание зала / резултат / Час --:-- Вид страна Преводач К.Д.С. 16 юли2026 Час 14:52 Вид акт Протокол 4122 Час 10:15 Вид заседание зала / резултат / Отложено 06 юли2026 Час 16:20 Вид акт Протокол 3890 Час 14:00 Вид заседание зала / резултат / Отложено 17 юни2026 Час 13:45 Вид акт Протокол 3465 15 юни2026 Час 17:30 Вид Документ Вносител П.Й.А. Час 14:15 Вид заседание зала / резултат / Отложено Час --:-- Вид страна Обвинител Т.В.Т. 01 юни2026 Час 15:15 Вид акт Протокол 3085 Час 14:00 Вид заседание зала / резултат / Отложено Час --:-- Вид страна Защитник П.Й.А. 11 май2026 Час --:-- Вид страна Защитник Г.С.И. 05 май2026 Час 14:10 Вид акт Протокол 2533 Час 10:30 Вид заседание зала / резултат / Отложено Час --:-- Вид страна Обвинител Т.А.С. 28 април2026 Час 10:30 Вид акт Разпореждане 1480 Час 10:28 Вид заседание зала / резултат / С разпореждане за насрочване Час --:-- Вид страна Страна Софийска градска прокуратура 24 април2026 Час 13:58 Вид разпределение Избран съдия/заседател Мирослав Георгиев Георгиев Час --:-- Вид страна Вносител НИДЕРЛАНДИЯ Час --:-- Вид страна Заинтересована страна З.И.Т. Час 13:56 Вид дело Частно наказателно дело 2843/2026
323bd7bb-d00b-4dd4-a661-d87b5bb0686b,2026 03 юни2026 Час 16:16 Вид акт Разпореждане 715 Час 15:07 Вид заседание зала / резултат / С определение/разпореждане по чл. 131 ГПК/чл. 367 ГПК 15 май2026 Час 14:47 Вид акт Разпореждане 640 Час 10:49 Вид заседание зала / резултат / Без движение 24 април2026 Час 13:55 Вид разпределение Избран съдия/заседател Емилиан Благов Венчев Час --:-- Вид страна Ищец НД МЕНИДЖМЪНТ ООД Час --:-- Вид страна Ответник М.З.Я. Час --:-- Вид страна Адвокат К.Г.Т. Час 13:55 Вид дело Гражданско дело 367/2026
29faeee6-c81b-46c3-a15d-d130d67e8d9a,2026 24 април2026 Час 23:21 Вид акт Определение 500 Час 23:16 Вид заседание зала / резултат / Прекратено преди насрочване/разглеждане в ЗЗ Час 13:55 Вид разпределение Избран съдия/заседател Борислав Кирилов Тончев Час --:-- Вид страна Ищец В.И.В. Час --:-- Вид страна Ответник И.В.И. Час --:-- Вид страна Родител П.Б.М. Час 13:55 Вид дело Гражданско дело 1097/2026
2fa98a54-d75e-4acb-b239-670a01d62fb1,2026 30 юни2026 Час 18:01 Вид акт Решение 2666 04 юни2026 Час 14:48 Вид акт Протокол 3737 01 юни2026 Час 15:00 Вид заседание зала / резултат / С решение по чл. 235 ГПК 27 април2026 Час 14:23 Вид акт Определение 6221 Час 14:20 Вид заседание зала / резултат / Насрочено в I-во заседание БЕЗ РАЗМЯНА НА КНИЖА 24 април2026 Час 13:56 Вид разпределение Избран съдия/заседател Насуф Исмал Час --:-- Вид страна Молител ДИРЕКЦИЯ СОЦИАЛНО ПОДПОМАГАНЕ ВАРНА Час --:-- Вид страна Заинтересована страна К.Н.Ю. Час --:-- Вид страна Заинтересована страна Н.Ю.С. Час 13:55 Вид дело Гражданско дело 2902/2026
77c022c6-86f0-4937-9d9e-83c2f86a0080,2026 18 август2026 Час 15:47 Вид акт Решение 3163 08 юли2026 Час 10:04 Вид акт Протокол 14228 06 юли2026 Час 09:30 Вид заседание зала / резултат / Обявено за решаване 17 юни2026 Час 10:39 Вид акт Протокол 12414 Час --:-- Вид страна Юрисконсулт П.М.П. 16 юни2026 Час 10:15 Вид заседание зала / резултат / Отложено 18 май2026 Час --:-- Вид страна Актосъставител Т.М.Д. Час --:-- Вид страна Свидетел Д.П.П. Час --:-- Вид страна Свидетел Д.Х.С. 12 май2026 Час 10:31 Вид акт Разпореждане 6134 Час 10:28 Вид заседание зала / резултат / С разпореждане за насрочване 29 април2026 Час --:-- Вид страна Адвокат С.В.П. 24 април2026 Час 13:55 Вид разпределение Избран съдия/заседател ГЮЛЯЙ ШЕМСИДИНОВА КОКОЕВА Час --:-- Вид страна Жалбоподател ДЕКАТЛОН БЪЛГАРИЯ ЕООД Час --:-- Вид страна Админ.наказ.орган ЗАМЕСТНИК КМЕТ НА СТОЛИЧНА ОБЩИНА Час --:-- Вид страна Адвокат Н.Н. Час 13:55 Вид дело Административно наказателно дело 5968/2026
1d43b638-0a0c-476b-827d-c5ab73441423,2026 24 юни2026 Час 16:28 Вид акт Изпълнителен лист ЗП 359 23 юни2026 Час 15:47 Вид акт Заповед за изпълнение 291 Час 15:37 Вид заседание зала / резултат / Със заповед за изпълнение 01 юни2026 Час 20:13 Вид акт Разпореждане 1614 Час 20:12 Вид заседание зала / резултат / С разпореждане 20 май2026 Час 16:30 Вид акт Разпореждане 1555 Час 16:28 Вид заседание зала / резултат / Без движение 07 май2026 Час 19:11 Вид акт Разпореждане 1463 Час 18:12 Вид заседание зала / резултат / Решено с акт по същество в закрито заседание 27 април2026 Час 17:01 Вид акт Разпореждане 1388 Час 16:58 Вид заседание зала / резултат / Без движение 24 април2026 Час 13:55 Вид разпределение Избран съдия/заседател Георги Манолов Георгиев Час --:-- Вид страна Заявител ТИ БИ АЙ Банк ЕАД Час --:-- Вид страна Длъжник А.З.А. Час --:-- Вид страна Юрисконсулт М.Г.Н. Час 13:55 Вид дело Частно гражданско дело 438/2026
e4e71b14-3d03-4f95-9776-717c245b3e23,2026 24 април2026 Час 16:53 Вид акт Заповед за изпълнение 3668 Час 16:53 Вид акт Разпореждане 12318 Час 16:33 Вид заседание зала / резултат / Решено с акт по същество в закрито заседание Час 13:55 Вид разпределение Избран съдия/заседател НЕДА НЕДЕЛЧЕВА ТАБАНДЖОВА ЗАРКОВА Час --:-- Вид страна Заявител АПС БЕТА БЪЛГАРИЯ ЕООД Час --:-- Вид страна Друго П.В. Час --:-- Вид страна Друго Х.М. Час --:-- Вид страна Длъжник Ц.И.М. Час --:-- Вид страна Юрисконсулт Б.Д.Т. Час 13:55 Вид дело Частно гражданско дело 4500/2026
5c0a8e4b-b666-430e-ada4-df8c5054fdf7,2026 16 юли2026 Час 15:49 Вид акт Разпореждане 6716 Час 15:37 Вид заседание зала / резултат / С разпореждане 26 април2026 Час 12:53 Вид акт Изпълнителен лист ЗП 747 Час 12:52 Вид акт Заповед за изпълнение 1488 Час 12:48 Вид заседание зала / резултат / Със заповед за изпълнение 24 април2026 Час 13:55 Вид разпределение Избран съдия/заседател Соня Тодорова Дженкова Час --:-- Вид страна Заявител Банка ДСК АД Час --:-- Вид страна Длъжник Ш.Я.А. Час --:-- Вид страна Длъжник Г.М.Щ. Час --:-- Вид страна Пълномощник Б.Р.Н. Час 13:55 Вид дело Частно гражданско дело 2056/2026
72287406-4e16-4e42-9a7f-450209861492,"2026 27 април2026 Час 12:36 Вид акт Определение 4854 Час 12:36 Вид акт Определение 4854 Час --:-- Вид заседание зала / резултат / Проведено Час --:-- Вид заседание зала / резултат / Проведено 24 април2026 Час 15:24 Вид акт Разпореждане 4829 Час 13:59 Вид разпределение Избран съдия/заседател Дарина Матеева Час --:-- Вид страна Жалбоподател Д.С.Х. Час --:-- Вид страна Ответник Инспектор Александър Данев РУ 04 Пловдив,ОДМВР Пловдив Час --:-- Вид заседание зала / резултат / Проведено Час 13:54 Вид дело Частно административно дело 1203/2026"
cc4f5494-8eb3-4591-98cb-8530991ce91f,2026 20 юли2026 Час 12:48 Вид акт Изпълнителен лист 75 30 април2026 Час 11:59 Вид акт Протоколно определение 182 Час 10:30 Вид заседание зала / резултат / Със споразумение Час --:-- Вид страна Обвинител И.Т.И. 28 април2026 Час --:-- Вид страна Защитник И.М.М. Час --:-- Вид страна Защитник Л.С.Д. 27 април2026 Час 16:54 Вид акт Разпореждане 256 Час 16:49 Вид заседание зала / резултат / С разпореждане за насрочване 24 април2026 Час 14:42 Вид разпределение Избран съдия/заседател Стефан Марков Стойков Час --:-- Вид страна Вносител Районна прокуратура - Костинброд Час --:-- Вид страна Обвиняем Д.Б.А. Час 13:54 Вид дело Наказателно дело от общ характер 115/2026
0d14e473-3adc-48c3-b1a6-bd6c7c69884d,2026 25 ноември2026 Час 10:15 Вид заседание зала / резултат / 01 октомври2026 Час 11:39 Вид акт Протокол 3227 23 септември2026 Час 10:15 Вид заседание зала / резултат / Отложено 22 юли2026 Час 14:30 Вид заседание зала / резултат / Пренасрочено 17 юли2026 Час 12:49 Вид акт Разпореждане 2625 Час 12:47 Вид заседание зала / резултат / С разпореждане 24 юни2026 Час --:-- Вид страна Защитник П.Г.М. 19 юни2026 Час 14:47 Вид акт Разпореждане 2252 Час 14:40 Вид заседание зала / резултат / С разпореждане за насрочване 26 май2026 Час 15:26 Вид разпределение Избран съдия/заседател Анита Христова Велева Час 10:28 Вид акт Протокол 1682 Час --:-- Вид страна Повереник Ц.В.К. 18 май2026 Час 15:33 Вид акт Определение 1081 Час 14:00 Вид заседание зала / резултат / С определение за отвод 27 април2026 Час 16:48 Вид акт Разпореждане 1533 Час 16:45 Вид заседание зала / резултат / С разпореждане за насрочване 24 април2026 Час 13:54 Вид разпределение Избран съдия/заседател АНДОН ВЪЛКОВ ВЪЛКОВ Час --:-- Вид страна Тъжител И.Й.Н. Час --:-- Вид страна Тъжител Р.М.Н. Час --:-- Вид страна Тъжител М.И.Н. Час --:-- Вид страна Подсъдим С.Х.Б. Час 13:54 Вид дело Наказателно от частен характер дело 1465/2026
ed6d2405-e6cb-4d88-a742-5c3915223132,2026 04 ноември2026 Час 10:30 Вид заседание зала / резултат / 03 август2026 Час --:-- Вид страна Свидетел В.Й.З. Час --:-- Вид страна Вещо лице П.Е.П. Час --:-- Вид страна Вещо лице Е.И.Д. Час --:-- Вид страна Вещо лице Е.Ж.Б. Час --:-- Вид страна Адвокат Н.С.К. 01 август2026 Час 22:07 Вид акт Определение 707 Час 22:02 Вид заседание зала / резултат / Насрочено за I-во заседание 15 май2026 Час 16:22 Вид акт Разпореждане 352 Час 16:17 Вид заседание зала / резултат / С определение/разпореждане по чл. 131 ГПК/чл. 367 ГПК 27 април2026 Час 18:25 Вид акт Разпореждане 308 Час 18:23 Вид заседание зала / резултат / Без движение 24 април2026 Час 13:54 Вид разпределение Избран съдия/заседател Теодора Енчева Димитрова Час --:-- Вид страна Ищец О.Ш.М. Час --:-- Вид страна Ответник Застрахователно акционерно дружество ДаллБогг: Живот и Здраве АД Час --:-- Вид страна Адвокат С.Е.С. Час 13:54 Вид дело Гражданско дело 213/2026
1ab1c0ed-8fa3-4eef-8091-8196160766d1,2026 24 април2026 Час 14:33 Вид акт Разпореждане 290 Час 14:07 Вид заседание зала / резултат / Решено с акт по същество в закрито заседание Час 13:54 Вид разпределение Избран съдия/заседател Илия Олегов Милев Час --:-- Вид страна Наследодател А.М.О. Час --:-- Вид страна Наследник А.А.И. Час 13:54 Вид дело Частно гражданско дело 300/2026
f7a8f6af-b9fc-4b22-8e9f-90f78008b6da,"2026 27 април2026 Час 19:22 Вид акт Разпореждане 545 Час 19:12 Вид заседание зала / резултат / С разпореждане Час 15:10 Вид акт Протокол 554 24 април2026 Час 15:21 Вид акт Определение 312 Час 15:00 Вид заседание зала / резултат Зала 1 / С определение, приключващо делото Час 14:03 Вид акт Разпореждане 535 Час 14:00 Вид заседание зала / резултат / С разпореждане за насрочване Час 13:54 Вид разпределение Избран съдия/заседател Невена Иванова Несторова Час --:-- Вид страна Вносител Районна прокуратура - Ямбол Час --:-- Вид страна Обвинител Я.Д. Час --:-- Вид страна Обвиняем В.Р.Р. Час --:-- Вид страна Адвокат Д.А.Н. Час 13:54 Вид дело Частно наказателно дело 395/2026"
575aa2d2-ddd7-468a-8448-8797ea546e19,"2026 28 април2026 Час 17:23 Вид акт Определение 144 Час 17:21 Вид заседание зала / резултат / С определение, приключващо делото 24 април2026 Час 13:54 Вид разпределение Избран съдия/заседател ЙОРДАНКА ХРИСТОВА ВУТОВА Час --:-- Вид страна Жалбоподател Н.Д.Щ. Час --:-- Вид страна Страна Районна прокуратура - Ловеч Час 13:54 Вид дело Частно наказателно дело 363/2026"
c4e48328-9334-419e-802a-f3ec78cf7c70,"2026 20 юли2026 Час 13:10 Вид акт Решение 2767 30 юни2026 Час 13:04 Вид акт Протокол 13591 Час 10:00 Вид заседание зала / резултат / Обявено за решаване 15 юни2026 Час 15:49 Вид акт Протокол 12253 Час 15:40 Вид акт Протокол 12244 09 юни2026 Час 10:30 Вид заседание зала / резултат / Отложено 29 април2026 Час --:-- Вид страна Свидетел Т.П.И. Час --:-- Вид страна Свидетел Д.Р.Г.С.Г. 28 април2026 Час 15:55 Вид акт Разпореждане 5573 Час 15:53 Вид заседание зала / резултат / С разпореждане за насрочване 24 април2026 Час 13:54 Вид разпределение Избран съдия/заседател МАРИЯ ХРИСТОВА ШОЙЛЕКОВА МАРИНОВА Час --:-- Вид страна Жалбоподател Амбулатория за индивидуална практика за специализирана извънболнична помощ по вътрешни болести и кардиология “Градска кардиология“ ЕООД Час --:-- Вид страна Админ.наказ.орган ИЗП. ДИРЕКТОР НА ИЗПЪЛНИТЕЛНА АГЕНЦИЯ ""МЕДИЦИНСКИ НАДЗОР"" /ИАМН/- ГР. СОФИЯ Час --:-- Вид страна Представител М.М.М. Час --:-- Вид страна Адвокат С.В.П. Час 13:54 Вид дело Административно наказателно дело 5967/2026"
34b5aae2-4be9-40c3-ac44-0e6909309392,2026 24 април2026 Час 14:35 Вид акт Разпореждане 291 Час 14:02 Вид заседание зала / резултат / Решено с акт по същество в закрито заседание Час 13:54 Вид разпределение Избран съдия/заседател Илия Олегов Милев Час --:-- Вид страна Наследодател А.М.О. Час --:-- Вид страна Наследник И.Ш.А. Час 13:54 Вид дело Частно гражданско дело 299/2026
f343495e-5223-4995-b82a-00ff4c33e965,2026 11 май2026 Час 20:12 Вид акт Разпореждане 3383 Час 20:10 Вид заседание зала / резултат / Решено с акт по същество в закрито заседание 27 април2026 Час 15:44 Вид акт Разпореждане 3027 Час 15:42 Вид заседание зала / резултат / Без движение 24 април2026 Час 13:54 Вид разпределение Избран съдия/заседател Тихомир Руменов Рачев Час --:-- Вид страна Заявител Агенция за събиране на вземания ЕАД Час --:-- Вид страна Длъжник Т.В.Л. Час --:-- Вид страна Юрисконсулт И.Н.Н. Час 13:54 Вид дело Частно гражданско дело 1602/2026
1c3b1f4d-4d7b-4a4c-a47e-1b43e6b54c1a,2026 24 април2026 Час 14:07 Вид акт Заповед за изпълнение 1563 Час 14:05 Вид заседание зала / резултат / Със заповед за изпълнение Час 13:54 Вид разпределение Избран съдия/заседател Людмила Василева Стойнева Час --:-- Вид страна Заявител А1 България ЕАД Час --:-- Вид страна Длъжник А.К.А. Час --:-- Вид страна Представител М.М.К. Час 13:54 Вид дело Частно гражданско дело 1890/2026
ce48ea8d-2c6a-4470-9251-e91562002fba,2026 29 април2026 Час 13:07 Вид акт Определение 301 Час 13:03 Вид заседание зала / резултат / Прекратено преди насрочване/разглеждане в ЗЗ 27 април2026 Час 14:34 Вид акт Разпореждане 880 Час 14:32 Вид заседание зала / резултат / Без движение 24 април2026 Час 13:54 Вид разпределение Избран съдия/заседател КАТЯ БОЖИДАРОВА АНГЕЛОВА-ПЕТРОВА Час --:-- Вид страна Ищец И.И.Р. Час --:-- Вид страна Ответник Р.П.Н. Час --:-- Вид страна Адвокат Е.А.Ч. Час 13:54 Вид дело Гражданско дело 798/2026
28359175-a540-40d4-8ed3-c87bfddc81aa,2026 30 юли2026 Час 10:13 Вид акт Разпореждане 3318 Час 10:13 Вид акт Изпълнителен лист ЗП 513 Час 08:56 Вид заседание зала / резултат / С разпореждане 19 юни2026 Час 10:59 Вид акт Разпореждане 2474 Час 10:48 Вид заседание зала / резултат / С разпореждане 18 юни2026 Час 09:58 Вид акт Разпореждане 2452 17 юни2026 Час 15:55 Вид заседание зала / резултат / С разпореждане 27 април2026 Час 10:13 Вид акт Заповед за изпълнение 390 24 април2026 Час 15:26 Вид заседание зала / резултат / Със заповед за изпълнение Час 13:54 Вид разпределение Избран съдия/заседател НИКОЛАЙ БОРИСОВ БОРИСОВ Час --:-- Вид страна Заявител ЕОС МАТРИКС ЕАД Час --:-- Вид страна Длъжник Ж.С.К. Час --:-- Вид страна Адвокат Ж.Д.Д. Час 13:54 Вид дело Частно гражданско дело 789/2026
3677725a-0f17-4f92-909f-73cf09da5edc,2026 18 септември2026 Час 11:13 Вид акт Разпореждане 1666 Час 11:12 Вид акт Разпореждане 1665 Час 11:11 Вид заседание зала / резултат / С определение/разпореждане по чл. 131 ГПК/чл. 367 ГПК Час 11:08 Вид заседание зала / резултат / С разпореждане Час 11:07 Вид заседание зала / резултат / С разпореждане 01 септември2026 Час 13:25 Вид заседание зала / резултат / Със заповед за изпълнение 03 август2026 Час 11:30 Вид акт Разпореждане 1362 Час 11:24 Вид заседание зала / резултат / Без движение Час 11:24 Вид акт Определение 378 Час 11:21 Вид заседание зала / резултат / Определение по чл. 389 от ГПК 25 юни2026 Час 11:37 Вид акт Разпореждане 1160 Час 11:35 Вид заседание зала / резултат / С разпореждане 26 май2026 Час 11:12 Вид акт Разпореждане 908 Час 11:11 Вид заседание зала / резултат / Без движение 27 април2026 Час 13:10 Вид акт Разпореждане 711 Час 13:01 Вид заседание зала / резултат / Без движение 24 април2026 Час 14:41 Вид разпределение Избран съдия/заседател Светослав Николаев Николов Час --:-- Вид страна Ищец В.П.Н. Час --:-- Вид страна Ответник К.Б.П. Час --:-- Вид страна Адвокат А.Д.М. Час 13:54 Вид дело Гражданско дело 193/2026
0f3630f2-bcc5-449e-bd06-67db2a1011d4,2026 24 април2026 Час 14:32 Вид акт Разпореждане 289 Час 14:10 Вид заседание зала / резултат / Решено с акт по същество в закрито заседание Час 13:53 Вид разпределение Избран съдия/заседател Илия Олегов Милев Час --:-- Вид страна Наследодател А.М.О. Час --:-- Вид страна Наследник З.Е.М. Час 13:53 Вид дело Частно гражданско дело 298/2026
a8ad6f22-df05-414c-92a9-a1607df4cec1,2026 20 май2026 Час 15:23 Вид акт Определение 281 Час 14:06 Вид заседание зала / резултат / Решено с акт по същество в закрито заседание 27 април2026 Час --:-- Вид страна Адвокат К.И.Б. 24 април2026 Час 13:54 Вид разпределение Избран съдия/заседател Аделина Тушева Час 13:53 Вид разпределение Избран съдия/заседател Албена Миронова Час 13:53 Вид разпределение Избран съдия/заседател Елизабета Кралева Час --:-- Вид страна Жалбоподател АГЕНЦИЯ ЗА КОНТРОЛ НА ПРОСРОЧЕНИ ЗАДЪЛЖЕНИЯ АД Час --:-- Вид страна Въззиваема страна Ц.Ц.Д. Час --:-- Вид страна Адвокат В.Ф.С. Час --:-- Вид страна Юрисконсулт Н.А.Т. Час 13:53 Вид дело Въззивно частно гражданско дело 166/2026
967d346e-1e36-415b-b61d-a394daca504c,2026 03 юли2026 Час 11:16 Вид акт Решение 243 09 юни2026 Час 16:51 Вид акт Протоколно определение 330 Час 12:08 Вид Документ Вносител Ц.С.Г. Час 10:00 Вид заседание зала / резултат / С решение по чл. 235 ГПК 27 април2026 Час 09:58 Вид акт Определение 193 Час 09:48 Вид заседание зала / резултат / Насрочено в I-во заседание БЕЗ РАЗМЯНА НА КНИЖА 24 април2026 Час 14:37 Вид разпределение Избран съдия/заседател Аксиния Борисова Атанасова Час --:-- Вид страна Молител К.Й.Б. Час --:-- Вид страна Молител В.В.Б. Час --:-- Вид страна Адвокат Ц.С.Г. Час 13:53 Вид дело Гражданско дело 192/2026
2906d693-c6b5-4d70-bd28-a19d072051cb,2026 24 април2026 Час 14:30 Вид акт Разпореждане 288 Час 14:13 Вид заседание зала / резултат / Решено с акт по същество в закрито заседание Час 13:53 Вид разпределение Избран съдия/заседател Илия Олегов Милев Час --:-- Вид страна Наследодател А.М.О. Час --:-- Вид страна Наследник А.И.М. Час 13:53 Вид дело Частно гражданско дело 297/2026
3e6dd5e5-a888-45ce-8131-28aa7e3a5d34,2026 07 май2026 Час 12:52 Вид акт Определение 2097 Час 12:50 Вид заседание зала / резултат / Прекратено производство 24 април2026 Час 13:53 Вид разпределение Избран съдия/заседател ЛОРА МИТКОВА МИТАНКИНА Час --:-- Вид страна Жалбоподател С.В.Н. Час --:-- Вид страна Админ.наказ.орган НАЧАЛНИК ГРУПА В СДВР ОТДЕЛ ПЪТНА ПОЛИЦИЯ Час 13:53 Вид дело Административно наказателно дело 5966/2026
b98be651-86f6-441a-884f-966c67100b07,2026 10 юни2026 Час 10:11 Вид акт Разпореждане 719 Час 10:09 Вид заседание зала / резултат / С определение/разпореждане по чл. 131 ГПК/чл. 367 ГПК 08 май2026 Час 13:46 Вид акт Разпореждане 558 Час 13:42 Вид заседание зала / резултат / Без движение 24 април2026 Час 13:53 Вид разпределение Избран съдия/заседател Пенка Петкова Петрова Час --:-- Вид страна Ищец Д.В.Д. Час --:-- Вид страна Ответник ТИ БИ АЙ Банк ЕАД Час --:-- Вид страна Адвокат Ж.Д.Д. Час 13:53 Вид дело Гражданско дело 524/2026
f067580d-f485-4394-8af1-fb62a2b5571d,2026 24 април2026 Час 14:28 Вид акт Разпореждане 287 Час 14:15 Вид заседание зала / резултат / Решено с акт по същество в закрито заседание Час 13:53 Вид разпределение Избран съдия/заседател Илия Олегов Милев Час --:-- Вид страна Наследодател А.М.О. Час --:-- Вид страна Наследник А.М.С. Час 13:52 Вид дело Частно гражданско дело 296/2026
8372e468-f06c-4e83-a84a-6226c4410417,2026 04 ноември2026 Час 10:00 Вид заседание зала / резултат / 16 септември2026 Час 16:09 Вид акт Протокол 1242 Час 14:15 Вид заседание зала / резултат / Отложено Час --:-- Вид страна Свидетел Р.М.А. Час --:-- Вид страна Свидетел Е.М.Л. Час --:-- Вид страна Свидетел Я.И.Д. Час --:-- Вид страна Свидетел А.А.Д. 11 юни2026 Час 16:48 Вид акт Протокол 873 10 юни2026 Час 15:00 Вид заседание зала / резултат / Отложено Час --:-- Вид страна Обвинител К.И.Ч. 30 април2026 Час --:-- Вид страна Пострадал Х.А.Д. 28 април2026 Час 12:34 Вид акт Разпореждане 283 Час 10:25 Вид заседание зала / резултат / С разпореждане 24 април2026 Час 13:52 Вид разпределение Избран съдия/заседател Давид Любенов Сукалински Час --:-- Вид страна Обвинител ТО-Разлог към РП-Благоевград Час --:-- Вид страна Подсъдим А.Я.Д. Час 13:52 Вид дело Наказателно дело от общ характер 217/2026
0b5d35d4-b1b8-4888-a14b-7bfb082bea24,2026 01 октомври2026 Час 13:02 Вид акт Определение 12403 Час 12:58 Вид заседание зала / резултат / С определение Час --:-- Вид страна Особен представител Х.Д.Ш. 15 септември2026 Час 15:03 Вид акт Разпореждане 22121 Час 15:00 Вид заседание зала / резултат / Без движение 11 септември2026 Час --:-- Вид страна Друго Адвокатска колегия - Варна 10 септември2026 Час 15:15 Вид акт Разпореждане 21833 Час 15:13 Вид заседание зала / резултат / С разпореждане 19 август2026 Час 12:06 Вид акт Разпореждане 20222 Час 12:04 Вид заседание зала / резултат / С разпореждане 29 юли2026 Час 14:55 Вид заседание зала / резултат / С разпореждане 23 юли2026 Час 16:35 Вид акт Разпореждане 17967 Час 16:33 Вид заседание зала / резултат / С разпореждане 04 юни2026 Час --:-- Вид страна Ответник Д.Д.З. 03 юни2026 Час 10:25 Вид акт Разпореждане 13388 Час 10:21 Вид заседание зала / резултат / С определение/разпореждане по чл. 131 ГПК/чл. 367 ГПК 27 април2026 Час 15:00 Вид акт Разпореждане 10268 Час 14:58 Вид заседание зала / резултат / Без движение 24 април2026 Час 13:53 Вид разпределение Избран съдия/заседател Румяна Христова Час --:-- Вид страна Ищец ЕТАЖНА СОБСТВЕНОСТ Ж.К.МЛАДОСТ БЛОК 119 Час --:-- Вид страна Адвокат М.П.К. Час 13:52 Вид дело Гражданско дело 2901/2026
56123f27-d435-4ee8-a5c1-0b7ec58090c6,2026 28 май2026 Час 13:47 Вид акт Разпореждане 499 Час 13:45 Вид заседание зала / резултат / С разпореждане 24 май2026 Час 10:42 Вид акт Решение 108 22 май2026 Час 13:58 Вид Документ Вносител П.В.В. Час 13:57 Вид Документ Вносител П.В.В. Час 13:57 Вид Документ Вносител П.В.В. Час 12:45 Вид акт Протокол 340 20 май2026 Час 16:27 Вид акт Разпореждане 479 Час 16:25 Вид заседание зала / резултат / С разпореждане Час 13:00 Вид заседание зала / резултат / С решение и мотиви Час --:-- Вид страна Адвокат П.В.В. 14 май2026 Час 11:33 Вид акт Разпореждане 468 Час 11:30 Вид заседание зала / резултат / С разпореждане Час --:-- Вид страна Юрисконсулт С.Ю.Г. 13 май2026 Час 16:25 Вид акт Разпореждане 462 Час 16:20 Вид заседание зала / резултат / С разпореждане 08 май2026 Час 10:29 Вид акт Определение 93 Час 10:25 Вид заседание зала / резултат / С определение 07 май2026 Час 15:15 Вид акт Разпореждане 437 Час 15:13 Вид заседание зала / резултат / С разпореждане 05 май2026 Час 11:27 Вид акт Разпореждане 422 Час 11:25 Вид заседание зала / резултат / С разпореждане Час 10:28 Вид акт Разпореждане 421 Час 10:25 Вид заседание зала / резултат / С разпореждане 28 април2026 Час 12:36 Вид акт Разпореждане 401 Час 12:29 Вид заседание зала / резултат / С разпореждане 27 април2026 Час --:-- Вид страна Актосъставител П.Т.П. Час --:-- Вид страна Свидетел Н.Б.Л. 24 април2026 Час 17:37 Вид акт Определение 86 Час 17:34 Вид заседание зала / резултат / С определение за насрочване Час 13:52 Вид разпределение Избран съдия/заседател Димитър Георгиев Цончев Час --:-- Вид страна Жалбоподател Е.Е.Р. Час --:-- Вид страна Админ.наказ.орган Н-к отдел Контрол и правоприлагане в НТУ към АПИ Час --:-- Вид страна Адвокат Й.К.Л. Час 13:52 Вид дело Административно наказателно дело 246/2026
9dacb98b-d706-4bc5-9b74-9ec54c95639f,2026 07 август2026 Час 21:24 Вид акт Решение 270 15 юни2026 Час 15:27 Вид акт Протокол 641 Час 13:40 Вид заседание зала / резултат Зала 104 / Обявено за решаване 24 април2026 Час 17:12 Вид акт Разпореждане 403 Час 17:10 Вид заседание зала / резултат / С разпореждане Час 13:52 Вид разпределение Избран съдия/заседател ЙОРДАНКА ХРИСТОВА ВУТОВА Час --:-- Вид страна Жалбоподател Г.О.Г. Час --:-- Вид страна Страна ОДМВР - Ловеч Час --:-- Вид страна Адвокат Р.Р. Час 13:52 Вид дело Административно наказателно дело 362/2026
84090c2b-7e0e-438a-9aca-871f0ae251fa,2026 02 юни2026 Час 10:38 Вид акт Разпореждане 7088 Час 10:37 Вид заседание зала / резултат / С разпореждане 24 април2026 Час 13:52 Вид разпределение Избран съдия/заседател СТАНИМИР БОРИСОВ МИРОВ Час --:-- Вид страна Жалбоподател С.В.Н. Час --:-- Вид страна Админ.наказ.орган НАЧАЛНИК ГРУПА В СДВР ОТДЕЛ ПЪТНА ПОЛИЦИЯ Час 13:52 Вид дело Административно наказателно дело 5965/2026
bb342d0c-d5ad-4f5c-8884-d2aa3ecebcc7,"2026 21 май2026 Час 14:32 Вид акт Определение 458 Час 13:45 Вид заседание зала / резултат / Решено с акт по същество в закрито заседание 24 април2026 Час 13:52 Вид разпределение Избран съдия/заседател Ралица Иванова Хаджииванова Час --:-- Вид страна Жалбоподател Вход мениджър ЕООД Час --:-- Вид страна Въззиваема страна ЕТАЖНА СОБСТВЕНОСТ, НАХОДЯЩА СЕ В: гр. Перник, Изток, ул. Лом, бл. 16, вх. А Час --:-- Вид страна Адвокат Д.В.В. Час 13:52 Вид дело Въззивно частно гражданско дело 212/2026"
886b9e13-ae8b-497e-9098-405b77e62747,"2026 24 април2026 Час 14:28 Вид акт Определение 271 Час 14:21 Вид заседание зала / резултат / С определение, приключващо делото Час 13:52 Вид разпределение Избран съдия/заседател Милена Савова Рибчева Дочева Час --:-- Вид страна Вносител Окръжна прокуратура - Стара Загора Час 13:52 Вид дело Частно наказателно дело 472/2026"
bb4c549d-a01f-4458-8a3a-67fdca4c4663,2026 24 април2026 Час 14:25 Вид акт Определение 224 Час 14:23 Вид заседание зала / резултат / Решено с акт по същество в закрито заседание Час 13:52 Вид разпределение Избран съдия/заседател Велина Иванова Ангелова Час --:-- Вид страна Наследодател А.Д.П. Час --:-- Вид страна Наследник Д.А.П. Час 13:52 Вид дело Частно гражданско дело 453/2026
5c75ba9c-5220-46f6-bbae-bdb1e2fe2918,"2026 19 юни2026 Час 14:38 Вид акт Решение 24856 12 юни2026 Час 10:00 Вид заседание зала / резултат / Обявено за решаване 13 май2026 Час 10:41 Вид акт Определение 18084 Час --:-- Вид заседание зала / резултат / Проведено 11 май2026 Час 17:20 Вид акт Разпореждане 17802 Час --:-- Вид заседание зала / резултат / Проведено 24 април2026 Час 13:52 Вид разпределение Избран съдия/заседател Елена Попова Час --:-- Вид страна Друго СОФИЙСКА РАЙОННА ПРОКУРАТУРА Час --:-- Вид страна Ответник НАЧАЛНИК-ГРУПА В СДВР – ОТДЕЛ „ПЪТНА ПОЛИЦИЯ“, Час --:-- Вид страна Заинтересована страна Р.Т.С. Час 13:52 Вид дело Касационно административно наказателно дело 4823/2026"
a3a491d3-4dcc-47e4-a4f3-56d30264c7ca,2026 08 октомври2026 Час 13:20 Вид заседание зала / резултат / 02 юни2026 Час 12:54 Вид акт Протокол 10972 28 май2026 Час 13:20 Вид заседание зала / резултат / Отложено 04 май2026 Час --:-- Вид страна Свидетел С.Г.П. Час --:-- Вид страна Свидетел С.В.С. 30 април2026 Час 16:50 Вид акт Разпореждане 5732 Час 16:48 Вид заседание зала / резултат / С разпореждане за насрочване 29 април2026 Час --:-- Вид страна Адвокат С.В.П. 24 април2026 Час 13:53 Вид разпределение Избран съдия/заседател НАТАЛИ ПЛАМЕНОВА ГЕНАДИЕВА Час --:-- Вид страна Жалбоподател ТОПЛОФИКАЦИЯ СОФИЯ ЕАД Час --:-- Вид страна Админ.наказ.орган ЗАМЕСТНИК КМЕТ НА СТОЛИЧНА ОБЩИНА Час --:-- Вид страна Адвокат Д.Т. Час 13:51 Вид дело Административно наказателно дело 5964/2026
7b11ae42-9d10-4411-bd14-17c9c4b325d3,2026 27 май2026 Час 13:05 Вид акт Споразумение 48 Час 13:05 Вид акт Протокол 175 Час 10:30 Вид заседание зала / резултат Зала №1 Етаж 1 / Със споразумение 26 май2026 Час --:-- Вид страна Обвинител Г.В.П. 22 май2026 Час 14:21 Вид акт Разпореждане 335 Час 14:19 Вид заседание зала / резултат / С разпореждане 29 април2026 Час 11:30 Вид заседание зала / резултат Зала №2 Етаж 1 / Пренасрочено 27 април2026 Час --:-- Вид страна Адвокат Г.Н.П. 24 април2026 Час 15:51 Вид акт Разпореждане 281 Час 15:49 Вид заседание зала / резултат / С разпореждане за насрочване Час 13:51 Вид разпределение Избран съдия/заседател Вяра Атанасова Атанасова Час --:-- Вид страна Вносител ТО-Мездра към РП-Враца Час --:-- Вид страна Обвиняем И.М.Ц. Час 13:51 Вид дело Административно наказателно дело 139/2026
8eecd436-acc0-4921-b03a-bb99d09c5b42,"2026 24 април2026 Час 15:01 Вид акт Определение 272 Час 14:50 Вид заседание зала / резултат / С определение, приключващо делото Час 13:51 Вид разпределение Избран съдия/заседател Милена Савова Рибчева Дочева Час --:-- Вид страна Вносител Окръжна прокуратура - Стара Загора Час 13:51 Вид дело Частно наказателно дело 471/2026"
501190ca-e1a3-4b14-ba4d-e99dd48c181c,2026 30 април2026 Час 13:53 Вид Документ Вносител С.Й.Г. Час 13:50 Вид акт Споразумение 66 Час 13:15 Вид заседание зала / резултат Зала 104 / Със споразумение Час --:-- Вид страна Обвинител Б.С.В. Час --:-- Вид страна Адвокат С.Й.Г. 27 април2026 Час 13:53 Вид акт Разпореждане 412 Час 13:49 Вид заседание зала / резултат / С разпореждане за насрочване 24 април2026 Час 13:51 Вид разпределение Избран съдия/заседател Христо Руменов Митев Час --:-- Вид страна Вносител Районна прокуратура - Ловеч Час --:-- Вид страна Подсъдим В.С.Н. Час --:-- Вид страна Адвокат Д.С.Г. Час 13:51 Вид дело Наказателно дело от общ характер 361/2026
923c860a-c1fb-4ede-8433-169899ba6912,2026 16 юни2026 Час 10:44 Вид акт Протокол 188 15 юни2026 Час 10:30 Вид заседание зала / резултат / Обявено за решаване 27 май2026 Час --:-- Вид страна Представител Б.Д.Т. 14 май2026 Час 13:32 Вид акт Разпореждане 212 Час 13:26 Вид заседание зала / резултат / С разпореждане 05 май2026 Час 09:37 Вид акт Определение 243 Час --:-- Вид страна Друго Ж.Л.К. 04 май2026 Час 16:09 Вид заседание зала / резултат / С Определение/Разпореждане по чл. 267 от ГПК 24 април2026 Час 13:52 Вид разпределение Избран съдия/заседател Таня Живкова Час 13:52 Вид разпределение Избран съдия/заседател Аделина Троева Час 13:51 Вид разпределение Избран съдия/заседател Албена Миронова Час --:-- Вид страна Жалбоподател АПС БЕТА България ЕООД Час --:-- Вид страна Въззиваема страна И.С.Г. Час --:-- Вид страна Особен представител Д.Г.Ц. Час --:-- Вид страна Юрисконсулт К.Д.Х. Час 13:51 Вид дело Въззивно гражданско дело 165/2026
437034b2-9001-4b45-befa-987ac981c764,2026 12 ноември2026 Час 15:30 Вид заседание зала / резултат / 24 септември2026 Час --:-- Вид страна Вещо лице Д.Х.Х. 23 септември2026 Час 11:16 Вид акт Определение 4524 Час 11:09 Вид заседание зала / резултат / С определение 10 септември2026 Час --:-- Вид страна Вещо лице С.П.П. 08 септември2026 Час 15:28 Вид акт Определение 4270 Час 15:18 Вид заседание зала / резултат / Насрочено за I-во заседание 04 септември2026 Час 13:34 Вид акт Определение 4236 03 септември2026 Час 15:32 Вид акт Протокол 2961 Час 13:40 Вид заседание зала / резултат / За постановяване на акт 13 август2026 Час --:-- Вид страна Пастир Дирекция Социално подпомагане гр.Бургас 12 август2026 Час 16:01 Вид акт Определение 3974 Час 15:56 Вид заседание зала / резултат / С определение за насрочване 14 юли2026 Час 10:51 Вид акт Разпореждане 6562 Час 10:48 Вид заседание зала / резултат / С разпореждане 24 юни2026 Час --:-- Вид страна Адвокат М.П.Г. 23 юни2026 Час 10:11 Вид акт Разпореждане 5924 Час 10:07 Вид заседание зала / резултат / Без движение 07 май2026 Час 09:16 Вид акт Разпореждане 4451 Час 09:09 Вид заседание зала / резултат / С определение/разпореждане по чл. 131 ГПК/чл. 367 ГПК 27 април2026 Час 13:38 Вид акт Разпореждане 4124 Час 13:22 Вид заседание зала / резултат / Без движение 24 април2026 Час 13:51 Вид разпределение Избран съдия/заседател ИВАН ГЕОРГИЕВ ДЕЧЕВ Час --:-- Вид страна Ищец Д.Г.А. Час --:-- Вид страна Молител К.К.П. Час --:-- Вид страна Ответник К.Е.П. Час --:-- Вид страна Адвокат Н.Г.Ч. Час 13:51 Вид дело Гражданско дело 1713/2026
b22a7fb4-c3aa-4165-8e14-422a34278451,2026 24 април2026 Час 13:51 Вид разпределение Избран съдия/заседател Анелия Щерева Час --:-- Вид страна Жалбоподател-подсъдим И.П.Д. Час 13:51 Вид дело Въззивно административно наказателно дело 2842/2026
0e8cbf7e-f948-4758-952c-8b8d9a8d5933,2026 08 май2026 Час 15:26 Вид акт Определение 305 Час 13:16 Вид заседание зала / резултат / Решено с акт по същество в закрито заседание 24 април2026 Час 13:51 Вид разпределение Избран съдия/заседател Снежана Бакалова Час --:-- Вид страна Молител Е.И.К.Е. Час --:-- Вид страна Жалбоподател ОБЩИНА ЧИРПАН Час --:-- Вид страна Ответник ГЕОДОЖ ЕООД Час --:-- Вид страна Страна А.Е.Х. Час --:-- Вид страна Адвокат В.К.Ц. Час 13:51 Вид дело Въззивно частно търговско дело 260/2026
c8f24d2d-26b8-4ea1-ac11-d2d8795e220c,2026 03 юни2026 Час 23:02 Вид акт Разпореждане 2215 Час 23:00 Вид заседание зала / резултат / С разпореждане 28 май2026 Час 14:28 Вид акт Разпореждане 2062 Час 14:01 Вид заседание зала / резултат / С разпореждане 29 април2026 Час 17:19 Вид акт Изпълнителен лист ЗП 194 Час 14:43 Вид акт Заповед за изпълнение 417 Час 14:40 Вид акт Разпореждане 1565 Час 11:58 Вид заседание зала / резултат / Със заповед за изпълнение 24 април2026 Час 18:53 Вид акт Разпореждане 1483 Час 15:32 Вид заседание зала / резултат / Без движение Час 13:51 Вид разпределение Избран съдия/заседател ПАВЛИНКА АТАНАСОВА СТОЯНОВА Час --:-- Вид страна Заявител ТИ БИ АЙ Банк ЕАД Час --:-- Вид страна Длъжник Н.И.П. Час --:-- Вид страна Юрисконсулт М.Г.Н. Час 13:51 Вид дело Частно гражданско дело 788/2026
0ea83067-4423-45aa-af51-acff484de3d9,2026 21 октомври2026 Час 11:30 Вид заседание зала / резултат / 10 юли2026 Час --:-- Вид страна Обвинител Районна прокуратура - София 24 юни2026 Час 17:09 Вид акт Разпореждане 8347 Час 17:07 Вид заседание зала / резултат / С разпореждане за насрочване 24 април2026 Час 13:51 Вид разпределение Избран съдия/заседател ВАНЯ ГЕОРГИЕВА ТОТОЛАКОВА Час --:-- Вид страна Жалбоподател Й.Г.К. Час --:-- Вид страна Админ.наказ.орган СДВР Час 13:51 Вид дело Административно наказателно дело 5963/2026
959cdd56-2b0b-4014-be2b-1291e7cd9350,2026 03 август2026 Час 15:09 Вид акт Изпълнителен лист ЗП 458 31 юли2026 Час 18:29 Вид акт Разпореждане 2092 Час 18:24 Вид заседание зала / резултат / С разпореждане 17 юни2026 Час 20:22 Вид акт Заповед за изпълнение 603 Час 19:47 Вид заседание зала / резултат / Със заповед за изпълнение 24 април2026 Час 13:51 Вид разпределение Избран съдия/заседател Доротея Петкова Янкова Час --:-- Вид страна Заявител ЙЕТТЕЛ БЪЛГАРИЯ ЕАД Час --:-- Вид страна Длъжник Г.П.П. Час --:-- Вид страна Адвокат А.Т.Б. Час 13:51 Вид дело Частно гражданско дело 673/2026
82d75bbb-7734-4541-bdf0-152e1a4ef628,2026 05 октомври2026 Час 18:23 Вид акт Протокол 3379 Час 18:23 Вид акт Определение 4747 30 септември2026 Час 14:10 Вид заседание зала / резултат / Прекратено след насрочване 24 юли2026 Час 17:09 Вид акт Определение 3704 Час 09:00 Вид заседание зала / резултат / Насрочено за I-во заседание 08 юни2026 Час 14:23 Вид акт Разпореждане 5463 Час 10:00 Вид заседание зала / резултат / С разпореждане 27 април2026 Час 14:31 Вид акт Разпореждане 4128 Час 09:00 Вид заседание зала / резултат / С определение/разпореждане по чл. 131 ГПК/чл. 367 ГПК 24 април2026 Час 13:51 Вид разпределение Избран съдия/заседател КАЛИН СТЕФАНОВ КУНЧЕВ Час --:-- Вид страна Ищец Д.Г.Д. Час --:-- Вид страна Ответник С.Д.Ч.Д. Час --:-- Вид страна Заинтересована страна Дирекция Социално подпомагане гр.Бургас Час --:-- Вид страна Адвокат С.К.К. Час 13:51 Вид дело Гражданско дело 1712/2026
962c3624-0c38-430f-a7f8-f48122262a38,2026 11 май2026 Час 16:59 Вид акт Изпълнителен лист ЗП 79 08 май2026 Час 16:45 Вид акт Заповед за изпълнение 61 Час 16:25 Вид заседание зала / резултат / Решено с акт по същество в закрито заседание Час --:-- Вид страна Юрисконсулт П.П.П. 24 април2026 Час 16:52 Вид акт Разпореждане 478 Час 16:43 Вид заседание зала / резултат / Без движение Час 13:51 Вид разпределение Избран съдия/заседател Росица Георгиева Калугерова Час --:-- Вид страна Заявител Бигбанк АС - клон България КЧТ Час --:-- Вид страна Длъжник Б.И.Х. Час --:-- Вид страна Пълномощник Н.Д.Д. Час 13:51 Вид дело Частно гражданско дело 288/2026
5ec11ed8-2b9c-4995-a6c2-c55e35c58e8f,2026 04 май2026 Час --:-- Вид страна Адвокат П.В.В. 30 април2026 Час 20:36 Вид акт Определение 282 Час 20:30 Вид заседание зала / резултат / Прекратено преди насрочване/разглеждане в ЗЗ 29 април2026 Час 12:39 Вид акт Разпореждане 544 Час 12:37 Вид заседание зала / резултат / С разпореждане 24 април2026 Час 13:51 Вид разпределение Избран съдия/заседател Александър Костадинов Трионджиев Час --:-- Вид страна Ищец ХЕПИ КРЕДИТ ООД/с предишно наименование ИНТЕРНЕШЪНЪЛ САЛАМАНКА КАПИТАЛ ООД/ Час --:-- Вид страна Ответник В.Й.С. Час --:-- Вид страна Адвокат Б.В.С. Час 13:50 Вид дело Гражданско дело 210/2026
d11945e9-727a-4591-be9a-faac5bbd3459,"2026 25 юни2026 Час 14:26 Вид акт Решение 25762 12 юни2026 Час 11:30 Вид заседание зала / резултат / Обявено за решаване 18 май2026 Час 10:16 Вид акт Определение 19016 Час --:-- Вид заседание зала / резултат / Проведено 24 април2026 Час 13:50 Вид разпределение Избран съдия/заседател Антони Йорданов Час --:-- Вид страна Жалбоподател Ц.В.П. Час --:-- Вид страна Ответник ГЛАВНА ДИРЕКЦИЯ ""ИЗПЪЛНЕНИЕ НА НАКАЗАНИЯТА"" Час 13:50 Вид дело Касационно административно дело 4822/2026"
5ecdf6d7-e94c-479d-a1ef-5785e742cbd9,2026 08 октомври2026 Час 13:00 Вид заседание зала / резултат / 02 юни2026 Час 12:55 Вид акт Протокол 10973 28 май2026 Час 13:00 Вид заседание зала / резултат / Отложено 11 май2026 Час --:-- Вид страна Адвокат С.В.П. 04 май2026 Час --:-- Вид страна Свидетел С.Г.П. 30 април2026 Час 16:42 Вид акт Разпореждане 5728 Час 16:40 Вид заседание зала / резултат / С разпореждане за насрочване Час 16:40 Вид акт Разпореждане 5726 Час 16:39 Вид заседание зала / резултат / С разпореждане за насрочване 24 април2026 Час 13:50 Вид разпределение Избран съдия/заседател НАТАЛИ ПЛАМЕНОВА ГЕНАДИЕВА Час --:-- Вид страна Жалбоподател ТОПЛОФИКАЦИЯ СОФИЯ ЕАД Час --:-- Вид страна Админ.наказ.орган ЗАМЕСТНИК КМЕТ НА СТОЛИЧНА ОБЩИНА Час --:-- Вид страна Адвокат Д.Т. Час 13:50 Вид дело Административно наказателно дело 5962/2026
74c10fa6-0454-4329-955d-f35dd1cb45d2,2026 21 май2026 Час 14:33 Вид акт Определение 460 20 май2026 Час 13:14 Вид заседание зала / резултат / Решено с акт по същество в закрито заседание 24 април2026 Час 13:50 Вид разпределение Избран съдия/заседател Мирослав Георгиев Маринов Час --:-- Вид страна Жалбоподател „УНИКРЕДИТ БУЛБАНК“ АД Час --:-- Вид страна Въззиваема страна „БМВ ЕЙНДЖАЛС 2022“ ООД Час --:-- Вид страна Въззиваема страна А.М.И. Час --:-- Вид страна Адвокат Г.Р.В. Час 13:50 Вид дело Въззивно частно гражданско дело 211/2026
4abbd7e1-87b1-4b18-a302-6f719da7ea5a,2026 03 юли2026 Час --:-- Вид страна Трето лице помагач К.Н.К. 02 юли2026 Час 18:41 Вид акт Определение 8938 Час 18:38 Вид заседание зала / резултат / С определение 05 май2026 Час 15:48 Вид акт Разпореждане 10987 Час 15:46 Вид заседание зала / резултат / С определение/разпореждане по чл. 131 ГПК/чл. 367 ГПК 27 април2026 Час 09:30 Вид акт Разпореждане 10203 Час 09:26 Вид заседание зала / резултат / Без движение 24 април2026 Час 13:51 Вид разпределение Избран съдия/заседател Надежда Маринова Александрова Час --:-- Вид страна Ищец П.И.Н. Час --:-- Вид страна Ответник Гаранционен фонд Час --:-- Вид страна Адвокат Я.Н.Я. Час 13:50 Вид дело Гражданско дело 2900/2026
d6914003-445b-4191-bfb4-7031eba6795b,2026 01 октомври2026 Час 14:06 Вид акт Определение 4700 Час 14:03 Вид заседание зала / резултат / С определение Час --:-- Вид страна Особен представител С.Н.П. 21 септември2026 Час 13:19 Вид акт Разпореждане 9060 Час 13:17 Вид заседание зала / резултат / Без движение 14 септември2026 Час 17:00 Вид акт Разпореждане 8784 Час 16:57 Вид заседание зала / резултат / С разпореждане 10 юни2026 Час 13:29 Вид акт Разпореждане 5559 Час 13:25 Вид заседание зала / резултат / С разпореждане 04 май2026 Час 13:54 Вид акт Разпореждане 4361 Час 13:52 Вид заседание зала / резултат / С определение/разпореждане по чл. 131 ГПК/чл. 367 ГПК 28 април2026 Час 10:46 Вид акт Разпореждане 4162 Час 10:44 Вид заседание зала / резултат / Без движение Час --:-- Вид страна Пълномощник Г.Н.Б. 24 април2026 Час 13:49 Вид разпределение Избран съдия/заседател ДИМАНА ГЕОРГИЕВА КИРЯЗОВА ВЪЛКОВА Час --:-- Вид страна Ищец ПЪРВА ИНВЕСТИЦИОННА БАНКА АД Час --:-- Вид страна Ответник Й.А.А. Час 13:49 Вид дело Гражданско дело 1711/2026
0b3adcfb-719d-4327-9cf9-6b09cc940db5,2026 05 юни2026 Час 08:52 Вид акт Протокол 11365 04 юни2026 Час 15:11 Вид акт Решение 1972 02 юни2026 Час 09:00 Вид заседание зала / резултат / Обявено за решаване 22 май2026 Час 11:40 Вид акт Протокол 10375 19 май2026 Час 15:20 Вид заседание зала / резултат / Отложено 29 април2026 Час 10:08 Вид акт Разпореждане 5611 Час 10:06 Вид заседание зала / резултат / С разпореждане за насрочване Час --:-- Вид страна Обвинител СРП 24 април2026 Час 13:50 Вид разпределение Избран съдия/заседател ПАВЕЛ ГЕОРГИЕВ ПАНОВ Час --:-- Вид страна Жалбоподател К.Н.Ч. Час --:-- Вид страна Админ.наказ.орган СДВР Час 13:49 Вид дело Административно наказателно дело 5961/2026
0f18a0a9-fc25-49fb-84c5-be27ed67834c,2026 20 юли2026 Час 14:40 Вид акт Решение 29097 12 юни2026 Час 10:00 Вид заседание зала / резултат / Обявено за решаване 19 май2026 Час 10:33 Вид акт Разпореждане 19332 Час --:-- Вид заседание зала / резултат / Проведено 24 април2026 Час 13:49 Вид разпределение Избран съдия/заседател Ана Методиева Час --:-- Вид страна Жалбоподател Д.З.П. Час --:-- Вид страна Ответник КМЕТ НА СТОЛИЧНА ОБЩИНА Час --:-- Вид страна Адвокат К.Г. Час 13:49 Вид дело Касационно административно наказателно дело 4821/2026
dac812ad-61f3-4fb5-b132-2bdba411fcd1,"2026 19 ноември2026 Час 14:10 Вид заседание зала / резултат / 24 септември2026 Час --:-- Вид страна Вещо лице Т.Ж.Д. 23 септември2026 Час 15:24 Вид акт Определение 4541 Час 15:04 Вид заседание зала / резултат / Насрочено за I-во заседание 05 август2026 Час 17:06 Вид акт Разпореждане 7227 Час 17:02 Вид заседание зала / резултат / Без движение Час 16:59 Вид акт Определение 3872 Час 16:50 Вид заседание зала / резултат / С определение 15 юни2026 Час 16:32 Вид акт Разпореждане 5704 Час 16:26 Вид заседание зала / резултат / С определение/разпореждане по чл. 131 ГПК/чл. 367 ГПК 04 май2026 Час --:-- Вид страна Адвокат Г.И.К. 30 април2026 Час 16:18 Вид акт Разпореждане 4321 Час 16:15 Вид заседание зала / резултат / Без движение 29 април2026 Час --:-- Вид страна Адвокат И.С.С. 27 април2026 Час 13:27 Вид акт Разпореждане 4122 Час 13:22 Вид заседание зала / резултат / С разпореждане 24 април2026 Час 13:49 Вид разпределение Избран съдия/заседател СИЛВИЯ ВЛАДИМИРОВА ПЕТРОВА Час --:-- Вид страна Ищец ""ЮРОБАНК БЪЛГАРИЯ"" АД Час --:-- Вид страна Ответник В.С.С. Час 13:49 Вид дело Гражданско дело 1710/2026"
de20da96-a1f3-4d20-97ca-5be90ce98c0e,2026 18 юни2026 Час 11:04 Вид акт Изпълнителен лист ЗП 619 Час 11:02 Вид акт Разпореждане 4000 Час 11:00 Вид заседание зала / резултат / С разпореждане 28 април2026 Час 10:11 Вид акт Заповед за изпълнение 439 Час 10:07 Вид акт Разпореждане 2617 Час 10:05 Вид заседание зала / резултат / Със заповед за изпълнение 27 април2026 Час 10:12 Вид акт Разпореждане 2568 Час 10:11 Вид заседание зала / резултат / Без движение 24 април2026 Час 13:49 Вид разпределение Избран съдия/заседател Неделина Минчева Час --:-- Вид страна Заявител Агенция за събиране на вземания ЕАД Час --:-- Вид страна Длъжник З.А.В. Час --:-- Вид страна Юрисконсулт И.Н.Н. Час 13:49 Вид дело Частно гражданско дело 1320/2026
9abac888-7451-4374-b5a8-0221599b2147,"2026 22 октомври2026 Час 09:40 Вид заседание зала / резултат / 22 юни2026 Час 17:37 Вид акт Протокол 12914 15 юни2026 Час 10:15 Вид заседание зала / резултат / Отложено 19 май2026 Час --:-- Вид страна Свидетел ХРИСТО СТЕФАНОВ ГУНЕВ ст. инспектор при СТОЛИЧЕН ИНСПЕКТОРАТ КЪМ СТОЛИЧНА ОБЩИНА Час --:-- Вид страна Свидетел ТОДОР СТЕФАНОВ ПАНАЙОТОВ при ГЛАВНА ДИРЕКЦИЯ ЖАНДАРМЕРИЯ, СПЕЦИАЛНИ ОПЕРАЦИИ ЗА БОРБА С ТЕРОРИЗМА 18 май2026 Час 20:18 Вид акт Разпореждане 6449 Час 20:16 Вид заседание зала / резултат / С разпореждане за насрочване 04 май2026 Час --:-- Вид страна Адвокат С.В.П. 24 април2026 Час 13:49 Вид разпределение Избран съдия/заседател НАДЯ СТЕФАНОВА БАКАЛОВА Час --:-- Вид страна Жалбоподател ГАЛЕН 2011 ЕООД Час --:-- Вид страна Админ.наказ.орган ЗАМЕСТНИК КМЕТ НА СТОЛИЧНА ОБЩИНА, НАПРАВЛЕНИЕ ""ЗЕЛЕНА СИСТЕМА, ЕКОЛОГИЯ И ЗЕМЕПОЛЗВАНЕ"" Час 13:49 Вид дело Административно наказателно дело 5960/2026"
7c606d0f-b4c1-4fff-8441-c7f7ed1e45eb,2026 03 юли2026 Час 11:43 Вид акт Изпълнителен лист ЗП 294 Час 10:52 Вид акт Разпореждане 1629 Час 10:00 Вид заседание зала / резултат / С разпореждане 29 април2026 Час 10:00 Вид акт Заповед за изпълнение 304 Час 09:00 Вид заседание зала / резултат / Решено с акт по същество в закрито заседание 24 април2026 Час 13:49 Вид разпределение Избран съдия/заседател ИРЕНА ВАСИЛЕВА РАБАДЖИЕВА Час --:-- Вид страна Заявител ЕОС МАТРИКС ЕАД Час --:-- Вид страна Длъжник Г.Г.К. Час --:-- Вид страна Адвокат Г.И.Х. Час 13:49 Вид дело Частно гражданско дело 705/2026
71e68b10-2f99-4118-9a10-966a97bb5c87,2026 27 април2026 Час 12:55 Вид акт Разпореждане 1614 Час 12:51 Вид заседание зала / резултат / Решено с акт по същество в закрито заседание 24 април2026 Час 13:49 Вид разпределение Избран съдия/заседател Жулиета Цонева Стоянова Час --:-- Вид страна Заявител АПС БЕТА БЪЛГАРИЯ ЕООД Час --:-- Вид страна Друго П.В. Час --:-- Вид страна Друго Х.М. Час --:-- Вид страна Длъжник И.А.Т. Час --:-- Вид страна Юрисконсулт Б.Д.Т. Час 13:49 Вид дело Частно гражданско дело 1115/2026
319db7de-557e-4370-adef-2bb5da5f0768,2026 26 юни2026 Час 10:03 Вид акт Решение 172 16 юни2026 Час 10:17 Вид акт Протокол 187 15 юни2026 Час 10:00 Вид заседание зала / резултат / С въззивен акт по същество след ОСЗ 28 април2026 Час 12:15 Вид акт Разпореждане 180 Час 12:11 Вид заседание зала / резултат / С Определение/Разпореждане по чл. 267 от ГПК 24 април2026 Час 13:49 Вид разпределение Избран съдия/заседател Таня Живкова Час 13:49 Вид разпределение Избран съдия/заседател Албена Миронова Час 13:49 Вид разпределение Избран съдия/заседател Елизабета Кралева Час --:-- Вид страна Жалбоподател В.Р.Г. Час --:-- Вид страна Жалбоподател СТИК - КРЕДИТ АД Час --:-- Вид страна Адвокат Е.Г.И. Час --:-- Вид страна Адвокат Х.М.Г. Час 13:49 Вид дело Въззивно гражданско дело 164/2026
f965bfd7-3a6d-499c-bac8-5b07df9b065d,2026 28 април2026 Час 16:13 Вид акт Изпълнителен лист ЗП 913 Час 15:22 Вид акт Разпореждане 3833 Час 15:22 Вид акт Заповед за изпълнение 1338 Час 14:55 Вид заседание зала / резултат / С разпореждане Час 14:40 Вид заседание зала / резултат / Със заповед за изпълнение 24 април2026 Час 13:49 Вид разпределение Избран съдия/заседател Антоанета Иванова Абрашева Час --:-- Вид страна Заявител Банка ДСК АД Час --:-- Вид страна Длъжник Л.Г.С. Час --:-- Вид страна Представител Р.Г.А. Час 13:49 Вид дело Частно гражданско дело 2349/2026
f10b1879-4a5e-461a-bb86-bfbf161ae557,2026 18 септември2026 Час 10:46 Вид акт Разпореждане 394 Час 10:04 Вид заседание зала / резултат / 04 май2026 Час 15:24 Вид акт Споразумение 23 Час 11:00 Вид заседание зала / резултат Зала 1 ет. 1 / Със споразумение Час --:-- Вид страна Обвинител М.В.Р. 27 април2026 Час 12:23 Вид акт Разпореждане 204 Час 11:56 Вид заседание зала / резултат / Час --:-- Вид страна Свидетел С.В.Д. Час --:-- Вид страна Свидетел С.С.Т. Час --:-- Вид страна Вещо лице Д.М.Ж. Час --:-- Вид страна Вещо лице А.К.Б. Час --:-- Вид страна Адвокат М.Д.Г. 24 април2026 Час 13:49 Вид разпределение Избран съдия/заседател Николай Костадинов Кънчев Час --:-- Вид страна Обвинител Районна прокуратура - Силистра Час --:-- Вид страна Подсъдим Е.Ш.Ф. Час 13:49 Вид дело Наказателно дело от общ характер 99/2026
8c4f23d4-95a2-48e3-ac5a-29fa5824357a,2026 11 август2026 Час 11:49 Вид акт Решение 3046 17 юни2026 Час 10:38 Вид акт Протокол 12413 16 юни2026 Час 10:00 Вид заседание зала / резултат / Обявено за решаване 18 май2026 Час --:-- Вид страна Актосъставител Й.Г.Г. Час --:-- Вид страна Адвокат И.М. 12 май2026 Час 09:54 Вид акт Разпореждане 6133 Час 09:52 Вид заседание зала / резултат / С разпореждане за насрочване 24 април2026 Час 13:49 Вид разпределение Избран съдия/заседател ГЮЛЯЙ ШЕМСИДИНОВА КОКОЕВА Час --:-- Вид страна Жалбоподател К.Б.В. Час --:-- Вид страна Админ.наказ.орган НАЧАЛНИК ГРУПА В СДВР ОТДЕЛ ПЪТНА ПОЛИЦИЯ Час 13:48 Вид дело Административно наказателно дело 5959/2026
b091d24e-a9cd-46da-b273-d81cfe1005bd,2026 29 май2026 Час 10:56 Вид акт Определение 1757 28 май2026 Час 17:03 Вид заседание зала / резултат / Решено с акт по същество в закрито заседание 30 април2026 Час 13:15 Вид разпределение Избран съдия/заседател Светла Станимирова 27 април2026 Час 14:15 Вид акт Разпореждане 2449 Час 14:13 Вид заседание зала / резултат / С акт за отвод 24 април2026 Час 13:48 Вид разпределение Избран съдия/заседател Миглена Йовкова Час --:-- Вид страна Обвинител Н.Г.С. Час --:-- Вид страна Жалбоподател М.С.Б. Час --:-- Вид страна Жалбоподател Прокуратура на Република България Час --:-- Вид страна Адвокат П.И.Ш. Час 13:48 Вид дело Въззивно частно гражданско дело 1214/2026
207fa862-8193-43f8-8a04-d28eb3fe050c,"2026 24 април2026 Час 14:24 Вид акт Разпореждане 1681 Час 14:22 Вид заседание зала / резултат / С разпореждане, приключващо делото Час 13:57 Вид разпределение Избран съдия/заседател Ива Илиева Стойчева Коджабашева Час --:-- Вид страна Вносител СЕКТОР 02, ОТДЕЛ 12 ПРИ ГДБОП - МВР Час 13:48 Вид дело Частно наказателно дело 537/2026"
54dd69ff-20c9-4dcf-92c5-825f6bf05823,2026 26 юли2026 Час 18:21 Вид акт Определение 3338 Час 18:19 Вид заседание зала / резултат / Прекратено производство 24 април2026 Час 13:48 Вид разпределение Избран съдия/заседател АНГЕЛ ФЕБОВ ПАВЛОВ Час --:-- Вид страна Жалбоподател Л.К.С. Час --:-- Вид страна Админ.наказ.орган ОДМВР - София Час --:-- Вид страна Адвокат С.Е.Й. Час 13:48 Вид дело Административно наказателно дело 5958/2026
7106274a-ce5f-4028-ae43-b06a9c2a1537,2026 25 юни2026 Час 14:24 Вид акт Решение 25760 Час --:-- Вид заседание зала / резултат / Проведено 12 юни2026 Час 11:40 Вид заседание зала / резултат / Обявено за решаване 15 май2026 Час 10:48 Вид акт Разпореждане 18648 Час --:-- Вид заседание зала / резултат / Проведено 24 април2026 Час 13:48 Вид разпределение Избран съдия/заседател Мария Бойкинова Час --:-- Вид страна Жалбоподател К.Н.К. Час --:-- Вид страна Ответник НАЧАЛНИК ГРУПА В СТОЛИЧНА ДИРЕКЦИЯ НА ВЪТРЕШНИТЕ РАБОТИ - ОТДЕЛ ПЪТНА ПОЛИЦИЯ Час --:-- Вид страна Адвокат С.Д.С. Час 13:48 Вид дело Касационно административно наказателно дело 4820/2026
aa28cf4e-9416-4577-90ca-b705d37966b5,"2026 30 април2026 Час 14:56 Вид акт Определение 150 Час 14:53 Вид заседание зала / резултат / Решено с акт по същество в закрито заседание 24 април2026 Час 14:17 Вид акт Разпореждане 291 Час 14:14 Вид заседание зала / резултат / С разпореждане Час 13:48 Вид разпределение Избран съдия/заседател Асен Черешаров Час --:-- Вид страна Молител А.А.М.К.Р.З.Н.М.А.А.М. Час --:-- Вид страна Друго Дирекция ""Социално подпомагане"" Златоград-отдел ""Закрила на детето"" Час 13:48 Вид дело Частно гражданско дело 138/2026"
183bd3a5-53c8-46d4-bc87-6a703eaaaa22,2026 27 април2026 Час 10:49 Вид акт Определение 1913 Час 10:47 Вид заседание зала / резултат / Прекратено производство 24 април2026 Час 13:47 Вид разпределение Избран съдия/заседател ИВИАНА ДИМЧЕВА Час --:-- Вид страна Жалбоподател С.А.С. Час --:-- Вид страна Админ.наказ.орган НАЧАЛНИК ГРУПА КЪМ ОДМВР СОФИЯ С-Р ПЪТНА ПОЛИЦИЯ ОДМВР СОФИЯ Час 13:47 Вид дело Административно наказателно дело 5957/2026
2885610f-6ea1-4d75-af3a-4f2141900ff0,"2026 29 юни2026 Час 16:05 Вид акт Протоколно определение 225 Час 14:30 Вид заседание зала / резултат Зала 1 ет. 1 / С определение, приключващо делото 27 април2026 Час 12:23 Вид акт Разпореждане 205 Час 11:06 Вид заседание зала / резултат / 24 април2026 Час 13:47 Вид разпределение Избран съдия/заседател Николай Костадинов Кънчев Час --:-- Вид страна Вносител Министерство на правосъдието Час --:-- Вид страна Страна А.Н.Н. Час 13:47 Вид дело Частно наказателно дело 98/2026"
bb79237a-65f2-4163-889f-29425af6c0cf,2026 24 април2026 Час 14:24 Вид акт Изпълнителен лист ЗП 527 Час 14:24 Вид акт Заповед за изпълнение 617 Час 14:23 Вид акт Разпореждане 1562 Час 14:22 Вид заседание зала / резултат / Със заповед за изпълнение Час 14:21 Вид заседание зала / резултат / С разпореждане Час 13:47 Вид разпределение Избран съдия/заседател Галя Василева Петрешкова Ставарова Час --:-- Вид страна Заявител ТИ БИ АЙ Банк ЕАД Час --:-- Вид страна Длъжник Г.И.В. Час --:-- Вид страна Юрисконсулт М.Г.Н. Час 13:47 Вид дело Частно гражданско дело 861/2026
9f859691-c845-4829-9e72-97683a6c8844,2026 28 април2026 Час 12:32 Вид акт Разпореждане 452 Час 12:31 Вид заседание зала / резултат / С разпореждане Час 12:31 Вид акт Заповед за изпълнение 274 Час 12:30 Вид заседание зала / резултат / Решено с акт по същество в закрито заседание 24 април2026 Час 13:47 Вид разпределение Избран съдия/заседател НИКОЛА ТОДОРОВ ДЕЛИЕВ Час --:-- Вид страна Заявител „ЕОС МАТРИКС” ЕАД Час --:-- Вид страна Длъжник Г.З.З. Час --:-- Вид страна Адвокат Ж.Д.Д. Час 13:47 Вид дело Частно гражданско дело 353/2026
1c4f0d1f-41aa-4566-888d-99f1e5c2f887,"2026 04 октомври2026 Час 15:29 Вид акт Решение 3697 02 октомври2026 Час 09:24 Вид акт Протокол 18015 24 септември2026 Час 10:00 Вид заседание зала / резултат / Обявено за решаване 01 юни2026 Час 09:41 Вид акт Протокол 10807 29 май2026 Час 09:15 Вид заседание зала / резултат / Отложено 13 май2026 Час --:-- Вид страна Адвокат С.В.П. 30 април2026 Час --:-- Вид страна Друго П.З.А.С.П. Час --:-- Вид страна Свидетел А.С.Г.П. Час --:-- Вид страна Свидетел С.В.С. 25 април2026 Час 21:02 Вид акт Разпореждане 5435 Час 20:59 Вид заседание зала / резултат / С разпореждане за насрочване 24 април2026 Час 13:47 Вид разпределение Избран съдия/заседател ВЕЛИЗАР СТОЯНОВ КОСТАДИНОВ Час --:-- Вид страна Жалбоподател ТОПЛОФИКАЦИЯ СОФИЯ ЕАД Час --:-- Вид страна Админ.наказ.орган ЗАМЕСТНИК КМЕТ НА СТОЛИЧНА ОБЩИНА НАПРАВЛЕНИЕ ""ОБЩЕСТВЕНО СТРОИТЕЛСТВО"" Час --:-- Вид страна Адвокат Д.Т. Час 13:47 Вид дело Административно наказателно дело 5956/2026"
c487a24b-5a53-468e-ad44-538807d796a2,2026 28 април2026 Час 12:43 Вид акт Заповед за изпълнение 867 Час 12:39 Вид заседание зала / резултат / Със заповед за изпълнение 24 април2026 Час 13:47 Вид разпределение Избран съдия/заседател Лилия Йорданова Любенова Димитрова Час --:-- Вид страна Заявител ЕОС МАТРИКС ЕАД Час --:-- Вид страна Длъжник Б.М.Я. Час --:-- Вид страна Адвокат Ж.Д.Д. Час 13:47 Вид дело Частно гражданско дело 1096/2026
f0c18b0e-13fe-4a04-b33d-fa16f07ac3ed,2026 25 юни2026 Час 13:57 Вид акт Решение 25745 12 юни2026 Час 11:30 Вид заседание зала / резултат / Обявено за решаване 18 май2026 Час 10:43 Вид акт Определение 19033 Час --:-- Вид заседание зала / резултат / Проведено 24 април2026 Час 13:46 Вид разпределение Избран съдия/заседател Антони Йорданов Час --:-- Вид страна Жалбоподател Г.П.Г. Час --:-- Вид страна Касатор НАЧАЛНИК НА ГПУ СОФИЯ ПРИ РДГП -АЕЛОГАРИ ПРИ ГДГП МВР Час 13:46 Вид дело Касационно административно наказателно дело 4819/2026
26864b0a-29ff-4a7b-bd6c-27a9fca715d2,2026 05 октомври2026 Час 09:30 Вид заседание зала / резултат / 22 юли2026 Час 11:46 Вид акт Протокол 15320 02 юли2026 Час 11:00 Вид заседание зала / резултат / Отложено 12 май2026 Час --:-- Вид страна Свидетел Б.С.М. 11 май2026 Час 12:03 Вид акт Разпореждане 6038 Час 11:59 Вид заседание зала / резултат / С разпореждане за насрочване 24 април2026 Час 13:46 Вид разпределение Избран съдия/заседател ЯНА ВАСИЛЕВА НИКОЛОВА ДИМИТРОВА Час --:-- Вид страна Жалбоподател М.И.Г. Час --:-- Вид страна Админ.наказ.орган ЗАМЕСТНИК - ДИРЕКТОР НА ТД МИТНИЦА СОФИЯ НА АГЕНЦИЯ МИТНИЦИ Час 13:46 Вид дело Административно наказателно дело 5955/2026
82bb256e-0f22-48fb-aa30-cb04e4d09c26,2026 14 юли2026 Час 09:45 Вид акт Разпореждане 16865 Час 09:42 Вид заседание зала / резултат / 14 юни2026 Час 22:17 Вид акт Разпореждане 14264 Час 16:15 Вид заседание зала / резултат / Препращане за провеждане на информационна среща по медиация 06 май2026 Час 21:58 Вид акт Разпореждане 11025 Час 16:55 Вид заседание зала / резултат / С определение/разпореждане по чл. 131 ГПК/чл. 367 ГПК 24 април2026 Час 13:47 Вид разпределение Избран съдия/заседател Мирослава Данева Час --:-- Вид страна Ищец К.Р.Т. Час --:-- Вид страна Ответник ОБЩИНА ВАРНА Час --:-- Вид страна Адвокат Д.С.С. Час 13:46 Вид дело Гражданско дело 2899/2026
bd22d134-c9f9-4a91-a37d-f5038eacb9bb,2026 08 юли2026 Час 13:37 Вид акт Изпълнителен лист ЗП 1404 09 май2026 Час 17:01 Вид акт Заповед за изпълнение 1822 Час 16:52 Вид заседание зала / резултат / Със заповед за изпълнение 24 април2026 Час 15:02 Вид акт Разпореждане 1243 Час 14:59 Вид заседание зала / резултат / Без движение Час 13:46 Вид разпределение Избран съдия/заседател Мина Цветанова Павлова Час --:-- Вид страна Заявител ЕОС МАТРИКС ЕАД Час --:-- Вид страна Длъжник В.А.А. Час --:-- Вид страна Адвокат Г.И.Х. Час 13:46 Вид дело Частно гражданско дело 1947/2026
df95eab7-7cf6-40ff-87c2-fb12897e727d,"2026 03 ноември2026 Час 10:00 Вид заседание зала / резултат / 03 август2026 Час 11:57 Вид акт Определение 1472 Час 11:00 Вид заседание зала / резултат / Насрочено за I-во заседание Час --:-- Вид страна Свидетел В.Ч. 07 май2026 Час 16:28 Вид акт Разпореждане 1294 Час 16:10 Вид заседание зала / резултат / С определение/разпореждане по чл. 131 ГПК/чл. 367 ГПК 04 май2026 Час 15:43 Вид акт Разпореждане 1267 Час 15:00 Вид заседание зала / резултат / Без движение 24 април2026 Час 13:45 Вид разпределение Избран съдия/заседател Диана Сотирова Танкова Час --:-- Вид страна Ищец КАРЛИТО ДИАМАНТЕ ЕООД Час --:-- Вид страна Ответник Застрахователно акционерно дружество ДаллБогг: Живот и Здраве АД, представлявано от Бисер Г. Иванов, Росен В. Младенов, Тодор Д. Тодорински Час 13:45 Вид дело Гражданско дело 533/2026"
f48631e2-0fe4-4806-87fb-4c09b5da0373,"2026 28 септември2026 Час 11:39 Вид акт Протокол 17546 25 септември2026 Час 14:30 Вид заседание зала / резултат / Обявено за решаване 25 юни2026 Час 14:48 Вид акт Протокол 13242 Час 09:30 Вид заседание зала / резултат / Отложено 05 юни2026 Час --:-- Вид страна Свидетел Г.Г.П. Час --:-- Вид страна Свидетел И.Р.С. 01 юни2026 Час 19:14 Вид акт Разпореждане 7077 Час 19:00 Вид заседание зала / резултат / С разпореждане за насрочване 24 април2026 Час 13:45 Вид разпределение Избран съдия/заседател ЦВЕТЕЛИНА ЗАХАРИЕВА МИХАЙЛОВА Час --:-- Вид страна Жалбоподател УНИВЕРСИТЕТСКА МНОГОПРОФИЛНА БОЛНИЦА ЗА АКТИВНО ЛЕЧЕНИЕ ""АЛЕКСАНДРОВСКА"" ЕАД Час --:-- Вид страна Админ.наказ.орган ИЗП. ДИРЕКТОР НА ИЗПЪЛНИТЕЛНА АГЕНЦИЯ ""МЕДИЦИНСКИ НАДЗОР"" / ИАМН / Час 13:45 Вид дело Административно наказателно дело 5954/2026"
5a149b1f-306f-4e77-a27f-2b7a1f72a914,2026 12 юни2026 Час 09:40 Вид заседание зала / резултат / Обявено за решаване 12 май2026 Час 20:47 Вид акт Разпореждане 18054 Час --:-- Вид заседание зала / резултат / Проведено 24 април2026 Час 13:45 Вид разпределение Избран съдия/заседател Боряна Бороджиева Час --:-- Вид страна Жалбоподател В.П.В. Час --:-- Вид страна Ответник НАЧАЛНИК ГРУПА В СТОЛИЧНА ДИРЕКЦИЯ НА ВЪТРЕШНИТЕ РАБОТИ - ОТДЕЛ ПЪТНА ПОЛИЦИЯ Час --:-- Вид страна Адвокат М.В. Час 13:45 Вид дело Касационно административно наказателно дело 4818/2026
359d7f51-4bc2-457c-ab61-7f5bcb3571e2,2026 08 юни2026 Час 16:13 Вид акт Решение 428 11 май2026 Час 15:45 Вид акт Протокол 2630 08 май2026 Час 10:15 Вид заседание зала / резултат / С решение и мотиви Час --:-- Вид страна Обвинител Е.Ю.В. 30 април2026 Час 14:45 Вид акт Определение 1692 29 април2026 Час 13:37 Вид заседание зала / резултат / С определение за насрочване Час --:-- Вид страна Страна Софийска градска прокуратура Час --:-- Вид страна Защитник Т.С.С. 24 април2026 Час 13:46 Вид разпределение Избран съдия/заседател Михаела Петева Михова Час --:-- Вид страна Жалбоподател-подсъдим В.М.К. Час 13:45 Вид дело Въззивно наказателно дело от общ характер 2841/2026
04d340cb-ce7a-4afa-8c18-47e82105e526,2026 29 април2026 Час 16:03 Вид акт Заповед за изпълнение 493 Час 16:02 Вид акт Разпореждане 2678 Час 15:58 Вид заседание зала / резултат / Решено с акт по същество в закрито заседание 27 април2026 Час 16:02 Вид акт Разпореждане 2598 Час 16:00 Вид заседание зала / резултат / Без движение 24 април2026 Час 13:45 Вид разпределение Избран съдия/заседател Таня Илкова Час --:-- Вид страна Заявител Агенция за събиране на вземания ЕАД Час --:-- Вид страна Длъжник М.А.Р. Час --:-- Вид страна Юрисконсулт И.Н.Н. Час 13:45 Вид дело Частно гражданско дело 1319/2026
1af2589e-2a60-4837-8ac8-09534f9d97f7,2026 03 юни2026 Час 10:32 Вид акт Определение 308 29 май2026 Час 15:28 Вид заседание зала / резултат / Решено с акт по същество в закрито заседание 24 април2026 Час 13:46 Вид разпределение Избран съдия/заседател Таня Живкова Час 13:45 Вид разпределение Избран съдия/заседател Елизабета Кралева Час 13:45 Вид разпределение Избран съдия/заседател Албена Миронова Час --:-- Вид страна Жалбоподател СИТИ КЕШ ООД Час --:-- Вид страна Въззиваема страна Ц.Т.Г. Час --:-- Вид страна Адвокат Д.Д.Г. Час --:-- Вид страна Адвокат Х.М.Г. Час 13:45 Вид дело Въззивно частно гражданско дело 163/2026
5b2570fb-0e80-4230-926b-f6cd613f06ac,2026 27 април2026 Час 14:22 Вид акт Решение 47 Час 13:40 Вид заседание зала / резултат / Решено с акт по същество в закрито заседание 24 април2026 Час 13:45 Вид разпределение Избран съдия/заседател Николай Костадинов Кънчев Час --:-- Вид страна Вносител ТД НА НАП ВАРНА (0000000300 ) Час --:-- Вид страна Страна И.М.М. Час 13:45 Вид дело Частно гражданско дело 205/2026
2edb53cc-ab02-4f0d-a910-587c85f78b6d,2026 15 юни2026 Час 08:57 Вид акт Изпълнителен лист ЗП 47 24 април2026 Час 14:44 Вид акт Заповед за изпълнение 39 Час 14:42 Вид заседание зала / резултат / Със заповед за изпълнение Час 13:45 Вид разпределение Избран съдия/заседател Стефан Марков Стойков Час --:-- Вид страна Заявител А1 България ЕАД Час --:-- Вид страна Длъжник П.В.Д. Час --:-- Вид страна Представител М.М.К. Час 13:45 Вид дело Частно гражданско дело 191/2026
7a749f87-8538-479d-b5d8-f92d26f0997e,2026 24 април2026 Час 15:27 Вид акт Заповед за изпълнение 1260 Час 14:56 Вид заседание зала / резултат / Със заповед за изпълнение Час 13:45 Вид разпределение Избран съдия/заседател Стела Дянкова Бъчварова Час --:-- Вид страна Заявител ЕОС МАТРИКС ЕАД Час --:-- Вид страна Длъжник Ж.Б.Щ. Час --:-- Вид страна Адвокат Ж.Д.Д. Час 13:45 Вид дело Частно гражданско дело 2348/2026
215c1273-3621-4b90-885b-7e3ad8bfea39,2026 30 април2026 Час 14:07 Вид акт Изпълнителен лист ЗП 4525 Час 14:06 Вид акт Заповед за изпълнение 764 Час 13:57 Вид заседание зала / резултат / Решено с акт по същество в закрито заседание 27 април2026 Час 10:11 Вид акт Разпореждане 52243 Час 10:09 Вид заседание зала / резултат / С разпореждане 24 април2026 Час 13:45 Вид разпределение Избран съдия/заседател СВЕТЛАНА НИКОЛАЕВА РАЧЕВА ЯНЕВА Час --:-- Вид страна Заявител АЙЗАЕМ.БГ ООД Час --:-- Вид страна Длъжник П.П.Б. Час --:-- Вид страна Адвокат И.К.М. Час 13:45 Вид дело Частно гражданско дело 11120/2026
bb8fd78d-36a3-4a7a-85ab-073a69417ddb,2026 28 септември2026 Час 10:38 Вид акт Изпълнителен лист ЗП 2811 Час 10:38 Вид акт Разпореждане 9642 Час 08:47 Вид заседание зала / резултат / С разпореждане 06 юли2026 Час 13:00 Вид акт Разпореждане 6712 Час 12:57 Вид акт Заповед за изпълнение 3015 Час 12:56 Вид заседание зала / резултат / С разпореждане Час 12:53 Вид заседание зала / резултат / Със заповед за изпълнение 11 юни2026 Час 16:45 Вид акт Разпореждане 5714 Час 16:41 Вид заседание зала / резултат / Без движение 24 април2026 Час 15:16 Вид акт Разпореждане 3746 Час 14:18 Вид заседание зала / резултат / Без движение Час 13:45 Вид разпределение Избран съдия/заседател Тихомира Георгиева Казасова Час --:-- Вид страна Заявител А.Р.Б. Час --:-- Вид страна Длъжник А.П.Г. Час 13:45 Вид дело Частно гражданско дело 2347/2026
62c7015b-5735-4b53-b1cb-c28371570e03,"2026 10 юли2026 Час 13:22 Вид акт Решение 27876 12 юни2026 Час 10:00 Вид заседание зала / резултат / Обявено за решаване 11 май2026 Час 16:42 Вид акт Определение 17791 Час 15:42 Вид акт Разпореждане 17768 Час --:-- Вид заседание зала / резултат / Проведено Час --:-- Вид заседание зала / резултат / Проведено 24 април2026 Час 13:44 Вид разпределение Избран съдия/заседател Елена Попова Час --:-- Вид страна Жалбоподател СПАЙЧ 64 ЕООД - С. КАЗИЧЕНЕ Час --:-- Вид страна Жалбоподател АПИ НАЦИОНАЛНО ТОЛ УПРАВЛЕНИЕ-гр.СОФИЯ Час --:-- Вид страна Касатор ""АГЕНЦИЯ ПЪТНА ИНФРАСТРУКТУРА"" Час --:-- Вид страна Страна Районна прокуратура - София Час --:-- Вид страна Адвокат И.Е.Г. Час 13:44 Вид дело Касационно административно наказателно дело 4817/2026"
f67034e3-9945-4175-8f5a-cd6a2143815f,"2026 09 септември2026 Час 09:45 Вид акт Разпореждане 11681 Час 09:42 Вид заседание зала / резултат / Прекратява поради изпращане по подсъдност 24 април2026 Час 13:44 Вид разпределение Избран съдия/заседател ВЕСЕЛА СТОЯНОВА ДОНЧЕВА Час --:-- Вид страна Жалбоподател КОСМОПОЛИТЪН - 2012 ООД Час --:-- Вид страна Админ.наказ.орган НАЧАЛНИК ОТДЕЛ НА ""ОПЕРАТИВНИ ДЕЙНОСТИ"" СОФИЯ, ДИРЕКЦИЯ ""ОПЕРАТИВНИ ДЕЙНОСТИ"" В ГД ""ФИСКАЛЕН КОНТРОЛ"" НА НАП Час --:-- Вид страна Представител Б.К. Час --:-- Вид страна Адвокат Г.Б.Д. Час 13:44 Вид дело Административно наказателно дело 5953/2026"
e78513bc-4aed-4095-8d97-3e17b7cc4f7a,2026 05 октомври2026 Час 15:12 Вид Документ Вносител НАЧАЛНИК НА ДИРЕКЦИЯ ЗА НАЦИОНАЛЕН СТРОИТЕЛЕН КОНТРОЛ /ДНСК/ Час 15:06 Вид Документ Вносител Макс Ер Консулт ЕООД Час 15:06 Вид Документ Вносител Макс Ер Консулт ЕООД Час 11:15 Вид заседание зала / резултат / Обявено за решаване 16 юли2026 Час --:-- Вид страна Адвокат М.Х.Х. 14 юли2026 Час 13:51 Вид акт Протокол 14740 30 юни2026 Час 13:30 Вид заседание зала / резултат / Отложено 28 април2026 Час 08:16 Вид акт Разпореждане 5516 Час 08:14 Вид заседание зала / резултат / С разпореждане за насрочване Час --:-- Вид страна Свидетел Т.И.Г. 24 април2026 Час 13:43 Вид разпределение Избран съдия/заседател АЛБЕНА БОРИСОВА ДОЙНОВА Час --:-- Вид страна Жалбоподател Макс Ер Консулт ЕООД Час --:-- Вид страна Админ.наказ.орган НАЧАЛНИК НА ДИРЕКЦИЯ ЗА НАЦИОНАЛЕН СТРОИТЕЛЕН КОНТРОЛ /ДНСК/ Час --:-- Вид страна Представител Н.С.Ц. Час --:-- Вид страна Адвокат В.Р.Й. Час 13:43 Вид дело Административно наказателно дело 5952/2026
ea2bfc2e-b34a-49a0-b17e-f5ba5f241674,"2026 26 юни2026 Час 14:35 Вид акт Разпореждане 614 Час 14:29 Вид заседание зала / резултат / С разпореждане 21 май2026 Час 15:32 Вид акт Определение 145 Час 15:04 Вид заседание зала / резултат / С определение, приключващо делото 24 април2026 Час 13:43 Вид разпределение Избран съдия/заседател ТОДОР ИВАНОВ ДИМИТРОВ Час --:-- Вид страна Жалбоподател Х.Н.И. Час --:-- Вид страна Страна Районна прокуратура - Търговище Час 13:43 Вид дело Частно наказателно дело 287/2026"
7d73442e-cbc7-44e2-8ccb-7ea62280f657,2026 03 юни2026 Час 10:29 Вид акт Разпореждане 5121 Час 10:27 Вид заседание зала / резултат / С разпореждане 30 април2026 Час 15:31 Вид акт Заповед за изпълнение 1561 Час 15:29 Вид заседание зала / резултат / Със заповед за изпълнение 24 април2026 Час 13:43 Вид разпределение Избран съдия/заседател Георги Кирилов Пашалиев Час --:-- Вид страна Заявител АПС БЕТА БЪЛГАРИЯ ЕООД Час --:-- Вид страна Друго П.В. Час --:-- Вид страна Друго Х.М. Час --:-- Вид страна Длъжник Х.П.Б. Час --:-- Вид страна Юрисконсулт Б.Д.Т. Час 13:43 Вид дело Частно гражданско дело 2055/2026
8eeea89a-eeed-4269-88a7-38813ab3e40c,"2026 01 юли2026 Час 15:54 Вид акт Решение 2481 10 юни2026 Час 12:24 Вид Документ Вносител НАЧАЛНИК ОТДЕЛ НА ""ОПЕРАТИВНИ ДЕЙНОСТИ"" СОФИЯ, ДИРЕКЦИЯ ""ОПЕРАТИВНИ ДЕЙНОСТИ"" В ГД ""ФИСКАЛЕН КОНТРОЛ"" НА НАП Час 10:41 Вид акт Протокол 11783 09 юни2026 Час 13:05 Вид заседание зала / резултат / Обявено за решаване 22 май2026 Час 15:59 Вид Документ Вносител НАЧАЛНИК ОТДЕЛ НА ""ОПЕРАТИВНИ ДЕЙНОСТИ"" СОФИЯ, ДИРЕКЦИЯ ""ОПЕРАТИВНИ ДЕЙНОСТИ"" В ГД ""ФИСКАЛЕН КОНТРОЛ"" НА НАП Час 11:40 Вид акт Протокол 10376 19 май2026 Час 15:00 Вид заседание зала / резултат / Отложено 29 април2026 Час 10:03 Вид акт Разпореждане 5610 Час 09:56 Вид заседание зала / резултат / С разпореждане за насрочване Час --:-- Вид страна Обвинител СРП Час --:-- Вид страна Актосъставител Й.И.П. 24 април2026 Час 13:43 Вид разпределение Избран съдия/заседател ПАВЕЛ ГЕОРГИЕВ ПАНОВ Час --:-- Вид страна Жалбоподател К М КОМЕРС - 78 ООД Час --:-- Вид страна Админ.наказ.орган НАЧАЛНИК ОТДЕЛ НА ""ОПЕРАТИВНИ ДЕЙНОСТИ"" СОФИЯ, ДИРЕКЦИЯ ""ОПЕРАТИВНИ ДЕЙНОСТИ"" В ГД ""ФИСКАЛЕН КОНТРОЛ"" НА НАП Час --:-- Вид страна Представител К.П.С. Час 13:43 Вид дело Административно наказателно дело 5951/2026"
e8fb5252-01ff-430a-9c6c-c7ede2ade36d,2026 29 април2026 Час 19:33 Вид акт Изпълнителен лист ЗП 4489 Час 19:31 Вид акт Заповед за изпълнение 759 Час 19:30 Вид акт Разпореждане 53988 Час 19:28 Вид заседание зала / резултат / Решено с акт по същество в закрито заседание 24 април2026 Час 21:23 Вид акт Определение 15759 Час 21:22 Вид заседание зала / резултат / Без движение Час 13:43 Вид разпределение Избран съдия/заседател РУМЯНА ЗАПРЯНОВА ЗАПРЯНОВА Час --:-- Вид страна Заявител АЙЗАЕМ.БГ ООД Час --:-- Вид страна Длъжник Д.В.П. Час --:-- Вид страна Адвокат И.К.М. Час 13:43 Вид дело Частно гражданско дело 11119/2026
70ab7995-c519-4192-8725-578a08eb2c97,2026 21 май2026 Час 16:15 Вид акт Определение 520 Час 16:13 Вид заседание зала / резултат / Прекратено преди насрочване/разглеждане в ЗЗ 28 април2026 Час 09:44 Вид акт Разпореждане 1097 Час 09:42 Вид заседание зала / резултат / С определение/разпореждане по чл. 131 ГПК/чл. 367 ГПК 24 април2026 Час 13:43 Вид разпределение Избран съдия/заседател Магдалена Атанасова Жбантова Стефанова Час --:-- Вид страна Ищец Р.В.П. Час --:-- Вид страна Ответник Н.Л.У. Час 13:43 Вид дело Гражданско дело 816/2026
25313756-062b-4b2a-9886-499e5dff1ff1,"2026 14 юли2026 Час 08:25 Вид акт Разпореждане 3296 Час 08:19 Вид заседание зала / резултат / С разпореждане 27 април2026 Час 08:56 Вид акт Заповед за изпълнение 606 Час 08:48 Вид заседание зала / резултат / Със заповед за изпълнение 24 април2026 Час 13:43 Вид разпределение Избран съдия/заседател Лилия Методиева Ненова Час --:-- Вид страна Заявител ""Водоснабдяване и канализация"" ЕООД гр. Плевен Час --:-- Вид страна Длъжник В.П.С. Час --:-- Вид страна Юрисконсулт С.Р.З. Час 13:43 Вид дело Частно гражданско дело 833/2026"
fbbfed32-de03-413d-b44b-8b07826a58b8,2026 25 юни2026 Час 14:30 Вид акт Решение 25764 Час --:-- Вид заседание зала / резултат / Проведено 12 юни2026 Час 11:40 Вид заседание зала / резултат / Обявено за решаване 15 май2026 Час 10:57 Вид акт Разпореждане 18656 Час --:-- Вид заседание зала / резултат / Проведено 24 април2026 Час 13:42 Вид разпределение Избран съдия/заседател Мария Бойкинова Час --:-- Вид страна Жалбоподател Е.Т.Ф. Час --:-- Вид страна Ответник НАЧАЛНИК ГРУПА В СТОЛИЧНА ДИРЕКЦИЯ НА ВЪТРЕШНИТЕ РАБОТИ - ОТДЕЛ ПЪТНА ПОЛИЦИЯ Час --:-- Вид страна Адвокат А.Б.Б. Час --:-- Вид страна Адвокат К.Я. Час 13:42 Вид дело Касационно административно наказателно дело 4816/2026
a520e4d9-80a7-4c66-aa31-154b1c9c7519,"2026 29 май2026 Час 11:20 Вид акт Решение 1896 26 май2026 Час 16:10 Вид акт Протокол 10487 21 май2026 Час 14:30 Вид заседание зала / резултат / Обявено за решаване 27 април2026 Час --:-- Вид страна Свидетел С.М.П. 24 април2026 Час 14:07 Вид акт Разпореждане 5394 Час 14:06 Вид заседание зала / резултат / С разпореждане за насрочване Час 13:42 Вид разпределение Избран съдия/заседател ДЕЛЯН ЛЮБОМИРОВ ДИЛКОВ Час --:-- Вид страна Жалбоподател ВАЛ ЕСТИРА ЕООД Час --:-- Вид страна Админ.наказ.орган НАЧАЛНИК ОТДЕЛ НА ""ОПЕРАТИВНИ ДЕЙНОСТИ"" СОФИЯ, ДИРЕКЦИЯ ""ОПЕРАТИВНИ ДЕЙНОСТИ"" В ГД ""ФИСКАЛЕН КОНТРОЛ"" НА НАП Час --:-- Вид страна Представител В.А.С. Час 13:42 Вид дело Административно наказателно дело 5950/2026"
1ddf9327-a481-46bf-8fcb-854db8caad7f,2026 19 юни2026 Час 14:16 Вид акт Решение 24844 12 юни2026 Час 09:15 Вид заседание зала / резултат / Обявено за решаване 29 април2026 Час 09:47 Вид акт Разпореждане 16427 Час --:-- Вид заседание зала / резултат / Проведено 24 април2026 Час 13:41 Вид разпределение Избран съдия/заседател Катя Аспарухова Час --:-- Вид страна Касатор ЦВЕТАН ТОДОРОВ КОСТАДИНОВ Час --:-- Вид страна Ответник СДВР Час --:-- Вид страна Представител Ц.Т.К. Час --:-- Вид страна Адвокат Б.А. Час 13:41 Вид дело Касационно административно наказателно дело 4815/2026
146d78f9-33be-465f-a1e8-cd11e52ff138,2026 23 юли2026 Час 10:56 Вид акт Изпълнителен лист ЗП 1255 21 юли2026 Час 20:32 Вид акт Разпореждане 9241 20 юли2026 Час 10:32 Вид заседание зала / резултат / С разпореждане 02 юни2026 Час 15:13 Вид акт Разпореждане 6674 Час 10:56 Вид заседание зала / резултат / С разпореждане 27 април2026 Час 11:56 Вид акт Заповед за изпълнение 921 Час 10:36 Вид заседание зала / резултат / Със заповед за изпълнение 24 април2026 Час 13:41 Вид разпределение Избран съдия/заседател Ненка Цветанкова Час --:-- Вид страна Заявител ЙЕТТЕЛ БЪЛГАРИЯ ЕАД Час --:-- Вид страна Длъжник П.Д.Щ. Час --:-- Вид страна Адвокат А.Т.Б. Час 13:41 Вид дело Частно гражданско дело 1729/2026
103c19d3-fe1d-4942-bcd0-d2b794980534,2026 02 октомври2026 Час 16:31 Вид акт Определение 2010 Час 15:51 Вид заседание зала / резултат / С определение 27 юли2026 Час 11:39 Вид акт Разпореждане 5543 Час 11:38 Вид акт Разпореждане 5542 Час 11:01 Вид заседание зала / резултат / С разпореждане Час 10:57 Вид заседание зала / резултат / С разпореждане 20 май2026 Час 15:19 Вид акт Разпореждане 3354 Час 15:18 Вид акт Разпореждане 3353 Час 14:04 Вид заседание зала / резултат / С разпореждане Час 13:59 Вид заседание зала / резултат / С разпореждане 28 април2026 Час 16:56 Вид акт Заповед за изпълнение 998 Час 14:42 Вид заседание зала / резултат / Със заповед за изпълнение Час 14:12 Вид акт Разпореждане 2698 Час 13:09 Вид заседание зала / резултат / С разпореждане 27 април2026 Час 10:57 Вид акт Разпореждане 2620 Час 09:59 Вид заседание зала / резултат / Без движение 24 април2026 Час 13:41 Вид разпределение Избран съдия/заседател ЙОВКА БОЙЧЕВА ПУДОВА Час --:-- Вид страна Заявител АГЕНЦИЯ ЗА СЪБИРАНЕ НА ВЗЕМАНИЯ ЕАД Час --:-- Вид страна Длъжник В.Д.К. Час --:-- Вид страна Юрисконсулт И.Н.Н. Час 13:41 Вид дело Частно гражданско дело 1405/2026
d78d5e69-a07b-49f2-a97c-7cd3b5d363d3,"2026 12 октомври2026 Час 09:50 Вид заседание зала / резултат / 01 юли2026 Час 16:49 Вид акт Протокол 13786 Час 10:00 Вид заседание зала / резултат / Отложено 12 юни2026 Час 14:32 Вид Документ Вносител Ю.М.Е.К. Час --:-- Вид страна Свидетел Д.З.М. Час --:-- Вид страна Юрисконсулт Ю.М.Е.К. 01 юни2026 Час 17:41 Вид акт Протокол 10904 Час 09:40 Вид заседание зала / резултат / Отложено 05 май2026 Час --:-- Вид страна Актосъставител М.Е.Д. Час --:-- Вид страна Адвокат Г.В.С. 28 април2026 Час 16:38 Вид акт Разпореждане 5587 Час 16:35 Вид заседание зала / резултат / 24 април2026 Час 13:41 Вид разпределение Избран съдия/заседател ГЕОРГИ СТОЯНОВ ГЕОРГИЕВ Час --:-- Вид страна Жалбоподател Топ де лукс ЕООД Час --:-- Вид страна Админ.наказ.орган НАЧАЛНИК ОТДЕЛ НА ""ОПЕРАТИВНИ ДЕЙНОСТИ"" СОФИЯ, ДИРЕКЦИЯ ""ОПЕРАТИВНИ ДЕЙНОСТИ"" В ГД ""ФИСКАЛЕН КОНТРОЛ"" НА НАП Час --:-- Вид страна Представител М.К.М. Час 13:41 Вид дело Административно наказателно дело 5949/2026"
37423548-e06a-4a61-8c8d-d75265d565e9,2026 13 август2026 Час 12:30 Вид акт Изпълнителен лист ЗП 418 10 август2026 Час 14:07 Вид акт Разпореждане 1785 Час 14:06 Вид акт Разпореждане 1784 Час 14:05 Вид заседание зала / резултат / С разпореждане Час 14:04 Вид заседание зала / резултат / С разпореждане 24 април2026 Час 15:07 Вид акт Заповед за изпълнение 531 Час 15:06 Вид заседание зала / резултат / Решено с акт по същество в закрито заседание Час 13:41 Вид разпределение Избран съдия/заседател ПЕТЯ ИВАНОВА ЗДРАВКОВА Час --:-- Вид страна Заявител ЕОС МАТРИКС ЕАД Час --:-- Вид страна Длъжник В.И.Е. Час --:-- Вид страна Адвокат Г.И.Х. Час 13:41 Вид дело Частно гражданско дело 650/2026
96b9943b-f12b-4a21-89d3-ac3ef79b34c1,2026 12 май2026 Час 16:14 Вид акт Изпълнителен лист ЗП 553 Час 16:13 Вид акт Заповед за изпълнение 1736 Час 16:10 Вид заседание зала / резултат / Със заповед за изпълнение 24 април2026 Час 16:40 Вид акт Разпореждане 1307 Час 16:39 Вид заседание зала / резултат / Без движение Час 13:41 Вид разпределение Избран съдия/заседател Светослав Атанасов Пиронев Час --:-- Вид страна Заявител Бигбанк АС - клон България КЧТ Час --:-- Вид страна Длъжник П.А.Г. Час --:-- Вид страна Пълномощник Н.Д.Д. Час 13:41 Вид дело Частно гражданско дело 1889/2026
5958538f-8ede-4d72-b20c-7efad933e358,2026 27 април2026 Час 14:27 Вид акт Изпълнителен лист ЗП 4387 Час 14:26 Вид акт Заповед за изпълнение 725 Час 14:24 Вид заседание зала / резултат / Със заповед за изпълнение 24 април2026 Час 15:53 Вид акт Разпореждане 51960 Час 15:50 Вид заседание зала / резултат / Без движение Час 13:41 Вид разпределение Избран съдия/заседател ИЛИНА ЛЮБОМИРОВА ГАЧЕВА Час --:-- Вид страна Заявител АЙЗАЕМ.БГ ООД Час --:-- Вид страна Длъжник В.Д.П. Час --:-- Вид страна Адвокат И.К.М. Час 13:41 Вид дело Частно гражданско дело 11118/2026
464e3d90-a354-4c4a-9021-c019aac4d918,"2026 29 май2026 Час 10:59 Вид акт Определение 2039 27 май2026 Час 13:53 Вид заседание зала / резултат / С определение, приключващо делото 28 април2026 Час 15:59 Вид акт Определение 1657 27 април2026 Час 16:34 Вид заседание зала / резултат / Прекратено производство по други причини 24 април2026 Час 13:41 Вид разпределение Избран съдия/заседател Емилия Атанасова Колева Час --:-- Вид страна Жалбоподател Ц.Г.Г. Час 13:40 Вид дело Въззивно частно наказателно дело 2840/2026"
efe63c8c-0905-4360-83f7-8fe8a887195b,2026 24 април2026 Час 13:40 Вид разпределение Избран съдия/заседател Ивета Николаева Петрова Час --:-- Вид страна Ищец С.В.А. Час --:-- Вид страна Ответник Х.Е.Г. Час 13:40 Вид дело Гражданско дело 752/2026
9b840a01-cb89-4cf1-bd8c-d18cdc0ff315,"2026 18 септември2026 Час 14:59 Вид акт Решение 3504 25 юни2026 Час 14:04 Вид акт Протокол 13236 23 юни2026 Час 10:00 Вид заседание зала / резултат / Обявено за решаване 09 юни2026 Час --:-- Вид страна Юрисконсулт Й.Й. 08 юни2026 Час 12:54 Вид акт Протокол 11550 03 юни2026 Час 14:00 Вид заседание зала / резултат / Отложено 07 май2026 Час --:-- Вид страна Обвинител СРП Час --:-- Вид страна Актосъставител М.Б.Н. 01 май2026 Час 13:35 Вид акт Разпореждане 5772 Час 13:33 Вид заседание зала / резултат / С разпореждане за насрочване 24 април2026 Час 13:40 Вид разпределение Избран съдия/заседател АЛБЕНА ТАКОВА МОМЧИЛОВА Час --:-- Вид страна Жалбоподател БРЦ БЪЛГАРИЯ ООД Час --:-- Вид страна Админ.наказ.орган НАЧАЛНИК ОТДЕЛ НА ""ОПЕРАТИВНИ ДЕЙНОСТИ"" СОФИЯ, ДИРЕКЦИЯ ""ОПЕРАТИВНИ ДЕЙНОСТИ"" В ГД ""ФИСКАЛЕН КОНТРОЛ"" НА НАП Час --:-- Вид страна Представител И.Г.И. Час --:-- Вид страна Адвокат Д.Г.Б. Час 13:40 Вид дело Административно наказателно дело 5948/2026"
562f3be5-85dd-4fbe-ac6c-1758b9bb6c25,2026 27 април2026 Час 10:57 Вид акт Определение 1914 Час 10:54 Вид заседание зала / резултат / Прекратено производство 24 април2026 Час 13:40 Вид разпределение Избран съдия/заседател ПЕТРОСЛАВ ВОЛЕВ КЪНЕВ Час --:-- Вид страна Жалбоподател БЪЛГЕРИЪН КОНСТРАКШЪН КЪМПАНИ ООД Час --:-- Вид страна Админ.наказ.орган ЗАМЕСТНИК ДИРЕКТОР НА ТД НА НАП Час --:-- Вид страна Адвокат В.М.Т. Час 13:40 Вид дело Административно наказателно дело 5947/2026
f01fa8ba-c5c7-41e4-87cd-41172b8cdb51,"2026 22 октомври2026 Час 15:00 Вид заседание зала / резултат / 06 август2026 Час --:-- Вид страна Свидетел М.Б.Н. 29 юли2026 Час 14:06 Вид акт Разпореждане 9839 Час 14:04 Вид заседание зала / резултат / С разпореждане за насрочване 24 април2026 Час 13:39 Вид разпределение Избран съдия/заседател ВЕСЕЛКА НИКОЛОВА ЙОРДАНОВА Час --:-- Вид страна Жалбоподател БРЦ БЪЛГАРИЯ ООД Час --:-- Вид страна Админ.наказ.орган НАЧАЛНИК ОТДЕЛ НА ""ОПЕРАТИВНИ ДЕЙНОСТИ"" СОФИЯ, ДИРЕКЦИЯ ""ОПЕРАТИВНИ ДЕЙНОСТИ"" В ГД ""ФИСКАЛЕН КОНТРОЛ"" НА НАП Час --:-- Вид страна Представител И.Г.И. Час --:-- Вид страна Адвокат Д.Г.Б. Час 13:39 Вид дело Административно наказателно дело 5946/2026"
7989edcd-6a2c-495c-b981-d9fee5b62a40,2026 03 август2026 Час 16:44 Вид акт Изпълнителен лист ЗП 1008 Час 16:31 Вид акт Разпореждане 4308 Час 16:29 Вид заседание зала / резултат / С разпореждане 26 май2026 Час 10:37 Вид акт Разпореждане 2531 Час 10:37 Вид акт Заповед за изпълнение 876 Час 10:36 Вид заседание зала / резултат / С разпореждане Час 10:32 Вид заседание зала / резултат / Със заповед за изпълнение 27 април2026 Час 10:31 Вид акт Разпореждане 1970 Час 10:29 Вид заседание зала / резултат / Без движение 24 април2026 Час 13:39 Вид разпределение Избран съдия/заседател ГЕОРГИ ГЕОРГИЕВ Час --:-- Вид страна Заявител Агенция за събиране на вземания ЕАД Час --:-- Вид страна Длъжник Е.Д.М. Час --:-- Вид страна Юрисконсулт И.Н.Н. Час 13:39 Вид дело Частно гражданско дело 1326/2026
c4395904-b274-4626-b900-8c87134e150a,2026 08 май2026 Час 09:58 Вид акт Изпълнителен лист ЗП 4694 Час 09:56 Вид акт Заповед за изпълнение 793 Час 09:50 Вид акт Разпореждане 56514 Час 09:49 Вид заседание зала / резултат / Решено с акт по същество в закрито заседание Час 09:46 Вид заседание зала / резултат / С разпореждане 27 април2026 Час 08:56 Вид акт Разпореждане 52208 Час 08:53 Вид заседание зала / резултат / С разпореждане 24 април2026 Час 13:39 Вид разпределение Избран съдия/заседател СЛАВЕНА ГАЛИНОВА КОЙЧЕВА-ПЕЕВА Час --:-- Вид страна Заявител АЙЗАЕМ.БГ ООД Час --:-- Вид страна Длъжник В.А.С. Час --:-- Вид страна Адвокат И.К.М. Час 13:39 Вид дело Частно гражданско дело 11117/2026
9f6668a1-391a-46e8-bb46-e10923e26fb7,2026 27 октомври2026 Час 10:00 Вид заседание зала / резултат / 16 септември2026 Час 13:28 Вид акт Определение 443 Час 13:24 Вид заседание зала / резултат / Насрочено за I-во заседание 26 май2026 Час --:-- Вид страна Адвокат С.В.К. Час --:-- Вид страна Адвокат П.Х.Р. 27 април2026 Час 10:50 Вид акт Разпореждане 1365 Час 10:48 Вид заседание зала / резултат / С определение/разпореждане по чл. 131 ГПК/чл. 367 ГПК Час --:-- Вид страна Представляващ К.П.К. 24 април2026 Час 13:38 Вид разпределение Избран съдия/заседател ЦВЕТОМИЛ ГОРЧЕВ Час --:-- Вид страна Ищец И.И.А. Час --:-- Вид страна Ответник Кооперация ЧАСТНА ПРОИЗВОДСТВЕНО-ПОТРЕБИТЕЛНА КООПЕРАЦИЯ НАША НИВА Час 13:38 Вид дело Гражданско дело 534/2026
4be36e74-3853-4730-b58d-a65978386ba0,"2026 06 юли2026 Час 10:24 Вид акт Решение 2542 03 юни2026 Час 14:14 Вид акт Протокол 11165 01 юни2026 Час 11:15 Вид заседание зала / резултат / С решение и мотиви 11 май2026 Час --:-- Вид страна Свидетел М.Б.Н. Час --:-- Вид страна Свидетел Л.В.Б. 01 май2026 Час 11:21 Вид акт Разпореждане 5759 Час 11:20 Вид заседание зала / резултат / С разпореждане за насрочване 24 април2026 Час 13:38 Вид разпределение Избран съдия/заседател ПЕТЯ НИКОЛОВА ТОПАЛОВА Час --:-- Вид страна Жалбоподател БРЦ БЪЛГАРИЯ ООД Час --:-- Вид страна Админ.наказ.орган НАЧАЛНИК ОТДЕЛ НА ""ОПЕРАТИВНИ ДЕЙНОСТИ"" СОФИЯ, ДИРЕКЦИЯ ""ОПЕРАТИВНИ ДЕЙНОСТИ"" В ГД ""ФИСКАЛЕН КОНТРОЛ"" НА НАП Час --:-- Вид страна Представител И.Г.И. Час --:-- Вид страна Адвокат Д.Г.Б. Час 13:38 Вид дело Административно наказателно дело 5945/2026"
757c358e-6677-4920-b143-c72db39b63d0,2026 29 октомври2026 Час 09:40 Вид заседание зала / резултат / 07 юли2026 Час 19:34 Вид акт Разпореждане 8912 Час 19:31 Вид заседание зала / резултат / С разпореждане за насрочване 18 май2026 Час 20:44 Вид акт Разпореждане 6453 Час 20:42 Вид заседание зала / резултат / С разпореждане 24 април2026 Час 13:38 Вид разпределение Избран съдия/заседател НАДЯ СТЕФАНОВА БАКАЛОВА Час --:-- Вид страна Жалбоподател ЕКО ПАЗАРИ ЕООД Час --:-- Вид страна Админ.наказ.орган СДВР Час --:-- Вид страна Представител К.К.Б. Час --:-- Вид страна Адвокат П.В.П. Час 13:38 Вид дело Административно наказателно дело 5944/2026
fced3d86-3258-4712-a5a8-0eda0053ab87,"2026 12 юни2026 Час 09:40 Вид заседание зала / резултат / Обявено за решаване 13 май2026 Час 15:33 Вид акт Определение 18203 Час --:-- Вид заседание зала / резултат / Проведено 12 май2026 Час 19:53 Вид акт Разпореждане 18051 Час 19:51 Вид акт Разпореждане 18050 Час --:-- Вид заседание зала / резултат / Проведено Час --:-- Вид заседание зала / резултат / Проведено 24 април2026 Час 13:40 Вид разпределение Избран съдия/заседател Боряна Бороджиева Час --:-- Вид страна Жалбоподател ЛИДЛ БЪЛГАРИЯ ЕООД ЕНД И КО КД - СЕЛО РАВНО ПОЛЕ, ОБЩ. ЕЛИН ПЕЛИН Час --:-- Вид страна Ответник НАЧАЛНИК ОТДЕЛ ""ОПЕРАТИВНИ ДЕЙНОСТИ"" - В ГЛАВНА ДИРЕКЦИЯ ""ФИКСАЛЕН КОНТРОЛ"" - СОФИЯ ПРИ ЦУ НА НАП Час --:-- Вид страна Адвокат В.В. Час 13:37 Вид дело Касационно административно наказателно дело 4814/2026"
986b79ce-623b-48a7-86c5-e404cbb0ef32,"2026 24 април2026 Час 15:04 Вид акт Определение 372 Час 14:56 Вид заседание зала / резултат / С определение, приключващо делото Час 13:37 Вид разпределение Избран съдия/заседател Катя Господинова Час --:-- Вид страна Заявител Окръжна прокуратура - Пловдив Час 13:37 Вид дело Частно наказателно дело 794/2026"
5b8f50d3-0ce6-44f3-b46d-e3e4cdccbbbc,2026 07 октомври2026 Час 09:00 Вид заседание зала / резултат / 16 септември2026 Час 11:06 Вид акт Разпореждане 111238 15 септември2026 Час 09:05 Вид заседание зала / резултат / С разпореждане 21 август2026 Час 15:33 Вид акт Разпореждане 101326 Час 15:21 Вид заседание зала / резултат / С разпореждане 20 август2026 Час 10:29 Вид акт Разпореждане 100679 Час 10:25 Вид заседание зала / резултат / С разпореждане 13 август2026 Час 21:14 Вид акт Разпореждане 98310 Час --:-- Вид заседание зала / резултат / С разпореждане 11 август2026 Час 16:28 Вид Документ Вносител К.Г.К. Час 11:44 Вид акт Протокол 20297 05 август2026 Час 13:30 Вид заседание зала / резултат / Отложено в ОСЗ Час --:-- Вид страна Свидетел Е.С.И. Час --:-- Вид страна Свидетел Б.В.И. 25 юли2026 Час --:-- Вид страна Вещо лице С.Е.Ц. 26 юни2026 Час --:-- Вид страна Свидетел Е.С.И. 25 юни2026 Час 11:03 Вид акт Определение 23281 Час 10:33 Вид заседание зала / резултат / С определение Час 10:33 Вид акт Разпореждане 77245 Час 10:30 Вид заседание зала / резултат / С разпореждане Час --:-- Вид страна Вещо лице С.Е.Ц. 08 юни2026 Час --:-- Вид страна Адвокат С.Т.Р. 04 юни2026 Час 16:12 Вид акт Определение 20796 Час 14:53 Вид заседание зала / резултат / С определение 02 юни2026 Час 15:57 Вид акт Протокол 14708 29 май2026 Час 13:00 Вид заседание зала / резултат / Отложено в I-во заседание 12 май2026 Час 11:42 Вид акт Разпореждане 57979 Час 11:40 Вид заседание зала / резултат / С разпореждане Час --:-- Вид страна Адвокат К.Г.К. 11 май2026 Час 16:49 Вид акт Определение 17639 Час 16:27 Вид заседание зала / резултат / Насрочено в I-во заседание БЕЗ РАЗМЯНА НА КНИЖА 05 май2026 Час 17:46 Вид акт Заповед 160 Час 17:43 Вид заседание зала / резултат / Със заповед за незабавна защита 24 април2026 Час 13:56 Вид акт Разпореждане 51749 Час 13:52 Вид заседание зала / резултат / Без движение Час 13:37 Вид разпределение Избран съдия/заседател БЕТИНА БОГДАНОВА БОШНАКОВА Час --:-- Вид страна Молител Д.А.Б.М. Час --:-- Вид страна Ответник Р.Г.М. Час 13:37 Вид дело Гражданско дело 11116/2026
d42b41fe-89c5-401b-ac19-5fa4d766567e,2026 15 август2026 Час 16:20 Вид акт Разпореждане 4913 Час 16:18 Вид заседание зала / резултат / С разпореждане 05 юни2026 Час 14:53 Вид акт Разпореждане 2822 Час 14:51 Вид заседание зала / резултат / С разпореждане 24 април2026 Час 15:27 Вид акт Заповед за изпълнение 1341 Час 15:23 Вид заседание зала / резултат / Със заповед за изпълнение Час 13:37 Вид разпределение Избран съдия/заседател Милена Стоянова Стоянова Час --:-- Вид страна Заявител ЙЕТТЕЛ БЪЛГАРИЯ ЕАД Час --:-- Вид страна Длъжник А.С.Н. Час --:-- Вид страна Адвокат А.Т.Б. Час 13:37 Вид дело Частно гражданско дело 1707/2026
721f4c3b-0b6f-426e-966d-7dc0b64bac52,2026 06 юли2026 Час 21:17 Вид акт Разпореждане 2857 Час 21:15 Вид заседание зала / резултат / Решено с акт по същество в закрито заседание 24 април2026 Час 14:23 Вид акт Разпореждане 1580 Час 14:19 Вид заседание зала / резултат / Без движение Час 13:37 Вид разпределение Избран съдия/заседател Ани Борисова Георгиева Час --:-- Вид страна Заявител ЕОС МАТРИКС ЕАД Час --:-- Вид страна Длъжник В.В.А. Час --:-- Вид страна Адвокат Г.И.Х. Час 13:37 Вид дело Частно гражданско дело 865/2026
e85a7b76-bc05-45c4-b05c-beff80e3fc4c,2026 16 юни2026 Час 14:18 Вид акт Изпълнителен лист ЗП 1246 27 април2026 Час 10:34 Вид акт Заповед за изпълнение 1702 Час 10:16 Вид заседание зала / резултат / Със заповед за изпълнение 24 април2026 Час 13:37 Вид разпределение Избран съдия/заседател Цветан Христов Петков Час --:-- Вид страна Заявител АПС БЕТА БЪЛГАРИЯ ЕООД Час --:-- Вид страна Друго П.В. Час --:-- Вид страна Друго Х.М. Час --:-- Вид страна Длъжник Е.М.Д. Час --:-- Вид страна Юрисконсулт Б.Д.Т. Час 13:37 Вид дело Частно гражданско дело 1946/2026
0630584c-7487-434d-9dec-071d84eda74b,2026 14 август2026 Час 13:28 Вид акт Разпореждане 6462 Час 13:13 Вид заседание зала / резултат / С разпореждане 27 юли2026 Час 16:03 Вид акт Разпореждане 6044 Час 16:01 Вид заседание зала / резултат / С разпореждане 29 юни2026 Час 18:46 Вид акт Разпореждане 5265 Час 18:41 Вид заседание зала / резултат / С разпореждане 16 юни2026 Час 18:04 Вид акт Разпореждане 5011 Час 18:00 Вид заседание зала / резултат / С разпореждане 19 май2026 Час 16:49 Вид акт Разпореждане 4325 Час 16:45 Вид заседание зала / резултат / С определение/разпореждане по чл. 131 ГПК/чл. 367 ГПК 29 април2026 Час 14:55 Вид акт Разпореждане 3769 Час 14:51 Вид заседание зала / резултат / Без движение 24 април2026 Час 13:37 Вид разпределение Избран съдия/заседател Живка Кирилова Желязкова - Спирова Час --:-- Вид страна Ищец С.Н.М. Час --:-- Вид страна Ответник С.Ф.К. Час --:-- Вид страна Ответник Н.М.К. Час --:-- Вид страна Ответник Ф.М.К. Час --:-- Вид страна Адвокат С.К.П. Час 13:36 Вид дело Гражданско дело 1544/2026
5526c8db-c8b3-429f-9de6-b658a84f868c,2026 26 ноември2026 Час 10:30 Вид заседание зала / резултат / 30 август2026 Час 11:00 Вид акт Разпореждане 11301 Час 10:58 Вид заседание зала / резултат / 24 април2026 Час 13:37 Вид разпределение Избран съдия/заседател ЧАВДАР АЛЕКСАНДРОВ КОСТОВ Час --:-- Вид страна Жалбоподател ЕКО ПАЗАРИ ЕООД- КРАСИМИР КРЪСТЕВ БУРТЧИЙСКИ Час --:-- Вид страна Админ.наказ.орган СДВР Час --:-- Вид страна Представител К.К.Б. Час --:-- Вид страна Адвокат П.В.П. Час 13:36 Вид дело Административно наказателно дело 5943/2026
8404d187-8124-4af8-af30-9df3a4d0f60d,"2026 04 май2026 Час 12:45 Вид акт Протоколно определение 2502 Час 10:00 Вид заседание зала / резултат / С определение, приключващо делото 24 април2026 Час 13:37 Вид разпределение Избран съдия/заседател Мирослава Тодорова Час --:-- Вид страна Вносител 03 РУ СДВР Час 13:36 Вид дело Частно наказателно дело 2839/2026"
e4bf749e-a8d7-412a-b5dc-ff0ed8a2b263,2026 27 октомври2026 Час 11:00 Вид заседание зала / резултат / 08 октомври2026 Час 14:00 Вид заседание зала / резултат / Отменено 30 септември2026 Час 10:21 Вид акт Протоколно определение 5200 28 септември2026 Час --:-- Вид страна Обвинител М.Д.Т. Час --:-- Вид страна Свидетел А.Н.В. Час --:-- Вид страна Свидетел Г.И.П. Час --:-- Вид страна Свидетел С.В.Г. 18 септември2026 Час 11:00 Вид заседание зала / резултат / Отложено 17 септември2026 Час 14:49 Вид разпределение Избран съдия/заседател Снежана Ангелова Славова Час 14:48 Вид разпределение Избран съдия/заседател Евгений Кирилов Пепелянков Час 14:42 Вид разпределение Избран съдия/заседател Емиляна Тодорова Попова Час 14:15 Вид разпределение Избран съдия/заседател Велина Николаева Стоянова Час 14:13 Вид разпределение Избран съдия/заседател Стоименка Маринова Цукева Час 14:09 Вид разпределение Избран съдия/заседател Ева Евгениева Марчева Час 14:07 Вид разпределение Избран съдия/заседател Юлий Викторов Цветков Час 14:04 Вид разпределение Избран съдия/заседател Младенка Станкова Тошева 10 август2026 Час 14:28 Вид разпределение Избран съдия/заседател Младенка Станкова Тошева Час 09:34 Вид разпределение Избран съдия/заседател Цветомир Денчев Маринов Час 09:34 Вид разпределение Избран съдия/заседател Божил Николов Яначков 14 юли2026 Час 09:21 Вид акт Протоколно определение 4066 07 юли2026 Час --:-- Вид страна Вещо лице Д.А.А. Час --:-- Вид страна Вещо лице С.К.Б. Час --:-- Вид страна Вещо лице Г.И.Т. Час --:-- Вид страна Вещо лице И.Г.Ч. 30 юни2026 Час 15:00 Вид заседание зала / резултат / Отложено 29 юни2026 Час 13:43 Вид акт Протокол 3743 10 юни2026 Час 14:00 Вид заседание зала / резултат / Отложено 08 юни2026 Час --:-- Вид страна Адвокат К.К.Т. 22 май2026 Час 16:04 Вид акт Протокол 2930 20 май2026 Час 11:00 Вид заседание зала / резултат / Отложено Час --:-- Вид страна Обвинител Д.В.М. 04 май2026 Час 10:19 Вид разпределение Избран съдия/заседател Стилиян Василев Апостолов Час 10:19 Вид разпределение Избран съдия/заседател Темида Иванова Петрова Час 10:12 Вид разпределение Избран съдия/заседател Емиляна Тодорова Попова 30 април2026 Час 10:53 Вид разпределение Избран съдия/заседател Валентина Владимирова Йорданова Час 10:11 Вид разпределение Избран съдия/заседател Лилия Ботева Будинова Час 09:31 Вид разпределение Избран съдия/заседател Никола Иванов Андров Час 09:06 Вид разпределение Избран съдия/заседател Елиана Николова Захариева 29 април2026 Час --:-- Вид страна Пострадал В.Н.В. Час --:-- Вид страна Адвокат П.К.П. Час --:-- Вид страна Адвокат И.С.В. Час --:-- Вид страна Повереник Е.Н.Х. 28 април2026 Час 15:47 Вид акт Разпореждане 1497 Час 15:26 Вид заседание зала / резултат / С разпореждане за насрочване 24 април2026 Час 13:36 Вид разпределение Избран съдия/заседател Силвия Борисова Русева Час --:-- Вид страна Вносител Софийска градска прокуратура Час --:-- Вид страна Подсъдим К.В.А. Час --:-- Вид страна Подсъдим Ц.М.П. Час --:-- Вид страна Подсъдим М.М.П. Час --:-- Вид страна Подсъдим А.М.П. Час 13:36 Вид дело Наказателно дело от общ характер 2838/2026
a85fe309-8d5c-4f9f-bb27-dc1c43ecd816,"2026 24 април2026 Час 14:55 Вид акт Определение 371 Час 14:49 Вид заседание зала / резултат / С определение, приключващо делото Час 13:36 Вид разпределение Избран съдия/заседател Катя Господинова Час --:-- Вид страна Заявител Окръжна прокуратура - Пловдив Час 13:35 Вид дело Частно наказателно дело 793/2026"
3ab13a74-40ce-44c2-9ab6-18c18b875e50,2026 15 юли2026 Час 15:14 Вид акт Протоколно определение 1191 Час 15:00 Вид заседание зала / резултат / Прекратено след насрочване 06 юли2026 Час 11:50 Вид акт Разпореждане 5395 Час 11:48 Вид заседание зала / резултат / С разпореждане 03 юни2026 Час 14:28 Вид акт Определение 2445 Час 14:23 Вид заседание зала / резултат / Насрочено в I-во заседание БЕЗ РАЗМЯНА НА КНИЖА Час --:-- Вид страна Наследник П.С.Б. 24 април2026 Час 15:40 Вид акт Разпореждане 3668 Час 15:38 Вид заседание зала / резултат / С разпореждане Час 13:35 Вид разпределение Избран съдия/заседател Ива Илиева Стойчева Коджабашева Час --:-- Вид страна Молител Банка ДСК АД Час --:-- Вид страна Наследодател С.П.Б. Час --:-- Вид страна Пълномощник В.Л.А. Час 13:35 Вид дело Частно гражданско дело 1543/2026
72315679-4a93-448d-842d-6272fc5216ef,2026 24 юни2026 Час 14:42 Вид акт Разпореждане 3638 Час 14:40 Вид заседание зала / резултат / 07 юни2026 Час 10:44 Вид акт Разпореждане 3294 Час 10:32 Вид заседание зала / резултат / 30 април2026 Час 11:29 Вид акт Определение 1444 29 април2026 Час 15:50 Вид заседание зала / резултат / Прекратено преди насрочване/разглеждане в ЗЗ 24 април2026 Час 13:35 Вид разпределение Избран съдия/заседател Женя Димитрова Час --:-- Вид страна Жалбоподател НАЦИОНАЛНА ПОТРЕБИТЕЛНА КООПЕРАЦИЯ НА СЛЕПИТЕ В БЪЛГАРИЯ Час --:-- Вид страна Друго ДСИ при Районен съд - Монтана Час --:-- Вид страна Ответник Р.И.П. Час --:-- Вид страна Ответник И.И.П. Час --:-- Вид страна Адвокат М.П.Г. Час 13:35 Вид дело Въззивно частно гражданско дело 1213/2026
0bd0abbd-006d-4d87-a40d-36fc677627aa,2026 27 април2026 Час 09:51 Вид акт Протоколно определение 450 24 април2026 Час 15:00 Вид заседание зала / резултат / С протокол Час 13:39 Вид акт Разпореждане 769 Час 13:37 Вид заседание зала / резултат / С разпореждане за насрочване Час 13:35 Вид разпределение Избран съдия/заседател Валентина Любенова Тонева Час --:-- Вид страна Вносител Районно управление ”Полиция” - Шумен Час --:-- Вид страна Обвинител В.Ц.К. Час --:-- Вид страна Обвиняем Д.Г.Г. Час 13:35 Вид дело Частно наказателно дело 903/2026
96957421-9dc7-4e5b-8288-b20afdf8b7e7,"2026 26 ноември2026 Час 10:15 Вид заседание зала / резултат / 30 август2026 Час 10:53 Вид акт Разпореждане 11300 Час 10:51 Вид заседание зала / резултат / 24 април2026 Час 13:35 Вид разпределение Избран съдия/заседател ЧАВДАР АЛЕКСАНДРОВ КОСТОВ Час --:-- Вид страна Жалбоподател ЕКО ПАЗАРИ ЕООД Час --:-- Вид страна Жалбоподател К.К.Б.П."".П. Час --:-- Вид страна Админ.наказ.орган СДВР Час --:-- Вид страна Адвокат П.В.П. Час 13:35 Вид дело Административно наказателно дело 5942/2026"
4128e918-616d-4005-983b-b8533faec541,2026 10 септември2026 Час 16:48 Вид акт Протоколно определение 347 09 септември2026 Час 14:00 Вид заседание зала / резултат / Обявено за решаване 08 юни2026 Час 15:15 Вид акт Разпореждане 379 Час 15:13 Вид заседание зала / резултат / С разпореждане за насрочване 24 април2026 Час 13:35 Вид разпределение Избран съдия/заседател Ангелина Гергинова Гергинска Час --:-- Вид страна Жалбоподател И.П.В. Час --:-- Вид страна Админ.наказ.орган ОД МВР СОФИЯ Час 13:35 Вид дело Административно наказателно дело 145/2026
5d40382b-ae0c-482a-916f-831adc84ba0c,2026 04 август2026 Час 16:24 Вид акт Изпълнителен лист ЗП 58 03 август2026 Час 19:45 Вид акт Разпореждане 604 Час 17:20 Вид заседание зала / резултат / С разпореждане 07 май2026 Час 12:23 Вид акт Заповед за изпълнение 16 Час 12:11 Вид акт Разпореждане 275 Час 11:30 Вид заседание зала / резултат / Решено с акт по същество в закрито заседание 24 април2026 Час 17:51 Вид акт Разпореждане 254 Час 17:20 Вид заседание зала / резултат / Без движение Час 13:35 Вид разпределение Избран съдия/заседател Радина Василева Хаджикирева Час --:-- Вид страна Заявител Агенция за събиране на вземания ЕАД Час --:-- Вид страна Длъжник И.Н.Й. Час --:-- Вид страна Юрисконсулт И.Н.Н. Час 13:35 Вид дело Частно гражданско дело 118/2026
82192ed2-4dc6-458c-aad3-d34ea2ff5e13,2026 30 юли2026 Час 15:36 Вид акт Изпълнителен лист ЗП 564 24 април2026 Час 14:33 Вид акт Заповед за изпълнение 542 Час 14:32 Вид заседание зала / резултат / Със заповед за изпълнение Час 13:35 Вид разпределение Избран съдия/заседател КАТЯ БОЖИДАРОВА АНГЕЛОВА-ПЕТРОВА Час --:-- Вид страна Заявител ЙЕТТЕЛ БЪЛГАРИЯ ЕАД Час --:-- Вид страна Длъжник К.Б.Н. Час --:-- Вид страна Адвокат А.Т.Б. Час 13:35 Вид дело Частно гражданско дело 797/2026
a0506596-562b-4edf-96a4-13d9a71c45db,2026 21 октомври2026 Час 15:00 Вид заседание зала / резултат / 29 юли2026 Час 13:57 Вид акт Разпореждане 9837 Час 13:55 Вид заседание зала / резултат / С разпореждане за насрочване 24 април2026 Час 13:34 Вид разпределение Избран съдия/заседател ВЕСЕЛКА НИКОЛОВА ЙОРДАНОВА Час --:-- Вид страна Жалбоподател ЕКО ПАЗАРИ ЕООД Час --:-- Вид страна Админ.наказ.орган СДВР Час --:-- Вид страна Представител К.К.Б. Час --:-- Вид страна Адвокат П.В.П. Час 13:34 Вид дело Административно наказателно дело 5941/2026
68c1149b-c443-4fff-b7d0-7c02acbcdb21,"2026 24 април2026 Час 14:48 Вид акт Определение 370 Час 14:36 Вид заседание зала / резултат / С определение, приключващо делото Час 13:34 Вид разпределение Избран съдия/заседател Катя Господинова Час --:-- Вид страна Заявител Окръжна прокуратура - Пловдив Час 13:34 Вид дело Частно наказателно дело 792/2026"
75661695-88b6-4b8b-a809-b1281900b343,2026 06 октомври2026 Час 10:00 Вид заседание зала / резултат / Със споразумение Час --:-- Вид страна Друго Районно управление ”Полиция” - Павликени 06 юли2026 Час --:-- Вид страна Свидетел Д.С.Д. Час --:-- Вид страна Свидетел М.З.Д. Час --:-- Вид страна Свидетел В.С.С. Час --:-- Вид страна Свидетел И.К.И. Час --:-- Вид страна Свидетел М.Ж.Ж. Час --:-- Вид страна Свидетел П.М.Д. Час --:-- Вид страна Свидетел Ц.И.Р. Час --:-- Вид страна Свидетел Н.Р.Н. 02 юли2026 Час 13:48 Вид акт Протокол 190 30 юни2026 Час 13:00 Вид заседание зала / резултат / Определение по чл. 248 НПК Час --:-- Вид страна Обвинител А.Ф. Час --:-- Вид страна Частен обвинител Д.С.Д. 26 май2026 Час 16:21 Вид акт Протокол 146 21 май2026 Час 14:00 Вид заседание зала / резултат / Отложено Час --:-- Вид страна Обвинител Г.Д. 27 април2026 Час 11:00 Вид разпределение Избран съдия/заседател МАРИНЕЛА ЯНКОВА ТОНКОВА Час 10:59 Вид разпределение Избран съдия/заседател СИЛВИЯ МАНОЛОВА АСЕНОВА 24 април2026 Час 14:43 Вид акт Разпореждане 130 Час 14:40 Вид заседание зала / резултат / С разпореждане за насрочване Час 13:34 Вид разпределение Избран съдия/заседател РУМЕНА ФОТИ Час --:-- Вид страна Вносител ТО-Павликени към РП-Велико Търново Час --:-- Вид страна Подсъдим Л.М.М. Час --:-- Вид страна Защитник Х.М.Д. Час --:-- Вид страна Повереник И.Х.Д. Час 13:33 Вид дело Наказателно дело от общ характер 89/2026
642ec647-979e-475a-a102-97341a1e534f,2026 25 август2026 Час 15:09 Вид акт Разпореждане 2604 Час 15:00 Вид заседание зала / резултат / С акт по чл. 95 от ГПК 29 юли2026 Час 15:17 Вид акт Разпореждане 2216 Час 15:15 Вид заседание зала / резултат / С разпореждане 10 юни2026 Час 17:03 Вид акт Разпореждане 1631 Час 17:00 Вид заседание зала / резултат / С определение/разпореждане по чл. 131 ГПК/чл. 367 ГПК 04 май2026 Час 15:58 Вид акт Разпореждане 1268 Час 15:00 Вид заседание зала / резултат / Без движение 24 април2026 Час 13:33 Вид разпределение Избран съдия/заседател Диана Сотирова Танкова Час --:-- Вид страна Ищец ЙЕТТЕЛ БЪЛГАРИЯ ЕАД Час --:-- Вид страна Ответник М.Р.А. Час 13:33 Вид дело Гражданско дело 532/2026
859997ee-68b2-4ced-80a6-200d751ce6dc,2026 13 август2026 Час 16:18 Вид акт Решение 3092 14 юли2026 Час 11:23 Вид акт Протокол 14714 30 юни2026 Час 11:15 Вид заседание зала / резултат / С решение и мотиви 28 април2026 Час 08:37 Вид акт Разпореждане 5517 Час 08:35 Вид заседание зала / резултат / С разпореждане за насрочване 24 април2026 Час 13:33 Вид разпределение Избран съдия/заседател АЛБЕНА БОРИСОВА ДОЙНОВА Час --:-- Вид страна Жалбоподател ЕКО ПАЗАРИ ЕООД Час --:-- Вид страна Админ.наказ.орган СДВР Час --:-- Вид страна Представител К.К.Б. Час --:-- Вид страна Адвокат П.В.П. Час 13:33 Вид дело Административно наказателно дело 5940/2026
974358b4-02bf-4e06-955d-d14b5a2a9b45,2026 12 юни2026 Час 11:22 Вид акт Изпълнителен лист ЗП 499 Час 10:35 Вид акт Разпореждане 1962 Час 10:32 Вид заседание зала / резултат / С разпореждане 27 април2026 Час 08:45 Вид акт Заповед за изпълнение 376 Час 08:44 Вид заседание зала / резултат / Със заповед за изпълнение 24 април2026 Час 13:33 Вид разпределение Избран съдия/заседател ЦВЕТОМИЛ ГОРЧЕВ Час --:-- Вид страна Заявител ЕОС МАТРИКС ЕАД Час --:-- Вид страна Длъжник В.С.Х. Час --:-- Вид страна Адвокат Г.И.Х. Час 13:33 Вид дело Частно гражданско дело 533/2026
e7c25523-665c-4d4b-bcc7-77005ccbbe52,2026 12 ноември2026 Час 10:30 Вид заседание зала / резултат / Насрочено 24 септември2026 Час 18:04 Вид Документ Вносител Д.С. Час 18:04 Вид Документ Вносител Д.С. Час 10:00 Вид заседание зала / резултат / Отложено 24 юли2026 Час 14:15 Вид акт Определение 3081 Час --:-- Вид заседание зала / резултат / Проведено 03 юли2026 Час 13:48 Вид акт Определение 2773 Час --:-- Вид заседание зала / резултат / Проведено 25 юни2026 Час 13:46 Вид акт Разпореждане 2678 Час --:-- Вид заседание зала / резултат / Проведено 18 юни2026 Час 19:07 Вид Документ Вносител Т.Х. Час 10:00 Вид заседание зала / резултат / Отложено 29 април2026 Час 16:46 Вид акт Разпореждане 1755 Час --:-- Вид заседание зала / резултат / Проведено 24 април2026 Час 13:33 Вид разпределение Избран съдия/заседател Диана Костова Час --:-- Вид страна Жалбоподател Зико Ауто ЕООД Час --:-- Вид страна Жалбоподател ЗИКО АУТО ЕООД Час --:-- Вид страна Ответник ДИРЕКТОР НА ДИРЕКЦИЯ ОБЖАЛВАНЕ И ДАНЪЧНО ОСИГУРИТЕЛНА ПРАКТИКА ВЕЛИКО ТЪРНОВО Час --:-- Вид страна Ответник Директор Обжалване и данъчно осигурителна практика гр. Велико Търново Час --:-- Вид страна Вещо лице Д.С. Час --:-- Вид страна Процесуален представител Т.Х. Час --:-- Вид страна Адвокат Н.С.М. Час 13:33 Вид дело Административно дело 425/2026
6590d425-605e-4772-9796-e7fee654f399,"2026 24 април2026 Час 14:35 Вид акт Определение 369 Час 14:23 Вид заседание зала / резултат / С определение, приключващо делото Час 13:32 Вид разпределение Избран съдия/заседател Катя Господинова Час --:-- Вид страна Заявител Окръжна прокуратура - Пловдив Час 13:32 Вид дело Частно наказателно дело 791/2026"
ab71b89b-71f9-4060-8452-c47c348a4d70,"2026 15 май2026 Час 09:04 Вид акт Разпореждане 728 Час 09:00 Вид заседание зала / резултат / С разпореждане 07 май2026 Час 09:54 Вид акт Определение 270 Час 09:52 Вид заседание зала / резултат / С определение, приключващо делото Час --:-- Вид страна Страна ТО-Казанлък към РП-Стара Загора Час --:-- Вид страна Адвокат М.Г.П. 24 април2026 Час 13:34 Вид разпределение Избран съдия/заседател ТОДОР СТОЙКОВ ТОДОРОВ Час --:-- Вид страна Жалбоподател Н.Т.Д. Час 13:32 Вид дело Частно наказателно дело 532/2026"
29eaad1e-611b-4981-ba33-f5ba10e35d79,"2026 27 април2026 Час 14:07 Вид акт Протокол 120 Час 11:00 Вид заседание зала / резултат / С определение, приключващо делото Час --:-- Вид страна Обвинител Г.Д. 24 април2026 Час 14:17 Вид акт Разпореждане 128 Час 14:15 Вид заседание зала / резултат / С разпореждане за насрочване Час 13:32 Вид разпределение Избран съдия/заседател РУМЕНА ФОТИ Час --:-- Вид страна Вносител Районно управление ""Полиция"" Павликени Час --:-- Вид страна Свидетел А.Л.Л. Час 13:32 Вид дело Частно наказателно дело 88/2026"
19613ae0-a53f-449d-acef-6b9da8f1d50a,"2026 01 юни2026 Час 11:20 Вид акт Разпореждане 987 Час 10:49 Вид заседание зала / резултат / Решено с акт по същество в закрито заседание 27 април2026 Час 14:46 Вид акт Разпореждане 739 Час 09:32 Вид заседание зала / резултат / Без движение 24 април2026 Час 13:32 Вид разпределение Избран съдия/заседател Десислава Георгиева Ютерова Час --:-- Вид страна Кредитор Етажна собственост на сграда, находяща се в гр. София, ул. „Асен Йорданов“ № 58Б Час --:-- Вид страна Длъжник НАЦИОНАЛНА АГЕНЦИЯ ЗА ТЕРИТОРИАЛНО УСТРОЙСТВО ООД Час --:-- Вид страна Адвокат Б.Д.К. Час 13:32 Вид дело Частно гражданско дело 630/2026"
