Case_GID,Act_Date,Act_Type,Act_Number,Effective_From,Judicial_Panel,Details_GID
728dda86-61da-45ac-a984-6dacc6ffe195,09 април 2026,Заповед за изпълнение,756,,Борислав Кирилов Тончев - Съдия докладчик,
bac9ec42-6b83-4ab7-971f-e17190e3f50c,08 април 2026,Определение,191,08.04.2026,ДАНИЕЛА ЙОРДАНОВА ИГНАТОВА - Съдия докладчик,
bac9ec42-6b83-4ab7-971f-e17190e3f50c,08 април 2026,Определение,190,08.04.2026,ДАНИЕЛА ЙОРДАНОВА ИГНАТОВА - Съдия докладчик,
bac9ec42-6b83-4ab7-971f-e17190e3f50c,06 април 2026,Определение,182,06.04.2026,ГАЛИН ХРИСТОВ ГЕОРГИЕВ - Съдия докладчик,
bac9ec42-6b83-4ab7-971f-e17190e3f50c,03 април 2026,Определение,176,03.04.2026,ГАБРИЕЛА ПЕТКОВА ДИМИТРОВА - Съдия докладчик,
dba4f5f0-8434-4700-9f42-8a6a102e8621,15 април 2026,Разпореждане,4883,15.04.2026,ПЕТЯ НИКОЛОВА ТОПАЛОВА - Съдия докладчик,
be7a9443-3bca-4e82-aedc-bf554fdd1216,03 август 2026,Разпореждане,10002,03.08.2026,ЧАВДАР АЛЕКСАНДРОВ КОСТОВ - Съдия докладчик,
9768595d-3cd7-40a9-9eab-9ed629533fc8,03 април 2026,Определение,86,29.04.2026,Вяра Петракиева - Велинова - Съдия докладчик,
bc280540-5860-4e46-893d-6241ecc86ff7,25 юни 2026,Изпълнителен лист ЗП,145,25.06.2026,Пенка Борисова Йорданова - Съдия докладчик,
bc280540-5860-4e46-893d-6241ecc86ff7,24 юни 2026,Разпореждане,1098,21.07.2026,Пенка Борисова Йорданова - Съдия докладчик,
bc280540-5860-4e46-893d-6241ecc86ff7,03 април 2026,Заповед за изпълнение,118,02.06.2026,Пенка Борисова Йорданова - Съдия докладчик,
b5a8fec2-23c3-408a-a562-e954629144b0,29 юли 2026,Определение,1665,16.09.2026,Иван Цветозаров Иванов - Съдия докладчик,
b5a8fec2-23c3-408a-a562-e954629144b0,22 юни 2026,Разпореждане,7022,22.06.2026,Иван Цветозаров Иванов - Съдия докладчик,
b5a8fec2-23c3-408a-a562-e954629144b0,29 май 2026,Разпореждане,5963,29.05.2026,Иван Цветозаров Иванов - Съдия докладчик,
b5a8fec2-23c3-408a-a562-e954629144b0,08 април 2026,Заповед за изпълнение,2420,,Иван Цветозаров Иванов - Съдия докладчик,
cb58d9e4-58ca-4f51-81aa-73e06edaceef,17 юни 2026,Изпълнителен лист ЗП,340,17.06.2026,Радка Георгиева Стоянова - Съдия докладчик,
cb58d9e4-58ca-4f51-81aa-73e06edaceef,17 юни 2026,Разпореждане,1102,17.06.2026,Радка Георгиева Стоянова - Съдия докладчик,
cb58d9e4-58ca-4f51-81aa-73e06edaceef,15 април 2026,Разпореждане,693,15.04.2026,Радка Георгиева Стоянова - Съдия докладчик,
cb58d9e4-58ca-4f51-81aa-73e06edaceef,06 април 2026,Заповед за изпълнение,296,02.06.2026,Радка Георгиева Стоянова - Съдия докладчик,
93048f06-079e-429b-8bb5-d77d86070597,12 май 2026,Изпълнителен лист ЗП,142,12.05.2026,Пейо Иванов Приходков - Съдия докладчик,
93048f06-079e-429b-8bb5-d77d86070597,07 април 2026,Заповед за изпълнение,145,09.05.2026,Пейо Иванов Приходков - Съдия докладчик,
3ad9d714-fc96-40b8-9d3e-24185f93290f,13 май 2026,Определение,198,13.05.2026,Цветомир Цаков Цветанов - Съдия докладчик,
3ad9d714-fc96-40b8-9d3e-24185f93290f,03 април 2026,Разпореждане,676,03.04.2026,Цветомир Цаков Цветанов - Съдия докладчик,
9507d9b3-e1e5-4c23-94d9-05825d4a115f,13 май 2026,Разпореждане,2072,13.05.2026,Диана Димитрова Пашова - Съдия докладчик,
9507d9b3-e1e5-4c23-94d9-05825d4a115f,03 април 2026,Заповед за изпълнение,299,03.04.2026,Диана Димитрова Пашова - Съдия докладчик,
11201a40-1c28-4467-88d5-c7e0b076559f,15 юни 2026,Решение,191,15.06.2026,Красимир Аршинков - Председател Атанас Маскръчки - Съдия докладчик Диана Узунова - Член,
11201a40-1c28-4467-88d5-c7e0b076559f,22 май 2026,Протокол,543,22.05.2026,Красимир Аршинков - Председател Атанас Маскръчки - Съдия докладчик Диана Узунова - Член,
11201a40-1c28-4467-88d5-c7e0b076559f,30 април 2026,Протокол,453,30.04.2026,Красимир Аршинков - Председател Атанас Маскръчки - Съдия докладчик Диана Узунова - Член,
11201a40-1c28-4467-88d5-c7e0b076559f,14 април 2026,Определение,209,14.04.2026,Красимир Аршинков - Председател Атанас Маскръчки - Съдия докладчик Диана Узунова - Член,
962d7069-be96-4e7c-a9cb-fb5fdd224b42,14 септември 2026,Протокол,231,14.09.2026,Боян Митков Цонев - Съдия докладчик,
962d7069-be96-4e7c-a9cb-fb5fdd224b42,07 юли 2026,Протокол,162,07.07.2026,Боян Митков Цонев - Съдия докладчик,
962d7069-be96-4e7c-a9cb-fb5fdd224b42,21 май 2026,Протокол,123,21.05.2026,Боян Митков Цонев - Съдия докладчик,
962d7069-be96-4e7c-a9cb-fb5fdd224b42,21 април 2026,Разпореждане,128,21.04.2026,Боян Митков Цонев - Съдия докладчик,
d189c204-5e15-4525-b355-1a42c1f607c4,20 април 2026,Определение,115,05.05.2026,НИКОЛА ТОДОРОВ ДЕЛИЕВ - Съдия докладчик,
d189c204-5e15-4525-b355-1a42c1f607c4,03 април 2026,Разпореждане,327,03.04.2026,НИКОЛА ТОДОРОВ ДЕЛИЕВ - Съдия докладчик,
d189c204-5e15-4525-b355-1a42c1f607c4,03 април 2026,Заповед за изпълнение,186,03.04.2026,НИКОЛА ТОДОРОВ ДЕЛИЕВ - Съдия докладчик,
ec59d860-1076-422a-a539-ed58cae97db7,03 април 2026,Заповед за изпълнение,2934,,Ивайло Юлианов Колев - Съдия докладчик,
ec59d860-1076-422a-a539-ed58cae97db7,03 април 2026,Разпореждане,10099,03.04.2026,Ивайло Юлианов Колев - Съдия докладчик,
41c7f506-074b-42c7-b7de-fe7087821c98,01 октомври 2026,Разпореждане,3311,,Асима Костова Вангелова-Петрова - Съдия докладчик,
41c7f506-074b-42c7-b7de-fe7087821c98,30 юли 2026,Разпореждане,2785,30.07.2026,Асима Костова Вангелова-Петрова - Съдия докладчик,
41c7f506-074b-42c7-b7de-fe7087821c98,23 юни 2026,Разпореждане,2369,23.06.2026,Асима Костова Вангелова-Петрова - Съдия докладчик,
41c7f506-074b-42c7-b7de-fe7087821c98,24 април 2026,Разпореждане,1613,24.04.2026,Асима Костова Вангелова-Петрова - Съдия докладчик,
41c7f506-074b-42c7-b7de-fe7087821c98,04 април 2026,Заповед за изпълнение,444,,Асима Костова Вангелова-Петрова - Съдия докладчик,
cbcb3d0c-a21c-4001-8cc3-43d2766cfaf7,15 септември 2026,Изпълнителен лист ЗП,6139,15.09.2026,НЕДА НЕДЕЛЧЕВА ТАБАНДЖОВА ЗАРКОВА - Съдия докладчик,
cbcb3d0c-a21c-4001-8cc3-43d2766cfaf7,15 септември 2026,Разпореждане,26994,15.09.2026,НЕДА НЕДЕЛЧЕВА ТАБАНДЖОВА ЗАРКОВА - Съдия докладчик,
cbcb3d0c-a21c-4001-8cc3-43d2766cfaf7,03 април 2026,Заповед за изпълнение,2904,,НЕДА НЕДЕЛЧЕВА ТАБАНДЖОВА ЗАРКОВА - Съдия докладчик,
cbcb3d0c-a21c-4001-8cc3-43d2766cfaf7,03 април 2026,Разпореждане,10113,03.04.2026,НЕДА НЕДЕЛЧЕВА ТАБАНДЖОВА ЗАРКОВА - Съдия докладчик,
19190421-fd18-4dbd-98ff-f62a69a35cb4,29 април 2026,Определение,358,29.04.2026,Мирослав Георгиев Маринов - Съдия докладчик Ралица Иванова Хаджииванова - Член Теодора Енчева Димитрова - Член,
c303315a-0987-4d4e-b9a0-1c001f123fe6,12 май 2026,Изпълнителен лист ЗП,422,12.05.2026,Марин Митков Чорбаджийски - Съдия докладчик,
c303315a-0987-4d4e-b9a0-1c001f123fe6,12 май 2026,Разпореждане,583,12.05.2026,Марин Митков Чорбаджийски - Съдия докладчик,
c303315a-0987-4d4e-b9a0-1c001f123fe6,03 април 2026,Заповед за изпълнение,435,12.05.2026,Марин Митков Чорбаджийски - Съдия докладчик,
db20476c-3e2f-480b-8c23-36987e4e79fe,03 април 2026,Заповед за изпълнение,1122,,Людмила Василева Стойнева - Съдия докладчик,
ce95bf6c-aa63-467b-b560-f88e5cdf32a7,11 май 2026,Изпълнителен лист ЗП,255,11.05.2026,Мартина Иванова Кирова - Съдия докладчик,
ce95bf6c-aa63-467b-b560-f88e5cdf32a7,11 май 2026,Разпореждане,1197,,Мартина Иванова Кирова - Съдия докладчик,
ce95bf6c-aa63-467b-b560-f88e5cdf32a7,04 април 2026,Заповед за изпълнение,355,09.05.2026,Мартина Иванова Кирова - Съдия докладчик,
0272d1a5-56ac-4b41-8afd-56cee7498ae3,03 април 2026,Протокол,201,03.04.2026,РУМЯНА МИХАЙЛОВА - Съдия докладчик,
0272d1a5-56ac-4b41-8afd-56cee7498ae3,03 април 2026,Решение,73,07.04.2026,РУМЯНА МИХАЙЛОВА - Съдия докладчик,
0272d1a5-56ac-4b41-8afd-56cee7498ae3,03 април 2026,Разпореждане,389,03.04.2026,РУМЯНА МИХАЙЛОВА - Съдия докладчик,
63497169-5cb2-43a6-96cb-2377a1ff6c96,26 септември 2026,Разпореждане,4621,26.09.2026,Ъшъл Лютфи Ириева - Съдия докладчик,
63497169-5cb2-43a6-96cb-2377a1ff6c96,19 май 2026,Разпореждане,2292,19.05.2026,Ъшъл Лютфи Ириева - Съдия докладчик,
63497169-5cb2-43a6-96cb-2377a1ff6c96,09 април 2026,Определение,360,09.04.2026,Ъшъл Лютфи Ириева - Съдия докладчик,
63497169-5cb2-43a6-96cb-2377a1ff6c96,06 април 2026,Заповед за изпълнение,459,,Ъшъл Лютфи Ириева - Съдия докладчик,
63497169-5cb2-43a6-96cb-2377a1ff6c96,06 април 2026,Заповед за изпълнение,456,,Ъшъл Лютфи Ириева - Съдия докладчик,
ee6bd360-5efe-44f9-98bb-1e16f8178905,26 юни 2026,Протоколно определение,13287,,ГЮЛЯЙ ШЕМСИДИНОВА КОКОЕВА - Съдия докладчик,
ee6bd360-5efe-44f9-98bb-1e16f8178905,25 юни 2026,Протокол,13207,25.06.2026,ГЮЛЯЙ ШЕМСИДИНОВА КОКОЕВА - Съдия докладчик,
ee6bd360-5efe-44f9-98bb-1e16f8178905,23 юни 2026,Присъда,396,09.07.2026,ГЮЛЯЙ ШЕМСИДИНОВА КОКОЕВА - Съдия докладчик,
ee6bd360-5efe-44f9-98bb-1e16f8178905,04 юни 2026,Протокол,11297,04.06.2026,ГЮЛЯЙ ШЕМСИДИНОВА КОКОЕВА - Съдия докладчик,
ee6bd360-5efe-44f9-98bb-1e16f8178905,20 април 2026,Разпореждане,5156,20.04.2026,ГЮЛЯЙ ШЕМСИДИНОВА КОКОЕВА - Съдия докладчик,
f9306cd6-bb27-4cff-bc59-86f08b531ec4,03 април 2026,Разпореждане,1989,,Емилия Дишева - Съдия докладчик,
f9306cd6-bb27-4cff-bc59-86f08b531ec4,03 април 2026,Разпореждане,1983,03.04.2026,Емилия Дишева - Съдия докладчик,
3c6654a3-a804-4fc4-8618-19fb27bcf7ca,06 април 2026,Определение,504,06.05.2026,Тихомир Руменов Рачев - Съдия докладчик,
597efcc3-bc0e-4d55-a07a-06b9a274efc2,03 април 2026,Определение,31,03.04.2026,Анелия Димитрова - Съдия докладчик,
42f5faa7-3e6b-4e94-8f87-e918eaa29d15,23 април 2026,Протоколно определение,2270,07.05.2026,Величка Маринкова - Съдия докладчик,
42f5faa7-3e6b-4e94-8f87-e918eaa29d15,07 април 2026,Разпореждане,1229,07.04.2026,Величка Маринкова - Съдия докладчик,
b23ef183-1281-4e4c-a9ca-b5dfa2eb95f5,23 август 2026,Решение,70,14.09.2026,Боян Митков Цонев - Съдия докладчик,
b23ef183-1281-4e4c-a9ca-b5dfa2eb95f5,03 юни 2026,Протокол,130,03.06.2026,Боян Митков Цонев - Съдия докладчик,
b23ef183-1281-4e4c-a9ca-b5dfa2eb95f5,12 май 2026,Разпореждане,143,12.05.2026,Боян Митков Цонев - Съдия докладчик,
f13a13f2-b4d1-4ed7-8aa0-88ae5ae36e64,07 октомври 2026,Решение,489,,Лилия Масева - Съдия докладчик Полина Дянкова - Член София Икономова - Член,
f13a13f2-b4d1-4ed7-8aa0-88ae5ae36e64,30 септември 2026,Протокол,682,30.09.2026,Лилия Масева - Съдия докладчик Полина Дянкова - Член София Икономова - Член,
f13a13f2-b4d1-4ed7-8aa0-88ae5ae36e64,23 юли 2026,Разпореждане,863,23.07.2026,Лилия Масева - Съдия докладчик,
f13a13f2-b4d1-4ed7-8aa0-88ae5ae36e64,24 април 2026,Определение,649,24.04.2026,Лилия Масева - Съдия докладчик Росица Велкова - Член София Икономова - Член,
202c3bd7-94f7-4dfc-8e7d-a75465cfe690,03 април 2026,Протокол,6803,03.04.2026,СИЛВИЯ ГЕОРГИЕВА ЦЕПОВА - Съдия докладчик,
202c3bd7-94f7-4dfc-8e7d-a75465cfe690,03 април 2026,Разпореждане,4462,03.04.2026,СИЛВИЯ ГЕОРГИЕВА ЦЕПОВА - Съдия докладчик,
81f55c9d-10d4-4661-9c69-e1b67ddeda9c,10 септември 2026,Определение,890,,СИЛВИНА ДАЧКОВА ЙОВЧЕВА - Съдия докладчик,
81f55c9d-10d4-4661-9c69-e1b67ddeda9c,27 юли 2026,Разпореждане,3243,,СИЛВИНА ДАЧКОВА ЙОВЧЕВА - Съдия докладчик,
81f55c9d-10d4-4661-9c69-e1b67ddeda9c,29 май 2026,Разпореждане,2106,,СИЛВИНА ДАЧКОВА ЙОВЧЕВА - Съдия докладчик,
81f55c9d-10d4-4661-9c69-e1b67ddeda9c,04 май 2026,Разпореждане,1593,,СИЛВИНА ДАЧКОВА ЙОВЧЕВА - Съдия докладчик,
81f55c9d-10d4-4661-9c69-e1b67ddeda9c,21 април 2026,Разпореждане,1390,21.04.2026,СИЛВИНА ДАЧКОВА ЙОВЧЕВА - Съдия докладчик,
81f55c9d-10d4-4661-9c69-e1b67ddeda9c,08 април 2026,Заповед за изпълнение,333,,СИЛВИНА ДАЧКОВА ЙОВЧЕВА - Съдия докладчик,
81f55c9d-10d4-4661-9c69-e1b67ddeda9c,08 април 2026,Разпореждане,1220,03.07.2026,СИЛВИНА ДАЧКОВА ЙОВЧЕВА - Съдия докладчик,
81f55c9d-10d4-4661-9c69-e1b67ddeda9c,03 април 2026,Разпореждане,1154,,СИЛВИНА ДАЧКОВА ЙОВЧЕВА - Съдия докладчик,
c936d46f-0b61-4ea0-a3e2-64ee3fabb418,03 април 2026,Заповед за изпълнение,2937,,Иванина Игнатова Иванова - Съдия докладчик,
c936d46f-0b61-4ea0-a3e2-64ee3fabb418,03 април 2026,Разпореждане,10160,03.04.2026,Иванина Игнатова Иванова - Съдия докладчик,
cb0a281d-1570-4737-b208-de9fd98da8ce,11 юни 2026,Протоколно определение,608,,МАРИЯ ДИМОВА ШОЛЕКОВА - Съдия докладчик,
cb0a281d-1570-4737-b208-de9fd98da8ce,27 април 2026,Разпореждане,408,27.04.2026,МАРИЯ ДИМОВА ШОЛЕКОВА - Съдия докладчик,
cb0a281d-1570-4737-b208-de9fd98da8ce,14 април 2026,Определение,119,14.04.2026,ЙОРДАНКА ХРИСТОВА ВУТОВА - Съдия докладчик,
eeec6039-bd95-4d10-9b98-bb96001a984e,26 април 2026,Разпореждане,1187,12.05.2026,Вяра Петракиева - Велинова - Съдия докладчик,
eeec6039-bd95-4d10-9b98-bb96001a984e,05 април 2026,Разпореждане,910,05.04.2026,Вяра Петракиева - Велинова - Съдия докладчик,
be1bf3d5-73ab-41ad-b4d0-35a5acc8608b,06 юли 2026,Изпълнителен лист ЗП,4636,06.07.2026,ЛОРА РАНГЕЛОВА СТЕФАНОВА - Съдия докладчик,
be1bf3d5-73ab-41ad-b4d0-35a5acc8608b,06 юли 2026,Разпореждане,19579,06.07.2026,ЛОРА РАНГЕЛОВА СТЕФАНОВА - Съдия докладчик,
be1bf3d5-73ab-41ad-b4d0-35a5acc8608b,02 юни 2026,Разпореждане,16146,02.06.2026,ЛОРА РАНГЕЛОВА СТЕФАНОВА - Съдия докладчик,
be1bf3d5-73ab-41ad-b4d0-35a5acc8608b,03 април 2026,Заповед за изпълнение,2892,,ЛОРА РАНГЕЛОВА СТЕФАНОВА - Съдия докладчик,
be1bf3d5-73ab-41ad-b4d0-35a5acc8608b,03 април 2026,Разпореждане,10086,03.04.2026,ЛОРА РАНГЕЛОВА СТЕФАНОВА - Съдия докладчик,
e5305d3f-0ec5-4784-b82c-cfb7014e9d49,12 юни 2026,Изпълнителен лист ЗП,621,12.06.2026,Живко Павлов Георгиев - Съдия докладчик,
e5305d3f-0ec5-4784-b82c-cfb7014e9d49,06 април 2026,Заповед за изпълнение,507,09.06.2026,Живко Павлов Георгиев - Съдия докладчик,
a8aec141-9f4e-4998-a6df-deb914afb0ef,10 юни 2026,Протокол,154,10.06.2026,Мая Павлова Кончарска - Съдия докладчик,
a8aec141-9f4e-4998-a6df-deb914afb0ef,10 юни 2026,Решение,75,10.06.2026,Мая Павлова Кончарска - Съдия докладчик,
a8aec141-9f4e-4998-a6df-deb914afb0ef,20 април 2026,Определение,116,20.04.2026,Мая Павлова Кончарска - Съдия докладчик,
a8aec141-9f4e-4998-a6df-deb914afb0ef,03 април 2026,Разпореждане,283,03.04.2026,Мая Павлова Кончарска - Съдия докладчик,
28054826-a75a-4120-b7b3-d9da939d2326,15 април 2026,Протокол,107,15.04.2026,ДАНИЕЛА ЙОРДАНОВА ИГНАТОВА - Съдия докладчик,
28054826-a75a-4120-b7b3-d9da939d2326,07 април 2026,Определение,55,15.04.2026,ДАНИЕЛА ЙОРДАНОВА ИГНАТОВА - Съдия докладчик,
28054826-a75a-4120-b7b3-d9da939d2326,03 април 2026,Разпореждане,127,03.04.2026,ДАНИЕЛА ЙОРДАНОВА ИГНАТОВА - Съдия докладчик,
3e56da61-52ef-4d30-ab5d-95439a0f866e,03 април 2026,Определение,371,03.04.2026,Петър Владимиров Петров - Съдия докладчик,
91eca7cc-27b3-491d-a662-0e2e5b228459,03 април 2026,Разпореждане,393,03.04.2026,РУМЯНА МИХАЙЛОВА - Съдия докладчик,
35ed72a4-1d87-4029-9011-b5bea1470771,06 април 2026,Определение,565,06.04.2026,Петър Узунов - Съдия докладчик,
aedb8dce-d4e2-4a10-99ba-218823e4df3e,03 април 2026,Заповед за изпълнение,923,,Милена Ганчева Трифонова - Съдия докладчик,
d44d253c-48dd-49d7-834b-57caf44e5528,09 юни 2026,Разпореждане,13944,09.06.2026,Моника Жекова - Съдия докладчик,
d44d253c-48dd-49d7-834b-57caf44e5528,02 юни 2026,Определение,7692,02.06.2026,Моника Жекова - Съдия докладчик,
d44d253c-48dd-49d7-834b-57caf44e5528,12 май 2026,Разпореждане,11612,12.05.2026,Моника Жекова - Съдия докладчик,
d44d253c-48dd-49d7-834b-57caf44e5528,09 април 2026,Разпореждане,8906,09.04.2026,Моника Жекова - Съдия докладчик,
ee80a1fd-7d83-4b76-91db-6359b4d704f4,01 юни 2026,Изпълнителен лист ЗП,3734,01.06.2026,НЕДА НЕДЕЛЧЕВА ТАБАНДЖОВА ЗАРКОВА - Съдия докладчик,
ee80a1fd-7d83-4b76-91db-6359b4d704f4,01 юни 2026,Разпореждане,15959,01.06.2026,НЕДА НЕДЕЛЧЕВА ТАБАНДЖОВА ЗАРКОВА - Съдия докладчик,
ee80a1fd-7d83-4b76-91db-6359b4d704f4,06 април 2026,Заповед за изпълнение,2982,,Михаил Ангелов Алексов - Съдия докладчик,
ee80a1fd-7d83-4b76-91db-6359b4d704f4,06 април 2026,Разпореждане,10254,06.04.2026,Михаил Ангелов Алексов - Съдия докладчик,
430e1930-e5e6-4cbe-b5d2-b11c2561ca88,03 април 2026,Заповед за изпълнение,1111,,Мирослав Руменов Саневски - Съдия докладчик,
1cddc848-9aae-46df-843f-91fc1787a678,11 юни 2026,Разпореждане,1367,11.06.2026,ИВЕЛИНА ПЕТРОВА ЙОРДАНОВА ИГНАТОВА - Съдия докладчик,
1cddc848-9aae-46df-843f-91fc1787a678,18 април 2026,Заповед за изпълнение,204,30.07.2026,ИВЕЛИНА ПЕТРОВА ЙОРДАНОВА ИГНАТОВА - Съдия докладчик,
1cddc848-9aae-46df-843f-91fc1787a678,18 април 2026,Разпореждане,748,,ИВЕЛИНА ПЕТРОВА ЙОРДАНОВА ИГНАТОВА - Съдия докладчик,
90144ada-94dd-4661-91de-8c61713ef030,27 май 2026,Решение,19,24.06.2026,Николинка Лазарова Крумова - Съдия докладчик,
90144ada-94dd-4661-91de-8c61713ef030,13 май 2026,Протокол,105,13.05.2026,Николинка Лазарова Крумова - Съдия докладчик,
90144ada-94dd-4661-91de-8c61713ef030,27 април 2026,Определение,42,,Николинка Лазарова Крумова - Съдия докладчик,
90144ada-94dd-4661-91de-8c61713ef030,27 април 2026,Протокол,91,27.04.2026,Николинка Лазарова Крумова - Съдия докладчик,
90144ada-94dd-4661-91de-8c61713ef030,03 април 2026,Разпореждане,106,03.04.2026,Николинка Лазарова Крумова - Съдия докладчик,
1b952065-8ae7-4d74-8cc7-489e0d393922,17 април 2026,Разпореждане,395,17.04.2026,ВЕНЕТА ДИМИТРОВА СТЕФАНОВА - Съдия докладчик,
1b952065-8ae7-4d74-8cc7-489e0d393922,06 април 2026,Заповед за изпълнение,198,06.04.2026,ВЕНЕТА ДИМИТРОВА СТЕФАНОВА - Съдия докладчик,
a3d11e12-8edc-411e-ab7b-747240835a21,03 април 2026,Разпореждане,392,03.04.2026,РУМЯНА МИХАЙЛОВА - Съдия докладчик,
426683ff-455a-44a0-aef1-21058ebc17a7,25 септември 2026,Определение,171,25.09.2026,МЕТОДИ КРУМОВ ВЕЛИЧКОВ - Съдия докладчик,
426683ff-455a-44a0-aef1-21058ebc17a7,03 април 2026,Определение,72,03.04.2026,МЕТОДИ КРУМОВ ВЕЛИЧКОВ - Съдия докладчик,
738c1019-b163-44a4-b53d-3e7ca3988d7c,07 април 2026,Протокол,121,,Пламен Георгиев Тодоров - Съдия докладчик,
738c1019-b163-44a4-b53d-3e7ca3988d7c,03 април 2026,Разпореждане,82,03.04.2026,Пламен Георгиев Тодоров - Съдия докладчик,
6852e88c-ee53-4c25-a0e0-fdf9080e96c6,06 април 2026,Решение,322,06.04.2026,Цветелина Свиленова Цонева - Съдия докладчик,
a8da36a7-e241-4246-b48c-029cfa0f845c,03 септември 2026,Изпълнителен лист,97,03.09.2026,,
a8da36a7-e241-4246-b48c-029cfa0f845c,03 септември 2026,Изпълнителен лист,96,03.09.2026,,
a8da36a7-e241-4246-b48c-029cfa0f845c,27 май 2026,Протоколно определение,151,12.06.2026,ГАЛИН ХРИСТОВ ГЕОРГИЕВ - Съдия докладчик,
a8da36a7-e241-4246-b48c-029cfa0f845c,27 май 2026,Споразумение,20,27.05.2026,ГАЛИН ХРИСТОВ ГЕОРГИЕВ - Съдия докладчик,
a8da36a7-e241-4246-b48c-029cfa0f845c,27 май 2026,Определение,76,04.06.2026,ГАЛИН ХРИСТОВ ГЕОРГИЕВ - Съдия докладчик,
a8da36a7-e241-4246-b48c-029cfa0f845c,03 април 2026,Разпореждане,126,03.04.2026,ГАЛИН ХРИСТОВ ГЕОРГИЕВ - Съдия докладчик,
6e59a07b-2ad6-4125-ac94-38c8b8d88170,17 август 2026,Изпълнителен лист ЗП,407,17.08.2026,Диана Симеонова Стателова - Съдия докладчик,
6e59a07b-2ad6-4125-ac94-38c8b8d88170,17 август 2026,Разпореждане,1092,17.08.2026,Диана Симеонова Стателова - Съдия докладчик,
6e59a07b-2ad6-4125-ac94-38c8b8d88170,14 април 2026,Заповед за изпълнение,268,24.07.2026,Диана Симеонова Стателова - Съдия докладчик,
a581cbda-32cc-4891-9e35-9b29062b3812,03 септември 2026,Разпореждане,4257,03.09.2026,Даниела Йорданова Банкова - Съдия докладчик,
a581cbda-32cc-4891-9e35-9b29062b3812,17 юни 2026,Разпореждане,2803,17.06.2026,Даниела Йорданова Банкова - Съдия докладчик,
a581cbda-32cc-4891-9e35-9b29062b3812,07 април 2026,Заповед за изпълнение,316,07.04.2026,Даниела Йорданова Банкова - Съдия докладчик,
cec09675-9225-46fa-aa82-ef218043dd68,29 юни 2026,Определение,3562,29.06.2026,Камелия Маринова - Съдия докладчик Веселка Марева - Член Емилия Донкова - Член,
2278cb7c-1b2e-4a1d-9c78-2937591ca5ee,27 август 2026,Определение,1539,,Христина Запрянова Жисова - Съдия докладчик,
2278cb7c-1b2e-4a1d-9c78-2937591ca5ee,29 май 2026,Разпореждане,2397,29.05.2026,Христина Запрянова Жисова - Съдия докладчик,
2278cb7c-1b2e-4a1d-9c78-2937591ca5ee,21 май 2026,Разпореждане,2262,21.05.2026,Христина Запрянова Жисова - Съдия докладчик,
2278cb7c-1b2e-4a1d-9c78-2937591ca5ee,24 април 2026,Разпореждане,1742,24.04.2026,Христина Запрянова Жисова - Съдия докладчик,
2278cb7c-1b2e-4a1d-9c78-2937591ca5ee,03 април 2026,Заповед за изпълнение,291,03.04.2026,Христина Запрянова Жисова - Съдия докладчик,
7e325670-aae9-46b7-80a4-d6f1547d32d7,03 април 2026,Разпореждане,391,03.04.2026,РУМЯНА МИХАЙЛОВА - Съдия докладчик,
9fc8e55c-5815-468d-b108-7910b239bbff,20 юни 2026,Разпореждане,3028,,Христо Тотев Христов - Съдия докладчик,
0e08aeea-ef82-41a1-89f9-47c6c246680f,11 май 2026,Протокол,469,11.05.2026,КЕТИ МИХОВА КОСЕВА - Съдия докладчик,
0e08aeea-ef82-41a1-89f9-47c6c246680f,11 май 2026,Решение,344,11.05.2026,КЕТИ МИХОВА КОСЕВА - Съдия докладчик,
0e08aeea-ef82-41a1-89f9-47c6c246680f,20 април 2026,Определение,736,20.04.2026,КЕТИ МИХОВА КОСЕВА - Съдия докладчик,
0e08aeea-ef82-41a1-89f9-47c6c246680f,09 април 2026,Разпореждане,2238,09.04.2026,КЕТИ МИХОВА КОСЕВА - Съдия докладчик,
443093a7-7d48-4562-bed7-78663d817226,21 май 2026,Разпореждане,2035,21.05.2026,ИВЕТА ПАВЛОВА ТАКОВА - Съдия докладчик,
443093a7-7d48-4562-bed7-78663d817226,27 април 2026,Разпореждане,1603,27.04.2026,ИВЕТА ПАВЛОВА ТАКОВА - Съдия докладчик,
443093a7-7d48-4562-bed7-78663d817226,06 април 2026,Разпореждане,1278,06.04.2026,ИВЕТА ПАВЛОВА ТАКОВА - Съдия докладчик,
443093a7-7d48-4562-bed7-78663d817226,06 април 2026,Заповед за изпълнение,429,,ИВЕТА ПАВЛОВА ТАКОВА - Съдия докладчик,
cf92ed1b-2c10-49a5-a70f-0a431ef0eb68,25 септември 2026,Протокол,494,25.09.2026,Росина Николаева Дончева - Съдия докладчик Анабела Димитрова Нинова - Член Невена Пламенова Великова - Член,
cf92ed1b-2c10-49a5-a70f-0a431ef0eb68,14 април 2026,Разпореждане,607,14.04.2026,Росина Николаева Дончева - Съдия докладчик,
130f9166-eab4-44b3-8870-200e68abe347,30 юни 2026,Решение,157,30.06.2026,Азадухи Ованес Карагьозян - Съдия докладчик Атанас Дечков Христов - Член Теодора Руменова Йорданова-Момова - Член,
130f9166-eab4-44b3-8870-200e68abe347,03 юни 2026,Протокол,187,03.06.2026,Азадухи Ованес Карагьозян - Съдия докладчик Атанас Дечков Христов - Член Теодора Руменова Йорданова-Момова - Член,
130f9166-eab4-44b3-8870-200e68abe347,06 май 2026,Определение,378,06.05.2026,Азадухи Ованес Карагьозян - Съдия докладчик Атанас Дечков Христов - Член Теодора Руменова Йорданова-Момова - Член,
130f9166-eab4-44b3-8870-200e68abe347,14 април 2026,Определение,304,14.04.2026,Азадухи Ованес Карагьозян - Съдия докладчик Атанас Дечков Христов - Член Теодора Руменова Йорданова-Момова - Член,
ac1e1bf4-99d1-4386-a849-4b23ef5c9f30,03 април 2026,Определение,370,03.04.2026,Петър Владимиров Петров - Съдия докладчик,
4e5c60d8-3dd9-47c8-8b38-1f97401997b9,06 април 2026,Разпореждане,287,06.04.2026,Мая Павлова Кончарска - Съдия докладчик,
4e5c60d8-3dd9-47c8-8b38-1f97401997b9,03 април 2026,Разпореждане,282,03.04.2026,Мая Павлова Кончарска - Съдия докладчик,
264587b8-7458-44a4-aaa1-c9e4504dfe03,20 август 2026,Изпълнителен лист ЗП,221,20.08.2026,НИКОЛА ТОДОРОВ ДЕЛИЕВ - Съдия докладчик,
264587b8-7458-44a4-aaa1-c9e4504dfe03,20 август 2026,Разпореждане,817,,НИКОЛА ТОДОРОВ ДЕЛИЕВ - Съдия докладчик,
264587b8-7458-44a4-aaa1-c9e4504dfe03,03 април 2026,Разпореждане,326,03.04.2026,НИКОЛА ТОДОРОВ ДЕЛИЕВ - Съдия докладчик,
264587b8-7458-44a4-aaa1-c9e4504dfe03,03 април 2026,Заповед за изпълнение,185,03.04.2026,НИКОЛА ТОДОРОВ ДЕЛИЕВ - Съдия докладчик,
49b94c39-399f-4812-8ae3-7fe3cdd1724c,08 октомври 2026,Протокол,874,08.10.2026,КРИСТИАН АТАНАСОВ БАДЖАКОВ - Съдия докладчик,
49b94c39-399f-4812-8ae3-7fe3cdd1724c,04 август 2026,Разпореждане,5909,04.08.2026,КРИСТИАН АТАНАСОВ БАДЖАКОВ - Съдия докладчик,
49b94c39-399f-4812-8ae3-7fe3cdd1724c,29 юли 2026,Определение,1469,29.07.2026,КРИСТИАН АТАНАСОВ БАДЖАКОВ - Съдия докладчик,
49b94c39-399f-4812-8ae3-7fe3cdd1724c,18 май 2026,Разпореждане,3300,18.05.2026,КРИСТИАН АТАНАСОВ БАДЖАКОВ - Съдия докладчик,
49b94c39-399f-4812-8ae3-7fe3cdd1724c,18 май 2026,Определение,961,18.05.2026,КРИСТИАН АТАНАСОВ БАДЖАКОВ - Съдия докладчик,
49b94c39-399f-4812-8ae3-7fe3cdd1724c,06 април 2026,Разпореждане,2157,06.04.2026,КРИСТИАН АТАНАСОВ БАДЖАКОВ - Съдия докладчик,
de2a2ada-f800-43ab-8a56-2f298a2accc4,08 септември 2026,Разпореждане,26132,08.09.2026,Симона Пламенова Колева - Съдия докладчик,
de2a2ada-f800-43ab-8a56-2f298a2accc4,17 юли 2026,Разпореждане,21151,17.07.2026,Симона Пламенова Колева - Съдия докладчик,
de2a2ada-f800-43ab-8a56-2f298a2accc4,06 април 2026,Заповед за изпълнение,2997,,Симона Пламенова Колева - Съдия докладчик,
de2a2ada-f800-43ab-8a56-2f298a2accc4,03 април 2026,Разпореждане,10119,03.04.2026,Симона Пламенова Колева - Съдия докладчик,
86074b60-3b65-48d1-894f-d4cc6a0a2491,20 април 2026,Разпореждане,773,05.05.2026,Владислав Емирски - Съдия докладчик,
86074b60-3b65-48d1-894f-d4cc6a0a2491,03 април 2026,Разпореждане,663,03.04.2026,Владислав Емирски - Съдия докладчик,
e03d1f60-b90a-4074-9d9e-845fab9d3497,22 юни 2026,Изпълнителен лист ЗП,431,22.06.2026,МИЛЕН РУМЕНОВ АНГЕЛОВ - Съдия докладчик,
e03d1f60-b90a-4074-9d9e-845fab9d3497,22 юни 2026,Разпореждане,2572,,МИЛЕН РУМЕНОВ АНГЕЛОВ - Съдия докладчик,
e03d1f60-b90a-4074-9d9e-845fab9d3497,12 май 2026,Разпореждане,1750,12.05.2026,МИЛЕН РУМЕНОВ АНГЕЛОВ - Съдия докладчик,
e03d1f60-b90a-4074-9d9e-845fab9d3497,16 април 2026,Заповед за изпълнение,448,,МИЛЕН РУМЕНОВ АНГЕЛОВ - Съдия докладчик,
e03d1f60-b90a-4074-9d9e-845fab9d3497,03 април 2026,Разпореждане,1298,03.04.2026,МИЛЕН РУМЕНОВ АНГЕЛОВ - Съдия докладчик,
3e2a92c8-9dde-4732-8e0a-17aeb229afd7,03 април 2026,Определение,1413,,Тихомира Георгиева Казасова - Съдия докладчик,
69f22650-0268-4a5b-bd90-f9d7e855dc7a,07 април 2026,Споразумение,32,07.04.2026,Недко Цолов Петров - Съдия докладчик,
69f22650-0268-4a5b-bd90-f9d7e855dc7a,03 април 2026,Разпореждане,330,03.04.2026,Недко Цолов Петров - Съдия докладчик,
e0978beb-f700-480f-bef0-d0ef3c4a786f,11 септември 2026,Решение,3449,,Кристиана Кръстева - Съдия докладчик,
e0978beb-f700-480f-bef0-d0ef3c4a786f,02 септември 2026,Протокол,5145,02.09.2026,Кристиана Кръстева - Съдия докладчик,
e0978beb-f700-480f-bef0-d0ef3c4a786f,08 юли 2026,Определение,9140,08.07.2026,Кристиана Кръстева - Съдия докладчик,
e0978beb-f700-480f-bef0-d0ef3c4a786f,12 май 2026,Определение,6852,12.05.2026,Кристиана Кръстева - Съдия докладчик,
e0978beb-f700-480f-bef0-d0ef3c4a786f,14 април 2026,Разпореждане,9014,14.04.2026,Кристиана Кръстева - Съдия докладчик,
e0978beb-f700-480f-bef0-d0ef3c4a786f,14 април 2026,Определение,5591,14.04.2026,Кристиана Кръстева - Съдия докладчик,
e0978beb-f700-480f-bef0-d0ef3c4a786f,03 април 2026,Разпореждане,8467,03.04.2026,Кристиана Кръстева - Съдия докладчик,
e0978beb-f700-480f-bef0-d0ef3c4a786f,03 април 2026,Определение,5222,03.04.2026,Кристиана Кръстева - Съдия докладчик,
9ae4c7b7-d119-43b6-bb01-486236fc4a5e,03 юли 2026,Протокол,354,03.07.2026,ДЕСИСЛАВА ЦВЕТКОВА - Съдия докладчик,
9ae4c7b7-d119-43b6-bb01-486236fc4a5e,02 юли 2026,Присъда,18,18.07.2026,ДЕСИСЛАВА ЦВЕТКОВА - Съдия докладчик,
9ae4c7b7-d119-43b6-bb01-486236fc4a5e,26 юни 2026,Протокол,345,26.06.2026,ДЕСИСЛАВА ЦВЕТКОВА - Съдия докладчик,
9ae4c7b7-d119-43b6-bb01-486236fc4a5e,15 юни 2026,Протокол,320,15.06.2026,ДЕСИСЛАВА ЦВЕТКОВА - Съдия докладчик,
9ae4c7b7-d119-43b6-bb01-486236fc4a5e,11 май 2026,Протокол,254,11.05.2026,ДЕСИСЛАВА ЦВЕТКОВА - Съдия докладчик,
9ae4c7b7-d119-43b6-bb01-486236fc4a5e,15 април 2026,Разпореждане,416,15.04.2026,ДЕСИСЛАВА ЦВЕТКОВА - Съдия докладчик,
78112ce7-7374-4572-91b4-be42750d0240,18 август 2026,Разпореждане,1559,18.08.2026,КРАСИМИР СТЕФАНОВ МАРИНОВ - Съдия докладчик,
78112ce7-7374-4572-91b4-be42750d0240,31 юли 2026,Разпореждане,1442,31.07.2026,КРАСИМИР СТЕФАНОВ МАРИНОВ - Съдия докладчик,
78112ce7-7374-4572-91b4-be42750d0240,28 юли 2026,Разпореждане,1402,28.07.2026,КРАСИМИР СТЕФАНОВ МАРИНОВ - Съдия докладчик,
78112ce7-7374-4572-91b4-be42750d0240,14 юли 2026,Разпореждане,1297,14.07.2026,МАРИЯ ВЕНЦИСЛАВОВА МИЛУШЕВА - Член,
78112ce7-7374-4572-91b4-be42750d0240,12 юни 2026,Разпореждане,1087,12.06.2026,КРАСИМИР СТЕФАНОВ МАРИНОВ - Съдия докладчик,
78112ce7-7374-4572-91b4-be42750d0240,11 юни 2026,Определение,618,,КРАСИМИР СТЕФАНОВ МАРИНОВ - Съдия докладчик КРИСТИАН БОЖИДАРОВ ПЕТРОВ - Член МАРИЯ ВЕНЦИСЛАВОВА МИЛУШЕВА - Член,
78112ce7-7374-4572-91b4-be42750d0240,19 май 2026,Разпореждане,874,19.05.2026,КРАСИМИР СТЕФАНОВ МАРИНОВ - Съдия докладчик,
78112ce7-7374-4572-91b4-be42750d0240,08 май 2026,Определение,457,,КРАСИМИР СТЕФАНОВ МАРИНОВ - Съдия докладчик КРИСТИАН БОЖИДАРОВ ПЕТРОВ - Член МАРИЯ ВЕНЦИСЛАВОВА МИЛУШЕВА - Член,
9e5fe104-ba57-4418-ab84-73bfffc22077,05 юни 2026,Изпълнителен лист ЗП,2841,05.06.2026,Неделин Йорданов Захариев - Съдия докладчик,
9e5fe104-ba57-4418-ab84-73bfffc22077,01 юни 2026,Разпореждане,6079,01.06.2026,Неделин Йорданов Захариев - Съдия докладчик,
9e5fe104-ba57-4418-ab84-73bfffc22077,07 април 2026,Заповед за изпълнение,2355,15.05.2026,Неделин Йорданов Захариев - Съдия докладчик,
d00102f4-fcf8-4735-b370-ce322bfc3291,06 април 2026,Решение,256,06.04.2026,СТЕЛА ВЕСЕЛИНОВА ГЕОРГИЕВА - Съдия докладчик,
039e4f7e-0fad-4020-8f34-c5f902fd3438,27 май 2026,Изпълнителен лист ЗП,226,27.05.2026,Диана Розалинова Хубенова - Съдия докладчик,
039e4f7e-0fad-4020-8f34-c5f902fd3438,27 май 2026,Разпореждане,1055,27.05.2026,Диана Розалинова Хубенова - Съдия докладчик,
039e4f7e-0fad-4020-8f34-c5f902fd3438,08 април 2026,Заповед за изпълнение,177,21.05.2026,Диана Розалинова Хубенова - Съдия докладчик,
039e4f7e-0fad-4020-8f34-c5f902fd3438,06 април 2026,Разпореждане,585,06.04.2026,Диана Розалинова Хубенова - Съдия докладчик,
c3b90494-4351-4b3e-aa12-148e21f0bab2,09 април 2026,Разпореждане,371,29.04.2026,Росица Георгиева Калугерова - Съдия докладчик,
c3b90494-4351-4b3e-aa12-148e21f0bab2,03 април 2026,Разпореждане,328,03.04.2026,Росица Георгиева Калугерова - Съдия докладчик,
92dc7f32-36e5-4c5c-bfcd-b2b617a30397,27 юли 2026,Определение,2615,,ВИЛЯНА ГОСПОДИНОВА МАНОВА - Съдия докладчик,
92dc7f32-36e5-4c5c-bfcd-b2b617a30397,29 май 2026,Разпореждане,15759,29.05.2026,Михаил Ангелов Алексов - Съдия докладчик,
92dc7f32-36e5-4c5c-bfcd-b2b617a30397,06 април 2026,Заповед за изпълнение,2983,,Михаил Ангелов Алексов - Съдия докладчик,
92dc7f32-36e5-4c5c-bfcd-b2b617a30397,06 април 2026,Разпореждане,10255,06.04.2026,Михаил Ангелов Алексов - Съдия докладчик,
05389ef3-b290-4cd0-b14f-e8e3056ada11,17 юни 2026,Разпореждане,1369,17.06.2026,Ангелина Гергинова Гергинска - Съдия докладчик,
05389ef3-b290-4cd0-b14f-e8e3056ada11,03 април 2026,Заповед за изпълнение,499,,Ангелина Гергинова Гергинска - Съдия докладчик,
1482dbd6-d5dc-42c2-8636-0d5b0aa384ce,07 април 2026,Определение,543,,Димитър Руменов Беровски - Съдия докладчик,
1482dbd6-d5dc-42c2-8636-0d5b0aa384ce,03 април 2026,Определение,520,,Димитър Руменов Беровски - Съдия докладчик,
a9624957-381d-48b4-83e4-56667b63750c,10 юни 2026,Изпълнителен лист,204,10.06.2026,,
a9624957-381d-48b4-83e4-56667b63750c,10 юни 2026,Изпълнителен лист,203,10.06.2026,,
a9624957-381d-48b4-83e4-56667b63750c,28 април 2026,Споразумение,61,28.04.2026,ДАНИЕЛ ПСАЛТИРОВ - Съдия докладчик,
a9624957-381d-48b4-83e4-56667b63750c,06 април 2026,Разпореждане,394,06.04.2026,ДАНИЕЛ ПСАЛТИРОВ - Съдия докладчик,
5bdd6f43-4d67-4018-9cce-8644b00e3859,03 април 2026,Разпореждане,132,03.04.2026,МИЛЕНА ВЪЛЧЕВА - Съдия докладчик,
5d5ef66e-5845-4ece-b752-849ac0159ecd,03 април 2026,Определение,369,03.04.2026,Петър Владимиров Петров - Съдия докладчик,
ff2b5eaf-a09a-4f51-9922-ea051ece9669,13 май 2026,Определение,197,13.05.2026,Цветомир Цаков Цветанов - Съдия докладчик,
ff2b5eaf-a09a-4f51-9922-ea051ece9669,03 април 2026,Разпореждане,675,03.04.2026,Цветомир Цаков Цветанов - Съдия докладчик,
c78fe239-2f84-4c50-8192-2fd96459dd36,21 юни 2026,Изпълнителен лист ЗП,4287,21.06.2026,Стелла Светозарова Моллова - Съдия докладчик,
c78fe239-2f84-4c50-8192-2fd96459dd36,21 юни 2026,Разпореждане,18301,21.06.2026,Стелла Светозарова Моллова - Съдия докладчик,
c78fe239-2f84-4c50-8192-2fd96459dd36,04 април 2026,Заповед за изпълнение,2947,,Стелла Светозарова Моллова - Съдия докладчик,
c78fe239-2f84-4c50-8192-2fd96459dd36,04 април 2026,Разпореждане,10173,04.04.2026,Стелла Светозарова Моллова - Съдия докладчик,
b045a0f2-95a3-4738-9d18-d551ffba1ba8,27 май 2026,Изпълнителен лист ЗП,508,27.05.2026,Божидарка Данчова Йосифова - Съдия докладчик,
b045a0f2-95a3-4738-9d18-d551ffba1ba8,27 май 2026,Разпореждане,2082,,Антон Еленков Антов - Съдия докладчик,
b045a0f2-95a3-4738-9d18-d551ffba1ba8,03 април 2026,Заповед за изпълнение,396,21.05.2026,Божидарка Данчова Йосифова - Съдия докладчик,
e683f164-9913-4437-9616-d93aae7647a8,06 август 2026,Разпореждане,9864,06.08.2026,Мария Ангелова Ненова - Съдия докладчик,
e683f164-9913-4437-9616-d93aae7647a8,30 юли 2026,Разпореждане,9684,30.07.2026,Христо Георгиев - Съдия докладчик,
e683f164-9913-4437-9616-d93aae7647a8,28 май 2026,Разпореждане,6469,28.05.2026,Христо Георгиев - Съдия докладчик,
e683f164-9913-4437-9616-d93aae7647a8,06 април 2026,Заповед за изпълнение,663,,Христо Георгиев - Съдия докладчик,
3c5e07f0-3680-44a2-98e7-146afaecb8c8,02 октомври 2026,Изпълнителен лист ЗП,1260,02.10.2026,Галя Василева Петрешкова Ставарова - Съдия докладчик,
3c5e07f0-3680-44a2-98e7-146afaecb8c8,03 април 2026,Заповед за изпълнение,509,,Галя Василева Петрешкова Ставарова - Съдия докладчик,
3c5e07f0-3680-44a2-98e7-146afaecb8c8,03 април 2026,Разпореждане,1324,03.04.2026,Галя Василева Петрешкова Ставарова - Съдия докладчик,
244beee9-773a-4009-b94c-81c0a003066c,29 септември 2026,Разпореждане,12477,29.09.2026,ВИОЛЕТА СТОЯНОВА ПАРПУЛОВА - Съдия докладчик,
244beee9-773a-4009-b94c-81c0a003066c,22 юни 2026,Протоколно определение,12813,22.06.2026,ЛОРА МИТКОВА МИТАНКИНА - Съдия докладчик,
244beee9-773a-4009-b94c-81c0a003066c,17 юни 2026,Протокол,12521,17.06.2026,ЛОРА МИТКОВА МИТАНКИНА - Съдия докладчик,
244beee9-773a-4009-b94c-81c0a003066c,24 април 2026,Разпореждане,5382,24.04.2026,ЛОРА МИТКОВА МИТАНКИНА - Съдия докладчик,
843ccffa-3ac9-473e-b52f-cc811ae1060c,23 април 2026,Определение,151,,Борислава Славчева Борисова - Съдия докладчик,
843ccffa-3ac9-473e-b52f-cc811ae1060c,23 април 2026,Протокол,208,23.04.2026,Борислава Славчева Борисова - Съдия докладчик,
843ccffa-3ac9-473e-b52f-cc811ae1060c,03 април 2026,Разпореждане,168,03.04.2026,Борислава Славчева Борисова - Съдия докладчик,
b01c4d57-924c-4288-a24c-fa0e97fffef7,06 април 2026,Решение,255,06.04.2026,СТЕЛА ВЕСЕЛИНОВА ГЕОРГИЕВА - Съдия докладчик,
029e072f-cad1-461a-a488-520fd1d4dace,03 април 2026,Определение,461,03.04.2026,Христо Ангелов - Съдия докладчик,
5a66799c-06c7-4466-b1ac-4ae7c38a781b,06 април 2026,Разпореждане,134,06.04.2026,ТАТЯНА МИТЕВА - Съдия докладчик,
751a9214-c03b-4bde-af64-aa6788056ccc,22 май 2026,Изпълнителен лист ЗП,154,22.05.2026,Пейо Иванов Приходков - Съдия докладчик,
751a9214-c03b-4bde-af64-aa6788056ccc,07 април 2026,Заповед за изпълнение,147,19.05.2026,Пейо Иванов Приходков - Съдия докладчик,
3012b424-41d0-4d80-9bf4-fcf5cd6eece7,06 април 2026,Разпореждане,1519,06.04.2026,Боян Христов Косев - Съдия докладчик,
3012b424-41d0-4d80-9bf4-fcf5cd6eece7,06 април 2026,Заповед за изпълнение,677,,Боян Христов Косев - Съдия докладчик,
4ca1db70-e055-423f-bba8-5848f21a9357,28 юли 2026,Протокол,173,28.07.2026,Павел Неделчев - Съдия докладчик,
4ca1db70-e055-423f-bba8-5848f21a9357,23 юни 2026,Протокол,151,23.06.2026,Павел Неделчев - Съдия докладчик,
4ca1db70-e055-423f-bba8-5848f21a9357,15 май 2026,Протоколно определение,126,,Павел Неделчев - Съдия докладчик,
4ca1db70-e055-423f-bba8-5848f21a9357,29 април 2026,Разпореждане,83,29.04.2026,Павел Неделчев - Съдия докладчик,
4ca1db70-e055-423f-bba8-5848f21a9357,07 април 2026,Разпореждане,69,07.04.2026,Павел Неделчев - Съдия докладчик,
b173a17e-c9c3-4294-bf74-12dd6f988a72,07 април 2026,Заповед за изпълнение,737,,Лилия Йорданова Любенова Димитрова - Съдия докладчик,
68dbe48c-a20b-4a7a-9307-754bfdc2e25e,08 октомври 2026,Протокол,534,08.10.2026,РУМЯНА МИХАЙЛОВА - Съдия докладчик,
68dbe48c-a20b-4a7a-9307-754bfdc2e25e,05 август 2026,Разпореждане,862,05.08.2026,РУМЯНА МИХАЙЛОВА - Съдия докладчик,
68dbe48c-a20b-4a7a-9307-754bfdc2e25e,14 май 2026,Протокол,274,14.05.2026,КРАСИМИР СЕМОВ - Съдия докладчик,
68dbe48c-a20b-4a7a-9307-754bfdc2e25e,03 април 2026,Разпореждане,390,03.04.2026,КРАСИМИР СЕМОВ - Съдия докладчик,
c9bcbef5-4a7d-4a80-9202-d93175b634f4,24 септември 2026,Разпореждане,11257,,Емил Кръстев Ангелов - Съдия докладчик,
c9bcbef5-4a7d-4a80-9202-d93175b634f4,21 юли 2026,Определение,1585,21.07.2026,Емил Кръстев Ангелов - Съдия докладчик,
c9bcbef5-4a7d-4a80-9202-d93175b634f4,29 май 2026,Разпореждане,5940,29.05.2026,Емил Кръстев Ангелов - Съдия докладчик,
c9bcbef5-4a7d-4a80-9202-d93175b634f4,07 април 2026,Заповед за изпълнение,2324,,Емил Кръстев Ангелов - Съдия докладчик,
878aebff-e1fd-4e03-a612-2c9b02b78c3b,03 април 2026,Заповед за изпълнение,1370,,НАТАЛИЯ ПЕТКОВА ПЕТКОВА - Съдия докладчик,
3eb42d85-712c-4841-8d44-cbab631e5f02,03 април 2026,Определение,460,03.04.2026,Христо Ангелов - Съдия докладчик,
54f06da4-e7fe-4ce9-926d-afc3c5ad1b31,24 септември 2026,Протокол,824,24.09.2026,ВАЛЕНТИНА ИВАНОВА ТОДОРОВА - Съдия докладчик,
54f06da4-e7fe-4ce9-926d-afc3c5ad1b31,07 август 2026,Разпореждане,5971,07.08.2026,ВАЛЕНТИНА ИВАНОВА ТОДОРОВА - Съдия докладчик,
54f06da4-e7fe-4ce9-926d-afc3c5ad1b31,03 август 2026,Определение,1492,03.08.2026,ВАЛЕНТИНА ИВАНОВА ТОДОРОВА - Съдия докладчик,
54f06da4-e7fe-4ce9-926d-afc3c5ad1b31,05 май 2026,Разпореждане,2925,05.05.2026,ВАЛЕНТИНА ИВАНОВА ТОДОРОВА - Съдия докладчик,
54f06da4-e7fe-4ce9-926d-afc3c5ad1b31,03 април 2026,Разпореждане,2136,03.04.2026,ВАЛЕНТИНА ИВАНОВА ТОДОРОВА - Съдия докладчик,
b2fefa12-d9aa-416b-bab4-33bf9ac5f497,29 юни 2026,Решение,282,29.06.2026,ВЕСЕЛА ЛЮБОМИРОВА САХАТЧИЕВА - Председател КРАСИМИР ИВАНОВ ПЕТРАКИЕВ - Съдия докладчик ДАЯНА СТОЯНОВА ВАСИЛЧИНА - Член,
b2fefa12-d9aa-416b-bab4-33bf9ac5f497,27 май 2026,Протокол,314,27.05.2026,ВЕСЕЛА ЛЮБОМИРОВА САХАТЧИЕВА - Председател КРАСИМИР ИВАНОВ ПЕТРАКИЕВ - Съдия докладчик ДАЯНА СТОЯНОВА ВАСИЛЧИНА - Член,
b2fefa12-d9aa-416b-bab4-33bf9ac5f497,06 април 2026,Определение,495,06.04.2026,ВЕСЕЛА ЛЮБОМИРОВА САХАТЧИЕВА - Председател КРАСИМИР ИВАНОВ ПЕТРАКИЕВ - Съдия докладчик РЕНИ МИХАЙЛОВА СПАРТАНСКА - Член,
0e8c7caa-236a-4fae-ac5e-4c8209652f25,29 септември 2026,Решение,417,29.09.2026,Ивайло Христов Родопски - Председател Николай Светлинов Василев - Съдия докладчик Катерина Въткова Ненова - Член,
0e8c7caa-236a-4fae-ac5e-4c8209652f25,22 юни 2026,Протокол,409,22.06.2026,Ивайло Христов Родопски - Председател Николай Светлинов Василев - Съдия докладчик Катерина Въткова Ненова - Член,
0e8c7caa-236a-4fae-ac5e-4c8209652f25,26 май 2026,Протокол,328,26.05.2026,Ивайло Христов Родопски - Председател Николай Светлинов Василев - Съдия докладчик Катерина Въткова Ненова - Член,
0e8c7caa-236a-4fae-ac5e-4c8209652f25,30 април 2026,Определение,1269,30.04.2026,Ивайло Христов Родопски - Председател Николай Светлинов Василев - Съдия докладчик Катерина Въткова Ненова - Член,
c9824cd1-07dc-4007-affb-150b434870d9,11 август 2026,Протокол,15973,11.08.2026,СТАНИСЛАВ БОРИСЛАВОВ СЕДЕФЧЕВ - Съдия докладчик,
c9824cd1-07dc-4007-affb-150b434870d9,03 юни 2026,Протокол,11144,03.06.2026,СТАНИСЛАВ БОРИСЛАВОВ СЕДЕФЧЕВ - Съдия докладчик,
c9824cd1-07dc-4007-affb-150b434870d9,29 април 2026,Разпореждане,5649,29.04.2026,СТАНИСЛАВ БОРИСЛАВОВ СЕДЕФЧЕВ - Съдия докладчик,
743abfe8-75e9-4573-9cfa-14624a12af64,03 октомври 2026,Решение,247,,Боряна Красимирова Иванова Гащарова - Съдия докладчик,
743abfe8-75e9-4573-9cfa-14624a12af64,09 септември 2026,Протоколно определение,400,09.09.2026,Боряна Красимирова Иванова Гащарова - Съдия докладчик,
743abfe8-75e9-4573-9cfa-14624a12af64,22 юни 2026,Протокол,307,22.06.2026,Боряна Красимирова Иванова Гащарова - Съдия докладчик,
743abfe8-75e9-4573-9cfa-14624a12af64,09 юни 2026,Протокол,275,09.06.2026,Боряна Красимирова Иванова Гащарова - Съдия докладчик,
743abfe8-75e9-4573-9cfa-14624a12af64,13 май 2026,Разпореждане,616,13.05.2026,Боряна Красимирова Иванова Гащарова - Съдия докладчик,
743abfe8-75e9-4573-9cfa-14624a12af64,09 април 2026,Определение,218,09.04.2026,Боряна Красимирова Иванова Гащарова - Съдия докладчик,
0b5eb54d-1dca-43b3-b3e7-ff48a95faa4a,19 май 2026,Изпълнителен лист ЗП,327,19.05.2026,Петя Николова Гатева - Съдия докладчик,
0b5eb54d-1dca-43b3-b3e7-ff48a95faa4a,06 април 2026,Заповед за изпълнение,294,18.05.2026,Петя Николова Гатева - Съдия докладчик,
a2bd4ccd-7d73-4b07-a55f-27706d033899,23 септември 2026,Изпълнителен лист ЗП,913,23.09.2026,Божидарка Данчова Йосифова - Съдия докладчик,
a2bd4ccd-7d73-4b07-a55f-27706d033899,21 септември 2026,Разпореждане,3823,,Божидарка Данчова Йосифова - Съдия докладчик,
a2bd4ccd-7d73-4b07-a55f-27706d033899,23 юли 2026,Разпореждане,3029,23.07.2026,Божидарка Данчова Йосифова - Съдия докладчик,
a2bd4ccd-7d73-4b07-a55f-27706d033899,03 юли 2026,Разпореждане,2714,03.07.2026,Божидарка Данчова Йосифова - Съдия докладчик,
a2bd4ccd-7d73-4b07-a55f-27706d033899,08 юни 2026,Разпореждане,2291,08.06.2026,Божидарка Данчова Йосифова - Съдия докладчик,
a2bd4ccd-7d73-4b07-a55f-27706d033899,22 май 2026,Разпореждане,2014,22.05.2026,Божидарка Данчова Йосифова - Съдия докладчик,
a2bd4ccd-7d73-4b07-a55f-27706d033899,22 май 2026,Разпореждане,2013,22.05.2026,Божидарка Данчова Йосифова - Съдия докладчик,
a2bd4ccd-7d73-4b07-a55f-27706d033899,03 април 2026,Заповед за изпълнение,395,04.09.2026,Божидарка Данчова Йосифова - Съдия докладчик,
25c76776-f1a9-46f3-8ecf-78d02d77a507,06 април 2026,Разпореждане,133,06.04.2026,ТАТЯНА МИТЕВА - Съдия докладчик,
0bcf09a4-4a9f-48bb-b897-7a57c20deaf8,19 май 2026,Изпълнителен лист ЗП,81,19.05.2026,Теодора Богомилова Стоянова - Съдия докладчик,
0bcf09a4-4a9f-48bb-b897-7a57c20deaf8,19 май 2026,Разпореждане,776,10.06.2026,Теодора Богомилова Стоянова - Съдия докладчик,
0bcf09a4-4a9f-48bb-b897-7a57c20deaf8,03 април 2026,Заповед за изпълнение,115,19.05.2026,Теодора Богомилова Стоянова - Съдия докладчик,
b77843f3-2a65-4e31-8cef-16cbe3730a3a,30 юли 2026,Определение,602,30.07.2026,Ангелина Бисеркова - Съдия докладчик,
b77843f3-2a65-4e31-8cef-16cbe3730a3a,17 юни 2026,Разпореждане,1683,17.06.2026,Ангелина Бисеркова - Съдия докладчик,
b77843f3-2a65-4e31-8cef-16cbe3730a3a,19 май 2026,Разпореждане,1310,19.05.2026,Ангелина Бисеркова - Съдия докладчик,
b77843f3-2a65-4e31-8cef-16cbe3730a3a,16 април 2026,Разпореждане,992,16.04.2026,Ангелина Бисеркова - Съдия докладчик,
b77843f3-2a65-4e31-8cef-16cbe3730a3a,06 април 2026,Разпореждане,925,06.04.2026,Ангелина Бисеркова - Съдия докладчик,
a88ae107-a576-4dc5-87c4-6fc2725ebdf0,03 април 2026,Заповед за изпълнение,1137,,Светослав Атанасов Пиронев - Съдия докладчик,
5a569df4-b1c7-4794-aa89-b7b03ad3cbf8,13 май 2026,Решение,1067,13.05.2026,Силвия Мичева-Димитрова - Докладчик Ивайло Иванов - Председател Кирил Чакъров - Член на състава,
5a569df4-b1c7-4794-aa89-b7b03ad3cbf8,06 април 2026,Определение,755,,Силвия Мичева-Димитрова - Докладчик,
fdbbf1bb-883b-42a2-bd75-862cabd6eb38,08 октомври 2026,Разпореждане,4067,08.10.2026,БЕЛЛА ВЕСЕЛИНОВА ПАНЕВА - Съдия докладчик,
fdbbf1bb-883b-42a2-bd75-862cabd6eb38,23 септември 2026,Разпореждане,3820,23.09.2026,БЕЛЛА ВЕСЕЛИНОВА ПАНЕВА - Съдия докладчик,
fdbbf1bb-883b-42a2-bd75-862cabd6eb38,06 август 2026,Разпореждане,3122,06.08.2026,БЕЛЛА ВЕСЕЛИНОВА ПАНЕВА - Съдия докладчик,
fdbbf1bb-883b-42a2-bd75-862cabd6eb38,03 юли 2026,Определение,405,,БЕЛЛА ВЕСЕЛИНОВА ПАНЕВА - Съдия докладчик,
fdbbf1bb-883b-42a2-bd75-862cabd6eb38,27 април 2026,Разпореждане,1643,27.04.2026,Белла Веселинова Стоименова - Съдия докладчик,
fdbbf1bb-883b-42a2-bd75-862cabd6eb38,06 април 2026,Заповед за изпълнение,428,,Белла Веселинова Стоименова - Съдия докладчик,
fdbbf1bb-883b-42a2-bd75-862cabd6eb38,06 април 2026,Разпореждане,1276,06.04.2026,Белла Веселинова Стоименова - Съдия докладчик,
556c9d26-6ca5-4b65-a7a9-53a8f6d6acef,03 април 2026,Определение,368,03.04.2026,Петър Владимиров Петров - Съдия докладчик,
a2d1200a-f084-4f8f-a33c-d4323613b508,03 април 2026,Определение,96,03.04.2026,РУМЯНА МИХАЙЛОВА - Съдия докладчик,
a3f3dfbc-9cb2-4324-91ca-0f16670de8d8,03 април 2026,Заповед за изпълнение,466,,ПЕТЯ ИВАНОВА ЗДРАВКОВА - Съдия докладчик,
0a57f744-b6a1-4103-a3e8-917cbbb17884,24 септември 2026,Определение,632,24.09.2026,Живко Павлов Георгиев - Съдия докладчик,
0a57f744-b6a1-4103-a3e8-917cbbb17884,05 август 2026,Разпореждане,1465,05.08.2026,Живко Павлов Георгиев - Съдия докладчик,
0a57f744-b6a1-4103-a3e8-917cbbb17884,06 април 2026,Заповед за изпълнение,506,,Живко Павлов Георгиев - Съдия докладчик,
adf8ad11-7d54-44c4-b34f-833d3a40e968,17 април 2026,Протоколно определение,2141,,Мирослав Георгиев Георгиев - Съдия докладчик,
adf8ad11-7d54-44c4-b34f-833d3a40e968,09 април 2026,Разпореждане,1269,09.04.2026,Мирослав Георгиев Георгиев - Съдия докладчик,
86a92c96-141b-4250-8d50-c8fa4c9fc657,05 април 2026,Разпореждане,1035,23.04.2026,ФИЛИП ЛЮЛИНОВ МАТЕВ - Съдия докладчик,
525b11aa-f231-4935-ae8a-0a3c2c0b7452,21 април 2026,Разпореждане,1507,06.05.2026,Анна Иванова Кайтазка - Съдия докладчик,
525b11aa-f231-4935-ae8a-0a3c2c0b7452,03 април 2026,Разпореждане,1278,03.04.2026,Анна Иванова Кайтазка - Съдия докладчик,
818d374b-83ee-4d8a-be51-0c2e7b524933,20 април 2026,Протокол,231,20.04.2026,МЕТОДИ НИКОЛОВ ЗДРАВКОВ - Съдия докладчик,
818d374b-83ee-4d8a-be51-0c2e7b524933,17 април 2026,Решение,153,,МЕТОДИ НИКОЛОВ ЗДРАВКОВ - Съдия докладчик,
818d374b-83ee-4d8a-be51-0c2e7b524933,15 април 2026,Определение,524,15.04.2026,МЕТОДИ НИКОЛОВ ЗДРАВКОВ - Съдия докладчик,
818d374b-83ee-4d8a-be51-0c2e7b524933,06 април 2026,Определение,492,06.04.2026,МЕТОДИ НИКОЛОВ ЗДРАВКОВ - Съдия докладчик,
db60fa99-2c15-4e81-975d-da78e7fd7c74,06 април 2026,Решение,129,06.04.2026,Атанас Кобуров - Съдия докладчик,
30f648d8-bd81-46aa-bca7-c07c02372cda,29 април 2026,Разпореждане,1451,19.05.2026,Георги Тодоров Добрев - Съдия докладчик,
30f648d8-bd81-46aa-bca7-c07c02372cda,03 април 2026,Разпореждане,1128,03.04.2026,Георги Тодоров Добрев - Съдия докладчик,
5a09cdc9-2ece-499a-8867-b72bf88642fb,06 август 2026,Изпълнителен лист,608,06.08.2026,,
5a09cdc9-2ece-499a-8867-b72bf88642fb,05 август 2026,Разпореждане,5943,05.08.2026,КРИСТИАН АТАНАСОВ БАДЖАКОВ - Съдия докладчик,
5a09cdc9-2ece-499a-8867-b72bf88642fb,05 август 2026,Изпълнителен лист,299,05.08.2026,,
5a09cdc9-2ece-499a-8867-b72bf88642fb,08 юли 2026,Протоколно определение,647,15.07.2026,КРИСТИАН АТАНАСОВ БАДЖАКОВ - Съдия докладчик,
5a09cdc9-2ece-499a-8867-b72bf88642fb,28 май 2026,Определение,1019,28.05.2026,КРИСТИАН АТАНАСОВ БАДЖАКОВ - Съдия докладчик,
5a09cdc9-2ece-499a-8867-b72bf88642fb,27 май 2026,Определение,1012,27.05.2026,КРИСТИАН АТАНАСОВ БАДЖАКОВ - Съдия докладчик,
5a09cdc9-2ece-499a-8867-b72bf88642fb,21 април 2026,Разпореждане,2473,21.04.2026,КРИСТИАН АТАНАСОВ БАДЖАКОВ - Съдия докладчик,
5a09cdc9-2ece-499a-8867-b72bf88642fb,21 април 2026,Разпореждане,2452,21.04.2026,КРИСТИАН АТАНАСОВ БАДЖАКОВ - Съдия докладчик,
5a09cdc9-2ece-499a-8867-b72bf88642fb,03 април 2026,Разпореждане,2134,03.04.2026,КРИСТИАН АТАНАСОВ БАДЖАКОВ - Съдия докладчик,
dba69ecc-65a2-4692-b4fb-badf94d2bdd7,28 септември 2026,Протокол,509,28.09.2026,Ивайло Христов Родопски - Председател Николай Светлинов Василев - Съдия докладчик Катерина Въткова Ненова - Член,
dba69ecc-65a2-4692-b4fb-badf94d2bdd7,22 юни 2026,Протокол,399,22.06.2026,Ивайло Христов Родопски - Председател Николай Светлинов Василев - Съдия докладчик Катерина Въткова Ненова - Член,
dba69ecc-65a2-4692-b4fb-badf94d2bdd7,14 май 2026,Разпореждане,776,14.05.2026,Николай Светлинов Василев - Съдия докладчик,
dba69ecc-65a2-4692-b4fb-badf94d2bdd7,11 май 2026,Разпореждане,752,11.05.2026,Николай Светлинов Василев - Съдия докладчик,
dba69ecc-65a2-4692-b4fb-badf94d2bdd7,04 май 2026,Разпореждане,713,04.05.2026,Николай Светлинов Василев - Съдия докладчик,
dba69ecc-65a2-4692-b4fb-badf94d2bdd7,30 април 2026,Определение,1261,30.04.2026,Ивайло Христов Родопски - Председател Николай Светлинов Василев - Съдия докладчик Катерина Въткова Ненова - Член,
7a3404dd-79da-4b41-b447-c3baceb3557e,03 април 2026,Заповед за изпълнение,1373,,Недко Цолов Петров - Съдия докладчик,
ea25e33f-d7db-4939-b78f-5f7ad71838f6,03 септември 2026,Определение,323,17.09.2026,Славка Бисерова Гемишева - Съдия докладчик,
ea25e33f-d7db-4939-b78f-5f7ad71838f6,17 юли 2026,Разпореждане,1331,17.07.2026,Славка Бисерова Гемишева - Съдия докладчик,
ea25e33f-d7db-4939-b78f-5f7ad71838f6,03 април 2026,Заповед за изпълнение,359,,Славка Бисерова Гемишева - Съдия докладчик,
45f24293-ff53-4ade-b83d-80e32717d68c,03 юни 2026,Разпореждане,1827,03.06.2026,Мариела Анастасова Иванова - Съдия докладчик,
45f24293-ff53-4ade-b83d-80e32717d68c,03 април 2026,Заповед за изпълнение,521,,Мариела Анастасова Иванова - Съдия докладчик,
429aebd3-3df6-4edd-9c0c-05a494f3d4ae,21 май 2026,Разпореждане,1644,21.05.2026,Стоян Иванов Стоянов - Съдия докладчик,
429aebd3-3df6-4edd-9c0c-05a494f3d4ae,21 май 2026,Изпълнителен лист ЗП,302,21.05.2026,Стоян Иванов Стоянов - Съдия докладчик,
429aebd3-3df6-4edd-9c0c-05a494f3d4ae,03 април 2026,Заповед за изпълнение,262,16.05.2026,Стоян Иванов Стоянов - Съдия докладчик,
5c150866-6bde-422f-bc3d-849ed640ca0d,03 април 2026,Определение,746,03.04.2026,Ивайло Иванов - Докладчик Кирил Чакъров - Член на състава Силвия Мичева-Димитрова - Член на състава,
473ff0c9-5ca3-44c6-8404-e47a6e74671f,12 юни 2026,Определение,818,12.06.2026,РЕНИ МИХАЙЛОВА СПАРТАНСКА - Съдия докладчик,
473ff0c9-5ca3-44c6-8404-e47a6e74671f,18 май 2026,Разпореждане,275,18.05.2026,РЕНИ МИХАЙЛОВА СПАРТАНСКА - Съдия докладчик,
473ff0c9-5ca3-44c6-8404-e47a6e74671f,08 май 2026,Определение,625,08.05.2026,РЕНИ МИХАЙЛОВА СПАРТАНСКА - Съдия докладчик,
473ff0c9-5ca3-44c6-8404-e47a6e74671f,29 април 2026,Разпореждане,243,29.04.2026,РЕНИ МИХАЙЛОВА СПАРТАНСКА - Съдия докладчик,
473ff0c9-5ca3-44c6-8404-e47a6e74671f,24 април 2026,Определение,568,24.04.2026,РЕНИ МИХАЙЛОВА СПАРТАНСКА - Съдия докладчик,
473ff0c9-5ca3-44c6-8404-e47a6e74671f,24 април 2026,Определение,567,24.04.2026,РЕНИ МИХАЙЛОВА СПАРТАНСКА - Съдия докладчик,
473ff0c9-5ca3-44c6-8404-e47a6e74671f,08 април 2026,Разпореждане,203,08.04.2026,РЕНИ МИХАЙЛОВА СПАРТАНСКА - Съдия докладчик,
3de4a33e-f09a-4810-8f71-0cfb8bbbe197,03 април 2026,Определение,367,03.04.2026,Петър Владимиров Петров - Съдия докладчик,
679ed003-f8b7-4f84-8473-0e961ec8b45a,14 август 2026,Разпореждане,2509,14.08.2026,Димитър Тодоров Маринов - Съдия докладчик,
679ed003-f8b7-4f84-8473-0e961ec8b45a,20 юли 2026,Разпореждане,2314,20.07.2026,Георги Тодоров Добрев - Съдия докладчик,
679ed003-f8b7-4f84-8473-0e961ec8b45a,16 април 2026,Заповед за изпълнение,587,,Димитър Тодоров Маринов - Съдия докладчик,
c64c4014-7751-4fa1-b239-ca72e7aaf5fb,05 октомври 2026,Определение,1163,,ХРИСТИНА ИВАНОВА СЯРОВА - Съдия докладчик,
c64c4014-7751-4fa1-b239-ca72e7aaf5fb,24 август 2026,Определение,983,24.08.2026,ЙОХАННА ИВАНОВА АНТОНОВА - Съдия докладчик,
c64c4014-7751-4fa1-b239-ca72e7aaf5fb,29 май 2026,Разпореждане,2367,29.05.2026,КРАСИМИРА ИВАНОВА КОЛЕВА - Съдия докладчик,
c64c4014-7751-4fa1-b239-ca72e7aaf5fb,29 май 2026,Разпореждане,2336,29.05.2026,КРАСИМИРА ИВАНОВА КОЛЕВА - Съдия докладчик,
c64c4014-7751-4fa1-b239-ca72e7aaf5fb,28 май 2026,Разпореждане,2333,28.05.2026,КРАСИМИРА ИВАНОВА КОЛЕВА - Съдия докладчик,
c64c4014-7751-4fa1-b239-ca72e7aaf5fb,28 май 2026,Разпореждане,2331,28.05.2026,КРАСИМИРА ИВАНОВА КОЛЕВА - Съдия докладчик,
c64c4014-7751-4fa1-b239-ca72e7aaf5fb,06 април 2026,Заповед за изпълнение,655,,ЙОХАННА ИВАНОВА АНТОНОВА - Съдия докладчик,
8ab819d0-ee3a-4fda-9dd9-85034baabf2e,02 октомври 2026,Разпореждане,4810,02.10.2026,Лилия Методиева Ненова - Съдия докладчик,
8ab819d0-ee3a-4fda-9dd9-85034baabf2e,14 юли 2026,Разпореждане,3302,14.07.2026,Лилия Методиева Ненова - Съдия докладчик,
8ab819d0-ee3a-4fda-9dd9-85034baabf2e,12 юни 2026,Разпореждане,2860,12.06.2026,Лилия Методиева Ненова - Съдия докладчик,
8ab819d0-ee3a-4fda-9dd9-85034baabf2e,08 май 2026,Разпореждане,2020,08.05.2026,Лилия Методиева Ненова - Съдия докладчик,
8ab819d0-ee3a-4fda-9dd9-85034baabf2e,08 май 2026,Разпореждане,2019,08.05.2026,Лилия Методиева Ненова - Съдия докладчик,
8ab819d0-ee3a-4fda-9dd9-85034baabf2e,06 април 2026,Заповед за изпълнение,469,,Лилия Методиева Ненова - Съдия докладчик,
8ab819d0-ee3a-4fda-9dd9-85034baabf2e,06 април 2026,Разпореждане,1520,,Лилия Методиева Ненова - Съдия докладчик,
be6d0626-dfb0-406c-aa4e-305a7b5521e2,14 май 2026,Разпореждане,1495,,Иван Божиков Димитров - Съдия докладчик,
be6d0626-dfb0-406c-aa4e-305a7b5521e2,06 април 2026,Заповед за изпълнение,1152,,Иван Божиков Димитров - Съдия докладчик,
f5449656-07ec-48ef-b7d6-7b80297c85d3,06 април 2026,Разпореждане,10292,,МАРИНЕЛА КРАСИМИРОВА МАРИНОВА-СТОЕВА - Съдия докладчик,
f5449656-07ec-48ef-b7d6-7b80297c85d3,03 април 2026,Разпореждане,10150,03.04.2026,МАРИНЕЛА КРАСИМИРОВА МАРИНОВА-СТОЕВА - Съдия докладчик,
bc953e13-43f1-40c2-a1cf-98d1163fd2f7,03 април 2026,Решение,391,03.04.2026,Димитър Чардаков - Съдия докладчик,
dca27fb1-512f-4db9-8691-a8c65f026dd5,03 юли 2026,Изпълнителен лист ЗП,752,03.07.2026,Мария Вангелова Грунова - Съдия докладчик,
dca27fb1-512f-4db9-8691-a8c65f026dd5,03 юли 2026,Разпореждане,2574,03.07.2026,Мария Вангелова Грунова - Съдия докладчик,
dca27fb1-512f-4db9-8691-a8c65f026dd5,02 юни 2026,Разпореждане,2181,02.06.2026,Мария Вангелова Грунова - Съдия докладчик,
dca27fb1-512f-4db9-8691-a8c65f026dd5,03 април 2026,Заповед за изпълнение,527,23.06.2026,Мария Вангелова Грунова - Съдия докладчик,
458f1740-0946-4fc7-8804-ee526b179f8c,19 май 2026,Изпълнителен лист ЗП,365,19.05.2026,Ростислава Петкова - Съдия докладчик,
458f1740-0946-4fc7-8804-ee526b179f8c,19 май 2026,Разпореждане,1038,,Ростислава Петкова - Съдия докладчик,
458f1740-0946-4fc7-8804-ee526b179f8c,03 април 2026,Заповед за изпълнение,275,15.05.2026,Ростислава Петкова - Съдия докладчик,
c8ab46df-311b-407a-a2e9-d183ef48e813,16 юли 2026,Разпореждане,557,16.07.2026,Мая Павлова Кончарска - Съдия докладчик,
c8ab46df-311b-407a-a2e9-d183ef48e813,27 май 2026,Разпореждане,430,27.05.2026,Мая Павлова Кончарска - Съдия докладчик,
c8ab46df-311b-407a-a2e9-d183ef48e813,03 април 2026,Заповед за изпълнение,73,,Мая Павлова Кончарска - Съдия докладчик,
c8ab46df-311b-407a-a2e9-d183ef48e813,03 април 2026,Разпореждане,280,03.04.2026,Мая Павлова Кончарска - Съдия докладчик,
7fbd5d4b-5434-47ba-9c0c-e7b73a00eb21,12 май 2026,Изпълнителен лист,1872,12.05.2026,,
7fbd5d4b-5434-47ba-9c0c-e7b73a00eb21,22 април 2026,Протокол,8087,22.04.2026,ЯНА ЦВЕТАНОВА ДИМИТРОВА - Съдия докладчик,
7fbd5d4b-5434-47ba-9c0c-e7b73a00eb21,22 април 2026,Протоколно определение,8086,,ЯНА ЦВЕТАНОВА ДИМИТРОВА - Съдия докладчик,
7fbd5d4b-5434-47ba-9c0c-e7b73a00eb21,22 април 2026,Споразумение,661,22.04.2026,ЯНА ЦВЕТАНОВА ДИМИТРОВА - Съдия докладчик,
7fbd5d4b-5434-47ba-9c0c-e7b73a00eb21,07 април 2026,Разпореждане,4618,07.04.2026,ЯНА ЦВЕТАНОВА ДИМИТРОВА - Съдия докладчик,
540f7d96-a059-487b-a0ec-8378a3abff19,13 август 2026,Изпълнителен лист ЗП,1370,13.08.2026,АЛЕКСАНДРА НАНОВА - Съдия докладчик,
540f7d96-a059-487b-a0ec-8378a3abff19,09 август 2026,Разпореждане,4764,09.08.2026,АЛЕКСАНДРА НАНОВА - Съдия докладчик,
540f7d96-a059-487b-a0ec-8378a3abff19,31 май 2026,Разпореждане,3124,31.05.2026,АЛЕКСАНДРА НАНОВА - Съдия докладчик,
540f7d96-a059-487b-a0ec-8378a3abff19,12 май 2026,Разпореждане,2641,12.05.2026,АЛЕКСАНДРА НАНОВА - Съдия докладчик,
540f7d96-a059-487b-a0ec-8378a3abff19,04 април 2026,Заповед за изпълнение,1206,26.06.2026,АЛЕКСАНДРА НАНОВА - Съдия докладчик,
cdf116a6-c008-493f-86da-3419cc4f1ecd,10 септември 2026,Протокол,767,10.09.2026,КРИСТИАН АТАНАСОВ БАДЖАКОВ - Съдия докладчик,
cdf116a6-c008-493f-86da-3419cc4f1ecd,03 юли 2026,Определение,1275,03.07.2026,КРИСТИАН АТАНАСОВ БАДЖАКОВ - Съдия докладчик,
cdf116a6-c008-493f-86da-3419cc4f1ecd,12 май 2026,Разпореждане,3117,12.05.2026,КРИСТИАН АТАНАСОВ БАДЖАКОВ - Съдия докладчик,
cdf116a6-c008-493f-86da-3419cc4f1ecd,21 април 2026,Разпореждане,2449,21.04.2026,КРИСТИАН АТАНАСОВ БАДЖАКОВ - Съдия докладчик,
cdf116a6-c008-493f-86da-3419cc4f1ecd,06 април 2026,Определение,672,06.04.2026,КРИСТИАН АТАНАСОВ БАДЖАКОВ - Съдия докладчик,
0ac2effb-76ec-4a89-8afc-88428f32bd8a,10 юни 2026,Разпореждане,5593,10.06.2026,Милен Иванов Бойчев - Съдия докладчик,
0ac2effb-76ec-4a89-8afc-88428f32bd8a,03 април 2026,Заповед за изпълнение,942,,Милен Иванов Бойчев - Съдия докладчик,
c02b55ce-1a10-41f2-acae-230056d3dfca,18 май 2026,Разпореждане,1306,18.05.2026,ДИМИТЪР ВАСИЛЕВ ВАСИЛЕВ - Съдия докладчик,
c02b55ce-1a10-41f2-acae-230056d3dfca,30 април 2026,Разпореждане,1121,30.04.2026,ДИМИТЪР ВАСИЛЕВ ВАСИЛЕВ - Съдия докладчик,
c02b55ce-1a10-41f2-acae-230056d3dfca,24 април 2026,Разпореждане,1042,24.04.2026,ДИМИТЪР ВАСИЛЕВ ВАСИЛЕВ - Съдия докладчик,
c02b55ce-1a10-41f2-acae-230056d3dfca,06 април 2026,Разпореждане,904,06.04.2026,ДИМИТЪР ВАСИЛЕВ ВАСИЛЕВ - Съдия докладчик,
0b925629-5ad5-42d7-815e-24130259430b,03 април 2026,Заповед за изпълнение,910,,Елена Иванова Балджиева - Съдия докладчик,
e2c76b05-3094-480d-ad20-295ea3f4d4cf,03 април 2026,Определение,89,03.04.2026,Павел Неделчев - Съдия докладчик,
89bdeac6-f0de-44ad-a009-5f5735724f19,24 юли 2026,Разпореждане,1104,,Соня Ангелова Стефанова - Съдия докладчик,
89bdeac6-f0de-44ad-a009-5f5735724f19,03 април 2026,Заповед за изпълнение,148,,Милена Вескова Хазарян - Съдия докладчик,
0b3cf872-a066-4f0c-8c53-47f22293c064,18 май 2026,Изпълнителен лист ЗП,698,18.05.2026,Димитринка Емилова Купринджийска - Съдия докладчик,
0b3cf872-a066-4f0c-8c53-47f22293c064,18 май 2026,Разпореждане,2024,,Димитринка Емилова Купринджийска - Съдия докладчик,
0b3cf872-a066-4f0c-8c53-47f22293c064,07 април 2026,Заповед за изпълнение,530,08.05.2026,Димитринка Емилова Купринджийска - Съдия докладчик,
8d0fd962-18d9-4093-a8ba-afa31760ddbd,03 април 2026,Заповед за изпълнение,1250,,Милена Стоянова Стоянова - Съдия докладчик,
f3fdab14-dcff-463d-b800-165140749e0b,17 септември 2026,Изпълнителен лист ЗП,306,17.09.2026,ПЕТЪР СИМЕОНОВ ПЕТРОВ - Съдия докладчик,
f3fdab14-dcff-463d-b800-165140749e0b,07 април 2026,Заповед за изпълнение,83,08.09.2026,ПЕТЪР СИМЕОНОВ ПЕТРОВ - Съдия докладчик,
5ace0bd3-d220-4089-ade4-09afcb7e4474,18 май 2026,Определение,1362,18.05.2026,Ивайло Христов Родопски - Съдия докладчик Катерина Въткова Ненова - Член Николай Светлинов Василев - Член,
5ace0bd3-d220-4089-ade4-09afcb7e4474,06 април 2026,Определение,1048,06.04.2026,Ивайло Христов Родопски - Съдия докладчик Катерина Въткова Ненова - Член Николай Светлинов Василев - Член,
c2c773aa-567e-4039-9d37-e890e8a8136d,16 юни 2026,Изпълнителен лист ЗП,971,16.06.2026,Радосвета Добрева Станимирова - Съдия докладчик,
c2c773aa-567e-4039-9d37-e890e8a8136d,16 юни 2026,Разпореждане,2649,16.06.2026,Радосвета Добрева Станимирова - Съдия докладчик,
c2c773aa-567e-4039-9d37-e890e8a8136d,03 април 2026,Заповед за изпълнение,665,05.06.2026,Радосвета Добрева Станимирова - Съдия докладчик,
8bb34d76-0051-4c76-81a9-d1ee7f039b26,15 юли 2026,Определение,264,29.07.2026,Пейо Иванов Приходков - Съдия докладчик,
8bb34d76-0051-4c76-81a9-d1ee7f039b26,29 май 2026,Разпореждане,590,29.05.2026,Пейо Иванов Приходков - Съдия докладчик,
8bb34d76-0051-4c76-81a9-d1ee7f039b26,23 април 2026,Разпореждане,415,23.04.2026,Пейо Иванов Приходков - Съдия докладчик,
8bb34d76-0051-4c76-81a9-d1ee7f039b26,07 април 2026,Заповед за изпълнение,146,,Пейо Иванов Приходков - Съдия докладчик,
7e858337-7ea7-4a75-acfd-57d48d8ac1f0,22 април 2026,Протоколно определение,380,22.04.2026,КАЛИН ИВАНОВ - Съдия докладчик,
7e858337-7ea7-4a75-acfd-57d48d8ac1f0,06 април 2026,Определение,472,06.04.2026,КАЛИН ИВАНОВ - Съдия докладчик,
e4d483d1-1406-4385-8139-98cff099a78e,20 юли 2026,Разпореждане,8341,20.07.2026,Биляна Росалинова Скорчовска Петкова - Съдия докладчик,
e4d483d1-1406-4385-8139-98cff099a78e,06 април 2026,Разпореждане,3691,,Биляна Росалинова Скорчовска Петкова - Съдия докладчик,
e4d483d1-1406-4385-8139-98cff099a78e,06 април 2026,Заповед за изпълнение,2285,,Биляна Росалинова Скорчовска Петкова - Съдия докладчик,
f98eb87e-b93c-4886-b60c-241e9a5d28d5,15 септември 2026,Разпореждане,8343,15.09.2026,Георги Кирилов Пашалиев - Съдия докладчик,
f98eb87e-b93c-4886-b60c-241e9a5d28d5,03 юни 2026,Разпореждане,5102,03.06.2026,Георги Кирилов Пашалиев - Съдия докладчик,
f98eb87e-b93c-4886-b60c-241e9a5d28d5,03 април 2026,Заповед за изпълнение,1260,,Георги Кирилов Пашалиев - Съдия докладчик,
aa191e34-d4f5-4855-9b14-68d05dbfbcad,14 август 2026,Определение,3213,27.08.2026,Антоанета Иванова Абрашева - Съдия докладчик,
aa191e34-d4f5-4855-9b14-68d05dbfbcad,29 юни 2026,Разпореждане,6411,29.06.2026,Антоанета Иванова Абрашева - Съдия докладчик,
aa191e34-d4f5-4855-9b14-68d05dbfbcad,03 април 2026,Заповед за изпълнение,922,,Антоанета Иванова Абрашева - Съдия докладчик,
c8718960-ad45-45ce-ad54-ba26f47bbe3e,15 септември 2026,Решение,383,,СИЛВИЯ ЦВЕТКОВА КРЪСТЕВА - Председател ЖАНЕТА ДИМИТРОВА ГЕОРГИЕВА - Съдия докладчик РЕНИ ВАЛЕНТИНОВА ГЕОРГИЕВА - Член,
c8718960-ad45-45ce-ad54-ba26f47bbe3e,29 юли 2026,Разпореждане,479,29.07.2026,ЖАНЕТА ДИМИТРОВА ГЕОРГИЕВА - Съдия докладчик,
c8718960-ad45-45ce-ad54-ba26f47bbe3e,29 юли 2026,Разпореждане,478,29.07.2026,ЖАНЕТА ДИМИТРОВА ГЕОРГИЕВА - Съдия докладчик,
c8718960-ad45-45ce-ad54-ba26f47bbe3e,27 юли 2026,Определение,1012,,СИЛВИЯ ЦВЕТКОВА КРЪСТЕВА - Председател ЖАНЕТА ДИМИТРОВА ГЕОРГИЕВА - Съдия докладчик РЕНИ ВАЛЕНТИНОВА ГЕОРГИЕВА - Член,
c8718960-ad45-45ce-ad54-ba26f47bbe3e,06 юли 2026,Разпореждане,408,06.07.2026,ЖАНЕТА ДИМИТРОВА ГЕОРГИЕВА - Съдия докладчик,
c8718960-ad45-45ce-ad54-ba26f47bbe3e,24 юни 2026,Решение,270,,СИЛВИЯ ЦВЕТКОВА КРЪСТЕВА - Председател ДАЯНА СТОЯНОВА ВАСИЛЧИНА - Съдия докладчик РЕНИ ВАЛЕНТИНОВА ГЕОРГИЕВА - Член,
c8718960-ad45-45ce-ad54-ba26f47bbe3e,27 май 2026,Протокол,320,27.05.2026,СИЛВИЯ ЦВЕТКОВА КРЪСТЕВА - Председател ДАЯНА СТОЯНОВА ВАСИЛЧИНА - Съдия докладчик РЕНИ ВАЛЕНТИНОВА ГЕОРГИЕВА - Член,
c8718960-ad45-45ce-ad54-ba26f47bbe3e,06 април 2026,Определение,494,06.04.2026,СИЛВИЯ ЦВЕТКОВА КРЪСТЕВА - Председател ДАЯНА СТОЯНОВА ВАСИЛЧИНА - Съдия докладчик РЕНИ ВАЛЕНТИНОВА ГЕОРГИЕВА - Член,
9e2dbd21-685d-4548-9832-05de8c6da496,10 юли 2026,Изпълнителен лист ЗП,1892,10.07.2026,Николай Стефанов Стефанов - Съдия докладчик,
9e2dbd21-685d-4548-9832-05de8c6da496,10 юли 2026,Разпореждане,6942,,Николай Стефанов Стефанов - Съдия докладчик,
9e2dbd21-685d-4548-9832-05de8c6da496,03 април 2026,Заповед за изпълнение,909,,Николай Стефанов Стефанов - Съдия докладчик,
39fa9c67-6fb7-4aa2-9503-ea704477d1ef,11 септември 2026,Изпълнителен лист,3351,11.09.2026,,
39fa9c67-6fb7-4aa2-9503-ea704477d1ef,28 юли 2026,Протокол,15638,28.07.2026,НАДЯ СТЕФАНОВА БАКАЛОВА - Съдия докладчик,
39fa9c67-6fb7-4aa2-9503-ea704477d1ef,28 юли 2026,Протоколно определение,15637,28.07.2026,НАДЯ СТЕФАНОВА БАКАЛОВА - Съдия докладчик,
39fa9c67-6fb7-4aa2-9503-ea704477d1ef,28 юли 2026,Споразумение,1200,28.07.2026,НАДЯ СТЕФАНОВА БАКАЛОВА - Съдия докладчик,
39fa9c67-6fb7-4aa2-9503-ea704477d1ef,05 юни 2026,Разпореждане,7383,05.06.2026,НАДЯ СТЕФАНОВА БАКАЛОВА - Съдия докладчик,
bad548c2-4977-43da-ac6f-ad28ec5e7e16,03 април 2026,Заповед за изпълнение,1112,,Мирослав Руменов Саневски - Съдия докладчик,
bcccf15a-b028-4a2c-a5e4-be4b0ce8180e,30 юни 2026,Изпълнителен лист ЗП,1696,30.06.2026,Майя Йончева Йончева - Съдия докладчик,
bcccf15a-b028-4a2c-a5e4-be4b0ce8180e,29 юни 2026,Разпореждане,6392,29.06.2026,Майя Йончева Йончева - Съдия докладчик,
bcccf15a-b028-4a2c-a5e4-be4b0ce8180e,03 април 2026,Заповед за изпълнение,933,,Майя Йончева Йончева - Съдия докладчик,
a3b4d9c5-073b-40df-aef0-93388c592634,08 октомври 2026,Определение,1444,,КАЛИН ИВАНОВ - Съдия докладчик,
a3b4d9c5-073b-40df-aef0-93388c592634,19 юни 2026,Разпореждане,3583,19.06.2026,КАЛИН ИВАНОВ - Съдия докладчик,
a3b4d9c5-073b-40df-aef0-93388c592634,11 юни 2026,Определение,774,20.06.2026,КАЛИН ИВАНОВ - Съдия докладчик,
a3b4d9c5-073b-40df-aef0-93388c592634,22 април 2026,Разпореждане,2072,22.04.2026,КАЛИН ИВАНОВ - Съдия докладчик,
a3b4d9c5-073b-40df-aef0-93388c592634,03 април 2026,Заповед за изпълнение,1196,,КАЛИН ИВАНОВ - Съдия докладчик,
9d0aeafc-5ae4-446f-8f27-c7e384e2c4bd,06 април 2026,Разпореждане,10381,06.04.2026,Иванина Игнатова Иванова - Съдия докладчик,
9d0aeafc-5ae4-446f-8f27-c7e384e2c4bd,03 април 2026,Разпореждане,10159,03.04.2026,Иванина Игнатова Иванова - Съдия докладчик,
c7367b90-5033-4a72-90df-5fc22c25dbc7,22 юли 2026,Разпореждане,1727,,Слава Георгиева - Докладчик,
c7367b90-5033-4a72-90df-5fc22c25dbc7,14 юли 2026,Разпореждане,1647,,Слава Георгиева - Докладчик,
c7367b90-5033-4a72-90df-5fc22c25dbc7,25 юни 2026,Определение,1502,,Слава Георгиева - Докладчик,
c7367b90-5033-4a72-90df-5fc22c25dbc7,08 юни 2026,Разпореждане,1298,,Слава Георгиева - Докладчик,
c7367b90-5033-4a72-90df-5fc22c25dbc7,04 май 2026,Разпореждане,947,,Слава Георгиева - Докладчик,
c7367b90-5033-4a72-90df-5fc22c25dbc7,06 април 2026,Разпореждане,750,,Слава Георгиева - Докладчик,
673668bd-c9ff-46cb-9642-d2b1a6ad5add,28 април 2026,Определение,247,,Антоанета Маринова Симеонова - Съдия докладчик,
673668bd-c9ff-46cb-9642-d2b1a6ad5add,07 април 2026,Разпореждане,589,07.04.2026,Антоанета Маринова Симеонова - Съдия докладчик,
9bcdae71-5b98-4c1d-908e-f4a0ff60c14c,06 юли 2026,Изпълнителен лист,2566,06.07.2026,,
9bcdae71-5b98-4c1d-908e-f4a0ff60c14c,17 юни 2026,Протокол,12544,17.06.2026,ГЕОРГИ СТОЯНОВ ГЕОРГИЕВ - Съдия докладчик,
9bcdae71-5b98-4c1d-908e-f4a0ff60c14c,17 юни 2026,Споразумение,994,17.06.2026,ГЕОРГИ СТОЯНОВ ГЕОРГИЕВ - Съдия докладчик,
9bcdae71-5b98-4c1d-908e-f4a0ff60c14c,13 май 2026,Протокол,9512,13.05.2026,ГЕОРГИ СТОЯНОВ ГЕОРГИЕВ - Съдия докладчик,
9bcdae71-5b98-4c1d-908e-f4a0ff60c14c,16 април 2026,Разпореждане,4994,16.04.2026,ГЕОРГИ СТОЯНОВ ГЕОРГИЕВ - Съдия докладчик,
151badb0-0d3d-4f52-865e-5e5adec9ff48,26 август 2026,Изпълнителен лист ЗП,847,26.08.2026,Божидарка Данчова Йосифова - Съдия докладчик,
151badb0-0d3d-4f52-865e-5e5adec9ff48,25 август 2026,Разпореждане,3518,,Анна Иванова Кайтазка - Съдия докладчик,
151badb0-0d3d-4f52-865e-5e5adec9ff48,06 юли 2026,Разпореждане,2756,06.07.2026,Божидарка Данчова Йосифова - Съдия докладчик,
151badb0-0d3d-4f52-865e-5e5adec9ff48,20 май 2026,Разпореждане,1982,20.05.2026,Божидарка Данчова Йосифова - Съдия докладчик,
151badb0-0d3d-4f52-865e-5e5adec9ff48,18 май 2026,Разпореждане,1940,18.05.2026,Божидарка Данчова Йосифова - Съдия докладчик,
151badb0-0d3d-4f52-865e-5e5adec9ff48,14 април 2026,Разпореждане,1373,14.04.2026,Божидарка Данчова Йосифова - Съдия докладчик,
151badb0-0d3d-4f52-865e-5e5adec9ff48,14 април 2026,Разпореждане,1362,14.04.2026,Божидарка Данчова Йосифова - Съдия докладчик,
151badb0-0d3d-4f52-865e-5e5adec9ff48,03 април 2026,Заповед за изпълнение,394,17.08.2026,Божидарка Данчова Йосифова - Съдия докладчик,
596c4b9a-56bf-4bf7-bae8-2f519e84b693,21 август 2026,Разпореждане,9701,21.08.2026,Иван Валериев Никифорски - Съдия докладчик,
596c4b9a-56bf-4bf7-bae8-2f519e84b693,20 юли 2026,Разпореждане,8363,20.07.2026,Иван Валериев Никифорски - Съдия докладчик,
596c4b9a-56bf-4bf7-bae8-2f519e84b693,25 юни 2026,Разпореждане,7240,25.06.2026,Иван Валериев Никифорски - Съдия докладчик,
596c4b9a-56bf-4bf7-bae8-2f519e84b693,21 май 2026,Разпореждане,5626,21.05.2026,Иван Валериев Никифорски - Съдия докладчик,
596c4b9a-56bf-4bf7-bae8-2f519e84b693,06 април 2026,Заповед за изпълнение,2299,,Иван Валериев Никифорски - Съдия докладчик,
6362a1fa-22e8-47b4-ab7b-2c2f0068be65,19 май 2026,Изпълнителен лист ЗП,463,19.05.2026,ДИАНА РАДЕВА - Съдия докладчик,
6362a1fa-22e8-47b4-ab7b-2c2f0068be65,19 май 2026,Разпореждане,2420,,ДИАНА РАДЕВА - Съдия докладчик,
6362a1fa-22e8-47b4-ab7b-2c2f0068be65,03 април 2026,Заповед за изпълнение,428,15.05.2026,ДИАНА РАДЕВА - Съдия докладчик,
5bfcac34-f947-4ea2-a334-0518dc15e0fb,06 април 2026,Протокол,532,06.04.2026,Галена Николаева Манова-Узунова - Съдия докладчик,
5bfcac34-f947-4ea2-a334-0518dc15e0fb,03 април 2026,Протоколно определение,520,09.04.2026,Галена Николаева Манова-Узунова - Съдия докладчик,
5bfcac34-f947-4ea2-a334-0518dc15e0fb,03 април 2026,Разпореждане,236,03.04.2026,Галена Николаева Манова-Узунова - Съдия докладчик,
0f7b234d-82f1-4cf7-b0bf-943d32e62eae,18 май 2026,Изпълнителен лист ЗП,582,18.05.2026,Катерина Георгиева Дедова - Съдия докладчик,
0f7b234d-82f1-4cf7-b0bf-943d32e62eae,18 май 2026,Разпореждане,1968,18.05.2026,Катерина Георгиева Дедова - Съдия докладчик,
0f7b234d-82f1-4cf7-b0bf-943d32e62eae,06 април 2026,Заповед за изпълнение,546,09.05.2026,Катерина Георгиева Дедова - Съдия докладчик,
bfe59b93-664b-43ce-ac46-39a54940eaae,24 септември 2026,Протокол,5525,05.10.2026,Татяна Лефтерова - Съдия докладчик,
bfe59b93-664b-43ce-ac46-39a54940eaae,14 юли 2026,Определение,9407,14.07.2026,Татяна Лефтерова - Съдия докладчик,
bfe59b93-664b-43ce-ac46-39a54940eaae,18 юни 2026,Протокол,4123,18.06.2026,Татяна Лефтерова - Съдия докладчик,
bfe59b93-664b-43ce-ac46-39a54940eaae,03 юни 2026,Разпореждане,13381,03.06.2026,Татяна Лефтерова - Съдия докладчик,
bfe59b93-664b-43ce-ac46-39a54940eaae,11 май 2026,Определение,6794,11.05.2026,Татяна Лефтерова - Съдия докладчик,
bfe59b93-664b-43ce-ac46-39a54940eaae,06 април 2026,Разпореждане,8567,06.04.2026,Татяна Лефтерова - Съдия докладчик,
38b25fab-11d2-4e5f-9ac2-73f8b005a165,27 април 2026,Определение,574,27.04.2026,СИЛВИЯ ЦВЕТКОВА КРЪСТЕВА - Съдия докладчик ДАЯНА СТОЯНОВА ВАСИЛЧИНА - Член РЕНИ ВАЛЕНТИНОВА ГЕОРГИЕВА - Член,
914a9078-b607-4965-8e7d-47ed49b203c7,11 август 2026,Разпореждане,1051,11.08.2026,Димитър Маринов Димитров - Съдия докладчик,
914a9078-b607-4965-8e7d-47ed49b203c7,17 юни 2026,Разпореждане,772,17.06.2026,Димитър Маринов Димитров - Съдия докладчик,
914a9078-b607-4965-8e7d-47ed49b203c7,14 май 2026,Определение,347,,Димитър Маринов Димитров - Съдия докладчик,
914a9078-b607-4965-8e7d-47ed49b203c7,07 май 2026,Разпореждане,580,07.05.2026,Димитър Маринов Димитров - Съдия докладчик,
914a9078-b607-4965-8e7d-47ed49b203c7,03 април 2026,Определение,264,03.04.2026,Димитър Маринов Димитров - Съдия докладчик,
914a9078-b607-4965-8e7d-47ed49b203c7,03 април 2026,Разпореждане,476,03.04.2026,Димитър Маринов Димитров - Съдия докладчик,
fc1dfe4b-0417-4972-b97f-6ebd82cbc2f8,20 май 2026,Изпълнителен лист ЗП,511,20.05.2026,Атанас Василев Димитров - Съдия докладчик,
fc1dfe4b-0417-4972-b97f-6ebd82cbc2f8,20 май 2026,Разпореждане,2330,,Атанас Василев Димитров - Съдия докладчик,
fc1dfe4b-0417-4972-b97f-6ebd82cbc2f8,03 април 2026,Заповед за изпълнение,448,,Атанас Василев Димитров - Съдия докладчик,
6794e0ca-caf6-4ce9-8836-1217671de22d,10 октомври 2026,Разпореждане,2777,10.10.2026,Пепа Димова Жекова - Съдия докладчик,
6794e0ca-caf6-4ce9-8836-1217671de22d,23 август 2026,Определение,885,,Пепа Димова Жекова - Съдия докладчик,
6794e0ca-caf6-4ce9-8836-1217671de22d,10 юли 2026,Разпореждане,1988,10.07.2026,Пепа Димова Жекова - Съдия докладчик,
6794e0ca-caf6-4ce9-8836-1217671de22d,13 май 2026,Разпореждане,1202,13.05.2026,Пепа Димова Жекова - Съдия докладчик,
6794e0ca-caf6-4ce9-8836-1217671de22d,13 май 2026,Разпореждане,1201,13.05.2026,Пепа Димова Жекова - Съдия докладчик,
6794e0ca-caf6-4ce9-8836-1217671de22d,03 април 2026,Заповед за изпълнение,193,,Пепа Димова Жекова - Съдия докладчик,
e7c9fef9-de81-4fcc-8d88-092cf551ca83,21 април 2026,Определение,1823,,ДЕЛЯН ЛЮБОМИРОВ ДИЛКОВ - Съдия докладчик,
7fe3c04d-1fd7-400b-8d16-ea450fd069c6,24 септември 2026,Разпореждане,3838,,Антон Еленков Антов - Съдия докладчик,
7fe3c04d-1fd7-400b-8d16-ea450fd069c6,10 август 2026,Разпореждане,3265,10.08.2026,Антон Еленков Антов - Съдия докладчик,
7fe3c04d-1fd7-400b-8d16-ea450fd069c6,10 август 2026,Разпореждане,3241,10.08.2026,Антон Еленков Антов - Съдия докладчик,
7fe3c04d-1fd7-400b-8d16-ea450fd069c6,20 юни 2026,Разпореждане,2514,20.06.2026,Антон Еленков Антов - Съдия докладчик,
7fe3c04d-1fd7-400b-8d16-ea450fd069c6,11 май 2026,Разпореждане,1790,11.05.2026,Антон Еленков Антов - Съдия докладчик,
7fe3c04d-1fd7-400b-8d16-ea450fd069c6,03 април 2026,Заповед за изпълнение,393,,Божидарка Данчова Йосифова - Съдия докладчик,
50918afc-08cf-4fe4-99a2-b0f82025819d,24 април 2026,Разпореждане,342,24.04.2026,Пламен Георгиев Тодоров - Съдия докладчик,
50918afc-08cf-4fe4-99a2-b0f82025819d,17 април 2026,Определение,112,17.04.2026,Пламен Георгиев Тодоров - Съдия докладчик,
50918afc-08cf-4fe4-99a2-b0f82025819d,03 април 2026,Заповед за изпълнение,75,,Пламен Георгиев Тодоров - Съдия докладчик,
9fd5a478-ffec-43ac-9409-fa4e4ddd92bd,21 април 2026,Заповед за изпълнение,2722,,Мирослав Данаилов Досов - Съдия докладчик,
c689798f-2e7b-46af-a59b-441583c088ae,24 юли 2026,Определение,2590,,Явор Петров Джамалов - Съдия докладчик,
c689798f-2e7b-46af-a59b-441583c088ae,08 юни 2026,Разпореждане,16629,08.06.2026,Явор Петров Джамалов - Съдия докладчик,
c689798f-2e7b-46af-a59b-441583c088ae,03 април 2026,Разпореждане,10145,03.04.2026,Явор Петров Джамалов - Съдия докладчик,
c689798f-2e7b-46af-a59b-441583c088ae,03 април 2026,Заповед за изпълнение,2928,,Явор Петров Джамалов - Съдия докладчик,
62e39733-56bf-4aaa-b456-db8011b46bd9,19 август 2026,Определение,2929,,НЕДА НЕДЕЛЧЕВА ТАБАНДЖОВА ЗАРКОВА - Съдия докладчик,
62e39733-56bf-4aaa-b456-db8011b46bd9,22 юни 2026,Разпореждане,18313,22.06.2026,НЕДА НЕДЕЛЧЕВА ТАБАНДЖОВА ЗАРКОВА - Съдия докладчик,
62e39733-56bf-4aaa-b456-db8011b46bd9,03 април 2026,Заповед за изпълнение,2903,,НЕДА НЕДЕЛЧЕВА ТАБАНДЖОВА ЗАРКОВА - Съдия докладчик,
62e39733-56bf-4aaa-b456-db8011b46bd9,03 април 2026,Разпореждане,10112,03.04.2026,НЕДА НЕДЕЛЧЕВА ТАБАНДЖОВА ЗАРКОВА - Съдия докладчик,
9d80993d-44e6-40bd-96ec-1312b55c6ac9,01 септември 2026,Разпореждане,5366,01.09.2026,Пламен Тошев Петков - Съдия докладчик,
9d80993d-44e6-40bd-96ec-1312b55c6ac9,27 май 2026,Разпореждане,2627,27.05.2026,Пламен Тошев Петков - Съдия докладчик,
9d80993d-44e6-40bd-96ec-1312b55c6ac9,03 април 2026,Заповед за изпълнение,1243,,Пламен Тошев Петков - Съдия докладчик,
1d5cc380-7962-467e-a098-82d5b5ca9b33,04 юни 2026,Изпълнителен лист ЗП,2825,04.06.2026,Магдалена Бориславова Младенова-Стоева - Съдия докладчик,
1d5cc380-7962-467e-a098-82d5b5ca9b33,04 юни 2026,Разпореждане,6316,04.06.2026,Магдалена Бориславова Младенова-Стоева - Съдия докладчик,
1d5cc380-7962-467e-a098-82d5b5ca9b33,19 май 2026,Разпореждане,5525,19.05.2026,Магдалена Бориславова Младенова-Стоева - Съдия докладчик,
1d5cc380-7962-467e-a098-82d5b5ca9b33,06 април 2026,Заповед за изпълнение,2282,30.05.2026,Магдалена Бориславова Младенова-Стоева - Съдия докладчик,
bfc7908b-dbf1-4618-b08c-aae5ae73ab90,09 юни 2026,Определение,695,09.06.2026,Васил Венелинов Ставрев - Съдия докладчик,
bfc7908b-dbf1-4618-b08c-aae5ae73ab90,08 юни 2026,Разпореждане,2537,08.06.2026,Васил Венелинов Ставрев - Съдия докладчик,
bfc7908b-dbf1-4618-b08c-aae5ae73ab90,03 април 2026,Заповед за изпълнение,668,,Васил Венелинов Ставрев - Съдия докладчик,
fe767a3e-a409-4940-860b-624738b1c0f6,08 април 2026,Определение,479,25.04.2026,ВАЛЯ МЛАДЕНОВА - Съдия докладчик,
fe767a3e-a409-4940-860b-624738b1c0f6,06 април 2026,Разпореждане,1759,06.04.2026,ВАЛЯ МЛАДЕНОВА - Съдия докладчик,
5ab4007b-602c-49a2-876f-a30e500d806e,25 септември 2026,Протокол,17427,25.09.2026,НИКОЛАЙ МАРИУСОВ УРУМОВ - Съдия докладчик,
5ab4007b-602c-49a2-876f-a30e500d806e,18 юни 2026,Разпореждане,8069,18.06.2026,НИКОЛАЙ МАРИУСОВ УРУМОВ - Съдия докладчик,
861e0443-0aaa-4f1d-b0b4-28f2725c98b1,03 април 2026,Определение,260,08.05.2026,Андрей Иванов Николов - Съдия докладчик,
393b0e75-d44d-4cb1-889e-b1bdb9abf801,17 юли 2026,Разпореждане,87252,17.07.2026,ДЕНИЦА ИВАНОВА ЦВЕТКОВА - Съдия докладчик,
393b0e75-d44d-4cb1-889e-b1bdb9abf801,11 май 2026,Разпореждане,57671,11.05.2026,ДЕНИЦА ИВАНОВА ЦВЕТКОВА - Съдия докладчик,
393b0e75-d44d-4cb1-889e-b1bdb9abf801,21 април 2026,Разпореждане,49706,21.04.2026,ДЕНИЦА ИВАНОВА ЦВЕТКОВА - Съдия докладчик,
28689c54-cb49-422e-b0ef-1f56238e80f7,07 април 2026,Определение,363,07.04.2026,ИВАНЕТА ЙОРДАНОВА МИТОВА - Съдия докладчик,
28689c54-cb49-422e-b0ef-1f56238e80f7,05 април 2026,Разпореждане,602,,ИВАНЕТА ЙОРДАНОВА МИТОВА - Съдия докладчик,
28689c54-cb49-422e-b0ef-1f56238e80f7,05 април 2026,Разпореждане,601,22.04.2026,ИВАНЕТА ЙОРДАНОВА МИТОВА - Съдия докладчик,
fbc6379c-ff39-44e8-80a1-9aad8bfd748a,08 септември 2026,Определение,3115,,Ивайло Юлианов Колев - Съдия докладчик,
fbc6379c-ff39-44e8-80a1-9aad8bfd748a,08 юли 2026,Разпореждане,19946,08.07.2026,Ивайло Юлианов Колев - Съдия докладчик,
fbc6379c-ff39-44e8-80a1-9aad8bfd748a,23 юни 2026,Разпореждане,18549,23.06.2026,Ивайло Юлианов Колев - Съдия докладчик,
fbc6379c-ff39-44e8-80a1-9aad8bfd748a,06 април 2026,Заповед за изпълнение,2969,,Ивайло Юлианов Колев - Съдия докладчик,
fbc6379c-ff39-44e8-80a1-9aad8bfd748a,03 април 2026,Разпореждане,10156,03.04.2026,Ивайло Юлианов Колев - Съдия докладчик,
761c4fc6-5775-4cb7-b89e-d5a36a0f49b3,14 април 2026,Определение,143,14.04.2026,КОРНЕЛИЯ КОЛЕВА - Съдия докладчик КРАСЕН ГЕОРГИЕВ - Член ДЕСИСЛАВА ЧАЛЪКОВА - Член,
2eb7b7a2-d7dc-4466-8805-1f87003a997e,04 юни 2026,Изпълнителен лист ЗП,516,04.06.2026,Иван Христов Христов - Съдия докладчик,
2eb7b7a2-d7dc-4466-8805-1f87003a997e,06 април 2026,Заповед за изпълнение,472,28.05.2026,Иван Христов Христов - Съдия докладчик,
2eb7b7a2-d7dc-4466-8805-1f87003a997e,06 април 2026,Разпореждане,591,06.04.2026,Иван Христов Христов - Съдия докладчик,
394b4658-6c7b-4c66-a45b-061130f43739,29 май 2026,Разпореждане,888,19.06.2026,Никола Петров Римпопов - Съдия докладчик,
394b4658-6c7b-4c66-a45b-061130f43739,30 април 2026,Разпореждане,662,30.04.2026,Никола Петров Римпопов - Съдия докладчик,
394b4658-6c7b-4c66-a45b-061130f43739,03 април 2026,Заповед за изпълнение,117,,Никола Петров Римпопов - Съдия докладчик,
a5487c98-b098-42b0-8baf-522cd3b815af,20 юли 2026,Определение,445,,Магдалена Георгиева Татарева Кръстева - Съдия докладчик,
a5487c98-b098-42b0-8baf-522cd3b815af,27 май 2026,Определение,325,27.05.2026,Магдалена Георгиева Татарева Кръстева - Съдия докладчик,
a5487c98-b098-42b0-8baf-522cd3b815af,03 април 2026,Заповед за изпълнение,217,,Магдалена Георгиева Татарева Кръстева - Съдия докладчик,
5b178836-3c0a-48cf-9630-0748054a9da8,02 октомври 2026,Разпореждане,12690,,ВЕСЕЛКА НИКОЛОВА ЙОРДАНОВА - Съдия докладчик,
5b178836-3c0a-48cf-9630-0748054a9da8,03 юли 2026,Разпореждане,8746,03.07.2026,ВЕСЕЛКА НИКОЛОВА ЙОРДАНОВА - Съдия докладчик,
811d179c-2426-4b51-827d-2342356337f1,03 април 2026,Заповед за изпълнение,1121,,Людмила Василева Стойнева - Съдия докладчик,
c19c17d5-6faa-4ad0-b1c8-3b2817c481fe,15 юли 2026,Определение,1087,15.07.2026,Татяна Димитрова Богоева - Съдия докладчик,
c19c17d5-6faa-4ad0-b1c8-3b2817c481fe,03 април 2026,Разпореждане,2017,03.04.2026,Татяна Димитрова Богоева - Съдия докладчик,
c600e7b5-d671-4790-944c-19617da988f0,13 юли 2026,Разпореждане,1252,13.07.2026,Пенка Борисова Йорданова - Съдия докладчик,
c600e7b5-d671-4790-944c-19617da988f0,26 май 2026,Разпореждане,831,26.05.2026,Пенка Борисова Йорданова - Съдия докладчик,
c600e7b5-d671-4790-944c-19617da988f0,03 април 2026,Заповед за изпълнение,114,,Пенка Борисова Йорданова - Съдия докладчик,
6ab65530-5812-47d3-a2e0-580a62ecbe41,01 септември 2026,Определение,635,01.09.2026,Станислав Иванов Цветков - Съдия докладчик,
6ab65530-5812-47d3-a2e0-580a62ecbe41,20 юли 2026,Разпореждане,1630,20.07.2026,Станислав Иванов Цветков - Съдия докладчик,
6ab65530-5812-47d3-a2e0-580a62ecbe41,12 май 2026,Разпореждане,875,12.05.2026,Станислав Иванов Цветков - Съдия докладчик,
6ab65530-5812-47d3-a2e0-580a62ecbe41,03 април 2026,Заповед за изпълнение,154,03.04.2026,Станислав Иванов Цветков - Съдия докладчик,
6ab65530-5812-47d3-a2e0-580a62ecbe41,03 април 2026,Разпореждане,578,,Станислав Иванов Цветков - Съдия докладчик,
d07d53eb-2c96-48ed-b02c-52b899b5da8b,03 септември 2026,Изпълнителен лист ЗП,638,03.09.2026,Десислава Георгиева Ютерова - Съдия докладчик,
d07d53eb-2c96-48ed-b02c-52b899b5da8b,14 април 2026,Заповед за изпълнение,315,31.08.2026,Десислава Георгиева Ютерова - Съдия докладчик,
d07d53eb-2c96-48ed-b02c-52b899b5da8b,06 април 2026,Разпореждане,571,06.04.2026,Десислава Георгиева Ютерова - Съдия докладчик,
41b11029-8c4d-4870-b24c-2e50c4cf5c12,31 август 2026,Определение,1219,31.08.2026,ВАЛЯ МЛАДЕНОВА - Съдия докладчик,
41b11029-8c4d-4870-b24c-2e50c4cf5c12,24 август 2026,Разпореждане,5196,24.08.2026,ВАЛЯ МЛАДЕНОВА - Съдия докладчик,
41b11029-8c4d-4870-b24c-2e50c4cf5c12,07 юли 2026,Определение,939,07.07.2026,ВАЛЯ МЛАДЕНОВА - Съдия докладчик,
41b11029-8c4d-4870-b24c-2e50c4cf5c12,15 юни 2026,Разпореждане,3431,15.06.2026,ВАЛЯ МЛАДЕНОВА - Съдия докладчик,
41b11029-8c4d-4870-b24c-2e50c4cf5c12,18 май 2026,Разпореждане,2812,18.05.2026,ВАЛЯ МЛАДЕНОВА - Съдия докладчик,
41b11029-8c4d-4870-b24c-2e50c4cf5c12,04 май 2026,Разпореждане,2372,04.05.2026,ВАЛЯ МЛАДЕНОВА - Съдия докладчик,
41b11029-8c4d-4870-b24c-2e50c4cf5c12,27 април 2026,Разпореждане,2227,27.04.2026,ВАЛЯ МЛАДЕНОВА - Съдия докладчик,
41b11029-8c4d-4870-b24c-2e50c4cf5c12,06 април 2026,Разпореждане,1757,06.04.2026,ВАЛЯ МЛАДЕНОВА - Съдия докладчик,
153dd30c-a6b9-4685-ad39-270a2c9de0f9,18 август 2026,Изпълнителен лист ЗП,1453,18.08.2026,ЕЛЕОНОРА ФИЛИПОВА - Съдия докладчик,
153dd30c-a6b9-4685-ad39-270a2c9de0f9,12 август 2026,Разпореждане,4888,12.08.2026,ЕЛЕОНОРА ФИЛИПОВА - Съдия докладчик,
153dd30c-a6b9-4685-ad39-270a2c9de0f9,03 април 2026,Заповед за изпълнение,1191,14.06.2026,ЕЛЕОНОРА ФИЛИПОВА - Съдия докладчик,
a2d955cb-6200-4221-ad35-317965aae126,09 септември 2026,Протокол,146,09.09.2026,Велина Иванова Ангелова - Съдия докладчик,
a2d955cb-6200-4221-ad35-317965aae126,09 септември 2026,Разпореждане,299,09.09.2026,Велина Иванова Ангелова - Съдия докладчик,
a2d955cb-6200-4221-ad35-317965aae126,01 юли 2026,Протокол,111,01.07.2026,Велина Иванова Ангелова - Съдия докладчик,
a2d955cb-6200-4221-ad35-317965aae126,12 май 2026,Протокол,68,12.05.2026,Велина Иванова Ангелова - Съдия докладчик,
a2d955cb-6200-4221-ad35-317965aae126,06 април 2026,Разпореждане,106,06.04.2026,Велина Иванова Ангелова - Съдия докладчик,
a2d955cb-6200-4221-ad35-317965aae126,06 април 2026,Разпореждане,105,06.04.2026,Велина Иванова Ангелова - Съдия докладчик,
77e99749-97c8-44ef-9d7e-a80fffabf6cb,11 август 2026,Разпореждане,1050,11.08.2026,Димитър Маринов Димитров - Съдия докладчик,
77e99749-97c8-44ef-9d7e-a80fffabf6cb,17 юни 2026,Разпореждане,774,17.06.2026,Димитър Маринов Димитров - Съдия докладчик,
77e99749-97c8-44ef-9d7e-a80fffabf6cb,14 май 2026,Определение,349,,Димитър Маринов Димитров - Съдия докладчик,
77e99749-97c8-44ef-9d7e-a80fffabf6cb,07 май 2026,Разпореждане,592,07.05.2026,Димитър Маринов Димитров - Съдия докладчик,
77e99749-97c8-44ef-9d7e-a80fffabf6cb,03 април 2026,Определение,265,03.04.2026,Димитър Маринов Димитров - Съдия докладчик,
77e99749-97c8-44ef-9d7e-a80fffabf6cb,03 април 2026,Разпореждане,477,03.04.2026,Димитър Маринов Димитров - Съдия докладчик,
14ecab62-2f14-404b-b646-78bbd90c287c,03 април 2026,Определение,1386,03.04.2026,Силвия Борисова Русева - Съдия докладчик,
f326e499-5cf1-41f6-ac40-105735304f48,23 септември 2026,Разпореждане,114351,23.09.2026,РОСИЦА ВЕЛКОВА - Съдия докладчик,
f326e499-5cf1-41f6-ac40-105735304f48,25 август 2026,Разпореждане,102968,25.08.2026,МАРИЯ ВЕСЕЛИНОВА БОГДАНОВА НОНЧЕВА - Съдия докладчик,
f326e499-5cf1-41f6-ac40-105735304f48,15 юли 2026,Разпореждане,86371,15.07.2026,МАРИЯ ВЕСЕЛИНОВА БОГДАНОВА НОНЧЕВА - Съдия докладчик,
f326e499-5cf1-41f6-ac40-105735304f48,02 юли 2026,Разпореждане,80508,02.07.2026,МАРИЯ ВЕСЕЛИНОВА БОГДАНОВА НОНЧЕВА - Съдия докладчик,
f326e499-5cf1-41f6-ac40-105735304f48,17 юни 2026,Разпореждане,73853,17.06.2026,МАРИЯ ВЕСЕЛИНОВА БОГДАНОВА НОНЧЕВА - Съдия докладчик,
f326e499-5cf1-41f6-ac40-105735304f48,02 юни 2026,Разпореждане,66945,02.06.2026,МАРИЯ ВЕСЕЛИНОВА БОГДАНОВА НОНЧЕВА - Съдия докладчик,
f326e499-5cf1-41f6-ac40-105735304f48,30 април 2026,Разпореждане,54687,30.04.2026,МАРИЯ ВЕСЕЛИНОВА БОГДАНОВА НОНЧЕВА - Съдия докладчик,
7158b6b6-2822-465c-8f10-7ab70a12de56,21 април 2026,Разпореждане,637,21.04.2026,Николай Светлинов Василев - Съдия докладчик,
7158b6b6-2822-465c-8f10-7ab70a12de56,08 април 2026,Определение,1080,08.04.2026,Ивайло Христов Родопски - Председател Николай Светлинов Василев - Съдия докладчик Катерина Въткова Ненова - Член,
ced7647c-4052-4487-9062-5d583c5a7a7e,26 май 2026,Изпълнителен лист ЗП,174,26.05.2026,Десислава Константинова Николаева - Съдия докладчик,
ced7647c-4052-4487-9062-5d583c5a7a7e,03 април 2026,Заповед за изпълнение,173,14.05.2026,Десислава Константинова Николаева - Съдия докладчик,
28da8047-c450-4169-a479-5f5c590c2c39,12 август 2026,Разпореждане,5210,12.08.2026,Иванка Петрова Гоцева - Съдия докладчик,
28da8047-c450-4169-a479-5f5c590c2c39,03 април 2026,Разпореждане,2013,03.04.2026,Димитър Руменов Беровски - Съдия докладчик,
0edf5955-c905-4c1f-91f5-7e50dd2986c0,28 септември 2026,Изпълнителен лист ЗП,6449,28.09.2026,Татяна Иванова Тодорова - Съдия докладчик,
0edf5955-c905-4c1f-91f5-7e50dd2986c0,28 септември 2026,Разпореждане,28307,28.09.2026,Татяна Иванова Тодорова - Съдия докладчик,
0edf5955-c905-4c1f-91f5-7e50dd2986c0,02 септември 2026,Разпореждане,25791,02.09.2026,Татяна Иванова Тодорова - Съдия докладчик,
0edf5955-c905-4c1f-91f5-7e50dd2986c0,23 юни 2026,Разпореждане,18611,23.06.2026,Татяна Иванова Тодорова - Съдия докладчик,
0edf5955-c905-4c1f-91f5-7e50dd2986c0,06 април 2026,Заповед за изпълнение,2951,,Татяна Иванова Тодорова - Съдия докладчик,
0edf5955-c905-4c1f-91f5-7e50dd2986c0,06 април 2026,Разпореждане,10198,06.04.2026,Татяна Иванова Тодорова - Съдия докладчик,
29b3e741-9147-4499-968a-ccdd0de59a09,08 октомври 2026,Разпореждане,1385,08.10.2026,Ивайло Йорданов Бъчваров - Съдия докладчик,
29b3e741-9147-4499-968a-ccdd0de59a09,13 август 2026,Разпореждане,1086,13.08.2026,Ивайло Йорданов Бъчваров - Съдия докладчик,
29b3e741-9147-4499-968a-ccdd0de59a09,10 юли 2026,Разпореждане,893,10.07.2026,Ивайло Йорданов Бъчваров - Съдия докладчик,
29b3e741-9147-4499-968a-ccdd0de59a09,05 май 2026,Разпореждане,576,05.05.2026,Ивайло Йорданов Бъчваров - Съдия докладчик,
29b3e741-9147-4499-968a-ccdd0de59a09,03 април 2026,Разпореждане,473,03.04.2026,Ивайло Йорданов Бъчваров - Съдия докладчик,
29b3e741-9147-4499-968a-ccdd0de59a09,03 април 2026,Определение,262,,Ивайло Йорданов Бъчваров - Съдия докладчик,
5da7b93e-0c84-4104-a8fd-69b363113baf,09 юли 2026,Разпореждане,1509,09.07.2026,Диана Розалинова Хубенова - Съдия докладчик,
5da7b93e-0c84-4104-a8fd-69b363113baf,03 април 2026,Заповед за изпълнение,152,03.04.2026,Диана Розалинова Хубенова - Съдия докладчик,
074aa7e7-7b33-4223-a556-8bbc25dfb3c4,20 юли 2026,Изпълнителен лист,2735,27.07.2026,,
074aa7e7-7b33-4223-a556-8bbc25dfb3c4,15 юни 2026,Протокол,12276,15.06.2026,АЛБЕНА БОРИСОВА ДОЙНОВА - Съдия докладчик,
074aa7e7-7b33-4223-a556-8bbc25dfb3c4,15 юни 2026,Споразумение,972,15.06.2026,АЛБЕНА БОРИСОВА ДОЙНОВА - Съдия докладчик,
074aa7e7-7b33-4223-a556-8bbc25dfb3c4,20 април 2026,Разпореждане,5174,20.04.2026,АЛБЕНА БОРИСОВА ДОЙНОВА - Съдия докладчик,
72526cf8-193d-47fe-a9f0-990c59f42a11,18 юни 2026,Изпълнителен лист ЗП,1640,18.06.2026,Калин Георгиев Колешански - Съдия докладчик,
72526cf8-193d-47fe-a9f0-990c59f42a11,17 юни 2026,Разпореждане,6389,17.06.2026,Калин Георгиев Колешански - Съдия докладчик,
72526cf8-193d-47fe-a9f0-990c59f42a11,30 април 2026,Разпореждане,4413,30.04.2026,Калин Георгиев Колешански - Съдия докладчик,
72526cf8-193d-47fe-a9f0-990c59f42a11,03 април 2026,Заповед за изпълнение,1321,,Калин Георгиев Колешански - Съдия докладчик,
53da45a8-5f18-42bf-8594-b0c060e593f1,07 април 2026,Заповед за изпълнение,1175,,Ели Димитрова Анастасова Мицевска - Съдия докладчик,
a94f1a74-f49e-413a-997d-ca5cf9791932,26 май 2026,Разпореждане,1412,26.05.2026,Тодор Минов - Съдия докладчик,
a94f1a74-f49e-413a-997d-ca5cf9791932,27 април 2026,Определение,547,10.06.2026,Тодор Минов - Съдия докладчик,
ae1e288c-c2f4-4256-ae79-897ef1031907,09 октомври 2026,Разпореждане,1391,09.10.2026,Димитър Маринов Димитров - Съдия докладчик,
ae1e288c-c2f4-4256-ae79-897ef1031907,02 октомври 2026,Разпореждане,1359,02.10.2026,Димитър Маринов Димитров - Съдия докладчик,
ae1e288c-c2f4-4256-ae79-897ef1031907,14 септември 2026,Определение,577,,Димитър Маринов Димитров - Съдия докладчик,
ae1e288c-c2f4-4256-ae79-897ef1031907,20 август 2026,Разпореждане,1143,20.08.2026,Димитър Маринов Димитров - Съдия докладчик,
ae1e288c-c2f4-4256-ae79-897ef1031907,31 юли 2026,Разпореждане,974,31.07.2026,Димитър Маринов Димитров - Съдия докладчик,
ae1e288c-c2f4-4256-ae79-897ef1031907,28 юли 2026,Разпореждане,960,28.07.2026,Димитър Маринов Димитров - Съдия докладчик,
ae1e288c-c2f4-4256-ae79-897ef1031907,28 юли 2026,Определение,497,,Димитър Маринов Димитров - Съдия докладчик,
ae1e288c-c2f4-4256-ae79-897ef1031907,20 юли 2026,Разпореждане,932,20.07.2026,Димитър Маринов Димитров - Съдия докладчик,
ae1e288c-c2f4-4256-ae79-897ef1031907,08 юли 2026,Разпореждане,872,08.07.2026,Димитър Маринов Димитров - Съдия докладчик,
ae1e288c-c2f4-4256-ae79-897ef1031907,07 юли 2026,Разпореждане,867,07.07.2026,Димитър Маринов Димитров - Съдия докладчик,
5e1fd9bc-de05-4c9f-afc4-22d27feab419,16 юли 2026,Разпореждане,3018,,Ани Борисова Георгиева - Съдия докладчик,
5e1fd9bc-de05-4c9f-afc4-22d27feab419,03 юни 2026,Разпореждане,2212,03.06.2026,Ани Борисова Георгиева - Съдия докладчик,
5e1fd9bc-de05-4c9f-afc4-22d27feab419,03 юни 2026,Разпореждане,2197,03.06.2026,Ани Борисова Георгиева - Съдия докладчик,
5e1fd9bc-de05-4c9f-afc4-22d27feab419,14 май 2026,Разпореждане,1863,14.05.2026,Ани Борисова Георгиева - Съдия докладчик,
5e1fd9bc-de05-4c9f-afc4-22d27feab419,18 април 2026,Заповед за изпълнение,464,,Ани Борисова Георгиева - Съдия докладчик,
5e1fd9bc-de05-4c9f-afc4-22d27feab419,18 април 2026,Разпореждане,1462,,Ани Борисова Георгиева - Съдия докладчик,
5e1fd9bc-de05-4c9f-afc4-22d27feab419,03 април 2026,Разпореждане,1293,03.04.2026,Ани Борисова Георгиева - Съдия докладчик,
b75cb851-220c-4667-9e61-4345fbdbca5e,03 април 2026,Определение,1385,03.04.2026,Силвия Борисова Русева - Съдия докладчик,
f95da89f-e02c-40ac-af61-cfe37d9dc367,07 април 2026,Определение,780,23.04.2026,Калина Христова Христова - Съдия докладчик,
67a103a5-22d6-42dd-a811-e38f18606a78,06 октомври 2026,Протокол,1779,06.10.2026,Татяна Димитрова Богоева - Съдия докладчик,
67a103a5-22d6-42dd-a811-e38f18606a78,03 август 2026,Определение,1205,03.08.2026,Татяна Димитрова Богоева - Съдия докладчик,
67a103a5-22d6-42dd-a811-e38f18606a78,06 април 2026,Разпореждане,2039,06.04.2026,Татяна Димитрова Богоева - Съдия докладчик,
58044f22-bdb9-443d-9c3f-2cc32efcaccf,21 май 2026,Изпълнителен лист ЗП,1160,21.05.2026,Милена Ганчева Трифонова - Съдия докладчик,
58044f22-bdb9-443d-9c3f-2cc32efcaccf,21 май 2026,Разпореждане,4838,21.05.2026,Милена Ганчева Трифонова - Съдия докладчик,
58044f22-bdb9-443d-9c3f-2cc32efcaccf,03 април 2026,Заповед за изпълнение,924,,Милена Ганчева Трифонова - Съдия докладчик,
ee4635b5-289a-4242-8eec-5836b7ed3574,02 октомври 2026,Определение,3543,02.10.2026,ЛОРА РАНГЕЛОВА СТЕФАНОВА - Съдия докладчик,
ee4635b5-289a-4242-8eec-5836b7ed3574,15 септември 2026,Разпореждане,27054,15.09.2026,ЛОРА РАНГЕЛОВА СТЕФАНОВА - Съдия докладчик,
ee4635b5-289a-4242-8eec-5836b7ed3574,02 юни 2026,Разпореждане,16144,02.06.2026,ЛОРА РАНГЕЛОВА СТЕФАНОВА - Съдия докладчик,
ee4635b5-289a-4242-8eec-5836b7ed3574,03 април 2026,Заповед за изпълнение,2916,,ЛОРА РАНГЕЛОВА СТЕФАНОВА - Съдия докладчик,
ee4635b5-289a-4242-8eec-5836b7ed3574,03 април 2026,Разпореждане,10090,03.04.2026,ЛОРА РАНГЕЛОВА СТЕФАНОВА - Съдия докладчик,
1060a56e-6535-463c-8d85-2fb8e2e8284e,02 август 2026,Решение,478,26.08.2026,АЛЕКСАНДРА НАНОВА - Съдия докладчик,
1060a56e-6535-463c-8d85-2fb8e2e8284e,14 юли 2026,Протоколно определение,664,14.07.2026,АЛЕКСАНДРА НАНОВА - Съдия докладчик,
1060a56e-6535-463c-8d85-2fb8e2e8284e,14 юли 2026,Протоколно определение,663,14.07.2026,АЛЕКСАНДРА НАНОВА - Съдия докладчик,
1060a56e-6535-463c-8d85-2fb8e2e8284e,10 юли 2026,Разпореждане,4143,10.07.2026,АЛЕКСАНДРА НАНОВА - Съдия докладчик,
1060a56e-6535-463c-8d85-2fb8e2e8284e,12 юни 2026,Разпореждане,3386,12.06.2026,АЛЕКСАНДРА НАНОВА - Съдия докладчик,
1060a56e-6535-463c-8d85-2fb8e2e8284e,01 юни 2026,Определение,730,01.06.2026,АЛЕКСАНДРА НАНОВА - Съдия докладчик,
1060a56e-6535-463c-8d85-2fb8e2e8284e,29 април 2026,Разпореждане,2307,29.04.2026,АЛЕКСАНДРА НАНОВА - Съдия докладчик,
1060a56e-6535-463c-8d85-2fb8e2e8284e,08 април 2026,Разпореждане,1803,08.04.2026,АЛЕКСАНДРА НАНОВА - Съдия докладчик,
1060a56e-6535-463c-8d85-2fb8e2e8284e,06 април 2026,Разпореждане,1753,06.04.2026,АЛЕКСАНДРА НАНОВА - Съдия докладчик,
1060a56e-6535-463c-8d85-2fb8e2e8284e,03 април 2026,Разпореждане,1732,03.04.2026,АЛЕКСАНДРА НАНОВА - Съдия докладчик,
7f7eb79d-e460-4534-bcec-5461584d2e13,03 април 2026,Заповед за изпълнение,373,,Динко Минчев Динков - Съдия докладчик,
a1561601-9f72-4143-bbc6-7bccf26fedb5,26 август 2026,Разпореждане,1215,26.08.2026,Нася Иванова Япаджиева - Съдия докладчик,
a1561601-9f72-4143-bbc6-7bccf26fedb5,20 август 2026,Определение,540,20.08.2026,Нася Иванова Япаджиева - Съдия докладчик,
a1561601-9f72-4143-bbc6-7bccf26fedb5,28 юли 2026,Определение,501,28.07.2026,Нася Иванова Япаджиева - Съдия докладчик,
a1561601-9f72-4143-bbc6-7bccf26fedb5,26 май 2026,Разпореждане,657,26.05.2026,Нася Иванова Япаджиева - Съдия докладчик,
a1561601-9f72-4143-bbc6-7bccf26fedb5,07 април 2026,Разпореждане,483,07.04.2026,Нася Иванова Япаджиева - Съдия докладчик,
a1561601-9f72-4143-bbc6-7bccf26fedb5,07 април 2026,Определение,272,,Нася Иванова Япаджиева - Съдия докладчик,
61dd47b6-d2d2-43a5-a66b-da77f1f089f2,17 юни 2026,Изпълнителен лист ЗП,272,17.06.2026,Хрисимир Максимов Пройнов - Съдия докладчик,
61dd47b6-d2d2-43a5-a66b-da77f1f089f2,03 април 2026,Заповед за изпълнение,261,15.06.2026,Хрисимир Максимов Пройнов - Съдия докладчик,
4d30400c-1722-4bc7-898d-82790fbaeabb,23 април 2026,Разпореждане,4783,23.04.2026,Мария Ангелова Ненова - Съдия докладчик,
4d30400c-1722-4bc7-898d-82790fbaeabb,06 април 2026,Разпореждане,4080,22.04.2026,Мария Ангелова Ненова - Съдия докладчик,
7cf25ccb-6993-47c2-9625-e3effffaa453,02 юли 2026,Определение,2616,02.07.2026,Ивайло Димитров Иванов - Съдия докладчик,
7cf25ccb-6993-47c2-9625-e3effffaa453,13 май 2026,Разпореждане,4407,13.05.2026,Елена Иванова Балджиева - Съдия докладчик,
7cf25ccb-6993-47c2-9625-e3effffaa453,06 април 2026,Заповед за изпълнение,954,,Мария Гецова Димитрова - Съдия докладчик,
2352d6b8-6e9a-4b92-bb08-7f894a4321d3,26 юни 2026,Разпореждане,2015,26.06.2026,Янко Венциславов Чавеев - Съдия докладчик,
2352d6b8-6e9a-4b92-bb08-7f894a4321d3,10 юни 2026,Заповед за изпълнение,733,,Янко Венциславов Чавеев - Съдия докладчик,
178dae64-7a13-4d27-bc8d-7666687c1e6a,03 октомври 2026,Определение,1551,03.10.2026,Миглена Кавалова - Съдия докладчик,
178dae64-7a13-4d27-bc8d-7666687c1e6a,03 август 2026,Решение,574,29.09.2026,Миглена Кавалова - Съдия докладчик,
178dae64-7a13-4d27-bc8d-7666687c1e6a,09 юли 2026,Протокол,1349,09.07.2026,Миглена Кавалова - Съдия докладчик,
178dae64-7a13-4d27-bc8d-7666687c1e6a,04 юни 2026,Определение,864,04.06.2026,Миглена Кавалова - Съдия докладчик,
178dae64-7a13-4d27-bc8d-7666687c1e6a,17 април 2026,Разпореждане,2241,17.04.2026,Миглена Кавалова - Съдия докладчик,
178dae64-7a13-4d27-bc8d-7666687c1e6a,04 април 2026,Разпореждане,2034,04.04.2026,Миглена Кавалова - Съдия докладчик,
563a2c51-b2c4-4977-bf83-ecad4229e511,23 юни 2026,Изпълнителен лист ЗП,1715,23.06.2026,Петина Кръстева Николова - Съдия докладчик,
563a2c51-b2c4-4977-bf83-ecad4229e511,23 юни 2026,Разпореждане,6629,23.06.2026,Петина Кръстева Николова - Съдия докладчик,
563a2c51-b2c4-4977-bf83-ecad4229e511,05 май 2026,Разпореждане,4512,05.05.2026,Петина Кръстева Николова - Съдия докладчик,
563a2c51-b2c4-4977-bf83-ecad4229e511,03 април 2026,Заповед за изпълнение,1336,12.06.2026,Петина Кръстева Николова - Съдия докладчик,
8d7fedc5-d7eb-4f1f-95a3-f6357f836225,03 август 2026,Определение,507,03.08.2026,Живко Павлов Георгиев - Съдия докладчик,
8d7fedc5-d7eb-4f1f-95a3-f6357f836225,17 юни 2026,Разпореждане,974,17.06.2026,Живко Павлов Георгиев - Съдия докладчик,
8d7fedc5-d7eb-4f1f-95a3-f6357f836225,06 април 2026,Заповед за изпълнение,505,,Живко Павлов Георгиев - Съдия докладчик,
3b9664d5-4f58-4cf4-9a75-a8574e5ad519,17 юли 2026,Изпълнителен лист ЗП,1232,17.07.2026,Мира Мирчева - Съдия докладчик,
3b9664d5-4f58-4cf4-9a75-a8574e5ad519,13 юли 2026,Разпореждане,8976,,Мира Мирчева - Съдия докладчик,
3b9664d5-4f58-4cf4-9a75-a8574e5ad519,16 юни 2026,Разпореждане,7627,16.06.2026,Мира Мирчева - Съдия докладчик,
3b9664d5-4f58-4cf4-9a75-a8574e5ad519,06 април 2026,Заповед за изпълнение,675,07.07.2026,Мира Мирчева - Съдия докладчик,
4ab7df7d-b410-487d-8566-3cb617d2d069,30 април 2026,Определение,339,19.05.2026,Георги Тодоров Добрев - Съдия докладчик,
4ab7df7d-b410-487d-8566-3cb617d2d069,03 април 2026,Разпореждане,1127,03.04.2026,Георги Тодоров Добрев - Съдия докладчик,
43f7a7f9-9ffc-4311-b54f-81f12367ab15,02 юни 2026,Изпълнителен лист ЗП,3772,02.06.2026,Борислава Петрова Борисова-Здравкова - Съдия докладчик,
43f7a7f9-9ffc-4311-b54f-81f12367ab15,02 юни 2026,Разпореждане,16087,02.06.2026,Борислава Петрова Борисова-Здравкова - Съдия докладчик,
43f7a7f9-9ffc-4311-b54f-81f12367ab15,06 април 2026,Заповед за изпълнение,2961,,Борислава Петрова Борисова-Здравкова - Съдия докладчик,
43f7a7f9-9ffc-4311-b54f-81f12367ab15,06 април 2026,Разпореждане,10227,06.04.2026,Борислава Петрова Борисова-Здравкова - Съдия докладчик,
3331ab3a-94c5-4ea7-a893-623945ea6f74,22 май 2026,Изпълнителен лист ЗП,151,22.05.2026,Пейо Иванов Приходков - Съдия докладчик,
3331ab3a-94c5-4ea7-a893-623945ea6f74,07 април 2026,Заповед за изпълнение,148,,Пейо Иванов Приходков - Съдия докладчик,
fb57e65d-f9fb-4fe2-b4a3-486cd1ed69f3,21 юли 2026,Изпълнителен лист ЗП,5019,21.07.2026,Татяна Иванова Тодорова - Съдия докладчик,
fb57e65d-f9fb-4fe2-b4a3-486cd1ed69f3,21 юли 2026,Разпореждане,21388,21.07.2026,Татяна Иванова Тодорова - Съдия докладчик,
fb57e65d-f9fb-4fe2-b4a3-486cd1ed69f3,23 юни 2026,Разпореждане,18606,23.06.2026,Симона Пламенова Колева - Съдия докладчик,
fb57e65d-f9fb-4fe2-b4a3-486cd1ed69f3,06 април 2026,Заповед за изпълнение,2998,,Симона Пламенова Колева - Съдия докладчик,
fb57e65d-f9fb-4fe2-b4a3-486cd1ed69f3,06 април 2026,Разпореждане,10298,06.04.2026,Симона Пламенова Колева - Съдия докладчик,
55577746-6a3f-47e8-91b2-7453ed2a0979,03 април 2026,Заповед за изпълнение,80,,НАТАЛИЯ СЕМОВА РАЙКОВА АТАНАСОВА - Съдия докладчик,
3f09028f-34e4-4915-a894-b78da76308c3,17 август 2026,Изпълнителен лист ЗП,1413,17.08.2026,ВАЛЯ МЛАДЕНОВА - Съдия докладчик,
3f09028f-34e4-4915-a894-b78da76308c3,17 август 2026,Разпореждане,4996,,ВАЛЯ МЛАДЕНОВА - Съдия докладчик,
3f09028f-34e4-4915-a894-b78da76308c3,15 юли 2026,Разпореждане,4301,15.07.2026,ВАЛЯ МЛАДЕНОВА - Съдия докладчик,
3f09028f-34e4-4915-a894-b78da76308c3,03 април 2026,Заповед за изпълнение,1193,27.06.2026,ВАЛЯ МЛАДЕНОВА - Съдия докладчик,
bab9b2e7-c489-41ba-bb22-fec2ff43964f,03 април 2026,Определение,84,03.04.2026,Борислава Славчева Борисова - Съдия докладчик,
bab9b2e7-c489-41ba-bb22-fec2ff43964f,03 април 2026,Протокол,142,03.04.2026,Борислава Славчева Борисова - Съдия докладчик,
bab9b2e7-c489-41ba-bb22-fec2ff43964f,03 април 2026,Разпореждане,167,03.04.2026,Борислава Славчева Борисова - Съдия докладчик,
c77ac0eb-9974-4964-a3ed-e412966ef73a,25 юни 2026,Разпореждане,1787,25.06.2026,Петър Владимиров Петров - Съдия докладчик,
c77ac0eb-9974-4964-a3ed-e412966ef73a,11 май 2026,Разпореждане,1175,11.05.2026,Петър Владимиров Петров - Съдия докладчик,
c77ac0eb-9974-4964-a3ed-e412966ef73a,03 април 2026,Заповед за изпълнение,190,,Петър Владимиров Петров - Съдия докладчик,
2977a595-e170-417f-99a6-c41ed1ccc9af,30 юли 2026,Разпореждане,1937,30.07.2026,Мариана Гунчева - Съдия докладчик,
2977a595-e170-417f-99a6-c41ed1ccc9af,01 юни 2026,Разпореждане,1209,01.06.2026,Мариана Гунчева - Съдия докладчик,
2977a595-e170-417f-99a6-c41ed1ccc9af,03 април 2026,Заповед за изпълнение,16,,Мариана Гунчева - Съдия докладчик,
8051e751-f8b6-4192-95d2-56d4c18a8c78,12 юни 2026,Изпълнителен лист,141,12.06.2026,,
8051e751-f8b6-4192-95d2-56d4c18a8c78,11 юни 2026,Разпореждане,796,,Добринка Димчева Кирева - Съдия докладчик,
8051e751-f8b6-4192-95d2-56d4c18a8c78,21 май 2026,Решение,94,10.06.2026,Добринка Димчева Кирева - Съдия докладчик,
8051e751-f8b6-4192-95d2-56d4c18a8c78,30 април 2026,Протокол,251,30.04.2026,Добринка Димчева Кирева - Съдия докладчик,
8051e751-f8b6-4192-95d2-56d4c18a8c78,06 април 2026,Разпореждане,409,06.04.2026,Добринка Димчева Кирева - Съдия докладчик,
7f2a39ef-2c39-4b92-8e10-87e417de5dcf,03 септември 2026,Изпълнителен лист,799,03.09.2026,,
7f2a39ef-2c39-4b92-8e10-87e417de5dcf,11 август 2026,Определение,1021,28.08.2026,Цветислава Стайкова - Съдия докладчик,
7f2a39ef-2c39-4b92-8e10-87e417de5dcf,03 юни 2026,Протокол,948,03.06.2026,Цветислава Стайкова - Съдия докладчик,
7f2a39ef-2c39-4b92-8e10-87e417de5dcf,29 май 2026,Определение,682,09.06.2026,Цветислава Стайкова - Съдия докладчик,
7f2a39ef-2c39-4b92-8e10-87e417de5dcf,29 май 2026,Присъда,43,16.06.2026,Цветислава Стайкова - Съдия докладчик,
7f2a39ef-2c39-4b92-8e10-87e417de5dcf,14 април 2026,Разпореждане,1071,14.04.2026,Цветислава Стайкова - Съдия докладчик,
1704844c-c953-4c88-82b9-8ad0ca6cb443,10 юни 2026,Разпореждане,6517,10.06.2026,Петър Никифоров Петров - Съдия докладчик,
1704844c-c953-4c88-82b9-8ad0ca6cb443,06 април 2026,Заповед за изпълнение,2272,,Петър Никифоров Петров - Съдия докладчик,
d9cffde2-bd24-48ab-bb4a-2f1f18e8667c,13 август 2026,Изпълнителен лист ЗП,726,13.08.2026,Нели Делчева Иванова - Съдия докладчик,
d9cffde2-bd24-48ab-bb4a-2f1f18e8667c,11 август 2026,Разпореждане,3848,11.08.2026,Нели Делчева Иванова - Съдия докладчик,
d9cffde2-bd24-48ab-bb4a-2f1f18e8667c,19 май 2026,Разпореждане,2168,19.05.2026,Нели Делчева Иванова - Съдия докладчик,
d9cffde2-bd24-48ab-bb4a-2f1f18e8667c,06 април 2026,Заповед за изпълнение,307,06.04.2026,Нели Делчева Иванова - Съдия докладчик,
5d7e1556-362e-4534-bf17-ed87eab56706,08 април 2026,Заповед за изпълнение,748,08.04.2026,Елица Юлиянова Орманова - Съдия докладчик,
87f8ade5-807f-41bf-afd8-0cfed28dd32c,18 август 2026,Изпълнителен лист,273,18.08.2026,,
87f8ade5-807f-41bf-afd8-0cfed28dd32c,14 август 2026,Разпореждане,8381,14.08.2026,Калин Георгиев Колешански - Съдия докладчик,
87f8ade5-807f-41bf-afd8-0cfed28dd32c,02 юли 2026,Разпореждане,6921,02.07.2026,Калин Георгиев Колешански - Съдия докладчик,
87f8ade5-807f-41bf-afd8-0cfed28dd32c,01 юли 2026,Изпълнителен лист,210,01.07.2026,,
87f8ade5-807f-41bf-afd8-0cfed28dd32c,01 юли 2026,Изпълнителен лист,209,01.07.2026,,
87f8ade5-807f-41bf-afd8-0cfed28dd32c,30 юни 2026,Разпореждане,6874,30.06.2026,Калин Георгиев Колешански - Съдия докладчик,
87f8ade5-807f-41bf-afd8-0cfed28dd32c,30 юни 2026,Разпореждане,6859,30.06.2026,Калин Георгиев Колешански - Съдия докладчик,
87f8ade5-807f-41bf-afd8-0cfed28dd32c,16 юни 2026,Разпореждане,6355,16.06.2026,Калин Георгиев Колешански - Съдия докладчик,
87f8ade5-807f-41bf-afd8-0cfed28dd32c,10 юни 2026,Решение,498,,Калин Георгиев Колешански - Съдия докладчик,
87f8ade5-807f-41bf-afd8-0cfed28dd32c,10 юни 2026,Протоколно определение,554,10.06.2026,Калин Георгиев Колешански - Съдия докладчик,
8d20cc26-3963-455f-9c76-d0fa88c6e0b8,10 септември 2026,Разпореждане,1642,10.09.2026,Илияна Росенова Ферева - Зелева - Съдия докладчик,
8d20cc26-3963-455f-9c76-d0fa88c6e0b8,02 юни 2026,Разпореждане,927,02.06.2026,Илияна Росенова Ферева - Зелева - Съдия докладчик,
8d20cc26-3963-455f-9c76-d0fa88c6e0b8,22 май 2026,Разпореждане,904,22.05.2026,Илияна Росенова Ферева - Зелева - Съдия докладчик,
8d20cc26-3963-455f-9c76-d0fa88c6e0b8,08 април 2026,Заповед за изпълнение,190,,Илияна Росенова Ферева - Зелева - Съдия докладчик,
23a32464-304b-4f4b-b685-15b2404409f3,20 май 2026,Изпълнителен лист ЗП,474,20.05.2026,ЙОРДАН ВОДЕНИЧАРОВ - Съдия докладчик,
23a32464-304b-4f4b-b685-15b2404409f3,20 май 2026,Разпореждане,2475,,ЙОРДАН ВОДЕНИЧАРОВ - Съдия докладчик,
23a32464-304b-4f4b-b685-15b2404409f3,03 април 2026,Заповед за изпълнение,437,16.05.2026,ЙОРДАН ВОДЕНИЧАРОВ - Съдия докладчик,
d8ad6324-efa8-447c-b93e-ce2dfb6421e3,29 юни 2026,Решение,8508,29.06.2026,Виолета Кожухарова - Докладчик,
d8ad6324-efa8-447c-b93e-ce2dfb6421e3,26 май 2026,Определение,6595,,Виолета Кожухарова - Докладчик,
d8ad6324-efa8-447c-b93e-ce2dfb6421e3,21 май 2026,Разпореждане,6441,,Виолета Кожухарова - Докладчик,
d8ad6324-efa8-447c-b93e-ce2dfb6421e3,15 април 2026,Разпореждане,4609,,Иванка Иванова - Докладчик,
d8ad6324-efa8-447c-b93e-ce2dfb6421e3,03 април 2026,Определение,4247,,Иванка Иванова - Докладчик,
a78b2c5a-846f-4aa0-a81d-e05631c73d87,25 юни 2026,Разпореждане,17997,25.06.2026,Даниела Генчева Шанова - Съдия докладчик,
a78b2c5a-846f-4aa0-a81d-e05631c73d87,18 юни 2026,Разпореждане,17253,18.06.2026,Даниела Генчева Шанова - Съдия докладчик,
a78b2c5a-846f-4aa0-a81d-e05631c73d87,13 май 2026,Разпореждане,13625,13.05.2026,Даниела Генчева Шанова - Съдия докладчик,
a78b2c5a-846f-4aa0-a81d-e05631c73d87,23 април 2026,Разпореждане,11677,23.04.2026,Даниела Генчева Шанова - Съдия докладчик,
a78b2c5a-846f-4aa0-a81d-e05631c73d87,20 април 2026,Определение,8753,20.04.2026,Даниела Генчева Шанова - Съдия докладчик,
a78b2c5a-846f-4aa0-a81d-e05631c73d87,05 април 2026,Определение,7895,,Даниела Генчева Шанова - Съдия докладчик,
f5ea2732-fe16-4545-a56b-4c2046d42d35,30 април 2026,Протоколно определение,2238,29.04.2026,Христо Милков Минев - Съдия докладчик,
f5ea2732-fe16-4545-a56b-4c2046d42d35,09 април 2026,Разпореждане,2608,09.04.2026,Христо Милков Минев - Съдия докладчик,
325f74c4-447f-4c85-b336-715caec34ec4,24 юни 2026,Решение,2548,24.06.2026,Неделина Маринова - Съдия докладчик,
325f74c4-447f-4c85-b336-715caec34ec4,16 юни 2026,Протокол,4007,16.06.2026,Неделина Маринова - Съдия докладчик,
325f74c4-447f-4c85-b336-715caec34ec4,15 април 2026,Определение,5686,15.04.2026,Неделина Маринова - Съдия докладчик,
7bdf9c13-3b25-4955-94bc-3a39087d73b7,03 април 2026,Заповед за изпълнение,1135,,Светослав Атанасов Пиронев - Съдия докладчик,
040e4fc7-e34d-4b5e-b1a3-14264927a6c2,22 юли 2026,Изпълнителен лист ЗП,1248,22.07.2026,ИСКРЕН БОРИСОВ - Съдия докладчик,
040e4fc7-e34d-4b5e-b1a3-14264927a6c2,16 юли 2026,Разпореждане,4331,,ИСКРЕН БОРИСОВ - Съдия докладчик,
040e4fc7-e34d-4b5e-b1a3-14264927a6c2,06 април 2026,Заповед за изпълнение,1214,16.07.2026,ИСКРЕН БОРИСОВ - Съдия докладчик,
6b185268-a3d3-40aa-a4f7-047bebc0a2c0,27 май 2026,Изпълнителен лист ЗП,442,27.05.2026,Иванка Петрова Гоцева - Съдия докладчик,
6b185268-a3d3-40aa-a4f7-047bebc0a2c0,22 май 2026,Разпореждане,3027,,Иванка Петрова Гоцева - Съдия докладчик,
6b185268-a3d3-40aa-a4f7-047bebc0a2c0,09 април 2026,Заповед за изпълнение,364,19.05.2026,Иванка Петрова Гоцева - Съдия докладчик,
6b185268-a3d3-40aa-a4f7-047bebc0a2c0,09 април 2026,Разпореждане,2136,,Иванка Петрова Гоцева - Съдия докладчик,
6b185268-a3d3-40aa-a4f7-047bebc0a2c0,03 април 2026,Разпореждане,2004,03.04.2026,Татяна Димитрова Богоева - Съдия докладчик,
762e6705-536f-410a-a7c0-35d18b4eac3f,18 май 2026,Изпълнителен лист ЗП,135,18.05.2026,ВЕНЕТА ДИМИТРОВА СТЕФАНОВА - Съдия докладчик,
762e6705-536f-410a-a7c0-35d18b4eac3f,06 април 2026,Заповед за изпълнение,197,06.04.2026,ВЕНЕТА ДИМИТРОВА СТЕФАНОВА - Съдия докладчик,
080b831d-edff-4a3f-afc5-1711642c9277,30 юни 2026,Заповед за изпълнение,531,,Дарина Василева Байданова - Съдия докладчик,
18fe1a7c-160f-463a-a122-d405b842264b,16 юни 2026,Изпълнителен лист,148,17.06.2026,,
18fe1a7c-160f-463a-a122-d405b842264b,15 юни 2026,Разпореждане,828,,Кремена Тодорова Стамболиева Байнова - Съдия докладчик,
18fe1a7c-160f-463a-a122-d405b842264b,26 май 2026,Решение,95,13.06.2026,Кремена Тодорова Стамболиева Байнова - Съдия докладчик,
18fe1a7c-160f-463a-a122-d405b842264b,08 май 2026,Протокол,263,08.05.2026,Кремена Тодорова Стамболиева Байнова - Съдия докладчик,
18fe1a7c-160f-463a-a122-d405b842264b,06 април 2026,Разпореждане,408,06.04.2026,Кремена Тодорова Стамболиева Байнова - Съдия докладчик,
33bfec2c-fdd2-4aab-ae05-fc7a06f17e78,08 април 2026,Определение,1075,08.04.2026,Ивайло Христов Родопски - Председател Николай Светлинов Василев - Съдия докладчик Катерина Въткова Ненова - Член,
b1af9665-31f4-4d68-9155-a30356572d38,20 юли 2026,Изпълнителен лист ЗП,419,20.07.2026,Людмила Людмилова Митрева - Съдия докладчик,
b1af9665-31f4-4d68-9155-a30356572d38,20 юли 2026,Разпореждане,1554,,Людмила Людмилова Митрева - Съдия докладчик,
b1af9665-31f4-4d68-9155-a30356572d38,29 април 2026,Заповед за изпълнение,545,,Людмила Людмилова Митрева - Съдия докладчик,
0b80266c-750d-4a52-921b-c37c01560793,04 юни 2026,Изпълнителен лист ЗП,190,04.06.2026,Елка Антимова Хаджиева - Съдия докладчик,
0b80266c-750d-4a52-921b-c37c01560793,03 юни 2026,Разпореждане,949,03.06.2026,Илияна Росенова Ферева - Зелева - Съдия докладчик,
0b80266c-750d-4a52-921b-c37c01560793,07 април 2026,Заповед за изпълнение,180,22.05.2026,Елка Антимова Хаджиева - Съдия докладчик,
0b80266c-750d-4a52-921b-c37c01560793,06 април 2026,Разпореждане,528,06.04.2026,Елка Антимова Хаджиева - Съдия докладчик,
8cdfa70f-044d-492a-979c-7dd8cd49a602,21 юли 2026,Изпълнителен лист ЗП,791,21.07.2026,Мариела Анастасова Иванова - Съдия докладчик,
8cdfa70f-044d-492a-979c-7dd8cd49a602,20 юли 2026,Разпореждане,2300,20.07.2026,Мариела Анастасова Иванова - Съдия докладчик,
8cdfa70f-044d-492a-979c-7dd8cd49a602,03 юни 2026,Разпореждане,1826,03.06.2026,Мариела Анастасова Иванова - Съдия докладчик,
8cdfa70f-044d-492a-979c-7dd8cd49a602,03 април 2026,Заповед за изпълнение,520,17.08.2026,Мариела Анастасова Иванова - Съдия докладчик,
0fff9ca1-1774-4de9-a4fc-762de8573abf,06 октомври 2026,Разпореждане,9982,06.10.2026,Десислава Николаева Великова - Съдия докладчик,
0fff9ca1-1774-4de9-a4fc-762de8573abf,28 август 2026,Разпореждане,8750,28.08.2026,Десислава Николаева Великова - Съдия докладчик,
0fff9ca1-1774-4de9-a4fc-762de8573abf,06 април 2026,Заповед за изпълнение,951,,Татяна Тодорова Илиева - Съдия докладчик,
c921b384-11da-4fda-8a0b-8b47af8bc26f,07 август 2026,Определение,1679,,ГЕОРГИ ГЕОРГИЕВ - Съдия докладчик,
c921b384-11da-4fda-8a0b-8b47af8bc26f,20 май 2026,Разпореждане,2471,20.05.2026,ГЕОРГИ ГЕОРГИЕВ - Съдия докладчик,
c921b384-11da-4fda-8a0b-8b47af8bc26f,29 април 2026,Разпореждане,2050,29.04.2026,ГЕОРГИ ГЕОРГИЕВ - Съдия докладчик,
c921b384-11da-4fda-8a0b-8b47af8bc26f,03 април 2026,Заповед за изпълнение,424,,ГЕОРГИ ГЕОРГИЕВ - Съдия докладчик,
677d6266-5af0-4440-89e6-fb326d322418,27 април 2026,Изпълнителен лист,382,30.04.2026,,
677d6266-5af0-4440-89e6-fb326d322418,14 април 2026,Споразумение,155,14.04.2026,Росен Чиликов - Съдия докладчик,
677d6266-5af0-4440-89e6-fb326d322418,07 април 2026,Разпореждане,1018,07.04.2026,Росен Чиликов - Съдия докладчик,
fe1b72d5-2b34-4fa1-8afb-92366f1ec9e5,09 октомври 2026,Определение,37010,09.10.2026,ДЕНИЦА ИВАНОВА ЦВЕТКОВА - Съдия докладчик,
fe1b72d5-2b34-4fa1-8afb-92366f1ec9e5,21 април 2026,Разпореждане,49694,21.04.2026,ДЕНИЦА ИВАНОВА ЦВЕТКОВА - Съдия докладчик,
5691814c-b85b-4f31-9ad0-861fd5db641a,07 април 2026,Заповед за изпълнение,1174,,Ели Димитрова Анастасова Мицевска - Съдия докладчик,
ac85325b-fcd6-4ab1-9904-a11f194fb301,28 юли 2026,Изпълнителен лист ЗП,808,28.07.2026,Георги Тодоров Добрев - Съдия докладчик,
ac85325b-fcd6-4ab1-9904-a11f194fb301,28 юли 2026,Разпореждане,2369,28.07.2026,Георги Тодоров Добрев - Съдия докладчик,
ac85325b-fcd6-4ab1-9904-a11f194fb301,16 април 2026,Заповед за изпълнение,586,20.07.2026,Димитър Тодоров Маринов - Съдия докладчик,
8081b9b6-e0e6-4adc-b6bc-254a043ed574,03 април 2026,Разпореждане,361,,Дияна Димова Петрова - Съдия докладчик,
19b23e9a-f1d0-460b-a8e1-aa8a4122d4f5,03 април 2026,Определение,1695,03.04.2026,Ирена Николова Петкова - Председател Ивелина Владова - Съдия докладчик мл.с. Бойко Александров Мачорски - Член,
8ce55c25-b8d2-4b20-bf14-c69cdc329e6e,08 септември 2026,Определение,511,,Милена Вескова Хазарян - Съдия докладчик,
8ce55c25-b8d2-4b20-bf14-c69cdc329e6e,03 април 2026,Заповед за изпълнение,147,,Милена Вескова Хазарян - Съдия докладчик,
fd721e65-f5ff-4150-bd7c-661f0eecbd0b,02 юли 2026,Изпълнителен лист ЗП,457,02.07.2026,Гергана Кузманова - Съдия докладчик,
fd721e65-f5ff-4150-bd7c-661f0eecbd0b,02 юли 2026,Разпореждане,1404,02.07.2026,Гергана Кузманова - Съдия докладчик,
fd721e65-f5ff-4150-bd7c-661f0eecbd0b,16 април 2026,Заповед за изпълнение,428,,Росица Чакърова - Съдия докладчик,
c8b0cad1-7a7f-471a-a4e8-7997adfe209d,09 октомври 2026,Определение,2327,09.10.2026,Ирина Руменова Славчева - Съдия докладчик,
c8b0cad1-7a7f-471a-a4e8-7997adfe209d,08 октомври 2026,Определение,2317,08.10.2026,Мариета Неделчева - Съдия докладчик,
c8b0cad1-7a7f-471a-a4e8-7997adfe209d,23 септември 2026,Определение,2173,23.09.2026,Недялка Николова - Съдия докладчик,
c8b0cad1-7a7f-471a-a4e8-7997adfe209d,06 август 2026,Определение,1934,06.08.2026,Пламен Димитров Петков - Съдия докладчик,
c8b0cad1-7a7f-471a-a4e8-7997adfe209d,24 юли 2026,Определение,1867,24.07.2026,Кристина Иванова Тодорова - Съдия докладчик,
c8b0cad1-7a7f-471a-a4e8-7997adfe209d,10 юли 2026,Определение,1770,10.07.2026,Светозар Любомиров Георгиев - Съдия докладчик,
c8b0cad1-7a7f-471a-a4e8-7997adfe209d,07 юли 2026,Определение,1750,07.07.2026,Анабела Димитрова Нинова - Съдия докладчик,
c8b0cad1-7a7f-471a-a4e8-7997adfe209d,03 юли 2026,Определение,1726,03.07.2026,Ради Иванов Йорданов - Съдия докладчик,
c8b0cad1-7a7f-471a-a4e8-7997adfe209d,15 юни 2026,Определение,1612,15.06.2026,Яника Тенева Бозаджиева - Съдия докладчик,
c8b0cad1-7a7f-471a-a4e8-7997adfe209d,05 юни 2026,Определение,1540,05.06.2026,Янита Димитрова Янкова - Член,
8e9fd400-1659-4d20-a8a2-e77ee5c2606b,22 юни 2026,Определение,842,22.06.2026,ВАЛЯ МЛАДЕНОВА - Съдия докладчик,
8e9fd400-1659-4d20-a8a2-e77ee5c2606b,22 юни 2026,Определение,836,,ВАЛЯ МЛАДЕНОВА - Съдия докладчик,
8e9fd400-1659-4d20-a8a2-e77ee5c2606b,14 май 2026,Разпореждане,2699,14.05.2026,ВАЛЯ МЛАДЕНОВА - Съдия докладчик,
8e9fd400-1659-4d20-a8a2-e77ee5c2606b,24 април 2026,Разпореждане,2168,24.04.2026,ВАЛЯ МЛАДЕНОВА - Съдия докладчик,
8e9fd400-1659-4d20-a8a2-e77ee5c2606b,06 април 2026,Разпореждане,1765,06.04.2026,ВАЛЯ МЛАДЕНОВА - Съдия докладчик,
9617d7d5-a7c6-4961-bf6b-0ce6bf4ce829,17 септември 2026,Разпореждане,111989,17.09.2026,РАДМИЛА ИВАЙЛОВА МИРАЗЧИЙСКА - Съдия докладчик,
9617d7d5-a7c6-4961-bf6b-0ce6bf4ce829,30 юли 2026,Разпореждане,92524,30.07.2026,РАДМИЛА ИВАЙЛОВА МИРАЗЧИЙСКА - Съдия докладчик,
7071dc06-5e2d-4109-99cd-1e1e534be851,06 април 2026,Определение,759,06.04.2026,Биляна Росалинова Скорчовска Петкова - Съдия докладчик,
8659476b-a28c-4740-a34c-630e298dc63b,11 май 2026,Разпореждане,2903,11.05.2026,Олга Златева - Съдия докладчик,
8659476b-a28c-4740-a34c-630e298dc63b,17 април 2026,Разпореждане,2304,17.04.2026,Олга Златева - Съдия докладчик,
8659476b-a28c-4740-a34c-630e298dc63b,03 април 2026,Заповед за изпълнение,283,,Олга Златева - Съдия докладчик,
c0022060-9bae-4315-847a-21f04b579342,06 април 2026,Заповед за изпълнение,1301,,Петко Петров Монев - Съдия докладчик,
d7d3fed4-c10d-4344-9c1b-a31c9d7c91ec,29 май 2026,Изпълнителен лист ЗП,858,29.05.2026,АЛЕКСАНДРА НАНОВА - Съдия докладчик,
d7d3fed4-c10d-4344-9c1b-a31c9d7c91ec,29 май 2026,Разпореждане,3108,29.05.2026,АЛЕКСАНДРА НАНОВА - Съдия докладчик,
d7d3fed4-c10d-4344-9c1b-a31c9d7c91ec,26 април 2026,Разпореждане,2189,26.04.2026,АЛЕКСАНДРА НАНОВА - Съдия докладчик,
d7d3fed4-c10d-4344-9c1b-a31c9d7c91ec,04 април 2026,Заповед за изпълнение,1205,18.05.2026,АЛЕКСАНДРА НАНОВА - Съдия докладчик,
926f74eb-c12d-4ab8-94ab-c7ef02689a84,16 април 2026,Определение,1840,,Галина Чавдарова - Съдия докладчик Ралица Каменова - Член Ралица Цанкова Райкова - Член,
38334fb8-013c-4e12-a245-19ebac7d5630,15 септември 2026,Определение,3246,,МАРИНЕЛА КРАСИМИРОВА МАРИНОВА-СТОЕВА - Съдия докладчик,
38334fb8-013c-4e12-a245-19ebac7d5630,22 юли 2026,Разпореждане,21520,22.07.2026,МАРИНЕЛА КРАСИМИРОВА МАРИНОВА-СТОЕВА - Съдия докладчик,
38334fb8-013c-4e12-a245-19ebac7d5630,08 юни 2026,Разпореждане,16614,08.06.2026,МАРИНЕЛА КРАСИМИРОВА МАРИНОВА-СТОЕВА - Съдия докладчик,
38334fb8-013c-4e12-a245-19ebac7d5630,03 април 2026,Заповед за изпълнение,2887,,МАРИНЕЛА КРАСИМИРОВА МАРИНОВА-СТОЕВА - Съдия докладчик,
38334fb8-013c-4e12-a245-19ebac7d5630,03 април 2026,Разпореждане,10059,03.04.2026,МАРИНЕЛА КРАСИМИРОВА МАРИНОВА-СТОЕВА - Съдия докладчик,
172d9795-7c74-4d6b-bfc0-c6426bdbde8a,17 юни 2026,Определение,293,02.07.2026,Ангелина Гергинова Гергинска - Съдия докладчик,
172d9795-7c74-4d6b-bfc0-c6426bdbde8a,01 юни 2026,Разпореждане,1178,01.06.2026,Ангелина Гергинова Гергинска - Съдия докладчик,
172d9795-7c74-4d6b-bfc0-c6426bdbde8a,15 май 2026,Разпореждане,1108,15.05.2026,Ангелина Гергинова Гергинска - Съдия докладчик,
172d9795-7c74-4d6b-bfc0-c6426bdbde8a,03 април 2026,Заповед за изпълнение,498,,Ангелина Гергинова Гергинска - Съдия докладчик,
a3f3bf21-31c7-44a7-9cfa-5edd1164d3e5,12 май 2026,Определение,272,,Гергана Мирчова Симеонова - Съдия докладчик,
a3f3bf21-31c7-44a7-9cfa-5edd1164d3e5,11 май 2026,Изпълнителен лист,81,11.05.2026,,
a3f3bf21-31c7-44a7-9cfa-5edd1164d3e5,11 май 2026,Изпълнителен лист,80,11.05.2026,,
a3f3bf21-31c7-44a7-9cfa-5edd1164d3e5,11 май 2026,Разпореждане,311,11.05.2026,Гергана Мирчова Симеонова - Съдия докладчик,
a3f3bf21-31c7-44a7-9cfa-5edd1164d3e5,08 април 2026,Споразумение,13,08.04.2026,Гергана Мирчова Симеонова - Съдия докладчик,
a3f3bf21-31c7-44a7-9cfa-5edd1164d3e5,03 април 2026,Разпореждане,235,03.04.2026,Гергана Мирчова Симеонова - Съдия докладчик,
a3f3bf21-31c7-44a7-9cfa-5edd1164d3e5,03 април 2026,Разпореждане,233,03.04.2026,Гергана Мирчова Симеонова - Съдия докладчик,
ccd9b76b-63a6-4113-8924-ffed23555840,28 май 2026,Решение,562,07.07.2026,Мирела Огнянова Кацарска - Съдия докладчик Весела Гълъбова - Член Ива Благомилова Благоева - Член,
ccd9b76b-63a6-4113-8924-ffed23555840,13 май 2026,Протокол,730,13.05.2026,Мирела Огнянова Кацарска - Съдия докладчик мл.с. Ива Благомилова Благоева - Член Весела Гълъбова - Член,
ccd9b76b-63a6-4113-8924-ffed23555840,08 април 2026,Определение,1743,08.04.2026,Мирела Огнянова Кацарска - Съдия докладчик мл.с. Ива Благомилова Благоева - Член Весела Гълъбова - Член,
fb577b46-1c9e-4e7e-9433-9c0ebb16046a,25 септември 2026,Разпореждане,115363,25.09.2026,АНЕТА ИЛЧЕВА ИЛЧЕВА - Съдия докладчик,
fb577b46-1c9e-4e7e-9433-9c0ebb16046a,08 септември 2026,Разпореждане,108164,,АНЕТА ИЛЧЕВА ИЛЧЕВА - Съдия докладчик,
fb577b46-1c9e-4e7e-9433-9c0ebb16046a,24 август 2026,Разпореждане,102068,24.08.2026,АНЕТА ИЛЧЕВА ИЛЧЕВА - Съдия докладчик,
fb577b46-1c9e-4e7e-9433-9c0ebb16046a,08 юни 2026,Разпореждане,69778,08.06.2026,АНЕТА ИЛЧЕВА ИЛЧЕВА - Съдия докладчик,
b0bbd4f5-014f-4ab7-8cc8-688b559027c9,03 август 2026,Разпореждане,3693,03.08.2026,Диана Димитрова Пашова - Съдия докладчик,
b0bbd4f5-014f-4ab7-8cc8-688b559027c9,03 август 2026,Разпореждане,3692,03.08.2026,Диана Димитрова Пашова - Съдия докладчик,
b0bbd4f5-014f-4ab7-8cc8-688b559027c9,11 май 2026,Разпореждане,2017,11.05.2026,Диана Димитрова Пашова - Съдия докладчик,
b0bbd4f5-014f-4ab7-8cc8-688b559027c9,03 април 2026,Заповед за изпълнение,298,03.04.2026,Диана Димитрова Пашова - Съдия докладчик,
325f6759-a1eb-42a4-be33-9f55e4fbd84e,22 юни 2026,Изпълнителен лист ЗП,229,22.06.2026,СЛАВЧО АСЕНОВ ДИМИТРОВ - Съдия докладчик,
325f6759-a1eb-42a4-be33-9f55e4fbd84e,20 юни 2026,Разпореждане,844,20.06.2026,СЛАВЧО АСЕНОВ ДИМИТРОВ - Съдия докладчик,
325f6759-a1eb-42a4-be33-9f55e4fbd84e,28 април 2026,Разпореждане,640,28.04.2026,СЛАВЧО АСЕНОВ ДИМИТРОВ - Съдия докладчик,
325f6759-a1eb-42a4-be33-9f55e4fbd84e,17 април 2026,Разпореждане,583,17.04.2026,СЛАВЧО АСЕНОВ ДИМИТРОВ - Съдия докладчик,
325f6759-a1eb-42a4-be33-9f55e4fbd84e,03 април 2026,Разпореждане,532,03.04.2026,СЛАВЧО АСЕНОВ ДИМИТРОВ - Съдия докладчик,
325f6759-a1eb-42a4-be33-9f55e4fbd84e,03 април 2026,Заповед за изпълнение,134,28.05.2026,СЛАВЧО АСЕНОВ ДИМИТРОВ - Съдия докладчик,
6a9ca356-ed50-43a7-9ad9-8149c9f5ea7c,18 септември 2026,Разпореждане,2612,18.09.2026,Пепа Димова Жекова - Съдия докладчик,
6a9ca356-ed50-43a7-9ad9-8149c9f5ea7c,18 септември 2026,Разпореждане,2609,18.09.2026,Пепа Димова Жекова - Съдия докладчик,
6a9ca356-ed50-43a7-9ad9-8149c9f5ea7c,17 август 2026,Разпореждане,2396,17.08.2026,Пепа Димова Жекова - Съдия докладчик,
6a9ca356-ed50-43a7-9ad9-8149c9f5ea7c,28 юли 2026,Разпореждане,2193,28.07.2026,Пепа Димова Жекова - Съдия докладчик,
6a9ca356-ed50-43a7-9ad9-8149c9f5ea7c,22 юли 2026,Определение,753,,Пепа Димова Жекова - Съдия докладчик,
6a9ca356-ed50-43a7-9ad9-8149c9f5ea7c,22 юли 2026,Разпореждане,2152,22.07.2026,Пепа Димова Жекова - Съдия докладчик,
6a9ca356-ed50-43a7-9ad9-8149c9f5ea7c,18 юни 2026,Изпълнителен лист ЗП,383,,Пепа Димова Жекова - Съдия докладчик,
6a9ca356-ed50-43a7-9ad9-8149c9f5ea7c,18 юни 2026,Разпореждане,1679,18.06.2026,Пепа Димова Жекова - Съдия докладчик,
6a9ca356-ed50-43a7-9ad9-8149c9f5ea7c,10 юни 2026,Разпореждане,1591,10.06.2026,Пепа Димова Жекова - Съдия докладчик,
6a9ca356-ed50-43a7-9ad9-8149c9f5ea7c,26 април 2026,Разпореждане,1055,26.04.2026,Пепа Димова Жекова - Съдия докладчик,
ac60b8bb-a3f2-454e-9d4a-b29597fe7531,10 юни 2026,Разпореждане,929,10.06.2026,Живко Павлов Георгиев - Съдия докладчик,
ac60b8bb-a3f2-454e-9d4a-b29597fe7531,23 април 2026,Разпореждане,576,23.04.2026,Живко Павлов Георгиев - Съдия докладчик,
ac60b8bb-a3f2-454e-9d4a-b29597fe7531,06 април 2026,Заповед за изпълнение,504,,Живко Павлов Георгиев - Съдия докладчик,
7ce95a2d-43b1-4c97-8be1-553df3ce7e22,23 септември 2026,Определение,2174,23.09.2026,Ивайло Христов Родопски - Съдия докладчик,
7ce95a2d-43b1-4c97-8be1-553df3ce7e22,23 септември 2026,Определение,2170,23.09.2026,Яника Тенева Бозаджиева - Съдия докладчик,
7ce95a2d-43b1-4c97-8be1-553df3ce7e22,20 август 2026,Определение,2025,20.08.2026,Светозар Любомиров Георгиев - Съдия докладчик,
7ce95a2d-43b1-4c97-8be1-553df3ce7e22,18 август 2026,Определение,2014,18.08.2026,Кристина Иванова Тодорова - Съдия докладчик,
7ce95a2d-43b1-4c97-8be1-553df3ce7e22,23 юли 2026,Определение,1863,23.07.2026,Анабела Димитрова Нинова - Съдия докладчик,
7ce95a2d-43b1-4c97-8be1-553df3ce7e22,22 юли 2026,Определение,1848,22.07.2026,Пламен Димитров Петков - Съдия докладчик,
7ce95a2d-43b1-4c97-8be1-553df3ce7e22,25 юни 2026,Определение,1682,25.06.2026,Недялка Николова - Съдия докладчик,
7ce95a2d-43b1-4c97-8be1-553df3ce7e22,18 юни 2026,Определение,1641,18.06.2026,Мариета Неделчева - Съдия докладчик,
7ce95a2d-43b1-4c97-8be1-553df3ce7e22,05 юни 2026,Определение,1545,05.06.2026,Ивайло Петров Георгиев - Съдия докладчик,
7ce95a2d-43b1-4c97-8be1-553df3ce7e22,03 юни 2026,Определение,1517,03.06.2026,Янита Димитрова Янкова - Съдия докладчик,
893a0246-9280-4b1a-9d4f-d04af1063516,26 май 2026,Изпълнителен лист ЗП,2553,26.05.2026,Иван Валериев Никифорски - Съдия докладчик,
893a0246-9280-4b1a-9d4f-d04af1063516,26 май 2026,Разпореждане,5785,,Иван Валериев Никифорски - Съдия докладчик,
893a0246-9280-4b1a-9d4f-d04af1063516,06 април 2026,Определение,767,,Иван Валериев Никифорски - Съдия докладчик,
893a0246-9280-4b1a-9d4f-d04af1063516,06 април 2026,Заповед за изпълнение,2284,19.05.2026,Иван Валериев Никифорски - Съдия докладчик,
a6d8e93b-70bc-4478-b95e-a61c1305560c,20 април 2026,Определение,1894,20.04.2026,Мария Кирилова Терзийска - Председател Диана Колева Стоянова - Съдия докладчик Елина Пламенова Карагьозова - Член,
be688f9d-f23c-49d7-9207-61c8a74d702d,03 април 2026,Определение,371,03.04.2026,Георги Христов Иванов - Съдия докладчик,
9fbafb70-13bc-4941-9971-55cdc10aad87,03 април 2026,Определение,50,23.04.2026,Пламен Калинов Кучев - Съдия докладчик,
0da957a0-1663-40b4-8714-860b80a02a2a,07 април 2026,Определение,1730,05.05.2026,Светла Величкова Пенева - Председател Красимир Тодоров Василев - Съдия докладчик Деница Славова - Член,
62c290f6-0370-4a2d-92a3-1ab1e3c751db,03 април 2026,Изпълнителен лист ЗП,383,03.04.2026,Людмила Василева Стойнева - Съдия докладчик,
62c290f6-0370-4a2d-92a3-1ab1e3c751db,03 април 2026,Заповед за изпълнение,1110,,Людмила Василева Стойнева - Съдия докладчик,
613d831d-1ed2-49ad-9827-04e9d5becb42,23 април 2026,Определение,1044,01.05.2026,Ненка Цветанкова - Съдия докладчик,
613d831d-1ed2-49ad-9827-04e9d5becb42,15 април 2026,Разпореждане,4457,15.04.2026,Ненка Цветанкова - Съдия докладчик,
613d831d-1ed2-49ad-9827-04e9d5becb42,06 април 2026,Заповед за изпълнение,653,,Ненка Цветанкова - Съдия докладчик,
06b6fcaf-d5b3-46be-afc2-9fb34be9b27d,07 април 2026,Заповед за изпълнение,1173,,Иван Божиков Димитров - Съдия докладчик,
d934964c-509f-4d38-98b6-a8e8e3bb6a6c,03 април 2026,Заповед за изпълнение,303,,Цветомир Цаков Цветанов - Съдия докладчик,
d934964c-509f-4d38-98b6-a8e8e3bb6a6c,03 април 2026,Разпореждане,664,03.04.2026,Цветомир Цаков Цветанов - Съдия докладчик,
9410f353-cb2f-42e4-8ffb-489613a49cda,22 май 2026,Изпълнителен лист ЗП,590,22.05.2026,Мария Вангелова Грунова - Съдия докладчик,
9410f353-cb2f-42e4-8ffb-489613a49cda,22 май 2026,Разпореждане,2019,22.05.2026,Мария Вангелова Грунова - Съдия докладчик,
9410f353-cb2f-42e4-8ffb-489613a49cda,03 април 2026,Заповед за изпълнение,528,14.05.2026,Мария Вангелова Грунова - Съдия докладчик,
3b979174-57dc-46ef-a6ab-14828a554de8,27 април 2026,Разпореждане,1080,27.04.2026,Васко Петров Петров - Съдия докладчик,
3b979174-57dc-46ef-a6ab-14828a554de8,07 април 2026,Заповед за изпълнение,415,,Васко Петров Петров - Съдия докладчик,
3b979174-57dc-46ef-a6ab-14828a554de8,03 април 2026,Разпореждане,897,03.04.2026,Васко Петров Петров - Съдия докладчик,
e76a3d5c-ef77-404c-8eb6-2fb5bdbaf5ef,26 август 2026,Изпълнителен лист ЗП,2509,26.08.2026,Тихомира Георгиева Казасова - Съдия докладчик,
e76a3d5c-ef77-404c-8eb6-2fb5bdbaf5ef,26 август 2026,Разпореждане,8656,,Тихомира Георгиева Казасова - Съдия докладчик,
e76a3d5c-ef77-404c-8eb6-2fb5bdbaf5ef,03 април 2026,Заповед за изпълнение,915,,Тихомира Георгиева Казасова - Съдия докладчик,
ed1c9efb-c375-467b-8a26-ed5e2b541f9e,22 май 2026,Разпореждане,190,22.05.2026,Цветелина Недкова Харалампиева - Съдия докладчик,
ed1c9efb-c375-467b-8a26-ed5e2b541f9e,27 април 2026,Разпореждане,162,27.04.2026,Цветелина Недкова Харалампиева - Съдия докладчик,
ed1c9efb-c375-467b-8a26-ed5e2b541f9e,14 април 2026,Решение,20,21.09.2026,Цветелина Недкова Харалампиева - Съдия докладчик,
ed1c9efb-c375-467b-8a26-ed5e2b541f9e,14 април 2026,Протокол,116,,Цветелина Недкова Харалампиева - Съдия докладчик,
ed1c9efb-c375-467b-8a26-ed5e2b541f9e,05 април 2026,Разпореждане,136,05.04.2026,Цветелина Недкова Харалампиева - Съдия докладчик,
989f8ebb-16f9-4e20-bee4-0c0194098f36,22 април 2026,Заповед,34,22.04.2026,ДИМАНА ГЕОРГИЕВА КИРЯЗОВА ВЪЛКОВА - Съдия докладчик,
989f8ebb-16f9-4e20-bee4-0c0194098f36,22 април 2026,Решение,1010,30.04.2026,ДИМАНА ГЕОРГИЕВА КИРЯЗОВА ВЪЛКОВА - Съдия докладчик,
989f8ebb-16f9-4e20-bee4-0c0194098f36,20 април 2026,Протокол,1512,20.04.2026,ДИМАНА ГЕОРГИЕВА КИРЯЗОВА ВЪЛКОВА - Съдия докладчик,
989f8ebb-16f9-4e20-bee4-0c0194098f36,03 април 2026,Заповед,37,03.04.2026,ДИМАНА ГЕОРГИЕВА КИРЯЗОВА ВЪЛКОВА - Съдия докладчик,
989f8ebb-16f9-4e20-bee4-0c0194098f36,03 април 2026,Определение,1755,03.04.2026,ДИМАНА ГЕОРГИЕВА КИРЯЗОВА ВЪЛКОВА - Съдия докладчик,
a74627ff-b290-4da2-aae3-2e05e97a39c3,08 юли 2026,Изпълнителен лист ЗП,315,08.07.2026,ДАНИЕЛА ЙОРДАНОВА ИГНАТОВА - Съдия докладчик,
a74627ff-b290-4da2-aae3-2e05e97a39c3,08 юли 2026,Разпореждане,1525,08.07.2026,ДАНИЕЛА ЙОРДАНОВА ИГНАТОВА - Съдия докладчик,
a74627ff-b290-4da2-aae3-2e05e97a39c3,04 май 2026,Заповед за изпълнение,383,16.06.2026,ДАНИЕЛА ЙОРДАНОВА ИГНАТОВА - Съдия докладчик,
a74627ff-b290-4da2-aae3-2e05e97a39c3,03 април 2026,Разпореждане,699,03.04.2026,ДАНИЕЛА ЙОРДАНОВА ИГНАТОВА - Съдия докладчик,
1d274347-6f8c-4597-af0e-a550cfe98f17,05 май 2026,Протокол,552,05.05.2026,БИЛЯНА ДИНЕВА ОРТАКЧИЕВА - Съдия докладчик,
1d274347-6f8c-4597-af0e-a550cfe98f17,05 май 2026,Определение,268,20.05.2026,БИЛЯНА ДИНЕВА ОРТАКЧИЕВА - Съдия докладчик,
1d274347-6f8c-4597-af0e-a550cfe98f17,03 април 2026,Разпореждане,494,03.04.2026,БИЛЯНА ДИНЕВА ОРТАКЧИЕВА - Съдия докладчик,
68a3926d-78fb-4259-9d7a-9252d3cbc011,17 април 2026,Определение,175,05.05.2026,РУМЕНА ФОТИ - Съдия докладчик,
68a3926d-78fb-4259-9d7a-9252d3cbc011,03 април 2026,Разпореждане,1150,03.04.2026,РУМЕНА ФОТИ - Съдия докладчик,
069eccbe-1c4c-4afd-8542-4929f5fe6d08,21 април 2026,Разпореждане,1508,06.05.2026,Анна Иванова Кайтазка - Съдия докладчик,
069eccbe-1c4c-4afd-8542-4929f5fe6d08,03 април 2026,Разпореждане,1275,03.04.2026,Анна Иванова Кайтазка - Съдия докладчик,
1efb4c7c-a290-45a9-b2f4-4ecfc0e7cf78,03 април 2026,Определение,27,03.04.2026,Ивета Венциславова Кънева-Санкова - Съдия докладчик,
0abd5141-5d84-4103-ad26-c4389c051435,17 август 2026,Определение,2004,17.08.2026,Кристина Иванова Тодорова - Съдия докладчик,
0abd5141-5d84-4103-ad26-c4389c051435,10 юли 2026,Определение,1774,10.07.2026,Янита Димитрова Янкова - Съдия докладчик,
0abd5141-5d84-4103-ad26-c4389c051435,08 юли 2026,Определение,1756,08.07.2026,Анабела Димитрова Нинова - Съдия докладчик,
0abd5141-5d84-4103-ad26-c4389c051435,03 юли 2026,Определение,1727,03.07.2026,Ради Иванов Йорданов - Съдия докладчик,
0abd5141-5d84-4103-ad26-c4389c051435,08 юни 2026,Определение,1549,08.06.2026,Невена Пламенова Великова - Съдия докладчик,
0abd5141-5d84-4103-ad26-c4389c051435,02 юни 2026,Определение,1505,02.06.2026,Николай Светлинов Василев - Съдия докладчик,
0abd5141-5d84-4103-ad26-c4389c051435,29 май 2026,Определение,1463,29.05.2026,Георги Димитров Чолаков - Съдия докладчик,
0abd5141-5d84-4103-ad26-c4389c051435,28 май 2026,Определение,1450,28.05.2026,Росина Николаева Дончева - Съдия докладчик,
0abd5141-5d84-4103-ad26-c4389c051435,26 май 2026,Определение,1409,26.05.2026,Ирина Руменова Славчева - Съдия докладчик,
0abd5141-5d84-4103-ad26-c4389c051435,19 май 2026,Определение,1379,19.05.2026,Катерина Въткова Ненова - Съдия докладчик,
1296f049-8d60-4d8f-8a47-1cc0b5126a06,14 юли 2026,Определение,25513,14.07.2026,ТЕОДОРА АНГЕЛОВА КАРАБАШЕВА - Съдия докладчик,
1296f049-8d60-4d8f-8a47-1cc0b5126a06,02 юни 2026,Разпореждане,66694,02.06.2026,ТЕОДОРА АНГЕЛОВА КАРАБАШЕВА - Съдия докладчик,
9c2571b1-5548-47e9-a523-2a0cc69f008f,23 април 2026,Определение,253,15.05.2026,БИЛЯНА ДИНЕВА ОРТАКЧИЕВА - Съдия докладчик,
9c2571b1-5548-47e9-a523-2a0cc69f008f,03 април 2026,Разпореждане,496,03.04.2026,БИЛЯНА ДИНЕВА ОРТАКЧИЕВА - Съдия докладчик,
8c381e16-374c-4f47-846d-fb6832cdb252,17 юни 2026,Разпореждане,399,17.06.2026,Галена Николаева Манова-Узунова - Съдия докладчик,
8c381e16-374c-4f47-846d-fb6832cdb252,03 април 2026,Определение,76,03.04.2026,Галена Николаева Манова-Узунова - Съдия докладчик,
74b5b794-01a3-4b9e-9c0f-b8e3a7fba8b1,02 юни 2026,Изпълнителен лист ЗП,2745,02.06.2026,Калина Христова Христова - Съдия докладчик,
74b5b794-01a3-4b9e-9c0f-b8e3a7fba8b1,02 юни 2026,Разпореждане,6178,02.06.2026,Калина Христова Христова - Съдия докладчик,
74b5b794-01a3-4b9e-9c0f-b8e3a7fba8b1,06 април 2026,Заповед за изпълнение,2314,26.05.2026,Калина Христова Христова - Съдия докладчик,
72807046-95a2-460d-bbe7-7d7b001d26ee,26 май 2026,Изпълнителен лист ЗП,1407,26.05.2026,Зара Ехия Иванова - Съдия докладчик,
72807046-95a2-460d-bbe7-7d7b001d26ee,22 май 2026,Разпореждане,5414,22.05.2026,Зара Ехия Иванова - Съдия докладчик,
72807046-95a2-460d-bbe7-7d7b001d26ee,03 април 2026,Заповед за изпълнение,1316,,Зара Ехия Иванова - Съдия докладчик,
b03fbe9e-10df-4ffd-a634-6a74467025bb,29 май 2026,Разпореждане,6026,29.05.2026,Иван Цветозаров Иванов - Съдия докладчик,
b03fbe9e-10df-4ffd-a634-6a74467025bb,29 май 2026,Изпълнителен лист ЗП,2673,29.05.2026,Иван Цветозаров Иванов - Съдия докладчик,
b03fbe9e-10df-4ffd-a634-6a74467025bb,08 април 2026,Заповед за изпълнение,2414,23.05.2026,Иван Цветозаров Иванов - Съдия докладчик,
2c0c1ada-5cb7-48e3-a9a0-2750cc6978e1,03 април 2026,Заповед за изпълнение,368,,Росен Минков Стоянов - Съдия докладчик,
bae42b64-00c3-47b7-8cd9-e11bac17bafd,11 август 2026,Разпореждане,5796,11.08.2026,Диана Колева Стоянова - Член,
bae42b64-00c3-47b7-8cd9-e11bac17bafd,04 юни 2026,Решение,590,04.06.2026,Мария Кирилова Терзийска - Председател Елина Пламенова Карагьозова - Съдия докладчик Диана Колева Стоянова - Член,
bae42b64-00c3-47b7-8cd9-e11bac17bafd,12 май 2026,Протокол,718,12.05.2026,Мария Кирилова Терзийска - Председател Елина Пламенова Карагьозова - Съдия докладчик Диана Колева Стоянова - Член,
bae42b64-00c3-47b7-8cd9-e11bac17bafd,17 април 2026,Определение,1868,17.04.2026,Мария Кирилова Терзийска - Председател Елина Пламенова Карагьозова - Съдия докладчик Диана Колева Стоянова - Член,
d1b7dae9-2e32-4835-b248-5e9b9077e959,28 май 2026,Разпореждане,5634,28.05.2026,Мирослав Цветанов Марков - Съдия докладчик,
d1b7dae9-2e32-4835-b248-5e9b9077e959,03 април 2026,Заповед за изпълнение,1318,,Петранка Бонева Петрова - Съдия докладчик,
d1b7dae9-2e32-4835-b248-5e9b9077e959,03 април 2026,Разпореждане,3342,03.04.2026,Петранка Бонева Петрова - Съдия докладчик,
10e124a2-5e7c-44da-86c7-5f7b7592be42,04 юни 2026,Решение,68,04.06.2026,Пенка Николаева Братанова - Съдия докладчик Йоана Николаева Такова - Член Мирослав Милчев Начев - Член,
10e124a2-5e7c-44da-86c7-5f7b7592be42,15 май 2026,Протокол,189,15.05.2026,Пенка Николаева Братанова - Съдия докладчик Йоана Николаева Такова - Член Мирослав Милчев Начев - Член,
10e124a2-5e7c-44da-86c7-5f7b7592be42,07 април 2026,Определение,99,07.04.2026,Пенка Николаева Братанова - Съдия докладчик Йоана Николаева Такова - Член Мирослав Милчев Начев - Член,
9b1dc67e-58ee-433e-bd1d-7dcbbb44ea91,03 април 2026,Определение,75,03.04.2026,Галена Николаева Манова-Узунова - Съдия докладчик,
941764fa-ba61-4397-8cd9-335072207059,06 април 2026,Заповед за изпълнение,176,,ЖИВКО ДЕЛЧЕВ ЯНКОВ - Съдия докладчик,
d5f760d4-3704-4b95-bc15-d317059ae800,31 юли 2026,Изпълнителен лист ЗП,422,31.07.2026,Радка Георгиева Стоянова - Съдия докладчик,
d5f760d4-3704-4b95-bc15-d317059ae800,31 юли 2026,Разпореждане,1338,31.07.2026,Радка Георгиева Стоянова - Съдия докладчик,
d5f760d4-3704-4b95-bc15-d317059ae800,17 юни 2026,Разпореждане,1087,17.06.2026,Радка Георгиева Стоянова - Съдия докладчик,
d5f760d4-3704-4b95-bc15-d317059ae800,03 юни 2026,Разпореждане,1030,03.06.2026,Радка Георгиева Стоянова - Съдия докладчик,
d5f760d4-3704-4b95-bc15-d317059ae800,15 април 2026,Разпореждане,685,15.04.2026,Радка Георгиева Стоянова - Съдия докладчик,
d5f760d4-3704-4b95-bc15-d317059ae800,06 април 2026,Заповед за изпълнение,295,25.07.2026,Радка Георгиева Стоянова - Съдия докладчик,
ef711357-b6c3-44dd-9f32-c766c280b720,21 април 2026,Разпореждане,638,21.04.2026,Николай Светлинов Василев - Съдия докладчик,
ef711357-b6c3-44dd-9f32-c766c280b720,08 април 2026,Определение,1074,08.04.2026,Ивайло Христов Родопски - Председател Николай Светлинов Василев - Съдия докладчик Катерина Въткова Ненова - Член,
edeb7993-ec14-4769-b551-a45aaaf26cd7,02 юни 2026,Изпълнителен лист ЗП,2716,02.06.2026,Емил Кръстев Ангелов - Съдия докладчик,
edeb7993-ec14-4769-b551-a45aaaf26cd7,02 юни 2026,Разпореждане,6108,,Емил Кръстев Ангелов - Съдия докладчик,
edeb7993-ec14-4769-b551-a45aaaf26cd7,07 април 2026,Заповед за изпълнение,2320,27.05.2026,Емил Кръстев Ангелов - Съдия докладчик,
95e870c0-ccc5-4168-b76e-136ece7adec1,27 септември 2026,Разпореждане,6784,27.09.2026,Ваня Тенева - Съдия докладчик,
95e870c0-ccc5-4168-b76e-136ece7adec1,07 юли 2026,Разпореждане,4566,07.07.2026,Ваня Тенева - Съдия докладчик,
95e870c0-ccc5-4168-b76e-136ece7adec1,07 май 2026,Разпореждане,2794,07.05.2026,Ваня Тенева - Съдия докладчик,
95e870c0-ccc5-4168-b76e-136ece7adec1,03 април 2026,Заповед за изпълнение,291,,Ваня Тенева - Съдия докладчик,
448b7f74-8f50-48d6-8169-7f7bb5944ec3,09 септември 2026,Изпълнителен лист ЗП,544,09.09.2026,ВЕСЕЛИН КИРИЛОВ ХАЙДУШКИ - Съдия докладчик,
448b7f74-8f50-48d6-8169-7f7bb5944ec3,03 юли 2026,Разпореждане,996,03.07.2026,ВЕСЕЛИН КИРИЛОВ ХАЙДУШКИ - Съдия докладчик,
448b7f74-8f50-48d6-8169-7f7bb5944ec3,14 май 2026,Разпореждане,635,14.05.2026,ВЕСЕЛИН КИРИЛОВ ХАЙДУШКИ - Съдия докладчик,
448b7f74-8f50-48d6-8169-7f7bb5944ec3,03 април 2026,Заповед за изпълнение,231,,ВЕСЕЛИН КИРИЛОВ ХАЙДУШКИ - Съдия докладчик,
cd1e0392-8d0d-4355-a1b1-f5a1cda81767,30 септември 2026,Определение,174,30.09.2026,Боряна Красимирова Иванова Гащарова - Съдия докладчик,
cd1e0392-8d0d-4355-a1b1-f5a1cda81767,22 юли 2026,Протоколно определение,509,22.07.2026,Боряна Красимирова Иванова Гащарова - Съдия докладчик,
cd1e0392-8d0d-4355-a1b1-f5a1cda81767,03 юни 2026,Протокол,364,03.06.2026,Боряна Красимирова Иванова Гащарова - Съдия докладчик,
cd1e0392-8d0d-4355-a1b1-f5a1cda81767,23 април 2026,Разпореждане,388,23.04.2026,Боряна Красимирова Иванова Гащарова - Съдия докладчик,
cd1e0392-8d0d-4355-a1b1-f5a1cda81767,06 април 2026,Разпореждане,316,06.04.2026,Боряна Красимирова Иванова Гащарова - Съдия докладчик,
9834e09d-b889-4577-bd0f-eec95f52413b,29 април 2026,Заповед за изпълнение,544,,Людмила Людмилова Митрева - Съдия докладчик,
37776e4e-37ed-4c75-8f62-13378a4cf808,03 април 2026,Заповед за изпълнение,461,,ДЕНИЦА АНГЕЛОВА ЦВЕТКОВА - Съдия докладчик,
97191b05-f875-4e65-98d1-22be01d1d3c5,05 октомври 2026,Протокол,1346,05.10.2026,Диана Колева Стоянова - Съдия докладчик Елина Пламенова Карагьозова - Член Деница Добрева - Член,
97191b05-f875-4e65-98d1-22be01d1d3c5,25 септември 2026,Разпореждане,6977,25.09.2026,Диана Колева Стоянова - Съдия докладчик,
97191b05-f875-4e65-98d1-22be01d1d3c5,14 юли 2026,Разпореждане,5061,14.07.2026,Диана Колева Стоянова - Съдия докладчик,
97191b05-f875-4e65-98d1-22be01d1d3c5,22 юни 2026,Определение,3232,22.06.2026,Диана Колева Стоянова - Съдия докладчик Елина Пламенова Карагьозова - Член мл.с. Ива Благомилова Благоева - Член,
97191b05-f875-4e65-98d1-22be01d1d3c5,20 април 2026,Определение,1895,20.04.2026,Мария Кирилова Терзийска - Председател Диана Колева Стоянова - Съдия докладчик Елина Пламенова Карагьозова - Член,
24cf704e-0857-4f6e-ae85-c7cd12ef86e6,11 май 2026,Разпореждане,983,11.05.2026,КАТЯ БОЖИДАРОВА АНГЕЛОВА-ПЕТРОВА - Съдия докладчик,
24cf704e-0857-4f6e-ae85-c7cd12ef86e6,03 април 2026,Заповед за изпълнение,497,,КАТЯ БОЖИДАРОВА АНГЕЛОВА-ПЕТРОВА - Съдия докладчик,
c49f4f23-4279-40e0-b8dd-6e73e2131eb1,16 юни 2026,Изпълнителен лист ЗП,507,16.06.2026,Габриела Тричкова - Съдия докладчик,
c49f4f23-4279-40e0-b8dd-6e73e2131eb1,15 юни 2026,Разпореждане,3592,15.06.2026,Габриела Тричкова - Съдия докладчик,
c49f4f23-4279-40e0-b8dd-6e73e2131eb1,27 април 2026,Разпореждане,2495,27.04.2026,Габриела Тричкова - Съдия докладчик,
c49f4f23-4279-40e0-b8dd-6e73e2131eb1,23 април 2026,Заповед за изпълнение,401,09.06.2026,Габриела Тричкова - Съдия докладчик,
c49f4f23-4279-40e0-b8dd-6e73e2131eb1,23 април 2026,Разпореждане,2401,08.05.2026,Габриела Тричкова - Съдия докладчик,
c49f4f23-4279-40e0-b8dd-6e73e2131eb1,03 април 2026,Разпореждане,2005,03.04.2026,Габриела Тричкова - Съдия докладчик,
e5306b68-1e28-42f5-b1ef-c8f53c3bc36a,02 септември 2026,Определение,840,,ИРЕНА ВАСИЛЕВА РАБАДЖИЕВА - Съдия докладчик,
e5306b68-1e28-42f5-b1ef-c8f53c3bc36a,07 юли 2026,Разпореждане,1669,07.07.2026,ИРЕНА ВАСИЛЕВА РАБАДЖИЕВА - Съдия докладчик,
e5306b68-1e28-42f5-b1ef-c8f53c3bc36a,03 април 2026,Заповед за изпълнение,84,,ИРЕНА ВАСИЛЕВА РАБАДЖИЕВА - Съдия докладчик,
0f48e638-9b16-48be-9915-d477e6cc335b,28 май 2026,Разпореждане,372,28.05.2026,Галена Николаева Манова-Узунова - Съдия докладчик,
0f48e638-9b16-48be-9915-d477e6cc335b,03 април 2026,Определение,74,03.04.2026,Галена Николаева Манова-Узунова - Съдия докладчик,
f8468f3f-6aee-4fd8-8879-28cfbe624cf8,18 юни 2026,Определение,2025,,Петранка Бонева Петрова - Съдия докладчик,
f8468f3f-6aee-4fd8-8879-28cfbe624cf8,17 юни 2026,Протокол,570,17.06.2026,Петранка Бонева Петрова - Съдия докладчик,
f8468f3f-6aee-4fd8-8879-28cfbe624cf8,22 май 2026,Определение,1733,22.05.2026,Петранка Бонева Петрова - Съдия докладчик,
f8468f3f-6aee-4fd8-8879-28cfbe624cf8,08 април 2026,Разпореждане,3485,08.04.2026,Петранка Бонева Петрова - Съдия докладчик,
f8468f3f-6aee-4fd8-8879-28cfbe624cf8,03 април 2026,Определение,1065,03.04.2026,Петранка Бонева Петрова - Съдия докладчик,
c8c9024d-2653-4630-a16b-7630e47eccb9,03 юли 2026,Определение,397,17.07.2026,НЕВЕНА ИЛАРИОНОВА ИВАНОВА - Съдия докладчик,
2dec0fda-1877-4e2f-a122-eb182c7dd831,18 септември 2026,Протокол,474,18.09.2026,Невена Пламенова Великова - Съдия докладчик,
2dec0fda-1877-4e2f-a122-eb182c7dd831,13 август 2026,Определение,1987,13.08.2026,Невена Пламенова Великова - Съдия докладчик,
2dec0fda-1877-4e2f-a122-eb182c7dd831,03 юни 2026,Разпореждане,918,03.06.2026,Невена Пламенова Великова - Съдия докладчик,
2dec0fda-1877-4e2f-a122-eb182c7dd831,27 май 2026,Разпореждане,880,27.05.2026,Невена Пламенова Великова - Съдия докладчик,
2dec0fda-1877-4e2f-a122-eb182c7dd831,14 май 2026,Разпореждане,772,14.05.2026,Невена Пламенова Великова - Съдия докладчик,
2dec0fda-1877-4e2f-a122-eb182c7dd831,05 май 2026,Разпореждане,726,05.05.2026,Невена Пламенова Великова - Съдия докладчик,
2dec0fda-1877-4e2f-a122-eb182c7dd831,21 април 2026,Разпореждане,631,21.04.2026,Невена Пламенова Великова - Съдия докладчик,
2dec0fda-1877-4e2f-a122-eb182c7dd831,08 април 2026,Разпореждане,581,08.04.2026,Невена Пламенова Великова - Съдия докладчик,
f6b7f3b8-89ed-44b0-84a9-c30c21dcde86,01 септември 2026,Определение,1585,,Валентина Жекова Иванова - Съдия докладчик,
f6b7f3b8-89ed-44b0-84a9-c30c21dcde86,30 юни 2026,Разпореждане,3058,30.06.2026,Валентина Жекова Иванова - Съдия докладчик,
f6b7f3b8-89ed-44b0-84a9-c30c21dcde86,20 май 2026,Разпореждане,2212,20.05.2026,Валентина Жекова Иванова - Съдия докладчик,
f6b7f3b8-89ed-44b0-84a9-c30c21dcde86,03 април 2026,Заповед за изпълнение,292,03.04.2026,Валентина Жекова Иванова - Съдия докладчик,
374c848b-77b6-41e2-b86f-30f5046cdcef,16 април 2026,Разпореждане,399,01.05.2026,Росица Георгиева Калугерова - Съдия докладчик,
374c848b-77b6-41e2-b86f-30f5046cdcef,03 април 2026,Разпореждане,324,03.04.2026,Росица Георгиева Калугерова - Съдия докладчик,
d212325a-5830-4bbd-b88f-06c30ef373c7,13 май 2026,Разпореждане,1806,13.05.2026,Нанко Събов Маринов - Съдия докладчик,
d212325a-5830-4bbd-b88f-06c30ef373c7,15 април 2026,Разпореждане,1408,,Нанко Събов Маринов - Съдия докладчик,
d212325a-5830-4bbd-b88f-06c30ef373c7,03 април 2026,Разпореждане,1287,03.04.2026,Нанко Събов Маринов - Съдия докладчик,
53cc006c-3f72-4a39-8461-f2c2740ded84,22 май 2026,Изпълнителен лист ЗП,808,22.05.2026,ИСКРЕН БОРИСОВ - Съдия докладчик,
53cc006c-3f72-4a39-8461-f2c2740ded84,22 май 2026,Разпореждане,2949,,ИСКРЕН БОРИСОВ - Съдия докладчик,
53cc006c-3f72-4a39-8461-f2c2740ded84,06 април 2026,Заповед за изпълнение,1213,15.05.2026,ИСКРЕН БОРИСОВ - Съдия докладчик,
35cc48c2-1e9d-4da6-8c21-91637da2aff9,19 май 2026,Изпълнителен лист ЗП,501,19.05.2026,Живко Павлов Георгиев - Съдия докладчик,
35cc48c2-1e9d-4da6-8c21-91637da2aff9,06 април 2026,Заповед за изпълнение,503,15.05.2026,Живко Павлов Георгиев - Съдия докладчик,
14e6f39f-6c42-4aef-a051-a9bd3f922304,03 април 2026,Разпореждане,349,21.05.2026,МАРИЯ ДИМОВА ШОЛЕКОВА - Съдия докладчик,
6700aabb-f811-4e33-9dfd-bdc32789a3b3,09 април 2026,Заповед за изпълнение,755,,Борислав Кирилов Тончев - Съдия докладчик,
a53769e9-719c-46c0-a5f2-89706906a681,12 август 2026,Определение,2849,,Явор Петров Джамалов - Съдия докладчик,
a53769e9-719c-46c0-a5f2-89706906a681,22 юни 2026,Разпореждане,18358,22.06.2026,Явор Петров Джамалов - Съдия докладчик,
a53769e9-719c-46c0-a5f2-89706906a681,16 юни 2026,Разпореждане,17873,16.06.2026,Явор Петров Джамалов - Съдия докладчик,
a53769e9-719c-46c0-a5f2-89706906a681,08 юни 2026,Разпореждане,16631,08.06.2026,Явор Петров Джамалов - Съдия докладчик,
a53769e9-719c-46c0-a5f2-89706906a681,03 април 2026,Разпореждане,10146,03.04.2026,Явор Петров Джамалов - Съдия докладчик,
a53769e9-719c-46c0-a5f2-89706906a681,03 април 2026,Заповед за изпълнение,2929,,Явор Петров Джамалов - Съдия докладчик,
9b825016-8ca0-49ff-acb7-6f52deaacf57,12 юни 2026,Изпълнителен лист ЗП,691,12.06.2026,Катерина Георгиева Дедова - Съдия докладчик,
9b825016-8ca0-49ff-acb7-6f52deaacf57,11 юни 2026,Разпореждане,2319,11.06.2026,Катерина Георгиева Дедова - Съдия докладчик,
9b825016-8ca0-49ff-acb7-6f52deaacf57,21 април 2026,Разпореждане,1590,21.04.2026,Катерина Георгиева Дедова - Съдия докладчик,
9b825016-8ca0-49ff-acb7-6f52deaacf57,06 април 2026,Заповед за изпълнение,545,27.04.2026,Катерина Георгиева Дедова - Съдия докладчик,
5f1ee9ec-3880-46f4-93e2-6526b65f1218,14 август 2026,Определение,436,02.09.2026,Евгения Христова Стамова - Съдия докладчик,
5f1ee9ec-3880-46f4-93e2-6526b65f1218,13 юли 2026,Разпореждане,305,13.07.2026,Евгения Христова Стамова - Съдия докладчик,
df499f3d-028c-4cda-a957-39ddcd84dc51,07 октомври 2026,Определение,401,07.10.2026,Доротея Петкова Янкова - Съдия докладчик,
df499f3d-028c-4cda-a957-39ddcd84dc51,03 юли 2026,Разпореждане,1766,03.07.2026,Доротея Петкова Янкова - Съдия докладчик,
df499f3d-028c-4cda-a957-39ddcd84dc51,19 юни 2026,Заповед за изпълнение,616,,Доротея Петкова Янкова - Съдия докладчик,
50589399-ab47-4bc7-8296-8d422c76a6aa,14 май 2026,Изпълнителен лист ЗП,753,14.05.2026,Ангел Ташев - Съдия докладчик,
50589399-ab47-4bc7-8296-8d422c76a6aa,13 май 2026,Разпореждане,5723,,Ангел Ташев - Съдия докладчик,
50589399-ab47-4bc7-8296-8d422c76a6aa,06 април 2026,Заповед за изпълнение,645,08.05.2026,Ангел Ташев - Съдия докладчик,
bd1c33ad-62f3-431d-9ebc-8aeaf46f4900,03 април 2026,Определение,370,03.04.2026,Георги Христов Иванов - Съдия докладчик,
b86ce997-e3c4-494b-ba8d-c2859552b557,18 септември 2026,Протокол,530,18.09.2026,Пламен Атанасов Атанасов - Съдия докладчик,
b86ce997-e3c4-494b-ba8d-c2859552b557,01 септември 2026,Разпореждане,5387,01.09.2026,Пламен Атанасов Атанасов - Съдия докладчик,
b86ce997-e3c4-494b-ba8d-c2859552b557,25 август 2026,Разпореждане,5275,25.08.2026,Деница Добрева - Съдия докладчик,
b86ce997-e3c4-494b-ba8d-c2859552b557,04 август 2026,Разпореждане,4797,04.08.2026,Пламен Атанасов Атанасов - Съдия докладчик,
b86ce997-e3c4-494b-ba8d-c2859552b557,10 юли 2026,Определение,1160,10.07.2026,Пламен Атанасов Атанасов - Съдия докладчик,
b86ce997-e3c4-494b-ba8d-c2859552b557,28 май 2026,Разпореждане,3164,28.05.2026,Пламен Атанасов Атанасов - Съдия докладчик,
b86ce997-e3c4-494b-ba8d-c2859552b557,05 май 2026,Разпореждане,2688,05.05.2026,Пламен Атанасов Атанасов - Съдия докладчик,
b86ce997-e3c4-494b-ba8d-c2859552b557,22 април 2026,Разпореждане,2428,22.04.2026,Пламен Атанасов Атанасов - Съдия докладчик,
b86ce997-e3c4-494b-ba8d-c2859552b557,06 април 2026,Разпореждане,2071,06.04.2026,Пламен Атанасов Атанасов - Съдия докладчик,
47c399b1-822a-4d18-90a2-fa91b41c46af,10 август 2026,Разпореждане,1165,10.08.2026,АНТОНИ ИВАНОВ НИКОЛОВ - Съдия докладчик,
47c399b1-822a-4d18-90a2-fa91b41c46af,10 август 2026,Разпореждане,1164,10.08.2026,АНТОНИ ИВАНОВ НИКОЛОВ - Съдия докладчик,
47c399b1-822a-4d18-90a2-fa91b41c46af,24 юли 2026,Разпореждане,1122,24.07.2026,АНТОНИ ИВАНОВ НИКОЛОВ - Съдия докладчик,
47c399b1-822a-4d18-90a2-fa91b41c46af,24 юни 2026,Решение,125,,АНТОНИ ИВАНОВ НИКОЛОВ - Съдия докладчик,
47c399b1-822a-4d18-90a2-fa91b41c46af,23 юни 2026,Протокол,307,23.06.2026,АНТОНИ ИВАНОВ НИКОЛОВ - Съдия докладчик,
47c399b1-822a-4d18-90a2-fa91b41c46af,09 юни 2026,Протокол,285,09.06.2026,АНТОНИ ИВАНОВ НИКОЛОВ - Съдия докладчик,
47c399b1-822a-4d18-90a2-fa91b41c46af,05 май 2026,Разпореждане,762,05.05.2026,АНТОНИ ИВАНОВ НИКОЛОВ - Съдия докладчик,
995dee92-2246-4d0b-850a-a034f25b2eae,03 юни 2026,Разпореждане,1680,03.06.2026,Николай Захариев Петров - Съдия докладчик,
995dee92-2246-4d0b-850a-a034f25b2eae,03 април 2026,Заповед за изпълнение,297,,Николай Захариев Петров - Съдия докладчик,
89f73128-8332-4879-be2d-bfbdb980f744,06 юли 2026,Изпълнителен лист ЗП,4652,06.07.2026,Татяна Иванова Тодорова - Съдия докладчик,
89f73128-8332-4879-be2d-bfbdb980f744,06 юли 2026,Разпореждане,19636,06.07.2026,Татяна Иванова Тодорова - Съдия докладчик,
89f73128-8332-4879-be2d-bfbdb980f744,28 май 2026,Разпореждане,15567,28.05.2026,Татяна Иванова Тодорова - Съдия докладчик,
89f73128-8332-4879-be2d-bfbdb980f744,06 април 2026,Заповед за изпълнение,2952,,Татяна Иванова Тодорова - Съдия докладчик,
89f73128-8332-4879-be2d-bfbdb980f744,06 април 2026,Разпореждане,10203,06.04.2026,Татяна Иванова Тодорова - Съдия докладчик,
266f3f97-c72c-4e1e-a481-8363af3f2353,03 април 2026,Определение,369,03.04.2026,Георги Христов Иванов - Съдия докладчик,
8a370142-4a3a-4b15-87df-ad901972e6c8,15 април 2026,Разпореждане,2206,29.04.2026,Миглена Кавалова - Съдия докладчик,
8a370142-4a3a-4b15-87df-ad901972e6c8,03 април 2026,Разпореждане,2024,03.04.2026,Миглена Кавалова - Съдия докладчик,
b7e1e9cf-7280-44ca-b704-859b311ba60a,18 август 2026,Изпълнителен лист ЗП,1173,18.08.2026,Елица Юлиянова Орманова - Съдия докладчик,
b7e1e9cf-7280-44ca-b704-859b311ba60a,18 август 2026,Разпореждане,2519,18.08.2026,Елица Юлиянова Орманова - Съдия докладчик,
b7e1e9cf-7280-44ca-b704-859b311ba60a,07 април 2026,Заповед за изпълнение,747,28.07.2026,Елица Юлиянова Орманова - Съдия докладчик,
6f64db1d-de37-4d15-8ffa-8d8bb437a7d1,03 април 2026,Заповед за изпълнение,1197,,КАЛИН ИВАНОВ - Съдия докладчик,
57aadf28-dc00-46a0-a27f-92656c515f61,05 май 2026,Протокол,551,05.05.2026,БИЛЯНА ДИНЕВА ОРТАКЧИЕВА - Съдия докладчик,
57aadf28-dc00-46a0-a27f-92656c515f61,05 май 2026,Определение,267,20.05.2026,БИЛЯНА ДИНЕВА ОРТАКЧИЕВА - Съдия докладчик,
57aadf28-dc00-46a0-a27f-92656c515f61,03 април 2026,Разпореждане,495,03.04.2026,БИЛЯНА ДИНЕВА ОРТАКЧИЕВА - Съдия докладчик,
72913366-d64f-403b-87d3-fb4d9919a54a,23 април 2026,Разпореждане,1148,23.04.2026,Николай Захариев Петров - Съдия докладчик,
63f3a040-9252-4801-b243-5836132582a1,03 април 2026,Заповед за изпълнение,1114,,Мирослав Руменов Саневски - Съдия докладчик,
754f0594-65f0-4c8d-8c15-708021b2866f,06 юли 2026,Изпълнителен лист ЗП,332,06.07.2026,Гергана Николаева Божилова - Съдия докладчик,
754f0594-65f0-4c8d-8c15-708021b2866f,06 юли 2026,Разпореждане,1468,,Гергана Николаева Божилова - Съдия докладчик,
754f0594-65f0-4c8d-8c15-708021b2866f,03 април 2026,Заповед за изпълнение,149,18.06.2026,Гергана Николаева Божилова - Съдия докладчик,
b807f5e4-8cf5-4ebf-9f97-c610140f1acc,29 юли 2026,Определение,612,29.07.2026,Палмира Димитрова Атанасова - Съдия докладчик,
b807f5e4-8cf5-4ebf-9f97-c610140f1acc,26 май 2026,Определение,427,26.05.2026,Палмира Димитрова Атанасова - Съдия докладчик,
b807f5e4-8cf5-4ebf-9f97-c610140f1acc,03 април 2026,Заповед за изпълнение,176,,Палмира Димитрова Атанасова - Съдия докладчик,
b7cc7144-b96b-426f-a9fa-6dc36ee940dc,30 юли 2026,Изпълнителен лист ЗП,803,30.07.2026,ХРИСТИНА ИВАНОВА СЯРОВА - Съдия докладчик,
b7cc7144-b96b-426f-a9fa-6dc36ee940dc,30 юли 2026,Разпореждане,3119,30.07.2026,ХРИСТИНА ИВАНОВА СЯРОВА - Съдия докладчик,
b7cc7144-b96b-426f-a9fa-6dc36ee940dc,23 април 2026,Разпореждане,1753,23.04.2026,ХРИСТИНА ИВАНОВА СЯРОВА - Съдия докладчик,
b7cc7144-b96b-426f-a9fa-6dc36ee940dc,03 април 2026,Заповед за изпълнение,651,30.07.2026,ХРИСТИНА ИВАНОВА СЯРОВА - Съдия докладчик,
f55ef1ae-86c9-4163-b4ea-7259d8b4d384,06 април 2026,Заповед за изпълнение,2966,,Борислава Петрова Борисова-Здравкова - Съдия докладчик,
f55ef1ae-86c9-4163-b4ea-7259d8b4d384,06 април 2026,Разпореждане,10225,06.04.2026,Борислава Петрова Борисова-Здравкова - Съдия докладчик,
ec1e0ddf-296f-4b45-b747-118d00309940,03 април 2026,Определение,266,16.04.2026,Марина Трифонова Цветкова - Съдия докладчик,
5dd0dff6-736f-42e5-8c8c-65af2f40b2c6,06 април 2026,Определение,771,23.04.2026,Биляна Росалинова Скорчовска Петкова - Съдия докладчик,
75910d1f-3eb8-432f-b327-b3d50d3f86da,03 септември 2026,Изпълнителен лист ЗП,292,03.09.2026,ПЕТЪР СИМЕОНОВ ПЕТРОВ - Съдия докладчик,
75910d1f-3eb8-432f-b327-b3d50d3f86da,07 април 2026,Заповед за изпълнение,84,17.07.2026,ПЕТЪР СИМЕОНОВ ПЕТРОВ - Съдия докладчик,
0c2e1ef9-2456-45fa-ac5d-4b2e07cdc7e5,03 април 2026,Разпореждане,167,03.04.2026,Янко Венциславов Чавеев - Съдия докладчик,
ff0764ab-ec7c-4c2c-9f80-f9ed1f321e19,03 юли 2026,Разпореждане,960,03.07.2026,МИХАИЛ ГЕОРГИЕВ МИХАЙЛОВ - Съдия докладчик,
ff0764ab-ec7c-4c2c-9f80-f9ed1f321e19,29 май 2026,Изпълнителен лист,392,29.05.2026,,
ff0764ab-ec7c-4c2c-9f80-f9ed1f321e19,29 май 2026,Изпълнителен лист,391,29.05.2026,,
ff0764ab-ec7c-4c2c-9f80-f9ed1f321e19,13 май 2026,Протокол,583,13.05.2026,ТОДОР СТОЙКОВ ТОДОРОВ - Съдия докладчик,
ff0764ab-ec7c-4c2c-9f80-f9ed1f321e19,12 май 2026,Определение,284,27.05.2026,ТОДОР СТОЙКОВ ТОДОРОВ - Съдия докладчик,
ff0764ab-ec7c-4c2c-9f80-f9ed1f321e19,28 април 2026,Разпореждане,638,28.04.2026,ТОДОР СТОЙКОВ ТОДОРОВ - Съдия докладчик,
ff0764ab-ec7c-4c2c-9f80-f9ed1f321e19,15 април 2026,Споразумение,121,15.04.2026,ТОДОР СТОЙКОВ ТОДОРОВ - Съдия докладчик,
ff0764ab-ec7c-4c2c-9f80-f9ed1f321e19,08 април 2026,Протокол,448,08.04.2026,ТОДОР СТОЙКОВ ТОДОРОВ - Съдия докладчик,
ff0764ab-ec7c-4c2c-9f80-f9ed1f321e19,06 април 2026,Разпореждане,498,06.04.2026,ТОДОР СТОЙКОВ ТОДОРОВ - Съдия докладчик,
11299a44-0af0-48be-8a6b-e1fced069d38,24 юли 2026,Разпореждане,5032,24.07.2026,Иван Режев - Съдия докладчик,
11299a44-0af0-48be-8a6b-e1fced069d38,29 май 2026,Разпореждане,3404,,Иван Режев - Съдия докладчик,
11299a44-0af0-48be-8a6b-e1fced069d38,06 април 2026,Разпореждане,2091,06.04.2026,Иван Режев - Съдия докладчик,
6b85c7a1-20a4-48d5-8055-7a38df9a7932,14 април 2026,Заповед за изпълнение,399,,Сийка Златанова - Съдия докладчик,
d7786679-f2ef-4a2d-897f-08102f2760c6,29 май 2026,Изпълнителен лист ЗП,207,29.05.2026,Вяра Петракиева - Велинова - Съдия докладчик,
d7786679-f2ef-4a2d-897f-08102f2760c6,29 май 2026,Разпореждане,1445,,Вяра Петракиева - Велинова - Съдия докладчик,
d7786679-f2ef-4a2d-897f-08102f2760c6,11 април 2026,Заповед за изпълнение,220,22.05.2026,Вяра Петракиева - Велинова - Съдия докладчик,
d7786679-f2ef-4a2d-897f-08102f2760c6,11 април 2026,Разпореждане,998,29.04.2026,Вяра Петракиева - Велинова - Съдия докладчик,
d7786679-f2ef-4a2d-897f-08102f2760c6,03 април 2026,Разпореждане,909,03.04.2026,Вяра Петракиева - Велинова - Съдия докладчик,
d68dfcf4-b042-4e01-b128-d986cc15f561,01 септември 2026,Разпореждане,6342,01.09.2026,Иванка Димитрова Дрингова - Съдия докладчик,
d68dfcf4-b042-4e01-b128-d986cc15f561,17 август 2026,Разпореждане,5946,17.08.2026,Николай Свиленов Стоянов - Съдия докладчик,
d68dfcf4-b042-4e01-b128-d986cc15f561,17 юли 2026,Решение,786,,Константин Димитров Иванов - Председател Николай Свиленов Стоянов - Съдия докладчик Златина Иванова Кавърджикова - Член,
d68dfcf4-b042-4e01-b128-d986cc15f561,01 юли 2026,Протокол,1002,01.07.2026,Константин Димитров Иванов - Председател Николай Свиленов Стоянов - Съдия докладчик Златина Иванова Кавърджикова - Член,
d68dfcf4-b042-4e01-b128-d986cc15f561,08 май 2026,Определение,2222,08.05.2026,Константин Димитров Иванов - Председател Николай Свиленов Стоянов - Съдия докладчик Златина Иванова Кавърджикова - Член,
d68dfcf4-b042-4e01-b128-d986cc15f561,07 май 2026,Разпореждане,3174,07.05.2026,Николай Свиленов Стоянов - Съдия докладчик,
d68dfcf4-b042-4e01-b128-d986cc15f561,05 май 2026,Разпореждане,3145,05.05.2026,Николай Свиленов Стоянов - Съдия докладчик,
d68dfcf4-b042-4e01-b128-d986cc15f561,02 май 2026,Определение,2125,02.05.2026,Константин Димитров Иванов - Председател Николай Свиленов Стоянов - Съдия докладчик Златина Иванова Кавърджикова - Член,
d68dfcf4-b042-4e01-b128-d986cc15f561,07 април 2026,Определение,1727,07.04.2026,Константин Димитров Иванов - Председател Николай Свиленов Стоянов - Съдия докладчик Златина Иванова Кавърджикова - Член,
6de0d32c-104c-49da-b044-63baf88ebab3,03 април 2026,Разпореждане,166,03.04.2026,Янко Венциславов Чавеев - Съдия докладчик,
e24e9e24-858e-4b1c-9a4d-7f25d054f322,17 юни 2026,Разпореждане,1447,17.06.2026,ЦВЕТОМИРА ГЕОРГИЕВА ВЕЛЧЕВА - Съдия докладчик,
e24e9e24-858e-4b1c-9a4d-7f25d054f322,05 април 2026,Разпореждане,593,22.04.2026,ЦВЕТОМИРА ГЕОРГИЕВА ВЕЛЧЕВА - Съдия докладчик,
e24e9e24-858e-4b1c-9a4d-7f25d054f322,05 април 2026,Заповед за изпълнение,103,21.07.2026,ЦВЕТОМИРА ГЕОРГИЕВА ВЕЛЧЕВА - Съдия докладчик,
25f5d8e8-6e26-4a55-944e-dbed1d25052a,03 април 2026,Разпореждане,165,03.04.2026,Янко Венциславов Чавеев - Съдия докладчик,
e24e921f-9e5d-4ea7-bf3d-d648efd00a0c,01 юли 2026,Изпълнителен лист ЗП,241,01.07.2026,Илияна Росенова Ферева - Зелева - Съдия докладчик,
e24e921f-9e5d-4ea7-bf3d-d648efd00a0c,01 юли 2026,Разпореждане,1205,01.07.2026,Илияна Росенова Ферева - Зелева - Съдия докладчик,
e24e921f-9e5d-4ea7-bf3d-d648efd00a0c,12 май 2026,Разпореждане,839,12.05.2026,Илияна Росенова Ферева - Зелева - Съдия докладчик,
e24e921f-9e5d-4ea7-bf3d-d648efd00a0c,08 май 2026,Разпореждане,823,08.05.2026,Илияна Росенова Ферева - Зелева - Съдия докладчик,
e24e921f-9e5d-4ea7-bf3d-d648efd00a0c,08 април 2026,Заповед за изпълнение,183,23.06.2026,Илияна Росенова Ферева - Зелева - Съдия докладчик,
334582f1-9452-48af-be0c-1c7ad117f80c,11 юли 2026,Определение,2426,11.07.2026,Стелла Светозарова Моллова - Съдия докладчик,
334582f1-9452-48af-be0c-1c7ad117f80c,21 май 2026,Разпореждане,15039,21.05.2026,Стелла Светозарова Моллова - Съдия докладчик,
334582f1-9452-48af-be0c-1c7ad117f80c,04 април 2026,Заповед за изпълнение,2948,,Стелла Светозарова Моллова - Съдия докладчик,
334582f1-9452-48af-be0c-1c7ad117f80c,04 април 2026,Разпореждане,10174,04.04.2026,Стелла Светозарова Моллова - Съдия докладчик,
fedd51a1-f911-42ec-8a7c-5bf8cf41da45,15 април 2026,Разпореждане,3308,01.05.2026,Надя Георгиева Славова - Съдия докладчик,
fedd51a1-f911-42ec-8a7c-5bf8cf41da45,04 април 2026,Разпореждане,3020,04.04.2026,Надя Георгиева Славова - Съдия докладчик,
a9f5d3af-8a31-4c00-b223-ec973279ba28,08 април 2026,Определение,1076,08.04.2026,Ивайло Христов Родопски - Председател Николай Светлинов Василев - Съдия докладчик Катерина Въткова Ненова - Член,
d10f1c1c-d6d9-48e3-995f-cd18181a6e87,07 април 2026,Заповед за изпълнение,738,,Лилия Йорданова Любенова Димитрова - Съдия докладчик,
2c5da6d8-0083-4fc6-ba61-5ec4341df7d6,03 април 2026,Разпореждане,164,03.04.2026,Янко Венциславов Чавеев - Съдия докладчик,
f325e8a1-fbdd-42f6-aa2f-cfc4a8b7b762,20 юли 2026,Разпореждане,2976,04.08.2026,Антон Еленков Антов - Съдия докладчик,
f325e8a1-fbdd-42f6-aa2f-cfc4a8b7b762,03 юни 2026,Разпореждане,2217,03.06.2026,Антон Еленков Антов - Съдия докладчик,
f325e8a1-fbdd-42f6-aa2f-cfc4a8b7b762,03 юни 2026,Разпореждане,2216,03.06.2026,Антон Еленков Антов - Съдия докладчик,
f325e8a1-fbdd-42f6-aa2f-cfc4a8b7b762,04 май 2026,Разпореждане,1697,04.05.2026,Антон Еленков Антов - Съдия докладчик,
f325e8a1-fbdd-42f6-aa2f-cfc4a8b7b762,03 април 2026,Заповед за изпълнение,392,,Божидарка Данчова Йосифова - Съдия докладчик,
8326e5fe-50f0-4068-9519-6faea2b55ca4,05 август 2026,Разпореждане,5661,05.08.2026,Златина Иванова Кавърджикова - Съдия докладчик,
8326e5fe-50f0-4068-9519-6faea2b55ca4,27 юли 2026,Разпореждане,5409,27.07.2026,Златина Иванова Кавърджикова - Съдия докладчик,
8326e5fe-50f0-4068-9519-6faea2b55ca4,10 юни 2026,Разпореждане,4120,10.06.2026,Златина Иванова Кавърджикова - Съдия докладчик,
8326e5fe-50f0-4068-9519-6faea2b55ca4,04 юни 2026,Решение,594,04.06.2026,Златина Иванова Кавърджикова - Съдия докладчик Константин Димитров Иванов - Член Николай Свиленов Стоянов - Член,
8326e5fe-50f0-4068-9519-6faea2b55ca4,08 май 2026,Протокол,700,08.05.2026,Златина Иванова Кавърджикова - Съдия докладчик Константин Димитров Иванов - Член Николай Свиленов Стоянов - Член,
8326e5fe-50f0-4068-9519-6faea2b55ca4,07 април 2026,Разпореждане,2488,07.04.2026,Златина Иванова Кавърджикова - Съдия докладчик,
8326e5fe-50f0-4068-9519-6faea2b55ca4,03 април 2026,Определение,1691,03.04.2026,Константин Димитров Иванов - Председател Златина Иванова Кавърджикова - Съдия докладчик Николай Свиленов Стоянов - Член,
5cc8bdf8-e4b5-4cb1-acad-2098b74ca00c,23 април 2026,Определение,4753,23.04.2026,Мариана Шотева - Докладчик Светомир Бабаков - Член на състава Мариана Михайлова - Член на състава,
f3df3067-4d7d-4e03-922a-3ce62f5ce20b,14 април 2026,Разпореждане,10840,14.04.2026,НЕДА НЕДЕЛЧЕВА ТАБАНДЖОВА ЗАРКОВА - Съдия докладчик,
f3df3067-4d7d-4e03-922a-3ce62f5ce20b,03 април 2026,Заповед за изпълнение,2902,,НЕДА НЕДЕЛЧЕВА ТАБАНДЖОВА ЗАРКОВА - Съдия докладчик,
f3df3067-4d7d-4e03-922a-3ce62f5ce20b,03 април 2026,Разпореждане,10080,03.04.2026,НЕДА НЕДЕЛЧЕВА ТАБАНДЖОВА ЗАРКОВА - Съдия докладчик,
ae11a401-350f-4aee-8bde-b2f2deac98a3,03 април 2026,Разпореждане,163,03.04.2026,Янко Венциславов Чавеев - Съдия докладчик,
886e0cff-7c9d-4f16-b746-389ce5943e73,21 септември 2026,Разпореждане,2505,21.09.2026,Симеон Горанов Гюров - Съдия докладчик,
886e0cff-7c9d-4f16-b746-389ce5943e73,04 август 2026,Разпореждане,1866,04.08.2026,Симеон Горанов Гюров - Съдия докладчик,
886e0cff-7c9d-4f16-b746-389ce5943e73,22 юни 2026,Разпореждане,1513,22.06.2026,Симеон Горанов Гюров - Съдия докладчик,
886e0cff-7c9d-4f16-b746-389ce5943e73,22 юни 2026,Разпореждане,1504,22.06.2026,Симеон Горанов Гюров - Съдия докладчик,
886e0cff-7c9d-4f16-b746-389ce5943e73,03 април 2026,Заповед за изпълнение,421,,Симеон Горанов Гюров - Съдия докладчик,
a56acbb9-71d8-497a-8597-8395f19e901c,03 август 2026,Изпълнителен лист ЗП,872,03.08.2026,Свилен Жеков - Съдия докладчик,
a56acbb9-71d8-497a-8597-8395f19e901c,03 август 2026,Разпореждане,5308,,Свилен Жеков - Съдия докладчик,
a56acbb9-71d8-497a-8597-8395f19e901c,03 април 2026,Заповед за изпълнение,289,,Свилен Жеков - Съдия докладчик,
b20391a0-0fe1-435c-8246-e4efabd91f91,01 юни 2026,Определение,901,25.06.2026,Галина Чавдарова - Съдия докладчик,
b20391a0-0fe1-435c-8246-e4efabd91f91,03 април 2026,Разпореждане,2049,03.04.2026,Галина Чавдарова - Съдия докладчик,
d9b3a4fb-3cd1-473f-949b-7bafb9510785,22 май 2026,Изпълнителен лист ЗП,278,22.05.2026,Цонка Тодорова Миткова - Съдия докладчик,
d9b3a4fb-3cd1-473f-949b-7bafb9510785,06 април 2026,Заповед за изпълнение,431,21.05.2026,Цонка Тодорова Миткова - Съдия докладчик,
d9b3a4fb-3cd1-473f-949b-7bafb9510785,06 април 2026,Разпореждане,811,06.04.2026,Цонка Тодорова Миткова - Съдия докладчик,
dccd1f57-ed02-40c4-a8b2-e7d31ded99c3,23 септември 2026,Разпореждане,2218,23.09.2026,Силвия Тодорова Евстатиева - Съдия докладчик,
dccd1f57-ed02-40c4-a8b2-e7d31ded99c3,10 септември 2026,Разпореждане,2081,10.09.2026,Силвия Тодорова Евстатиева - Съдия докладчик,
dccd1f57-ed02-40c4-a8b2-e7d31ded99c3,24 юли 2026,Разпореждане,1702,24.07.2026,Силвия Тодорова Евстатиева - Съдия докладчик,
dccd1f57-ed02-40c4-a8b2-e7d31ded99c3,28 април 2026,Разпореждане,946,28.04.2026,Силвия Тодорова Евстатиева - Съдия докладчик,
dccd1f57-ed02-40c4-a8b2-e7d31ded99c3,03 април 2026,Разпореждане,673,03.04.2026,Силвия Тодорова Евстатиева - Съдия докладчик,
3fa40a40-bcb1-45d0-9571-5798b961e101,03 април 2026,Разпореждане,162,03.04.2026,Янко Венциславов Чавеев - Съдия докладчик,
0a2733a4-ab29-4dd0-8daf-2e87a02e71f7,09 април 2026,Споразумение,149,09.04.2026,Христо Ангелов - Съдия докладчик,
0a2733a4-ab29-4dd0-8daf-2e87a02e71f7,03 април 2026,Разпореждане,996,03.04.2026,Христо Ангелов - Съдия докладчик,
2dfbbba6-d09f-4add-babb-79edd307f8c6,29 юни 2026,Определение,1372,14.07.2026,ДИАНА РАДЕВА - Съдия докладчик,
2dfbbba6-d09f-4add-babb-79edd307f8c6,14 май 2026,Разпореждане,2337,14.05.2026,ДИАНА РАДЕВА - Съдия докладчик,
2dfbbba6-d09f-4add-babb-79edd307f8c6,03 април 2026,Заповед за изпълнение,427,03.04.2026,ДИАНА РАДЕВА - Съдия докладчик,
c0afaad1-c444-4e4a-b791-1efa6749bbd3,06 юли 2026,Определение,703,29.07.2026,Жулиета Цонева Стоянова - Съдия докладчик,
c0afaad1-c444-4e4a-b791-1efa6749bbd3,04 април 2026,Разпореждане,1261,22.04.2026,Жулиета Цонева Стоянова - Съдия докладчик,
2bb61880-79fe-4fdf-8cae-d9dd1fd5b424,20 април 2026,Разпореждане,772,05.05.2026,Владислав Емирски - Съдия докладчик,
2bb61880-79fe-4fdf-8cae-d9dd1fd5b424,03 април 2026,Разпореждане,664,03.04.2026,Владислав Емирски - Съдия докладчик,
c56ccb96-6ea2-4824-8460-5bc0ab90e159,15 септември 2026,Изпълнителен лист ЗП,6131,15.09.2026,ЛОРА РАНГЕЛОВА СТЕФАНОВА - Съдия докладчик,
c56ccb96-6ea2-4824-8460-5bc0ab90e159,15 септември 2026,Разпореждане,27007,15.09.2026,ЛОРА РАНГЕЛОВА СТЕФАНОВА - Съдия докладчик,
c56ccb96-6ea2-4824-8460-5bc0ab90e159,12 юни 2026,Разпореждане,17454,12.06.2026,ЛОРА РАНГЕЛОВА СТЕФАНОВА - Съдия докладчик,
c56ccb96-6ea2-4824-8460-5bc0ab90e159,03 април 2026,Заповед за изпълнение,2917,,ЛОРА РАНГЕЛОВА СТЕФАНОВА - Съдия докладчик,
c56ccb96-6ea2-4824-8460-5bc0ab90e159,03 април 2026,Разпореждане,10092,03.04.2026,ЛОРА РАНГЕЛОВА СТЕФАНОВА - Съдия докладчик,
1caa2292-cabe-4fc4-96ce-10d3a7afceb4,31 август 2026,Определение,459,16.09.2026,Мария Вангелова Грунова - Съдия докладчик,
1caa2292-cabe-4fc4-96ce-10d3a7afceb4,24 август 2026,Разпореждане,3298,24.08.2026,Мария Вангелова Грунова - Съдия докладчик,
1caa2292-cabe-4fc4-96ce-10d3a7afceb4,01 юни 2026,Разпореждане,2142,01.06.2026,Мария Вангелова Грунова - Съдия докладчик,
1caa2292-cabe-4fc4-96ce-10d3a7afceb4,22 април 2026,Разпореждане,1638,22.04.2026,Мария Вангелова Грунова - Съдия докладчик,
1caa2292-cabe-4fc4-96ce-10d3a7afceb4,03 април 2026,Заповед за изпълнение,526,,Мария Вангелова Грунова - Съдия докладчик,
4dcf5a3a-8181-40f3-bfed-c9e5d8b79fa9,26 юни 2026,Решение,669,26.06.2026,Мирела Огнянова Кацарска - Председател Весела Гълъбова - Съдия докладчик мл.с. Ива Благомилова Благоева - Член,
4dcf5a3a-8181-40f3-bfed-c9e5d8b79fa9,28 май 2026,Протокол,810,28.05.2026,Мирела Огнянова Кацарска - Председател Весела Гълъбова - Съдия докладчик мл.с. Ива Благомилова Благоева - Член,
4dcf5a3a-8181-40f3-bfed-c9e5d8b79fa9,13 май 2026,Определение,2307,13.05.2026,Мирела Огнянова Кацарска - Председател Весела Гълъбова - Съдия докладчик мл.с. Ива Благомилова Благоева - Член,
ef39b959-4f87-401d-b384-13a452324dde,10 август 2026,Разпореждане,1959,,Вяра Петракиева - Велинова - Съдия докладчик,
ef39b959-4f87-401d-b384-13a452324dde,10 август 2026,Изпълнителен лист ЗП,340,10.08.2026,Вяра Петракиева - Велинова - Съдия докладчик,
ef39b959-4f87-401d-b384-13a452324dde,05 май 2026,Разпореждане,1323,05.05.2026,Вяра Петракиева - Велинова - Съдия докладчик,
ef39b959-4f87-401d-b384-13a452324dde,04 май 2026,Разпореждане,1303,04.05.2026,Вяра Петракиева - Велинова - Съдия докладчик,
ef39b959-4f87-401d-b384-13a452324dde,04 май 2026,Заповед за изпълнение,334,04.08.2026,Вяра Петракиева - Велинова - Съдия докладчик,
ef39b959-4f87-401d-b384-13a452324dde,04 май 2026,Разпореждане,1289,04.05.2026,Вяра Петракиева - Велинова - Съдия докладчик,
ef39b959-4f87-401d-b384-13a452324dde,05 април 2026,Разпореждане,920,05.04.2026,Вяра Петракиева - Велинова - Съдия докладчик,
1632429b-9aae-4db9-af57-18e6263aec1e,22 юни 2026,Решение,7399,22.06.2026,Йордан Русев - Докладчик Николай Ингилизов - Член на състава Дани Каназирева - Член на състава,
1632429b-9aae-4db9-af57-18e6263aec1e,06 април 2026,Определение,4049,,Йордан Русев - Докладчик,
74ff5877-6208-4460-99ed-41fc713adc64,03 април 2026,Заповед за изпълнение,1190,,ВАЛЯ МЛАДЕНОВА - Съдия докладчик,
72cbd816-ae04-4cd0-baf0-afe1eb77ac19,22 юли 2026,Разпореждане,1676,22.07.2026,Станислав Иванов Цветков - Съдия докладчик,
72cbd816-ae04-4cd0-baf0-afe1eb77ac19,20 юли 2026,Разпореждане,1631,20.07.2026,Станислав Иванов Цветков - Съдия докладчик,
72cbd816-ae04-4cd0-baf0-afe1eb77ac19,03 април 2026,Заповед за изпълнение,151,03.04.2026,Станислав Иванов Цветков - Съдия докладчик,
72cbd816-ae04-4cd0-baf0-afe1eb77ac19,03 април 2026,Разпореждане,577,,Станислав Иванов Цветков - Съдия докладчик,
7c0f5416-b263-4a93-8dab-b7d434cd24ad,22 юни 2026,Разпореждане,568,22.06.2026,Емил Василев Николаев - Съдия докладчик,
7c0f5416-b263-4a93-8dab-b7d434cd24ad,28 май 2026,Разпореждане,434,28.05.2026,Емил Василев Николаев - Съдия докладчик,
7c0f5416-b263-4a93-8dab-b7d434cd24ad,21 април 2026,Разпореждане,285,21.04.2026,Николай Костадинов Кънчев - Съдия докладчик,
7c0f5416-b263-4a93-8dab-b7d434cd24ad,14 април 2026,Разпореждане,230,14.04.2026,Емил Василев Николаев - Съдия докладчик,
7c0f5416-b263-4a93-8dab-b7d434cd24ad,03 април 2026,Заповед за изпълнение,36,,Емил Василев Николаев - Съдия докладчик,
a91c5abf-53ed-4ccc-83ef-fea6f114c2c1,03 април 2026,Заповед за изпълнение,372,,Динко Минчев Динков - Съдия докладчик,
95a47c21-5493-495f-ae97-6a415ab63233,14 май 2026,Решение,518,14.05.2026,Ирена Николова Петкова - Съдия докладчик мл.с. Бойко Александров Мачорски - Член Ивелина Владова - Член,
95a47c21-5493-495f-ae97-6a415ab63233,22 април 2026,Протокол,617,22.04.2026,Ирена Николова Петкова - Съдия докладчик мл.с. Бойко Александров Мачорски - Член Ивелина Владова - Член,
95a47c21-5493-495f-ae97-6a415ab63233,14 април 2026,Определение,1782,14.04.2026,Ирена Николова Петкова - Съдия докладчик мл.с. Бойко Александров Мачорски - Член Ивелина Владова - Член,
2bb549c3-6081-41df-8d16-7d8d4fee10e1,14 април 2026,Определение,1102,,Ирина Петрова - Съдия докладчик Мария Бойчева - Член Десислава Добрева - Член,
3bf5af87-00f6-41cd-83c2-de7096ca96b6,20 април 2026,Споразумение,159,20.04.2026,Росен Чиликов - Съдия докладчик,
3bf5af87-00f6-41cd-83c2-de7096ca96b6,08 април 2026,Разпореждане,1035,08.04.2026,Росен Чиликов - Съдия докладчик,
3bf5af87-00f6-41cd-83c2-de7096ca96b6,07 април 2026,Разпореждане,1017,07.04.2026,Росен Чиликов - Съдия докладчик,
5b15ca64-caaf-4c4b-a39e-133da1983f4c,26 май 2026,Изпълнителен лист ЗП,176,26.05.2026,Стойка Георгиева Манолова Стойкова - Съдия докладчик,
5b15ca64-caaf-4c4b-a39e-133da1983f4c,03 април 2026,Заповед за изпълнение,179,14.05.2026,Стойка Георгиева Манолова Стойкова - Съдия докладчик,
6ac766d5-399f-41ee-89c4-588cccd34c83,10 август 2026,Изпълнителен лист ЗП,338,10.08.2026,Вяра Петракиева - Велинова - Съдия докладчик,
6ac766d5-399f-41ee-89c4-588cccd34c83,10 август 2026,Разпореждане,1956,,Вяра Петракиева - Велинова - Съдия докладчик,
6ac766d5-399f-41ee-89c4-588cccd34c83,10 юни 2026,Разпореждане,1559,10.06.2026,Вяра Петракиева - Велинова - Съдия докладчик,
6ac766d5-399f-41ee-89c4-588cccd34c83,27 април 2026,Разпореждане,1199,27.04.2026,Вяра Петракиева - Велинова - Съдия докладчик,
6ac766d5-399f-41ee-89c4-588cccd34c83,26 април 2026,Разпореждане,1192,26.04.2026,Вяра Петракиева - Велинова - Съдия докладчик,
6ac766d5-399f-41ee-89c4-588cccd34c83,13 април 2026,Заповед за изпълнение,226,04.08.2026,Вяра Петракиева - Велинова - Съдия докладчик,
6ac766d5-399f-41ee-89c4-588cccd34c83,13 април 2026,Разпореждане,1006,29.04.2026,Вяра Петракиева - Велинова - Съдия докладчик,
6ac766d5-399f-41ee-89c4-588cccd34c83,03 април 2026,Разпореждане,908,03.04.2026,Вяра Петракиева - Велинова - Съдия докладчик,
c4a3e587-c4eb-4c9b-aa29-6e1951694f6a,05 април 2026,Разпореждане,1026,05.04.2026,Мина Цветанова Павлова - Съдия докладчик,
9e61463b-043b-4967-821f-5829b78a76c9,21 август 2026,Определение,1835,16.09.2026,Магдалена Бориславова Младенова-Стоева - Съдия докладчик,
9e61463b-043b-4967-821f-5829b78a76c9,20 май 2026,Разпореждане,5594,20.05.2026,Магдалена Бориславова Младенова-Стоева - Съдия докладчик,
9e61463b-043b-4967-821f-5829b78a76c9,24 април 2026,Разпореждане,4448,24.04.2026,Магдалена Бориславова Младенова-Стоева - Съдия докладчик,
9e61463b-043b-4967-821f-5829b78a76c9,06 април 2026,Заповед за изпълнение,2281,,Магдалена Бориславова Младенова-Стоева - Съдия докладчик,
97ca0967-d6d5-430f-99d6-c5549d4eda90,05 април 2026,Разпореждане,604,22.04.2026,ИВАНЕТА ЙОРДАНОВА МИТОВА - Съдия докладчик,
b2ba3f9e-e61e-4107-b863-24230220bbb4,27 април 2026,Определение,2032,27.04.2026,Константин Димитров Иванов - Председател Николай Свиленов Стоянов - Съдия докладчик Златина Иванова Кавърджикова - Член,
e1265a72-b7c0-4274-9180-059c92fbd327,02 октомври 2026,Определение,1993,,КЕТИ МИХОВА КОСЕВА - Съдия докладчик,
e1265a72-b7c0-4274-9180-059c92fbd327,22 юни 2026,Разпореждане,4384,27.07.2026,КЕТИ МИХОВА КОСЕВА - Съдия докладчик,
e1265a72-b7c0-4274-9180-059c92fbd327,16 юни 2026,Разпореждане,4245,16.06.2026,КЕТИ МИХОВА КОСЕВА - Съдия докладчик,
e1265a72-b7c0-4274-9180-059c92fbd327,04 май 2026,Разпореждане,2873,04.05.2026,КЕТИ МИХОВА КОСЕВА - Съдия докладчик,
e1265a72-b7c0-4274-9180-059c92fbd327,04 май 2026,Разпореждане,2872,04.05.2026,КЕТИ МИХОВА КОСЕВА - Съдия докладчик,
e1265a72-b7c0-4274-9180-059c92fbd327,08 април 2026,Заповед за изпълнение,839,,КЕТИ МИХОВА КОСЕВА - Съдия докладчик,
1d43fe8d-00df-4031-beb2-33f4fd05a32d,05 юни 2026,Изпълнителен лист ЗП,1531,05.06.2026,Калин Георгиев Колешански - Съдия докладчик,
1d43fe8d-00df-4031-beb2-33f4fd05a32d,05 юни 2026,Разпореждане,5963,05.06.2026,Калин Георгиев Колешански - Съдия докладчик,
1d43fe8d-00df-4031-beb2-33f4fd05a32d,03 април 2026,Заповед за изпълнение,1322,,Калин Георгиев Колешански - Съдия докладчик,
795b0346-cdf6-4865-8ea7-cba2fbd352f5,29 май 2026,Разпореждане,2546,29.05.2026,Ъшъл Лютфи Ириева - Съдия докладчик,
795b0346-cdf6-4865-8ea7-cba2fbd352f5,06 април 2026,Заповед за изпълнение,455,,Ъшъл Лютфи Ириева - Съдия докладчик,
9be22542-9925-45e1-8d5f-da40eb16fc14,03 април 2026,Определение,559,15.04.2026,Пламен Атанасов Атанасов - Съдия докладчик,
d200a9eb-e7d7-4429-be46-8dde03161a63,06 април 2026,Заповед за изпълнение,2970,,Ивайло Юлианов Колев - Съдия докладчик,
d200a9eb-e7d7-4429-be46-8dde03161a63,03 април 2026,Разпореждане,10155,03.04.2026,Ивайло Юлианов Колев - Съдия докладчик,
0a540f45-2789-4281-868a-332d262c936e,07 юли 2026,Изпълнителен лист ЗП,165,07.07.2026,Теодора Богомилова Стоянова - Съдия докладчик,
0a540f45-2789-4281-868a-332d262c936e,07 юли 2026,Разпореждане,1180,28.07.2026,Теодора Богомилова Стоянова - Съдия докладчик,
0a540f45-2789-4281-868a-332d262c936e,22 май 2026,Разпореждане,823,22.05.2026,Теодора Богомилова Стоянова - Съдия докладчик,
0a540f45-2789-4281-868a-332d262c936e,03 април 2026,Заповед за изпълнение,113,03.07.2026,Теодора Богомилова Стоянова - Съдия докладчик,
561bedc7-ecf4-408c-8223-d39af596f787,03 септември 2026,Разпореждане,4259,03.09.2026,Даниела Йорданова Банкова - Съдия докладчик,
561bedc7-ecf4-408c-8223-d39af596f787,17 юни 2026,Разпореждане,2805,17.06.2026,Даниела Йорданова Банкова - Съдия докладчик,
561bedc7-ecf4-408c-8223-d39af596f787,07 април 2026,Заповед за изпълнение,315,07.04.2026,Даниела Йорданова Банкова - Съдия докладчик,
cf2a07e4-f220-4226-b25b-048d413b1fe1,09 април 2026,Споразумение,150,09.04.2026,Цветислава Стайкова - Съдия докладчик,
cf2a07e4-f220-4226-b25b-048d413b1fe1,06 април 2026,Разпореждане,1005,06.04.2026,Цветислава Стайкова - Съдия докладчик,
00da29f0-2850-4365-bf48-4522a39bef30,21 септември 2026,Изпълнителен лист ЗП,1038,21.09.2026,Живко Павлов Георгиев - Съдия докладчик,
00da29f0-2850-4365-bf48-4522a39bef30,06 април 2026,Заповед за изпълнение,502,16.06.2026,Живко Павлов Георгиев - Съдия докладчик,
9cd0d972-6860-4667-bfb4-a5f6d2d44e8a,15 април 2026,Заповед за изпълнение,408,,Райна Русева - Съдия докладчик,
e8c745bb-652a-4c8c-8013-ca29132dcc76,21 април 2026,Разпореждане,1509,06.05.2026,Анна Иванова Кайтазка - Съдия докладчик,
e8c745bb-652a-4c8c-8013-ca29132dcc76,03 април 2026,Разпореждане,1274,03.04.2026,Анна Иванова Кайтазка - Съдия докладчик,
817791e1-2774-4bfe-a24e-20483f1fc6c2,08 май 2026,Определение,2213,08.05.2026,Мирела Огнянова Кацарска - Председател мл.с. Ива Благомилова Благоева - Съдия докладчик Ивелина Владова - Член,
4b8959dd-d9aa-405d-8f4b-e348c4faf34c,10 юли 2026,Определение,1511,22.07.2026,Мирослав Данаилов Досов - Съдия докладчик,
4b8959dd-d9aa-405d-8f4b-e348c4faf34c,15 май 2026,Разпореждане,5318,15.05.2026,Мирослав Данаилов Досов - Съдия докладчик,
4b8959dd-d9aa-405d-8f4b-e348c4faf34c,21 април 2026,Заповед за изпълнение,2721,,Мирослав Данаилов Досов - Съдия докладчик,
3de36384-cbcb-469a-b325-3df63942c958,28 май 2026,Решение,6220,28.05.2026,Величка Георгиева - Докладчик Анелия Харитева - Председател Мария Николова - Член на състава,
3de36384-cbcb-469a-b325-3df63942c958,15 април 2026,Разпореждане,4386,,Величка Георгиева - Докладчик,
5f2ea430-7684-4090-9e45-b2c8d2c2f822,06 април 2026,Разпореждане,341,06.04.2026,Стойка Илиева Янева - Съдия докладчик,
230670fe-17a3-49f2-bc4c-6b9b8fdcc1ee,13 май 2026,Определение,199,13.05.2026,Цветомир Цаков Цветанов - Съдия докладчик,
230670fe-17a3-49f2-bc4c-6b9b8fdcc1ee,03 април 2026,Разпореждане,674,03.04.2026,Цветомир Цаков Цветанов - Съдия докладчик,
925327d6-856a-4121-9588-bc71b221f786,13 май 2026,Определение,200,13.05.2026,Цветомир Цаков Цветанов - Съдия докладчик,
925327d6-856a-4121-9588-bc71b221f786,03 април 2026,Разпореждане,671,03.04.2026,Цветомир Цаков Цветанов - Съдия докладчик,
049a9d28-41c2-4e6e-9a1a-468e2a79b7da,27 май 2026,Изпълнителен лист ЗП,296,27.05.2026,Огнян Христов Гълъбов - Съдия докладчик,
049a9d28-41c2-4e6e-9a1a-468e2a79b7da,27 май 2026,Разпореждане,1366,27.05.2026,Огнян Христов Гълъбов - Съдия докладчик,
049a9d28-41c2-4e6e-9a1a-468e2a79b7da,14 май 2026,Разпореждане,1221,14.05.2026,Огнян Христов Гълъбов - Съдия докладчик,
049a9d28-41c2-4e6e-9a1a-468e2a79b7da,30 април 2026,Разпореждане,1091,30.04.2026,Огнян Христов Гълъбов - Съдия докладчик,
049a9d28-41c2-4e6e-9a1a-468e2a79b7da,22 април 2026,Разпореждане,1023,22.04.2026,Огнян Христов Гълъбов - Съдия докладчик,
049a9d28-41c2-4e6e-9a1a-468e2a79b7da,03 април 2026,Заповед за изпълнение,199,23.05.2026,Огнян Христов Гълъбов - Съдия докладчик,
d28cd95c-bbcf-4a06-9e75-3a89a97cdc93,25 юни 2026,Разпореждане,1708,12.08.2026,Вяра Петракиева - Велинова - Съдия докладчик,
d28cd95c-bbcf-4a06-9e75-3a89a97cdc93,08 май 2026,Разпореждане,1334,08.05.2026,Вяра Петракиева - Велинова - Съдия докладчик,
d28cd95c-bbcf-4a06-9e75-3a89a97cdc93,13 април 2026,Заповед за изпълнение,227,,Вяра Петракиева - Велинова - Съдия докладчик,
d28cd95c-bbcf-4a06-9e75-3a89a97cdc93,13 април 2026,Разпореждане,1007,29.04.2026,Вяра Петракиева - Велинова - Съдия докладчик,
d28cd95c-bbcf-4a06-9e75-3a89a97cdc93,03 април 2026,Разпореждане,907,03.04.2026,Вяра Петракиева - Велинова - Съдия докладчик,
9c37ebb3-9bc8-4f68-9364-697aa88cbe31,25 юни 2026,Изпълнителен лист ЗП,680,25.06.2026,Лилия Методиева Ненова - Съдия докладчик,
9c37ebb3-9bc8-4f68-9364-697aa88cbe31,25 юни 2026,Разпореждане,3074,,Лилия Методиева Ненова - Съдия докладчик,
9c37ebb3-9bc8-4f68-9364-697aa88cbe31,08 май 2026,Разпореждане,2018,08.05.2026,Лилия Методиева Ненова - Съдия докладчик,
9c37ebb3-9bc8-4f68-9364-697aa88cbe31,08 май 2026,Разпореждане,2017,08.05.2026,Лилия Методиева Ненова - Съдия докладчик,
9c37ebb3-9bc8-4f68-9364-697aa88cbe31,06 април 2026,Заповед за изпълнение,470,,Лилия Методиева Ненова - Съдия докладчик,
9c37ebb3-9bc8-4f68-9364-697aa88cbe31,06 април 2026,Разпореждане,1521,,Лилия Методиева Ненова - Съдия докладчик,
691bbcb6-d50f-408e-9068-4b8d5031fabf,28 април 2026,Разпореждане,1613,28.04.2026,Жаклин Георгиева Димитрова Алексиева - Съдия докладчик,
691bbcb6-d50f-408e-9068-4b8d5031fabf,03 април 2026,Заповед за изпълнение,511,,Жаклин Георгиева Димитрова Алексиева - Съдия докладчик,
691bbcb6-d50f-408e-9068-4b8d5031fabf,03 април 2026,Разпореждане,1328,03.04.2026,Жаклин Георгиева Димитрова Алексиева - Съдия докладчик,
a4493e2c-42a8-42c9-8e90-be49b843b06c,21 юли 2026,Определение,2461,21.07.2026,Зара Ехия Иванова - Съдия докладчик,
a4493e2c-42a8-42c9-8e90-be49b843b06c,26 май 2026,Разпореждане,5520,26.05.2026,Зара Ехия Иванова - Съдия докладчик,
a4493e2c-42a8-42c9-8e90-be49b843b06c,03 април 2026,Заповед за изпълнение,1328,,Зара Ехия Иванова - Съдия докладчик,
3489a53a-e039-4f4c-a5c7-de754aedfb27,13 май 2026,Определение,508,28.05.2026,Дарина Илиева Попова - Съдия докладчик,
3489a53a-e039-4f4c-a5c7-de754aedfb27,14 април 2026,Разпореждане,1405,14.04.2026,Дарина Илиева Попова - Съдия докладчик,
bbc31cbf-4de8-4d1d-b00b-dcf7fa219c97,22 юни 2026,Изпълнителен лист ЗП,402,22.06.2026,Гергана Точева Стоянова Денчева - Съдия докладчик,
bbc31cbf-4de8-4d1d-b00b-dcf7fa219c97,22 юни 2026,Разпореждане,1737,22.06.2026,Гергана Точева Стоянова Денчева - Съдия докладчик,
bbc31cbf-4de8-4d1d-b00b-dcf7fa219c97,08 май 2026,Разпореждане,1167,08.05.2026,Гергана Точева Стоянова Денчева - Съдия докладчик,
bbc31cbf-4de8-4d1d-b00b-dcf7fa219c97,03 април 2026,Заповед за изпълнение,186,16.06.2026,Гергана Точева Стоянова Денчева - Съдия докладчик,
d6b7f6ea-adc1-47e8-9c95-c7f157a37a10,23 април 2026,Определение,1983,23.04.2026,Светла Величкова Пенева - Председател Красимир Тодоров Василев - Съдия докладчик Деница Славова - Член,
8c0bdaab-25b3-4f64-8818-67a33c19a90f,10 септември 2026,Определение,852,24.09.2026,Гергана Огнянова Симеонова - Съдия докладчик,
8c0bdaab-25b3-4f64-8818-67a33c19a90f,14 август 2026,Изпълнителен лист,586,14.08.2026,,
8c0bdaab-25b3-4f64-8818-67a33c19a90f,14 август 2026,Разпореждане,2887,14.08.2026,Гергана Огнянова Симеонова - Съдия докладчик,
8c0bdaab-25b3-4f64-8818-67a33c19a90f,27 май 2026,Определение,498,08.06.2026,Гергана Огнянова Симеонова - Съдия докладчик,
8c0bdaab-25b3-4f64-8818-67a33c19a90f,08 май 2026,Споразумение,132,08.05.2026,Гергана Огнянова Симеонова - Съдия докладчик,
8c0bdaab-25b3-4f64-8818-67a33c19a90f,03 април 2026,Разпореждане,1337,03.04.2026,Гергана Огнянова Симеонова - Съдия докладчик,
ebb1eda1-85da-41d5-9f69-d4bdad81be88,06 октомври 2026,Разпореждане,4678,06.10.2026,Даниела Йорданова Банкова - Съдия докладчик,
ebb1eda1-85da-41d5-9f69-d4bdad81be88,21 септември 2026,Разпореждане,4481,21.09.2026,Нели Делчева Иванова - Съдия докладчик,
ebb1eda1-85da-41d5-9f69-d4bdad81be88,31 август 2026,Разпореждане,4160,31.08.2026,Нели Делчева Иванова - Съдия докладчик,
ebb1eda1-85da-41d5-9f69-d4bdad81be88,19 август 2026,Определение,1495,,Нели Делчева Иванова - Съдия докладчик,
ebb1eda1-85da-41d5-9f69-d4bdad81be88,29 юли 2026,Разпореждане,3592,29.07.2026,Нели Делчева Иванова - Съдия докладчик,
ebb1eda1-85da-41d5-9f69-d4bdad81be88,16 юли 2026,Определение,1274,,Нели Делчева Иванова - Съдия докладчик,
ebb1eda1-85da-41d5-9f69-d4bdad81be88,16 април 2026,Разпореждане,1561,16.04.2026,Нели Делчева Иванова - Съдия докладчик,
ebb1eda1-85da-41d5-9f69-d4bdad81be88,06 април 2026,Заповед за изпълнение,306,,Нели Делчева Иванова - Съдия докладчик,
d6922f7e-c7b5-4419-ac36-f0b8f9cfd05d,24 септември 2026,Разпореждане,7025,24.09.2026,ЙОВКА БОЙЧЕВА ПУДОВА - Съдия докладчик,
d6922f7e-c7b5-4419-ac36-f0b8f9cfd05d,24 септември 2026,Разпореждане,7024,24.09.2026,ЙОВКА БОЙЧЕВА ПУДОВА - Съдия докладчик,
d6922f7e-c7b5-4419-ac36-f0b8f9cfd05d,04 август 2026,Разпореждане,5888,04.08.2026,ЙОВКА БОЙЧЕВА ПУДОВА - Съдия докладчик,
d6922f7e-c7b5-4419-ac36-f0b8f9cfd05d,31 юли 2026,Разпореждане,5817,31.07.2026,ЙОВКА БОЙЧЕВА ПУДОВА - Съдия докладчик,
d6922f7e-c7b5-4419-ac36-f0b8f9cfd05d,31 юли 2026,Разпореждане,5816,31.07.2026,ЙОВКА БОЙЧЕВА ПУДОВА - Съдия докладчик,
d6922f7e-c7b5-4419-ac36-f0b8f9cfd05d,14 май 2026,Разпореждане,3218,14.05.2026,ЙОВКА БОЙЧЕВА ПУДОВА - Съдия докладчик,
d6922f7e-c7b5-4419-ac36-f0b8f9cfd05d,07 април 2026,Заповед за изпълнение,837,,ЙОВКА БОЙЧЕВА ПУДОВА - Съдия докладчик,
f31666dc-e857-4164-a441-bdce753c0f50,06 април 2026,Заповед за изпълнение,1286,,Соня Тодорова Дженкова - Съдия докладчик,
c1a38a4e-6110-492d-a909-551b90d47f8e,17 юни 2026,Определение,292,02.07.2026,Ангелина Гергинова Гергинска - Съдия докладчик,
c1a38a4e-6110-492d-a909-551b90d47f8e,19 април 2026,Разпореждане,943,19.04.2026,Ангелина Гергинова Гергинска - Съдия докладчик,
c1a38a4e-6110-492d-a909-551b90d47f8e,03 април 2026,Заповед за изпълнение,497,,Ангелина Гергинова Гергинска - Съдия докладчик,
04737f03-93e0-4bca-837f-8783331bf82f,27 май 2026,Изпълнителен лист ЗП,825,27.05.2026,Димитър Чардаков - Съдия докладчик,
04737f03-93e0-4bca-837f-8783331bf82f,26 май 2026,Разпореждане,6261,,Димитър Чардаков - Съдия докладчик,
04737f03-93e0-4bca-837f-8783331bf82f,03 април 2026,Заповед за изпълнение,636,19.05.2026,Димитър Чардаков - Съдия докладчик,
d73099dd-62d7-4439-8d2b-c8bc6b48f59e,08 април 2026,Разпореждане,2143,08.04.2026,Пламен Атанасов Атанасов - Съдия докладчик,
d73099dd-62d7-4439-8d2b-c8bc6b48f59e,06 април 2026,Определение,585,15.04.2026,Пламен Атанасов Атанасов - Съдия докладчик,
d73099dd-62d7-4439-8d2b-c8bc6b48f59e,03 април 2026,Разпореждане,2037,03.04.2026,Пламен Атанасов Атанасов - Съдия докладчик,
3e1b9988-c76d-4c1a-be56-831f7ffb0f47,18 септември 2026,Разпореждане,587,18.09.2026,ЦВЕТАЛИНА МИХОВА ДОЧЕВА - Съдия докладчик,
3e1b9988-c76d-4c1a-be56-831f7ffb0f47,14 август 2026,Разпореждане,525,14.08.2026,ЦВЕТАЛИНА МИХОВА ДОЧЕВА - Съдия докладчик,
3e1b9988-c76d-4c1a-be56-831f7ffb0f47,06 август 2026,Разпореждане,510,06.08.2026,ЦВЕТАЛИНА МИХОВА ДОЧЕВА - Съдия докладчик,
3e1b9988-c76d-4c1a-be56-831f7ffb0f47,30 юли 2026,Определение,446,30.07.2026,ЦВЕТАЛИНА МИХОВА ДОЧЕВА - Съдия докладчик,
3e1b9988-c76d-4c1a-be56-831f7ffb0f47,15 юни 2026,Разпореждане,370,15.06.2026,ЦВЕТАЛИНА МИХОВА ДОЧЕВА - Съдия докладчик,
3e1b9988-c76d-4c1a-be56-831f7ffb0f47,11 юни 2026,Определение,338,11.06.2026,ЦВЕТАЛИНА МИХОВА ДОЧЕВА - Съдия докладчик,
3e1b9988-c76d-4c1a-be56-831f7ffb0f47,22 април 2026,Разпореждане,266,22.04.2026,ЦВЕТАЛИНА МИХОВА ДОЧЕВА - Съдия докладчик,
3e1b9988-c76d-4c1a-be56-831f7ffb0f47,16 април 2026,Разпореждане,254,16.04.2026,ЦВЕТАЛИНА МИХОВА ДОЧЕВА - Съдия докладчик,
3e1b9988-c76d-4c1a-be56-831f7ffb0f47,07 април 2026,Определение,183,07.04.2026,ЦВЕТАЛИНА МИХОВА ДОЧЕВА - Съдия докладчик,
3e1b9988-c76d-4c1a-be56-831f7ffb0f47,06 април 2026,Разпореждане,213,06.04.2026,ЦВЕТАЛИНА МИХОВА ДОЧЕВА - Съдия докладчик,
634b5216-d8d3-43a2-8561-9997e98c7302,21 май 2026,Изпълнителен лист ЗП,334,21.05.2026,Антоанета Маринова Симеонова - Съдия докладчик,
634b5216-d8d3-43a2-8561-9997e98c7302,08 април 2026,Заповед за изпълнение,303,19.05.2026,Антоанета Маринова Симеонова - Съдия докладчик,
634b5216-d8d3-43a2-8561-9997e98c7302,06 април 2026,Разпореждане,580,06.04.2026,Антоанета Маринова Симеонова - Съдия докладчик,
2c77a81f-a7a5-4425-ad52-167ec4d2ca6c,03 април 2026,Заповед за изпълнение,1145,,Светослав Атанасов Пиронев - Съдия докладчик,
bb9e528a-7b46-4d8c-9863-c9feb66db9f7,03 април 2026,Заповед за изпълнение,1375,,Илияна Цветкова Тодорова Аловска - Съдия докладчик,
846ff68d-3972-4a2b-9e2b-983385519bce,28 юли 2026,Изпълнителен лист ЗП,497,28.07.2026,НЕЛИ ГЕНЧЕВА - Съдия докладчик,
846ff68d-3972-4a2b-9e2b-983385519bce,28 юли 2026,Разпореждане,3275,,НЕЛИ ГЕНЧЕВА - Съдия докладчик,
846ff68d-3972-4a2b-9e2b-983385519bce,12 май 2026,Разпореждане,1760,,НЕЛИ ГЕНЧЕВА - Съдия докладчик,
846ff68d-3972-4a2b-9e2b-983385519bce,08 април 2026,Заповед за изпълнение,331,23.07.2026,НЕЛИ ГЕНЧЕВА - Съдия докладчик,
846ff68d-3972-4a2b-9e2b-983385519bce,03 април 2026,Разпореждане,1152,,НЕЛИ ГЕНЧЕВА - Съдия докладчик,
0a54f449-17b8-4507-99fd-78048bd44ee6,03 април 2026,Заповед за изпълнение,367,,Росен Минков Стоянов - Съдия докладчик,
844cfa13-718d-44dd-a575-77c82f96e130,24 юли 2026,Определение,3866,,Йордан Василев Димов - Съдия докладчик,
123bae22-120f-41d2-bc03-1263d3f3774a,14 юли 2026,Разпореждане,2622,14.07.2026,Христина Янева Костадинова - Чолакова - Съдия докладчик,
123bae22-120f-41d2-bc03-1263d3f3774a,29 юни 2026,Решение,201,,Христина Янева Костадинова - Чолакова - Съдия докладчик,
123bae22-120f-41d2-bc03-1263d3f3774a,29 юни 2026,Определение,616,29.06.2026,Христина Янева Костадинова - Чолакова - Съдия докладчик,
123bae22-120f-41d2-bc03-1263d3f3774a,12 юни 2026,Разпореждане,2264,12.06.2026,Христина Янева Костадинова - Чолакова - Съдия докладчик,
123bae22-120f-41d2-bc03-1263d3f3774a,03 юни 2026,Решение,154,,Христина Янева Костадинова - Чолакова - Съдия докладчик,
123bae22-120f-41d2-bc03-1263d3f3774a,08 май 2026,Протокол,936,08.05.2026,Христина Янева Костадинова - Чолакова - Съдия докладчик,
123bae22-120f-41d2-bc03-1263d3f3774a,16 април 2026,Разпореждане,1566,16.04.2026,Христина Янева Костадинова - Чолакова - Съдия докладчик,
123bae22-120f-41d2-bc03-1263d3f3774a,03 април 2026,Разпореждане,1342,03.04.2026,Христина Янева Костадинова - Чолакова - Съдия докладчик,
757790ea-e9fd-4309-ae16-12607ba9f1e5,25 юни 2026,Разпореждане,922,25.06.2026,РОМАН ТОДОРОВ НИКОЛОВ - Съдия докладчик,
757790ea-e9fd-4309-ae16-12607ba9f1e5,11 юни 2026,Разпореждане,829,11.06.2026,РОМАН ТОДОРОВ НИКОЛОВ - Съдия докладчик,
757790ea-e9fd-4309-ae16-12607ba9f1e5,29 април 2026,Разпореждане,533,29.04.2026,РОМАН ТОДОРОВ НИКОЛОВ - Съдия докладчик,
757790ea-e9fd-4309-ae16-12607ba9f1e5,06 април 2026,Решение,45,06.04.2026,РОМАН ТОДОРОВ НИКОЛОВ - Съдия докладчик,
757790ea-e9fd-4309-ae16-12607ba9f1e5,03 април 2026,Заповед за изпълнение,235,,РОМАН ТОДОРОВ НИКОЛОВ - Съдия докладчик,
757790ea-e9fd-4309-ae16-12607ba9f1e5,03 април 2026,Разпореждане,452,,РОМАН ТОДОРОВ НИКОЛОВ - Съдия докладчик,
7189b391-f0ec-4a3f-8d03-d750439cb6ff,01 юли 2026,Изпълнителен лист ЗП,298,01.07.2026,Маринела Георгиева Стефанова - Съдия докладчик,
7189b391-f0ec-4a3f-8d03-d750439cb6ff,03 април 2026,Заповед за изпълнение,260,05.06.2026,Маринела Георгиева Стефанова - Съдия докладчик,
ccda1994-a5ed-410a-9581-b3828ed8a390,14 май 2026,Изпълнителен лист ЗП,318,14.05.2026,Петя Николова Гатева - Съдия докладчик,
ccda1994-a5ed-410a-9581-b3828ed8a390,06 април 2026,Заповед за изпълнение,295,12.05.2026,Петя Николова Гатева - Съдия докладчик,
a2852feb-7457-4eef-a839-a75eb5009586,28 май 2026,Изпълнителен лист ЗП,861,28.05.2026,Михаела Иванова Атанасова - Съдия докладчик,
a2852feb-7457-4eef-a839-a75eb5009586,22 май 2026,Разпореждане,3801,,Михаела Иванова Атанасова - Съдия докладчик,
a2852feb-7457-4eef-a839-a75eb5009586,03 април 2026,Заповед за изпълнение,926,15.05.2026,Михаела Иванова Атанасова - Съдия докладчик,
a70d8520-a9f6-4655-824b-cf7c1e79cf1c,03 септември 2026,Разпореждане,2003,03.09.2026,ГАЛИН ХРИСТОВ ГЕОРГИЕВ - Съдия докладчик,
a70d8520-a9f6-4655-824b-cf7c1e79cf1c,02 септември 2026,Разпореждане,1991,02.09.2026,ГАЛИН ХРИСТОВ ГЕОРГИЕВ - Съдия докладчик,
a70d8520-a9f6-4655-824b-cf7c1e79cf1c,09 юни 2026,Разпореждане,1264,09.06.2026,ГАЛИН ХРИСТОВ ГЕОРГИЕВ - Съдия докладчик,
a70d8520-a9f6-4655-824b-cf7c1e79cf1c,15 април 2026,Заповед за изпълнение,310,,ГАЛИН ХРИСТОВ ГЕОРГИЕВ - Съдия докладчик,
a70d8520-a9f6-4655-824b-cf7c1e79cf1c,03 април 2026,Разпореждане,697,03.04.2026,ГАЛИН ХРИСТОВ ГЕОРГИЕВ - Съдия докладчик,
f21a81a4-d16c-4c8a-9967-406e6d03a403,03 април 2026,Определение,469,16.04.2026,ЕЛЕОНОРА ФИЛИПОВА - Съдия докладчик,
f21a81a4-d16c-4c8a-9967-406e6d03a403,03 април 2026,Заповед за изпълнение,1188,,ЕЛЕОНОРА ФИЛИПОВА - Съдия докладчик,
d3b4d940-d885-449f-b3f8-f874b3bc1c53,24 август 2026,Изпълнителен лист ЗП,473,24.08.2026,Гергана Николаева Божилова - Съдия докладчик,
d3b4d940-d885-449f-b3f8-f874b3bc1c53,24 август 2026,Разпореждане,1926,,Гергана Николаева Божилова - Съдия докладчик,
d3b4d940-d885-449f-b3f8-f874b3bc1c53,07 юли 2026,Разпореждане,1485,07.07.2026,Гергана Николаева Божилова - Съдия докладчик,
d3b4d940-d885-449f-b3f8-f874b3bc1c53,11 май 2026,Разпореждане,851,11.05.2026,Гергана Николаева Божилова - Съдия докладчик,
d3b4d940-d885-449f-b3f8-f874b3bc1c53,23 април 2026,Разпореждане,714,23.04.2026,Гергана Николаева Божилова - Съдия докладчик,
d3b4d940-d885-449f-b3f8-f874b3bc1c53,23 април 2026,Разпореждане,713,23.04.2026,Гергана Николаева Божилова - Съдия докладчик,
d3b4d940-d885-449f-b3f8-f874b3bc1c53,03 април 2026,Заповед за изпълнение,148,10.08.2026,Гергана Николаева Божилова - Съдия докладчик,
e57bc135-2512-4cdb-8414-33279d0d8c2b,07 април 2026,Определение,1453,22.04.2026,Антоанета Иванова Абрашева - Съдия докладчик,
e57bc135-2512-4cdb-8414-33279d0d8c2b,03 април 2026,Заповед за изпълнение,920,,Антоанета Иванова Абрашева - Съдия докладчик,
776818a4-d1cc-4954-b8fb-51c0331a1f0e,19 май 2026,Разпореждане,1584,10.06.2026,Мария Николаева Петрова - Съдия докладчик,
776818a4-d1cc-4954-b8fb-51c0331a1f0e,14 април 2026,Разпореждане,1080,14.04.2026,Мария Николаева Петрова - Съдия докладчик,
44eee73c-0937-4229-815d-e78099b68e0b,03 април 2026,Разпореждане,1028,23.04.2026,ФИЛИП ЛЮЛИНОВ МАТЕВ - Съдия докладчик,
8a999c8a-f270-40bb-a4ea-8e4cb849a574,28 август 2026,Разпореждане,5368,28.08.2026,Ралица Каменова - Съдия докладчик,
8a999c8a-f270-40bb-a4ea-8e4cb849a574,19 август 2026,Разпореждане,5157,19.08.2026,Ралица Каменова - Съдия докладчик,
8a999c8a-f270-40bb-a4ea-8e4cb849a574,31 юли 2026,Разпореждане,4713,31.07.2026,Ралица Цанкова Райкова - Съдия докладчик,
8a999c8a-f270-40bb-a4ea-8e4cb849a574,31 юли 2026,Разпореждане,4697,31.07.2026,Ралица Цанкова Райкова - Съдия докладчик,
8a999c8a-f270-40bb-a4ea-8e4cb849a574,24 юли 2026,Разпореждане,4522,24.07.2026,Ралица Цанкова Райкова - Съдия докладчик,
8a999c8a-f270-40bb-a4ea-8e4cb849a574,21 юли 2026,Разпореждане,4424,21.07.2026,Ралица Цанкова Райкова - Съдия докладчик,
8a999c8a-f270-40bb-a4ea-8e4cb849a574,13 юли 2026,Разпореждане,4241,13.07.2026,Ралица Каменова - Съдия докладчик,
8a999c8a-f270-40bb-a4ea-8e4cb849a574,13 юли 2026,Определение,1168,,Ралица Каменова - Съдия докладчик,
8a999c8a-f270-40bb-a4ea-8e4cb849a574,10 юли 2026,Определение,1161,10.07.2026,Ралица Каменова - Съдия докладчик,
8a999c8a-f270-40bb-a4ea-8e4cb849a574,11 юни 2026,Разпореждане,3539,11.06.2026,Ралица Каменова - Съдия докладчик,
05963438-cc88-4963-8454-59a3ece73f18,30 април 2026,Определение,344,19.05.2026,Георги Тодоров Добрев - Съдия докладчик,
05963438-cc88-4963-8454-59a3ece73f18,03 април 2026,Разпореждане,1130,03.04.2026,Георги Тодоров Добрев - Съдия докладчик,
41948e58-116f-400e-ad03-6609a8f48378,03 юни 2026,Изпълнителен лист ЗП,491,03.06.2026,Иван Христов Христов - Съдия докладчик,
41948e58-116f-400e-ad03-6609a8f48378,06 април 2026,Заповед за изпълнение,470,12.05.2026,Иван Христов Христов - Съдия докладчик,
41948e58-116f-400e-ad03-6609a8f48378,06 април 2026,Разпореждане,589,06.04.2026,Иван Христов Христов - Съдия докладчик,
01e34ff8-dc9c-4a7e-bf46-6f1cb0e39256,06 април 2026,Разпореждане,1152,23.04.2026,ЦВЕТОМИЛ ГОРЧЕВ - Съдия докладчик,
7e6d6cf1-bfe5-45da-b9fc-8fcb8e0a5f91,03 април 2026,Заповед за изпълнение,1113,,Мирослав Руменов Саневски - Съдия докладчик,
44bdbdd1-32bb-4743-b92d-7260ca17cd0e,06 април 2026,Заповед за изпълнение,2984,,Михаил Ангелов Алексов - Съдия докладчик,
44bdbdd1-32bb-4743-b92d-7260ca17cd0e,06 април 2026,Разпореждане,10256,06.04.2026,Михаил Ангелов Алексов - Съдия докладчик,
dac28a69-103b-405b-86dc-ce5b89196939,11 юни 2026,Определение,912,,Танка Цонева - Докладчик,
dac28a69-103b-405b-86dc-ce5b89196939,14 май 2026,Разпореждане,746,,Танка Цонева - Докладчик,
dac28a69-103b-405b-86dc-ce5b89196939,03 април 2026,Разпореждане,530,,Танка Цонева - Докладчик,
947c7c70-d65e-4a14-b257-434e8d66faab,03 април 2026,Разпореждане,335,03.04.2026,ТОДОР ИВАНОВ ДИМИТРОВ - Съдия докладчик,
b4858ec4-6119-4292-ac7e-793639fcc665,03 април 2026,Определение,1688,15.04.2026,Михаил Михайлов - Съдия докладчик,
fb59c2d9-711c-4572-9981-674df72e4195,06 август 2026,Изпълнителен лист ЗП,334,06.08.2026,Вяра Петракиева - Велинова - Съдия докладчик,
fb59c2d9-711c-4572-9981-674df72e4195,06 август 2026,Разпореждане,1933,,Вяра Петракиева - Велинова - Съдия докладчик,
fb59c2d9-711c-4572-9981-674df72e4195,19 юни 2026,Разпореждане,1650,19.06.2026,Вяра Петракиева - Велинова - Съдия докладчик,
fb59c2d9-711c-4572-9981-674df72e4195,19 юни 2026,Разпореждане,1648,19.06.2026,Вяра Петракиева - Велинова - Съдия докладчик,
fb59c2d9-711c-4572-9981-674df72e4195,18 април 2026,Заповед за изпълнение,247,30.07.2026,Вяра Петракиева - Велинова - Съдия докладчик,
fb59c2d9-711c-4572-9981-674df72e4195,18 април 2026,Разпореждане,1074,05.05.2026,Вяра Петракиева - Велинова - Съдия докладчик,
fb59c2d9-711c-4572-9981-674df72e4195,03 април 2026,Разпореждане,906,03.04.2026,Вяра Петракиева - Велинова - Съдия докладчик,
d1455ffc-77e5-4a32-8307-fc3d3fdac30d,18 юни 2026,Изпълнителен лист,137,18.06.2026,,
d1455ffc-77e5-4a32-8307-fc3d3fdac30d,01 юни 2026,Решение,252,11.06.2026,Мила Йорданова Колева - Съдия докладчик,
d1455ffc-77e5-4a32-8307-fc3d3fdac30d,15 май 2026,Протокол,324,15.05.2026,Мила Йорданова Колева - Съдия докладчик,
d1455ffc-77e5-4a32-8307-fc3d3fdac30d,22 април 2026,Определение,678,22.04.2026,Мила Йорданова Колева - Съдия докладчик,
5920d228-7f13-49a2-857a-b9f2ce1c3d4d,03 април 2026,Заповед за изпълнение,2936,,Иванина Игнатова Иванова - Съдия докладчик,
5920d228-7f13-49a2-857a-b9f2ce1c3d4d,03 април 2026,Разпореждане,10158,03.04.2026,Иванина Игнатова Иванова - Съдия докладчик,
2962f564-fdce-43d8-820a-5c03ca4e36ba,18 юни 2026,Разпореждане,6849,,Неделин Йорданов Захариев - Съдия докладчик,
2962f564-fdce-43d8-820a-5c03ca4e36ba,18 юни 2026,Изпълнителен лист ЗП,3083,18.06.2026,Неделин Йорданов Захариев - Съдия докладчик,
2962f564-fdce-43d8-820a-5c03ca4e36ba,07 април 2026,Заповед за изпълнение,2350,27.05.2026,Неделин Йорданов Захариев - Съдия докладчик,
819d01a4-6a11-4c50-a58a-1a9e8384d26d,15 април 2026,Разпореждане,1401,,Галина Николова - Съдия докладчик,
819d01a4-6a11-4c50-a58a-1a9e8384d26d,03 април 2026,Разпореждане,1251,03.04.2026,Галина Николова - Съдия докладчик,
2a840541-e8c6-41ba-8929-88c69a55e9c7,18 август 2026,Разпореждане,231,18.08.2026,Христо Тотев Христов - Съдия докладчик,
2a840541-e8c6-41ba-8929-88c69a55e9c7,13 юли 2026,Решение,27,08.08.2026,Емилия Дишева - Съдия докладчик,
2a840541-e8c6-41ba-8929-88c69a55e9c7,08 юни 2026,Протокол,120,08.06.2026,Емилия Дишева - Съдия докладчик,
2a840541-e8c6-41ba-8929-88c69a55e9c7,12 май 2026,Протокол,100,12.05.2026,Емилия Дишева - Съдия докладчик,
2a840541-e8c6-41ba-8929-88c69a55e9c7,07 април 2026,Разпореждане,103,07.04.2026,Емилия Дишева - Съдия докладчик,
726f334c-1ddb-4931-9ead-0487272ec3e6,21 юли 2026,Изпълнителен лист ЗП,5020,21.07.2026,Татяна Иванова Тодорова - Съдия докладчик,
726f334c-1ddb-4931-9ead-0487272ec3e6,21 юли 2026,Разпореждане,21389,21.07.2026,Татяна Иванова Тодорова - Съдия докладчик,
726f334c-1ddb-4931-9ead-0487272ec3e6,06 април 2026,Заповед за изпълнение,2999,,Симона Пламенова Колева - Съдия докладчик,
726f334c-1ddb-4931-9ead-0487272ec3e6,06 април 2026,Разпореждане,10299,06.04.2026,Симона Пламенова Колева - Съдия докладчик,
1a2cdf13-e48e-4811-b6a8-32e50d9d9c37,03 април 2026,Разпореждане,333,03.04.2026,ТОДОР ИВАНОВ ДИМИТРОВ - Съдия докладчик,
d79b26ed-caac-4bbe-8fbc-d1b6cedf0874,08 май 2026,Решение,713,08.05.2026,Даниела Радева - Докладчик Георги Христов - Председател Мирослав Вълков - Член на състава,
d79b26ed-caac-4bbe-8fbc-d1b6cedf0874,03 април 2026,Разпореждане,528,,Даниела Радева - Докладчик,
6bdfbe7b-b86b-4870-a05d-5050aa331108,05 юни 2026,Решение,6603,05.06.2026,Любомира Несторова - Докладчик Владимир Вълчев - Председател Петър Касабов - Член на състава,
6bdfbe7b-b86b-4870-a05d-5050aa331108,07 април 2026,Определение,4108,,Любомира Несторова - Докладчик,
bb67ec34-1b3c-4727-b369-515d62c2b0eb,14 август 2026,Разпореждане,1230,14.08.2026,РОМАН ТОДОРОВ НИКОЛОВ - Съдия докладчик,
bb67ec34-1b3c-4727-b369-515d62c2b0eb,25 юни 2026,Разпореждане,943,25.06.2026,РОМАН ТОДОРОВ НИКОЛОВ - Съдия докладчик,
bb67ec34-1b3c-4727-b369-515d62c2b0eb,11 юни 2026,Разпореждане,828,11.06.2026,РОМАН ТОДОРОВ НИКОЛОВ - Съдия докладчик,
bb67ec34-1b3c-4727-b369-515d62c2b0eb,29 април 2026,Разпореждане,532,29.04.2026,РОМАН ТОДОРОВ НИКОЛОВ - Съдия докладчик,
bb67ec34-1b3c-4727-b369-515d62c2b0eb,03 април 2026,Заповед за изпълнение,234,,РОМАН ТОДОРОВ НИКОЛОВ - Съдия докладчик,
bb67ec34-1b3c-4727-b369-515d62c2b0eb,03 април 2026,Разпореждане,450,,РОМАН ТОДОРОВ НИКОЛОВ - Съдия докладчик,
6dbb59f4-9bea-4c47-af71-d1ad3f57fdc3,30 април 2026,Определение,2121,20.05.2026,Нейко Симеонов Димитров - Съдия докладчик,
6dbb59f4-9bea-4c47-af71-d1ad3f57fdc3,03 април 2026,Определение,1692,03.04.2026,Нейко Симеонов Димитров - Съдия докладчик,
2549c0ad-b79a-4c1a-ade4-3b48d5584843,22 май 2026,Изпълнителен лист ЗП,417,22.05.2026,Петър Валентинов Живков - Съдия докладчик,
2549c0ad-b79a-4c1a-ade4-3b48d5584843,06 април 2026,Заповед за изпълнение,350,19.05.2026,Петър Валентинов Живков - Съдия докладчик,
67ac4ce8-dba9-4515-8d00-9f953682e791,28 май 2026,Изпълнителен лист ЗП,517,28.05.2026,Божидарка Данчова Йосифова - Съдия докладчик,
67ac4ce8-dba9-4515-8d00-9f953682e791,28 май 2026,Разпореждане,2109,,Антон Еленков Антов - Съдия докладчик,
67ac4ce8-dba9-4515-8d00-9f953682e791,03 април 2026,Заповед за изпълнение,391,22.05.2026,Божидарка Данчова Йосифова - Съдия докладчик,
93430fda-c59c-4fca-b61b-4704e52d541d,05 октомври 2026,Изпълнителен лист ЗП,1628,05.10.2026,Христо Георгиев - Съдия докладчик,
93430fda-c59c-4fca-b61b-4704e52d541d,05 октомври 2026,Разпореждане,11724,,Христо Георгиев - Съдия докладчик,
93430fda-c59c-4fca-b61b-4704e52d541d,03 септември 2026,Разпореждане,10753,03.09.2026,Христо Георгиев - Съдия докладчик,
93430fda-c59c-4fca-b61b-4704e52d541d,28 юли 2026,Разпореждане,9553,28.07.2026,Христо Георгиев - Съдия докладчик,
93430fda-c59c-4fca-b61b-4704e52d541d,02 юни 2026,Разпореждане,6686,02.06.2026,Христо Георгиев - Съдия докладчик,
93430fda-c59c-4fca-b61b-4704e52d541d,06 април 2026,Заповед за изпълнение,662,24.09.2026,Христо Георгиев - Съдия докладчик,
9797f716-d4ca-42f0-9b3a-c2a459bd4f94,10 август 2026,Изпълнителен лист ЗП,826,10.08.2026,Мариела Анастасова Иванова - Съдия докладчик,
9797f716-d4ca-42f0-9b3a-c2a459bd4f94,10 август 2026,Разпореждане,2435,10.08.2026,Мариела Анастасова Иванова - Съдия докладчик,
9797f716-d4ca-42f0-9b3a-c2a459bd4f94,04 юни 2026,Разпореждане,1851,04.06.2026,Мариела Анастасова Иванова - Съдия докладчик,
9797f716-d4ca-42f0-9b3a-c2a459bd4f94,02 юни 2026,Разпореждане,1813,02.06.2026,Мариела Анастасова Иванова - Съдия докладчик,
9797f716-d4ca-42f0-9b3a-c2a459bd4f94,03 април 2026,Заповед за изпълнение,519,24.07.2026,Мариела Анастасова Иванова - Съдия докладчик,
42321982-699b-40e7-bacf-f8ff9fdfdb09,03 април 2026,Разпореждане,332,03.04.2026,ТОДОР ИВАНОВ ДИМИТРОВ - Съдия докладчик,
89f388af-9d02-4382-9b86-9b8a6f710e7c,15 юли 2026,Изпълнителен лист ЗП,736,15.07.2026,Живко Павлов Георгиев - Съдия докладчик,
89f388af-9d02-4382-9b86-9b8a6f710e7c,06 април 2026,Заповед за изпълнение,501,28.05.2026,Живко Павлов Георгиев - Съдия докладчик,
4d1ad66e-0007-4505-bd3e-d4daf6fc955b,02 октомври 2026,Решение,448,02.10.2026,Елина Пламенова Карагьозова - Съдия докладчик,
4d1ad66e-0007-4505-bd3e-d4daf6fc955b,02 октомври 2026,Протокол,578,02.10.2026,Елина Пламенова Карагьозова - Съдия докладчик,
4d1ad66e-0007-4505-bd3e-d4daf6fc955b,21 септември 2026,Протокол,539,21.09.2026,Елина Пламенова Карагьозова - Съдия докладчик,
4d1ad66e-0007-4505-bd3e-d4daf6fc955b,14 септември 2026,Разпореждане,5645,14.09.2026,Елина Пламенова Карагьозова - Съдия докладчик,
4d1ad66e-0007-4505-bd3e-d4daf6fc955b,25 август 2026,Разпореждане,5293,25.08.2026,Елина Пламенова Карагьозова - Съдия докладчик,
4d1ad66e-0007-4505-bd3e-d4daf6fc955b,11 август 2026,Разпореждане,4933,11.08.2026,Диана Колева Стоянова - Съдия докладчик,
4d1ad66e-0007-4505-bd3e-d4daf6fc955b,28 юли 2026,Разпореждане,4590,28.07.2026,Елина Пламенова Карагьозова - Съдия докладчик,
4d1ad66e-0007-4505-bd3e-d4daf6fc955b,06 юли 2026,Определение,1129,06.07.2026,Елина Пламенова Карагьозова - Съдия докладчик,
4d1ad66e-0007-4505-bd3e-d4daf6fc955b,01 юни 2026,Разпореждане,3232,01.06.2026,Диана Колева Стоянова - Съдия докладчик,
4d1ad66e-0007-4505-bd3e-d4daf6fc955b,28 май 2026,Разпореждане,3140,28.05.2026,Диана Колева Стоянова - Съдия докладчик,
0f80fae8-e439-4464-b266-01de54225b4c,21 май 2026,Изпълнителен лист ЗП,519,21.05.2026,Атанас Василев Димитров - Съдия докладчик,
0f80fae8-e439-4464-b266-01de54225b4c,21 май 2026,Разпореждане,2355,,Атанас Василев Димитров - Съдия докладчик,
0f80fae8-e439-4464-b266-01de54225b4c,03 април 2026,Заповед за изпълнение,447,,Атанас Василев Димитров - Съдия докладчик,
00b3836f-afa2-4a2e-8ef9-767e868f0aa1,25 април 2026,Определение,281,,Диана Пенчева Петрова Енева - Съдия докладчик,
b7093145-9a67-43bc-b8e4-edfb6e87586a,02 юни 2026,Изпълнителен лист ЗП,491,02.06.2026,Иван Илиев Йорданов - Съдия докладчик,
b7093145-9a67-43bc-b8e4-edfb6e87586a,02 юни 2026,Разпореждане,689,02.06.2026,Иван Илиев Йорданов - Съдия докладчик,
b7093145-9a67-43bc-b8e4-edfb6e87586a,03 април 2026,Заповед за изпълнение,440,02.06.2026,Иван Илиев Йорданов - Съдия докладчик,
34f09239-9a58-4f0d-a295-03017db211df,07 април 2026,Заповед за изпълнение,1415,,Цветан Христов Петков - Съдия докладчик,
b07af603-46e4-4da2-9c67-8e6d417ccced,03 април 2026,Разпореждане,331,03.04.2026,ТОДОР ИВАНОВ ДИМИТРОВ - Съдия докладчик,
42f0cb31-87bd-4172-81f2-a015dabf3375,13 август 2026,Определение,1329,,Георги Христов - Докладчик,
42f0cb31-87bd-4172-81f2-a015dabf3375,12 май 2026,Разпореждане,728,,Георги Христов - Докладчик,
7a7baa1a-f6ad-4bfa-b82e-01eb41d0cbae,24 септември 2026,Изпълнителен лист ЗП,283,24.09.2026,ЖИВКО ДЕЛЧЕВ ЯНКОВ - Съдия докладчик,
7a7baa1a-f6ad-4bfa-b82e-01eb41d0cbae,18 септември 2026,Разпореждане,260,18.09.2026,ЖИВКО ДЕЛЧЕВ ЯНКОВ - Съдия докладчик,
7a7baa1a-f6ad-4bfa-b82e-01eb41d0cbae,06 април 2026,Заповед за изпълнение,175,01.09.2026,ЖИВКО ДЕЛЧЕВ ЯНКОВ - Съдия докладчик,
780e7fb6-60b8-4310-bf3a-f91894e05bb3,15 юни 2026,Изпълнителен лист ЗП,762,15.06.2026,КРИСТИАН АТАНАСОВ БАДЖАКОВ - Съдия докладчик,
780e7fb6-60b8-4310-bf3a-f91894e05bb3,15 юни 2026,Разпореждане,4131,15.06.2026,КРИСТИАН АТАНАСОВ БАДЖАКОВ - Съдия докладчик,
780e7fb6-60b8-4310-bf3a-f91894e05bb3,06 април 2026,Заповед за изпълнение,823,08.06.2026,КРИСТИАН АТАНАСОВ БАДЖАКОВ - Съдия докладчик,
fa92515f-108b-4a5c-bf2a-6977200372f0,31 юли 2026,Изпълнителен лист ЗП,5210,31.07.2026,Явор Петров Джамалов - Съдия докладчик,
fa92515f-108b-4a5c-bf2a-6977200372f0,31 юли 2026,Разпореждане,22281,31.07.2026,Явор Петров Джамалов - Съдия докладчик,
fa92515f-108b-4a5c-bf2a-6977200372f0,03 април 2026,Разпореждане,10147,03.04.2026,Явор Петров Джамалов - Съдия докладчик,
fa92515f-108b-4a5c-bf2a-6977200372f0,03 април 2026,Заповед за изпълнение,2930,,Явор Петров Джамалов - Съдия докладчик,
7fee34f9-3786-4cac-8618-06bfed355823,03 април 2026,Разпореждане,330,03.04.2026,ТОДОР ИВАНОВ ДИМИТРОВ - Съдия докладчик,
4da3ebdd-3ec0-4ae9-9769-959e04814e2b,30 юни 2026,Изпълнителен лист ЗП,300,30.06.2026,ДАНИЕЛА ЙОРДАНОВА ИГНАТОВА - Съдия докладчик,
4da3ebdd-3ec0-4ae9-9769-959e04814e2b,30 юни 2026,Разпореждане,1467,30.06.2026,ДАНИЕЛА ЙОРДАНОВА ИГНАТОВА - Съдия докладчик,
4da3ebdd-3ec0-4ae9-9769-959e04814e2b,03 април 2026,Заповед за изпълнение,263,30.06.2026,ДАНИЕЛА ЙОРДАНОВА ИГНАТОВА - Съдия докладчик,
e84603c9-d98f-4a24-bdee-05ae318bc429,04 юни 2026,Изпълнителен лист ЗП,515,04.06.2026,Иван Христов Христов - Съдия докладчик,
e84603c9-d98f-4a24-bdee-05ae318bc429,06 април 2026,Заповед за изпълнение,471,28.05.2026,Иван Христов Христов - Съдия докладчик,
e84603c9-d98f-4a24-bdee-05ae318bc429,06 април 2026,Разпореждане,590,06.04.2026,Иван Христов Христов - Съдия докладчик,
e8e46428-7286-4515-a9ad-b1876f23fbae,26 май 2026,Решение,6087,26.05.2026,Мариана Шотева - Докладчик Мариана Михайлова - Член на състава Светомир Бабаков - Член на състава,
e8e46428-7286-4515-a9ad-b1876f23fbae,14 април 2026,Определение,4278,,Мариана Шотева - Докладчик,
bd73ce45-35ae-452e-b821-ced189e1784b,03 април 2026,Разпореждане,329,03.04.2026,ТОДОР ИВАНОВ ДИМИТРОВ - Съдия докладчик,
2ee9342c-ba88-4658-bab5-953a07843b77,03 април 2026,Заповед за изпълнение,1368,,НАТАЛИЯ ПЕТКОВА ПЕТКОВА - Съдия докладчик,
c848a9ff-ba8a-45cc-be9c-67a542ce6280,10 юли 2026,Изпълнителен лист ЗП,616,10.07.2026,Дияна Иванова Дамянова Цанкова - Съдия докладчик,
c848a9ff-ba8a-45cc-be9c-67a542ce6280,10 юли 2026,Разпореждане,1732,,Дияна Иванова Дамянова Цанкова - Съдия докладчик,
c848a9ff-ba8a-45cc-be9c-67a542ce6280,15 април 2026,Заповед за изпълнение,399,,Дияна Иванова Дамянова Цанкова - Съдия докладчик,
c848a9ff-ba8a-45cc-be9c-67a542ce6280,15 април 2026,Разпореждане,847,,Дияна Иванова Дамянова Цанкова - Съдия докладчик,
c848a9ff-ba8a-45cc-be9c-67a542ce6280,04 април 2026,Разпореждане,768,04.04.2026,Дияна Иванова Дамянова Цанкова - Съдия докладчик,
5d951ba3-5b5a-45b6-9ad0-3a1669073b36,04 септември 2026,Изпълнителен лист ЗП,1027,04.09.2026,Катерина Георгиева Дедова - Съдия докладчик,
5d951ba3-5b5a-45b6-9ad0-3a1669073b36,04 септември 2026,Разпореждане,3580,04.09.2026,Катерина Георгиева Дедова - Съдия докладчик,
5d951ba3-5b5a-45b6-9ad0-3a1669073b36,27 юли 2026,Разпореждане,2929,27.07.2026,Катерина Георгиева Дедова - Съдия докладчик,
5d951ba3-5b5a-45b6-9ad0-3a1669073b36,29 май 2026,Разпореждане,2131,29.05.2026,Катерина Георгиева Дедова - Съдия докладчик,
5d951ba3-5b5a-45b6-9ad0-3a1669073b36,05 април 2026,Заповед за изпълнение,541,,Катерина Георгиева Дедова - Съдия докладчик,
08250224-969b-483d-9973-b98dd20fc937,03 април 2026,Разпореждане,357,,Дияна Димова Петрова - Съдия докладчик,
2c3a2b29-e91f-4fe9-a8b4-6dc4e80991eb,23 юли 2026,Изпълнителен лист ЗП,658,23.07.2026,Валентина Жекова Иванова - Съдия докладчик,
2c3a2b29-e91f-4fe9-a8b4-6dc4e80991eb,01 юни 2026,Разпореждане,2434,01.06.2026,Валентина Жекова Иванова - Съдия докладчик,
2c3a2b29-e91f-4fe9-a8b4-6dc4e80991eb,18 май 2026,Разпореждане,2140,,Валентина Жекова Иванова - Съдия докладчик,
2c3a2b29-e91f-4fe9-a8b4-6dc4e80991eb,18 май 2026,Разпореждане,2139,18.05.2026,Валентина Жекова Иванова - Съдия докладчик,
2c3a2b29-e91f-4fe9-a8b4-6dc4e80991eb,03 април 2026,Заповед за изпълнение,288,03.04.2026,Валентина Жекова Иванова - Съдия докладчик,
ebc9ec26-5908-4312-8660-65cf0d73f2ae,14 април 2026,Разпореждане,180,14.04.2026,ГЕОРГИ КОСТАДИНОВ МИЛКОТЕВ - Съдия докладчик,
ebc9ec26-5908-4312-8660-65cf0d73f2ae,14 април 2026,Протокол,198,14.04.2026,ГЕОРГИ КОСТАДИНОВ МИЛКОТЕВ - Съдия докладчик,
ebc9ec26-5908-4312-8660-65cf0d73f2ae,09 април 2026,Определение,52,16.04.2026,ГЕОРГИ КОСТАДИНОВ МИЛКОТЕВ - Съдия докладчик,
ebc9ec26-5908-4312-8660-65cf0d73f2ae,03 април 2026,Разпореждане,158,03.04.2026,ГЕОРГИ КОСТАДИНОВ МИЛКОТЕВ - Съдия докладчик,
ab27e16d-a21d-41e5-b45f-bb9f800a95dd,03 април 2026,Разпореждане,328,03.04.2026,ТОДОР ИВАНОВ ДИМИТРОВ - Съдия докладчик,
3d11bc40-f1ba-4ee4-89fc-b61c41eea293,03 април 2026,Определение,531,03.04.2026,Георги Христов - Докладчик,
840f536f-bef0-4df0-889b-7ba9f23f3d3c,29 юни 2026,Определение,133,29.06.2026,ПЕТЪР СИМЕОНОВ ПЕТРОВ - Съдия докладчик,
840f536f-bef0-4df0-889b-7ba9f23f3d3c,15 април 2026,Разпореждане,126,15.04.2026,ПЕТЪР СИМЕОНОВ ПЕТРОВ - Съдия докладчик,
840f536f-bef0-4df0-889b-7ba9f23f3d3c,03 април 2026,Заповед за изпълнение,73,,ПЕТЪР СИМЕОНОВ ПЕТРОВ - Съдия докладчик,
9b60bd1b-5dd6-4aee-ad84-87d27c11d1e0,23 април 2026,Разпореждане,4782,23.04.2026,Мария Ангелова Ненова - Съдия докладчик,
9b60bd1b-5dd6-4aee-ad84-87d27c11d1e0,06 април 2026,Разпореждане,4079,22.04.2026,Мария Ангелова Ненова - Съдия докладчик,
f70368af-d642-4408-ab1c-547e889399ff,03 април 2026,Заповед за изпълнение,519,,Емилия Дишева - Съдия докладчик,
f70368af-d642-4408-ab1c-547e889399ff,03 април 2026,Разпореждане,1988,,Емилия Дишева - Съдия докладчик,
f70368af-d642-4408-ab1c-547e889399ff,03 април 2026,Разпореждане,1981,03.04.2026,Емилия Дишева - Съдия докладчик,
784b608c-600f-49dd-9ab9-2338d38096cd,14 април 2026,Заповед за изпълнение,265,,Диана Симеонова Стателова - Съдия докладчик,
4a26f185-7b8e-4fc2-ae7d-73fb0da92f60,07 април 2026,Заповед за изпълнение,1172,,Ели Димитрова Анастасова Мицевска - Съдия докладчик,
8b177cac-1d5c-44e5-b806-4a4ca236930b,03 април 2026,Разпореждане,327,03.04.2026,ТОДОР ИВАНОВ ДИМИТРОВ - Съдия докладчик,
ec1e6357-dc6f-4b68-8e2c-38896cf08eac,03 април 2026,Определение,1029,03.04.2026,Росина Николаева Дончева - Съдия докладчик,
3a074b33-cee1-499d-9ab4-2a7759331783,09 юни 2026,Решение,6732,09.06.2026,Николай Ингилизов - Докладчик Йордан Русев - Председател Дани Каназирева - Член на състава,
3a074b33-cee1-499d-9ab4-2a7759331783,03 април 2026,Определение,3970,,Николай Ингилизов - Докладчик,
90bfbc8a-bf5d-4227-84e9-1b40cb761f38,03 април 2026,Заповед за изпълнение,1109,,Людмила Василева Стойнева - Съдия докладчик,
2a6a9420-c7e5-49f7-ba72-6aabfefb6355,15 май 2026,Разпореждане,1224,15.05.2026,Петър Владимиров Петров - Съдия докладчик,
2a6a9420-c7e5-49f7-ba72-6aabfefb6355,03 април 2026,Заповед за изпълнение,189,,Петър Владимиров Петров - Съдия докладчик,
6298c251-ae41-4b5d-84c1-2c7d7ff1c190,06 април 2026,Заповед за изпълнение,1392,,Ана Симеонова Андонова - Съдия докладчик,
a2c3808c-3706-4aec-addf-645afc94ee74,01 октомври 2026,Определение,642,01.10.2026,Живко Павлов Георгиев - Съдия докладчик,
a2c3808c-3706-4aec-addf-645afc94ee74,23 юли 2026,Разпореждане,1353,23.07.2026,Живко Павлов Георгиев - Съдия докладчик,
a2c3808c-3706-4aec-addf-645afc94ee74,07 юли 2026,Определение,425,07.07.2026,Живко Павлов Георгиев - Съдия докладчик,
a2c3808c-3706-4aec-addf-645afc94ee74,13 май 2026,Разпореждане,693,13.05.2026,Живко Павлов Георгиев - Съдия докладчик,
a2c3808c-3706-4aec-addf-645afc94ee74,06 април 2026,Заповед за изпълнение,500,,Живко Павлов Георгиев - Съдия докладчик,
90a1af8c-7dd3-4adb-89df-ecf1ea5abb59,03 април 2026,Определение,731,03.04.2026,АНДОН ВЪЛКОВ ВЪЛКОВ - Съдия докладчик,
5693fd2f-b0c9-4a42-8839-d097046b5e04,09 април 2026,Заповед за изпълнение,754,,Борислав Кирилов Тончев - Съдия докладчик,
78b92648-73fa-4867-830b-5dfb512f75cd,03 април 2026,Разпореждане,326,03.04.2026,ТОДОР ИВАНОВ ДИМИТРОВ - Съдия докладчик,
e59a09bc-8f9a-41d1-be04-70b19e8acb07,15 юни 2026,Изпълнителен лист ЗП,497,15.06.2026,Петър Валентинов Живков - Съдия докладчик,
e59a09bc-8f9a-41d1-be04-70b19e8acb07,06 април 2026,Заповед за изпълнение,349,,Петър Валентинов Живков - Съдия докладчик,
e59a09bc-8f9a-41d1-be04-70b19e8acb07,06 април 2026,Заповед за изпълнение,348,,Петър Валентинов Живков - Съдия докладчик,
fda1c65c-6f2e-447a-bf06-7252d783d0c1,15 септември 2026,Изпълнителен лист ЗП,4947,15.09.2026,Петър Никифоров Петров - Съдия докладчик,
fda1c65c-6f2e-447a-bf06-7252d783d0c1,15 септември 2026,Разпореждане,10766,,Петър Никифоров Петров - Съдия докладчик,
fda1c65c-6f2e-447a-bf06-7252d783d0c1,10 юни 2026,Разпореждане,6518,10.06.2026,Петър Никифоров Петров - Съдия докладчик,
fda1c65c-6f2e-447a-bf06-7252d783d0c1,06 април 2026,Заповед за изпълнение,2273,25.08.2026,Петър Никифоров Петров - Съдия докладчик,
1b9f6b74-3d09-4326-906a-368ae4d54a4d,03 април 2026,Разпореждане,68,03.04.2026,Веселина Топалова - Съдия докладчик,
5d9afe6c-6b53-430a-864b-ac772da6586b,01 септември 2026,Изпълнителен лист ЗП,448,01.09.2026,Мария Джанкова Богданова - Съдия докладчик,
5d9afe6c-6b53-430a-864b-ac772da6586b,01 септември 2026,Разпореждане,1904,01.09.2026,Мария Джанкова Богданова - Съдия докладчик,
5d9afe6c-6b53-430a-864b-ac772da6586b,06 април 2026,Заповед за изпълнение,227,,Мария Джанкова Богданова - Съдия докладчик,
01940a0b-4f31-42ae-af89-5ca77842a1f8,02 юни 2026,Изпълнителен лист ЗП,3771,02.06.2026,Борислава Петрова Борисова-Здравкова - Съдия докладчик,
01940a0b-4f31-42ae-af89-5ca77842a1f8,02 юни 2026,Разпореждане,16086,02.06.2026,Борислава Петрова Борисова-Здравкова - Съдия докладчик,
01940a0b-4f31-42ae-af89-5ca77842a1f8,06 април 2026,Заповед за изпълнение,2959,,Борислава Петрова Борисова-Здравкова - Съдия докладчик,
01940a0b-4f31-42ae-af89-5ca77842a1f8,06 април 2026,Разпореждане,10224,06.04.2026,Борислава Петрова Борисова-Здравкова - Съдия докладчик,
bfa8d121-2663-4d8c-b09b-5d00ccf978ad,24 април 2026,Разпореждане,1242,24.04.2026,Петя Димитрова Стоянова - Съдия докладчик,
bfa8d121-2663-4d8c-b09b-5d00ccf978ad,06 април 2026,Заповед за изпълнение,1399,,Петя Димитрова Стоянова - Съдия докладчик,
ffd53b6e-eecf-4a41-876c-4240686ba382,03 април 2026,Разпореждане,325,03.04.2026,ТОДОР ИВАНОВ ДИМИТРОВ - Съдия докладчик,
114e87b5-c886-4b1a-a4fc-a85183b119fe,29 май 2026,Разпореждане,15787,29.05.2026,МАРИНЕЛА КРАСИМИРОВА МАРИНОВА-СТОЕВА - Съдия докладчик,
114e87b5-c886-4b1a-a4fc-a85183b119fe,06 април 2026,Заповед за изпълнение,2953,,МАРИНЕЛА КРАСИМИРОВА МАРИНОВА-СТОЕВА - Съдия докладчик,
114e87b5-c886-4b1a-a4fc-a85183b119fe,03 април 2026,Разпореждане,10151,03.04.2026,МАРИНЕЛА КРАСИМИРОВА МАРИНОВА-СТОЕВА - Съдия докладчик,
13b3eea2-031a-4601-afaa-7ac29e0b12fb,28 май 2026,Изпълнителен лист ЗП,545,28.05.2026,Живко Павлов Георгиев - Съдия докладчик,
13b3eea2-031a-4601-afaa-7ac29e0b12fb,06 април 2026,Заповед за изпълнение,499,26.05.2026,Живко Павлов Георгиев - Съдия докладчик,
5decbf10-0143-41f3-a94f-5fada404f4db,03 август 2026,Определение,405,17.08.2026,Марин Митков Чорбаджийски - Съдия докладчик,
5decbf10-0143-41f3-a94f-5fada404f4db,19 май 2026,Разпореждане,628,19.05.2026,Марин Митков Чорбаджийски - Съдия докладчик,
5decbf10-0143-41f3-a94f-5fada404f4db,03 април 2026,Заповед за изпълнение,434,,Марин Митков Чорбаджийски - Съдия докладчик,
6a1ed9df-c19f-440a-be88-195ae9f7f7ed,24 юни 2026,Определение,2219,,НЕДА НЕДЕЛЧЕВА ТАБАНДЖОВА ЗАРКОВА - Съдия докладчик,
6a1ed9df-c19f-440a-be88-195ae9f7f7ed,04 май 2026,Разпореждане,12981,04.05.2026,НЕДА НЕДЕЛЧЕВА ТАБАНДЖОВА ЗАРКОВА - Съдия докладчик,
6a1ed9df-c19f-440a-be88-195ae9f7f7ed,03 април 2026,Заповед за изпълнение,2901,,НЕДА НЕДЕЛЧЕВА ТАБАНДЖОВА ЗАРКОВА - Съдия докладчик,
6a1ed9df-c19f-440a-be88-195ae9f7f7ed,03 април 2026,Разпореждане,10075,03.04.2026,НЕДА НЕДЕЛЧЕВА ТАБАНДЖОВА ЗАРКОВА - Съдия докладчик,
af30751b-9703-42c4-853d-10d2a4e724e6,25 септември 2026,Изпълнителен лист ЗП,1123,25.09.2026,Ъшъл Лютфи Ириева - Съдия докладчик,
af30751b-9703-42c4-853d-10d2a4e724e6,25 септември 2026,Разпореждане,4598,25.09.2026,Ъшъл Лютфи Ириева - Съдия докладчик,
af30751b-9703-42c4-853d-10d2a4e724e6,19 май 2026,Разпореждане,2284,19.05.2026,Ъшъл Лютфи Ириева - Съдия докладчик,
af30751b-9703-42c4-853d-10d2a4e724e6,06 април 2026,Заповед за изпълнение,454,,Ъшъл Лютфи Ириева - Съдия докладчик,
d2631fca-9194-4bdf-8fb3-8cbecefcfc53,03 април 2026,Определение,732,03.04.2026,АНДОН ВЪЛКОВ ВЪЛКОВ - Съдия докладчик,
9dddea3f-7b16-4113-bc80-eb4bbe421a96,03 април 2026,Определение,154,16.04.2026,Асен Цветанов - Съдия докладчик,
c23e278d-d7a6-4073-9977-9fceafb44afe,29 май 2026,Изпълнителен лист ЗП,868,29.05.2026,АЛЕКСАНДРА НАНОВА - Съдия докладчик,
c23e278d-d7a6-4073-9977-9fceafb44afe,29 май 2026,Разпореждане,3093,29.05.2026,АЛЕКСАНДРА НАНОВА - Съдия докладчик,
c23e278d-d7a6-4073-9977-9fceafb44afe,26 април 2026,Разпореждане,2184,26.04.2026,АЛЕКСАНДРА НАНОВА - Съдия докладчик,
c23e278d-d7a6-4073-9977-9fceafb44afe,03 април 2026,Заповед за изпълнение,1185,14.05.2026,АЛЕКСАНДРА НАНОВА - Съдия докладчик,
d34d3601-db99-4be6-9613-423cb2473bdf,26 юни 2026,Разпореждане,8277,,Мира Мирчева - Съдия докладчик,
d34d3601-db99-4be6-9613-423cb2473bdf,29 април 2026,Разпореждане,5097,29.04.2026,Мира Мирчева - Съдия докладчик,
d34d3601-db99-4be6-9613-423cb2473bdf,06 април 2026,Заповед за изпълнение,674,14.07.2026,Мира Мирчева - Съдия докладчик,
ddc69a2f-bac6-429c-b362-47826a4ef056,06 октомври 2026,Изпълнителен лист ЗП,6701,06.10.2026,ЛОРА РАНГЕЛОВА СТЕФАНОВА - Съдия докладчик,
ddc69a2f-bac6-429c-b362-47826a4ef056,05 октомври 2026,Разпореждане,29063,05.10.2026,ЛОРА РАНГЕЛОВА СТЕФАНОВА - Съдия докладчик,
ddc69a2f-bac6-429c-b362-47826a4ef056,03 април 2026,Заповед за изпълнение,2918,,ЛОРА РАНГЕЛОВА СТЕФАНОВА - Съдия докладчик,
ddc69a2f-bac6-429c-b362-47826a4ef056,03 април 2026,Разпореждане,10094,03.04.2026,ЛОРА РАНГЕЛОВА СТЕФАНОВА - Съдия докладчик,
858070f4-2be3-4419-a285-a7339e150cb8,15 май 2026,Разпореждане,1897,15.05.2026,МАРИО ДИМИТРОВ СТОЯНОВ - Съдия докладчик,
858070f4-2be3-4419-a285-a7339e150cb8,20 април 2026,Разпореждане,1476,,МАРИО ДИМИТРОВ СТОЯНОВ - Съдия докладчик,
858070f4-2be3-4419-a285-a7339e150cb8,03 април 2026,Разпореждане,1285,03.04.2026,МАРИО ДИМИТРОВ СТОЯНОВ - Съдия докладчик,
938acc40-acd5-46f5-a921-55778476687b,02 октомври 2026,Изпълнителен лист ЗП,1193,02.10.2026,Лилия Методиева Ненова - Съдия докладчик,
938acc40-acd5-46f5-a921-55778476687b,02 октомври 2026,Разпореждане,4809,,Лилия Методиева Ненова - Съдия докладчик,
938acc40-acd5-46f5-a921-55778476687b,02 октомври 2026,Разпореждане,4807,02.10.2026,Лилия Методиева Ненова - Съдия докладчик,
938acc40-acd5-46f5-a921-55778476687b,23 юни 2026,Разпореждане,3044,23.06.2026,Лилия Методиева Ненова - Съдия докладчик,
938acc40-acd5-46f5-a921-55778476687b,08 май 2026,Разпореждане,2016,08.05.2026,Лилия Методиева Ненова - Съдия докладчик,
938acc40-acd5-46f5-a921-55778476687b,06 април 2026,Заповед за изпълнение,471,,Лилия Методиева Ненова - Съдия докладчик,
938acc40-acd5-46f5-a921-55778476687b,06 април 2026,Разпореждане,1522,,Лилия Методиева Ненова - Съдия докладчик,
4cd1bc27-6164-4dc5-86d9-8cd54399b7d7,08 юни 2026,Разпореждане,463,08.06.2026,Мая Павлова Кончарска - Съдия докладчик,
4cd1bc27-6164-4dc5-86d9-8cd54399b7d7,03 април 2026,Заповед за изпълнение,72,,Мая Павлова Кончарска - Съдия докладчик,
4cd1bc27-6164-4dc5-86d9-8cd54399b7d7,03 април 2026,Разпореждане,279,03.04.2026,Мая Павлова Кончарска - Съдия докладчик,
c566e009-9902-4b4a-befb-49a2bce67784,06 април 2026,Заповед за изпълнение,1212,,ИСКРЕН БОРИСОВ - Съдия докладчик,
8be84230-bc1e-491a-a9ff-065ab39866e8,21 април 2026,Заповед за изпълнение,2720,,Мирослав Данаилов Досов - Съдия докладчик,
3a4240cb-2ca3-419f-ab87-8a80951b0336,04 септември 2026,Определение,492,17.09.2026,Божидарка Данчова Йосифова - Съдия докладчик,
3a4240cb-2ca3-419f-ab87-8a80951b0336,15 юли 2026,Разпореждане,2900,15.07.2026,Божидарка Данчова Йосифова - Съдия докладчик,
3a4240cb-2ca3-419f-ab87-8a80951b0336,15 юли 2026,Разпореждане,2883,15.07.2026,Божидарка Данчова Йосифова - Съдия докладчик,
3a4240cb-2ca3-419f-ab87-8a80951b0336,15 юли 2026,Разпореждане,2865,15.07.2026,Божидарка Данчова Йосифова - Съдия докладчик,
3a4240cb-2ca3-419f-ab87-8a80951b0336,26 май 2026,Разпореждане,2048,26.05.2026,Божидарка Данчова Йосифова - Съдия докладчик,
3a4240cb-2ca3-419f-ab87-8a80951b0336,15 май 2026,Разпореждане,1908,15.05.2026,Божидарка Данчова Йосифова - Съдия докладчик,
3a4240cb-2ca3-419f-ab87-8a80951b0336,03 април 2026,Заповед за изпълнение,390,,Божидарка Данчова Йосифова - Съдия докладчик,
6228f472-cbcd-4d67-8777-1dcf7c00fdc3,27 август 2026,Определение,1895,10.09.2026,Неделин Йорданов Захариев - Съдия докладчик,
6228f472-cbcd-4d67-8777-1dcf7c00fdc3,11 май 2026,Разпореждане,5156,11.05.2026,Неделин Йорданов Захариев - Съдия докладчик,
6228f472-cbcd-4d67-8777-1dcf7c00fdc3,07 април 2026,Заповед за изпълнение,2351,,Неделин Йорданов Захариев - Съдия докладчик,
e0843f8a-6a0d-49f9-9665-640d1e78be52,04 април 2026,Заповед за изпълнение,944,,Мария Гецова Димитрова - Съдия докладчик,
5b008b73-9e49-488a-bf0d-152e58633576,02 юли 2026,Изпълнителен лист ЗП,627,02.07.2026,Светла Радева - Съдия докладчик,
5b008b73-9e49-488a-bf0d-152e58633576,11 юни 2026,Разпореждане,2473,01.07.2026,Светла Радева - Съдия докладчик,
5b008b73-9e49-488a-bf0d-152e58633576,06 април 2026,Заповед за изпълнение,692,19.05.2026,Светла Радева - Съдия докладчик,
11081165-8eab-4b25-91b5-f14e46f58de4,03 септември 2026,Разпореждане,3102,03.09.2026,Димитринка Емилова Купринджийска - Съдия докладчик,
11081165-8eab-4b25-91b5-f14e46f58de4,07 април 2026,Заповед за изпълнение,529,,Димитринка Емилова Купринджийска - Съдия докладчик,
9ed67293-aae6-4b53-8aa1-8dc5aa9d8cce,03 април 2026,Заповед за изпълнение,371,,Динко Минчев Динков - Съдия докладчик,
7e1af912-7aa1-4454-8df3-47d0e1163028,25 август 2026,Изпълнителен лист ЗП,1445,25.08.2026,Димитър Чардаков - Съдия докладчик,
7e1af912-7aa1-4454-8df3-47d0e1163028,20 август 2026,Разпореждане,10273,,Димитър Чардаков - Съдия докладчик,
7e1af912-7aa1-4454-8df3-47d0e1163028,07 юли 2026,Разпореждане,8750,07.07.2026,Димитър Чардаков - Съдия докладчик,
7e1af912-7aa1-4454-8df3-47d0e1163028,19 юни 2026,Разпореждане,7843,19.06.2026,Димитър Чардаков - Съдия докладчик,
7e1af912-7aa1-4454-8df3-47d0e1163028,26 май 2026,Разпореждане,6307,26.05.2026,Димитър Чардаков - Съдия докладчик,
7e1af912-7aa1-4454-8df3-47d0e1163028,14 май 2026,Разпореждане,5810,14.05.2026,Димитър Чардаков - Съдия докладчик,
7e1af912-7aa1-4454-8df3-47d0e1163028,28 април 2026,Разпореждане,4968,28.04.2026,Димитър Чардаков - Съдия докладчик,
7e1af912-7aa1-4454-8df3-47d0e1163028,03 април 2026,Заповед за изпълнение,635,04.08.2026,Димитър Чардаков - Съдия докладчик,
3ec7263b-29ef-49c4-b01b-020b7073c9df,23 април 2026,Протокол,153,23.04.2026,ТОДОР ИВАНОВ ДИМИТРОВ - Съдия докладчик,
3ec7263b-29ef-49c4-b01b-020b7073c9df,23 април 2026,Решение,59,01.05.2026,ТОДОР ИВАНОВ ДИМИТРОВ - Съдия докладчик,
3ec7263b-29ef-49c4-b01b-020b7073c9df,16 април 2026,Протокол,142,16.04.2026,ТОДОР ИВАНОВ ДИМИТРОВ - Съдия докладчик,
3ec7263b-29ef-49c4-b01b-020b7073c9df,03 април 2026,Разпореждане,324,03.04.2026,ТОДОР ИВАНОВ ДИМИТРОВ - Съдия докладчик,
16574030-7d45-4d5a-9954-d3194de18d85,20 юли 2026,Разпореждане,1874,20.07.2026,Петко Русев Георгиев - Съдия докладчик,
16574030-7d45-4d5a-9954-d3194de18d85,06 юли 2026,Разпореждане,1642,06.07.2026,Петко Русев Георгиев - Съдия докладчик,
16574030-7d45-4d5a-9954-d3194de18d85,27 май 2026,Разпореждане,1235,27.05.2026,Петко Русев Георгиев - Съдия докладчик,
16574030-7d45-4d5a-9954-d3194de18d85,22 май 2026,Разпореждане,1198,22.05.2026,Петко Русев Георгиев - Съдия докладчик,
16574030-7d45-4d5a-9954-d3194de18d85,03 април 2026,Заповед за изпълнение,613,,Петко Русев Георгиев - Съдия докладчик,
d977fe44-31d1-4d04-b591-893428eaa7f7,10 септември 2026,Определение,594,10.09.2026,Живко Павлов Георгиев - Съдия докладчик,
d977fe44-31d1-4d04-b591-893428eaa7f7,27 юли 2026,Разпореждане,1382,27.07.2026,Живко Павлов Георгиев - Съдия докладчик,
d977fe44-31d1-4d04-b591-893428eaa7f7,06 април 2026,Заповед за изпълнение,498,,Живко Павлов Георгиев - Съдия докладчик,
d8c94e58-bc88-4e58-b526-baec597f46f4,25 юни 2026,Разпореждане,1707,09.07.2026,Вяра Петракиева - Велинова - Съдия докладчик,
d8c94e58-bc88-4e58-b526-baec597f46f4,12 май 2026,Разпореждане,1358,12.05.2026,Вяра Петракиева - Велинова - Съдия докладчик,
d8c94e58-bc88-4e58-b526-baec597f46f4,24 април 2026,Разпореждане,1173,24.04.2026,Вяра Петракиева - Велинова - Съдия докладчик,
d8c94e58-bc88-4e58-b526-baec597f46f4,19 април 2026,Заповед за изпълнение,251,,Вяра Петракиева - Велинова - Съдия докладчик,
d8c94e58-bc88-4e58-b526-baec597f46f4,19 април 2026,Разпореждане,1078,05.05.2026,Вяра Петракиева - Велинова - Съдия докладчик,
d8c94e58-bc88-4e58-b526-baec597f46f4,03 април 2026,Разпореждане,905,03.04.2026,Вяра Петракиева - Велинова - Съдия докладчик,
cce255b5-3b96-42f3-ab64-7f0fdc1165d1,02 юни 2026,Изпълнителен лист ЗП,332,02.06.2026,Гергана Кузманова - Съдия докладчик,
cce255b5-3b96-42f3-ab64-7f0fdc1165d1,02 юни 2026,Разпореждане,1131,02.06.2026,Гергана Кузманова - Съдия докладчик,
cce255b5-3b96-42f3-ab64-7f0fdc1165d1,06 април 2026,Заповед за изпълнение,383,,Гергана Кузманова - Съдия докладчик,
bce41ed6-ca63-4e9a-ba72-56d4c70248db,18 юни 2026,Решение,7242,18.06.2026,Величка Георгиева - Докладчик Анелия Харитева - Председател Йордан Русев - Член на състава,
bce41ed6-ca63-4e9a-ba72-56d4c70248db,15 април 2026,Разпореждане,4387,,Величка Георгиева - Докладчик,
aeaecb40-cbcd-4b00-bb43-8ca0f142f673,03 април 2026,Заповед за изпълнение,79,,НАТАЛИЯ СЕМОВА РАЙКОВА АТАНАСОВА - Съдия докладчик,
fff3dd8b-713b-4bc9-b9dd-5b887d91f03e,19 май 2026,Изпълнителен лист ЗП,1137,19.05.2026,Милен Иванов Бойчев - Съдия докладчик,
fff3dd8b-713b-4bc9-b9dd-5b887d91f03e,19 май 2026,Разпореждане,4766,19.05.2026,Милен Иванов Бойчев - Съдия докладчик,
fff3dd8b-713b-4bc9-b9dd-5b887d91f03e,03 април 2026,Заповед за изпълнение,916,16.05.2026,Милен Иванов Бойчев - Съдия докладчик,
b6ca2363-21a3-4a79-8757-28a15e6e0314,11 май 2026,Разпореждане,4238,11.05.2026,Елена Иванова Балджиева - Съдия докладчик,
b6ca2363-21a3-4a79-8757-28a15e6e0314,03 април 2026,Заповед за изпълнение,912,,Елена Иванова Балджиева - Съдия докладчик,
9649fcb0-a454-490a-8446-70254523d2a1,21 май 2026,Изпълнителен лист ЗП,1354,21.05.2026,Петина Кръстева Николова - Съдия докладчик,
9649fcb0-a454-490a-8446-70254523d2a1,20 май 2026,Разпореждане,5317,20.05.2026,Петина Кръстева Николова - Съдия докладчик,
9649fcb0-a454-490a-8446-70254523d2a1,03 април 2026,Заповед за изпълнение,1337,09.05.2026,Петина Кръстева Николова - Съдия докладчик,
c72f97b6-a21a-4016-b313-6ffb0a789d36,06 април 2026,Заповед за изпълнение,2971,,Ивайло Юлианов Колев - Съдия докладчик,
c72f97b6-a21a-4016-b313-6ffb0a789d36,03 април 2026,Разпореждане,10154,03.04.2026,Ивайло Юлианов Колев - Съдия докладчик,
e8cfefe9-8c3e-46aa-8127-fe0cb52ac613,03 юни 2026,Изпълнителен лист ЗП,490,03.06.2026,Иван Христов Христов - Съдия докладчик,
e8cfefe9-8c3e-46aa-8127-fe0cb52ac613,06 април 2026,Заповед за изпълнение,469,27.05.2026,Иван Христов Христов - Съдия докладчик,
e8cfefe9-8c3e-46aa-8127-fe0cb52ac613,06 април 2026,Разпореждане,588,06.04.2026,Иван Христов Христов - Съдия докладчик,
d496fd45-17ef-4358-8061-9e3bdb1048e0,25 юни 2026,Разпореждане,7238,25.06.2026,Магдалена Бориславова Младенова-Стоева - Съдия докладчик,
d496fd45-17ef-4358-8061-9e3bdb1048e0,06 април 2026,Заповед за изпълнение,2279,,Магдалена Бориславова Младенова-Стоева - Съдия докладчик,
10e3b14a-e490-42d1-85e6-0003ba91104a,06 април 2026,Заповед за изпълнение,1154,,Иван Божиков Димитров - Съдия докладчик,
4f2f61b4-8509-4a85-b4f2-e81d913fd44a,22 април 2026,Разпореждане,2357,08.05.2026,Катя Сукалинска - Съдия докладчик,
4f2f61b4-8509-4a85-b4f2-e81d913fd44a,03 април 2026,Разпореждане,2009,03.04.2026,Катя Сукалинска - Съдия докладчик,
b79d0e4e-40d9-4fdc-9a93-4b7bc7e05520,27 май 2026,Изпълнителен лист ЗП,627,27.05.2026,ВАЛЕНТИНА ИВАНОВА ТОДОРОВА - Съдия докладчик,
b79d0e4e-40d9-4fdc-9a93-4b7bc7e05520,27 май 2026,Разпореждане,3493,27.05.2026,ВАЛЕНТИНА ИВАНОВА ТОДОРОВА - Съдия докладчик,
b79d0e4e-40d9-4fdc-9a93-4b7bc7e05520,03 април 2026,Заповед за изпълнение,817,18.05.2026,ВАЛЕНТИНА ИВАНОВА ТОДОРОВА - Съдия докладчик,
e7ef84c5-3055-46b9-a0ba-e42ec554fa6c,26 август 2026,Определение,250,29.09.2026,Петранка Стоянова Жекова - Съдия докладчик,
e7ef84c5-3055-46b9-a0ba-e42ec554fa6c,29 юли 2026,Изпълнителен лист,95,29.07.2026,,
e7ef84c5-3055-46b9-a0ba-e42ec554fa6c,29 юли 2026,Изпълнителен лист,94,29.07.2026,,
e7ef84c5-3055-46b9-a0ba-e42ec554fa6c,10 юли 2026,Изпълнителен лист,83,10.07.2026,,
e7ef84c5-3055-46b9-a0ba-e42ec554fa6c,10 юли 2026,Изпълнителен лист,82,10.07.2026,,
e7ef84c5-3055-46b9-a0ba-e42ec554fa6c,10 юли 2026,Изпълнителен лист,81,10.07.2026,,
e7ef84c5-3055-46b9-a0ba-e42ec554fa6c,10 юли 2026,Изпълнителен лист,80,10.07.2026,,
e7ef84c5-3055-46b9-a0ba-e42ec554fa6c,15 юни 2026,Определение,170,09.07.2026,Петранка Стоянова Жекова - Съдия докладчик,
e7ef84c5-3055-46b9-a0ba-e42ec554fa6c,11 май 2026,Протокол,152,11.05.2026,Петранка Стоянова Жекова - Съдия докладчик,
e7ef84c5-3055-46b9-a0ba-e42ec554fa6c,11 май 2026,Определение,131,19.05.2026,Петранка Стоянова Жекова - Съдия докладчик,
4bdd0898-2968-40e6-9242-6bf764bd27ab,24 август 2026,Разпореждане,527,24.08.2026,Даниела Каролова Телбизова-Янчева - Съдия докладчик,
4bdd0898-2968-40e6-9242-6bf764bd27ab,10 юни 2026,Решение,191,,Даниела Каролова Телбизова-Янчева - Съдия докладчик Николай Илиев Уруков - Член Атанас Димов Атанасов - Член,
4bdd0898-2968-40e6-9242-6bf764bd27ab,13 май 2026,Протокол,181,13.05.2026,Даниела Каролова Телбизова-Янчева - Съдия докладчик Николай Илиев Уруков - Член Атанас Димов Атанасов - Член,
4bdd0898-2968-40e6-9242-6bf764bd27ab,16 април 2026,Определение,523,16.04.2026,Даниела Каролова Телбизова-Янчева - Съдия докладчик Николай Илиев Уруков - Член Атанас Димов Атанасов - Член,
324a1d89-e0f9-4a0d-ab39-93626e82355d,25 септември 2026,Разпореждане,9828,25.09.2026,Петранка Бонева Петрова - Съдия докладчик,
324a1d89-e0f9-4a0d-ab39-93626e82355d,27 май 2026,Разпореждане,5594,27.05.2026,Мирослав Цветанов Марков - Съдия докладчик,
324a1d89-e0f9-4a0d-ab39-93626e82355d,03 април 2026,Заповед за изпълнение,1315,,Петранка Бонева Петрова - Съдия докладчик,
324a1d89-e0f9-4a0d-ab39-93626e82355d,03 април 2026,Разпореждане,3341,03.04.2026,Петранка Бонева Петрова - Съдия докладчик,
73075ca9-d80f-41c6-b168-a4b6a5dab7b3,29 юли 2026,Определение,319,12.08.2026,Димитър Иванов Стратиев - Съдия докладчик,
73075ca9-d80f-41c6-b168-a4b6a5dab7b3,20 май 2026,Разпореждане,709,20.05.2026,Димитър Иванов Стратиев - Съдия докладчик,
73075ca9-d80f-41c6-b168-a4b6a5dab7b3,16 април 2026,Разпореждане,574,16.04.2026,Димитър Иванов Стратиев - Съдия докладчик,
73075ca9-d80f-41c6-b168-a4b6a5dab7b3,15 април 2026,Разпореждане,571,15.04.2026,Димитър Иванов Стратиев - Съдия докладчик,
73075ca9-d80f-41c6-b168-a4b6a5dab7b3,03 април 2026,Разпореждане,533,16.04.2026,Димитър Иванов Стратиев - Съдия докладчик,
73075ca9-d80f-41c6-b168-a4b6a5dab7b3,03 април 2026,Заповед за изпълнение,135,,Димитър Иванов Стратиев - Съдия докладчик,
5849ec93-697d-4838-9faf-ec190254a8c8,18 септември 2026,Изпълнителен лист ЗП,6257,18.09.2026,ВИЛЯНА ГОСПОДИНОВА МАНОВА - Съдия докладчик,
5849ec93-697d-4838-9faf-ec190254a8c8,18 септември 2026,Разпореждане,27550,18.09.2026,ВИЛЯНА ГОСПОДИНОВА МАНОВА - Съдия докладчик,
5849ec93-697d-4838-9faf-ec190254a8c8,06 април 2026,Заповед за изпълнение,2986,,Михаил Ангелов Алексов - Съдия докладчик,
5849ec93-697d-4838-9faf-ec190254a8c8,06 април 2026,Разпореждане,10257,06.04.2026,Михаил Ангелов Алексов - Съдия докладчик,
756e4a29-d0e1-421e-90ea-a59f74371228,01 октомври 2026,Разпореждане,1751,,Стефан Марков Стойков - Съдия докладчик,
756e4a29-d0e1-421e-90ea-a59f74371228,01 октомври 2026,Изпълнителен лист ЗП,80,01.10.2026,Стефан Марков Стойков - Съдия докладчик,
756e4a29-d0e1-421e-90ea-a59f74371228,27 юли 2026,Заповед за изпълнение,84,,Стефан Марков Стойков - Съдия докладчик,
756e4a29-d0e1-421e-90ea-a59f74371228,15 април 2026,Разпореждане,636,,Стефан Марков Стойков - Съдия докладчик,
63bb5f6c-358d-49b0-8336-1d6fe82df68b,09 октомври 2026,Разпореждане,28064,09.10.2026,Десислава Янева-Димитрова - Член,
63bb5f6c-358d-49b0-8336-1d6fe82df68b,01 октомври 2026,Определение,20708,01.10.2026,Мая Йорданова Михайлова - Член,
63bb5f6c-358d-49b0-8336-1d6fe82df68b,28 септември 2026,Определение,20232,28.09.2026,Василена Дранчовска - Член,
63bb5f6c-358d-49b0-8336-1d6fe82df68b,25 септември 2026,Определение,20146,25.09.2026,Атанас Стефанов Караиванов - Член,
63bb5f6c-358d-49b0-8336-1d6fe82df68b,18 септември 2026,Определение,19654,18.09.2026,Емилия Александрова - Член,
63bb5f6c-358d-49b0-8336-1d6fe82df68b,17 септември 2026,Определение,19485,17.09.2026,Илина Велизарова Златарева Митева - Член,
63bb5f6c-358d-49b0-8336-1d6fe82df68b,10 септември 2026,Определение,18940,10.09.2026,Петър Иванов Минчев - Член,
63bb5f6c-358d-49b0-8336-1d6fe82df68b,09 септември 2026,Определение,18844,09.09.2026,Пламен Колев - Председател,
63bb5f6c-358d-49b0-8336-1d6fe82df68b,04 септември 2026,Определение,18631,04.09.2026,Цветанка Бенина - Член,
63bb5f6c-358d-49b0-8336-1d6fe82df68b,04 септември 2026,Определение,18619,04.09.2026,Елена Радева - Член,
c959f6eb-f0b0-4239-8c1c-13cb74afa53c,03 юли 2026,Разпореждане,1644,03.07.2026,ИВЕЛИНА ПЕТРОВА ЙОРДАНОВА ИГНАТОВА - Съдия докладчик,
c959f6eb-f0b0-4239-8c1c-13cb74afa53c,10 април 2026,Заповед за изпълнение,148,31.08.2026,ИВЕЛИНА ПЕТРОВА ЙОРДАНОВА ИГНАТОВА - Съдия докладчик,
c959f6eb-f0b0-4239-8c1c-13cb74afa53c,10 април 2026,Разпореждане,673,,ИВЕЛИНА ПЕТРОВА ЙОРДАНОВА ИГНАТОВА - Съдия докладчик,
83a7d0f1-41db-4321-bf0e-2be48a009847,08 октомври 2026,Протокол,9197,08.10.2026,Костадин Божидаров Иванов - Съдия докладчик,
83a7d0f1-41db-4321-bf0e-2be48a009847,09 юни 2026,Определение,7174,09.06.2026,Костадин Божидаров Иванов - Съдия докладчик,
83a7d0f1-41db-4321-bf0e-2be48a009847,14 април 2026,Разпореждане,7154,14.04.2026,Костадин Божидаров Иванов - Съдия докладчик,
83a7d0f1-41db-4321-bf0e-2be48a009847,08 април 2026,Разпореждане,6992,08.04.2026,Костадин Божидаров Иванов - Съдия докладчик,
7c285333-71bb-44cf-b10e-f36578c9efff,18 септември 2026,Изпълнителен лист ЗП,951,18.09.2026,ВЛАДИМИР ТОДОРОВ КАРАГЬОЗОВ - Съдия докладчик,
7c285333-71bb-44cf-b10e-f36578c9efff,16 септември 2026,Разпореждане,4573,,ВЛАДИМИР ТОДОРОВ КАРАГЬОЗОВ - Съдия докладчик,
7c285333-71bb-44cf-b10e-f36578c9efff,07 юли 2026,Разпореждане,3088,,ВЛАДИМИР ТОДОРОВ КАРАГЬОЗОВ - Съдия докладчик,
7c285333-71bb-44cf-b10e-f36578c9efff,07 юли 2026,Разпореждане,3085,,ВЛАДИМИР ТОДОРОВ КАРАГЬОЗОВ - Съдия докладчик,
7c285333-71bb-44cf-b10e-f36578c9efff,26 юни 2026,Разпореждане,2871,,ВЛАДИМИР ТОДОРОВ КАРАГЬОЗОВ - Съдия докладчик,
7c285333-71bb-44cf-b10e-f36578c9efff,04 април 2026,Заповед за изпълнение,685,25.08.2026,ВЛАДИМИР ТОДОРОВ КАРАГЬОЗОВ - Съдия докладчик,
d5f3a22a-7b72-4f28-bec9-765aa8173c8a,11 септември 2026,Определение,2036,,Калина Христова Христова - Съдия докладчик,
d5f3a22a-7b72-4f28-bec9-765aa8173c8a,19 юни 2026,Разпореждане,6912,19.06.2026,Калина Христова Христова - Съдия докладчик,
d5f3a22a-7b72-4f28-bec9-765aa8173c8a,06 април 2026,Заповед за изпълнение,2313,,Калина Христова Христова - Съдия докладчик,
77c480f2-c0f3-4b6f-82fe-43fac3c288bd,02 октомври 2026,Изпълнителен лист ЗП,476,02.10.2026,ИРЕНА ВАСИЛЕВА РАБАДЖИЕВА - Съдия докладчик,
77c480f2-c0f3-4b6f-82fe-43fac3c288bd,02 октомври 2026,Разпореждане,2613,,ИРЕНА ВАСИЛЕВА РАБАДЖИЕВА - Съдия докладчик,
77c480f2-c0f3-4b6f-82fe-43fac3c288bd,03 април 2026,Заповед за изпълнение,83,07.07.2026,ИРЕНА ВАСИЛЕВА РАБАДЖИЕВА - Съдия докладчик,
5265c46f-61fc-4133-b993-e17594d3d551,28 август 2026,Разпореждане,1300,,Милена Вескова Хазарян - Съдия докладчик,
5265c46f-61fc-4133-b993-e17594d3d551,10 юни 2026,Определение,289,,Милена Вескова Хазарян - Съдия докладчик,
5265c46f-61fc-4133-b993-e17594d3d551,23 април 2026,Разпореждане,465,,Милена Вескова Хазарян - Съдия докладчик,
5265c46f-61fc-4133-b993-e17594d3d551,03 април 2026,Заповед за изпълнение,145,,Милена Вескова Хазарян - Съдия докладчик,
c41d0585-912c-48b3-b262-fb63e1d40cc5,09 октомври 2026,Протокол,360,09.10.2026,Пламен Стефанов Златев - Съдия докладчик,
c41d0585-912c-48b3-b262-fb63e1d40cc5,18 септември 2026,Протокол,317,18.09.2026,Атанас Димов Атанасов - Съдия докладчик,
c41d0585-912c-48b3-b262-fb63e1d40cc5,01 юли 2026,Определение,865,01.07.2026,Атанас Димов Атанасов - Съдия докладчик,
c41d0585-912c-48b3-b262-fb63e1d40cc5,22 юни 2026,Определение,812,22.06.2026,Атанас Димов Атанасов - Съдия докладчик,
c41d0585-912c-48b3-b262-fb63e1d40cc5,27 април 2026,Разпореждане,254,27.04.2026,Атанас Димов Атанасов - Съдия докладчик,
c41d0585-912c-48b3-b262-fb63e1d40cc5,06 април 2026,Разпореждане,207,06.04.2026,Атанас Димов Атанасов - Съдия докладчик,
bbf55137-29c9-4881-bb14-7947e476a78c,04 май 2026,Решение,2110,04.05.2026,Диана Илиева Костадинова - Съдия докладчик,
bbf55137-29c9-4881-bb14-7947e476a78c,16 април 2026,Протоколно определение,3957,16.04.2026,Диана Илиева Костадинова - Съдия докладчик,
bbf55137-29c9-4881-bb14-7947e476a78c,06 април 2026,Определение,4439,06.04.2026,Диана Илиева Костадинова - Съдия докладчик,
3050d3c6-62f5-42b8-ae9e-c7cddea6b252,17 юни 2026,Разпореждане,684,,Диана Димитрова Митева - Съдия докладчик,
3050d3c6-62f5-42b8-ae9e-c7cddea6b252,11 юни 2026,Разпореждане,655,11.06.2026,Диана Димитрова Митева - Съдия докладчик,
3050d3c6-62f5-42b8-ae9e-c7cddea6b252,07 април 2026,Определение,165,,Марин Георгиев Маринов - Председател Диана Димитрова Митева - Съдия докладчик Магдалена Кръстева Недева - Член,
6d104696-0192-4a8f-8814-bd6ab17565ae,15 юни 2026,Разпореждане,17556,15.06.2026,Татяна Иванова Тодорова - Съдия докладчик,
6d104696-0192-4a8f-8814-bd6ab17565ae,06 април 2026,Заповед за изпълнение,2954,,Татяна Иванова Тодорова - Съдия докладчик,
6d104696-0192-4a8f-8814-bd6ab17565ae,06 април 2026,Разпореждане,10207,06.04.2026,Татяна Иванова Тодорова - Съдия докладчик,
b1701bad-4247-4f8a-b18b-e47bbd31e817,14 май 2026,Определение,10453,14.05.2026,Стефан Кюркчиев - Председател Гергана Коюмджиева - Съдия докладчик Мария Милкова Запрянова - Член,
ad97d517-30fe-4c33-ba39-eb2bc29d69c0,01 октомври 2026,Изпълнителен лист ЗП,2856,01.10.2026,Десислава Николаева Великова - Съдия докладчик,
ad97d517-30fe-4c33-ba39-eb2bc29d69c0,01 октомври 2026,Разпореждане,9783,01.10.2026,Десислава Николаева Великова - Съдия докладчик,
ad97d517-30fe-4c33-ba39-eb2bc29d69c0,03 април 2026,Заповед за изпълнение,907,,Татяна Тодорова Илиева - Съдия докладчик,
bc7394fd-ccbb-4cdd-bf1b-e9ad849e9810,18 май 2026,Изпълнителен лист ЗП,2442,18.05.2026,Емил Кръстев Ангелов - Съдия докладчик,
bc7394fd-ccbb-4cdd-bf1b-e9ad849e9810,18 май 2026,Разпореждане,5425,,Емил Кръстев Ангелов - Съдия докладчик,
bc7394fd-ccbb-4cdd-bf1b-e9ad849e9810,07 април 2026,Заповед за изпълнение,2321,12.05.2026,Емил Кръстев Ангелов - Съдия докладчик,
d7a4e4c4-b0f1-4b96-aa86-d674c012e53c,13 юли 2026,Изпълнителен лист ЗП,354,13.07.2026,Диана Розалинова Хубенова - Съдия докладчик,
d7a4e4c4-b0f1-4b96-aa86-d674c012e53c,13 юли 2026,Разпореждане,1530,13.07.2026,Диана Розалинова Хубенова - Съдия докладчик,
d7a4e4c4-b0f1-4b96-aa86-d674c012e53c,30 юни 2026,Разпореждане,1377,30.06.2026,Диана Розалинова Хубенова - Съдия докладчик,
d7a4e4c4-b0f1-4b96-aa86-d674c012e53c,03 април 2026,Заповед за изпълнение,144,04.07.2026,Диана Розалинова Хубенова - Съдия докладчик,
f987404b-10c4-4e8e-9c98-2fe5dda13c84,10 юни 2026,Решение,6824,10.06.2026,Мария Златанова - Докладчик Милена Несторова – Дичева - Председател Дарина Матеева - Член на състава,
f987404b-10c4-4e8e-9c98-2fe5dda13c84,06 април 2026,Определение,4026,,Светомир Бабаков - Докладчик,
7743a413-e756-44c4-9360-dcbbb5c7fc32,28 май 2026,Изпълнителен лист ЗП,444,28.05.2026,Дияна Иванова Дамянова Цанкова - Съдия докладчик,
7743a413-e756-44c4-9360-dcbbb5c7fc32,28 май 2026,Разпореждане,1271,,Дияна Иванова Дамянова Цанкова - Съдия докладчик,
7743a413-e756-44c4-9360-dcbbb5c7fc32,22 април 2026,Заповед за изпълнение,427,26.05.2026,Дияна Иванова Дамянова Цанкова - Съдия докладчик,
7743a413-e756-44c4-9360-dcbbb5c7fc32,22 април 2026,Разпореждане,912,,Дияна Иванова Дамянова Цанкова - Съдия докладчик,
7743a413-e756-44c4-9360-dcbbb5c7fc32,15 април 2026,Разпореждане,851,15.04.2026,Дияна Иванова Дамянова Цанкова - Съдия докладчик,
7743a413-e756-44c4-9360-dcbbb5c7fc32,04 април 2026,Разпореждане,767,04.04.2026,Дияна Иванова Дамянова Цанкова - Съдия докладчик,
71e38b84-aa09-4b10-82f9-1356b38e5129,03 април 2026,Заповед за изпълнение,1134,,Светослав Атанасов Пиронев - Съдия докладчик,
3cb84dad-c3db-491c-9901-db8700b75d8b,16 юни 2026,Разпореждане,369,16.06.2026,Николай Илиев Уруков - Съдия докладчик,
dd4f6e96-eeef-44f7-8844-36be0d7dd989,12 август 2026,Изпълнителен лист,91,12.08.2026,,
dd4f6e96-eeef-44f7-8844-36be0d7dd989,12 август 2026,Изпълнителен лист,90,12.08.2026,,
dd4f6e96-eeef-44f7-8844-36be0d7dd989,08 юни 2026,Протокол,157,08.06.2026,ЦВЕТОМИЛ ГОРЧЕВ - Съдия докладчик,
dd4f6e96-eeef-44f7-8844-36be0d7dd989,08 юни 2026,Протокол,155,08.06.2026,ЦВЕТОМИЛ ГОРЧЕВ - Съдия докладчик,
dd4f6e96-eeef-44f7-8844-36be0d7dd989,02 юни 2026,Присъда,7,18.06.2026,ЦВЕТОМИЛ ГОРЧЕВ - Съдия докладчик,
dd4f6e96-eeef-44f7-8844-36be0d7dd989,06 април 2026,Разпореждане,105,06.04.2026,ЦВЕТОМИЛ ГОРЧЕВ - Съдия докладчик,
e859c809-2568-4679-8ed7-529c9cb1cef2,01 октомври 2026,Определение,712,,Станислав Иванов Цветков - Съдия докладчик,
e859c809-2568-4679-8ed7-529c9cb1cef2,04 юни 2026,Определение,404,04.06.2026,Станислав Иванов Цветков - Съдия докладчик,
e859c809-2568-4679-8ed7-529c9cb1cef2,02 юни 2026,Разпореждане,1133,02.06.2026,Станислав Иванов Цветков - Съдия докладчик,
e859c809-2568-4679-8ed7-529c9cb1cef2,03 април 2026,Заповед за изпълнение,146,03.04.2026,Станислав Иванов Цветков - Съдия докладчик,
e859c809-2568-4679-8ed7-529c9cb1cef2,03 април 2026,Разпореждане,575,21.04.2026,Станислав Иванов Цветков - Съдия докладчик,
5ee3188b-47b6-4f2e-9477-9becce9b6add,27 август 2026,Разпореждане,2091,09.09.2026,Вяра Петракиева - Велинова - Съдия докладчик,
5ee3188b-47b6-4f2e-9477-9becce9b6add,08 юли 2026,Разпореждане,1790,08.07.2026,Вяра Петракиева - Велинова - Съдия докладчик,
5ee3188b-47b6-4f2e-9477-9becce9b6add,21 май 2026,Разпореждане,1416,21.05.2026,Вяра Петракиева - Велинова - Съдия докладчик,
5ee3188b-47b6-4f2e-9477-9becce9b6add,21 май 2026,Разпореждане,1412,21.05.2026,Вяра Петракиева - Велинова - Съдия докладчик,
5ee3188b-47b6-4f2e-9477-9becce9b6add,13 април 2026,Заповед за изпълнение,225,,Вяра Петракиева - Велинова - Съдия докладчик,
5ee3188b-47b6-4f2e-9477-9becce9b6add,13 април 2026,Разпореждане,1005,29.04.2026,Вяра Петракиева - Велинова - Съдия докладчик,
5ee3188b-47b6-4f2e-9477-9becce9b6add,03 април 2026,Разпореждане,904,03.04.2026,Вяра Петракиева - Велинова - Съдия докладчик,
3895b3b1-0254-4a40-831c-51f553640a35,22 май 2026,Изпълнителен лист ЗП,468,22.05.2026,Генчо Атанасов - Съдия докладчик,
3895b3b1-0254-4a40-831c-51f553640a35,22 май 2026,Разпореждане,3209,,Генчо Атанасов - Съдия докладчик,
3895b3b1-0254-4a40-831c-51f553640a35,03 април 2026,Заповед за изпълнение,285,,Генчо Атанасов - Съдия докладчик,
c0f70e93-32a0-4fa4-b815-21a62804d86c,22 юли 2026,Изпълнителен лист ЗП,5073,22.07.2026,Иванина Игнатова Иванова - Съдия докладчик,
c0f70e93-32a0-4fa4-b815-21a62804d86c,22 юли 2026,Разпореждане,21630,22.07.2026,Иванина Игнатова Иванова - Съдия докладчик,
c0f70e93-32a0-4fa4-b815-21a62804d86c,03 април 2026,Заповед за изпълнение,2935,,Иванина Игнатова Иванова - Съдия докладчик,
c0f70e93-32a0-4fa4-b815-21a62804d86c,03 април 2026,Разпореждане,10157,03.04.2026,Иванина Игнатова Иванова - Съдия докладчик,
8f9d6715-d464-4106-936d-ce89b5b63bc0,20 май 2026,Решение,716,20.05.2026,Николай Витков - Докладчик Нели Дончева - Председател Борис Борисов - Член на състава,
8f9d6715-d464-4106-936d-ce89b5b63bc0,03 април 2026,Разпореждане,486,,Николай Витков - Докладчик Нели Дончева - Председател Борис Борисов - Член на състава,
60c4a77e-048d-41cc-9f78-034de13e81a0,03 април 2026,Определение,981,03.04.2026,Вилиана Върбанова - Докладчик,
37dc2875-baa4-48de-9211-36ddfe203339,21 юли 2026,Изпълнителен лист ЗП,5042,21.07.2026,Стелла Светозарова Моллова - Съдия докладчик,
37dc2875-baa4-48de-9211-36ddfe203339,21 юли 2026,Разпореждане,21491,21.07.2026,Стелла Светозарова Моллова - Съдия докладчик,
37dc2875-baa4-48de-9211-36ddfe203339,04 април 2026,Заповед за изпълнение,2949,,Стелла Светозарова Моллова - Съдия докладчик,
37dc2875-baa4-48de-9211-36ddfe203339,04 април 2026,Разпореждане,10175,04.04.2026,Стелла Светозарова Моллова - Съдия докладчик,
9fa06bbb-01f4-4913-bfdb-93c616fd2c87,06 април 2026,Заповед за изпълнение,78,,Пламен Георгиев Тодоров - Съдия докладчик,
7e492e77-4b7d-4dec-8f07-e6b9a6497f51,03 април 2026,Изпълнителен лист ЗП,416,03.04.2026,Георги Тодоров Добрев - Съдия докладчик,
7e492e77-4b7d-4dec-8f07-e6b9a6497f51,03 април 2026,Заповед за изпълнение,527,,Георги Тодоров Добрев - Съдия докладчик,
7e492e77-4b7d-4dec-8f07-e6b9a6497f51,03 април 2026,Разпореждане,1123,03.04.2026,Георги Тодоров Добрев - Съдия докладчик,
f5980ee1-4d97-47fb-9365-60b49a7af8e9,07 август 2026,Изпълнителен лист ЗП,812,07.08.2026,ХРИСТИНА ИВАНОВА СЯРОВА - Съдия докладчик,
f5980ee1-4d97-47fb-9365-60b49a7af8e9,07 август 2026,Разпореждане,3168,07.08.2026,ХРИСТИНА ИВАНОВА СЯРОВА - Съдия докладчик,
f5980ee1-4d97-47fb-9365-60b49a7af8e9,12 юни 2026,Разпореждане,2591,12.06.2026,ХРИСТИНА ИВАНОВА СЯРОВА - Съдия докладчик,
f5980ee1-4d97-47fb-9365-60b49a7af8e9,17 април 2026,Разпореждане,1589,17.04.2026,ЙОХАННА ИВАНОВА АНТОНОВА - Съдия докладчик,
f5980ee1-4d97-47fb-9365-60b49a7af8e9,03 април 2026,Заповед за изпълнение,640,07.08.2026,ЙОХАННА ИВАНОВА АНТОНОВА - Съдия докладчик,
b983aaf9-37b1-4be8-a278-c271e2f64a1e,03 април 2026,Разпореждане,2054,03.04.2026,Доника Илиева Тарева - Пехливанова - Съдия докладчик,
e815683d-8df9-45be-8302-a5f37527faff,30 юни 2026,Заповед за изпълнение,537,,Дарина Василева Байданова - Съдия докладчик,
bcdc8e57-9a46-4deb-be50-119b23533f78,29 май 2026,Определение,1524,12.06.2026,Елица Димитрова - Докладчик,
bcdc8e57-9a46-4deb-be50-119b23533f78,20 май 2026,Разпореждане,1445,,Елица Димитрова - Докладчик,
bcdc8e57-9a46-4deb-be50-119b23533f78,05 май 2026,Разпореждане,1294,,Елица Димитрова - Докладчик,
bcdc8e57-9a46-4deb-be50-119b23533f78,04 май 2026,Определение,1255,,Диана Калоянова - Докладчик,
bcdc8e57-9a46-4deb-be50-119b23533f78,27 април 2026,Разпореждане,1221,,Христо Монев - Докладчик,
bcdc8e57-9a46-4deb-be50-119b23533f78,20 април 2026,Определение,1124,,Йълдъз Агуш - Докладчик,
bcdc8e57-9a46-4deb-be50-119b23533f78,03 април 2026,Определение,985,,Галена Дякова - Докладчик,
7f4a5b0d-f5cb-4346-a33b-2caba428a716,03 септември 2026,Изпълнителен лист ЗП,910,03.09.2026,Светла Радева - Съдия докладчик,
7f4a5b0d-f5cb-4346-a33b-2caba428a716,04 август 2026,Разпореждане,3700,23.09.2026,Светла Радева - Съдия докладчик,
7f4a5b0d-f5cb-4346-a33b-2caba428a716,29 юли 2026,Разпореждане,3588,,Светла Радева - Съдия докладчик,
7f4a5b0d-f5cb-4346-a33b-2caba428a716,18 юни 2026,Разпореждане,2691,,Светла Радева - Съдия докладчик,
7f4a5b0d-f5cb-4346-a33b-2caba428a716,06 април 2026,Заповед за изпълнение,698,23.07.2026,Светла Радева - Съдия докладчик,
8fd0c6d4-1bbd-4849-a2bb-88ac6e657409,03 април 2026,Заповед за изпълнение,366,,Росен Минков Стоянов - Съдия докладчик,
2bfc25f0-67fe-4c71-88ba-27884f0ad669,03 април 2026,Разпореждане,423,03.04.2026,Андрей Живков Дечев - Съдия докладчик,
de9d6718-8939-468f-89a7-8247fc555730,06 юли 2026,Изпълнителен лист ЗП,3484,06.07.2026,Иван Валериев Никифорски - Съдия докладчик,
de9d6718-8939-468f-89a7-8247fc555730,06 юли 2026,Разпореждане,7600,,Иван Валериев Никифорски - Съдия докладчик,
de9d6718-8939-468f-89a7-8247fc555730,04 май 2026,Разпореждане,4796,04.05.2026,Иван Валериев Никифорски - Съдия докладчик,
de9d6718-8939-468f-89a7-8247fc555730,06 април 2026,Заповед за изпълнение,2288,02.07.2026,Иван Валериев Никифорски - Съдия докладчик,
e1e2861b-cd22-4e3e-94a4-c697552aa36a,13 май 2026,Изпълнителен лист ЗП,185,13.05.2026,Диана Розалинова Хубенова - Съдия докладчик,
e1e2861b-cd22-4e3e-94a4-c697552aa36a,13 май 2026,Разпореждане,900,13.05.2026,Диана Розалинова Хубенова - Съдия докладчик,
e1e2861b-cd22-4e3e-94a4-c697552aa36a,03 април 2026,Заповед за изпълнение,142,08.05.2026,Диана Розалинова Хубенова - Съдия докладчик,
b06bbea8-ff20-4179-916e-47bcde1c1e66,03 август 2026,Определение,2696,,Симона Пламенова Колева - Съдия докладчик,
b06bbea8-ff20-4179-916e-47bcde1c1e66,20 април 2026,Разпореждане,11574,20.04.2026,Симона Пламенова Колева - Съдия докладчик,
b06bbea8-ff20-4179-916e-47bcde1c1e66,06 април 2026,Заповед за изпълнение,3000,,Симона Пламенова Колева - Съдия докладчик,
b06bbea8-ff20-4179-916e-47bcde1c1e66,06 април 2026,Разпореждане,10300,06.04.2026,Симона Пламенова Колева - Съдия докладчик,
491544b2-bafa-4db3-a930-8834627eb3bb,04 май 2026,Изпълнителен лист,36,04.05.2026,,
491544b2-bafa-4db3-a930-8834627eb3bb,03 април 2026,Определение,58,21.04.2026,Минчо Танев Танев - Съдия докладчик,
491544b2-bafa-4db3-a930-8834627eb3bb,03 април 2026,Споразумение,21,03.04.2026,Минчо Танев Танев - Съдия докладчик,
491544b2-bafa-4db3-a930-8834627eb3bb,03 април 2026,Разпореждане,133,03.04.2026,Минчо Танев Танев - Съдия докладчик,
06f7c19b-8b49-4b49-a5be-94a7d7d10c22,09 април 2026,Определение,8177,09.04.2026,Мая Йорданова Михайлова - Съдия докладчик,
5ca8ed1f-2cbd-4063-abc5-6ebe66d21ab6,03 април 2026,Определение,7846,,Димитър Ковачев - Съдия докладчик,
63c87791-da94-4c83-a532-22095ee4847c,16 юни 2026,Разпореждане,1702,,Йълдъз Агуш - Докладчик,
63c87791-da94-4c83-a532-22095ee4847c,10 юни 2026,Разпореждане,1640,,Йълдъз Агуш - Докладчик,
63c87791-da94-4c83-a532-22095ee4847c,28 май 2026,Решение,1506,,Йълдъз Агуш - Докладчик,
63c87791-da94-4c83-a532-22095ee4847c,17 април 2026,Определение,1109,,Йълдъз Агуш - Докладчик,
63c87791-da94-4c83-a532-22095ee4847c,14 април 2026,Определение,1075,,Йълдъз Агуш - Докладчик,
bfa64a24-99d3-4867-9ad1-873b59592d3c,29 април 2026,Заповед за изпълнение,543,,Людмила Людмилова Митрева - Съдия докладчик,
e45e0836-79b5-4417-8f11-7305245a2759,03 април 2026,Заповед за изпълнение,1103,,Мирослав Руменов Саневски - Съдия докладчик,
300bd6b4-3681-4201-9f54-7ac79b7c6b18,15 септември 2026,Протокол,20860,15.09.2026,ДЕСИСЛАВА ИВАНОВА ТОДОРОВА - Съдия докладчик,
300bd6b4-3681-4201-9f54-7ac79b7c6b18,11 септември 2026,Разпореждане,109659,11.09.2026,ДЕСИСЛАВА ИВАНОВА ТОДОРОВА - Съдия докладчик,
300bd6b4-3681-4201-9f54-7ac79b7c6b18,18 август 2026,Определение,29921,18.08.2026,ДЕСИСЛАВА ИВАНОВА ТОДОРОВА - Съдия докладчик,
300bd6b4-3681-4201-9f54-7ac79b7c6b18,27 юли 2026,Разпореждане,90675,27.07.2026,ДЕСИСЛАВА ИВАНОВА ТОДОРОВА - Съдия докладчик,
300bd6b4-3681-4201-9f54-7ac79b7c6b18,15 юли 2026,Разпореждане,85978,15.07.2026,ДЕСИСЛАВА ИВАНОВА ТОДОРОВА - Съдия докладчик,
300bd6b4-3681-4201-9f54-7ac79b7c6b18,06 юли 2026,Разпореждане,81906,06.07.2026,ДЕСИСЛАВА ИВАНОВА ТОДОРОВА - Съдия докладчик,
300bd6b4-3681-4201-9f54-7ac79b7c6b18,06 юли 2026,Разпореждане,81881,06.07.2026,ДЕСИСЛАВА ИВАНОВА ТОДОРОВА - Съдия докладчик,
300bd6b4-3681-4201-9f54-7ac79b7c6b18,01 юли 2026,Определение,23969,01.07.2026,ДЕСИСЛАВА ИВАНОВА ТОДОРОВА - Съдия докладчик,
300bd6b4-3681-4201-9f54-7ac79b7c6b18,23 юни 2026,Разпореждане,76065,23.06.2026,ДЕСИСЛАВА ИВАНОВА ТОДОРОВА - Съдия докладчик,
300bd6b4-3681-4201-9f54-7ac79b7c6b18,20 юни 2026,Определение,22730,20.06.2026,ДЕСИСЛАВА ИВАНОВА ТОДОРОВА - Съдия докладчик,
287b943e-3ff2-4e94-9bbe-0350c3da78e2,29 септември 2026,Разпореждане,3998,29.09.2026,Мария Вангелова Грунова - Съдия докладчик,
287b943e-3ff2-4e94-9bbe-0350c3da78e2,03 април 2026,Заповед за изпълнение,525,,Мария Вангелова Грунова - Съдия докладчик,
6d8669aa-6869-47ec-a9a7-e171c98993d1,15 април 2026,Разпореждане,1402,23.04.2026,Галина Николова - Съдия докладчик,
6d8669aa-6869-47ec-a9a7-e171c98993d1,03 април 2026,Разпореждане,1250,03.04.2026,Галина Николова - Съдия докладчик,
a0922d5b-f143-4acf-951e-e81b51cbf5eb,11 юни 2026,Определение,773,20.06.2026,КАЛИН ИВАНОВ - Съдия докладчик,
a0922d5b-f143-4acf-951e-e81b51cbf5eb,24 април 2026,Разпореждане,2165,24.04.2026,КАЛИН ИВАНОВ - Съдия докладчик,
a0922d5b-f143-4acf-951e-e81b51cbf5eb,03 април 2026,Заповед за изпълнение,1194,,КАЛИН ИВАНОВ - Съдия докладчик,
59c3799a-b4bb-4264-9c43-06ddc12a84d0,03 април 2026,Разпореждане,421,03.04.2026,Андрей Живков Дечев - Съдия докладчик,
ebe406f5-b906-4716-bba5-18325d4e8881,22 юни 2026,Решение,7371,22.06.2026,Мария Николова - Докладчик Дичо Дичев - Председател Татяна Петрова - Член на състава,
ebe406f5-b906-4716-bba5-18325d4e8881,15 април 2026,Определение,4326,,Мария Николова - Докладчик,
1d823f5d-1598-4884-96f7-c50e978a9864,30 юли 2026,Определение,1190,13.08.2026,Габриела Тричкова - Съдия докладчик,
1d823f5d-1598-4884-96f7-c50e978a9864,17 юни 2026,Разпореждане,3638,17.06.2026,Димитър Руменов Беровски - Съдия докладчик,
1d823f5d-1598-4884-96f7-c50e978a9864,28 април 2026,Разпореждане,2527,28.04.2026,РУМЯНА СИМЕОНОВА МИТЕВА-НАСЕВА - Съдия докладчик,
1d823f5d-1598-4884-96f7-c50e978a9864,22 април 2026,Разпореждане,2384,22.04.2026,Димитър Руменов Беровски - Съдия докладчик,
1d823f5d-1598-4884-96f7-c50e978a9864,06 април 2026,Заповед за изпълнение,336,,Димитър Руменов Беровски - Съдия докладчик,
2e85a448-d416-4aae-a964-6241cc3c45cf,12 август 2026,Изпълнителен лист ЗП,490,12.08.2026,Виолета Костадинова Апостолова - Съдия докладчик,
2e85a448-d416-4aae-a964-6241cc3c45cf,12 август 2026,Разпореждане,2255,12.08.2026,Виолета Костадинова Апостолова - Съдия докладчик,
2e85a448-d416-4aae-a964-6241cc3c45cf,29 юни 2026,Разпореждане,1727,29.06.2026,Виолета Костадинова Апостолова - Съдия докладчик,
2e85a448-d416-4aae-a964-6241cc3c45cf,28 юни 2026,Разпореждане,1702,28.06.2026,Виолета Костадинова Апостолова - Съдия докладчик,
2e85a448-d416-4aae-a964-6241cc3c45cf,06 април 2026,Заповед за изпълнение,370,04.08.2026,Виолета Костадинова Апостолова - Съдия докладчик,
2e85a448-d416-4aae-a964-6241cc3c45cf,06 април 2026,Разпореждане,925,06.04.2026,Виолета Костадинова Апостолова - Съдия докладчик,
113b226b-bdf6-4df9-89cc-bbecd033deea,07 октомври 2026,Разпореждане,11896,,Биляна Росалинова Скорчовска Петкова - Съдия докладчик,
113b226b-bdf6-4df9-89cc-bbecd033deea,07 октомври 2026,Изпълнителен лист ЗП,5501,07.10.2026,Биляна Росалинова Скорчовска Петкова - Съдия докладчик,
113b226b-bdf6-4df9-89cc-bbecd033deea,16 юли 2026,Разпореждане,8247,16.07.2026,Биляна Росалинова Скорчовска Петкова - Съдия докладчик,
113b226b-bdf6-4df9-89cc-bbecd033deea,06 април 2026,Заповед за изпълнение,2309,01.10.2026,Биляна Росалинова Скорчовска Петкова - Съдия докладчик,
10c98ee3-aba2-4567-9d81-4e981c071f80,15 юни 2026,Изпълнителен лист ЗП,979,15.06.2026,Ангел Ташев - Съдия докладчик,
10c98ee3-aba2-4567-9d81-4e981c071f80,10 юни 2026,Разпореждане,7236,,Ангел Ташев - Съдия докладчик,
10c98ee3-aba2-4567-9d81-4e981c071f80,04 май 2026,Разпореждане,5228,04.05.2026,Ангел Ташев - Съдия докладчик,
10c98ee3-aba2-4567-9d81-4e981c071f80,28 април 2026,Разпореждане,4988,28.04.2026,Ангел Ташев - Съдия докладчик,
10c98ee3-aba2-4567-9d81-4e981c071f80,06 април 2026,Заповед за изпълнение,641,05.06.2026,Ангел Ташев - Съдия докладчик,
49c3eb12-bcd9-4ff2-9f0a-93a6f3d95013,23 юни 2026,Изпълнителен лист ЗП,267,23.06.2026,Мариана Гунчева - Съдия докладчик,
49c3eb12-bcd9-4ff2-9f0a-93a6f3d95013,22 юни 2026,Разпореждане,1440,,Мариана Гунчева - Съдия докладчик,
49c3eb12-bcd9-4ff2-9f0a-93a6f3d95013,03 април 2026,Заповед за изпълнение,15,,Мариана Гунчева - Съдия докладчик,
20102873-a796-4565-922d-c6cfb6368d2c,25 септември 2026,Разпореждане,1179,,Ванухи Бедрос Аракелян - Съдия докладчик,
20102873-a796-4565-922d-c6cfb6368d2c,05 август 2026,Разпореждане,943,,Георги Йовчев - Съдия докладчик,
20102873-a796-4565-922d-c6cfb6368d2c,01 август 2026,Решение,165,,Анета Николова Братанова - Председател Мария Кирилова Терзийска - Съдия докладчик Дарина Стоянова Маркова - Член,
20102873-a796-4565-922d-c6cfb6368d2c,15 юли 2026,Протокол,160,15.07.2026,Анета Николова Братанова - Председател Мария Кирилова Терзийска - Съдия докладчик Дарина Стоянова Маркова - Член,
20102873-a796-4565-922d-c6cfb6368d2c,22 юни 2026,Разпореждане,698,22.06.2026,Мария Кирилова Терзийска - Съдия докладчик,
20102873-a796-4565-922d-c6cfb6368d2c,19 юни 2026,Разпореждане,692,19.06.2026,Анета Николова Братанова - Председател,
20102873-a796-4565-922d-c6cfb6368d2c,12 юни 2026,Определение,328,,Анета Николова Братанова - Председател Мария Кирилова Терзийска - Съдия докладчик Дарина Стоянова Маркова - Член,
20102873-a796-4565-922d-c6cfb6368d2c,04 юни 2026,Разпореждане,623,04.06.2026,Мария Кирилова Терзийска - Съдия докладчик,
20102873-a796-4565-922d-c6cfb6368d2c,28 май 2026,Определение,288,28.05.2026,Анета Николова Братанова - Председател Мария Кирилова Терзийска - Съдия докладчик Дарина Стоянова Маркова - Член,
20102873-a796-4565-922d-c6cfb6368d2c,14 май 2026,Разпореждане,561,14.05.2026,Мария Кирилова Терзийска - Съдия докладчик,
53b758b2-0d9f-49b3-a146-6c53c5c3a847,03 април 2026,Протоколно определение,492,06.04.2026,Мариела Викторова Йосифова - Съдия докладчик,
49c03fc1-7dfa-40d2-8687-b8140790e326,08 април 2026,Разпореждане,45171,08.04.2026,ПЕТЯ ПЕТКОВА СТОЯНОВА - Съдия докладчик,
a622c350-50e5-4dcc-b4fd-e3a5c04e9e64,03 април 2026,Определение,7796,28.04.2026,Мариана Георгиева - Съдия докладчик,
fac25bfe-d319-47a4-9e0f-2aaeccbd5d06,29 май 2026,Разпореждане,5961,29.05.2026,Иван Цветозаров Иванов - Съдия докладчик,
fac25bfe-d319-47a4-9e0f-2aaeccbd5d06,08 април 2026,Заповед за изпълнение,2413,,Иван Цветозаров Иванов - Съдия докладчик,
4b683513-d807-4164-b032-85824f0494fc,05 април 2026,Разпореждане,1027,05.04.2026,Мина Цветанова Павлова - Съдия докладчик,
2eb30b77-6e18-4efb-bcd0-ebe3992ccb1d,16 юни 2026,Изпълнителен лист ЗП,1468,16.06.2026,Майя Йончева Йончева - Съдия докладчик,
2eb30b77-6e18-4efb-bcd0-ebe3992ccb1d,15 юни 2026,Разпореждане,5830,,Майя Йончева Йончева - Съдия докладчик,
2eb30b77-6e18-4efb-bcd0-ebe3992ccb1d,03 април 2026,Заповед за изпълнение,932,,Майя Йончева Йончева - Съдия докладчик,
fd4912cf-d7f3-4bf1-9685-d20e33dcc8ba,06 август 2026,Определение,28613,06.08.2026,ЯНА ЕМИЛОВА ВЛАДИМИРОВА ПАНОВА - Съдия докладчик,
fd4912cf-d7f3-4bf1-9685-d20e33dcc8ba,24 април 2026,Разпореждане,51468,24.04.2026,ЯНА ЕМИЛОВА ВЛАДИМИРОВА ПАНОВА - Съдия докладчик,
fd4912cf-d7f3-4bf1-9685-d20e33dcc8ba,07 април 2026,Разпореждане,44652,07.04.2026,ЯНА ЕМИЛОВА ВЛАДИМИРОВА ПАНОВА - Съдия докладчик,
3d71561e-0571-4fc6-88fe-8bcc3196734b,03 април 2026,Разпореждане,360,,Дияна Димова Петрова - Съдия докладчик,
0ba85aba-2025-4664-b083-531ec0d00390,28 май 2026,Разпореждане,5038,,Милена Ганчева Трифонова - Съдия докладчик,
0ba85aba-2025-4664-b083-531ec0d00390,15 април 2026,Разпореждане,3291,15.04.2026,Милена Ганчева Трифонова - Съдия докладчик,
0ba85aba-2025-4664-b083-531ec0d00390,03 април 2026,Заповед за изпълнение,925,,Милена Ганчева Трифонова - Съдия докладчик,
7d1fefb6-6769-4ce6-b670-f8a50609069d,03 април 2026,Заповед за изпълнение,1108,,Людмила Василева Стойнева - Съдия докладчик,
ea2fe331-831d-40f0-b2a1-2912ddd997a5,17 юни 2026,Разпореждане,1448,17.06.2026,ЦВЕТОМИРА ГЕОРГИЕВА ВЕЛЧЕВА - Съдия докладчик,
ea2fe331-831d-40f0-b2a1-2912ddd997a5,05 април 2026,Разпореждане,594,,ЦВЕТОМИРА ГЕОРГИЕВА ВЕЛЧЕВА - Съдия докладчик,
ea2fe331-831d-40f0-b2a1-2912ddd997a5,05 април 2026,Заповед за изпълнение,104,,ЦВЕТОМИРА ГЕОРГИЕВА ВЕЛЧЕВА - Съдия докладчик,
1c0f5dc2-dc0d-4615-b073-2843f6047922,03 април 2026,Разпореждане,422,03.04.2026,Андрей Живков Дечев - Съдия докладчик,
153b77c0-35da-4da3-a254-d36bc28c4d7e,29 юли 2026,Разпореждане,898,29.07.2026,Диана Димитрова Митева - Съдия докладчик,
153b77c0-35da-4da3-a254-d36bc28c4d7e,15 юли 2026,Разпореждане,828,,Диана Димитрова Митева - Съдия докладчик,
153b77c0-35da-4da3-a254-d36bc28c4d7e,05 юни 2026,Определение,313,,Марин Георгиев Маринов - Председател Диана Димитрова Митева - Съдия докладчик Магдалена Кръстева Недева - Член,
552c9fee-3b8c-4b46-b6c9-882fc6d289b5,06 април 2026,Заповед за изпълнение,1155,,Иван Божиков Димитров - Съдия докладчик,
d78f647a-89f9-4e4d-860e-3e763f7317d7,15 септември 2026,Определение,841,,Атанас Василев Димитров - Съдия докладчик,
d78f647a-89f9-4e4d-860e-3e763f7317d7,01 септември 2026,Разпореждане,4212,01.09.2026,Атанас Василев Димитров - Съдия докладчик,
d78f647a-89f9-4e4d-860e-3e763f7317d7,31 август 2026,Определение,823,,Атанас Василев Димитров - Съдия докладчик,
d78f647a-89f9-4e4d-860e-3e763f7317d7,29 юни 2026,Разпореждане,3114,29.06.2026,Атанас Василев Димитров - Съдия докладчик,
d78f647a-89f9-4e4d-860e-3e763f7317d7,03 април 2026,Заповед за изпълнение,446,,Атанас Василев Димитров - Съдия докладчик,
1785f39a-861f-4081-9e4c-0a3678c5f39c,18 август 2026,Разпореждане,5035,18.08.2026,ЕЛЕОНОРА ФИЛИПОВА - Съдия докладчик,
1785f39a-861f-4081-9e4c-0a3678c5f39c,11 август 2026,Разпореждане,4829,11.08.2026,ЕЛЕОНОРА ФИЛИПОВА - Съдия докладчик,
1785f39a-861f-4081-9e4c-0a3678c5f39c,23 юли 2026,Разпореждане,4427,23.07.2026,ЕЛЕОНОРА ФИЛИПОВА - Съдия докладчик,
1785f39a-861f-4081-9e4c-0a3678c5f39c,10 юли 2026,Определение,960,10.07.2026,ЕЛЕОНОРА ФИЛИПОВА - Съдия докладчик,
1785f39a-861f-4081-9e4c-0a3678c5f39c,07 юли 2026,Разпореждане,4075,07.07.2026,ЕЛЕОНОРА ФИЛИПОВА - Съдия докладчик,
1785f39a-861f-4081-9e4c-0a3678c5f39c,23 юни 2026,Определение,845,23.06.2026,ЕЛЕОНОРА ФИЛИПОВА - Съдия докладчик,
1785f39a-861f-4081-9e4c-0a3678c5f39c,02 юни 2026,Разпореждане,3173,02.06.2026,ЕЛЕОНОРА ФИЛИПОВА - Съдия докладчик,
1785f39a-861f-4081-9e4c-0a3678c5f39c,02 юни 2026,Разпореждане,3172,02.06.2026,ЕЛЕОНОРА ФИЛИПОВА - Съдия докладчик,
1785f39a-861f-4081-9e4c-0a3678c5f39c,21 април 2026,Разпореждане,2029,21.04.2026,ЕЛЕОНОРА ФИЛИПОВА - Съдия докладчик,
1785f39a-861f-4081-9e4c-0a3678c5f39c,03 април 2026,Заповед за изпълнение,1186,,ЕЛЕОНОРА ФИЛИПОВА - Съдия докладчик,
9cd776b0-fd5f-4d4b-81f8-b2d14fd35fa1,14 август 2026,Разпореждане,98453,14.08.2026,ТЕОДОРА АНГЕЛОВА КАРАБАШЕВА - Съдия докладчик,
9cd776b0-fd5f-4d4b-81f8-b2d14fd35fa1,23 юни 2026,Разпореждане,76023,23.06.2026,ТЕОДОРА АНГЕЛОВА КАРАБАШЕВА - Съдия докладчик,
9cd776b0-fd5f-4d4b-81f8-b2d14fd35fa1,04 май 2026,Разпореждане,55335,04.05.2026,ТЕОДОРА АНГЕЛОВА КАРАБАШЕВА - Съдия докладчик,
213ae237-94b0-4b5f-809e-35e76a590052,14 май 2026,Решение,5651,14.05.2026,Янко Ангелов - Докладчик Недялко Бекиров - Член на състава Христина Юрукова - Член на състава,
213ae237-94b0-4b5f-809e-35e76a590052,06 април 2026,Разпореждане,4005,,Янко Ангелов - Докладчик,
5cbb63c3-0dd1-40b3-9e52-ca795bc5d9b8,13 август 2026,Определение,29317,13.08.2026,МОНИКА ХРИСТОФОРОВА ХРИСТОВА - Съдия докладчик,
5cbb63c3-0dd1-40b3-9e52-ca795bc5d9b8,11 май 2026,Разпореждане,57201,11.05.2026,МОНИКА ХРИСТОФОРОВА ХРИСТОВА - Съдия докладчик,
5cbb63c3-0dd1-40b3-9e52-ca795bc5d9b8,07 април 2026,Разпореждане,44757,07.04.2026,МОНИКА ХРИСТОФОРОВА ХРИСТОВА - Съдия докладчик,
e8109360-bd5d-4da8-8aea-6fd4a60099a4,23 юли 2026,Изпълнителен лист ЗП,1256,23.07.2026,Ненка Цветанкова - Съдия докладчик,
e8109360-bd5d-4da8-8aea-6fd4a60099a4,22 юли 2026,Разпореждане,9262,,Ненка Цветанкова - Съдия докладчик,
e8109360-bd5d-4da8-8aea-6fd4a60099a4,10 юни 2026,Разпореждане,7249,10.06.2026,Ненка Цветанкова - Съдия докладчик,
e8109360-bd5d-4da8-8aea-6fd4a60099a4,10 юни 2026,Разпореждане,7248,10.06.2026,Ненка Цветанкова - Съдия докладчик,
e8109360-bd5d-4da8-8aea-6fd4a60099a4,10 юни 2026,Разпореждане,7247,10.06.2026,Ненка Цветанкова - Съдия докладчик,
e8109360-bd5d-4da8-8aea-6fd4a60099a4,28 април 2026,Разпореждане,5009,28.04.2026,Ненка Цветанкова - Съдия докладчик,
e8109360-bd5d-4da8-8aea-6fd4a60099a4,06 април 2026,Заповед за изпълнение,650,16.07.2026,Ненка Цветанкова - Съдия докладчик,
1135ccbd-e9b8-45c0-9c7a-bf7489ff6fe6,03 април 2026,Определение,7817,,Димитър Ковачев - Съдия докладчик,
9b0d05ba-73d5-4214-b4e5-15ae43468d73,21 септември 2026,Определение,1104,,ХРИСТИНА ИВАНОВА СЯРОВА - Съдия докладчик,
9b0d05ba-73d5-4214-b4e5-15ae43468d73,03 август 2026,Разпореждане,3140,03.08.2026,ХРИСТИНА ИВАНОВА СЯРОВА - Съдия докладчик,
9b0d05ba-73d5-4214-b4e5-15ae43468d73,18 май 2026,Разпореждане,2108,18.05.2026,ХРИСТИНА ИВАНОВА СЯРОВА - Съдия докладчик,
9b0d05ba-73d5-4214-b4e5-15ae43468d73,16 април 2026,Разпореждане,1562,16.04.2026,ХРИСТИНА ИВАНОВА СЯРОВА - Съдия докладчик,
9b0d05ba-73d5-4214-b4e5-15ae43468d73,03 април 2026,Заповед за изпълнение,641,,ХРИСТИНА ИВАНОВА СЯРОВА - Съдия докладчик,
7c5a2bd2-3b0d-403d-a2dc-a352ac8ed96d,07 април 2026,Заповед за изпълнение,1171,,Ели Димитрова Анастасова Мицевска - Съдия докладчик,
f3b90aa5-5cdd-467c-a8db-d8676e9ad905,27 май 2026,Изпълнителен лист ЗП,555,27.05.2026,ХРИСТИНА ИВАНОВА СЯРОВА - Съдия докладчик,
f3b90aa5-5cdd-467c-a8db-d8676e9ad905,27 май 2026,Разпореждане,2260,,ХРИСТИНА ИВАНОВА СЯРОВА - Съдия докладчик,
f3b90aa5-5cdd-467c-a8db-d8676e9ad905,03 април 2026,Заповед за изпълнение,639,,ЙОХАННА ИВАНОВА АНТОНОВА - Съдия докладчик,
d4ec3c40-8a40-435b-a823-51babc414d5e,16 юни 2026,Изпълнителен лист ЗП,271,,Милена Вескова Хазарян - Съдия докладчик,
d4ec3c40-8a40-435b-a823-51babc414d5e,03 април 2026,Заповед за изпълнение,144,11.06.2026,Милена Вескова Хазарян - Съдия докладчик,
0e7b9b21-350a-4eec-841c-c5778338e461,11 юни 2026,Решение,108,,Георги Йовчев - Съдия докладчик Даниела Илиева Писарова - Член Николина Петрова Дамянова - Член,
0e7b9b21-350a-4eec-841c-c5778338e461,22 май 2026,Протокол,106,22.05.2026,Георги Йовчев - Съдия докладчик Даниела Илиева Писарова - Член Николина Петрова Дамянова - Член,
0e7b9b21-350a-4eec-841c-c5778338e461,28 април 2026,Определение,226,28.04.2026,Георги Йовчев - Съдия докладчик Даниела Илиева Писарова - Член Николина Петрова Дамянова - Член,
f57bc49c-d798-42bf-8cf5-8f62453f3545,12 юни 2026,Решение,23725,12.06.2026,Зорница Дойчинова - Докладчик,
f57bc49c-d798-42bf-8cf5-8f62453f3545,15 април 2026,Определение,14502,,Зорница Дойчинова - Докладчик,
f57bc49c-d798-42bf-8cf5-8f62453f3545,06 април 2026,Разпореждане,13433,,Зорница Дойчинова - Докладчик,
f57bc49c-d798-42bf-8cf5-8f62453f3545,03 април 2026,Определение,13285,,Зорница Дойчинова - Докладчик,
86f15a17-16ce-44cd-b502-2baa1d070946,10 юли 2026,Изпълнителен лист ЗП,656,10.07.2026,Иван Христов Христов - Съдия докладчик,
86f15a17-16ce-44cd-b502-2baa1d070946,06 април 2026,Заповед за изпълнение,468,29.06.2026,Иван Христов Христов - Съдия докладчик,
86f15a17-16ce-44cd-b502-2baa1d070946,06 април 2026,Разпореждане,587,06.04.2026,Иван Христов Христов - Съдия докладчик,
c7d48ea2-e8ee-4ae9-a20b-7552bb0b61ee,10 юни 2026,Изпълнителен лист ЗП,264,10.06.2026,Магдалена Георгиева Татарева Кръстева - Съдия докладчик,
c7d48ea2-e8ee-4ae9-a20b-7552bb0b61ee,10 юни 2026,Разпореждане,761,10.06.2026,Магдалена Георгиева Татарева Кръстева - Съдия докладчик,
c7d48ea2-e8ee-4ae9-a20b-7552bb0b61ee,03 април 2026,Заповед за изпълнение,216,21.05.2026,Магдалена Георгиева Татарева Кръстева - Съдия докладчик,
587071d9-3a7c-409c-80b8-e3fe75580d34,13 август 2026,Изпълнителен лист ЗП,502,13.08.2026,Мартина Иванова Кирова - Съдия докладчик,
587071d9-3a7c-409c-80b8-e3fe75580d34,12 август 2026,Разпореждане,2269,,Мартина Иванова Кирова - Съдия докладчик,
587071d9-3a7c-409c-80b8-e3fe75580d34,17 юни 2026,Разпореждане,1522,17.06.2026,Мартина Иванова Кирова - Съдия докладчик,
587071d9-3a7c-409c-80b8-e3fe75580d34,14 юни 2026,Разпореждане,1480,14.06.2026,Мартина Иванова Кирова - Съдия докладчик,
587071d9-3a7c-409c-80b8-e3fe75580d34,05 април 2026,Заповед за изпълнение,358,28.07.2026,Мартина Иванова Кирова - Съдия докладчик,
acdf98ff-9f5b-4696-98ae-a14a0081c815,15 април 2026,Изпълнителен лист ЗП,1706,15.04.2026,Петър Никифоров Петров - Съдия докладчик,
acdf98ff-9f5b-4696-98ae-a14a0081c815,06 април 2026,Заповед за изпълнение,2274,,Петър Никифоров Петров - Съдия докладчик,
7d0a33dc-8397-43c4-97db-102de7b6e269,22 април 2026,Изпълнителен лист ЗП,4262,22.04.2026,МАРИЯ СТАНЧЕВА ДИМИТРОВА - Съдия докладчик,
7d0a33dc-8397-43c4-97db-102de7b6e269,22 април 2026,Заповед за изпълнение,698,,МАРИЯ СТАНЧЕВА ДИМИТРОВА - Съдия докладчик,
7d0a33dc-8397-43c4-97db-102de7b6e269,22 април 2026,Разпореждане,50491,,МАРИЯ СТАНЧЕВА ДИМИТРОВА - Съдия докладчик,
7d0a33dc-8397-43c4-97db-102de7b6e269,16 април 2026,Разпореждане,48059,16.04.2026,МАРИЯ СТАНЧЕВА ДИМИТРОВА - Съдия докладчик,
7d0a33dc-8397-43c4-97db-102de7b6e269,06 април 2026,Разпореждане,44264,06.04.2026,МАРИЯ СТАНЧЕВА ДИМИТРОВА - Съдия докладчик,
582b2824-5e52-4dca-a566-1258813803cb,22 май 2026,Определение,11184,22.05.2026,Албена Ботева - Председател Зорница Ангелова Езекиева - Съдия докладчик Екатерина Стоева - Член,
582b2824-5e52-4dca-a566-1258813803cb,21 април 2026,Разпореждане,11485,21.04.2026,Зорница Ангелова Езекиева - Съдия докладчик,
582b2824-5e52-4dca-a566-1258813803cb,07 април 2026,Разпореждане,10171,07.04.2026,Зорница Ангелова Езекиева - Съдия докладчик,
ae29afd4-a502-4308-a9ba-056c2a106591,17 юни 2026,Решение,7138,17.06.2026,Владимир Вълчев - Докладчик Любомира Несторова - Член на състава Петър Касабов - Член на състава,
ae29afd4-a502-4308-a9ba-056c2a106591,06 април 2026,Разпореждане,4051,,Владимир Вълчев - Докладчик,
31506dd5-8a52-4f0c-a950-5f33e2cb4a54,03 април 2026,Разпореждане,2052,03.04.2026,Доника Илиева Тарева - Пехливанова - Съдия докладчик,
5e3dc7d8-c006-4b59-bfe6-5957b6269352,10 септември 2026,Определение,32843,10.09.2026,ВИКТОРИЯ РУМЕНОВА МИТЕВА - Съдия докладчик,
5e3dc7d8-c006-4b59-bfe6-5957b6269352,08 април 2026,Разпореждане,45289,08.04.2026,Антоанета Георгиева Ивчева - Съдия докладчик,
7d00dce4-b718-425a-a44c-43d99eef1a18,20 септември 2026,Разпореждане,11122,20.09.2026,Калина Христова Христова - Съдия докладчик,
7d00dce4-b718-425a-a44c-43d99eef1a18,21 юни 2026,Разпореждане,6927,21.06.2026,Калина Христова Христова - Съдия докладчик,
7d00dce4-b718-425a-a44c-43d99eef1a18,06 април 2026,Заповед за изпълнение,2312,,Калина Христова Христова - Съдия докладчик,
34fdc00d-203a-462b-83e2-72dd4cbbbb98,15 юли 2026,Разпореждане,1766,,НАТАЛИЯ СЕМОВА РАЙКОВА АТАНАСОВА - Съдия докладчик,
34fdc00d-203a-462b-83e2-72dd4cbbbb98,30 юни 2026,Изпълнителен лист ЗП,281,30.06.2026,НАТАЛИЯ СЕМОВА РАЙКОВА АТАНАСОВА - Съдия докладчик,
34fdc00d-203a-462b-83e2-72dd4cbbbb98,30 юни 2026,Разпореждане,1573,30.06.2026,НАТАЛИЯ СЕМОВА РАЙКОВА АТАНАСОВА - Съдия докладчик,
34fdc00d-203a-462b-83e2-72dd4cbbbb98,03 април 2026,Заповед за изпълнение,78,16.06.2026,НАТАЛИЯ СЕМОВА РАЙКОВА АТАНАСОВА - Съдия докладчик,
58447c84-438f-4794-ba79-d459d71613a7,12 юни 2026,Определение,216,29.06.2026,Сона Вахе Гарабедян - Съдия докладчик,
58447c84-438f-4794-ba79-d459d71613a7,16 април 2026,Разпореждане,680,16.04.2026,Сона Вахе Гарабедян - Съдия докладчик,
58447c84-438f-4794-ba79-d459d71613a7,03 април 2026,Заповед за изпълнение,357,,Сона Вахе Гарабедян - Съдия докладчик,
787a814c-f01a-4939-a1c4-b75c1128e6bf,12 юни 2026,Разпореждане,2382,22.06.2026,Анна Иванова Кайтазка - Съдия докладчик,
787a814c-f01a-4939-a1c4-b75c1128e6bf,03 април 2026,Разпореждане,1273,03.04.2026,Анна Иванова Кайтазка - Съдия докладчик,
201b9d7c-f274-47a4-aa8c-117fbf5dcb92,19 август 2026,Разпореждане,1022,,Анета Николова Братанова - Председател,
201b9d7c-f274-47a4-aa8c-117fbf5dcb92,03 август 2026,Разпореждане,929,,Дарина Стоянова Маркова - Член,
201b9d7c-f274-47a4-aa8c-117fbf5dcb92,29 юли 2026,Разпореждане,899,,Мария Кирилова Терзийска - Съдия докладчик,
201b9d7c-f274-47a4-aa8c-117fbf5dcb92,20 юли 2026,Разпореждане,858,,Мария Кирилова Терзийска - Съдия докладчик,
201b9d7c-f274-47a4-aa8c-117fbf5dcb92,02 юли 2026,Разпореждане,750,,Мария Кирилова Терзийска - Съдия докладчик,
201b9d7c-f274-47a4-aa8c-117fbf5dcb92,11 юни 2026,Разпореждане,652,,Мария Кирилова Терзийска - Съдия докладчик,
201b9d7c-f274-47a4-aa8c-117fbf5dcb92,27 май 2026,Разпореждане,594,,Мария Кирилова Терзийска - Съдия докладчик,
201b9d7c-f274-47a4-aa8c-117fbf5dcb92,19 май 2026,Разпореждане,573,,Мария Кирилова Терзийска - Съдия докладчик,
201b9d7c-f274-47a4-aa8c-117fbf5dcb92,12 май 2026,Определение,251,12.05.2026,Анета Николова Братанова - Председател Мария Кирилова Терзийска - Съдия докладчик Дарина Стоянова Маркова - Член,
201b9d7c-f274-47a4-aa8c-117fbf5dcb92,23 април 2026,Определение,202,23.04.2026,Георги Йовчев - Съдия докладчик Даниела Илиева Писарова - Член Николина Петрова Дамянова - Член,
39863e08-eb74-47f1-96e6-95b87ee5fe17,15 юни 2026,Изпълнителен лист ЗП,505,15.06.2026,Катя Сукалинска - Съдия докладчик,
39863e08-eb74-47f1-96e6-95b87ee5fe17,12 юни 2026,Разпореждане,3543,,Катя Сукалинска - Съдия докладчик,
39863e08-eb74-47f1-96e6-95b87ee5fe17,17 април 2026,Заповед за изпълнение,385,09.06.2026,Катя Сукалинска - Съдия докладчик,
39863e08-eb74-47f1-96e6-95b87ee5fe17,17 април 2026,Разпореждане,2251,,Катя Сукалинска - Съдия докладчик,
39863e08-eb74-47f1-96e6-95b87ee5fe17,06 април 2026,Разпореждане,2051,06.04.2026,РУМЯНА СИМЕОНОВА МИТЕВА-НАСЕВА - Съдия докладчик,
1c6da83b-35a1-498a-a67c-3ebc3e97d70c,22 май 2026,Изпълнителен лист ЗП,524,22.05.2026,ХРИСТИНА ИВАНОВА СЯРОВА - Съдия докладчик,
1c6da83b-35a1-498a-a67c-3ebc3e97d70c,22 май 2026,Разпореждане,2196,22.05.2026,ХРИСТИНА ИВАНОВА СЯРОВА - Съдия докладчик,
1c6da83b-35a1-498a-a67c-3ebc3e97d70c,03 април 2026,Заповед за изпълнение,642,22.05.2026,ХРИСТИНА ИВАНОВА СЯРОВА - Съдия докладчик,
7acb8ea3-941d-4b07-acb6-3dd1dba8448c,03 април 2026,Заповед за изпълнение,1374,,Илияна Цветкова Тодорова Аловска - Съдия докладчик,
59b162b3-292b-4833-bdd2-383aaa076330,20 април 2026,Разпореждане,775,05.05.2026,Владислав Емирски - Съдия докладчик,
59b162b3-292b-4833-bdd2-383aaa076330,03 април 2026,Разпореждане,654,03.04.2026,Владислав Емирски - Съдия докладчик,
c5a48ffe-20bd-4f89-b4a2-70fcfbc1e7b2,15 май 2026,Разпореждане,13966,15.05.2026,Галя Вълкова - Съдия докладчик,
c5a48ffe-20bd-4f89-b4a2-70fcfbc1e7b2,17 април 2026,Определение,8634,,Росен Димитров - Председател Галя Вълкова - Съдия докладчик Маргарита Апостолова - Член,
f6f07a7a-a335-4cd3-97dc-2f916478f5a9,30 юли 2026,Изпълнителен лист ЗП,327,30.07.2026,Палмира Димитрова Атанасова - Съдия докладчик,
f6f07a7a-a335-4cd3-97dc-2f916478f5a9,03 април 2026,Заповед за изпълнение,175,15.06.2026,Палмира Димитрова Атанасова - Съдия докладчик,
2621a1ae-0907-43b2-98f3-4787dd4ceef9,11 май 2026,Разпореждане,887,11.05.2026,Таня Генчева Спасова - Съдия докладчик,
2621a1ae-0907-43b2-98f3-4787dd4ceef9,21 април 2026,Разпореждане,756,,Таня Генчева Спасова - Съдия докладчик,
2621a1ae-0907-43b2-98f3-4787dd4ceef9,06 април 2026,Разпореждане,665,06.04.2026,Таня Генчева Спасова - Съдия докладчик,
9f3670b6-6d8f-47b1-9227-62cb7f999896,08 май 2026,Протоколно определение,419,08.05.2026,ИВЕЛИНА ПЕТРОВА ЙОРДАНОВА ИГНАТОВА - Съдия докладчик,
9f3670b6-6d8f-47b1-9227-62cb7f999896,07 април 2026,Определение,372,07.04.2026,ИВЕЛИНА ПЕТРОВА ЙОРДАНОВА ИГНАТОВА - Съдия докладчик,
94cec2e1-dd56-4e71-bf35-27879448e973,03 април 2026,Разпореждане,221,03.04.2026,Анелия Димитрова - Съдия докладчик,
54b487a4-d033-4692-ad95-51328106c441,24 април 2026,Определение,147,,Цветомир Цаков Цветанов - Съдия докладчик,
54b487a4-d033-4692-ad95-51328106c441,03 април 2026,Разпореждане,670,03.04.2026,Цветомир Цаков Цветанов - Съдия докладчик,
04f4511d-b3c0-4c0f-b232-b85401977ff3,23 септември 2026,Определение,2114,02.10.2026,Иван Валериев Никифорски - Съдия докладчик,
04f4511d-b3c0-4c0f-b232-b85401977ff3,29 юли 2026,Разпореждане,8680,29.07.2026,Иван Валериев Никифорски - Съдия докладчик,
04f4511d-b3c0-4c0f-b232-b85401977ff3,25 юни 2026,Разпореждане,7180,25.06.2026,Иван Валериев Никифорски - Съдия докладчик,
04f4511d-b3c0-4c0f-b232-b85401977ff3,24 април 2026,Разпореждане,4415,24.04.2026,Иван Валериев Никифорски - Съдия докладчик,
04f4511d-b3c0-4c0f-b232-b85401977ff3,06 април 2026,Заповед за изпълнение,2290,,Иван Валериев Никифорски - Съдия докладчик,
9c76e9ac-0ba4-4fc6-8771-9b5da0ead131,05 юли 2026,Разпореждане,81429,05.07.2026,НИКОЛАЙ ИЛИЕВ НИКОЛОВ - Съдия докладчик,
067d35f1-787e-4d7b-ad8b-8b6f3ff25362,18 юни 2026,Определение,689,,ВЯРА МАРКОВА ПАНАЙОТОВА - Съдия докладчик,
067d35f1-787e-4d7b-ad8b-8b6f3ff25362,28 април 2026,Определение,490,28.04.2026,ЙОХАННА ИВАНОВА АНТОНОВА - Съдия докладчик,
067d35f1-787e-4d7b-ad8b-8b6f3ff25362,27 април 2026,Разпореждане,1805,27.04.2026,ЙОХАННА ИВАНОВА АНТОНОВА - Съдия докладчик,
067d35f1-787e-4d7b-ad8b-8b6f3ff25362,03 април 2026,Заповед за изпълнение,638,,ЙОХАННА ИВАНОВА АНТОНОВА - Съдия докладчик,
893ce534-5da2-45c6-aef5-23ae9b271997,05 юни 2026,Решение,6579,05.06.2026,Здравка Диева - Докладчик Величка Георгиева - Член на състава Пламен Танев - Член на състава,
893ce534-5da2-45c6-aef5-23ae9b271997,07 април 2026,Определение,4101,,Здравка Диева - Докладчик,
cd1b758b-c62f-44be-9ecd-085d76354838,03 април 2026,Заповед за изпълнение,1136,,Светослав Атанасов Пиронев - Съдия докладчик,
5e38a670-9ded-4edc-8fc0-f0c64b5fcf61,16 април 2026,Разпореждане,1012,16.04.2026,Марина Трифонова Цветкова - Съдия докладчик,
f369e7fe-8580-4255-84aa-2acd9a3251d6,01 юни 2026,Разпореждане,66166,01.06.2026,ДЕСИСЛАВА ИВАНОВА ТОДОРОВА - Съдия докладчик,
f369e7fe-8580-4255-84aa-2acd9a3251d6,07 април 2026,Определение,13638,07.04.2026,ДЕСИСЛАВА ИВАНОВА ТОДОРОВА - Съдия докладчик,
f369e7fe-8580-4255-84aa-2acd9a3251d6,03 април 2026,Разпореждане,43581,03.04.2026,ПЕТЯ ПЕТКОВА СТОЯНОВА - Съдия докладчик,
178d8628-64a9-424e-97ed-23aecbad4782,15 септември 2026,Определение,19274,15.09.2026,Мариана Христова - Председател Пламен Колев - Съдия докладчик Гергана Живкова Троянова - Член,
b8bc7059-4262-48b6-a79c-fa21b5d74791,03 април 2026,Разпореждане,586,22.04.2026,ИВАНЕТА ЙОРДАНОВА МИТОВА - Съдия докладчик,
c5af85de-c39f-4776-9b3b-522d5e47a820,16 септември 2026,Изпълнителен лист ЗП,900,16.09.2026,Димитър Тодоров Маринов - Съдия докладчик,
c5af85de-c39f-4776-9b3b-522d5e47a820,16 септември 2026,Разпореждане,2701,,Димитър Тодоров Маринов - Съдия докладчик,
c5af85de-c39f-4776-9b3b-522d5e47a820,20 юли 2026,Разпореждане,2313,20.07.2026,Георги Тодоров Добрев - Съдия докладчик,
c5af85de-c39f-4776-9b3b-522d5e47a820,02 юни 2026,Разпореждане,1801,02.06.2026,Георги Тодоров Добрев - Съдия докладчик,
c5af85de-c39f-4776-9b3b-522d5e47a820,16 април 2026,Заповед за изпълнение,585,05.09.2026,Димитър Тодоров Маринов - Съдия докладчик,
d88d0852-dafa-4063-be54-4d9e4d6d66d3,24 април 2026,Определение,148,,Цветомир Цаков Цветанов - Съдия докладчик,
d88d0852-dafa-4063-be54-4d9e4d6d66d3,03 април 2026,Разпореждане,669,03.04.2026,Цветомир Цаков Цветанов - Съдия докладчик,
1fb045b5-2da0-4406-b937-5cdffbcd6d5a,17 юли 2026,Определение,683,30.07.2026,НИКОЛАЙ БОРИСОВ БОРИСОВ - Съдия докладчик,
1fb045b5-2da0-4406-b937-5cdffbcd6d5a,15 юни 2026,Разпореждане,2394,,НИКОЛАЙ БОРИСОВ БОРИСОВ - Съдия докладчик,
1fb045b5-2da0-4406-b937-5cdffbcd6d5a,30 април 2026,Разпореждане,1578,,НИКОЛАЙ БОРИСОВ БОРИСОВ - Съдия докладчик,
1fb045b5-2da0-4406-b937-5cdffbcd6d5a,15 април 2026,Разпореждане,1275,29.04.2026,НИКОЛАЙ БОРИСОВ БОРИСОВ - Съдия докладчик,
1fb045b5-2da0-4406-b937-5cdffbcd6d5a,15 април 2026,Заповед за изпълнение,348,,НИКОЛАЙ БОРИСОВ БОРИСОВ - Съдия докладчик,
1fb045b5-2da0-4406-b937-5cdffbcd6d5a,06 април 2026,Разпореждане,1180,,НИКОЛАЙ БОРИСОВ БОРИСОВ - Съдия докладчик,
9be48e81-2797-493a-9146-99c7a44380a5,17 юли 2026,Изпълнителен лист ЗП,263,17.07.2026,Елка Антимова Хаджиева - Съдия докладчик,
9be48e81-2797-493a-9146-99c7a44380a5,17 юли 2026,Разпореждане,1321,17.07.2026,Илияна Росенова Ферева - Зелева - Съдия докладчик,
9be48e81-2797-493a-9146-99c7a44380a5,03 юни 2026,Разпореждане,969,03.06.2026,Илияна Росенова Ферева - Зелева - Съдия докладчик,
9be48e81-2797-493a-9146-99c7a44380a5,06 април 2026,Заповед за изпълнение,176,09.07.2026,Елка Антимова Хаджиева - Съдия докладчик,
c7f415d2-b46a-4d05-9ff7-0e558c7b3c5b,04 юни 2026,Споразумение,489,04.06.2026,Валя Цуцакова - Съдия докладчик,
c7f415d2-b46a-4d05-9ff7-0e558c7b3c5b,06 април 2026,Разпореждане,2466,06.04.2026,Валя Цуцакова - Съдия докладчик,
783f20dc-2add-483b-b77a-f780a089b545,09 октомври 2026,Разпореждане,121588,09.10.2026,Антоанета Георгиева Ивчева - Съдия докладчик,
783f20dc-2add-483b-b77a-f780a089b545,10 септември 2026,Определение,32846,10.09.2026,ВИКТОРИЯ РУМЕНОВА МИТЕВА - Съдия докладчик,
783f20dc-2add-483b-b77a-f780a089b545,08 април 2026,Разпореждане,45286,08.04.2026,Антоанета Георгиева Ивчева - Съдия докладчик,
89d0b465-0bb3-44a6-81ca-131d9e49c216,15 септември 2026,Изпълнителен лист ЗП,507,15.09.2026,Маринела Георгиева Стефанова - Съдия докладчик,
89d0b465-0bb3-44a6-81ca-131d9e49c216,03 април 2026,Заповед за изпълнение,259,17.08.2026,Маринела Георгиева Стефанова - Съдия докладчик,
78042fda-daf7-477e-b956-b1a154efa61b,27 април 2026,Определение,9236,27.04.2026,Нели Алексиева - Председател Елена Светлинова Шипковенска - Съдия докладчик Валерия Родопова Диева - Член,
52793156-5b80-4ec8-82d4-6c7919eea88e,29 април 2026,Разпореждане,2292,29.04.2026,ВАЛЯ МЛАДЕНОВА - Съдия докладчик,
52793156-5b80-4ec8-82d4-6c7919eea88e,03 април 2026,Заповед за изпълнение,1189,,ВАЛЯ МЛАДЕНОВА - Съдия докладчик,
65fbe742-b515-4fa3-8bf2-b531a8bc402c,02 юни 2026,Разпореждане,6128,,Биляна Росалинова Скорчовска Петкова - Съдия докладчик,
65fbe742-b515-4fa3-8bf2-b531a8bc402c,02 юни 2026,Изпълнителен лист ЗП,2727,02.06.2026,Биляна Росалинова Скорчовска Петкова - Съдия докладчик,
65fbe742-b515-4fa3-8bf2-b531a8bc402c,06 април 2026,Заповед за изпълнение,2301,27.05.2026,Биляна Росалинова Скорчовска Петкова - Съдия докладчик,
b410947d-8c85-476f-80c1-9d469c35cecb,18 август 2026,Разпореждане,1583,18.08.2026,Иван Христов Христов - Съдия докладчик,
b410947d-8c85-476f-80c1-9d469c35cecb,06 април 2026,Заповед за изпълнение,467,,Иван Христов Христов - Съдия докладчик,
b410947d-8c85-476f-80c1-9d469c35cecb,06 април 2026,Разпореждане,585,06.04.2026,Иван Христов Христов - Съдия докладчик,
ee4f6321-0b02-43bc-a737-607f8d86ff38,06 август 2026,Определение,752,19.08.2026,ИВЕЛИНА ПЕТРОВА ЙОРДАНОВА ИГНАТОВА - Съдия докладчик,
ee4f6321-0b02-43bc-a737-607f8d86ff38,10 април 2026,Заповед за изпълнение,147,,ИВЕЛИНА ПЕТРОВА ЙОРДАНОВА ИГНАТОВА - Съдия докладчик,
ee4f6321-0b02-43bc-a737-607f8d86ff38,10 април 2026,Разпореждане,672,,ИВЕЛИНА ПЕТРОВА ЙОРДАНОВА ИГНАТОВА - Съдия докладчик,
8a80ac27-d84f-4d36-ae3e-3feb52cbd433,06 април 2026,Заповед за изпълнение,1281,,Деница Божидарова Петкова - Съдия докладчик,
facc22b5-a6a9-4831-a851-44d6ca874ed5,05 юни 2026,Определение,244,29.07.2026,Христо Витков Първанов - Съдия докладчик,
facc22b5-a6a9-4831-a851-44d6ca874ed5,21 април 2026,Разпореждане,272,21.04.2026,Христо Витков Първанов - Съдия докладчик,
44a54069-f595-4645-9756-edb356aa9d72,04 април 2026,Определение,1180,04.04.2026,Стелла Светозарова Моллова - Съдия докладчик,
e6093ba7-418f-4ae9-928e-7f19bd2a21cd,27 май 2026,Изпълнителен лист ЗП,382,27.05.2026,Асима Костова Вангелова-Петрова - Съдия докладчик,
e6093ba7-418f-4ae9-928e-7f19bd2a21cd,27 май 2026,Разпореждане,1995,,Асима Костова Вангелова-Петрова - Съдия докладчик,
e6093ba7-418f-4ae9-928e-7f19bd2a21cd,04 април 2026,Заповед за изпълнение,443,21.05.2026,Асима Костова Вангелова-Петрова - Съдия докладчик,
a3c02e15-b7ff-48d3-8660-f8eaf56cf6b9,02 септември 2026,Изпълнителен лист ЗП,5904,02.09.2026,Борислава Петрова Борисова-Здравкова - Съдия докладчик,
a3c02e15-b7ff-48d3-8660-f8eaf56cf6b9,02 септември 2026,Разпореждане,25752,02.09.2026,Борислава Петрова Борисова-Здравкова - Съдия докладчик,
a3c02e15-b7ff-48d3-8660-f8eaf56cf6b9,06 април 2026,Заповед за изпълнение,2957,,Борислава Петрова Борисова-Здравкова - Съдия докладчик,
a3c02e15-b7ff-48d3-8660-f8eaf56cf6b9,06 април 2026,Разпореждане,10220,06.04.2026,Борислава Петрова Борисова-Здравкова - Съдия докладчик,
a9173c12-94a1-46ff-a9e4-97937c4f1d29,07 април 2026,Заповед за изпълнение,1170,,Ели Димитрова Анастасова Мицевска - Съдия докладчик,
5120478b-4737-4d1e-bbf8-0f2dfecf9c45,03 април 2026,Разпореждане,220,03.04.2026,Анелия Димитрова - Съдия докладчик,
59e0aaf5-88df-46e4-be8b-b0853f0ce529,03 юни 2026,Разпореждане,515,03.06.2026,Петя Иванова Петрова - Съдия докладчик,
59e0aaf5-88df-46e4-be8b-b0853f0ce529,27 май 2026,Разпореждане,482,27.05.2026,Петя Иванова Петрова - Съдия докладчик,
59e0aaf5-88df-46e4-be8b-b0853f0ce529,24 април 2026,Разпореждане,390,24.04.2026,Петя Иванова Петрова - Съдия докладчик,
59e0aaf5-88df-46e4-be8b-b0853f0ce529,08 април 2026,Определение,213,,Милен Петров Славов - Председател Петя Иванова Петрова - Съдия докладчик Мария Кръстева Маринова - Член,
758df4a0-dbad-488c-9fb9-f8627b15fd45,03 април 2026,Решение,367,03.04.2026,Тихомир Руменов Рачев - Съдия докладчик,
ddb24b23-d982-4643-ba64-928c1a397619,21 юли 2026,Изпълнителен лист ЗП,1001,21.07.2026,КРИСТИАН АТАНАСОВ БАДЖАКОВ - Съдия докладчик,
ddb24b23-d982-4643-ba64-928c1a397619,21 юли 2026,Разпореждане,5346,21.07.2026,КРИСТИАН АТАНАСОВ БАДЖАКОВ - Съдия докладчик,
ddb24b23-d982-4643-ba64-928c1a397619,05 юни 2026,Разпореждане,3837,05.06.2026,КРИСТИАН АТАНАСОВ БАДЖАКОВ - Съдия докладчик,
ddb24b23-d982-4643-ba64-928c1a397619,04 юни 2026,Разпореждане,3788,04.06.2026,КРИСТИАН АТАНАСОВ БАДЖАКОВ - Съдия докладчик,
ddb24b23-d982-4643-ba64-928c1a397619,02 юни 2026,Разпореждане,3697,02.06.2026,КРИСТИАН АТАНАСОВ БАДЖАКОВ - Съдия докладчик,
ddb24b23-d982-4643-ba64-928c1a397619,06 април 2026,Заповед за изпълнение,822,13.07.2026,КРИСТИАН АТАНАСОВ БАДЖАКОВ - Съдия докладчик,
5b4066fc-dcfd-4216-8047-5be32be0ac49,29 април 2026,Разпореждане,53955,29.04.2026,АНГЕЛИНА КОЛЕВА БОЕВА - Съдия докладчик,
5b78adaf-1608-4b4a-8b26-8aef6ddde3be,02 октомври 2026,Изпълнителен лист ЗП,475,02.10.2026,ИРЕНА ВАСИЛЕВА РАБАДЖИЕВА - Съдия докладчик,
5b78adaf-1608-4b4a-8b26-8aef6ddde3be,02 октомври 2026,Разпореждане,2612,,ИРЕНА ВАСИЛЕВА РАБАДЖИЕВА - Съдия докладчик,
5b78adaf-1608-4b4a-8b26-8aef6ddde3be,03 април 2026,Заповед за изпълнение,81,09.07.2026,ИРЕНА ВАСИЛЕВА РАБАДЖИЕВА - Съдия докладчик,
7c8f3a84-b226-4c36-adfc-aa929e643f83,03 юни 2026,Изпълнителен лист ЗП,1000,03.06.2026,Георги Кирилов Пашалиев - Съдия докладчик,
7c8f3a84-b226-4c36-adfc-aa929e643f83,03 юни 2026,Разпореждане,5116,03.06.2026,Георги Кирилов Пашалиев - Съдия докладчик,
7c8f3a84-b226-4c36-adfc-aa929e643f83,03 април 2026,Заповед за изпълнение,1261,28.05.2026,Георги Кирилов Пашалиев - Съдия докладчик,
fbe0698b-13d8-4e2d-8dc0-746be09e09aa,16 април 2026,Разпореждане,398,01.05.2026,Росица Георгиева Калугерова - Съдия докладчик,
fbe0698b-13d8-4e2d-8dc0-746be09e09aa,03 април 2026,Разпореждане,322,03.04.2026,Росица Георгиева Калугерова - Съдия докладчик,
5db8ca84-f696-4c39-95dd-a6fa9a1dbd97,16 юли 2026,Изпълнителен лист ЗП,1044,16.07.2026,Николинка Лазарова Крумова - Съдия докладчик,
5db8ca84-f696-4c39-95dd-a6fa9a1dbd97,16 юли 2026,Разпореждане,2592,,Николинка Лазарова Крумова - Съдия докладчик,
5db8ca84-f696-4c39-95dd-a6fa9a1dbd97,07 април 2026,Заповед за изпълнение,521,,Николинка Лазарова Крумова - Съдия докладчик,
5db8ca84-f696-4c39-95dd-a6fa9a1dbd97,07 април 2026,Разпореждане,1359,07.04.2026,Николинка Лазарова Крумова - Съдия докладчик,
5db8ca84-f696-4c39-95dd-a6fa9a1dbd97,07 април 2026,Разпореждане,1358,07.04.2026,Николинка Лазарова Крумова - Съдия докладчик,
5ce6dfc4-289b-4529-8348-3abbb5f85f6a,24 август 2026,Разпореждане,6305,24.08.2026,Христо Милков Минев - Съдия докладчик,
5ce6dfc4-289b-4529-8348-3abbb5f85f6a,24 август 2026,Изпълнителен лист,1030,24.08.2026,,
5ce6dfc4-289b-4529-8348-3abbb5f85f6a,07 април 2026,Протоколно определение,1786,23.04.2026,Христо Милков Минев - Съдия докладчик,
5ce6dfc4-289b-4529-8348-3abbb5f85f6a,07 април 2026,Споразумение,297,07.04.2026,Христо Милков Минев - Съдия докладчик,
5ce6dfc4-289b-4529-8348-3abbb5f85f6a,03 април 2026,Разпореждане,2437,03.04.2026,Христо Милков Минев - Съдия докладчик,
5307659c-0314-4069-b7e1-2c328313bfbd,07 април 2026,Изпълнителен лист,1455,07.04.2026,,
5307659c-0314-4069-b7e1-2c328313bfbd,03 април 2026,Протокол,6806,03.04.2026,МАРИЯ ХРИСТОВА ШОЙЛЕКОВА МАРИНОВА - Съдия докладчик,
5307659c-0314-4069-b7e1-2c328313bfbd,03 април 2026,Споразумение,573,03.04.2026,МАРИЯ ХРИСТОВА ШОЙЛЕКОВА МАРИНОВА - Съдия докладчик,
5307659c-0314-4069-b7e1-2c328313bfbd,03 април 2026,Разпореждане,4458,03.04.2026,МАРИЯ ХРИСТОВА ШОЙЛЕКОВА МАРИНОВА - Съдия докладчик,
79e48220-7b31-4906-b83d-a342e7c58ca0,02 септември 2026,Изпълнителен лист ЗП,282,02.09.2026,ПЕТЪР СИМЕОНОВ ПЕТРОВ - Съдия докладчик,
79e48220-7b31-4906-b83d-a342e7c58ca0,07 април 2026,Заповед за изпълнение,85,04.08.2026,ПЕТЪР СИМЕОНОВ ПЕТРОВ - Съдия докладчик,
381d5fad-4d28-4752-a967-efc4c813fb1e,03 април 2026,Решение,1172,03.04.2026,СИЛВИЯ ГЕОРГИЕВА ЦЕПОВА - Съдия докладчик,
3410c42e-93b9-4976-9a6b-78eee203eff5,21 май 2026,Разпореждане,5672,21.05.2026,Мирослав Данаилов Досов - Съдия докладчик,
3410c42e-93b9-4976-9a6b-78eee203eff5,21 април 2026,Заповед за изпълнение,2719,,Мирослав Данаилов Досов - Съдия докладчик,
72294cfc-c18f-40ed-94e5-5957d269adbf,01 юли 2026,Разпореждане,7968,,Дани Каназирева - Докладчик,
72294cfc-c18f-40ed-94e5-5957d269adbf,25 юни 2026,Разпореждане,7610,,Дани Каназирева - Докладчик,
72294cfc-c18f-40ed-94e5-5957d269adbf,08 юни 2026,Решение,6696,,Дани Каназирева - Докладчик,
72294cfc-c18f-40ed-94e5-5957d269adbf,07 април 2026,Определение,4054,,Дани Каназирева - Докладчик,
8cffe06f-8bd1-4d29-a5ab-1614a3ab6c48,20 май 2026,Разпореждане,4586,20.05.2026,Мирослава Неделчева - Съдия докладчик,
8cffe06f-8bd1-4d29-a5ab-1614a3ab6c48,03 април 2026,Заповед за изпълнение,1259,,Мирослава Неделчева - Съдия докладчик,
d3c371f1-3bc0-43dd-956a-6b9aeb220e67,29 май 2026,Изпълнителен лист ЗП,3689,29.05.2026,МАРИНЕЛА КРАСИМИРОВА МАРИНОВА-СТОЕВА - Съдия докладчик,
d3c371f1-3bc0-43dd-956a-6b9aeb220e67,29 май 2026,Разпореждане,15782,29.05.2026,МАРИНЕЛА КРАСИМИРОВА МАРИНОВА-СТОЕВА - Съдия докладчик,
d3c371f1-3bc0-43dd-956a-6b9aeb220e67,07 април 2026,Заповед за изпълнение,3060,,Иванина Игнатова Иванова - Съдия докладчик,
d3c371f1-3bc0-43dd-956a-6b9aeb220e67,07 април 2026,Разпореждане,10505,07.04.2026,Иванина Игнатова Иванова - Съдия докладчик,
d3c371f1-3bc0-43dd-956a-6b9aeb220e67,03 април 2026,Разпореждане,10152,03.04.2026,МАРИНЕЛА КРАСИМИРОВА МАРИНОВА-СТОЕВА - Съдия докладчик,
92d4c789-955b-4820-b5f7-79a9523eda78,14 май 2026,Разпореждане,1955,14.05.2026,АНТОН РАНГЕЛОВ ИГНАТОВ - Съдия докладчик,
92d4c789-955b-4820-b5f7-79a9523eda78,14 май 2026,Изпълнителен лист ЗП,268,14.05.2026,АНТОН РАНГЕЛОВ ИГНАТОВ - Съдия докладчик,
92d4c789-955b-4820-b5f7-79a9523eda78,03 април 2026,Заповед за изпълнение,418,08.05.2026,АНТОН РАНГЕЛОВ ИГНАТОВ - Съдия докладчик,
92d4c789-955b-4820-b5f7-79a9523eda78,03 април 2026,Разпореждане,1248,03.04.2026,АНТОН РАНГЕЛОВ ИГНАТОВ - Съдия докладчик,
06ae7db0-76f8-4fb8-a5c4-8d4ec124683b,03 април 2026,Разпореждане,219,03.04.2026,Анелия Димитрова - Съдия докладчик,
1459b66e-9d96-421b-affb-a602a6fa4cd8,07 май 2026,Изпълнителен лист,606,07.05.2026,,
1459b66e-9d96-421b-affb-a602a6fa4cd8,08 април 2026,Споразумение,306,08.04.2026,Пламен Димитров Караниколов - Съдия докладчик,
1459b66e-9d96-421b-affb-a602a6fa4cd8,03 април 2026,Разпореждане,2446,03.04.2026,Пламен Димитров Караниколов - Съдия докладчик,
af176e1b-d0ab-4f26-a7db-62fa0ef9c813,03 април 2026,Заповед за изпълнение,1371,,Недко Цолов Петров - Съдия докладчик,
3dc1ed8b-ea3d-4cae-8fff-175d3d128a14,07 октомври 2026,Изпълнителен лист ЗП,619,07.10.2026,Мария Николаева Петрова - Съдия докладчик,
3dc1ed8b-ea3d-4cae-8fff-175d3d128a14,07 октомври 2026,Разпореждане,2959,,Мария Николаева Петрова - Съдия докладчик,
3dc1ed8b-ea3d-4cae-8fff-175d3d128a14,29 април 2026,Заповед за изпълнение,404,29.09.2026,Мария Николаева Петрова - Съдия докладчик,
3dc1ed8b-ea3d-4cae-8fff-175d3d128a14,14 април 2026,Разпореждане,1079,14.04.2026,Мария Николаева Петрова - Съдия докладчик,
98bf909c-5deb-4a3f-8dc5-c85248f15faf,29 май 2026,Изпълнителен лист ЗП,1267,29.05.2026,Николай Стефанов Стефанов - Съдия докладчик,
98bf909c-5deb-4a3f-8dc5-c85248f15faf,29 май 2026,Разпореждане,5120,29.05.2026,Николай Стефанов Стефанов - Съдия докладчик,
98bf909c-5deb-4a3f-8dc5-c85248f15faf,03 април 2026,Заповед за изпълнение,904,,Николай Стефанов Стефанов - Съдия докладчик,
da9a5b22-a091-4227-9065-f9b420c4c27a,28 май 2026,Изпълнителен лист ЗП,193,28.05.2026,Мариана Гунчева - Съдия докладчик,
da9a5b22-a091-4227-9065-f9b420c4c27a,27 май 2026,Разпореждане,1172,27.05.2026,Мариана Гунчева - Съдия докладчик,
da9a5b22-a091-4227-9065-f9b420c4c27a,03 април 2026,Заповед за изпълнение,14,,Мариана Гунчева - Съдия докладчик,
9202cfbf-6691-48bf-9002-f5445549e92f,26 юни 2026,Изпълнителен лист ЗП,1030,26.06.2026,Калин Кирилов Василев - Съдия докладчик,
9202cfbf-6691-48bf-9002-f5445549e92f,03 юни 2026,Разпореждане,4193,03.06.2026,Калин Кирилов Василев - Съдия докладчик,
9202cfbf-6691-48bf-9002-f5445549e92f,06 април 2026,Заповед за изпълнение,938,16.05.2026,Калин Кирилов Василев - Съдия докладчик,
8b9ca2b4-2506-4672-b9fa-809c37042647,30 юни 2026,Определение,14028,,Цвета Желязкова - Съдия докладчик Цветанка Бенина - Член Елена Радева - Член,
8b9ca2b4-2506-4672-b9fa-809c37042647,21 април 2026,Определение,8817,21.04.2026,Цвета Желязкова - Съдия докладчик Цветанка Бенина - Член Елена Радева - Член,
973113fd-9338-487b-ae74-f190f20adf9f,03 април 2026,Разпореждане,189,03.04.2026,Анна Петкова Донкова-Кутрова - Съдия докладчик,
e4ed8e9e-b976-4efe-8a5a-9e3dc02d2232,29 май 2026,Изпълнителен лист ЗП,846,29.05.2026,Христо Георгиев - Съдия докладчик,
e4ed8e9e-b976-4efe-8a5a-9e3dc02d2232,27 май 2026,Разпореждане,6345,,Христо Георгиев - Съдия докладчик,
e4ed8e9e-b976-4efe-8a5a-9e3dc02d2232,06 април 2026,Заповед за изпълнение,661,19.05.2026,Христо Георгиев - Съдия докладчик,
be3e29e1-6fc9-4a66-b557-9d3d110d092d,31 юли 2026,Изпълнителен лист ЗП,691,31.07.2026,Иван Илиев Йорданов - Съдия докладчик,
be3e29e1-6fc9-4a66-b557-9d3d110d092d,31 юли 2026,Разпореждане,958,31.07.2026,Иван Илиев Йорданов - Съдия докладчик,
be3e29e1-6fc9-4a66-b557-9d3d110d092d,03 април 2026,Заповед за изпълнение,442,,Иван Илиев Йорданов - Съдия докладчик,
ac3d940b-c171-478f-811d-ef29a83f271f,13 август 2026,Разпореждане,97879,13.08.2026,КАЛИНА ВЕНЦИСЛАВОВА СТАНЧЕВА - Съдия докладчик,
ac3d940b-c171-478f-811d-ef29a83f271f,28 юли 2026,Разпореждане,91527,28.07.2026,КАЛИНА ВЕНЦИСЛАВОВА СТАНЧЕВА - Съдия докладчик,
ac3d940b-c171-478f-811d-ef29a83f271f,06 юли 2026,Решение,13362,,КАЛИНА ВЕНЦИСЛАВОВА СТАНЧЕВА - Съдия докладчик,
ac3d940b-c171-478f-811d-ef29a83f271f,26 юни 2026,Протокол,17471,26.06.2026,КАЛИНА ВЕНЦИСЛАВОВА СТАНЧЕВА - Съдия докладчик,
ac3d940b-c171-478f-811d-ef29a83f271f,24 май 2026,Определение,19297,24.05.2026,КАЛИНА ВЕНЦИСЛАВОВА СТАНЧЕВА - Съдия докладчик,
ac3d940b-c171-478f-811d-ef29a83f271f,03 април 2026,Разпореждане,43426,03.04.2026,КАЛИНА ВЕНЦИСЛАВОВА СТАНЧЕВА - Съдия докладчик,
13bc31ae-ffce-4438-8a97-c54e27fe5cfb,29 юли 2026,Изпълнителен лист,946,29.07.2026,,
13bc31ae-ffce-4438-8a97-c54e27fe5cfb,29 юли 2026,Изпълнителен лист,944,29.07.2026,,
13bc31ae-ffce-4438-8a97-c54e27fe5cfb,28 юли 2026,Разпореждане,5670,28.07.2026,Милена Трифонова - Съдия докладчик,
13bc31ae-ffce-4438-8a97-c54e27fe5cfb,28 юли 2026,Разпореждане,5668,28.07.2026,Милена Трифонова - Съдия докладчик,
13bc31ae-ffce-4438-8a97-c54e27fe5cfb,24 юни 2026,Протокол,3410,24.06.2026,Милена Трифонова - Съдия докладчик,
13bc31ae-ffce-4438-8a97-c54e27fe5cfb,22 юни 2026,Решение,751,08.07.2026,Милена Трифонова - Съдия докладчик,
13bc31ae-ffce-4438-8a97-c54e27fe5cfb,04 май 2026,Разпореждане,3158,04.05.2026,Милена Трифонова - Съдия докладчик,
13bc31ae-ffce-4438-8a97-c54e27fe5cfb,22 април 2026,Разпореждане,2849,22.04.2026,Милена Трифонова - Съдия докладчик,
13bc31ae-ffce-4438-8a97-c54e27fe5cfb,06 април 2026,Разпореждане,2496,06.04.2026,Милена Трифонова - Съдия докладчик,
c1c43efb-5841-4638-a1d6-f0b8d19a2540,06 април 2026,Заповед за изпълнение,2972,,Ивайло Юлианов Колев - Съдия докладчик,
c1c43efb-5841-4638-a1d6-f0b8d19a2540,03 април 2026,Разпореждане,10153,03.04.2026,Ивайло Юлианов Колев - Съдия докладчик,
b2c365e3-3837-49d6-8983-e237695aeabf,06 април 2026,Определение,196,,Йорданка Красимирова Ненчева - Съдия докладчик,
b2c365e3-3837-49d6-8983-e237695aeabf,03 април 2026,Разпореждане,504,03.04.2026,Йорданка Красимирова Ненчева - Съдия докладчик,
9e918b5f-fe0b-456e-986c-4e9bf312041a,03 април 2026,Разпореждане,191,03.04.2026,Гюрай Алиев Мурадов - Съдия докладчик,
dc18d869-5a1d-4c10-9c7a-2d4319baa31a,10 октомври 2026,Разпореждане,29847,10.10.2026,Татяна Иванова Тодорова - Съдия докладчик,
dc18d869-5a1d-4c10-9c7a-2d4319baa31a,10 октомври 2026,Разпореждане,29846,10.10.2026,Татяна Иванова Тодорова - Съдия докладчик,
dc18d869-5a1d-4c10-9c7a-2d4319baa31a,06 април 2026,Заповед за изпълнение,2955,,Татяна Иванова Тодорова - Съдия докладчик,
dc18d869-5a1d-4c10-9c7a-2d4319baa31a,06 април 2026,Разпореждане,10208,06.04.2026,Татяна Иванова Тодорова - Съдия докладчик,
f90411d5-296c-4cde-a2ab-d3b911bbade5,29 юни 2026,Разпореждане,2597,29.06.2026,РОСЕН ПЛАМЕНОВ АЛЕКСАНДРОВ - Съдия докладчик,
f90411d5-296c-4cde-a2ab-d3b911bbade5,29 юни 2026,Изпълнителен лист ЗП,396,29.06.2026,РОСЕН ПЛАМЕНОВ АЛЕКСАНДРОВ - Съдия докладчик,
f90411d5-296c-4cde-a2ab-d3b911bbade5,28 април 2026,Разпореждане,1669,28.04.2026,РОСЕН ПЛАМЕНОВ АЛЕКСАНДРОВ - Съдия докладчик,
f90411d5-296c-4cde-a2ab-d3b911bbade5,03 април 2026,Заповед за изпълнение,421,,РОСЕН ПЛАМЕНОВ АЛЕКСАНДРОВ - Съдия докладчик,
6d3d76fc-2036-47b9-8105-1f5f379751a6,08 април 2026,Определение,218,08.04.2026,Милен Петров Славов - Председател Мария Кръстева Маринова - Съдия докладчик Петя Иванова Петрова - Член,
889671d4-01b7-4c31-959a-424463996b37,03 април 2026,Решение,92,03.04.2026,ГЕОРГИ КОСТАДИНОВ МИЛКОТЕВ - Съдия докладчик,
63acffe8-b3f0-43a0-96f1-97075ffd08a1,03 април 2026,Разпореждане,188,03.04.2026,Анна Петкова Донкова-Кутрова - Съдия докладчик,
13db3036-ed69-4412-97ab-8e15e49656fd,07 април 2026,Разпореждане,1780,07.04.2026,АЛЕКСАНДРА НАНОВА - Съдия докладчик,
13db3036-ed69-4412-97ab-8e15e49656fd,03 април 2026,Заповед за изпълнение,1184,,АЛЕКСАНДРА НАНОВА - Съдия докладчик,
7d805484-b17e-419a-94dc-b21d11f621f9,06 април 2026,Заповед за изпълнение,497,,Живко Павлов Георгиев - Съдия докладчик,
2b410a79-be7c-48d5-952d-973f8c2a7eaa,03 април 2026,Определение,733,03.04.2026,АНДОН ВЪЛКОВ ВЪЛКОВ - Съдия докладчик,
d7a5ea50-1449-48c4-aee5-81ff7103d2b7,03 април 2026,Определение,1172,,НЕДА НЕДЕЛЧЕВА ТАБАНДЖОВА ЗАРКОВА - Съдия докладчик,
19f88652-74cd-4139-bd95-d592b9ff941c,06 април 2026,Заповед за изпълнение,1294,,Албена Петрова Ташкова - Съдия докладчик,
86ccc2f1-64d5-4218-be0c-92af05ae7282,21 юли 2026,Изпълнителен лист ЗП,788,21.07.2026,Ъшъл Лютфи Ириева - Съдия докладчик,
86ccc2f1-64d5-4218-be0c-92af05ae7282,21 юли 2026,Разпореждане,3472,21.07.2026,Ъшъл Лютфи Ириева - Съдия докладчик,
86ccc2f1-64d5-4218-be0c-92af05ae7282,04 юни 2026,Разпореждане,2667,04.06.2026,Ъшъл Лютфи Ириева - Съдия докладчик,
86ccc2f1-64d5-4218-be0c-92af05ae7282,06 април 2026,Заповед за изпълнение,453,,Ъшъл Лютфи Ириева - Съдия докладчик,
300a4e6c-8c44-46a8-ad9e-073b51998dd7,04 май 2026,Разпореждане,3135,04.05.2026,Христо Милков Минев - Съдия докладчик,
300a4e6c-8c44-46a8-ad9e-073b51998dd7,04 май 2026,Изпълнителен лист,601,04.05.2026,,
300a4e6c-8c44-46a8-ad9e-073b51998dd7,07 април 2026,Споразумение,295,07.04.2026,Христо Милков Минев - Съдия докладчик,
300a4e6c-8c44-46a8-ad9e-073b51998dd7,03 април 2026,Разпореждане,2436,03.04.2026,Христо Милков Минев - Съдия докладчик,
154472cf-dc61-41f1-a7cb-3cac12c131fb,20 април 2026,Определение,227,20.04.2026,Юлия Русева Бажлекова - Председател Росица Славчова Станчева - Съдия докладчик Деспина Георгиева Георгиева - Член,
a8e3962e-7bd7-4c2d-abc7-7496cf3a65f9,03 април 2026,Определение,459,03.04.2026,Христо Ангелов - Съдия докладчик,
2805407c-79e7-4024-9c45-874161fd7516,12 май 2026,Изпълнителен лист ЗП,239,12.05.2026,Славка Кабасанова - Съдия докладчик,
2805407c-79e7-4024-9c45-874161fd7516,12 май 2026,Разпореждане,890,12.05.2026,Славка Кабасанова - Съдия докладчик,
2805407c-79e7-4024-9c45-874161fd7516,03 април 2026,Заповед за изпълнение,376,,Славка Кабасанова - Съдия докладчик,
39c2cfeb-9d8f-4d1b-87a5-e3d95796ae18,14 април 2026,Заповед за изпълнение,274,,Диана Симеонова Стателова - Съдия докладчик,
3e43b025-6c4d-4489-9162-f000995f1937,03 април 2026,Определение,734,03.04.2026,АНДОН ВЪЛКОВ ВЪЛКОВ - Съдия докладчик,
60ecf50e-162f-4d7c-b16c-ab2f3425a3c8,26 юни 2026,Изпълнителен лист ЗП,4423,26.06.2026,Иванина Игнатова Иванова - Съдия докладчик,
60ecf50e-162f-4d7c-b16c-ab2f3425a3c8,26 юни 2026,Разпореждане,18876,26.06.2026,Иванина Игнатова Иванова - Съдия докладчик,
60ecf50e-162f-4d7c-b16c-ab2f3425a3c8,03 април 2026,Заповед за изпълнение,2933,,Иванина Игнатова Иванова - Съдия докладчик,
60ecf50e-162f-4d7c-b16c-ab2f3425a3c8,03 април 2026,Разпореждане,10149,03.04.2026,Иванина Игнатова Иванова - Съдия докладчик,
ebbfdbdf-4abf-4033-aa87-f220a5f353ae,01 септември 2026,Решение,10248,02.10.2026,Пламен Танев - Докладчик,
ebbfdbdf-4abf-4033-aa87-f220a5f353ae,03 юни 2026,Разпореждане,6486,,Пламен Танев - Докладчик,
ebbfdbdf-4abf-4033-aa87-f220a5f353ae,07 май 2026,Определение,5271,,Пламен Танев - Докладчик,
ebbfdbdf-4abf-4033-aa87-f220a5f353ae,03 април 2026,Разпореждане,3996,,Пламен Танев - Докладчик,
b78e7d2b-c3ac-462a-985b-2f46ad6a0dbc,24 април 2026,Определение,250,,МИЛЕН РУМЕНОВ АНГЕЛОВ - Съдия докладчик,
b78e7d2b-c3ac-462a-985b-2f46ad6a0dbc,03 април 2026,Разпореждане,1300,03.04.2026,МИЛЕН РУМЕНОВ АНГЕЛОВ - Съдия докладчик,
c6b86d7a-3164-49c7-ad9b-91dbee4379af,20 юни 2026,Разпореждане,3027,,Христо Тотев Христов - Съдия докладчик,
a38645c7-60b3-4ae6-9d8a-2858912ed748,03 април 2026,Решение,480,03.04.2026,Антоанета Иванова Абрашева - Съдия докладчик,
15c98bd9-a57b-4f62-9b61-2b45d2e0eb29,09 юли 2026,Изпълнителен лист,220,09.07.2026,,
15c98bd9-a57b-4f62-9b61-2b45d2e0eb29,09 юли 2026,Изпълнителен лист,219,09.07.2026,,
15c98bd9-a57b-4f62-9b61-2b45d2e0eb29,08 април 2026,Протоколно определение,289,16.04.2026,ДОРОТЕЯ ЕНЧЕВА ИВАНОВА - Съдия докладчик,
15c98bd9-a57b-4f62-9b61-2b45d2e0eb29,08 април 2026,Споразумение,45,08.04.2026,ДОРОТЕЯ ЕНЧЕВА ИВАНОВА - Съдия докладчик,
15c98bd9-a57b-4f62-9b61-2b45d2e0eb29,08 април 2026,Протоколно определение,287,24.04.2026,ДОРОТЕЯ ЕНЧЕВА ИВАНОВА - Съдия докладчик,
15c98bd9-a57b-4f62-9b61-2b45d2e0eb29,06 април 2026,Разпореждане,356,06.04.2026,ДОРОТЕЯ ЕНЧЕВА ИВАНОВА - Съдия докладчик,
aeed63a7-a46d-478d-829d-844f749ad693,20 април 2026,Определение,8735,20.04.2026,Стела Кацарова - Председател Гергана Великова Недева - Съдия докладчик Боян Георгиев Бояджиев - Член,
a325bcfa-5936-474d-9c35-152cc682ff83,29 юни 2026,Определение,23610,29.06.2026,ЯНА ДИМИТРОВА БОРИСОВА - Съдия докладчик,
a325bcfa-5936-474d-9c35-152cc682ff83,29 април 2026,Разпореждане,53764,29.04.2026,ЯНА ДИМИТРОВА БОРИСОВА - Съдия докладчик,
a325bcfa-5936-474d-9c35-152cc682ff83,09 април 2026,Разпореждане,45668,09.04.2026,ЯНА ДИМИТРОВА БОРИСОВА - Съдия докладчик,
77ba9cf9-b0af-42c7-9f8c-6e3c562a39f9,27 май 2026,Протоколно определение,2728,27.05.2026,Радостина Методиева - Съдия докладчик,
77ba9cf9-b0af-42c7-9f8c-6e3c562a39f9,27 май 2026,Протоколно определение,2727,27.05.2026,Радостина Методиева - Съдия докладчик,
77ba9cf9-b0af-42c7-9f8c-6e3c562a39f9,11 май 2026,Споразумение,405,11.05.2026,Радостина Методиева - Съдия докладчик,
77ba9cf9-b0af-42c7-9f8c-6e3c562a39f9,03 април 2026,Разпореждане,2443,03.04.2026,Радостина Методиева - Съдия докладчик,
f72934a8-ff19-457c-80b3-4f744ade03e6,06 април 2026,Решение,493,06.04.2026,Елена Иванова Балджиева - Съдия докладчик,
1ac22e2b-2ece-4b26-ac93-26b03cc62e7d,08 април 2026,Определение,4543,08.04.2026,Диляна Василева Славова - Съдия докладчик,
1ac22e2b-2ece-4b26-ac93-26b03cc62e7d,06 април 2026,Определение,4460,06.04.2026,Диляна Василева Славова - Съдия докладчик,
2176c76e-cf22-4ab5-834f-775358eb45d5,21 май 2026,Изпълнителен лист ЗП,3520,21.05.2026,ЛОРА РАНГЕЛОВА СТЕФАНОВА - Съдия докладчик,
2176c76e-cf22-4ab5-834f-775358eb45d5,21 май 2026,Разпореждане,14935,21.05.2026,ЛОРА РАНГЕЛОВА СТЕФАНОВА - Съдия докладчик,
2176c76e-cf22-4ab5-834f-775358eb45d5,03 април 2026,Заповед за изпълнение,2882,,ЛОРА РАНГЕЛОВА СТЕФАНОВА - Съдия докладчик,
2176c76e-cf22-4ab5-834f-775358eb45d5,03 април 2026,Разпореждане,10040,03.04.2026,ЛОРА РАНГЕЛОВА СТЕФАНОВА - Съдия докладчик,
038afc33-f778-41b5-afce-f17169a1dbf2,03 април 2026,Определение,738,03.04.2026,АНДОН ВЪЛКОВ ВЪЛКОВ - Съдия докладчик,
1a9872a6-28c9-42f9-b111-b14d56efd652,21 юли 2026,Изпълнителен лист ЗП,287,21.07.2026,Десислава Константинова Николаева - Съдия докладчик,
1a9872a6-28c9-42f9-b111-b14d56efd652,01 юни 2026,Разпореждане,350,01.06.2026,Десислава Константинова Николаева - Съдия докладчик,
1a9872a6-28c9-42f9-b111-b14d56efd652,03 април 2026,Заповед за изпълнение,172,15.07.2026,Десислава Константинова Николаева - Съдия докладчик,
b4f05370-c2f3-4da6-987d-1114967da9f2,10 май 2026,Разпореждане,1172,10.05.2026,Огнян Христов Гълъбов - Съдия докладчик,
b4f05370-c2f3-4da6-987d-1114967da9f2,17 април 2026,Разпореждане,997,17.04.2026,Огнян Христов Гълъбов - Съдия докладчик,
b4f05370-c2f3-4da6-987d-1114967da9f2,09 април 2026,Разпореждане,929,09.04.2026,Огнян Христов Гълъбов - Съдия докладчик,
b4f05370-c2f3-4da6-987d-1114967da9f2,03 април 2026,Заповед за изпълнение,201,,Огнян Христов Гълъбов - Съдия докладчик,
a2187ea0-3649-40d8-8df1-ecc567a8d8b8,03 април 2026,Решение,6386,03.04.2026,СТОЙЧО ТОДОРОВ ПОПОВ - Съдия докладчик,
1826615b-7589-40d0-89cb-a7824e03e9ea,24 юли 2026,Определение,564,10.08.2026,Стойка Георгиева Манолова Стойкова - Съдия докладчик,
1826615b-7589-40d0-89cb-a7824e03e9ea,16 юни 2026,Определение,494,16.06.2026,Стойка Георгиева Манолова Стойкова - Съдия докладчик,
1826615b-7589-40d0-89cb-a7824e03e9ea,11 май 2026,Разпореждане,300,11.05.2026,Стойка Георгиева Манолова Стойкова - Съдия докладчик,
1826615b-7589-40d0-89cb-a7824e03e9ea,03 април 2026,Заповед за изпълнение,178,,Стойка Георгиева Манолова Стойкова - Съдия докладчик,
6f7a082c-f973-41f4-ae77-be4448548f4a,03 април 2026,Решение,482,03.04.2026,Майя Йончева Йончева - Съдия докладчик,
103eaa00-4bcc-4945-9e8f-21fa2bba8a31,23 април 2026,Разпореждане,4781,23.04.2026,Мария Ангелова Ненова - Съдия докладчик,
103eaa00-4bcc-4945-9e8f-21fa2bba8a31,06 април 2026,Разпореждане,4078,22.04.2026,Мария Ангелова Ненова - Съдия докладчик,
472eed60-9799-4700-9bf2-a88d592662fe,10 юни 2026,Определение,7195,10.06.2026,София Сотирова Монева - Съдия докладчик,
472eed60-9799-4700-9bf2-a88d592662fe,08 април 2026,Разпореждане,6948,08.04.2026,София Сотирова Монева - Съдия докладчик,
27832ca8-b3e6-47cc-b86f-ea32f36dc761,03 април 2026,Решение,485,03.04.2026,Милен Иванов Бойчев - Съдия докладчик,
7330693f-aa14-478c-ad27-aeca31c751fe,08 април 2026,Определение,215,08.04.2026,Милен Петров Славов - Председател Петя Иванова Петрова - Съдия докладчик Мария Кръстева Маринова - Член,
f6fe8a59-d68c-46de-a0a0-2ceecd8cb0de,24 април 2026,Определение,176,08.05.2026,Иван Христов Христов - Съдия докладчик,
f6fe8a59-d68c-46de-a0a0-2ceecd8cb0de,06 април 2026,Заповед за изпълнение,466,,Иван Христов Христов - Съдия докладчик,
f6fe8a59-d68c-46de-a0a0-2ceecd8cb0de,06 април 2026,Разпореждане,584,06.04.2026,Иван Христов Христов - Съдия докладчик,
b23be865-b851-4aec-a6de-63890a6f72c2,08 октомври 2026,Разпореждане,18150,08.10.2026,Татяна Иванова Маслинкова - Съдия докладчик,
b23be865-b851-4aec-a6de-63890a6f72c2,03 септември 2026,Разпореждане,16117,03.09.2026,Татяна Иванова Маслинкова - Съдия докладчик,
b23be865-b851-4aec-a6de-63890a6f72c2,17 юни 2026,Разпореждане,11442,17.06.2026,Татяна Иванова Маслинкова - Съдия докладчик,
240c60ed-8343-4dc5-b0fb-60d2079f985d,03 април 2026,Решение,478,03.04.2026,Николай Стефанов Стефанов - Съдия докладчик,
fb2ea63d-83f8-4832-b429-8828f0c5479c,07 април 2026,Заповед за изпълнение,739,,Лилия Йорданова Любенова Димитрова - Съдия докладчик,
8ed99165-12a1-421c-a41b-90167826f571,05 юни 2026,Изпълнителен лист ЗП,379,05.06.2026,МАРИО ДИМИТРОВ СТОЯНОВ - Съдия докладчик,
8ed99165-12a1-421c-a41b-90167826f571,05 юни 2026,Разпореждане,2279,,МАРИО ДИМИТРОВ СТОЯНОВ - Съдия докладчик,
8ed99165-12a1-421c-a41b-90167826f571,15 април 2026,Заповед за изпълнение,442,,МАРИО ДИМИТРОВ СТОЯНОВ - Съдия докладчик,
8ed99165-12a1-421c-a41b-90167826f571,03 април 2026,Разпореждане,1284,03.04.2026,МАРИО ДИМИТРОВ СТОЯНОВ - Съдия докладчик,
fc877f85-b216-488f-a658-b7f4d5966091,09 октомври 2026,Определение,21466,09.10.2026,Гергана Великова Недева - Съдия докладчик,
fc877f85-b216-488f-a658-b7f4d5966091,05 октомври 2026,Разпореждане,27387,05.10.2026,Стилияна Григорова - Съдия докладчик,
fc877f85-b216-488f-a658-b7f4d5966091,28 септември 2026,Определение,20328,28.09.2026,Илина Велизарова Златарева Митева - Съдия докладчик,
fc877f85-b216-488f-a658-b7f4d5966091,21 септември 2026,Определение,19768,21.09.2026,Стою Христов Згуров - Съдия докладчик,
fc877f85-b216-488f-a658-b7f4d5966091,16 септември 2026,Разпореждане,25532,16.09.2026,Калина Анастасова - Съдия докладчик,
fc877f85-b216-488f-a658-b7f4d5966091,14 септември 2026,Определение,19108,14.09.2026,Ина Емилова Костадинова - Съдия докладчик,
fc877f85-b216-488f-a658-b7f4d5966091,08 септември 2026,Определение,18749,08.09.2026,Ивона Веселинова Енчева - Съдия докладчик,
fc877f85-b216-488f-a658-b7f4d5966091,03 септември 2026,Определение,18551,03.09.2026,Анелия Стефанова Янева - Съдия докладчик,
fc877f85-b216-488f-a658-b7f4d5966091,31 август 2026,Разпореждане,24046,31.08.2026,Нели Алексиева - Съдия докладчик,
fc877f85-b216-488f-a658-b7f4d5966091,11 август 2026,Определение,17053,11.08.2026,Мария Янкова Иванова Вранеску - Съдия докладчик Нели Маринова - Член Радостина Данаилова - Член,
900157dd-3104-4317-97ab-f23947157e79,26 май 2026,Разпореждане,1388,26.05.2026,Стоян Георгиев Хаджиев - Съдия докладчик,
900157dd-3104-4317-97ab-f23947157e79,03 април 2026,Заповед за изпълнение,397,,Стоян Георгиев Хаджиев - Съдия докладчик,
e694ec21-c2bd-4c3a-bd82-79715b87ccd2,03 април 2026,Решение,6369,03.04.2026,СВЕТЛАНА ТОДОРОВА ПАНАЙОТОВА - Съдия докладчик,
c8468701-9589-41a7-8f0b-418fb2e8673d,21 май 2026,Изпълнителен лист,45,21.05.2026,,
c8468701-9589-41a7-8f0b-418fb2e8673d,20 май 2026,Разпореждане,647,20.05.2026,Росица Георгиева Калугерова - Съдия докладчик,
c8468701-9589-41a7-8f0b-418fb2e8673d,08 май 2026,Решение,105,19.05.2026,Росица Георгиева Калугерова - Съдия докладчик,
c8468701-9589-41a7-8f0b-418fb2e8673d,24 април 2026,Протокол,178,24.04.2026,Росица Георгиева Калугерова - Съдия докладчик,
c8468701-9589-41a7-8f0b-418fb2e8673d,03 април 2026,Определение,256,03.04.2026,Росица Георгиева Калугерова - Съдия докладчик,
c8468701-9589-41a7-8f0b-418fb2e8673d,03 април 2026,Разпореждане,329,03.04.2026,Росица Георгиева Калугерова - Съдия докладчик,
c8468701-9589-41a7-8f0b-418fb2e8673d,03 април 2026,Разпореждане,320,03.04.2026,Росица Георгиева Калугерова - Съдия докладчик,
16660784-eb04-446e-99f8-a59c444a1c8d,06 април 2026,Заповед за изпълнение,1400,,Петя Димитрова Стоянова - Съдия докладчик,
90d7fb1c-ae67-40c0-b306-d25822bf6a71,03 април 2026,Решение,481,03.04.2026,Милена Ганчева Трифонова - Съдия докладчик,
d9c12aab-89b6-480d-baf7-1e5a302fb22e,03 септември 2026,Определение,11061,03.09.2026,Крум Борисов Гечев - Съдия докладчик,
d9c12aab-89b6-480d-baf7-1e5a302fb22e,08 април 2026,Разпореждане,6986,08.04.2026,Крум Борисов Гечев - Съдия докладчик,
03cfc1a5-7ddd-4881-a192-0bfce8bf99a7,16 юни 2026,Споразумение,522,16.06.2026,Мария Бончева - Съдия докладчик,
03cfc1a5-7ddd-4881-a192-0bfce8bf99a7,12 юни 2026,Протокол,3157,12.06.2026,Мария Бончева - Съдия докладчик,
03cfc1a5-7ddd-4881-a192-0bfce8bf99a7,16 май 2026,Протокол,2561,16.05.2026,Мария Бончева - Съдия докладчик,
03cfc1a5-7ddd-4881-a192-0bfce8bf99a7,03 април 2026,Разпореждане,2434,03.04.2026,Мария Бончева - Съдия докладчик,
a744b5ab-e314-45fd-b076-6673e57d800b,13 май 2026,Разпореждане,1808,13.05.2026,Нанко Събов Маринов - Съдия докладчик,
a744b5ab-e314-45fd-b076-6673e57d800b,15 април 2026,Разпореждане,1410,,Нанко Събов Маринов - Съдия докладчик,
a744b5ab-e314-45fd-b076-6673e57d800b,03 април 2026,Разпореждане,1286,03.04.2026,Нанко Събов Маринов - Съдия докладчик,
c5353f7e-ade3-4112-bf9f-e37bedb9951d,18 юни 2026,Изпълнителен лист ЗП,1648,18.06.2026,Калин Георгиев Колешански - Съдия докладчик,
c5353f7e-ade3-4112-bf9f-e37bedb9951d,17 юни 2026,Разпореждане,6378,17.06.2026,Калин Георгиев Колешански - Съдия докладчик,
c5353f7e-ade3-4112-bf9f-e37bedb9951d,03 април 2026,Заповед за изпълнение,1313,,Калин Георгиев Колешански - Съдия докладчик,
fcb4150d-1983-4d97-9a5b-d23d63b111d0,03 април 2026,Решение,6383,03.04.2026,СТОЙЧО ТОДОРОВ ПОПОВ - Съдия докладчик,
569d567b-c5d7-4d9f-b687-fae44e4308af,08 април 2026,Определение,216,08.04.2026,Милен Петров Славов - Председател Мария Кръстева Маринова - Съдия докладчик Петя Иванова Петрова - Член,
9a7fb63e-bdde-4bef-a65f-b642e9874d80,03 април 2026,Разпореждане,1363,29.04.2026,Христина Запрянова Жисова - Съдия докладчик,
7410db89-5235-4d67-a4b2-108f55f07fe8,21 август 2026,Изпълнителен лист ЗП,796,21.08.2026,Иван Христов Христов - Съдия докладчик,
7410db89-5235-4d67-a4b2-108f55f07fe8,06 април 2026,Заповед за изпълнение,465,04.08.2026,Иван Христов Христов - Съдия докладчик,
7410db89-5235-4d67-a4b2-108f55f07fe8,06 април 2026,Разпореждане,583,06.04.2026,Иван Христов Христов - Съдия докладчик,
4bc01ab9-557e-4944-9802-4d3fc66f53fb,03 април 2026,Заповед за изпълнение,459,,ПЕТЯ ИВАНОВА ЗДРАВКОВА - Съдия докладчик,
30ca6f0d-9a3f-4441-b0bd-636c8357a3c8,15 април 2026,Разпореждане,47329,15.04.2026,КАМЕЛИЯ ПЛАМЕНОВА КОЛЕВА - Съдия докладчик,
af3667d5-b7dd-4f86-93df-aa7e843e2931,03 юни 2026,Определение,439,30.06.2026,Светослава Борисова Костова - Съдия докладчик,
af3667d5-b7dd-4f86-93df-aa7e843e2931,07 април 2026,Разпореждане,331,07.04.2026,Светослава Борисова Костова - Съдия докладчик,
1f9a21ed-51cb-479f-9014-134ab836f9d3,08 април 2026,Споразумение,304,08.04.2026,Атанас Шкодров - Съдия докладчик,
1f9a21ed-51cb-479f-9014-134ab836f9d3,06 април 2026,Разпореждане,2456,06.04.2026,Атанас Шкодров - Съдия докладчик,
9f0bf40d-fc30-448e-ab3c-fcfe9ec84a66,17 септември 2026,Определение,813,,Стоян Иванов Стоянов - Съдия докладчик,
9f0bf40d-fc30-448e-ab3c-fcfe9ec84a66,14 юли 2026,Разпореждане,2262,14.07.2026,Стоян Иванов Стоянов - Съдия докладчик,
9f0bf40d-fc30-448e-ab3c-fcfe9ec84a66,03 април 2026,Заповед за изпълнение,255,,Стоян Иванов Стоянов - Съдия докладчик,
b40e5b2c-aaca-4c94-85b6-51c5531cdd57,03 април 2026,Решение,6368,03.04.2026,СТОЙЧО ТОДОРОВ ПОПОВ - Съдия докладчик,
387db2f6-7dc7-4629-a1e0-53876a69a119,29 септември 2026,Изпълнителен лист ЗП,1242,29.09.2026,Галя Василева Петрешкова Ставарова - Съдия докладчик,
387db2f6-7dc7-4629-a1e0-53876a69a119,03 април 2026,Заповед за изпълнение,508,,Галя Василева Петрешкова Ставарова - Съдия докладчик,
387db2f6-7dc7-4629-a1e0-53876a69a119,03 април 2026,Разпореждане,1323,03.04.2026,Галя Василева Петрешкова Ставарова - Съдия докладчик,
d7ec517e-49eb-4232-be2a-1ca80e08e648,14 септември 2026,Определение,3553,,Тихомира Георгиева Казасова - Съдия докладчик,
d7ec517e-49eb-4232-be2a-1ca80e08e648,03 август 2026,Разпореждане,7708,03.08.2026,Тихомира Георгиева Казасова - Съдия докладчик,
d7ec517e-49eb-4232-be2a-1ca80e08e648,03 април 2026,Заповед за изпълнение,914,,Тихомира Георгиева Казасова - Съдия докладчик,
ec271ee8-9e02-4c94-97ec-e92489fc55cf,28 юли 2026,Определение,9321,21.08.2026,Надежда Георгиева Славчева - Андонова - Съдия докладчик,
ec271ee8-9e02-4c94-97ec-e92489fc55cf,24 април 2026,Разпореждане,7854,24.04.2026,Надежда Георгиева Славчева - Андонова - Съдия докладчик,
ec271ee8-9e02-4c94-97ec-e92489fc55cf,07 април 2026,Разпореждане,6873,07.04.2026,Надежда Георгиева Славчева - Андонова - Съдия докладчик,
1281a84a-9428-4880-a992-1e81a363f736,05 септември 2026,Определение,482,05.09.2026,Катерина Георгиева Дедова - Съдия докладчик,
1281a84a-9428-4880-a992-1e81a363f736,14 август 2026,Разпореждане,3162,14.08.2026,Катерина Георгиева Дедова - Съдия докладчик,
1281a84a-9428-4880-a992-1e81a363f736,02 май 2026,Разпореждане,1767,02.05.2026,Катерина Георгиева Дедова - Съдия докладчик,
1281a84a-9428-4880-a992-1e81a363f736,05 април 2026,Заповед за изпълнение,540,,Катерина Георгиева Дедова - Съдия докладчик,
66281865-518a-4cdb-9950-abd7589d4da4,26 май 2026,Изпълнителен лист ЗП,2577,26.05.2026,Емил Кръстев Ангелов - Съдия докладчик,
66281865-518a-4cdb-9950-abd7589d4da4,26 май 2026,Разпореждане,5820,,Емил Кръстев Ангелов - Съдия докладчик,
66281865-518a-4cdb-9950-abd7589d4da4,07 април 2026,Заповед за изпълнение,2322,16.05.2026,Емил Кръстев Ангелов - Съдия докладчик,
1fbedfbe-7bed-46a0-a252-331b5792f8c2,15 юни 2026,Решение,267,14.07.2026,Кристиан Димитров Колев - Съдия докладчик,
1fbedfbe-7bed-46a0-a252-331b5792f8c2,28 май 2026,Протокол,728,28.05.2026,Кристиан Димитров Колев - Съдия докладчик,
1fbedfbe-7bed-46a0-a252-331b5792f8c2,13 май 2026,Протокол,655,13.05.2026,Кристиан Димитров Колев - Съдия докладчик,
1fbedfbe-7bed-46a0-a252-331b5792f8c2,29 април 2026,Протокол,603,29.04.2026,Кристиан Димитров Колев - Съдия докладчик,
1fbedfbe-7bed-46a0-a252-331b5792f8c2,08 април 2026,Разпореждане,975,08.04.2026,Кристиан Димитров Колев - Съдия докладчик,
59379974-d52a-4880-ad3e-159d9a559c5b,02 юли 2026,Разпореждане,18712,02.07.2026,Катя Николова Велисеева - Съдия докладчик,
59379974-d52a-4880-ad3e-159d9a559c5b,23 юни 2026,Решение,4305,23.06.2026,Василена Дранчовска - Председател Катя Николова Велисеева - Съдия докладчик Цветомир Милчев Минчев - Член,
c10a03e0-6729-41ce-80eb-871d874a6a78,17 септември 2026,Разпореждане,4450,17.09.2026,Лилия Методиева Ненова - Съдия докладчик,
c10a03e0-6729-41ce-80eb-871d874a6a78,17 септември 2026,Изпълнителен лист ЗП,1041,17.09.2026,Лилия Методиева Ненова - Съдия докладчик,
c10a03e0-6729-41ce-80eb-871d874a6a78,17 септември 2026,Разпореждане,4449,,Лилия Методиева Ненова - Съдия докладчик,
c10a03e0-6729-41ce-80eb-871d874a6a78,28 юли 2026,Разпореждане,3582,28.07.2026,Лилия Методиева Ненова - Съдия докладчик,
c10a03e0-6729-41ce-80eb-871d874a6a78,22 юни 2026,Разпореждане,2986,22.06.2026,Лилия Методиева Ненова - Съдия докладчик,
c10a03e0-6729-41ce-80eb-871d874a6a78,06 април 2026,Заповед за изпълнение,466,,Лилия Методиева Ненова - Съдия докладчик,
14e15ae3-2eb8-491e-ae5b-19e582fcb6ff,09 октомври 2026,Определение,12542,,Пламена Недкова Славова - Милева - Съдия докладчик,
14e15ae3-2eb8-491e-ae5b-19e582fcb6ff,11 август 2026,Разпореждане,14758,11.08.2026,Пламена Недкова Славова - Милева - Съдия докладчик,
14e15ae3-2eb8-491e-ae5b-19e582fcb6ff,29 юли 2026,Разпореждане,14103,29.07.2026,Пламена Недкова Славова - Милева - Съдия докладчик,
14e15ae3-2eb8-491e-ae5b-19e582fcb6ff,29 април 2026,Разпореждане,8147,29.04.2026,Пламена Недкова Славова - Милева - Съдия докладчик,
14e15ae3-2eb8-491e-ae5b-19e582fcb6ff,17 април 2026,Разпореждане,7414,17.04.2026,Пламена Недкова Славова - Милева - Съдия докладчик,
14e15ae3-2eb8-491e-ae5b-19e582fcb6ff,06 април 2026,Определение,4444,06.04.2026,Весела Петрова Кърпачева - Съдия докладчик,
4c5fa833-f8d5-422b-bdf1-f237dce9a68a,22 април 2026,Изпълнителен лист ЗП,4252,22.04.2026,ВАНЯ БОРИСОВА ИВАНОВА ЗГУРОВА - Съдия докладчик,
4c5fa833-f8d5-422b-bdf1-f237dce9a68a,22 април 2026,Заповед за изпълнение,696,,ВАНЯ БОРИСОВА ИВАНОВА ЗГУРОВА - Съдия докладчик,
4c5fa833-f8d5-422b-bdf1-f237dce9a68a,14 април 2026,Разпореждане,46680,14.04.2026,ВАНЯ БОРИСОВА ИВАНОВА ЗГУРОВА - Съдия докладчик,
5f221555-8014-4778-8da5-e85d71f9e84f,16 април 2026,Заповед за изпълнение,427,,Росица Чакърова - Съдия докладчик,
463742b0-dae2-4bfe-a9e9-94301ec5d8be,11 юни 2026,Протоколно определение,11970,22.05.2026,МИРОСЛАВ ТОДОРОВ ПЕТРОВ - Съдия докладчик,
463742b0-dae2-4bfe-a9e9-94301ec5d8be,27 април 2026,Разпореждане,5493,27.04.2026,МИРОСЛАВ ТОДОРОВ ПЕТРОВ - Съдия докладчик,
9073521a-55a5-48d5-825a-9b4580700670,06 юли 2026,Определение,699,22.07.2026,ДЕСИСЛАВА СТАНИМИРОВА МАРИНОВА - Съдия докладчик,
9073521a-55a5-48d5-825a-9b4580700670,02 юли 2026,Определение,686,,ДЕСИСЛАВА СТАНИМИРОВА МАРИНОВА - Съдия докладчик,
9073521a-55a5-48d5-825a-9b4580700670,30 юни 2026,Разпореждане,2925,,ДЕСИСЛАВА СТАНИМИРОВА МАРИНОВА - Съдия докладчик,
9073521a-55a5-48d5-825a-9b4580700670,03 април 2026,Заповед за изпълнение,681,,ДЕСИСЛАВА СТАНИМИРОВА МАРИНОВА - Съдия докладчик,
a03703df-587f-4765-8cb1-550c46244916,05 април 2026,Разпореждане,596,22.04.2026,ЦВЕТОМИРА ГЕОРГИЕВА ВЕЛЧЕВА - Съдия докладчик,
a03703df-587f-4765-8cb1-550c46244916,05 април 2026,Заповед за изпълнение,106,16.07.2026,ЦВЕТОМИРА ГЕОРГИЕВА ВЕЛЧЕВА - Съдия докладчик,
de4a3e22-c488-483c-ad22-489c9b536374,06 април 2026,Определение,766,,Биляна Росалинова Скорчовска Петкова - Съдия докладчик,
990806c3-f3dd-40f4-b9ae-294530c5e333,20 юли 2026,Разпореждане,8950,,Милена Несторова – Дичева - Докладчик,
990806c3-f3dd-40f4-b9ae-294530c5e333,01 юли 2026,Решение,7925,,Милена Несторова – Дичева - Докладчик,
990806c3-f3dd-40f4-b9ae-294530c5e333,24 април 2026,Определение,4836,,Милена Несторова – Дичева - Докладчик,
990806c3-f3dd-40f4-b9ae-294530c5e333,23 април 2026,Определение,4748,,Здравка Диева - Докладчик,
990806c3-f3dd-40f4-b9ae-294530c5e333,08 април 2026,Определение,4142,,Здравка Диева - Докладчик,
00c4d2f5-791b-40b2-8acd-2c76e4e7ae32,28 май 2026,Определение,418,,Христина Захариева Марева - Съдия докладчик,
00c4d2f5-791b-40b2-8acd-2c76e4e7ae32,20 май 2026,Разпореждане,453,20.05.2026,Христина Захариева Марева - Съдия докладчик,
00c4d2f5-791b-40b2-8acd-2c76e4e7ae32,22 април 2026,Определение,322,22.04.2026,Христина Захариева Марева - Съдия докладчик,
00c4d2f5-791b-40b2-8acd-2c76e4e7ae32,22 април 2026,Определение,321,22.04.2026,Христина Захариева Марева - Съдия докладчик,
1c6b8987-c607-4de2-a195-d26ad50853be,08 април 2026,Определение,145,08.04.2026,МИГЛЕНА ТЕНЕВА ТЯНКОВА - Съдия докладчик Милена Бориславова Рангелова - Член Веселин Ганчев Ганев - Член,
b72f849a-5e28-4e68-80e7-e57658661ed2,03 април 2026,Разпореждане,1027,23.04.2026,ФИЛИП ЛЮЛИНОВ МАТЕВ - Съдия докладчик,
40ddd41f-b975-4ee8-ab26-4d139c958a29,25 септември 2026,Определение,3421,25.09.2026,МАРИНЕЛА КРАСИМИРОВА МАРИНОВА-СТОЕВА - Съдия докладчик,
40ddd41f-b975-4ee8-ab26-4d139c958a29,25 август 2026,Разпореждане,25018,25.08.2026,МАРИНЕЛА КРАСИМИРОВА МАРИНОВА-СТОЕВА - Съдия докладчик,
40ddd41f-b975-4ee8-ab26-4d139c958a29,25 август 2026,Разпореждане,24908,25.08.2026,МАРИНЕЛА КРАСИМИРОВА МАРИНОВА-СТОЕВА - Съдия докладчик,
40ddd41f-b975-4ee8-ab26-4d139c958a29,25 юни 2026,Разпореждане,18828,25.06.2026,МАРИНЕЛА КРАСИМИРОВА МАРИНОВА-СТОЕВА - Съдия докладчик,
40ddd41f-b975-4ee8-ab26-4d139c958a29,25 юни 2026,Разпореждане,18791,25.06.2026,МАРИНЕЛА КРАСИМИРОВА МАРИНОВА-СТОЕВА - Съдия докладчик,
40ddd41f-b975-4ee8-ab26-4d139c958a29,26 май 2026,Определение,1731,26.05.2026,МАРИНЕЛА КРАСИМИРОВА МАРИНОВА-СТОЕВА - Съдия докладчик,
40ddd41f-b975-4ee8-ab26-4d139c958a29,03 април 2026,Разпореждане,10060,03.04.2026,МАРИНЕЛА КРАСИМИРОВА МАРИНОВА-СТОЕВА - Съдия докладчик,
a93a5a63-92ed-4855-9e18-860972e194a6,20 август 2026,Определение,602,,Гергана Николаева Божилова - Съдия докладчик,
a93a5a63-92ed-4855-9e18-860972e194a6,09 юни 2026,Определение,419,09.06.2026,Гергана Николаева Божилова - Съдия докладчик,
a93a5a63-92ed-4855-9e18-860972e194a6,03 април 2026,Заповед за изпълнение,147,,Гергана Николаева Божилова - Съдия докладчик,
77fa8871-ccde-406f-a2a2-913c68414a99,30 септември 2026,Протокол,21852,30.09.2026,ЦВЕТОМИЛА ДАНОВА - Съдия докладчик,
77fa8871-ccde-406f-a2a2-913c68414a99,04 септември 2026,Разпореждане,107118,04.09.2026,ЦВЕТОМИЛА ДАНОВА - Съдия докладчик,
77fa8871-ccde-406f-a2a2-913c68414a99,01 юли 2026,Протокол,17955,01.07.2026,ЦВЕТОМИЛА ДАНОВА - Съдия докладчик,
77fa8871-ccde-406f-a2a2-913c68414a99,29 май 2026,Определение,19955,29.05.2026,ЦВЕТОМИЛА ДАНОВА - Съдия докладчик,
77fa8871-ccde-406f-a2a2-913c68414a99,15 май 2026,Разпореждане,59570,15.05.2026,ЦВЕТОМИЛА ДАНОВА - Съдия докладчик,
77fa8871-ccde-406f-a2a2-913c68414a99,03 април 2026,Разпореждане,43306,03.04.2026,ЦВЕТОМИЛА ДАНОВА - Съдия докладчик,
77fa8871-ccde-406f-a2a2-913c68414a99,03 април 2026,Заповед,122,03.04.2026,ЦВЕТОМИЛА ДАНОВА - Съдия докладчик,
6a55cc1b-133d-46ed-9087-a3ab77b0e171,24 юли 2026,Определение,862,11.08.2026,ХРИСТИНА ИВАНОВА СЯРОВА - Съдия докладчик,
6a55cc1b-133d-46ed-9087-a3ab77b0e171,04 юни 2026,Разпореждане,2461,04.06.2026,ХРИСТИНА ИВАНОВА СЯРОВА - Съдия докладчик,
6a55cc1b-133d-46ed-9087-a3ab77b0e171,12 май 2026,Разпореждане,2004,12.05.2026,ХРИСТИНА ИВАНОВА СЯРОВА - Съдия докладчик,
6a55cc1b-133d-46ed-9087-a3ab77b0e171,03 април 2026,Заповед за изпълнение,643,11.08.2026,ХРИСТИНА ИВАНОВА СЯРОВА - Съдия докладчик,
aaa78113-dd2e-4530-8d4d-3b2bca4ba68f,29 април 2026,Решение,2875,29.04.2026,Александър Ангелов - Председател Даниела Попова - Съдия докладчик Петя Тошкова Стоянова Владимирова - Член,
2bba7ccf-40e3-4a7a-a41f-95f9b994cdc1,18 май 2026,Разпореждане,3293,18.05.2026,СТЕЛА ВЕСЕЛИНОВА ГЕОРГИЕВА - Съдия докладчик,
2bba7ccf-40e3-4a7a-a41f-95f9b994cdc1,18 май 2026,Изпълнителен лист ЗП,603,18.05.2026,СТЕЛА ВЕСЕЛИНОВА ГЕОРГИЕВА - Съдия докладчик,
2bba7ccf-40e3-4a7a-a41f-95f9b994cdc1,06 април 2026,Заповед за изпълнение,825,11.05.2026,СТЕЛА ВЕСЕЛИНОВА ГЕОРГИЕВА - Съдия докладчик,
9dea4601-5897-466a-86fd-df1b7c6ca418,21 юли 2026,Изпълнителен лист ЗП,464,21.07.2026,Симеон Горанов Гюров - Съдия докладчик,
9dea4601-5897-466a-86fd-df1b7c6ca418,22 април 2026,Разпореждане,980,22.04.2026,Симеон Горанов Гюров - Съдия докладчик,
9dea4601-5897-466a-86fd-df1b7c6ca418,22 април 2026,Разпореждане,968,22.04.2026,Симеон Горанов Гюров - Съдия докладчик,
9dea4601-5897-466a-86fd-df1b7c6ca418,03 април 2026,Заповед за изпълнение,420,,Симеон Горанов Гюров - Съдия докладчик,
df713d4d-a794-4b8e-8b60-ecf08d22e20c,14 май 2026,Протоколно определение,111,14.05.2026,АНЕТА МИЛЧЕВА ПЕТКОВА - Председател ВАЛЯ ЙОРДАНОВА МЛАДЕНОВА - Съдия докладчик ГАБРИЕЛ ПЕТКОВ ЙОНЧЕВ - Член,
df713d4d-a794-4b8e-8b60-ecf08d22e20c,06 април 2026,Определение,175,06.04.2026,АНЕТА МИЛЧЕВА ПЕТКОВА - Председател ВАЛЯ ЙОРДАНОВА МЛАДЕНОВА - Съдия докладчик ГАБРИЕЛ ПЕТКОВ ЙОНЧЕВ - Член,
9f31d91d-83d2-45fa-9ba5-7a4600a02882,22 април 2026,Определение,1845,,ХРИСТИНА БОРИСЛАВОВА НИКОЛОВА - Съдия докладчик,
d0834205-1e56-45f1-842b-a9224d247b64,07 октомври 2026,Разпореждане,27815,07.10.2026,Емилия Александрова - Съдия докладчик,
d0834205-1e56-45f1-842b-a9224d247b64,06 април 2026,Определение,7927,06.04.2026,Емилия Александрова - Съдия докладчик Катя Хасъмска - Член Таня Кандилова - Член,
d5ab50d3-b24b-47e4-bb6b-06e9d8f4517e,05 август 2026,Решение,4021,05.08.2026,Вихра Милкова Къдринска - Съдия докладчик,
d5ab50d3-b24b-47e4-bb6b-06e9d8f4517e,26 юни 2026,Протоколно определение,6970,26.06.2026,Вихра Милкова Къдринска - Съдия докладчик,
d5ab50d3-b24b-47e4-bb6b-06e9d8f4517e,06 април 2026,Определение,4457,06.04.2026,Вихра Милкова Къдринска - Съдия докладчик,
67cd9ab4-7cd2-4731-84ea-97ea4b1c8950,20 май 2026,Определение,878,20.05.2026,Димо Цолов - Съдия докладчик,
67cd9ab4-7cd2-4731-84ea-97ea4b1c8950,13 май 2026,Разпореждане,3401,13.05.2026,Димо Цолов - Съдия докладчик,
3e4e1ed1-5583-4b15-8a63-f3eac6e545ed,03 април 2026,Заповед за изпълнение,1187,,ЕЛЕОНОРА ФИЛИПОВА - Съдия докладчик,
17e6e676-8157-4964-936b-bfa8dfd4bea7,03 април 2026,Заповед за изпълнение,1104,,Мирослав Руменов Саневски - Съдия докладчик,
f0d75700-8ea2-423c-a6c6-0071eda0cbf5,30 септември 2026,Изпълнителен лист ЗП,894,30.09.2026,ВЯРА МАРКОВА ПАНАЙОТОВА - Съдия докладчик,
f0d75700-8ea2-423c-a6c6-0071eda0cbf5,30 септември 2026,Разпореждане,3550,,ВЯРА МАРКОВА ПАНАЙОТОВА - Съдия докладчик,
f0d75700-8ea2-423c-a6c6-0071eda0cbf5,29 юни 2026,Разпореждане,2822,29.06.2026,КРАСИМИРА ИВАНОВА КОЛЕВА - Съдия докладчик,
f0d75700-8ea2-423c-a6c6-0071eda0cbf5,29 юни 2026,Разпореждане,2821,29.06.2026,КРАСИМИРА ИВАНОВА КОЛЕВА - Съдия докладчик,
f0d75700-8ea2-423c-a6c6-0071eda0cbf5,03 април 2026,Заповед за изпълнение,634,30.09.2026,ЙОХАННА ИВАНОВА АНТОНОВА - Съдия докладчик,
b7e16cd4-2bc3-472c-86be-e52c9f185adc,21 август 2026,Разпореждане,9788,21.08.2026,Магдалена Бориславова Младенова-Стоева - Съдия докладчик,
b7e16cd4-2bc3-472c-86be-e52c9f185adc,06 април 2026,Заповед за изпълнение,2278,,Магдалена Бориславова Младенова-Стоева - Съдия докладчик,
1e789267-18b8-4572-ad3a-ee23d9bb06c3,24 април 2026,Определение,149,,Цветомир Цаков Цветанов - Съдия докладчик,
1e789267-18b8-4572-ad3a-ee23d9bb06c3,03 април 2026,Разпореждане,668,03.04.2026,Цветомир Цаков Цветанов - Съдия докладчик,
218d4db3-5906-441b-925a-35801f89f3a9,22 април 2026,Определение,1842,05.05.2026,МАРГАРИТА ДИМИТРОВА ДИМИТРОВА - Съдия докладчик,
57263032-0f8d-4567-88c5-b2d1de86af5e,22 юни 2026,Определение,13475,22.06.2026,Любомир Луканов - Председател Клаудия Рангелова Митова - Съдия докладчик Ина Бранимирова Маринова - Член,
57263032-0f8d-4567-88c5-b2d1de86af5e,31 май 2026,Разпореждане,15314,31.05.2026,Клаудия Рангелова Митова - Съдия докладчик,
57263032-0f8d-4567-88c5-b2d1de86af5e,14 май 2026,Решение,3266,14.05.2026,Любомир Луканов - Председател Клаудия Рангелова Митова - Съдия докладчик Ина Бранимирова Маринова - Член,
57263032-0f8d-4567-88c5-b2d1de86af5e,14 май 2026,Протокол,5128,,Любомир Луканов - Председател Клаудия Рангелова Митова - Съдия докладчик Ина Бранимирова Маринова - Член,
57263032-0f8d-4567-88c5-b2d1de86af5e,28 април 2026,Протокол,4414,28.04.2026,Любомир Луканов - Председател Клаудия Рангелова Митова - Съдия докладчик Ина Бранимирова Маринова - Член,
57263032-0f8d-4567-88c5-b2d1de86af5e,03 април 2026,Разпореждане,10014,03.04.2026,Клаудия Рангелова Митова - Съдия докладчик,
6b00f81f-e2bc-4a49-b96c-b250febc4041,03 юни 2026,Изпълнителен лист,268,03.06.2026,,
6b00f81f-e2bc-4a49-b96c-b250febc4041,08 април 2026,Споразумение,94,08.04.2026,Диана Кирилова Георгиева - Съдия докладчик,
6b00f81f-e2bc-4a49-b96c-b250febc4041,03 април 2026,Разпореждане,642,03.04.2026,Диана Кирилова Георгиева - Съдия докладчик,
b87eb131-5472-4663-96e4-2a074ffb6a89,29 май 2026,Разпореждане,446,29.05.2026,Емил Василев Николаев - Съдия докладчик,
b87eb131-5472-4663-96e4-2a074ffb6a89,12 май 2026,Разпореждане,367,12.05.2026,Емил Василев Николаев - Съдия докладчик,
b87eb131-5472-4663-96e4-2a074ffb6a89,12 май 2026,Разпореждане,356,12.05.2026,Емил Василев Николаев - Съдия докладчик,
b87eb131-5472-4663-96e4-2a074ffb6a89,03 април 2026,Заповед за изпълнение,34,,Емил Василев Николаев - Съдия докладчик,
1f89bc3f-c213-4819-a3c6-b0704333e9d2,05 юни 2026,Изпълнителен лист ЗП,367,05.06.2026,Десислава Георгиева Ютерова - Съдия докладчик,
1f89bc3f-c213-4819-a3c6-b0704333e9d2,21 април 2026,Заповед за изпълнение,345,29.05.2026,Десислава Георгиева Ютерова - Съдия докладчик,
1f89bc3f-c213-4819-a3c6-b0704333e9d2,06 април 2026,Разпореждане,574,06.04.2026,Десислава Георгиева Ютерова - Съдия докладчик,
a07438ee-b3e8-44b5-a59d-a54f82a11989,17 септември 2026,Протокол,277,17.09.2026,КАЛИН КИРИЛОВ БАТАЛСКИ - Съдия докладчик,
a07438ee-b3e8-44b5-a59d-a54f82a11989,09 юли 2026,Протокол,231,09.07.2026,КАЛИН КИРИЛОВ БАТАЛСКИ - Съдия докладчик,
a07438ee-b3e8-44b5-a59d-a54f82a11989,12 юни 2026,Протокол,196,12.06.2026,КАЛИН КИРИЛОВ БАТАЛСКИ - Съдия докладчик,
a07438ee-b3e8-44b5-a59d-a54f82a11989,22 май 2026,Протокол,171,22.05.2026,КАЛИН КИРИЛОВ БАТАЛСКИ - Съдия докладчик,
a07438ee-b3e8-44b5-a59d-a54f82a11989,29 април 2026,Разпореждане,217,29.04.2026,КАЛИН КИРИЛОВ БАТАЛСКИ - Съдия докладчик,
2677e0cb-e9c3-4b4e-bfaf-19a71fe5f5ac,20 април 2026,Заповед за изпълнение,610,,Албена Дякова Великова - Съдия докладчик,
2677e0cb-e9c3-4b4e-bfaf-19a71fe5f5ac,06 април 2026,Определение,219,06.04.2026,Диана Пенчева Петрова Енева - Съдия докладчик,
6457f74a-7064-4006-8fc4-faeaa5d9ae87,03 април 2026,Заповед за изпълнение,370,,Динко Минчев Динков - Съдия докладчик,
f1fe1af0-13df-4c26-992d-8ab6d59b9d08,21 септември 2026,Разпореждане,3326,21.09.2026,Симеон Стефанов Стойчев - Съдия докладчик,
f1fe1af0-13df-4c26-992d-8ab6d59b9d08,08 май 2026,Разпореждане,1267,08.05.2026,Симеон Стефанов Стойчев - Съдия докладчик,
f1fe1af0-13df-4c26-992d-8ab6d59b9d08,06 април 2026,Заповед за изпълнение,299,,Симеон Стефанов Стойчев - Съдия докладчик,
f1fe1af0-13df-4c26-992d-8ab6d59b9d08,06 април 2026,Разпореждане,926,06.04.2026,Симеон Стефанов Стойчев - Съдия докладчик,
6a383f68-8562-498a-8f91-559c9f493f91,08 май 2026,Определение,1034,,Милена Алексова-Стоилова - Докладчик,
6a383f68-8562-498a-8f91-559c9f493f91,27 април 2026,Разпореждане,955,,Милена Алексова-Стоилова - Докладчик,
6a383f68-8562-498a-8f91-559c9f493f91,08 април 2026,Разпореждане,786,,Милена Алексова-Стоилова - Докладчик,
6a461c7e-36ab-404f-9a63-6ff82a00b02d,25 август 2026,Разпореждане,102378,25.08.2026,СВЕТЛАНА ЙОРДАНОВА БЪЧЕВА - Съдия докладчик,
6a461c7e-36ab-404f-9a63-6ff82a00b02d,17 май 2026,Разпореждане,60139,17.05.2026,СВЕТЛАНА ЙОРДАНОВА БЪЧЕВА - Съдия докладчик,
6a461c7e-36ab-404f-9a63-6ff82a00b02d,23 април 2026,Разпореждане,50688,23.04.2026,СВЕТЛАНА ЙОРДАНОВА БЪЧЕВА - Съдия докладчик,
4cab0098-b3e6-4668-810f-35695c323e4b,22 юни 2026,Изпълнителен лист ЗП,502,22.06.2026,Емилия Дишева - Съдия докладчик,
4cab0098-b3e6-4668-810f-35695c323e4b,22 юни 2026,Разпореждане,3060,,Емилия Дишева - Съдия докладчик,
4cab0098-b3e6-4668-810f-35695c323e4b,03 април 2026,Заповед за изпълнение,518,16.05.2026,Емилия Дишева - Съдия докладчик,
4cab0098-b3e6-4668-810f-35695c323e4b,03 април 2026,Разпореждане,1982,,Емилия Дишева - Съдия докладчик,
4cab0098-b3e6-4668-810f-35695c323e4b,03 април 2026,Разпореждане,1979,03.04.2026,Емилия Дишева - Съдия докладчик,
81d849a8-c8a1-412d-8a7c-92757e9646d7,06 април 2026,Заповед за изпълнение,1300,,Петко Петров Монев - Съдия докладчик,
be36e609-305c-4452-8c84-b77ae4219893,01 юли 2026,Изпълнителен лист ЗП,245,01.07.2026,Илияна Росенова Ферева - Зелева - Съдия докладчик,
be36e609-305c-4452-8c84-b77ae4219893,01 юли 2026,Разпореждане,1202,01.07.2026,Илияна Росенова Ферева - Зелева - Съдия докладчик,
be36e609-305c-4452-8c84-b77ae4219893,14 май 2026,Разпореждане,856,14.05.2026,Илияна Росенова Ферева - Зелева - Съдия докладчик,
be36e609-305c-4452-8c84-b77ae4219893,12 май 2026,Разпореждане,841,12.05.2026,Илияна Росенова Ферева - Зелева - Съдия докладчик,
be36e609-305c-4452-8c84-b77ae4219893,08 април 2026,Заповед за изпълнение,182,22.06.2026,Илияна Росенова Ферева - Зелева - Съдия докладчик,
79c3afc1-1832-47ea-9961-d5888d9721f2,10 юни 2026,Определение,7213,23.06.2026,Ирена Славова Аврамова - Смит - Съдия докладчик,
79c3afc1-1832-47ea-9961-d5888d9721f2,07 април 2026,Разпореждане,6882,07.04.2026,Ирена Славова Аврамова - Смит - Съдия докладчик,
d4c7764b-2e43-412c-91fb-6375db289674,28 април 2026,Разпореждане,751,12.05.2026,Антоанета Маринова Симеонова - Съдия докладчик,
d4c7764b-2e43-412c-91fb-6375db289674,07 април 2026,Разпореждане,588,07.04.2026,Антоанета Маринова Симеонова - Съдия докладчик,
b1f1a82a-07c9-4fcf-9b68-51584a03aced,13 май 2026,Определение,828,13.05.2026,Валентин Пушевски - Съдия докладчик,
b1f1a82a-07c9-4fcf-9b68-51584a03aced,06 април 2026,Разпореждане,2490,06.04.2026,Валентин Пушевски - Съдия докладчик,
b1f1a82a-07c9-4fcf-9b68-51584a03aced,06 април 2026,Разпореждане,2461,06.04.2026,Валентин Пушевски - Съдия докладчик,
d60cae01-111f-44b7-b3c2-4aa79d9eb643,09 юни 2026,Разпореждане,477,09.06.2026,Мая Павлова Кончарска - Съдия докладчик,
d60cae01-111f-44b7-b3c2-4aa79d9eb643,01 юни 2026,Разпореждане,450,01.06.2026,Мая Павлова Кончарска - Съдия докладчик,
d60cae01-111f-44b7-b3c2-4aa79d9eb643,03 април 2026,Заповед за изпълнение,71,,Мая Павлова Кончарска - Съдия докладчик,
d60cae01-111f-44b7-b3c2-4aa79d9eb643,03 април 2026,Разпореждане,278,03.04.2026,Мая Павлова Кончарска - Съдия докладчик,
b3ba2a9b-6dfe-42fd-ab67-d731716066e5,08 април 2026,Определение,374,23.04.2026,ИРЕНА ВАСИЛЕВА РАБАДЖИЕВА - Съдия докладчик,
b3ba2a9b-6dfe-42fd-ab67-d731716066e5,03 април 2026,Заповед,12,03.04.2026,ИРЕНА ВАСИЛЕВА РАБАДЖИЕВА - Съдия докладчик,
b3ba2a9b-6dfe-42fd-ab67-d731716066e5,03 април 2026,Разпореждане,578,03.04.2026,ИРЕНА ВАСИЛЕВА РАБАДЖИЕВА - Съдия докладчик,
d756419f-5b57-4ad2-9563-a52cfeb3b93f,05 август 2026,Определение,9762,05.08.2026,Таня Аспарухова Георгиева - Точевска - Съдия докладчик,
d756419f-5b57-4ad2-9563-a52cfeb3b93f,04 май 2026,Разпореждане,8425,04.05.2026,Таня Аспарухова Георгиева - Точевска - Съдия докладчик,
d756419f-5b57-4ad2-9563-a52cfeb3b93f,09 април 2026,Разпореждане,7085,09.04.2026,Таня Аспарухова Георгиева - Точевска - Съдия докладчик,
c93ab450-f348-4011-95bc-758e68180aed,07 април 2026,Протоколно определение,169,07.04.2026,Галина Грозева Арнаудова - Председател Веселин Димитров Хаджиев - Съдия докладчик Радка Димова Чолакова - Член,
eb4b78e0-a1ba-410b-842e-c698915c248d,20 август 2026,Изпълнителен лист ЗП,834,20.08.2026,ХРИСТИНА ИВАНОВА СЯРОВА - Съдия докладчик,
eb4b78e0-a1ba-410b-842e-c698915c248d,20 август 2026,Разпореждане,3261,20.08.2026,ХРИСТИНА ИВАНОВА СЯРОВА - Съдия докладчик,
eb4b78e0-a1ba-410b-842e-c698915c248d,27 май 2026,Разпореждане,2269,27.05.2026,ХРИСТИНА ИВАНОВА СЯРОВА - Съдия докладчик,
eb4b78e0-a1ba-410b-842e-c698915c248d,12 май 2026,Разпореждане,2001,12.05.2026,ХРИСТИНА ИВАНОВА СЯРОВА - Съдия докладчик,
eb4b78e0-a1ba-410b-842e-c698915c248d,03 април 2026,Заповед за изпълнение,644,20.08.2026,ХРИСТИНА ИВАНОВА СЯРОВА - Съдия докладчик,
18347ac1-a4ab-43f4-a162-224a961ae65c,03 април 2026,Определение,13257,03.04.2026,Владимир Николов - Докладчик,
c773cc4d-456e-4724-9892-6350c95ac651,13 юли 2026,Определение,368,,Божидарка Данчова Йосифова - Съдия докладчик,
c773cc4d-456e-4724-9892-6350c95ac651,26 май 2026,Разпореждане,2073,26.05.2026,Антон Еленков Антов - Съдия докладчик,
c773cc4d-456e-4724-9892-6350c95ac651,26 май 2026,Разпореждане,2068,26.05.2026,Антон Еленков Антов - Съдия докладчик,
c773cc4d-456e-4724-9892-6350c95ac651,07 май 2026,Разпореждане,1748,07.05.2026,Антон Еленков Антов - Съдия докладчик,
c773cc4d-456e-4724-9892-6350c95ac651,03 април 2026,Заповед за изпълнение,389,,Божидарка Данчова Йосифова - Съдия докладчик,
4b27d756-0048-4d00-81d7-023ad5989bdc,20 юли 2026,Определение,418,20.07.2026,АНЕТА МИЛЧЕВА ПЕТКОВА - Съдия докладчик ВАЛЯ ЙОРДАНОВА МЛАДЕНОВА - Член ГАБРИЕЛ ПЕТКОВ ЙОНЧЕВ - Член,
c1a47621-c1d6-464a-9998-3a27000ff1e2,09 октомври 2026,Определение,701,,Грета Иванова Денчева - Съдия докладчик,
c1a47621-c1d6-464a-9998-3a27000ff1e2,06 август 2026,Разпореждане,2066,06.08.2026,Грета Иванова Денчева - Съдия докладчик,
c1a47621-c1d6-464a-9998-3a27000ff1e2,16 юни 2026,Разпореждане,1474,16.06.2026,Грета Иванова Денчева - Съдия докладчик,
c1a47621-c1d6-464a-9998-3a27000ff1e2,04 май 2026,Разпореждане,994,04.05.2026,Грета Иванова Денчева - Съдия докладчик,
c1a47621-c1d6-464a-9998-3a27000ff1e2,29 април 2026,Разпореждане,952,29.04.2026,Грета Иванова Денчева - Съдия докладчик,
c1a47621-c1d6-464a-9998-3a27000ff1e2,08 април 2026,Заповед за изпълнение,628,,Грета Иванова Денчева - Съдия докладчик,
d70aff4c-e396-4234-bd81-451587fce559,21 юли 2026,Разпореждане,8484,,Иван Цветозаров Иванов - Съдия докладчик,
d70aff4c-e396-4234-bd81-451587fce559,21 юли 2026,Изпълнителен лист ЗП,3881,21.07.2026,Иван Цветозаров Иванов - Съдия докладчик,
d70aff4c-e396-4234-bd81-451587fce559,26 май 2026,Разпореждане,5777,26.05.2026,Иван Цветозаров Иванов - Съдия докладчик,
d70aff4c-e396-4234-bd81-451587fce559,08 април 2026,Заповед за изпълнение,2415,30.06.2026,Иван Цветозаров Иванов - Съдия докладчик,
99d679d2-44ad-4353-9acd-4defb8f1fdee,09 октомври 2026,Определение,632,,ГАБРИЕЛА ПЕТКОВА РАШЕВА - Съдия докладчик,
99d679d2-44ad-4353-9acd-4defb8f1fdee,31 юли 2026,Разпореждане,1697,31.07.2026,ГАБРИЕЛА ПЕТКОВА ДИМИТРОВА - Съдия докладчик,
99d679d2-44ad-4353-9acd-4defb8f1fdee,18 юни 2026,Разпореждане,1365,18.06.2026,ГАБРИЕЛА ПЕТКОВА ДИМИТРОВА - Съдия докладчик,
99d679d2-44ad-4353-9acd-4defb8f1fdee,21 май 2026,Разпореждане,1096,21.05.2026,ГАБРИЕЛА ПЕТКОВА ДИМИТРОВА - Съдия докладчик,
99d679d2-44ad-4353-9acd-4defb8f1fdee,14 април 2026,Заповед за изпълнение,297,,ГАБРИЕЛА ПЕТКОВА ДИМИТРОВА - Съдия докладчик,
99d679d2-44ad-4353-9acd-4defb8f1fdee,03 април 2026,Разпореждане,687,03.04.2026,ГАБРИЕЛА ПЕТКОВА ДИМИТРОВА - Съдия докладчик,
a685de47-344e-4d4e-a831-954e1e2da6f1,26 август 2026,Определение,31017,26.08.2026,СВЕТОСЛАВ ТИХОМИРОВ СПАСЕНОВ - Съдия докладчик,
a685de47-344e-4d4e-a831-954e1e2da6f1,04 юли 2026,Разпореждане,81292,04.07.2026,СВЕТОСЛАВ ТИХОМИРОВ СПАСЕНОВ - Съдия докладчик,
a685de47-344e-4d4e-a831-954e1e2da6f1,09 юни 2026,Разпореждане,70226,09.06.2026,СВЕТОСЛАВ ТИХОМИРОВ СПАСЕНОВ - Съдия докладчик,
a685de47-344e-4d4e-a831-954e1e2da6f1,17 април 2026,Разпореждане,48376,17.04.2026,СВЕТОСЛАВ ТИХОМИРОВ СПАСЕНОВ - Съдия докладчик,
a685de47-344e-4d4e-a831-954e1e2da6f1,03 април 2026,Разпореждане,43287,03.04.2026,СВЕТОСЛАВ ТИХОМИРОВ СПАСЕНОВ - Съдия докладчик,
d6f11ba3-2a3e-43dc-b4ae-ac38af79fbb0,09 септември 2026,Разпореждане,484,,Ивайло Митков Енчев - Съдия докладчик,
d6f11ba3-2a3e-43dc-b4ae-ac38af79fbb0,14 август 2026,Разпореждане,442,14.08.2026,Ивайло Митков Енчев - Съдия докладчик,
d6f11ba3-2a3e-43dc-b4ae-ac38af79fbb0,22 юни 2026,Решение,49,10.07.2026,Ивайло Митков Енчев - Съдия докладчик,
d6f11ba3-2a3e-43dc-b4ae-ac38af79fbb0,21 май 2026,Протокол,164,21.05.2026,Ивайло Митков Енчев - Съдия докладчик,
d6f11ba3-2a3e-43dc-b4ae-ac38af79fbb0,11 май 2026,Разпореждане,245,11.05.2026,Ивайло Митков Енчев - Съдия докладчик,
d6f11ba3-2a3e-43dc-b4ae-ac38af79fbb0,14 април 2026,Разпореждане,191,14.04.2026,Ивайло Митков Енчев - Съдия докладчик,
68aa5e96-1e19-4b01-a6eb-ac7dd5d10b9a,03 април 2026,Заповед за изпълнение,1369,,НАТАЛИЯ ПЕТКОВА ПЕТКОВА - Съдия докладчик,
8377095d-a7ea-40b6-a01b-e426e2a19293,28 май 2026,Изпълнителен лист ЗП,803,28.05.2026,Галина Васкова Герасимова - Съдия докладчик,
8377095d-a7ea-40b6-a01b-e426e2a19293,26 май 2026,Разпореждане,2607,26.05.2026,Галина Васкова Герасимова - Съдия докладчик,
8377095d-a7ea-40b6-a01b-e426e2a19293,03 април 2026,Заповед за изпълнение,1245,19.05.2026,Галина Васкова Герасимова - Съдия докладчик,
a98525d8-6cb0-4220-b524-1c5f71115423,06 юли 2026,Разпореждане,2851,,Ани Борисова Георгиева - Съдия докладчик,
a98525d8-6cb0-4220-b524-1c5f71115423,03 април 2026,Разпореждане,1292,03.04.2026,Ани Борисова Георгиева - Съдия докладчик,
973911ed-ac66-427e-b496-5698d1ed4224,04 септември 2026,Определение,2114,,Георги Кирилов Пашалиев - Съдия докладчик,
973911ed-ac66-427e-b496-5698d1ed4224,10 юли 2026,Разпореждане,6506,10.07.2026,Георги Кирилов Пашалиев - Съдия докладчик,
973911ed-ac66-427e-b496-5698d1ed4224,08 юли 2026,Разпореждане,6447,08.07.2026,Георги Кирилов Пашалиев - Съдия докладчик,
973911ed-ac66-427e-b496-5698d1ed4224,03 юни 2026,Разпореждане,5098,03.06.2026,Георги Кирилов Пашалиев - Съдия докладчик,
973911ed-ac66-427e-b496-5698d1ed4224,07 април 2026,Заповед за изпълнение,1307,,Георги Кирилов Пашалиев - Съдия докладчик,
98494376-8f1a-44a4-9b90-0ea647e8c660,03 октомври 2026,Определение,2202,,ВЛАДИМИР СТРАХИЛОВ - Съдия докладчик,
98494376-8f1a-44a4-9b90-0ea647e8c660,14 юли 2026,Разпореждане,3842,14.07.2026,ВЛАДИМИР СТРАХИЛОВ - Съдия докладчик,
98494376-8f1a-44a4-9b90-0ea647e8c660,03 април 2026,Заповед за изпълнение,435,,ВЛАДИМИР СТРАХИЛОВ - Съдия докладчик,
4c05c4d2-9434-472e-9a33-d62e1eb1065b,29 май 2026,Определение,980,29.05.2026,Галина Васкова Герасимова - Съдия докладчик,
4c05c4d2-9434-472e-9a33-d62e1eb1065b,06 април 2026,Разпореждане,1477,06.04.2026,Галина Васкова Герасимова - Съдия докладчик,
dff4a664-e80a-4b2e-bc4e-2cbe0ab7edff,20 май 2026,Изпълнителен лист ЗП,356,20.05.2026,Диана Димитрова Пашова - Съдия докладчик,
dff4a664-e80a-4b2e-bc4e-2cbe0ab7edff,03 април 2026,Заповед за изпълнение,290,03.04.2026,Диана Димитрова Пашова - Съдия докладчик,
3a5709a8-632d-42d5-9031-97c1b45e867c,18 юни 2026,Изпълнителен лист ЗП,3090,18.06.2026,Неделин Йорданов Захариев - Съдия докладчик,
3a5709a8-632d-42d5-9031-97c1b45e867c,18 юни 2026,Разпореждане,6844,,Неделин Йорданов Захариев - Съдия докладчик,
3a5709a8-632d-42d5-9031-97c1b45e867c,07 април 2026,Заповед за изпълнение,2356,30.05.2026,Неделин Йорданов Захариев - Съдия докладчик,
11e0382d-0ac5-4f01-bd47-547f3c714fec,28 септември 2026,Изпълнителен лист,572,28.09.2026,,
11e0382d-0ac5-4f01-bd47-547f3c714fec,28 септември 2026,Разпореждане,2234,28.09.2026,ГАБРИЕЛА ДИМИТРОВА ЛАЗАРОВА - Съдия докладчик,
11e0382d-0ac5-4f01-bd47-547f3c714fec,08 август 2026,Решение,350,28.08.2026,ГАБРИЕЛА ДИМИТРОВА ЛАЗАРОВА - Съдия докладчик,
11e0382d-0ac5-4f01-bd47-547f3c714fec,29 юни 2026,Протокол,891,29.06.2026,ГАБРИЕЛА ДИМИТРОВА ЛАЗАРОВА - Съдия докладчик,
11e0382d-0ac5-4f01-bd47-547f3c714fec,18 май 2026,Протокол,673,18.05.2026,ГАБРИЕЛА ДИМИТРОВА ЛАЗАРОВА - Съдия докладчик,
11e0382d-0ac5-4f01-bd47-547f3c714fec,08 април 2026,Разпореждане,985,08.04.2026,ГАБРИЕЛА ДИМИТРОВА ЛАЗАРОВА - Съдия докладчик,
11e0382d-0ac5-4f01-bd47-547f3c714fec,06 април 2026,Разпореждане,944,06.04.2026,ГАБРИЕЛА ДИМИТРОВА ЛАЗАРОВА - Съдия докладчик,
4fa0515c-f037-4b0f-abb0-5e1e90385aeb,03 април 2026,Заповед за изпълнение,901,,Николай Стефанов Стефанов - Съдия докладчик,
de0930c2-c258-4c0e-8aec-3eb0bc79655e,20 юли 2026,Изпълнителен лист ЗП,1069,20.07.2026,Даниел Борисов Христов - Съдия докладчик,
de0930c2-c258-4c0e-8aec-3eb0bc79655e,03 април 2026,Заповед за изпълнение,515,,Даниел Борисов Христов - Съдия докладчик,
de0930c2-c258-4c0e-8aec-3eb0bc79655e,03 април 2026,Разпореждане,1337,03.04.2026,Даниел Борисов Христов - Съдия докладчик,
c4c82bda-59bf-4643-9105-6df3c02be6ba,15 юли 2026,Изпълнителен лист ЗП,692,15.07.2026,Божидарка Данчова Йосифова - Съдия докладчик,
c4c82bda-59bf-4643-9105-6df3c02be6ba,15 юли 2026,Разпореждане,2895,,Божидарка Данчова Йосифова - Съдия докладчик,
c4c82bda-59bf-4643-9105-6df3c02be6ba,18 май 2026,Разпореждане,1930,18.05.2026,Божидарка Данчова Йосифова - Съдия докладчик,
c4c82bda-59bf-4643-9105-6df3c02be6ba,07 април 2026,Заповед за изпълнение,405,10.07.2026,Божидарка Данчова Йосифова - Съдия докладчик,
c4c82bda-59bf-4643-9105-6df3c02be6ba,03 април 2026,Разпореждане,1276,03.04.2026,Божидарка Данчова Йосифова - Съдия докладчик,
6a2c46ab-5bd4-4700-8496-3cff9d8cb124,31 юли 2026,Разпореждане,2375,31.07.2026,Галя Трифонова Динкова - Съдия докладчик,
6a2c46ab-5bd4-4700-8496-3cff9d8cb124,23 юни 2026,Определение,620,,Галя Трифонова Динкова - Съдия докладчик,
6a2c46ab-5bd4-4700-8496-3cff9d8cb124,06 април 2026,Разпореждане,1561,06.04.2026,Галя Трифонова Динкова - Съдия докладчик,
ad862a3d-5436-444d-81a8-1b1c1cb4c285,03 април 2026,Определение,636,03.04.2026,Тодор Георгиев Попиванов - Съдия докладчик,
144dfe5d-1de4-4806-8f1a-5969504d5b8b,09 април 2026,Разпореждане,417,09.04.2026,Красимира Дончева Стоянова - Съдия докладчик,
144dfe5d-1de4-4806-8f1a-5969504d5b8b,07 април 2026,Протокол,270,07.04.2026,Красимира Дончева Стоянова - Съдия докладчик,
144dfe5d-1de4-4806-8f1a-5969504d5b8b,06 април 2026,Определение,212,16.04.2026,Красимира Дончева Стоянова - Съдия докладчик,
144dfe5d-1de4-4806-8f1a-5969504d5b8b,06 април 2026,Разпореждане,396,06.04.2026,Красимира Дончева Стоянова - Съдия докладчик,
144dfe5d-1de4-4806-8f1a-5969504d5b8b,03 април 2026,Разпореждане,394,03.04.2026,Красимира Дончева Стоянова - Съдия докладчик,
88e69916-3a85-400d-8e88-89c1c9f9905f,02 октомври 2026,Разпореждане,118478,02.10.2026,ЙОАНА КРАСИМИРОВА КАЦАРСКА - Съдия докладчик,
88e69916-3a85-400d-8e88-89c1c9f9905f,28 септември 2026,Разпореждане,115910,28.09.2026,ЙОАНА КРАСИМИРОВА КАЦАРСКА - Съдия докладчик,
88e69916-3a85-400d-8e88-89c1c9f9905f,16 септември 2026,Протокол,20948,16.09.2026,ЙОАНА КРАСИМИРОВА КАЦАРСКА - Съдия докладчик,
88e69916-3a85-400d-8e88-89c1c9f9905f,15 юни 2026,Определение,22063,15.06.2026,ВЕЛИСЛАВА СТАНИСЛАВОВА ЕНЧЕВА - Съдия докладчик,
88e69916-3a85-400d-8e88-89c1c9f9905f,28 април 2026,Разпореждане,53245,28.04.2026,ВЕЛИСЛАВА СТАНИСЛАВОВА ЕНЧЕВА - Съдия докладчик,
88e69916-3a85-400d-8e88-89c1c9f9905f,07 април 2026,Разпореждане,44866,07.04.2026,ВЕЛИСЛАВА СТАНИСЛАВОВА ЕНЧЕВА - Съдия докладчик,
f00c97a5-c88d-4a98-b258-3552e5571cc3,06 април 2026,Изпълнителен лист ЗП,131,06.04.2026,ГАЛИН ХРИСТОВ ГЕОРГИЕВ - Съдия докладчик,
f00c97a5-c88d-4a98-b258-3552e5571cc3,06 април 2026,Заповед за изпълнение,269,,ГАЛИН ХРИСТОВ ГЕОРГИЕВ - Съдия докладчик,
ddfc1147-8e85-411c-bf4b-f0c32a637012,02 септември 2026,Разпореждане,106260,02.09.2026,ДЕНИЦА ИВАНОВА ЦВЕТКОВА - Съдия докладчик,
ddfc1147-8e85-411c-bf4b-f0c32a637012,29 май 2026,Разпореждане,65461,29.05.2026,ДЕНИЦА ИВАНОВА ЦВЕТКОВА - Съдия докладчик,
ddfc1147-8e85-411c-bf4b-f0c32a637012,29 май 2026,Разпореждане,65438,29.05.2026,ДЕНИЦА ИВАНОВА ЦВЕТКОВА - Съдия докладчик,
ddfc1147-8e85-411c-bf4b-f0c32a637012,19 май 2026,Определение,18684,19.05.2026,ДЕНИЦА ИВАНОВА ЦВЕТКОВА - Съдия докладчик,
ddfc1147-8e85-411c-bf4b-f0c32a637012,03 април 2026,Определение,13348,,ЗОРНИЦА ИВАНОВА ВИДОЛОВА - Съдия докладчик,
7b3c9698-f2c2-4e1c-a3f1-172a1fcc451e,20 април 2026,Изпълнителен лист ЗП,387,20.04.2026,Живко Павлов Георгиев - Съдия докладчик,
7b3c9698-f2c2-4e1c-a3f1-172a1fcc451e,20 април 2026,Заповед за изпълнение,598,,Живко Павлов Георгиев - Съдия докладчик,
7b3c9698-f2c2-4e1c-a3f1-172a1fcc451e,07 април 2026,Разпореждане,460,07.04.2026,Живко Павлов Георгиев - Съдия докладчик,
a482e85c-2996-4302-aab0-ca77b75baf58,11 юни 2026,Решение,6904,11.06.2026,Йордан Русев - Докладчик,
a482e85c-2996-4302-aab0-ca77b75baf58,07 април 2026,Определение,4096,,Йордан Русев - Докладчик,
a482e85c-2996-4302-aab0-ca77b75baf58,07 април 2026,Определение,4091,,Йордан Русев - Докладчик,
a482e85c-2996-4302-aab0-ca77b75baf58,06 април 2026,Разпореждане,4010,,Йордан Русев - Докладчик,
a482e85c-2996-4302-aab0-ca77b75baf58,03 април 2026,Разпореждане,3979,,Йордан Русев - Докладчик,
a482e85c-2996-4302-aab0-ca77b75baf58,03 април 2026,Разпореждане,3974,,Йордан Русев - Докладчик,
b8d159fb-996b-402b-b8e4-09fa0853b6ad,04 август 2026,Определение,433,,МИЛЕН РУМЕНОВ АНГЕЛОВ - Съдия докладчик,
b8d159fb-996b-402b-b8e4-09fa0853b6ad,13 май 2026,Разпореждане,1793,13.05.2026,МИЛЕН РУМЕНОВ АНГЕЛОВ - Съдия докладчик,
b8d159fb-996b-402b-b8e4-09fa0853b6ad,16 април 2026,Заповед за изпълнение,449,,МИЛЕН РУМЕНОВ АНГЕЛОВ - Съдия докладчик,
b8d159fb-996b-402b-b8e4-09fa0853b6ad,03 април 2026,Разпореждане,1301,03.04.2026,МИЛЕН РУМЕНОВ АНГЕЛОВ - Съдия докладчик,
c1d0c7f6-3194-4172-8df5-0a0e30d4b651,29 септември 2026,Определение,785,29.09.2026,Палмира Димитрова Атанасова - Съдия докладчик,
c1d0c7f6-3194-4172-8df5-0a0e30d4b651,28 юли 2026,Разпореждане,586,28.07.2026,Палмира Димитрова Атанасова - Съдия докладчик,
c1d0c7f6-3194-4172-8df5-0a0e30d4b651,05 юни 2026,Разпореждане,378,05.06.2026,Палмира Димитрова Атанасова - Съдия докладчик,
c1d0c7f6-3194-4172-8df5-0a0e30d4b651,03 април 2026,Заповед за изпълнение,174,,Палмира Димитрова Атанасова - Съдия докладчик,
4c2e8dcb-ab60-4499-b5dd-0bdeaf78fb45,16 септември 2026,Протокол,297,16.09.2026,Пенка Петкова Петрова - Съдия докладчик,
4c2e8dcb-ab60-4499-b5dd-0bdeaf78fb45,13 юли 2026,Протокол,242,13.07.2026,Пенка Петкова Петрова - Съдия докладчик,
4c2e8dcb-ab60-4499-b5dd-0bdeaf78fb45,04 юни 2026,Определение,492,04.06.2026,Пенка Петкова Петрова - Съдия докладчик,
4c2e8dcb-ab60-4499-b5dd-0bdeaf78fb45,07 май 2026,Разпореждане,554,07.05.2026,Пенка Петкова Петрова - Съдия докладчик,
4c2e8dcb-ab60-4499-b5dd-0bdeaf78fb45,03 април 2026,Разпореждане,466,03.04.2026,Пенка Петкова Петрова - Съдия докладчик,
680b3cba-7f32-43f8-8ac8-4e0cf8ae63cd,28 май 2026,Разпореждане,513,28.05.2026,ЧАВДАР ХРИСТОВ НИКОЛОВ - Съдия докладчик,
680b3cba-7f32-43f8-8ac8-4e0cf8ae63cd,16 април 2026,Заповед за изпълнение,50,,ЧАВДАР ХРИСТОВ НИКОЛОВ - Съдия докладчик,
680b3cba-7f32-43f8-8ac8-4e0cf8ae63cd,03 април 2026,Разпореждане,383,03.04.2026,ЧАВДАР ХРИСТОВ НИКОЛОВ - Съдия докладчик,
e437b1c0-8266-431d-9cc8-472a50caf991,03 април 2026,Определение,1348,03.04.2026,Ива Илиева Стойчева Коджабашева - Съдия докладчик,
7a2fd18c-63e0-4b21-addc-5291adddf4e8,23 септември 2026,Определение,2125,23.09.2026,Иван Валериев Никифорски - Съдия докладчик,
7a2fd18c-63e0-4b21-addc-5291adddf4e8,10 юли 2026,Разпореждане,7888,10.07.2026,Иван Валериев Никифорски - Съдия докладчик,
7a2fd18c-63e0-4b21-addc-5291adddf4e8,01 юли 2026,Разпореждане,7432,01.07.2026,Иван Валериев Никифорски - Съдия докладчик,
7a2fd18c-63e0-4b21-addc-5291adddf4e8,07 май 2026,Разпореждане,4952,07.05.2026,Иван Валериев Никифорски - Съдия докладчик,
7a2fd18c-63e0-4b21-addc-5291adddf4e8,07 май 2026,Определение,986,07.05.2026,Иван Валериев Никифорски - Съдия докладчик,
7a2fd18c-63e0-4b21-addc-5291adddf4e8,06 април 2026,Разпореждане,3666,06.04.2026,Иван Валериев Никифорски - Съдия докладчик,
da1695fe-136c-4e58-9296-3bc88773f876,07 август 2026,Протокол,1283,07.08.2026,Симона Пламенова Колева - Съдия докладчик,
da1695fe-136c-4e58-9296-3bc88773f876,10 юли 2026,Разпореждане,20309,10.07.2026,Симона Пламенова Колева - Съдия докладчик,
da1695fe-136c-4e58-9296-3bc88773f876,06 юли 2026,Разпореждане,19659,06.07.2026,ТИНА РОСЕНОВА МАЛИНОВА - Съдия докладчик,
da1695fe-136c-4e58-9296-3bc88773f876,01 юли 2026,Определение,2305,01.07.2026,Симона Пламенова Колева - Съдия докладчик,
da1695fe-136c-4e58-9296-3bc88773f876,01 юли 2026,Разпореждане,19304,01.07.2026,Симона Пламенова Колева - Съдия докладчик,
da1695fe-136c-4e58-9296-3bc88773f876,30 юни 2026,Определение,2295,30.06.2026,Симона Пламенова Колева - Съдия докладчик,
da1695fe-136c-4e58-9296-3bc88773f876,04 юни 2026,Разпореждане,16307,04.06.2026,Симона Пламенова Колева - Съдия докладчик,
da1695fe-136c-4e58-9296-3bc88773f876,03 април 2026,Разпореждане,10055,03.04.2026,Симона Пламенова Колева - Съдия докладчик,
e181c655-a771-4ed8-815f-2c13441d1986,03 април 2026,Определение,634,03.04.2026,Тодор Георгиев Попиванов - Съдия докладчик,
e60d7f1c-a0a3-43e1-aede-7c682d84f936,26 май 2026,Решение,673,26.05.2026,Пламен Чакалов - Председател Бранимир Василев - Съдия докладчик Румяна Андреева - Член,
e60d7f1c-a0a3-43e1-aede-7c682d84f936,15 май 2026,Протокол,1061,15.05.2026,Пламен Чакалов - Председател Бранимир Василев - Съдия докладчик Румяна Андреева - Член,
e60d7f1c-a0a3-43e1-aede-7c682d84f936,06 април 2026,Разпореждане,1427,06.04.2026,Иван Анастасов - Съдия докладчик,
be0eed10-419f-4d20-9ae3-00a0d61d9988,10 август 2026,Определение,490,10.08.2026,Мариана Димова Христакева-Панова - Председател Милена Савова Рибчева Дочева - Съдия докладчик Татяна Гьонева Коева - Член,
be0eed10-419f-4d20-9ae3-00a0d61d9988,21 май 2026,Протокол,412,21.05.2026,Мариана Димова Христакева-Панова - Председател Милена Савова Рибчева Дочева - Съдия докладчик Татяна Гьонева Коева - Член,
be0eed10-419f-4d20-9ae3-00a0d61d9988,21 април 2026,Определение,258,21.04.2026,Мариана Димова Христакева-Панова - Председател Милена Савова Рибчева Дочева - Съдия докладчик Татяна Гьонева Коева - Член,
94071a03-05d1-4425-85cd-c2b084b8d9a1,20 юли 2026,Определение,564,05.08.2026,Мариела Анастасова Иванова - Съдия докладчик,
94071a03-05d1-4425-85cd-c2b084b8d9a1,15 май 2026,Разпореждане,1625,15.05.2026,Мариела Анастасова Иванова - Съдия докладчик,
94071a03-05d1-4425-85cd-c2b084b8d9a1,11 май 2026,Разпореждане,1551,11.05.2026,Мариела Анастасова Иванова - Съдия докладчик,
94071a03-05d1-4425-85cd-c2b084b8d9a1,03 април 2026,Заповед за изпълнение,518,,Мариела Анастасова Иванова - Съдия докладчик,
a7da9d83-b15d-4fd3-bb2f-df3f270a8f5c,30 юли 2026,Разпореждане,92461,30.07.2026,ИГНАТ АСЕНОВ ТИМОФЕЕВ - Съдия докладчик,
a7da9d83-b15d-4fd3-bb2f-df3f270a8f5c,21 юли 2026,Разпореждане,88771,21.07.2026,ИГНАТ АСЕНОВ ТИМОФЕЕВ - Съдия докладчик,
a7da9d83-b15d-4fd3-bb2f-df3f270a8f5c,13 юли 2026,Разпореждане,84831,13.07.2026,ИГНАТ АСЕНОВ ТИМОФЕЕВ - Съдия докладчик,
a7da9d83-b15d-4fd3-bb2f-df3f270a8f5c,02 юли 2026,Разпореждане,80828,02.07.2026,ИГНАТ АСЕНОВ ТИМОФЕЕВ - Съдия докладчик,
a7da9d83-b15d-4fd3-bb2f-df3f270a8f5c,29 май 2026,Разпореждане,65670,29.05.2026,ИГНАТ АСЕНОВ ТИМОФЕЕВ - Съдия докладчик,
a7da9d83-b15d-4fd3-bb2f-df3f270a8f5c,06 април 2026,Решение,6467,06.04.2026,ДИМИТРИНКА ИВАНОВА КОСТАДИНОВА-МЛАДЕНОВА - Съдия докладчик,
a18468d1-3ae0-41ad-b647-8708d889af0c,03 юли 2026,Изпълнителен лист ЗП,3473,03.07.2026,Петър Никифоров Петров - Съдия докладчик,
a18468d1-3ae0-41ad-b647-8708d889af0c,03 юли 2026,Разпореждане,7562,,Петър Никифоров Петров - Съдия докладчик,
a18468d1-3ae0-41ad-b647-8708d889af0c,06 април 2026,Заповед за изпълнение,2264,16.06.2026,Петър Никифоров Петров - Съдия докладчик,
858883e5-aea1-419b-b547-23b2eecfcf27,03 април 2026,Заповед за изпълнение,1107,,Людмила Василева Стойнева - Съдия докладчик,
28dd250e-115d-4017-a5cf-5e55b4af2659,03 април 2026,Заповед за изпълнение,75,,НАТАЛИЯ СЕМОВА РАЙКОВА АТАНАСОВА - Съдия докладчик,
72b1ba90-a256-4cb5-84fd-0be9b2352894,03 април 2026,Заповед за изпълнение,1119,,Иван Божиков Димитров - Съдия докладчик,
603b9c7d-e01d-4c80-ad3a-15c76f7ffdb5,07 октомври 2026,Разпореждане,7861,07.10.2026,Петя Венциславова Петрова - Светиева - Съдия докладчик,
603b9c7d-e01d-4c80-ad3a-15c76f7ffdb5,09 септември 2026,Разпореждане,7163,09.09.2026,Петя Венциславова Петрова - Светиева - Съдия докладчик,
603b9c7d-e01d-4c80-ad3a-15c76f7ffdb5,08 септември 2026,Разпореждане,7126,08.09.2026,Петя Венциславова Петрова - Светиева - Съдия докладчик,
603b9c7d-e01d-4c80-ad3a-15c76f7ffdb5,08 юли 2026,Разпореждане,5481,08.07.2026,Петя Венциславова Петрова - Светиева - Съдия докладчик,
603b9c7d-e01d-4c80-ad3a-15c76f7ffdb5,29 април 2026,Разпореждане,3775,29.04.2026,Петя Венциславова Петрова - Светиева - Съдия докладчик,
603b9c7d-e01d-4c80-ad3a-15c76f7ffdb5,29 април 2026,Разпореждане,3774,29.04.2026,Петя Венциславова Петрова - Светиева - Съдия докладчик,
603b9c7d-e01d-4c80-ad3a-15c76f7ffdb5,08 април 2026,Разпореждане,3197,08.04.2026,Петя Венциславова Петрова - Светиева - Съдия докладчик,
603b9c7d-e01d-4c80-ad3a-15c76f7ffdb5,06 април 2026,Разпореждане,3106,06.04.2026,Петя Венциславова Петрова - Светиева - Съдия докладчик,
b0b6bb02-d910-4ee8-8ba2-23215ba70a9f,04 август 2026,Решение,453,01.09.2026,Неделин Йорданов Захариев - Съдия докладчик,
b0b6bb02-d910-4ee8-8ba2-23215ba70a9f,14 юли 2026,Протокол,538,14.07.2026,Неделин Йорданов Захариев - Съдия докладчик,
b0b6bb02-d910-4ee8-8ba2-23215ba70a9f,04 юни 2026,Определение,1257,04.06.2026,Неделин Йорданов Захариев - Съдия докладчик,
b0b6bb02-d910-4ee8-8ba2-23215ba70a9f,14 април 2026,Разпореждане,3870,14.04.2026,Неделин Йорданов Захариев - Съдия докладчик,
b0b6bb02-d910-4ee8-8ba2-23215ba70a9f,08 април 2026,Определение,791,08.04.2026,Неделин Йорданов Захариев - Съдия докладчик,
32bb7a33-df78-4ae9-bad0-b64dd7c47c48,17 юли 2026,Изпълнителен лист ЗП,596,17.07.2026,АНДРЕЙ ВЯЧЕСЛАВОВИЧ ЧЕКУНОВ - Съдия докладчик,
32bb7a33-df78-4ae9-bad0-b64dd7c47c48,17 юли 2026,Разпореждане,1551,,АНДРЕЙ ВЯЧЕСЛАВОВИЧ ЧЕКУНОВ - Съдия докладчик,
32bb7a33-df78-4ae9-bad0-b64dd7c47c48,08 юни 2026,Разпореждане,1242,08.06.2026,АНДРЕЙ ВЯЧЕСЛАВОВИЧ ЧЕКУНОВ - Съдия докладчик,
32bb7a33-df78-4ae9-bad0-b64dd7c47c48,06 април 2026,Заповед за изпълнение,389,16.07.2026,АНДРЕЙ ВЯЧЕСЛАВОВИЧ ЧЕКУНОВ - Съдия докладчик,
fbf739b1-9e5d-4e55-a4c4-2cd27a7526d0,03 април 2026,Определение,633,03.04.2026,Тодор Георгиев Попиванов - Съдия докладчик,
79517132-1a21-4da3-8430-fcf2070374b7,01 октомври 2026,Протокол с решение от ОСЗ,22154,01.10.2026,ЕЛЕНА НИКОЛОВА ДИНЕВА ИЛИЕВА - Съдия докладчик,
79517132-1a21-4da3-8430-fcf2070374b7,18 юни 2026,Определение,22519,18.06.2026,ЕЛЕНА НИКОЛОВА ДИНЕВА ИЛИЕВА - Съдия докладчик,
79517132-1a21-4da3-8430-fcf2070374b7,03 април 2026,Определение,13269,03.04.2026,ТИНА РОСЕНОВА МАЛИНОВА - Съдия докладчик,
b9af22d8-47b9-4dc0-b50f-a82125b3c08d,18 май 2026,Разпореждане,14483,18.05.2026,Явор Петров Джамалов - Съдия докладчик,
b9af22d8-47b9-4dc0-b50f-a82125b3c08d,18 май 2026,Изпълнителен лист ЗП,3446,18.05.2026,Явор Петров Джамалов - Съдия докладчик,
b9af22d8-47b9-4dc0-b50f-a82125b3c08d,03 април 2026,Разпореждане,10148,03.04.2026,Явор Петров Джамалов - Съдия докладчик,
b9af22d8-47b9-4dc0-b50f-a82125b3c08d,03 април 2026,Заповед за изпълнение,2931,,Явор Петров Джамалов - Съдия докладчик,
ac887065-6616-4ae9-8755-dd4873f42aa5,04 септември 2026,Изпълнителен лист ЗП,427,04.09.2026,ИВЕЛИНА ПЕТРОВА ЙОРДАНОВА ИГНАТОВА - Съдия докладчик,
ac887065-6616-4ae9-8755-dd4873f42aa5,04 септември 2026,Разпореждане,2329,,ИВЕЛИНА ПЕТРОВА ЙОРДАНОВА ИГНАТОВА - Съдия докладчик,
ac887065-6616-4ae9-8755-dd4873f42aa5,10 април 2026,Заповед за изпълнение,146,22.06.2026,ИВЕЛИНА ПЕТРОВА ЙОРДАНОВА ИГНАТОВА - Съдия докладчик,
ac887065-6616-4ae9-8755-dd4873f42aa5,10 април 2026,Разпореждане,671,,ИВЕЛИНА ПЕТРОВА ЙОРДАНОВА ИГНАТОВА - Съдия докладчик,
4c22c404-6eb3-4fb2-b8e1-03f9b7645328,26 август 2026,Изпълнителен лист ЗП,801,26.08.2026,Даниела Йорданова Банкова - Съдия докладчик,
4c22c404-6eb3-4fb2-b8e1-03f9b7645328,26 август 2026,Разпореждане,4090,26.08.2026,Даниела Йорданова Банкова - Съдия докладчик,
4c22c404-6eb3-4fb2-b8e1-03f9b7645328,04 юли 2026,Разпореждане,3160,04.07.2026,Даниела Йорданова Банкова - Съдия докладчик,
4c22c404-6eb3-4fb2-b8e1-03f9b7645328,23 юни 2026,Разпореждане,2904,23.06.2026,Даниела Йорданова Банкова - Съдия докладчик,
4c22c404-6eb3-4fb2-b8e1-03f9b7645328,25 април 2026,Разпореждане,1761,25.04.2026,Даниела Йорданова Банкова - Съдия докладчик,
4c22c404-6eb3-4fb2-b8e1-03f9b7645328,22 април 2026,Разпореждане,1709,22.04.2026,Даниела Йорданова Банкова - Съдия докладчик,
4c22c404-6eb3-4fb2-b8e1-03f9b7645328,07 април 2026,Разпореждане,1422,07.04.2026,Даниела Йорданова Банкова - Съдия докладчик,
4c22c404-6eb3-4fb2-b8e1-03f9b7645328,07 април 2026,Заповед за изпълнение,314,19.06.2026,Даниела Йорданова Банкова - Съдия докладчик,
a3b18500-2402-4511-ae1c-841ef790a20b,11 август 2026,Изпълнителен лист ЗП,610,11.08.2026,Сийка Златанова - Съдия докладчик,
a3b18500-2402-4511-ae1c-841ef790a20b,11 август 2026,Разпореждане,1726,11.08.2026,Сийка Златанова - Съдия докладчик,
a3b18500-2402-4511-ae1c-841ef790a20b,14 април 2026,Заповед за изпълнение,398,,Сийка Златанова - Съдия докладчик,
6d0072f1-59eb-4738-9978-bf8532421105,30 септември 2026,Протокол,696,30.09.2026,Калина Христова Христова - Съдия докладчик,
6d0072f1-59eb-4738-9978-bf8532421105,29 юли 2026,Определение,1654,29.07.2026,Калина Христова Христова - Съдия докладчик,
6d0072f1-59eb-4738-9978-bf8532421105,15 април 2026,Разпореждане,3932,15.04.2026,Калина Христова Христова - Съдия докладчик,
6d0072f1-59eb-4738-9978-bf8532421105,15 април 2026,Определение,834,15.04.2026,Калина Христова Христова - Съдия докладчик,
b0299b78-8398-4227-abf3-9c61a99cc7a1,30 септември 2026,Протокол,808,30.09.2026,Красимир Йорданов Георгиев - Съдия докладчик Спасена Венелинова Драготинова - Член Теодора Матева Нейчева - Член,
b0299b78-8398-4227-abf3-9c61a99cc7a1,08 юли 2026,Протокол,567,08.07.2026,Красимир Йорданов Георгиев - Съдия докладчик Спасена Венелинова Драготинова - Член Теодора Матева Нейчева - Член,
b0299b78-8398-4227-abf3-9c61a99cc7a1,04 юни 2026,Определение,340,04.06.2026,Красимир Йорданов Георгиев - Съдия докладчик Спасена Венелинова Драготинова - Член Теодора Матева Нейчева - Член,
7d0b2fd5-54d3-4151-a85f-b8e7a5b6fd16,30 септември 2026,Протокол,1506,30.09.2026,Борислава Петрова Борисова-Здравкова - Съдия докладчик,
7d0b2fd5-54d3-4151-a85f-b8e7a5b6fd16,27 юли 2026,Определение,2622,27.07.2026,Борислава Петрова Борисова-Здравкова - Съдия докладчик,
7d0b2fd5-54d3-4151-a85f-b8e7a5b6fd16,11 юни 2026,Определение,2032,11.06.2026,Диана Младенова Матеева - Съдия докладчик,
7d0b2fd5-54d3-4151-a85f-b8e7a5b6fd16,05 юни 2026,Разпореждане,16487,05.06.2026,Борислава Петрова Борисова-Здравкова - Съдия докладчик,
7d0b2fd5-54d3-4151-a85f-b8e7a5b6fd16,29 май 2026,Разпореждане,15805,29.05.2026,Борислава Петрова Борисова-Здравкова - Съдия докладчик,
7d0b2fd5-54d3-4151-a85f-b8e7a5b6fd16,29 април 2026,Разпореждане,12758,29.04.2026,Борислава Петрова Борисова-Здравкова - Съдия докладчик,
7d0b2fd5-54d3-4151-a85f-b8e7a5b6fd16,14 април 2026,Разпореждане,10895,14.04.2026,Борислава Петрова Борисова-Здравкова - Съдия докладчик,
7d0b2fd5-54d3-4151-a85f-b8e7a5b6fd16,03 април 2026,Разпореждане,10123,03.04.2026,Борислава Петрова Борисова-Здравкова - Съдия докладчик,
99536fe7-280c-46c9-834b-e7fca3c0d283,03 април 2026,Решение,6362,03.04.2026,ТИНА РОСЕНОВА МАЛИНОВА - Съдия докладчик,
e9d489f8-ac8b-4940-b5c0-e0f489952fab,07 април 2026,Заповед за изпълнение,3032,,Михаил Ангелов Алексов - Съдия докладчик,
e9d489f8-ac8b-4940-b5c0-e0f489952fab,06 април 2026,Разпореждане,10258,06.04.2026,Михаил Ангелов Алексов - Съдия докладчик,
b9f1f7f9-05c3-4905-afa0-61952152555c,03 април 2026,Разпореждане,325,03.04.2026,НИКОЛА ТОДОРОВ ДЕЛИЕВ - Съдия докладчик,
b9f1f7f9-05c3-4905-afa0-61952152555c,03 април 2026,Заповед за изпълнение,184,03.04.2026,НИКОЛА ТОДОРОВ ДЕЛИЕВ - Съдия докладчик,
4bf8a2d4-2eaf-43bf-9c56-183090433e39,19 юни 2026,Изпълнителен лист ЗП,426,19.06.2026,Ани Борисова Георгиева - Съдия докладчик,
4bf8a2d4-2eaf-43bf-9c56-183090433e39,19 юни 2026,Разпореждане,2540,,Ани Борисова Георгиева - Съдия докладчик,
4bf8a2d4-2eaf-43bf-9c56-183090433e39,21 април 2026,Заповед за изпълнение,480,,Ани Борисова Георгиева - Съдия докладчик,
4bf8a2d4-2eaf-43bf-9c56-183090433e39,03 април 2026,Разпореждане,1291,03.04.2026,Ани Борисова Георгиева - Съдия докладчик,
9f6ca54d-32d0-4d43-99c1-2df952b99168,16 април 2026,Протокол,137,16.04.2026,Вяра Атанасова Атанасова - Съдия докладчик,
9f6ca54d-32d0-4d43-99c1-2df952b99168,14 април 2026,Определение,37,14.04.2026,Вяра Атанасова Атанасова - Съдия докладчик,
9f6ca54d-32d0-4d43-99c1-2df952b99168,09 април 2026,Разпореждане,236,09.04.2026,Вяра Атанасова Атанасова - Съдия докладчик,
9f6ca54d-32d0-4d43-99c1-2df952b99168,08 април 2026,Споразумение,29,08.04.2026,Вяра Атанасова Атанасова - Съдия докладчик,
9f6ca54d-32d0-4d43-99c1-2df952b99168,08 април 2026,Протокол,126,08.04.2026,Вяра Атанасова Атанасова - Съдия докладчик,
9f6ca54d-32d0-4d43-99c1-2df952b99168,03 април 2026,Разпореждане,222,03.04.2026,Вяра Атанасова Атанасова - Съдия докладчик,
aa7203ed-7034-41b3-b423-571c2c11a47c,05 юни 2026,Изпълнителен лист ЗП,627,05.06.2026,ХРИСТИНА ИВАНОВА СЯРОВА - Съдия докладчик,
aa7203ed-7034-41b3-b423-571c2c11a47c,05 юни 2026,Разпореждане,2489,,ХРИСТИНА ИВАНОВА СЯРОВА - Съдия докладчик,
aa7203ed-7034-41b3-b423-571c2c11a47c,03 април 2026,Заповед за изпълнение,637,,ЙОХАННА ИВАНОВА АНТОНОВА - Съдия докладчик,
627dba27-7220-4c89-bb62-3b748fe6512e,27 май 2026,Определение,6178,,Пламен Танев - Докладчик,
627dba27-7220-4c89-bb62-3b748fe6512e,05 май 2026,Разпореждане,5215,,Пламен Танев - Докладчик,
627dba27-7220-4c89-bb62-3b748fe6512e,03 април 2026,Разпореждане,3988,,Пламен Танев - Докладчик,
2b6f97bc-5867-4888-8f8b-006a5036595f,03 април 2026,Разпореждане,359,,Дияна Димова Петрова - Съдия докладчик,
dd9f531d-4220-41e2-9f46-b808248c9942,03 април 2026,Определение,4377,03.04.2026,Анна Димитрова Дъбова - Съдия докладчик,
c26a133a-1d56-4748-afed-63c276a7b306,04 октомври 2026,Разпореждане,11710,04.10.2026,Мирослав Данаилов Досов - Съдия докладчик,
c26a133a-1d56-4748-afed-63c276a7b306,04 октомври 2026,Определение,2270,04.10.2026,Мирослав Данаилов Досов - Съдия докладчик,
a1bb5ee8-d735-460d-8eb1-c1951b9f48b8,23 юли 2026,Решение,702,,ВЕСИСЛАВ РУМЕНОВ ГЕНОВ - Съдия докладчик,
a1bb5ee8-d735-460d-8eb1-c1951b9f48b8,15 юли 2026,Протоколно определение,1187,15.07.2026,ВЕСИСЛАВ РУМЕНОВ ГЕНОВ - Съдия докладчик,
a1bb5ee8-d735-460d-8eb1-c1951b9f48b8,29 юни 2026,Протокол,1079,29.06.2026,ВЕСИСЛАВ РУМЕНОВ ГЕНОВ - Съдия докладчик,
a1bb5ee8-d735-460d-8eb1-c1951b9f48b8,23 юни 2026,Протокол,1046,23.06.2026,ВЕСИСЛАВ РУМЕНОВ ГЕНОВ - Съдия докладчик,
a1bb5ee8-d735-460d-8eb1-c1951b9f48b8,27 май 2026,Определение,2312,27.05.2026,ВЕСИСЛАВ РУМЕНОВ ГЕНОВ - Съдия докладчик,
a1bb5ee8-d735-460d-8eb1-c1951b9f48b8,04 април 2026,Разпореждане,3046,04.04.2026,ВЕСИСЛАВ РУМЕНОВ ГЕНОВ - Съдия докладчик,
c634b56b-5098-41de-9fec-348b277eda2d,03 април 2026,Решение,6372,03.04.2026,ЦВЕТОМИЛА ДАНОВА - Съдия докладчик,
5d7def43-bb32-4f59-bd09-03e95fa793da,07 юли 2026,Изпълнителен лист,215,07.07.2026,,
5d7def43-bb32-4f59-bd09-03e95fa793da,07 юли 2026,Изпълнителен лист,214,07.07.2026,,
5d7def43-bb32-4f59-bd09-03e95fa793da,03 април 2026,Споразумение,43,03.04.2026,НИКОЛАЙ БОРИСОВ БОРИСОВ - Съдия докладчик,
5d7def43-bb32-4f59-bd09-03e95fa793da,03 април 2026,Протоколно определение,279,15.04.2026,НИКОЛАЙ БОРИСОВ БОРИСОВ - Съдия докладчик,
5d7def43-bb32-4f59-bd09-03e95fa793da,03 април 2026,Протокол,278,15.04.2026,НИКОЛАЙ БОРИСОВ БОРИСОВ - Съдия докладчик,
5d7def43-bb32-4f59-bd09-03e95fa793da,03 април 2026,Разпореждане,355,03.04.2026,НИКОЛАЙ БОРИСОВ БОРИСОВ - Съдия докладчик,
6abf0ba4-8ba2-4425-b7c8-4cf808fa3d3c,17 август 2026,Разпореждане,8362,01.09.2026,Десислава Николаева Великова - Съдия докладчик,
6abf0ba4-8ba2-4425-b7c8-4cf808fa3d3c,08 юли 2026,Разпореждане,6820,08.07.2026,Десислава Николаева Великова - Съдия докладчик,
6abf0ba4-8ba2-4425-b7c8-4cf808fa3d3c,03 април 2026,Заповед за изпълнение,908,,Татяна Тодорова Илиева - Съдия докладчик,
d86d2799-448a-45bf-8b32-6e98ae69987c,04 юни 2026,Определение,555,,Андрей Георгиев Андреев - Съдия докладчик,
d86d2799-448a-45bf-8b32-6e98ae69987c,02 юни 2026,Разпореждане,1437,02.06.2026,Андрей Георгиев Андреев - Съдия докладчик,
d86d2799-448a-45bf-8b32-6e98ae69987c,03 април 2026,Заповед за изпълнение,196,,Андрей Георгиев Андреев - Съдия докладчик,
a9e84c0e-5738-43cc-bffc-138bf799eb2a,23 юли 2026,Изпълнителен лист ЗП,791,23.07.2026,ХРИСТИНА ИВАНОВА СЯРОВА - Съдия докладчик,
a9e84c0e-5738-43cc-bffc-138bf799eb2a,23 юли 2026,Разпореждане,3076,23.07.2026,ХРИСТИНА ИВАНОВА СЯРОВА - Съдия докладчик,
a9e84c0e-5738-43cc-bffc-138bf799eb2a,17 април 2026,Разпореждане,1599,17.04.2026,ХРИСТИНА ИВАНОВА СЯРОВА - Съдия докладчик,
a9e84c0e-5738-43cc-bffc-138bf799eb2a,15 април 2026,Разпореждане,1516,15.04.2026,ХРИСТИНА ИВАНОВА СЯРОВА - Съдия докладчик,
a9e84c0e-5738-43cc-bffc-138bf799eb2a,03 април 2026,Заповед за изпълнение,645,23.07.2026,ХРИСТИНА ИВАНОВА СЯРОВА - Съдия докладчик,
2969352a-29f0-4e0d-bdc9-9ddf8fd0b53e,03 април 2026,Определение,606,03.04.2026,Валентина Жекова Иванова - Съдия докладчик,
2969352a-29f0-4e0d-bdc9-9ddf8fd0b53e,03 април 2026,Разпореждане,1381,03.04.2026,Валентина Жекова Иванова - Съдия докладчик,
db378986-99c1-4bcd-b73c-7dc39f4ba617,08 септември 2026,Изпълнителен лист ЗП,5984,08.09.2026,Симона Пламенова Колева - Съдия докладчик,
db378986-99c1-4bcd-b73c-7dc39f4ba617,08 септември 2026,Разпореждане,26157,08.09.2026,Симона Пламенова Колева - Съдия докладчик,
db378986-99c1-4bcd-b73c-7dc39f4ba617,06 април 2026,Заповед за изпълнение,3001,,Симона Пламенова Колева - Съдия докладчик,
db378986-99c1-4bcd-b73c-7dc39f4ba617,06 април 2026,Разпореждане,10301,06.04.2026,Симона Пламенова Колева - Съдия докладчик,
8dbedcf7-6d67-4478-b937-b2ea7c540b44,06 август 2026,Разпореждане,2283,06.08.2026,Пепа Димова Жекова - Съдия докладчик,
8dbedcf7-6d67-4478-b937-b2ea7c540b44,22 юли 2026,Определение,752,,Пепа Димова Жекова - Съдия докладчик,
8dbedcf7-6d67-4478-b937-b2ea7c540b44,10 юни 2026,Разпореждане,1590,10.06.2026,Пепа Димова Жекова - Съдия докладчик,
8dbedcf7-6d67-4478-b937-b2ea7c540b44,15 април 2026,Разпореждане,953,15.04.2026,Пепа Димова Жекова - Съдия докладчик,
8dbedcf7-6d67-4478-b937-b2ea7c540b44,15 април 2026,Разпореждане,952,15.04.2026,Пепа Димова Жекова - Съдия докладчик,
8dbedcf7-6d67-4478-b937-b2ea7c540b44,03 април 2026,Заповед за изпълнение,185,,Пепа Димова Жекова - Съдия докладчик,
f635630e-4c33-45bf-992c-e22d21d56c27,13 май 2026,Решение,355,13.05.2026,Стелла Светозарова Моллова - Съдия докладчик,
f635630e-4c33-45bf-992c-e22d21d56c27,20 април 2026,Разпореждане,11599,20.04.2026,Стелла Светозарова Моллова - Съдия докладчик,
f635630e-4c33-45bf-992c-e22d21d56c27,08 април 2026,Определение,1208,08.04.2026,Стелла Светозарова Моллова - Съдия докладчик,
f635630e-4c33-45bf-992c-e22d21d56c27,03 април 2026,Разпореждане,10063,03.04.2026,Стелла Светозарова Моллова - Съдия докладчик,
e02d92bf-80ee-4e23-89e9-5dda4c8c6ddc,03 април 2026,Решение,6367,03.04.2026,ЦВЕТОМИЛА ДАНОВА - Съдия докладчик,
f6cf1f20-9bdd-40c7-897b-d485136286bf,03 април 2026,Разпореждане,2050,03.04.2026,Доника Илиева Тарева - Пехливанова - Съдия докладчик,
81f389b3-b35f-412d-846c-07dcd3a81915,26 април 2026,Определение,910,05.05.2026,Иван Цветозаров Иванов - Съдия докладчик,
81f389b3-b35f-412d-846c-07dcd3a81915,20 април 2026,Разпореждане,4124,20.04.2026,Иван Цветозаров Иванов - Съдия докладчик,
81f389b3-b35f-412d-846c-07dcd3a81915,03 април 2026,Разпореждане,3644,03.04.2026,Иван Цветозаров Иванов - Съдия докладчик,
0b98ecc6-855f-40f7-916d-372aa9c216c4,18 септември 2026,Протокол,21019,18.09.2026,ВИКТОРИЯ НИКОЛАЕВА НЕДЕВА - Съдия докладчик,
0b98ecc6-855f-40f7-916d-372aa9c216c4,25 август 2026,Разпореждане,102614,25.08.2026,ВИКТОРИЯ НИКОЛАЕВА НЕДЕВА - Съдия докладчик,
0b98ecc6-855f-40f7-916d-372aa9c216c4,14 юли 2026,Определение,25540,14.07.2026,ВИКТОРИЯ НИКОЛАЕВА НЕДЕВА - Съдия докладчик,
0b98ecc6-855f-40f7-916d-372aa9c216c4,22 юни 2026,Определение,22879,22.06.2026,ВИКТОРИЯ НИКОЛАЕВА НЕДЕВА - Съдия докладчик,
0b98ecc6-855f-40f7-916d-372aa9c216c4,22 април 2026,Разпореждане,50528,22.04.2026,ВИКТОРИЯ НИКОЛАЕВА НЕДЕВА - Съдия докладчик,
0b98ecc6-855f-40f7-916d-372aa9c216c4,03 април 2026,Разпореждане,43471,03.04.2026,ВИКТОРИЯ НИКОЛАЕВА НЕДЕВА - Съдия докладчик,
e400b771-d0ed-4956-b9ff-a1b69f23841b,24 април 2026,Определение,150,,Цветомир Цаков Цветанов - Съдия докладчик,
e400b771-d0ed-4956-b9ff-a1b69f23841b,03 април 2026,Разпореждане,667,03.04.2026,Цветомир Цаков Цветанов - Съдия докладчик,
cb24d785-b6be-4f6b-aa0c-92a62b0aba43,16 април 2026,Разпореждане,2225,01.05.2026,Татяна Димитрова Богоева - Съдия докладчик,
cb24d785-b6be-4f6b-aa0c-92a62b0aba43,03 април 2026,Разпореждане,2003,03.04.2026,Татяна Димитрова Богоева - Съдия докладчик,
142ec732-3039-42c5-8a3d-eee1b11dac7e,03 април 2026,Разпореждане,2051,03.04.2026,Доника Илиева Тарева - Пехливанова - Съдия докладчик,
142ec732-3039-42c5-8a3d-eee1b11dac7e,03 април 2026,Разпореждане,2049,03.04.2026,Доника Илиева Тарева - Пехливанова - Съдия докладчик,
c9f137a6-5e71-4497-a7e9-3b442e7b8bba,24 април 2026,Определение,151,,Цветомир Цаков Цветанов - Съдия докладчик,
c9f137a6-5e71-4497-a7e9-3b442e7b8bba,03 април 2026,Разпореждане,666,03.04.2026,Цветомир Цаков Цветанов - Съдия докладчик,
fb4c6525-44e9-487b-a93a-f82d00ab064d,28 май 2026,Изпълнителен лист ЗП,220,,Милена Вескова Хазарян - Съдия докладчик,
fb4c6525-44e9-487b-a93a-f82d00ab064d,03 април 2026,Заповед за изпълнение,143,23.05.2026,Милена Вескова Хазарян - Съдия докладчик,
bd790af9-afc4-4298-b913-215224e05830,17 юли 2026,Разпореждане,1287,17.07.2026,Никола Петров Римпопов - Съдия докладчик,
bd790af9-afc4-4298-b913-215224e05830,19 юни 2026,Решение,128,14.07.2026,Никола Петров Римпопов - Съдия докладчик,
bd790af9-afc4-4298-b913-215224e05830,28 май 2026,Протокол,228,28.05.2026,Никола Петров Римпопов - Съдия докладчик,
bd790af9-afc4-4298-b913-215224e05830,04 май 2026,Определение,209,04.05.2026,Никола Петров Римпопов - Съдия докладчик,
99dc2d6f-42f4-4132-9c41-094bff2788f7,28 юли 2026,Изпълнителен лист ЗП,2062,28.07.2026,Антоанета Иванова Абрашева - Съдия докладчик,
99dc2d6f-42f4-4132-9c41-094bff2788f7,28 юли 2026,Разпореждане,7439,28.07.2026,Антоанета Иванова Абрашева - Съдия докладчик,
99dc2d6f-42f4-4132-9c41-094bff2788f7,03 април 2026,Заповед за изпълнение,919,,Антоанета Иванова Абрашева - Съдия докладчик,
6c2fe685-9634-46c4-bb59-f757309b54dd,22 май 2026,Решение,9774,22.05.2026,МАРИЯ ДИМЧЕВА ИВАНОВА-ГЕОРГИЕВА - Съдия докладчик,
6c2fe685-9634-46c4-bb59-f757309b54dd,21 май 2026,Протокол,13360,21.05.2026,МАРИЯ ДИМЧЕВА ИВАНОВА-ГЕОРГИЕВА - Съдия докладчик,
6c2fe685-9634-46c4-bb59-f757309b54dd,06 април 2026,Определение,13423,06.04.2026,МАРИЯ ДИМЧЕВА ИВАНОВА-ГЕОРГИЕВА - Съдия докладчик,
9e0384e9-cb88-4656-afa3-a2a6ffa9036c,30 септември 2026,Решение,170,30.09.2026,Веселин Христов Коларов - Съдия докладчик,
9e0384e9-cb88-4656-afa3-a2a6ffa9036c,03 септември 2026,Протокол,395,03.09.2026,Веселин Христов Коларов - Съдия докладчик,
9e0384e9-cb88-4656-afa3-a2a6ffa9036c,14 юли 2026,Определение,424,14.07.2026,Веселин Христов Коларов - Съдия докладчик,
9e0384e9-cb88-4656-afa3-a2a6ffa9036c,11 май 2026,Разпореждане,589,11.05.2026,Веселин Христов Коларов - Съдия докладчик,
9e0384e9-cb88-4656-afa3-a2a6ffa9036c,06 април 2026,Разпореждане,431,06.04.2026,Веселин Христов Коларов - Съдия докладчик,
0c90e571-d72b-4c74-ac3a-d40d8766935f,12 юни 2026,Определение,246,,ДЕНИЦА АНГЕЛОВА ЦВЕТКОВА - Съдия докладчик,
0c90e571-d72b-4c74-ac3a-d40d8766935f,20 април 2026,Разпореждане,855,20.04.2026,ДЕНИЦА АНГЕЛОВА ЦВЕТКОВА - Съдия докладчик,
0c90e571-d72b-4c74-ac3a-d40d8766935f,03 април 2026,Заповед за изпълнение,458,,ДЕНИЦА АНГЕЛОВА ЦВЕТКОВА - Съдия докладчик,
5f4f8271-c4a9-4f4f-a724-d2471018fefe,07 октомври 2026,Разпореждане,11809,07.10.2026,Христо Георгиев - Съдия докладчик,
5f4f8271-c4a9-4f4f-a724-d2471018fefe,24 август 2026,Разпореждане,10381,24.08.2026,Христо Георгиев - Съдия докладчик,
5f4f8271-c4a9-4f4f-a724-d2471018fefe,09 юни 2026,Разпореждане,7137,09.06.2026,Христо Георгиев - Съдия докладчик,
5f4f8271-c4a9-4f4f-a724-d2471018fefe,06 април 2026,Заповед за изпълнение,660,,Христо Георгиев - Съдия докладчик,
567a40c1-a71c-4489-bc58-bc338ec51874,04 април 2026,Разпореждане,1263,22.04.2026,Жулиета Цонева Стоянова - Съдия докладчик,
c544916e-8660-40f3-8bb1-5c85bec6d314,19 август 2026,Разпореждане,24317,19.08.2026,Диана Младенова Матеева - Съдия докладчик,
c544916e-8660-40f3-8bb1-5c85bec6d314,24 юли 2026,Разпореждане,21748,24.07.2026,Диана Младенова Матеева - Съдия докладчик,
c544916e-8660-40f3-8bb1-5c85bec6d314,15 юли 2026,Разпореждане,20924,15.07.2026,Диана Младенова Матеева - Съдия докладчик,
c544916e-8660-40f3-8bb1-5c85bec6d314,26 юни 2026,Решение,478,,Диана Младенова Матеева - Съдия докладчик,
c544916e-8660-40f3-8bb1-5c85bec6d314,22 юни 2026,Протокол,1044,22.06.2026,Диана Младенова Матеева - Съдия докладчик,
c544916e-8660-40f3-8bb1-5c85bec6d314,11 май 2026,Определение,1563,11.05.2026,Диана Младенова Матеева - Съдия докладчик,
c544916e-8660-40f3-8bb1-5c85bec6d314,03 април 2026,Разпореждане,10073,03.04.2026,Диана Младенова Матеева - Съдия докладчик,
60457b56-f58d-426e-945a-abf7fe12c977,03 август 2026,Определение,321,03.08.2026,ВЕСЕЛИН КИРИЛОВ ХАЙДУШКИ - Съдия докладчик,
60457b56-f58d-426e-945a-abf7fe12c977,23 април 2026,Разпореждане,506,23.04.2026,ВЕСЕЛИН КИРИЛОВ ХАЙДУШКИ - Съдия докладчик,
60457b56-f58d-426e-945a-abf7fe12c977,03 април 2026,Заповед за изпълнение,230,,ВЕСЕЛИН КИРИЛОВ ХАЙДУШКИ - Съдия докладчик,
eb2fbe6d-7c7f-465f-9df7-b73a12b824d1,03 април 2026,Разпореждане,358,,Дияна Димова Петрова - Съдия докладчик,
77a18466-adf3-448d-bcb7-3c08da639cf4,03 юни 2026,Решение,6475,03.06.2026,Анелия Харитева - Докладчик,
77a18466-adf3-448d-bcb7-3c08da639cf4,27 април 2026,Разпореждане,4903,,,
77a18466-adf3-448d-bcb7-3c08da639cf4,27 април 2026,Разпореждане,4903,,Анелия Харитева - Докладчик,
77a18466-adf3-448d-bcb7-3c08da639cf4,03 април 2026,Разпореждане,3971,,Милена Несторова – Дичева - Докладчик,
2bf760ba-17bb-49e5-af63-ef89c017f561,24 септември 2026,Разпореждане,1837,,Пенка Борисова Йорданова - Съдия докладчик,
2bf760ba-17bb-49e5-af63-ef89c017f561,07 юли 2026,Решение,140,13.08.2026,Пенка Борисова Йорданова - Съдия докладчик,
2bf760ba-17bb-49e5-af63-ef89c017f561,10 юни 2026,Протокол,257,10.06.2026,Пенка Борисова Йорданова - Съдия докладчик,
2bf760ba-17bb-49e5-af63-ef89c017f561,12 май 2026,Определение,221,12.05.2026,Пенка Борисова Йорданова - Съдия докладчик,
2bf760ba-17bb-49e5-af63-ef89c017f561,03 април 2026,Разпореждане,481,03.04.2026,Пенка Борисова Йорданова - Съдия докладчик,
43fad025-ba39-4f1e-9818-d956e1e21c53,14 август 2026,Определение,29499,14.08.2026,ВАСИЛ ВАЛЕНТИНОВ АЛЕКСАНДРОВ - Съдия докладчик,
43fad025-ba39-4f1e-9818-d956e1e21c53,23 юни 2026,Разпореждане,75971,23.06.2026,ВАСИЛ ВАЛЕНТИНОВ АЛЕКСАНДРОВ - Съдия докладчик,
43fad025-ba39-4f1e-9818-d956e1e21c53,01 юни 2026,Разпореждане,65879,01.06.2026,ВАСИЛ ВАЛЕНТИНОВ АЛЕКСАНДРОВ - Съдия докладчик,
43fad025-ba39-4f1e-9818-d956e1e21c53,21 април 2026,Определение,15033,21.04.2026,ВАСИЛ ВАЛЕНТИНОВ АЛЕКСАНДРОВ - Съдия докладчик,
43fad025-ba39-4f1e-9818-d956e1e21c53,14 април 2026,Разпореждане,46298,14.04.2026,ВАСИЛ ВАЛЕНТИНОВ АЛЕКСАНДРОВ - Съдия докладчик,
43fad025-ba39-4f1e-9818-d956e1e21c53,03 април 2026,Определение,13304,,ВАСИЛ ВАЛЕНТИНОВ АЛЕКСАНДРОВ - Съдия докладчик,
670449ad-6fc9-4676-8f46-bdba4625bd8d,02 юли 2026,Определение,688,,ВЛАДИМИР ТОДОРОВ КАРАГЬОЗОВ - Съдия докладчик,
670449ad-6fc9-4676-8f46-bdba4625bd8d,15 май 2026,Разпореждане,2031,15.05.2026,ВЛАДИМИР ТОДОРОВ КАРАГЬОЗОВ - Съдия докладчик,
670449ad-6fc9-4676-8f46-bdba4625bd8d,04 април 2026,Заповед за изпълнение,684,,ВЛАДИМИР ТОДОРОВ КАРАГЬОЗОВ - Съдия докладчик,
768f5f65-2dc2-44c1-ae01-3e48db7da976,09 септември 2026,Разпореждане,108755,09.09.2026,ИГНАТ АСЕНОВ ТИМОФЕЕВ - Съдия докладчик,
768f5f65-2dc2-44c1-ae01-3e48db7da976,28 август 2026,Изпълнителен лист,7440,28.08.2026,,
768f5f65-2dc2-44c1-ae01-3e48db7da976,27 август 2026,Разпореждане,104090,27.08.2026,КОНСТАНТИНА МИТКОВА ХРИСТОВА - Съдия докладчик,
768f5f65-2dc2-44c1-ae01-3e48db7da976,09 юли 2026,Разпореждане,83761,09.07.2026,КОНСТАНТИНА МИТКОВА ХРИСТОВА - Съдия докладчик,
768f5f65-2dc2-44c1-ae01-3e48db7da976,09 юли 2026,Изпълнителен лист,5822,10.07.2026,,
768f5f65-2dc2-44c1-ae01-3e48db7da976,03 юли 2026,Решение,13291,,ИГНАТ АСЕНОВ ТИМОФЕЕВ - Съдия докладчик,
768f5f65-2dc2-44c1-ae01-3e48db7da976,26 юни 2026,Протокол,17589,26.06.2026,ИГНАТ АСЕНОВ ТИМОФЕЕВ - Съдия докладчик,
768f5f65-2dc2-44c1-ae01-3e48db7da976,29 май 2026,Разпореждане,65776,29.05.2026,ИГНАТ АСЕНОВ ТИМОФЕЕВ - Съдия докладчик,
768f5f65-2dc2-44c1-ae01-3e48db7da976,18 май 2026,Определение,18400,18.05.2026,ДИМИТРИНКА ИВАНОВА КОСТАДИНОВА-МЛАДЕНОВА - Съдия докладчик,
768f5f65-2dc2-44c1-ae01-3e48db7da976,03 април 2026,Разпореждане,43263,03.04.2026,ДИМИТРИНКА ИВАНОВА КОСТАДИНОВА-МЛАДЕНОВА - Съдия докладчик,
02e544ce-8cc4-4ec4-aa5e-b90f8dcbc7de,03 юни 2026,Изпълнителен лист ЗП,489,03.06.2026,Иван Христов Христов - Съдия докладчик,
02e544ce-8cc4-4ec4-aa5e-b90f8dcbc7de,06 април 2026,Заповед за изпълнение,464,14.05.2026,Иван Христов Христов - Съдия докладчик,
02e544ce-8cc4-4ec4-aa5e-b90f8dcbc7de,06 април 2026,Разпореждане,582,06.04.2026,Иван Христов Христов - Съдия докладчик,
30ee718a-f245-4a81-b6f7-c47b6d6c384b,28 юли 2026,Изпълнителен лист ЗП,427,28.07.2026,Доротея Петкова Янкова - Съдия докладчик,
30ee718a-f245-4a81-b6f7-c47b6d6c384b,28 юли 2026,Разпореждане,2031,28.07.2026,Доротея Петкова Янкова - Съдия докладчик,
30ee718a-f245-4a81-b6f7-c47b6d6c384b,19 юни 2026,Заповед за изпълнение,618,24.07.2026,Доротея Петкова Янкова - Съдия докладчик,
ce7bb093-dba5-4363-b13a-716df91f145f,05 октомври 2026,Решение,339,,Адриана Георгиева Добрева - Съдия докладчик,
ce7bb093-dba5-4363-b13a-716df91f145f,29 септември 2026,Протокол,453,29.09.2026,Адриана Георгиева Добрева - Съдия докладчик,
ce7bb093-dba5-4363-b13a-716df91f145f,02 септември 2026,Определение,974,02.09.2026,Адриана Георгиева Добрева - Съдия докладчик,
ce7bb093-dba5-4363-b13a-716df91f145f,07 май 2026,Разпореждане,1708,07.05.2026,Адриана Георгиева Добрева - Съдия докладчик,
ce7bb093-dba5-4363-b13a-716df91f145f,06 април 2026,Разпореждане,1345,06.04.2026,Адриана Георгиева Добрева - Съдия докладчик,
dcd63d24-7925-4879-aa14-a687006e05bb,06 април 2026,Заповед за изпълнение,1211,,ИСКРЕН БОРИСОВ - Съдия докладчик,
99319986-45c7-407b-963d-f1ace0cd727d,27 май 2026,Изпълнителен лист ЗП,1083,27.05.2026,Цветан Христов Петков - Съдия докладчик,
99319986-45c7-407b-963d-f1ace0cd727d,07 април 2026,Заповед за изпълнение,1416,15.05.2026,Цветан Христов Петков - Съдия докладчик,
87aa9851-87e3-4956-aa9b-8ea7210c5b72,03 април 2026,Определение,1351,03.04.2026,Ива Илиева Стойчева Коджабашева - Съдия докладчик,
08eaafc9-d129-4d89-8739-5830116a32fc,03 юли 2026,Разпореждане,812,,Боян Ешпеков - Съдия докладчик,
08eaafc9-d129-4d89-8739-5830116a32fc,08 юни 2026,Решение,83,27.06.2026,Боян Ешпеков - Съдия докладчик,
08eaafc9-d129-4d89-8739-5830116a32fc,15 май 2026,Протокол,418,15.05.2026,Боян Ешпеков - Съдия докладчик,
08eaafc9-d129-4d89-8739-5830116a32fc,04 май 2026,Протокол,370,04.05.2026,Боян Ешпеков - Съдия докладчик,
08eaafc9-d129-4d89-8739-5830116a32fc,06 април 2026,Разпореждане,459,06.04.2026,Боян Ешпеков - Съдия докладчик,
e7f5c46d-38ec-454d-9128-42a9a680c5dd,28 май 2026,Изпълнителен лист ЗП,331,28.05.2026,Росен Минков Стоянов - Съдия докладчик,
e7f5c46d-38ec-454d-9128-42a9a680c5dd,28 май 2026,Разпореждане,536,28.05.2026,Росен Минков Стоянов - Съдия докладчик,
e7f5c46d-38ec-454d-9128-42a9a680c5dd,03 април 2026,Заповед за изпълнение,365,22.05.2026,Росен Минков Стоянов - Съдия докладчик,
52b0618a-0263-45e4-84c1-98d61c4aab1f,19 август 2026,Разпореждане,100413,,ИГНАТ АСЕНОВ ТИМОФЕЕВ - Съдия докладчик,
52b0618a-0263-45e4-84c1-98d61c4aab1f,15 юли 2026,Разпореждане,86476,15.07.2026,ИГНАТ АСЕНОВ ТИМОФЕЕВ - Съдия докладчик,
52b0618a-0263-45e4-84c1-98d61c4aab1f,20 април 2026,Разпореждане,49163,20.04.2026,ДИМИТРИНКА ИВАНОВА КОСТАДИНОВА-МЛАДЕНОВА - Съдия докладчик,
52b0618a-0263-45e4-84c1-98d61c4aab1f,03 април 2026,Разпореждане,43257,03.04.2026,ДИМИТРИНКА ИВАНОВА КОСТАДИНОВА-МЛАДЕНОВА - Съдия докладчик,
1877783a-6dd8-4e01-815b-3a8f2322b20e,17 август 2026,Изпълнителен лист ЗП,316,17.08.2026,Елка Антимова Хаджиева - Съдия докладчик,
1877783a-6dd8-4e01-815b-3a8f2322b20e,17 август 2026,Разпореждане,1515,17.08.2026,Елка Антимова Хаджиева - Съдия докладчик,
1877783a-6dd8-4e01-815b-3a8f2322b20e,07 април 2026,Заповед за изпълнение,181,28.07.2026,Елка Антимова Хаджиева - Съдия докладчик,
1877783a-6dd8-4e01-815b-3a8f2322b20e,06 април 2026,Разпореждане,529,06.04.2026,Елка Антимова Хаджиева - Съдия докладчик,
873df6b4-aa37-4e2d-9f63-3597a9d37ea9,03 април 2026,Решение,1303,03.04.2026,Станислав Мирославов Ангелов - Съдия докладчик,
c1d184f1-83f4-462c-a826-9238df81ece9,01 юни 2026,Разпореждане,1654,01.06.2026,Ана Симеонова Андонова - Съдия докладчик,
c1d184f1-83f4-462c-a826-9238df81ece9,06 април 2026,Заповед за изпълнение,1389,,Ана Симеонова Андонова - Съдия докладчик,
f3376b63-e873-4fa3-baee-1abae06e7092,24 юли 2026,Протоколно определение,461,24.07.2026,Петър Славов Петров - Съдия докладчик,
f3376b63-e873-4fa3-baee-1abae06e7092,14 май 2026,Разпореждане,437,14.05.2026,Петър Славов Петров - Съдия докладчик,
f3376b63-e873-4fa3-baee-1abae06e7092,03 април 2026,Разпореждане,317,03.04.2026,Петър Славов Петров - Съдия докладчик,
556c48a8-e426-4712-bcb5-2539cd442302,26 май 2026,Разпореждане,2890,,Саша Алексова - Докладчик,
d0981c8a-d9c0-4362-b439-4f3cab306fd9,22 май 2026,Разпореждане,1619,22.05.2026,Светослав Атанасов Пиронев - Съдия докладчик,
d0981c8a-d9c0-4362-b439-4f3cab306fd9,03 април 2026,Заповед за изпълнение,1133,,Светослав Атанасов Пиронев - Съдия докладчик,
55172142-1f79-4c00-85ff-bddae85dc6d9,10 август 2026,Изпълнителен лист ЗП,374,10.08.2026,ГАБРИЕЛА ПЕТКОВА ДИМИТРОВА - Съдия докладчик,
55172142-1f79-4c00-85ff-bddae85dc6d9,10 август 2026,Разпореждане,1769,,ГАБРИЕЛА ПЕТКОВА ДИМИТРОВА - Съдия докладчик,
55172142-1f79-4c00-85ff-bddae85dc6d9,07 юли 2026,Разпореждане,1515,07.07.2026,ГАБРИЕЛА ПЕТКОВА ДИМИТРОВА - Съдия докладчик,
55172142-1f79-4c00-85ff-bddae85dc6d9,07 май 2026,Разпореждане,954,07.05.2026,ГАБРИЕЛА ПЕТКОВА ДИМИТРОВА - Съдия докладчик,
55172142-1f79-4c00-85ff-bddae85dc6d9,14 април 2026,Заповед за изпълнение,296,04.08.2026,ГАБРИЕЛА ПЕТКОВА ДИМИТРОВА - Съдия докладчик,
55172142-1f79-4c00-85ff-bddae85dc6d9,03 април 2026,Разпореждане,686,03.04.2026,ГАБРИЕЛА ПЕТКОВА ДИМИТРОВА - Съдия докладчик,
0e9afbb6-61e1-46c9-85a2-bcacb72c81fb,10 септември 2026,Определение,32786,10.09.2026,ГЕОРГИ ИЛИАНОВ АЛИПИЕВ - Съдия докладчик,
0e9afbb6-61e1-46c9-85a2-bcacb72c81fb,14 юли 2026,Разпореждане,85327,14.07.2026,ГЕОРГИ ИЛИАНОВ АЛИПИЕВ - Съдия докладчик,
0e9afbb6-61e1-46c9-85a2-bcacb72c81fb,08 юни 2026,Разпореждане,69530,08.06.2026,ГЕОРГИ ИЛИАНОВ АЛИПИЕВ - Съдия докладчик,
0e9afbb6-61e1-46c9-85a2-bcacb72c81fb,28 април 2026,Определение,16056,28.04.2026,ГЕОРГИ ИЛИАНОВ АЛИПИЕВ - Съдия докладчик,
0e9afbb6-61e1-46c9-85a2-bcacb72c81fb,21 април 2026,Разпореждане,49438,21.04.2026,ГЕОРГИ ИЛИАНОВ АЛИПИЕВ - Съдия докладчик,
0e9afbb6-61e1-46c9-85a2-bcacb72c81fb,03 април 2026,Разпореждане,43355,03.04.2026,ГЕОРГИ ИЛИАНОВ АЛИПИЕВ - Съдия докладчик,
0e9afbb6-61e1-46c9-85a2-bcacb72c81fb,03 април 2026,Определение,13264,03.04.2026,ГЕОРГИ ИЛИАНОВ АЛИПИЕВ - Съдия докладчик,
415a0a67-72db-4cd8-989e-064bbdb0a561,17 септември 2026,Решение,169,,Вергиния Еланчева - Съдия докладчик,
415a0a67-72db-4cd8-989e-064bbdb0a561,03 септември 2026,Протокол,640,03.09.2026,Вергиния Еланчева - Съдия докладчик,
415a0a67-72db-4cd8-989e-064bbdb0a561,18 юли 2026,Определение,192,18.07.2026,Вергиния Еланчева - Съдия докладчик,
415a0a67-72db-4cd8-989e-064bbdb0a561,03 юли 2026,Протокол,525,03.07.2026,Вергиния Еланчева - Съдия докладчик,
415a0a67-72db-4cd8-989e-064bbdb0a561,05 юни 2026,Протокол,461,05.06.2026,Вергиния Еланчева - Съдия докладчик,
415a0a67-72db-4cd8-989e-064bbdb0a561,24 април 2026,Разпореждане,524,24.04.2026,Вергиния Еланчева - Съдия докладчик,
415a0a67-72db-4cd8-989e-064bbdb0a561,03 април 2026,Разпореждане,458,03.04.2026,Вергиния Еланчева - Съдия докладчик,
3a6e276a-98ca-43e9-a940-840af7405d70,03 април 2026,Заповед за изпълнение,1106,,Людмила Василева Стойнева - Съдия докладчик,
27e75bdd-2140-43ae-b08b-5fe85e9d22dc,03 април 2026,Заповед за изпълнение,510,,Жаклин Георгиева Димитрова Алексиева - Съдия докладчик,
27e75bdd-2140-43ae-b08b-5fe85e9d22dc,03 април 2026,Разпореждане,1327,03.04.2026,Жаклин Георгиева Димитрова Алексиева - Съдия докладчик,
0257eaee-2a60-4c70-8f31-9be094054a15,21 април 2026,Заповед за изпълнение,2718,,Мирослав Данаилов Досов - Съдия докладчик,
e01cff1a-6afc-454a-a4a1-908806879a73,15 септември 2026,Определение,3172,15.09.2026,Зара Ехия Иванова - Съдия докладчик,
e01cff1a-6afc-454a-a4a1-908806879a73,10 юли 2026,Разпореждане,7339,10.07.2026,Зара Ехия Иванова - Съдия докладчик,
e01cff1a-6afc-454a-a4a1-908806879a73,05 май 2026,Разпореждане,4510,05.05.2026,Зара Ехия Иванова - Съдия докладчик,
e01cff1a-6afc-454a-a4a1-908806879a73,03 април 2026,Заповед за изпълнение,1327,,Зара Ехия Иванова - Съдия докладчик,
bac59243-917f-4434-8473-64e0fa4da1cd,21 август 2026,Изпълнителен лист ЗП,850,21.08.2026,Живко Павлов Георгиев - Съдия докладчик,
bac59243-917f-4434-8473-64e0fa4da1cd,06 април 2026,Заповед за изпълнение,496,18.08.2026,Живко Павлов Георгиев - Съдия докладчик,
2f98581a-0933-4d0f-ae0b-1fbd1aae3f0d,05 октомври 2026,Определение,11335,,Здравка Диева - Докладчик Мариана Михайлова - Член на състава Пламен Танев - Член на състава,
2f98581a-0933-4d0f-ae0b-1fbd1aae3f0d,01 октомври 2026,Разпореждане,11271,,Здравка Диева - Докладчик,
2f98581a-0933-4d0f-ae0b-1fbd1aae3f0d,01 октомври 2026,Определение,11263,,Здравка Диева - Докладчик Мариана Михайлова - Член на състава Пламен Танев - Член на състава,
2f98581a-0933-4d0f-ae0b-1fbd1aae3f0d,30 септември 2026,Разпореждане,11209,,Здравка Диева - Докладчик,
2f98581a-0933-4d0f-ae0b-1fbd1aae3f0d,16 септември 2026,Разпореждане,10819,,Здравка Диева - Докладчик,
2f98581a-0933-4d0f-ae0b-1fbd1aae3f0d,15 май 2026,Определение,5659,,Здравка Диева - Докладчик,
2f98581a-0933-4d0f-ae0b-1fbd1aae3f0d,04 май 2026,Разпореждане,5137,,Здравка Диева - Докладчик,
2f98581a-0933-4d0f-ae0b-1fbd1aae3f0d,08 април 2026,Разпореждане,4132,,Здравка Диева - Докладчик,
2f98581a-0933-4d0f-ae0b-1fbd1aae3f0d,08 април 2026,Разпореждане,4131,,Здравка Диева - Докладчик,
c507979c-8a9d-4054-a582-e427e726ef10,02 септември 2026,Определение,3060,02.09.2026,Диана Младенова Матеева - Съдия докладчик,
c507979c-8a9d-4054-a582-e427e726ef10,16 юли 2026,Определение,2491,16.07.2026,Диана Младенова Матеева - Съдия докладчик,
c507979c-8a9d-4054-a582-e427e726ef10,10 юли 2026,Разпореждане,20289,10.07.2026,Диана Младенова Матеева - Съдия докладчик,
c507979c-8a9d-4054-a582-e427e726ef10,09 юли 2026,Разпореждане,20121,09.07.2026,Диана Младенова Матеева - Съдия докладчик,
c507979c-8a9d-4054-a582-e427e726ef10,10 юни 2026,Разпореждане,17166,10.06.2026,Диана Младенова Матеева - Съдия докладчик,
c507979c-8a9d-4054-a582-e427e726ef10,10 юни 2026,Разпореждане,17079,10.06.2026,Диана Младенова Матеева - Съдия докладчик,
c507979c-8a9d-4054-a582-e427e726ef10,20 април 2026,Разпореждане,11487,20.04.2026,Диана Младенова Матеева - Съдия докладчик,
c507979c-8a9d-4054-a582-e427e726ef10,03 април 2026,Разпореждане,10072,03.04.2026,Диана Младенова Матеева - Съдия докладчик,
b9cd1f08-9ae2-4366-b8d6-04e6399a65bb,06 юли 2026,Разпореждане,2816,,Йорданка Матева - Докладчик,
b9cd1f08-9ae2-4366-b8d6-04e6399a65bb,19 юни 2026,Определение,2590,,Йорданка Матева - Докладчик,
b9cd1f08-9ae2-4366-b8d6-04e6399a65bb,11 юни 2026,Решение,2416,,Йорданка Матева - Докладчик,
b9cd1f08-9ae2-4366-b8d6-04e6399a65bb,14 април 2026,Определение,1478,,Йорданка Матева - Докладчик,
333cc9b3-99a2-45ce-86c7-ca6d4f765a4d,04 август 2026,Изпълнителен лист ЗП,871,04.08.2026,Мария Вангелова Грунова - Съдия докладчик,
333cc9b3-99a2-45ce-86c7-ca6d4f765a4d,04 август 2026,Разпореждане,3020,04.08.2026,Мария Вангелова Грунова - Съдия докладчик,
333cc9b3-99a2-45ce-86c7-ca6d4f765a4d,12 май 2026,Разпореждане,1880,12.05.2026,Мария Вангелова Грунова - Съдия докладчик,
333cc9b3-99a2-45ce-86c7-ca6d4f765a4d,03 април 2026,Заповед за изпълнение,524,24.07.2026,Мария Вангелова Грунова - Съдия докладчик,
ac94ca9e-ebe3-405f-a9f6-e6feba7fc9d8,16 май 2026,Изпълнителен лист ЗП,905,16.05.2026,Мирослава Неделчева - Съдия докладчик,
ac94ca9e-ebe3-405f-a9f6-e6feba7fc9d8,13 май 2026,Разпореждане,4308,13.05.2026,Мирослава Неделчева - Съдия докладчик,
ac94ca9e-ebe3-405f-a9f6-e6feba7fc9d8,03 април 2026,Заповед за изпълнение,1258,07.05.2026,Мирослава Неделчева - Съдия докладчик,
aad1466e-1f62-444a-9aa7-52aac307e133,11 юни 2026,Изпълнителен лист ЗП,4060,11.06.2026,Михаил Ангелов Алексов - Съдия докладчик,
aad1466e-1f62-444a-9aa7-52aac307e133,11 юни 2026,Разпореждане,17311,11.06.2026,Михаил Ангелов Алексов - Съдия докладчик,
aad1466e-1f62-444a-9aa7-52aac307e133,06 април 2026,Заповед за изпълнение,2987,,Михаил Ангелов Алексов - Съдия докладчик,
aad1466e-1f62-444a-9aa7-52aac307e133,06 април 2026,Разпореждане,10260,06.04.2026,Михаил Ангелов Алексов - Съдия докладчик,
201da6ba-914d-4a4f-9393-ad648041824c,30 юни 2026,Разпореждане,3891,30.06.2026,КАЛИН ИВАНОВ - Съдия докладчик,
201da6ba-914d-4a4f-9393-ad648041824c,03 април 2026,Заповед за изпълнение,1195,,КАЛИН ИВАНОВ - Съдия докладчик,
ce02bc01-eee5-44ba-b5c9-43132c2249cb,15 май 2026,Определение,2048,15.05.2026,Ива Илиева Стойчева Коджабашева - Съдия докладчик,
ce02bc01-eee5-44ba-b5c9-43132c2249cb,03 април 2026,Определение,1350,03.04.2026,Ива Илиева Стойчева Коджабашева - Съдия докладчик,
9b7276e2-3138-47a2-8bfd-1b7496cf4121,18 юни 2026,Изпълнителен лист ЗП,461,18.06.2026,Николай Захариев Петров - Съдия докладчик,
9b7276e2-3138-47a2-8bfd-1b7496cf4121,17 юни 2026,Разпореждане,1878,,Николай Захариев Петров - Съдия докладчик,
9b7276e2-3138-47a2-8bfd-1b7496cf4121,03 април 2026,Заповед за изпълнение,296,,Николай Захариев Петров - Съдия докладчик,
206b3e05-0127-485a-b41e-94ae96c1da7c,03 април 2026,Решение,189,03.04.2026,НЕЛИ ГЕНЧЕВА - Съдия докладчик,
880bb595-16da-470f-825f-30eabca35de2,19 май 2026,Изпълнителен лист ЗП,1138,19.05.2026,Милен Иванов Бойчев - Съдия докладчик,
880bb595-16da-470f-825f-30eabca35de2,19 май 2026,Разпореждане,4767,,Милен Иванов Бойчев - Съдия докладчик,
880bb595-16da-470f-825f-30eabca35de2,03 април 2026,Заповед за изпълнение,917,15.05.2026,Милен Иванов Бойчев - Съдия докладчик,
bd6f248e-2e23-4bb8-b9cc-b7f5958e3b87,03 април 2026,Изпълнителен лист ЗП,198,03.04.2026,Цветомир Цаков Цветанов - Съдия докладчик,
bd6f248e-2e23-4bb8-b9cc-b7f5958e3b87,03 април 2026,Заповед за изпълнение,302,,Цветомир Цаков Цветанов - Съдия докладчик,
bd6f248e-2e23-4bb8-b9cc-b7f5958e3b87,03 април 2026,Разпореждане,663,03.04.2026,Цветомир Цаков Цветанов - Съдия докладчик,
f232cc8c-35bd-4bfb-a216-e7dab6affd09,03 април 2026,Решение,1301,03.04.2026,Евгения Мечева - Съдия докладчик,
df4d283e-c4b7-4318-98ab-0de41df0af6a,06 август 2026,Определение,374,06.08.2026,ЕКАТЕРИНА ТИХОМИРОВА ГЕОРГИЕВА-ПАНОВА - Съдия докладчик,
df4d283e-c4b7-4318-98ab-0de41df0af6a,17 юни 2026,Определение,289,17.06.2026,ЕКАТЕРИНА ТИХОМИРОВА ГЕОРГИЕВА-ПАНОВА - Съдия докладчик,
df4d283e-c4b7-4318-98ab-0de41df0af6a,27 май 2026,Определение,247,27.05.2026,ЕКАТЕРИНА ТИХОМИРОВА ГЕОРГИЕВА-ПАНОВА - Съдия докладчик,
df4d283e-c4b7-4318-98ab-0de41df0af6a,14 април 2026,Определение,189,14.04.2026,ЕКАТЕРИНА ТИХОМИРОВА ГЕОРГИЕВА-ПАНОВА - Съдия докладчик,
df4d283e-c4b7-4318-98ab-0de41df0af6a,03 април 2026,Определение,174,03.04.2026,ЕКАТЕРИНА ТИХОМИРОВА ГЕОРГИЕВА-ПАНОВА - Съдия докладчик,
4c5a2472-1e31-47bc-808f-5050cd5639da,14 септември 2026,Разпореждане,26980,14.09.2026,Татяна Иванова Тодорова - Съдия докладчик,
4c5a2472-1e31-47bc-808f-5050cd5639da,03 септември 2026,Разпореждане,25837,03.09.2026,Татяна Иванова Тодорова - Съдия докладчик,
4c5a2472-1e31-47bc-808f-5050cd5639da,03 септември 2026,Разпореждане,25836,03.09.2026,Татяна Иванова Тодорова - Съдия докладчик,
4c5a2472-1e31-47bc-808f-5050cd5639da,17 април 2026,Заповед за изпълнение,3327,,Татяна Иванова Тодорова - Съдия докладчик,
4c5a2472-1e31-47bc-808f-5050cd5639da,17 април 2026,Разпореждане,11280,17.04.2026,Татяна Иванова Тодорова - Съдия докладчик,
4c5a2472-1e31-47bc-808f-5050cd5639da,06 април 2026,Разпореждане,10199,06.04.2026,Татяна Иванова Тодорова - Съдия докладчик,
e3e7ee88-31fd-49a5-b8e4-730f1eada8d4,29 май 2026,Изпълнителен лист ЗП,1254,29.05.2026,Мария Гецова Димитрова - Съдия докладчик,
e3e7ee88-31fd-49a5-b8e4-730f1eada8d4,28 май 2026,Разпореждане,5093,28.05.2026,Тихомира Георгиева Казасова - Съдия докладчик,
e3e7ee88-31fd-49a5-b8e4-730f1eada8d4,04 април 2026,Заповед за изпълнение,945,,Мария Гецова Димитрова - Съдия докладчик,
e8b52bef-ae56-486c-a157-b0cdb0ff558e,03 април 2026,Заповед за изпълнение,1183,,ВАЛЯ МЛАДЕНОВА - Съдия докладчик,
1aa0f2ff-ae94-486c-877f-7cb6944a1bd9,03 юли 2026,Решение,4144,,Иван Петков - Докладчик,
1aa0f2ff-ae94-486c-877f-7cb6944a1bd9,05 май 2026,Разпореждане,2040,,Иван Петков - Докладчик,
1aa0f2ff-ae94-486c-877f-7cb6944a1bd9,14 април 2026,Разпореждане,1432,,Иван Петков - Докладчик,
1aa0f2ff-ae94-486c-877f-7cb6944a1bd9,03 април 2026,Разпореждане,1292,,Иван Петков - Докладчик,
4238561d-de9c-44ba-b0d9-e3e021963434,07 август 2026,Разпореждане,3280,,Константин Калчев - Докладчик,
4238561d-de9c-44ba-b0d9-e3e021963434,27 юли 2026,Разпореждане,3124,,Константин Калчев - Докладчик,
4238561d-de9c-44ba-b0d9-e3e021963434,09 юни 2026,Решение,2376,,Константин Калчев - Докладчик,
4238561d-de9c-44ba-b0d9-e3e021963434,06 април 2026,Разпореждане,1379,,Константин Калчев - Докладчик,
825c510b-fc9a-4425-b271-addfab4e737e,03 април 2026,Заповед за изпълнение,1105,,Мирослав Руменов Саневски - Съдия докладчик,
3401f3a7-2367-421f-95a3-c98c1ef9217a,18 май 2026,Разпореждане,14574,18.05.2026,ЛОРА РАНГЕЛОВА СТЕФАНОВА - Съдия докладчик,
3401f3a7-2367-421f-95a3-c98c1ef9217a,03 април 2026,Заповед за изпълнение,2883,,ЛОРА РАНГЕЛОВА СТЕФАНОВА - Съдия докладчик,
3401f3a7-2367-421f-95a3-c98c1ef9217a,03 април 2026,Разпореждане,10041,03.04.2026,ЛОРА РАНГЕЛОВА СТЕФАНОВА - Съдия докладчик,
585b51af-2fb5-4d2c-8124-407a3aa1b62f,03 април 2026,Протокол,594,03.04.2026,Христо Ангелов - Съдия докладчик,
585b51af-2fb5-4d2c-8124-407a3aa1b62f,03 април 2026,Разпореждане,994,03.04.2026,Христо Ангелов - Съдия докладчик,
d7e0a4fb-2e3a-4eb9-ab82-eb8ba1acffbd,21 май 2026,Изпълнителен лист ЗП,454,21.05.2026,Иван Илиев Йорданов - Съдия докладчик,
d7e0a4fb-2e3a-4eb9-ab82-eb8ba1acffbd,21 май 2026,Разпореждане,641,21.05.2026,Иван Илиев Йорданов - Съдия докладчик,
d7e0a4fb-2e3a-4eb9-ab82-eb8ba1acffbd,03 април 2026,Заповед за изпълнение,444,21.05.2026,Иван Илиев Йорданов - Съдия докладчик,
bd72989c-7e5a-460f-8740-1a5b4f9231a5,24 август 2026,Определение,2877,,Петина Кръстева Николова - Съдия докладчик,
bd72989c-7e5a-460f-8740-1a5b4f9231a5,09 юли 2026,Разпореждане,7248,09.07.2026,Петина Кръстева Николова - Съдия докладчик,
bd72989c-7e5a-460f-8740-1a5b4f9231a5,03 април 2026,Заповед за изпълнение,1338,,Петина Кръстева Николова - Съдия докладчик,
b29a7507-590f-4e00-8d13-23050c3c5f2e,28 септември 2026,Решение,104,,Златомира Минчева Стефанова - Съдия докладчик,
b29a7507-590f-4e00-8d13-23050c3c5f2e,23 септември 2026,Протокол,258,23.09.2026,Златомира Минчева Стефанова - Съдия докладчик,
b29a7507-590f-4e00-8d13-23050c3c5f2e,09 септември 2026,Разпореждане,1950,09.09.2026,Златомира Минчева Стефанова - Съдия докладчик,
b29a7507-590f-4e00-8d13-23050c3c5f2e,18 август 2026,Определение,403,18.08.2026,Златомира Минчева Стефанова - Съдия докладчик,
b29a7507-590f-4e00-8d13-23050c3c5f2e,23 юли 2026,Разпореждане,1688,23.07.2026,Златомира Минчева Стефанова - Съдия докладчик,
b29a7507-590f-4e00-8d13-23050c3c5f2e,23 юни 2026,Разпореждане,1481,23.06.2026,Златомира Минчева Стефанова - Съдия докладчик,
b29a7507-590f-4e00-8d13-23050c3c5f2e,05 май 2026,Разпореждане,998,05.05.2026,Златомира Минчева Стефанова - Съдия докладчик,
b29a7507-590f-4e00-8d13-23050c3c5f2e,23 април 2026,Определение,168,,Златомира Минчева Стефанова - Съдия докладчик,
b29a7507-590f-4e00-8d13-23050c3c5f2e,23 април 2026,Разпореждане,882,23.04.2026,Златомира Минчева Стефанова - Съдия докладчик,
b29a7507-590f-4e00-8d13-23050c3c5f2e,07 април 2026,Разпореждане,737,07.04.2026,Златомира Минчева Стефанова - Съдия докладчик,
12f550ec-cd71-4456-b97d-3a5e9e843148,21 май 2026,Изпълнителен лист ЗП,86,21.05.2026,Пенка Борисова Йорданова - Съдия докладчик,
12f550ec-cd71-4456-b97d-3a5e9e843148,21 май 2026,Разпореждане,801,11.06.2026,Пенка Борисова Йорданова - Съдия докладчик,
12f550ec-cd71-4456-b97d-3a5e9e843148,03 април 2026,Заповед за изпълнение,112,12.05.2026,Пенка Борисова Йорданова - Съдия докладчик,
44058554-727e-4888-a6bb-a8b6d1b6c2bc,29 април 2026,Решение,88,08.05.2026,ИЛИЯ ТОДОРОВ ИЛИЕВ - Съдия докладчик,
44058554-727e-4888-a6bb-a8b6d1b6c2bc,29 април 2026,Протокол,209,29.04.2026,ИЛИЯ ТОДОРОВ ИЛИЕВ - Съдия докладчик,
44058554-727e-4888-a6bb-a8b6d1b6c2bc,03 април 2026,Разпореждане,64,03.04.2026,ИЛИЯ ТОДОРОВ ИЛИЕВ - Съдия докладчик,
540b814b-2376-4525-ab26-7351e9b49dcb,29 септември 2026,Разпореждане,2270,,Любомир Генов - Докладчик,
540b814b-2376-4525-ab26-7351e9b49dcb,24 юли 2026,Решение,1880,24.07.2026,Любомир Генов - Докладчик,
540b814b-2376-4525-ab26-7351e9b49dcb,09 април 2026,Разпореждане,810,,Любомир Генов - Докладчик,
540b814b-2376-4525-ab26-7351e9b49dcb,03 април 2026,Определение,740,,Любомир Генов - Докладчик,
e8da0303-a01d-4895-b663-f03e18210aa5,16 юли 2026,Изпълнителен лист ЗП,772,16.07.2026,ХРИСТИНА ИВАНОВА СЯРОВА - Съдия докладчик,
e8da0303-a01d-4895-b663-f03e18210aa5,16 юли 2026,Разпореждане,2996,16.07.2026,ХРИСТИНА ИВАНОВА СЯРОВА - Съдия докладчик,
e8da0303-a01d-4895-b663-f03e18210aa5,03 април 2026,Заповед за изпълнение,636,16.07.2026,ЙОХАННА ИВАНОВА АНТОНОВА - Съдия докладчик,
b94a4c59-bcfb-4871-ac6a-710a2f46cad2,18 май 2026,Изпълнителен лист ЗП,237,,ПАВЛИНКА АТАНАСОВА СТОЯНОВА - Съдия докладчик,
b94a4c59-bcfb-4871-ac6a-710a2f46cad2,30 април 2026,Разпореждане,1573,22.05.2026,ПАВЛИНКА АТАНАСОВА СТОЯНОВА - Съдия докладчик,
b94a4c59-bcfb-4871-ac6a-710a2f46cad2,14 април 2026,Заповед за изпълнение,343,16.05.2026,ПАВЛИНКА АТАНАСОВА СТОЯНОВА - Съдия докладчик,
b94a4c59-bcfb-4871-ac6a-710a2f46cad2,14 април 2026,Разпореждане,1256,29.04.2026,ПАВЛИНКА АТАНАСОВА СТОЯНОВА - Съдия докладчик,
b94a4c59-bcfb-4871-ac6a-710a2f46cad2,03 април 2026,Разпореждане,1150,,ПАВЛИНКА АТАНАСОВА СТОЯНОВА - Съдия докладчик,
372d30df-8c04-4ff3-9485-4b09fa0a4659,26 май 2026,Изпълнителен лист ЗП,542,26.05.2026,ХРИСТИНА ИВАНОВА СЯРОВА - Съдия докладчик,
372d30df-8c04-4ff3-9485-4b09fa0a4659,26 май 2026,Разпореждане,2250,26.05.2026,ХРИСТИНА ИВАНОВА СЯРОВА - Съдия докладчик,
372d30df-8c04-4ff3-9485-4b09fa0a4659,03 април 2026,Заповед за изпълнение,646,26.05.2026,ХРИСТИНА ИВАНОВА СЯРОВА - Съдия докладчик,
e3627d6e-2d31-46bf-8218-74ae044279b9,04 април 2026,Заповед за изпълнение,2941,,Стелла Светозарова Моллова - Съдия докладчик,
e3627d6e-2d31-46bf-8218-74ae044279b9,04 април 2026,Разпореждане,10167,04.04.2026,Стелла Светозарова Моллова - Съдия докладчик,
6bf67980-bca3-4f61-8d02-40bbc6252065,11 септември 2026,Изпълнителен лист,43,11.09.2026,,
6bf67980-bca3-4f61-8d02-40bbc6252065,11 септември 2026,Разпореждане,1103,11.09.2026,Марин Митков Чорбаджийски - Съдия докладчик,
6bf67980-bca3-4f61-8d02-40bbc6252065,24 август 2026,Определение,426,11.09.2026,Марин Митков Чорбаджийски - Съдия докладчик,
6bf67980-bca3-4f61-8d02-40bbc6252065,03 август 2026,Определение,401,,Марин Митков Чорбаджийски - Съдия докладчик,
6bf67980-bca3-4f61-8d02-40bbc6252065,19 май 2026,Разпореждане,626,19.05.2026,Марин Митков Чорбаджийски - Съдия докладчик,
6bf67980-bca3-4f61-8d02-40bbc6252065,03 април 2026,Заповед за изпълнение,433,,Марин Митков Чорбаджийски - Съдия докладчик,
5aa3f747-91ea-4d75-9139-7e6ecf6dbf83,29 септември 2026,Решение,279,29.09.2026,Росица Бункова - Съдия докладчик,
5aa3f747-91ea-4d75-9139-7e6ecf6dbf83,14 май 2026,Протокол,498,21.05.2026,Росица Бункова - Съдия докладчик,
5aa3f747-91ea-4d75-9139-7e6ecf6dbf83,13 май 2026,Решение,155,21.05.2026,Росица Бункова - Съдия докладчик,
5aa3f747-91ea-4d75-9139-7e6ecf6dbf83,22 април 2026,Протокол,417,22.04.2026,Росица Бункова - Съдия докладчик,
5aa3f747-91ea-4d75-9139-7e6ecf6dbf83,16 април 2026,Протокол,389,16.04.2026,Росица Бункова - Съдия докладчик,
5aa3f747-91ea-4d75-9139-7e6ecf6dbf83,06 април 2026,Разпореждане,238,06.04.2026,Росица Бункова - Съдия докладчик,
dd100561-402a-47ba-8532-c5c4a6181916,08 юни 2026,Определение,130,01.07.2026,Васка Динкова Халачева - Съдия докладчик,
dd100561-402a-47ba-8532-c5c4a6181916,26 май 2026,Определение,117,,Васка Динкова Халачева - Съдия докладчик,
dd100561-402a-47ba-8532-c5c4a6181916,14 май 2026,Определение,113,14.05.2026,Васка Динкова Халачева - Съдия докладчик,
dd100561-402a-47ba-8532-c5c4a6181916,09 април 2026,Определение,84,09.04.2026,Васка Динкова Халачева - Съдия докладчик,
dd100561-402a-47ba-8532-c5c4a6181916,03 април 2026,Определение,76,,Васка Динкова Халачева - Съдия докладчик,
77beac51-53b7-4aa4-8585-766979c50dd0,06 април 2026,Заповед за изпълнение,463,,Иван Христов Христов - Съдия докладчик,
77beac51-53b7-4aa4-8585-766979c50dd0,06 април 2026,Разпореждане,581,06.04.2026,Иван Христов Христов - Съдия докладчик,
1184eae0-0072-472a-a8bf-02731227df24,16 септември 2026,Разпореждане,4583,,Светла Радева - Съдия докладчик,
1184eae0-0072-472a-a8bf-02731227df24,23 юли 2026,Разпореждане,3483,,Светла Радева - Съдия докладчик,
1184eae0-0072-472a-a8bf-02731227df24,06 април 2026,Заповед за изпълнение,697,09.09.2026,Светла Радева - Съдия докладчик,
b54e623c-a294-4ec2-b37d-25d7debdf5df,22 юни 2026,Определение,2061,,Петранка Бонева Петрова - Съдия докладчик,
b54e623c-a294-4ec2-b37d-25d7debdf5df,27 април 2026,Разпореждане,4231,27.04.2026,Петранка Бонева Петрова - Съдия докладчик,
b54e623c-a294-4ec2-b37d-25d7debdf5df,20 април 2026,Разпореждане,3836,20.04.2026,Петранка Бонева Петрова - Съдия докладчик,
b54e623c-a294-4ec2-b37d-25d7debdf5df,03 април 2026,Заповед за изпълнение,1314,,Петранка Бонева Петрова - Съдия докладчик,
b54e623c-a294-4ec2-b37d-25d7debdf5df,03 април 2026,Разпореждане,3339,03.04.2026,Петранка Бонева Петрова - Съдия докладчик,
d12f6ec5-6d1f-4e15-af5c-4f3817ab2870,08 май 2026,Определение,2258,27.05.2026,Георги Иванов - Докладчик,
d12f6ec5-6d1f-4e15-af5c-4f3817ab2870,09 април 2026,Разпореждане,1390,,Георги Иванов - Докладчик,
e9320fe0-e161-4b80-bcb8-4a401e343cf2,24 август 2026,Изпълнителен лист ЗП,769,24.08.2026,Христина Запрянова Жисова - Съдия докладчик,
e9320fe0-e161-4b80-bcb8-4a401e343cf2,24 август 2026,Разпореждане,4049,,Христина Запрянова Жисова - Съдия докладчик,
e9320fe0-e161-4b80-bcb8-4a401e343cf2,08 юни 2026,Разпореждане,2603,08.06.2026,Христина Запрянова Жисова - Съдия докладчик,
e9320fe0-e161-4b80-bcb8-4a401e343cf2,08 юни 2026,Разпореждане,2598,08.06.2026,Христина Запрянова Жисова - Съдия докладчик,
e9320fe0-e161-4b80-bcb8-4a401e343cf2,17 април 2026,Разпореждане,1596,17.04.2026,Христина Запрянова Жисова - Съдия докладчик,
e9320fe0-e161-4b80-bcb8-4a401e343cf2,03 април 2026,Заповед за изпълнение,287,03.04.2026,Христина Запрянова Жисова - Съдия докладчик,
98e21d7c-8699-441c-b8bc-a25a44e36ec9,06 април 2026,Определение,51,06.04.2026,ВЛАДИМИР ДОБРЕВ СТОЯНОВ - Съдия докладчик,
6636de5d-7f6d-438c-bf64-4204cdf5bb94,10 юни 2026,Разпореждане,5505,10.06.2026,Соня Тодорова Дженкова - Съдия докладчик,
6636de5d-7f6d-438c-bf64-4204cdf5bb94,05 май 2026,Разпореждане,4066,05.05.2026,Деница Божидарова Петкова - Съдия докладчик,
6636de5d-7f6d-438c-bf64-4204cdf5bb94,06 април 2026,Заповед за изпълнение,1282,,Деница Божидарова Петкова - Съдия докладчик,
6eaf6667-3c76-420c-9416-2cfc6db519f4,03 април 2026,Определение,1014,14.04.2026,Иван Режев - Съдия докладчик,
8bc635e8-03bc-4e47-a09d-72f733051c3f,24 юли 2026,Изпълнителен лист ЗП,2040,24.07.2026,Майя Йончева Йончева - Съдия докладчик,
8bc635e8-03bc-4e47-a09d-72f733051c3f,23 юли 2026,Разпореждане,7308,,Майя Йончева Йончева - Съдия докладчик,
8bc635e8-03bc-4e47-a09d-72f733051c3f,03 април 2026,Заповед за изпълнение,931,,Майя Йончева Йончева - Съдия докладчик,
bd62934b-3072-43b7-99ee-6eda12fc5007,26 април 2026,Разпореждане,1188,12.05.2026,Вяра Петракиева - Велинова - Съдия докладчик,
bd62934b-3072-43b7-99ee-6eda12fc5007,03 април 2026,Разпореждане,903,03.04.2026,Вяра Петракиева - Велинова - Съдия докладчик,
ff0f5eb9-28a4-4848-9ec7-3a0e0e9c6604,28 май 2026,Определение,236,,Емил Василев Николаев - Съдия докладчик,
ff0f5eb9-28a4-4848-9ec7-3a0e0e9c6604,14 май 2026,Разпореждане,377,14.05.2026,Емил Василев Николаев - Съдия докладчик,
ff0f5eb9-28a4-4848-9ec7-3a0e0e9c6604,03 април 2026,Заповед за изпълнение,33,,Емил Василев Николаев - Съдия докладчик,
009ed825-e209-448e-9d67-c04ad847f0b7,16 юли 2026,Изпълнителен лист ЗП,1043,16.07.2026,Николинка Лазарова Крумова - Съдия докладчик,
009ed825-e209-448e-9d67-c04ad847f0b7,16 юли 2026,Разпореждане,2591,,Николинка Лазарова Крумова - Съдия докладчик,
009ed825-e209-448e-9d67-c04ad847f0b7,07 април 2026,Заповед за изпълнение,520,,Николинка Лазарова Крумова - Съдия докладчик,
009ed825-e209-448e-9d67-c04ad847f0b7,07 април 2026,Разпореждане,1357,07.04.2026,Николинка Лазарова Крумова - Съдия докладчик,
009ed825-e209-448e-9d67-c04ad847f0b7,07 април 2026,Разпореждане,1356,07.04.2026,Николинка Лазарова Крумова - Съдия докладчик,
1b16cb76-c94e-4922-be35-4853a708b6a6,06 август 2026,Разпореждане,1182,06.08.2026,Дарина Василева Байданова - Съдия докладчик,
1b16cb76-c94e-4922-be35-4853a708b6a6,03 юли 2026,Разпореждане,1075,03.07.2026,Дарина Василева Байданова - Съдия докладчик,
1b16cb76-c94e-4922-be35-4853a708b6a6,30 юни 2026,Заповед за изпълнение,530,,Дарина Василева Байданова - Съдия докладчик,
ce709338-5a37-40a0-856c-a7155d9c29be,02 октомври 2026,Протокол,1725,02.10.2026,Екатерина Мандалиева - Председател Радослав Радев - Съдия докладчик Недялка Свиркова Петкова - Член,
ce709338-5a37-40a0-856c-a7155d9c29be,05 юни 2026,Разпореждане,2358,05.06.2026,Радослав Радев - Съдия докладчик,
ce709338-5a37-40a0-856c-a7155d9c29be,22 май 2026,Протоколно определение,1133,22.05.2026,Екатерина Мандалиева - Председател Радослав Радев - Съдия докладчик Недялка Свиркова Петкова - Член,
ce709338-5a37-40a0-856c-a7155d9c29be,16 април 2026,Разпореждане,1557,16.04.2026,Радослав Радев - Съдия докладчик,
ce709338-5a37-40a0-856c-a7155d9c29be,14 април 2026,Определение,990,14.04.2026,Николинка Цветкова - Съдия докладчик Радослав Георгиев - Член Фаня Рабчева Калчишкова - Член,
970dc794-d032-4996-9575-1359f0cb9b15,12 май 2026,Протоколно определение,2523,28.05.2026,Зорница Николова Тухчиева - Вангелова - Съдия докладчик,
970dc794-d032-4996-9575-1359f0cb9b15,12 май 2026,Протоколно определение,2512,12.05.2026,Зорница Николова Тухчиева - Вангелова - Съдия докладчик,
970dc794-d032-4996-9575-1359f0cb9b15,23 април 2026,Протокол,2224,23.04.2026,Зорница Николова Тухчиева - Вангелова - Съдия докладчик,
970dc794-d032-4996-9575-1359f0cb9b15,06 април 2026,Разпореждане,2083,06.04.2026,Зорница Николова Тухчиева - Вангелова - Съдия докладчик,
ebb11138-0d05-45f4-b625-aa6083051fc7,08 юли 2026,Определение,858,,Павлина Георгиева-Железова - Докладчик,
ebb11138-0d05-45f4-b625-aa6083051fc7,08 юли 2026,Определение,857,,Павлина Георгиева-Железова - Докладчик,
ebb11138-0d05-45f4-b625-aa6083051fc7,22 юни 2026,Разпореждане,792,,Павлина Георгиева-Железова - Докладчик,
ebb11138-0d05-45f4-b625-aa6083051fc7,04 юни 2026,Определение,705,,Павлина Георгиева-Железова - Докладчик,
ebb11138-0d05-45f4-b625-aa6083051fc7,15 април 2026,Разпореждане,487,,Павлина Георгиева-Железова - Докладчик,
94d8fd2a-b869-4fe1-931f-4281be0247d0,03 август 2026,Разпореждане,2812,03.08.2026,Даниел Борисов Христов - Съдия докладчик,
94d8fd2a-b869-4fe1-931f-4281be0247d0,03 април 2026,Заповед за изпълнение,514,,Даниел Борисов Христов - Съдия докладчик,
94d8fd2a-b869-4fe1-931f-4281be0247d0,03 април 2026,Разпореждане,1336,03.04.2026,Даниел Борисов Христов - Съдия докладчик,
fc833ff4-327d-4e89-85c3-2d709c0e7ff8,08 април 2026,Протокол,408,08.04.2026,Радослава Николова Маждракова - Съдия докладчик АННА ИВАНОВА ЩЕРЕВА - Член Донка Янкова Русинова - Член,
fc833ff4-327d-4e89-85c3-2d709c0e7ff8,06 април 2026,Определение,372,06.04.2026,Радослава Николова Маждракова - Съдия докладчик АННА ИВАНОВА ЩЕРЕВА - Член Донка Янкова Русинова - Член,
d589e132-7889-4902-8b80-93a0cddad194,02 октомври 2026,Разпореждане,28882,02.10.2026,НЕДА НЕДЕЛЧЕВА ТАБАНДЖОВА ЗАРКОВА - Съдия докладчик,
d589e132-7889-4902-8b80-93a0cddad194,03 април 2026,Заповед за изпълнение,2886,,НЕДА НЕДЕЛЧЕВА ТАБАНДЖОВА ЗАРКОВА - Съдия докладчик,
d589e132-7889-4902-8b80-93a0cddad194,03 април 2026,Разпореждане,10070,03.04.2026,НЕДА НЕДЕЛЧЕВА ТАБАНДЖОВА ЗАРКОВА - Съдия докладчик,
958d12db-0dca-480f-b12e-1b01d7bec27e,14 май 2026,Изпълнителен лист ЗП,282,14.05.2026,ТОДОР АСЕНОВ - Съдия докладчик,
958d12db-0dca-480f-b12e-1b01d7bec27e,14 май 2026,Разпореждане,878,,ТОДОР АСЕНОВ - Съдия докладчик,
958d12db-0dca-480f-b12e-1b01d7bec27e,03 април 2026,Заповед за изпълнение,294,12.05.2026,ТОДОР АСЕНОВ - Съдия докладчик,
fa7820e8-494f-4503-a58a-2f9e70e1357f,06 април 2026,Изпълнителен лист ЗП,280,06.04.2026,Иван Христов Христов - Съдия докладчик,
fa7820e8-494f-4503-a58a-2f9e70e1357f,06 април 2026,Заповед за изпълнение,462,,Иван Христов Христов - Съдия докладчик,
fa7820e8-494f-4503-a58a-2f9e70e1357f,06 април 2026,Разпореждане,580,06.04.2026,Иван Христов Христов - Съдия докладчик,
4a5d81ca-d3ad-4918-a4ab-1d5814c3ba61,02 октомври 2026,Изпълнителен лист ЗП,1261,02.10.2026,Галя Василева Петрешкова Ставарова - Съдия докладчик,
4a5d81ca-d3ad-4918-a4ab-1d5814c3ba61,03 април 2026,Заповед за изпълнение,507,,Галя Василева Петрешкова Ставарова - Съдия докладчик,
4a5d81ca-d3ad-4918-a4ab-1d5814c3ba61,03 април 2026,Разпореждане,1322,03.04.2026,Галя Василева Петрешкова Ставарова - Съдия докладчик,
a33ae8e8-d572-4f5d-b282-734521c4d275,14 април 2026,Разпореждане,834,,Ивелина Велчева - Докладчик,
a33ae8e8-d572-4f5d-b282-734521c4d275,06 април 2026,Разпореждане,751,,Ивелина Велчева - Докладчик,
9a56f4c1-090b-4689-b395-444e9f63185b,22 май 2026,Решение,2757,22.05.2026,Димитър Узунов - Докладчик Иван Шекерлийски - Председател Николинка Бузова - Член на състава,
9a56f4c1-090b-4689-b395-444e9f63185b,06 април 2026,Разпореждане,1300,,Димитър Узунов - Докладчик,
5c636d72-7ac3-44f4-a9fb-8e45a72d2fa5,26 юни 2026,Изпълнителен лист ЗП,278,26.06.2026,Вяра Петракиева - Велинова - Съдия докладчик,
5c636d72-7ac3-44f4-a9fb-8e45a72d2fa5,26 юни 2026,Разпореждане,1716,,Вяра Петракиева - Велинова - Съдия докладчик,
5c636d72-7ac3-44f4-a9fb-8e45a72d2fa5,11 април 2026,Заповед за изпълнение,221,20.06.2026,Вяра Петракиева - Велинова - Съдия докладчик,
5c636d72-7ac3-44f4-a9fb-8e45a72d2fa5,11 април 2026,Разпореждане,999,29.04.2026,Вяра Петракиева - Велинова - Съдия докладчик,
5c636d72-7ac3-44f4-a9fb-8e45a72d2fa5,03 април 2026,Разпореждане,902,03.04.2026,Вяра Петракиева - Велинова - Съдия докладчик,
4061e939-b64d-4c93-ab3d-f6bfed71265b,21 май 2026,Решение,5943,21.05.2026,Анелия Харитева - Докладчик,
4061e939-b64d-4c93-ab3d-f6bfed71265b,17 април 2026,Разпореждане,4535,,Анелия Харитева - Докладчик,
4061e939-b64d-4c93-ab3d-f6bfed71265b,03 април 2026,Разпореждане,3975,,Милена Несторова – Дичева - Докладчик,
b0fced82-dadc-4a8c-95e0-794828860ac5,18 август 2026,Изпълнителен лист ЗП,435,18.08.2026,РОМАН ТОДОРОВ НИКОЛОВ - Съдия докладчик,
b0fced82-dadc-4a8c-95e0-794828860ac5,11 юни 2026,Разпореждане,827,11.06.2026,РОМАН ТОДОРОВ НИКОЛОВ - Съдия докладчик,
b0fced82-dadc-4a8c-95e0-794828860ac5,04 май 2026,Разпореждане,555,04.05.2026,РОМАН ТОДОРОВ НИКОЛОВ - Съдия докладчик,
b0fced82-dadc-4a8c-95e0-794828860ac5,29 април 2026,Разпореждане,531,29.04.2026,РОМАН ТОДОРОВ НИКОЛОВ - Съдия докладчик,
b0fced82-dadc-4a8c-95e0-794828860ac5,03 април 2026,Заповед за изпълнение,232,,РОМАН ТОДОРОВ НИКОЛОВ - Съдия докладчик,
b0fced82-dadc-4a8c-95e0-794828860ac5,03 април 2026,Разпореждане,449,,РОМАН ТОДОРОВ НИКОЛОВ - Съдия докладчик,
e4fc3b2a-635a-489a-adcd-faf1d1c9221b,12 юни 2026,Разпореждане,2381,22.06.2026,Анна Иванова Кайтазка - Съдия докладчик,
e4fc3b2a-635a-489a-adcd-faf1d1c9221b,03 април 2026,Разпореждане,1272,03.04.2026,Анна Иванова Кайтазка - Съдия докладчик,
f4139768-0e1a-4300-a41c-4f7de36be228,24 април 2026,Определение,152,,Цветомир Цаков Цветанов - Съдия докладчик,
f4139768-0e1a-4300-a41c-4f7de36be228,03 април 2026,Разпореждане,665,03.04.2026,Цветомир Цаков Цветанов - Съдия докладчик,
e4c82f26-3a3f-48cc-8501-798a2ac17620,16 април 2026,Разпореждане,397,01.05.2026,Росица Георгиева Калугерова - Съдия докладчик,
e4c82f26-3a3f-48cc-8501-798a2ac17620,03 април 2026,Разпореждане,321,03.04.2026,Росица Георгиева Калугерова - Съдия докладчик,
df1ad8b5-cb23-447f-bf38-56ebaeb81b6c,06 април 2026,Протокол,243,06.04.2026,Коста Стоянов Стоянов - Съдия докладчик,
10a6f5be-6112-45ca-85e7-c9755f4ac632,09 юни 2026,Определение,2245,09.06.2026,Иван Коев - Съдия докладчик Тони Гетов - Член Ангел Димитров Гагашев - Член,
db9f736b-e667-47d2-a729-ff99a11d1896,07 април 2026,Определение,453,07.04.2026,Павлина Георгиева-Железова - Докладчик Валери Раданов - Член на състава Жанет Борова - Член на състава,
2dbf90e6-1dbf-4c79-a21e-d60a0b1d1c3f,13 май 2026,Изпълнителен лист ЗП,375,13.05.2026,Петър Валентинов Живков - Съдия докладчик,
2dbf90e6-1dbf-4c79-a21e-d60a0b1d1c3f,03 април 2026,Заповед за изпълнение,345,08.05.2026,Петър Валентинов Живков - Съдия докладчик,
ce4b5304-7c2d-4e59-ac04-3bebfc900065,29 май 2026,Изпълнителен лист ЗП,160,29.05.2026,Пламен Георгиев Тодоров - Съдия докладчик,
ce4b5304-7c2d-4e59-ac04-3bebfc900065,03 април 2026,Заповед за изпълнение,69,,Пламен Георгиев Тодоров - Съдия докладчик,
623ccc42-ac53-4ae1-9279-64d54b9c5c74,06 август 2026,Изпълнителен лист ЗП,5314,06.08.2026,Борислава Петрова Борисова-Здравкова - Съдия докладчик,
623ccc42-ac53-4ae1-9279-64d54b9c5c74,06 август 2026,Разпореждане,22924,06.08.2026,Борислава Петрова Борисова-Здравкова - Съдия докладчик,
623ccc42-ac53-4ae1-9279-64d54b9c5c74,06 април 2026,Заповед за изпълнение,2960,,Борислава Петрова Борисова-Здравкова - Съдия докладчик,
623ccc42-ac53-4ae1-9279-64d54b9c5c74,06 април 2026,Разпореждане,10226,06.04.2026,Борислава Петрова Борисова-Здравкова - Съдия докладчик,
882d10b4-16c7-4187-a16a-a9ea0d8071bd,30 юни 2026,Изпълнителен лист ЗП,1315,30.06.2026,Мина Цветанова Павлова - Съдия докладчик,
882d10b4-16c7-4187-a16a-a9ea0d8071bd,18 април 2026,Заповед за изпълнение,1569,12.06.2026,Мина Цветанова Павлова - Съдия докладчик,
882d10b4-16c7-4187-a16a-a9ea0d8071bd,18 април 2026,Разпореждане,1174,,Мина Цветанова Павлова - Съдия докладчик,
882d10b4-16c7-4187-a16a-a9ea0d8071bd,05 април 2026,Разпореждане,1028,05.04.2026,Мина Цветанова Павлова - Съдия докладчик,
d9e2fe65-53e1-4d14-a06c-d25daaa32df1,04 септември 2026,Разпореждане,2689,04.09.2026,Виолета Костадинова Апостолова - Съдия докладчик,
d9e2fe65-53e1-4d14-a06c-d25daaa32df1,28 юни 2026,Разпореждане,1701,28.06.2026,Виолета Костадинова Апостолова - Съдия докладчик,
d9e2fe65-53e1-4d14-a06c-d25daaa32df1,06 април 2026,Заповед за изпълнение,369,07.08.2026,Виолета Костадинова Апостолова - Съдия докладчик,
d9e2fe65-53e1-4d14-a06c-d25daaa32df1,06 април 2026,Разпореждане,924,06.04.2026,Виолета Костадинова Апостолова - Съдия докладчик,
27541e75-71c2-4f25-80ae-625e53dfeb6c,27 април 2026,Определение,275,27.04.2026,Красимир Йорданов Георгиев - Председател Теодора Матева Нейчева - Съдия докладчик Спасена Венелинова Драготинова - Член,
27541e75-71c2-4f25-80ae-625e53dfeb6c,17 април 2026,Разпореждане,448,17.04.2026,Теодора Матева Нейчева - Съдия докладчик,
528cb568-8db9-4791-8c29-4e505f73b98e,15 юли 2026,Изпълнителен лист,1789,15.07.2026,,
528cb568-8db9-4791-8c29-4e505f73b98e,26 май 2026,Решение,687,17.06.2026,Зорница Николова Тухчиева - Вангелова - Съдия докладчик,
528cb568-8db9-4791-8c29-4e505f73b98e,26 май 2026,Протокол,2882,26.05.2026,Зорница Николова Тухчиева - Вангелова - Съдия докладчик,
528cb568-8db9-4791-8c29-4e505f73b98e,06 април 2026,Разпореждане,2078,06.04.2026,Зорница Николова Тухчиева - Вангелова - Съдия докладчик,
53232282-d914-4f24-a3c3-5a312891b448,31 юли 2026,Определение,2049,,Димитър Чардаков - Съдия докладчик,
53232282-d914-4f24-a3c3-5a312891b448,01 юли 2026,Разпореждане,8442,01.07.2026,Димитър Чардаков - Съдия докладчик,
53232282-d914-4f24-a3c3-5a312891b448,26 юни 2026,Определение,1664,,Димитър Чардаков - Съдия докладчик,
53232282-d914-4f24-a3c3-5a312891b448,21 април 2026,Разпореждане,4667,21.04.2026,Димитър Чардаков - Съдия докладчик,
53232282-d914-4f24-a3c3-5a312891b448,03 април 2026,Заповед за изпълнение,631,,Димитър Чардаков - Съдия докладчик,
c9055f63-400f-4ac0-9255-143def7286ce,16 април 2026,Разпореждане,3310,01.05.2026,Надя Георгиева Славова - Съдия докладчик,
c9055f63-400f-4ac0-9255-143def7286ce,04 април 2026,Разпореждане,3019,04.04.2026,Надя Георгиева Славова - Съдия докладчик,
16fdb5c6-fbba-4adc-9410-ff1350fd6837,15 юни 2026,Изпълнителен лист ЗП,282,15.06.2026,Станислав Иванов Цветков - Съдия докладчик,
16fdb5c6-fbba-4adc-9410-ff1350fd6837,15 юни 2026,Разпореждане,1269,15.06.2026,Станислав Иванов Цветков - Съдия докладчик,
16fdb5c6-fbba-4adc-9410-ff1350fd6837,03 април 2026,Заповед за изпълнение,143,08.06.2026,Станислав Иванов Цветков - Съдия докладчик,
16fdb5c6-fbba-4adc-9410-ff1350fd6837,03 април 2026,Разпореждане,574,21.04.2026,Станислав Иванов Цветков - Съдия докладчик,
3f6b3940-41f6-4350-8053-1ce49ddd5919,06 юли 2026,Разпореждане,2399,06.07.2026,Иван Коев - Съдия докладчик,
dd642456-8704-48d2-b6d0-65239946eac2,29 юни 2026,Изпълнителен лист ЗП,697,29.06.2026,Ъшъл Лютфи Ириева - Съдия докладчик,
dd642456-8704-48d2-b6d0-65239946eac2,29 юни 2026,Разпореждане,3120,29.06.2026,Ъшъл Лютфи Ириева - Съдия докладчик,
dd642456-8704-48d2-b6d0-65239946eac2,19 май 2026,Разпореждане,2299,19.05.2026,Ъшъл Лютфи Ириева - Съдия докладчик,
dd642456-8704-48d2-b6d0-65239946eac2,06 април 2026,Заповед за изпълнение,452,,Ъшъл Лютфи Ириева - Съдия докладчик,
85fd2492-a0fb-4698-8257-6fc3e7f702a2,07 април 2026,Определение,460,07.04.2026,Валери Раданов - Докладчик Павлина Георгиева-Железова - Председател Жанет Борова - Член на състава,
f4a37719-ad20-4508-9799-8850c14f61f7,03 април 2026,Заповед за изпълнение,661,,Гергана Любчева Антонова Попова - Съдия докладчик,
cbac7815-b106-4647-a5d8-f956038f4a7c,20 април 2026,Определение,4310,20.04.2026,Красимир Кънчев - Докладчик Тодор Петков - Председател Таня Дамянова - Член на състава,
c28b89a9-8655-439f-92a6-b1c4297bd106,10 юни 2026,Разпореждане,3723,10.06.2026,Таня Илкова - Съдия докладчик,
c28b89a9-8655-439f-92a6-b1c4297bd106,04 юни 2026,Заповед,26,04.06.2026,Таня Илкова - Съдия докладчик,
c28b89a9-8655-439f-92a6-b1c4297bd106,04 юни 2026,Решение,577,,Таня Илкова - Съдия докладчик,
c28b89a9-8655-439f-92a6-b1c4297bd106,28 май 2026,Протокол,1075,28.05.2026,Таня Илкова - Съдия докладчик,
c28b89a9-8655-439f-92a6-b1c4297bd106,03 април 2026,Заповед,19,03.04.2026,Таня Илкова - Съдия докладчик,
c28b89a9-8655-439f-92a6-b1c4297bd106,03 април 2026,Определение,1006,03.04.2026,Таня Илкова - Съдия докладчик,
200886e2-1612-48e0-af70-519107f378c5,29 май 2026,Изпълнителен лист ЗП,206,29.05.2026,Вяра Петракиева - Велинова - Съдия докладчик,
200886e2-1612-48e0-af70-519107f378c5,29 май 2026,Разпореждане,1446,,Вяра Петракиева - Велинова - Съдия докладчик,
200886e2-1612-48e0-af70-519107f378c5,11 април 2026,Заповед за изпълнение,222,19.05.2026,Вяра Петракиева - Велинова - Съдия докладчик,
200886e2-1612-48e0-af70-519107f378c5,11 април 2026,Разпореждане,1000,29.04.2026,Вяра Петракиева - Велинова - Съдия докладчик,
200886e2-1612-48e0-af70-519107f378c5,03 април 2026,Разпореждане,901,03.04.2026,Вяра Петракиева - Велинова - Съдия докладчик,
da039d95-b08f-463f-a3c7-93724091e976,15 май 2026,Разпореждане,2374,,ЙОРДАН ВОДЕНИЧАРОВ - Съдия докладчик,
da039d95-b08f-463f-a3c7-93724091e976,15 май 2026,Изпълнителен лист ЗП,457,15.05.2026,ЙОРДАН ВОДЕНИЧАРОВ - Съдия докладчик,
da039d95-b08f-463f-a3c7-93724091e976,03 април 2026,Заповед за изпълнение,436,12.05.2026,ЙОРДАН ВОДЕНИЧАРОВ - Съдия докладчик,
1cb37a47-4dd5-4cc2-a6f7-02dd4faa72b7,10 септември 2026,Определение,780,24.09.2026,Стоян Иванов Стоянов - Съдия докладчик,
1cb37a47-4dd5-4cc2-a6f7-02dd4faa72b7,20 юли 2026,Разпореждане,2354,20.07.2026,Стоян Иванов Стоянов - Съдия докладчик,
1cb37a47-4dd5-4cc2-a6f7-02dd4faa72b7,03 април 2026,Заповед за изпълнение,254,,Стоян Иванов Стоянов - Съдия докладчик,
6e9876d7-a06d-4118-aa85-4003e38818dd,17 август 2026,Изпълнителен лист ЗП,1397,17.08.2026,АЛЕКСАНДРА НАНОВА - Съдия докладчик,
6e9876d7-a06d-4118-aa85-4003e38818dd,13 август 2026,Разпореждане,4937,13.08.2026,АЛЕКСАНДРА НАНОВА - Съдия докладчик,
6e9876d7-a06d-4118-aa85-4003e38818dd,08 юли 2026,Разпореждане,4111,08.07.2026,АЛЕКСАНДРА НАНОВА - Съдия докладчик,
6e9876d7-a06d-4118-aa85-4003e38818dd,03 април 2026,Заповед за изпълнение,1180,03.08.2026,АЛЕКСАНДРА НАНОВА - Съдия докладчик,
39469976-de52-4628-a37d-efca615e9364,26 май 2026,Изпълнителен лист ЗП,445,26.05.2026,Росен Иванов Балкански - Съдия докладчик,
39469976-de52-4628-a37d-efca615e9364,03 април 2026,Заповед за изпълнение,303,20.05.2026,Росен Иванов Балкански - Съдия докладчик,
19ef4b71-aac6-4c73-b25b-88cb6b72fefd,08 април 2026,Изпълнителен лист,76,08.04.2026,,
19ef4b71-aac6-4c73-b25b-88cb6b72fefd,08 април 2026,Определение,216,22.04.2026,Спасена Венелинова Драготинова - Съдия докладчик,
19ef4b71-aac6-4c73-b25b-88cb6b72fefd,08 април 2026,Протоколно определение,271,08.04.2026,Спасена Венелинова Драготинова - Съдия докладчик,
19ef4b71-aac6-4c73-b25b-88cb6b72fefd,03 април 2026,Разпореждане,393,03.04.2026,Спасена Венелинова Драготинова - Съдия докладчик,
2dc2d6f2-99b6-4063-86ac-cd8d9e4ae234,27 май 2026,Решение,672,27.05.2026,Валери Раданов - Докладчик,
2dc2d6f2-99b6-4063-86ac-cd8d9e4ae234,28 април 2026,Разпореждане,524,,Валери Раданов - Докладчик,
2dc2d6f2-99b6-4063-86ac-cd8d9e4ae234,09 април 2026,Разпореждане,475,,Валери Раданов - Докладчик,
d8e1bb5b-f012-4692-9ed7-d49548450cea,15 април 2026,Протокол,387,15.04.2026,Красимир Аршинков - Съдия докладчик,
d8e1bb5b-f012-4692-9ed7-d49548450cea,15 април 2026,Решение,134,23.04.2026,Красимир Аршинков - Съдия докладчик,
d8e1bb5b-f012-4692-9ed7-d49548450cea,03 април 2026,Разпореждане,234,03.04.2026,Красимир Аршинков - Съдия докладчик,
51c7b264-8a62-4e81-8bc6-9fa12338f8d7,17 май 2026,Разпореждане,1721,17.05.2026,Стефан Кюркчиев - Съдия докладчик,
51059e24-073f-415d-8cc7-257fc6d0e760,18 септември 2026,Разпореждане,11274,18.09.2026,Ненка Цветанкова - Съдия докладчик,
51059e24-073f-415d-8cc7-257fc6d0e760,15 септември 2026,Разпореждане,11150,15.09.2026,Ненка Цветанкова - Съдия докладчик,
51059e24-073f-415d-8cc7-257fc6d0e760,19 август 2026,Разпореждане,10261,19.08.2026,Христо Георгиев - Съдия докладчик,
51059e24-073f-415d-8cc7-257fc6d0e760,10 август 2026,Разпореждане,9897,10.08.2026,Ненка Цветанкова - Съдия докладчик,
51059e24-073f-415d-8cc7-257fc6d0e760,03 юни 2026,Разпореждане,6809,03.06.2026,Ненка Цветанкова - Съдия докладчик,
51059e24-073f-415d-8cc7-257fc6d0e760,06 април 2026,Заповед за изпълнение,649,,Ненка Цветанкова - Съдия докладчик,
45ecf5ba-2e41-4b36-862f-d475e6a75f2b,09 април 2026,Протоколно определение,2008,09.04.2026,Виолета Веселинова Низамова - Съдия докладчик,
45ecf5ba-2e41-4b36-862f-d475e6a75f2b,06 април 2026,Разпореждане,2090,06.04.2026,Виолета Веселинова Низамова - Съдия докладчик,
c9bf9437-4921-4083-832c-55154d0bd016,15 юли 2026,Разпореждане,7466,15.07.2026,Калин Георгиев Колешански - Съдия докладчик,
c9bf9437-4921-4083-832c-55154d0bd016,19 май 2026,Разпореждане,5215,19.05.2026,Калин Георгиев Колешански - Съдия докладчик,
c9bf9437-4921-4083-832c-55154d0bd016,03 април 2026,Заповед за изпълнение,1312,,Калин Георгиев Колешански - Съдия докладчик,
d71479d5-d255-48e2-8315-42fbe8cbb2d0,08 септември 2026,Определение,544,,БЕЛЛА ВЕСЕЛИНОВА ПАНЕВА - Съдия докладчик,
d71479d5-d255-48e2-8315-42fbe8cbb2d0,05 май 2026,Разпореждане,1829,05.05.2026,Белла Веселинова Стоименова - Съдия докладчик,
d71479d5-d255-48e2-8315-42fbe8cbb2d0,06 април 2026,Заповед за изпълнение,426,,Белла Веселинова Стоименова - Съдия докладчик,
d71479d5-d255-48e2-8315-42fbe8cbb2d0,06 април 2026,Разпореждане,1275,06.04.2026,Белла Веселинова Стоименова - Съдия докладчик,
fe867c40-0d72-4d06-88e1-af386987f80e,30 юни 2026,Разпореждане,1386,30.06.2026,Диана Розалинова Хубенова - Съдия докладчик,
fe867c40-0d72-4d06-88e1-af386987f80e,24 април 2026,Разпореждане,750,24.04.2026,Диана Розалинова Хубенова - Съдия докладчик,
fe867c40-0d72-4d06-88e1-af386987f80e,03 април 2026,Заповед за изпълнение,141,,Диана Розалинова Хубенова - Съдия докладчик,
b5ec669e-fd5e-44b0-891a-989c7c154aa8,27 май 2026,Разпореждане,4863,27.05.2026,Албена Петрова Ташкова - Съдия докладчик,
b5ec669e-fd5e-44b0-891a-989c7c154aa8,28 април 2026,Разпореждане,3780,28.04.2026,Албена Петрова Ташкова - Съдия докладчик,
b5ec669e-fd5e-44b0-891a-989c7c154aa8,06 април 2026,Заповед за изпълнение,1291,,Албена Петрова Ташкова - Съдия докладчик,
de5adc43-2661-4a4d-b7f9-0214d09e956f,16 април 2026,Решение,353,16.04.2026,Таня Илкова - Съдия докладчик,
de5adc43-2661-4a4d-b7f9-0214d09e956f,08 април 2026,Протокол,677,08.04.2026,Таня Илкова - Съдия докладчик,
de5adc43-2661-4a4d-b7f9-0214d09e956f,03 април 2026,Разпореждане,2062,03.04.2026,Таня Илкова - Съдия докладчик,
2408b282-8840-403e-ac00-334b121fb7c0,29 май 2026,Решение,6314,29.05.2026,Петър Касабов - Докладчик,
2408b282-8840-403e-ac00-334b121fb7c0,16 април 2026,Определение,4445,,Петър Касабов - Докладчик,
2408b282-8840-403e-ac00-334b121fb7c0,06 април 2026,Разпореждане,4047,,Петър Касабов - Докладчик,
aa1ab49f-d159-42be-9cad-a32a7d313435,03 април 2026,Определение,49,03.04.2026,Станислав Иванов Цветков - Съдия докладчик,
f108e87e-0c89-483d-8c7a-0b5522b6d34e,31 август 2026,Изпълнителен лист ЗП,844,31.08.2026,Валентина Жекова Иванова - Съдия докладчик,
f108e87e-0c89-483d-8c7a-0b5522b6d34e,05 юни 2026,Разпореждане,2558,05.06.2026,Валентина Жекова Иванова - Съдия докладчик,
f108e87e-0c89-483d-8c7a-0b5522b6d34e,03 април 2026,Заповед за изпълнение,286,03.04.2026,Валентина Жекова Иванова - Съдия докладчик,
66dd6d91-cd4d-4b94-b2d0-e0ffdc2ce7b6,06 април 2026,Заповед за изпълнение,174,,ЖИВКО ДЕЛЧЕВ ЯНКОВ - Съдия докладчик,
36fff3ec-200b-47b3-91f3-6c95067f4725,27 юли 2026,Изпълнителен лист ЗП,1648,27.07.2026,Цветан Христов Петков - Съдия докладчик,
36fff3ec-200b-47b3-91f3-6c95067f4725,07 април 2026,Заповед за изпълнение,1417,05.06.2026,Цветан Христов Петков - Съдия докладчик,
c72e4e06-11ad-4e83-967b-dc24da995393,19 юни 2026,Разпореждане,3025,,Христо Тотев Христов - Съдия докладчик,
e658cca8-8c96-4c48-b632-0791ad27133e,17 май 2026,Разпореждане,1720,17.05.2026,Стефан Кюркчиев - Съдия докладчик,
b0652fc9-d7aa-43f4-bfde-786ec35067c0,10 юли 2026,Определение,365,28.07.2026,Иван Манчев Димитров - Съдия докладчик,
b0652fc9-d7aa-43f4-bfde-786ec35067c0,03 юли 2026,Разпореждане,2570,03.07.2026,Иван Манчев Димитров - Съдия докладчик,
b0652fc9-d7aa-43f4-bfde-786ec35067c0,11 май 2026,Разпореждане,1816,11.05.2026,Иван Манчев Димитров - Съдия докладчик,
b0652fc9-d7aa-43f4-bfde-786ec35067c0,03 април 2026,Заповед за изпълнение,530,,Иван Манчев Димитров - Съдия докладчик,
e27b7f0a-e15f-4010-a132-4ec878081a46,26 май 2026,Определение,5650,26.05.2026,Владимир Първанов - Докладчик Диана Гърбатова - Председател Мария Радева - Член на състава,
709bca73-6a04-48b5-b449-488bdfa9b60d,05 юни 2026,Изпълнителен лист ЗП,1534,05.06.2026,Петина Кръстева Николова - Съдия докладчик,
709bca73-6a04-48b5-b449-488bdfa9b60d,05 юни 2026,Разпореждане,5984,05.06.2026,Петина Кръстева Николова - Съдия докладчик,
709bca73-6a04-48b5-b449-488bdfa9b60d,03 април 2026,Заповед за изпълнение,1335,22.05.2026,Петина Кръстева Николова - Съдия докладчик,
0d366af1-f098-4ab6-a219-046bad189ab8,17 май 2026,Разпореждане,1719,17.05.2026,Стефан Кюркчиев - Съдия докладчик,
c37c2399-38f0-4e70-a7eb-f10955c1e55b,01 юни 2026,Изпълнителен лист ЗП,237,01.06.2026,Хрисимир Максимов Пройнов - Съдия докладчик,
c37c2399-38f0-4e70-a7eb-f10955c1e55b,03 април 2026,Заповед за изпълнение,258,28.05.2026,Хрисимир Максимов Пройнов - Съдия докладчик,
ed94f24c-796d-4788-bce4-65e572243e95,03 април 2026,Разпореждане,354,15.04.2026,НИКОЛАЙ БОРИСОВ БОРИСОВ - Съдия докладчик,
8e5c1c31-447c-4984-aa13-4b792247edce,19 май 2026,Изпълнителен лист ЗП,500,19.05.2026,Живко Павлов Георгиев - Съдия докладчик,
8e5c1c31-447c-4984-aa13-4b792247edce,06 април 2026,Заповед за изпълнение,495,15.05.2026,Живко Павлов Георгиев - Съдия докладчик,
f11b5c6f-0f8d-4be6-ab14-ad739a2dd329,03 април 2026,Разпореждане,587,22.04.2026,ИВАНЕТА ЙОРДАНОВА МИТОВА - Съдия докладчик,
7fed6d02-014a-4965-9254-07d00e61c40b,21 май 2026,Протоколно определение,410,21.05.2026,Красимир Йорданов Георгиев - Съдия докладчик,
7fed6d02-014a-4965-9254-07d00e61c40b,24 април 2026,Разпореждане,494,24.04.2026,Красимир Йорданов Георгиев - Съдия докладчик,
31b3383d-cb22-4c2f-9b18-c945a3ac85ee,14 май 2026,Изпълнителен лист ЗП,464,14.05.2026,Стоян Георгиев Хаджиев - Съдия докладчик,
31b3383d-cb22-4c2f-9b18-c945a3ac85ee,03 април 2026,Заповед за изпълнение,395,12.05.2026,Стоян Георгиев Хаджиев - Съдия докладчик,
03949367-151e-4d2c-a8f1-07b88ea868c9,09 април 2026,Протоколно определение,2005,09.04.2026,Виолета Веселинова Низамова - Съдия докладчик,
03949367-151e-4d2c-a8f1-07b88ea868c9,06 април 2026,Разпореждане,2088,06.04.2026,Виолета Веселинова Низамова - Съдия докладчик,
45c3bdd8-f983-4952-8c42-90e9050223b0,16 април 2026,Определение,1492,16.04.2026,Виктор Бисеров Чаушев - Съдия докладчик Емилия Атанасова Колева - Член Михаела Петева Михова - Член,
a291092b-c7df-4107-b260-777b24d2d307,06 април 2026,Определение,938,06.04.2026,Стефка Михова - Съдия докладчик Иван Йорданов - Член Николай Стоянов - Член,
4bdc1a72-b6be-4b3f-a002-b7c27b97e852,08 април 2026,Определение,788,29.04.2026,Иван Цветозаров Иванов - Съдия докладчик,
b6e60adc-f821-4aa1-9c2a-8f9643cfc906,02 юни 2026,Разпореждане,1499,02.06.2026,Милуш Руменов Цветанов - Съдия докладчик,
169b21b5-d31a-404e-8d55-2bd5c37c52d2,09 април 2026,Определение,73,09.04.2026,Деян Георгиев Събев - Съдия докладчик Невена Калинова Калинова - Член Йорданка Георгиева Янкова - Член,
79296d9f-776a-4b37-9768-cb32b7051506,19 май 2026,Изпълнителен лист ЗП,462,19.05.2026,ЯВОР ДАНАИЛОВ - Съдия докладчик,
79296d9f-776a-4b37-9768-cb32b7051506,19 май 2026,Разпореждане,2410,,ЯВОР ДАНАИЛОВ - Съдия докладчик,
79296d9f-776a-4b37-9768-cb32b7051506,03 април 2026,Заповед за изпълнение,425,13.05.2026,ЯВОР ДАНАИЛОВ - Съдия докладчик,
8b105656-1b20-4d06-ba0d-f83103dd035a,11 юни 2026,Изпълнителен лист ЗП,403,11.06.2026,Христина Вълчанова - Съдия докладчик,
8b105656-1b20-4d06-ba0d-f83103dd035a,11 юни 2026,Разпореждане,1166,,Христина Вълчанова - Съдия докладчик,
8b105656-1b20-4d06-ba0d-f83103dd035a,03 април 2026,Заповед за изпълнение,272,09.06.2026,Христина Вълчанова - Съдия докладчик,
81a2f6b7-b1e2-45be-811a-fb8d63550ed1,28 май 2026,Изпълнителен лист ЗП,293,28.05.2026,Цонка Тодорова Миткова - Съдия докладчик,
81a2f6b7-b1e2-45be-811a-fb8d63550ed1,06 април 2026,Заповед за изпълнение,430,23.05.2026,Цонка Тодорова Миткова - Съдия докладчик,
81a2f6b7-b1e2-45be-811a-fb8d63550ed1,06 април 2026,Разпореждане,810,06.04.2026,Цонка Тодорова Миткова - Съдия докладчик,
16cb7df4-f6db-48b7-9e15-4b6dd72eca39,03 април 2026,Определение,128,15.04.2026,Ганчо Манев Драганов - Съдия докладчик,
2c120ecf-7475-4c2e-bee2-abf03c3663f6,19 май 2026,Разпореждане,1778,19.05.2026,Райна Стефанова - Съдия докладчик,
06e85121-b018-4cc4-bb07-414a67190c5c,16 юни 2026,Определение,1124,,Андрей Живков Дечев - Съдия докладчик,
06e85121-b018-4cc4-bb07-414a67190c5c,10 юни 2026,Разпореждане,2978,10.06.2026,Андрей Живков Дечев - Съдия докладчик,
06e85121-b018-4cc4-bb07-414a67190c5c,03 април 2026,Заповед за изпълнение,1240,03.04.2026,Андрей Живков Дечев - Съдия докладчик,
e7fc2586-9453-4d9e-8571-b1da046e4504,24 юни 2026,Решение,7090,24.06.2026,Тодор Петков - Докладчик Красимир Кънчев - Член на състава Светослав Славов - Член на състава,
91124bfb-9138-4c10-b182-85da417614c2,26 май 2026,Изпълнителен лист ЗП,2558,26.05.2026,Иван Валериев Никифорски - Съдия докладчик,
91124bfb-9138-4c10-b182-85da417614c2,26 май 2026,Разпореждане,5790,,Иван Валериев Никифорски - Съдия докладчик,
91124bfb-9138-4c10-b182-85da417614c2,06 април 2026,Заповед за изпълнение,2262,19.05.2026,Иван Валериев Никифорски - Съдия докладчик,
326f639f-1f4b-4147-96a1-6ccdc4c26314,03 април 2026,Разпореждане,1501,05.05.2026,Велемира Денчева Димитрова - Съдия докладчик,
c4f1c1c2-aa75-4767-9200-54afed37ca07,11 юни 2026,Изпълнителен лист ЗП,2936,11.06.2026,Магдалена Бориславова Младенова-Стоева - Съдия докладчик,
c4f1c1c2-aa75-4767-9200-54afed37ca07,11 юни 2026,Разпореждане,6570,11.06.2026,Магдалена Бориславова Младенова-Стоева - Съдия докладчик,
c4f1c1c2-aa75-4767-9200-54afed37ca07,06 април 2026,Заповед за изпълнение,2280,06.06.2026,Магдалена Бориславова Младенова-Стоева - Съдия докладчик,
9013087a-5504-4a20-b919-c537eda6d522,08 юни 2026,Изпълнителен лист ЗП,1553,08.06.2026,Зара Ехия Иванова - Съдия докладчик,
9013087a-5504-4a20-b919-c537eda6d522,05 юни 2026,Разпореждане,6008,05.06.2026,Зара Ехия Иванова - Съдия докладчик,
9013087a-5504-4a20-b919-c537eda6d522,17 април 2026,Разпореждане,3791,17.04.2026,Зара Ехия Иванова - Съдия докладчик,
9013087a-5504-4a20-b919-c537eda6d522,03 април 2026,Заповед за изпълнение,1311,,Зара Ехия Иванова - Съдия докладчик,
a2ae1e7d-fad1-4b84-96d4-bd598a449f4e,15 юли 2026,Решение,334,,Атанаска Стоянова Павлова-Стоименова - Съдия докладчик,
a2ae1e7d-fad1-4b84-96d4-bd598a449f4e,14 юли 2026,Протокол,280,14.07.2026,Атанаска Стоянова Павлова-Стоименова - Съдия докладчик,
a2ae1e7d-fad1-4b84-96d4-bd598a449f4e,17 юни 2026,Протокол,246,17.06.2026,Атанаска Стоянова Павлова-Стоименова - Съдия докладчик,
a2ae1e7d-fad1-4b84-96d4-bd598a449f4e,19 май 2026,Определение,262,19.05.2026,Атанаска Стоянова Павлова-Стоименова - Съдия докладчик,
a2ae1e7d-fad1-4b84-96d4-bd598a449f4e,03 април 2026,Разпореждане,1157,03.04.2026,Атанаска Стоянова Павлова-Стоименова - Съдия докладчик,
f93bae96-6db0-4b86-a17a-9ce68ea3a418,12 май 2026,Разпореждане,207,12.05.2026,Лазар Йорданов Мичев - Съдия докладчик,
f93bae96-6db0-4b86-a17a-9ce68ea3a418,03 април 2026,Разпореждане,129,03.04.2026,Анелия Маринова Йорданова - Съдия докладчик,
a303fa53-7f5b-4534-b953-cfe0a00146bb,19 май 2026,Разпореждане,1777,19.05.2026,Райна Стефанова - Съдия докладчик,
23be9dc5-6c78-46b8-b5a0-b294402481fe,03 април 2026,Определение,152,03.04.2026,Христина Вълчанова - Съдия докладчик,
f96116f6-8f7c-4587-9b68-13b39fc0326e,19 април 2026,Разпореждане,2283,05.05.2026,Иванка Петрова Гоцева - Съдия докладчик,
f96116f6-8f7c-4587-9b68-13b39fc0326e,03 април 2026,Разпореждане,2008,03.04.2026,Иванка Петрова Гоцева - Съдия докладчик,
d74d8738-62a4-4fff-8a4d-1dc22c6f5744,27 май 2026,Изпълнителен лист ЗП,493,27.05.2026,Неделина Минчева - Съдия докладчик,
d74d8738-62a4-4fff-8a4d-1dc22c6f5744,27 май 2026,Разпореждане,3299,,Неделина Минчева - Съдия докладчик,
d74d8738-62a4-4fff-8a4d-1dc22c6f5744,06 април 2026,Заповед за изпълнение,298,17.07.2026,Неделина Минчева - Съдия докладчик,
d74d8738-62a4-4fff-8a4d-1dc22c6f5744,06 април 2026,Разпореждане,2080,06.04.2026,Неделина Минчева - Съдия докладчик,
e396662e-85be-4502-8493-293791c36814,05 август 2026,Изпълнителен лист ЗП,869,05.08.2026,Атанас Василев Димитров - Съдия докладчик,
e396662e-85be-4502-8493-293791c36814,05 август 2026,Разпореждане,3779,,Атанас Василев Димитров - Съдия докладчик,
e396662e-85be-4502-8493-293791c36814,15 юни 2026,Разпореждане,2899,15.06.2026,Атанас Василев Димитров - Съдия докладчик,
e396662e-85be-4502-8493-293791c36814,03 април 2026,Заповед за изпълнение,445,,Атанас Василев Димитров - Съдия докладчик,
73b6e968-df83-4610-a071-00e8480a12dd,03 септември 2026,Разпореждане,3101,03.09.2026,Димитринка Емилова Купринджийска - Съдия докладчик,
73b6e968-df83-4610-a071-00e8480a12dd,07 април 2026,Заповед за изпълнение,528,,Димитринка Емилова Купринджийска - Съдия докладчик,
9c07694a-3f50-4b9e-8e7a-dba4c3186db5,15 април 2026,Разпореждане,1400,23.04.2026,Галина Николова - Съдия докладчик,
9c07694a-3f50-4b9e-8e7a-dba4c3186db5,03 април 2026,Разпореждане,1249,,Галина Николова - Съдия докладчик,
b53e1377-f661-45b7-94b7-23792a2706f6,15 септември 2026,Определение,548,,Васил Александров Тасев - Съдия докладчик,
b53e1377-f661-45b7-94b7-23792a2706f6,19 август 2026,Определение,498,,Васил Александров Тасев - Съдия докладчик,
b53e1377-f661-45b7-94b7-23792a2706f6,10 юли 2026,Изпълнителен лист,1360,10.07.2026,,
b53e1377-f661-45b7-94b7-23792a2706f6,10 юли 2026,Изпълнителен лист,1358,10.07.2026,,
b53e1377-f661-45b7-94b7-23792a2706f6,28 май 2026,Протоколно определение,2983,28.05.2026,Васил Александров Тасев - Съдия докладчик,
b53e1377-f661-45b7-94b7-23792a2706f6,08 април 2026,Разпореждане,2156,08.04.2026,Васил Александров Тасев - Съдия докладчик,
ba65f33d-5fdc-4d2c-8a52-3ac9c873ffed,30 април 2026,Определение,240,06.06.2026,Светослав Неделчев Тодоров - Съдия докладчик,
8b8ecc4d-856f-428d-a669-ad8cd42d1182,14 юли 2026,Протокол,273,14.07.2026,Велина Иванова Ангелова - Съдия докладчик,
8b8ecc4d-856f-428d-a669-ad8cd42d1182,13 май 2026,Протокол,174,13.05.2026,Велина Иванова Ангелова - Съдия докладчик,
8b8ecc4d-856f-428d-a669-ad8cd42d1182,06 април 2026,Определение,184,06.04.2026,Велина Иванова Ангелова - Съдия докладчик,
f377b185-ddec-4ca4-a8aa-62fdb64cc5ff,29 май 2026,Разпореждане,2225,29.05.2026,Иван Анастасов - Член,
f377b185-ddec-4ca4-a8aa-62fdb64cc5ff,07 май 2026,Разпореждане,1875,07.05.2026,Николай Стоянов - Член,
f377b185-ddec-4ca4-a8aa-62fdb64cc5ff,07 април 2026,Определение,949,,Стефка Михова - Председател Иван Йорданов - Съдия докладчик Николай Стоянов - Член,
af8a2994-1183-451a-a386-fe6ab1fbb54d,16 септември 2026,Изпълнителен лист ЗП,898,16.09.2026,Димитър Тодоров Маринов - Съдия докладчик,
af8a2994-1183-451a-a386-fe6ab1fbb54d,16 септември 2026,Разпореждане,2700,,Димитър Тодоров Маринов - Съдия докладчик,
af8a2994-1183-451a-a386-fe6ab1fbb54d,20 юли 2026,Разпореждане,2312,20.07.2026,Георги Тодоров Добрев - Съдия докладчик,
af8a2994-1183-451a-a386-fe6ab1fbb54d,16 април 2026,Заповед за изпълнение,584,05.09.2026,Димитър Тодоров Маринов - Съдия докладчик,
3924effe-cfa5-4694-88a5-62dca163b0e2,24 септември 2026,Разпореждане,11240,,Биляна Росалинова Скорчовска Петкова - Съдия докладчик,
3924effe-cfa5-4694-88a5-62dca163b0e2,24 септември 2026,Изпълнителен лист ЗП,5175,24.09.2026,Биляна Росалинова Скорчовска Петкова - Съдия докладчик,
3924effe-cfa5-4694-88a5-62dca163b0e2,16 юли 2026,Разпореждане,8251,16.07.2026,Биляна Росалинова Скорчовска Петкова - Съдия докладчик,
3924effe-cfa5-4694-88a5-62dca163b0e2,06 април 2026,Заповед за изпълнение,2267,11.09.2026,Биляна Росалинова Скорчовска Петкова - Съдия докладчик,
9b6e9d4d-2c60-433e-b4ee-cfa92fbd03b2,09 юни 2026,Заповед за изпълнение,498,,ДАНИЕЛА ЙОРДАНОВА ИГНАТОВА - Съдия докладчик,
9b6e9d4d-2c60-433e-b4ee-cfa92fbd03b2,03 април 2026,Разпореждане,696,03.04.2026,ДАНИЕЛА ЙОРДАНОВА ИГНАТОВА - Съдия докладчик,
29ed78fd-788f-4d27-83dc-44b2ac07a9de,04 септември 2026,Определение,1620,,Нели Делчева Иванова - Съдия докладчик,
29ed78fd-788f-4d27-83dc-44b2ac07a9de,17 юли 2026,Разпореждане,3406,17.07.2026,Нели Делчева Иванова - Съдия докладчик,
29ed78fd-788f-4d27-83dc-44b2ac07a9de,12 май 2026,Разпореждане,2021,12.05.2026,Нели Делчева Иванова - Съдия докладчик,
29ed78fd-788f-4d27-83dc-44b2ac07a9de,06 април 2026,Заповед за изпълнение,305,06.04.2026,Нели Делчева Иванова - Съдия докладчик,
f9ea14e8-acc5-4d5e-a435-59a04262d7d9,15 юли 2026,Изпълнителен лист ЗП,379,15.07.2026,ВЕСЕЛИН КИРИЛОВ ХАЙДУШКИ - Съдия докладчик,
f9ea14e8-acc5-4d5e-a435-59a04262d7d9,03 април 2026,Заповед за изпълнение,228,,ВЕСЕЛИН КИРИЛОВ ХАЙДУШКИ - Съдия докладчик,
54d0916f-0cc0-4a53-9323-8dccf65209ef,28 май 2026,Разпореждане,124,28.05.2026,Дора Михайлова - Съдия докладчик,
54d0916f-0cc0-4a53-9323-8dccf65209ef,30 април 2026,Разпореждане,101,30.04.2026,Дора Михайлова - Съдия докладчик,
54d0916f-0cc0-4a53-9323-8dccf65209ef,16 април 2026,Определение,1974,16.04.2026,Жива Декова - Председател Дора Михайлова - Съдия докладчик Александър Цонев - Член,
bd118726-ef16-4172-971f-9a5f21415c1d,20 април 2026,Определение,493,29.04.2026,Георги Николов Николов - Докладчик Милка Варнова – Итова - Председател Ваня Стоянова - Член на състава,
bd118726-ef16-4172-971f-9a5f21415c1d,06 април 2026,Разпореждане,769,,Георги Николов Николов - Докладчик,
bd118726-ef16-4172-971f-9a5f21415c1d,06 април 2026,Разпореждане,775,,Георги Николов Николов - Докладчик,
3c90753d-8c6c-4bc6-8f3a-b4d116da0a95,21 септември 2026,Разпореждане,2203,21.09.2026,Васко Петров Петров - Съдия докладчик,
3c90753d-8c6c-4bc6-8f3a-b4d116da0a95,03 април 2026,Заповед за изпълнение,398,,Васко Петров Петров - Съдия докладчик,
443c4a37-6129-4143-9e3c-b1412c874e6f,24 април 2026,Определение,153,,Цветомир Цаков Цветанов - Съдия докладчик,
443c4a37-6129-4143-9e3c-b1412c874e6f,03 април 2026,Разпореждане,661,03.04.2026,Цветомир Цаков Цветанов - Съдия докладчик,
4c27f1c2-83de-4bfe-a28f-cfdc3fb2fdc6,25 август 2026,Разпореждане,6227,25.08.2026,НЕЙКО ГЕОРГИЕВ НЕЙКОВ - Съдия докладчик,
4c27f1c2-83de-4bfe-a28f-cfdc3fb2fdc6,25 август 2026,Изпълнителен лист ЗП,1181,25.08.2026,НЕЙКО ГЕОРГИЕВ НЕЙКОВ - Съдия докладчик,
4c27f1c2-83de-4bfe-a28f-cfdc3fb2fdc6,13 юли 2026,Разпореждане,5019,13.07.2026,НЕЙКО ГЕОРГИЕВ НЕЙКОВ - Съдия докладчик,
4c27f1c2-83de-4bfe-a28f-cfdc3fb2fdc6,13 юли 2026,Разпореждане,5018,13.07.2026,НЕЙКО ГЕОРГИЕВ НЕЙКОВ - Съдия докладчик,
4c27f1c2-83de-4bfe-a28f-cfdc3fb2fdc6,13 юли 2026,Разпореждане,5017,13.07.2026,НЕЙКО ГЕОРГИЕВ НЕЙКОВ - Съдия докладчик,
4c27f1c2-83de-4bfe-a28f-cfdc3fb2fdc6,15 май 2026,Разпореждане,3246,15.05.2026,НЕЙКО ГЕОРГИЕВ НЕЙКОВ - Съдия докладчик,
4c27f1c2-83de-4bfe-a28f-cfdc3fb2fdc6,03 април 2026,Заповед за изпълнение,813,17.08.2026,НЕЙКО ГЕОРГИЕВ НЕЙКОВ - Съдия докладчик,
8e395289-049b-4455-9231-9eaaff6e9200,27 юли 2026,Определение,490,27.07.2026,Живко Павлов Георгиев - Съдия докладчик,
8e395289-049b-4455-9231-9eaaff6e9200,12 юни 2026,Разпореждане,955,12.06.2026,Живко Павлов Георгиев - Съдия докладчик,
8e395289-049b-4455-9231-9eaaff6e9200,06 април 2026,Заповед за изпълнение,494,,Живко Павлов Георгиев - Съдия докладчик,
ef0eb426-257f-4bf8-962f-f8095e553b4c,28 септември 2026,Решение,647,28.09.2026,Николай Младенов - Председател Вилислава Янчева Ангелова - Съдия докладчик РАДИНА КАЛИНОВА КАЛЕВА - Член,
ef0eb426-257f-4bf8-962f-f8095e553b4c,24 юни 2026,Протокол,3663,24.06.2026,Николай Младенов - Председател Вилислава Янчева Ангелова - Съдия докладчик Радина Калинова Калева - Член,
ef0eb426-257f-4bf8-962f-f8095e553b4c,14 май 2026,Определение,1826,14.05.2026,Николай Младенов - Председател Вилислава Янчева Ангелова - Съдия докладчик Виктория Валентинова Грънчарска - Член,
330f9c3e-cc7a-49cf-83d0-71577f24be78,20 август 2026,Изпълнителен лист ЗП,845,20.08.2026,ДЕСИСЛАВА СТАНИМИРОВА МАРИНОВА - Съдия докладчик,
330f9c3e-cc7a-49cf-83d0-71577f24be78,22 юни 2026,Определение,633,,ДЕСИСЛАВА СТАНИМИРОВА МАРИНОВА - Съдия докладчик,
330f9c3e-cc7a-49cf-83d0-71577f24be78,27 май 2026,Разпореждане,2171,,ДЕСИСЛАВА СТАНИМИРОВА МАРИНОВА - Съдия докладчик,
330f9c3e-cc7a-49cf-83d0-71577f24be78,03 април 2026,Заповед за изпълнение,680,22.05.2026,ДЕСИСЛАВА СТАНИМИРОВА МАРИНОВА - Съдия докладчик,
13b1350f-9633-4989-95b4-b19114ae3c74,17 юни 2026,Определение,6671,,Любомира Мотова - Докладчик Румяна Борисова - Председател Светослав Славов - Член на състава,
6a3f60d6-441a-445a-b781-e5d40dda22bb,04 април 2026,Разпореждане,484,04.04.2026,КИРИЛ ХАДЖИТАНЕВ - Съдия докладчик,
770e39d7-e7a9-44b9-aba0-5c7a279f7afb,06 юли 2026,Определение,704,,Жулиета Цонева Стоянова - Съдия докладчик,
770e39d7-e7a9-44b9-aba0-5c7a279f7afb,04 април 2026,Разпореждане,1262,22.04.2026,Жулиета Цонева Стоянова - Съдия докладчик,
223dcf03-dec9-4d29-a17b-ed2b7186590b,09 септември 2026,Разпореждане,5396,09.09.2026,ГАЛЯ ИЛИЕВА - Съдия докладчик,
223dcf03-dec9-4d29-a17b-ed2b7186590b,03 април 2026,Заповед за изпълнение,441,03.04.2026,ГАЛЯ ИЛИЕВА - Съдия докладчик,
6cbdaee7-7985-4433-997b-e5a2cd89dff0,30 септември 2026,Протоколно определение,237,30.09.2026,ДЕНИЦА АНГЕЛОВА ЦВЕТКОВА - Съдия докладчик,
6cbdaee7-7985-4433-997b-e5a2cd89dff0,18 юни 2026,Протоколно определение,171,18.06.2026,ДЕНИЦА АНГЕЛОВА ЦВЕТКОВА - Съдия докладчик,
6cbdaee7-7985-4433-997b-e5a2cd89dff0,29 април 2026,Определение,220,29.04.2026,ДЕНИЦА АНГЕЛОВА ЦВЕТКОВА - Съдия докладчик,
6cbdaee7-7985-4433-997b-e5a2cd89dff0,09 април 2026,Разпореждане,801,09.04.2026,ДЕНИЦА АНГЕЛОВА ЦВЕТКОВА - Съдия докладчик,
03b3b004-01e7-449b-9e12-68528e0aebea,01 септември 2026,Определение,3048,,МАРИНЕЛА КРАСИМИРОВА МАРИНОВА-СТОЕВА - Съдия докладчик,
03b3b004-01e7-449b-9e12-68528e0aebea,25 юни 2026,Разпореждане,18836,25.06.2026,МАРИНЕЛА КРАСИМИРОВА МАРИНОВА-СТОЕВА - Съдия докладчик,
03b3b004-01e7-449b-9e12-68528e0aebea,12 юни 2026,Разпореждане,17461,12.06.2026,МАРИНЕЛА КРАСИМИРОВА МАРИНОВА-СТОЕВА - Съдия докладчик,
03b3b004-01e7-449b-9e12-68528e0aebea,09 април 2026,Разпореждане,10724,09.04.2026,ИГНАТ АСЕНОВ ТИМОФЕЕВ - Съдия докладчик,
03b3b004-01e7-449b-9e12-68528e0aebea,09 април 2026,Заповед за изпълнение,3155,,ИГНАТ АСЕНОВ ТИМОФЕЕВ - Съдия докладчик,
03b3b004-01e7-449b-9e12-68528e0aebea,03 април 2026,Разпореждане,10082,03.04.2026,МАРИНЕЛА КРАСИМИРОВА МАРИНОВА-СТОЕВА - Съдия докладчик,
6890e9eb-ef7e-4fdf-b1eb-2b4bc3b0bab2,09 април 2026,Определение,208,29.04.2026,Спасимир Спасов Здравчев - Съдия докладчик,
2ed4a67a-f945-47fc-8d0d-4b94a87a63a2,10 юли 2026,Определение,303,,Емил Василев Николаев - Съдия докладчик,
2ed4a67a-f945-47fc-8d0d-4b94a87a63a2,12 май 2026,Разпореждане,357,12.05.2026,Емил Василев Николаев - Съдия докладчик,
2ed4a67a-f945-47fc-8d0d-4b94a87a63a2,21 април 2026,Разпореждане,282,21.04.2026,Николай Костадинов Кънчев - Съдия докладчик,
2ed4a67a-f945-47fc-8d0d-4b94a87a63a2,08 април 2026,Разпореждане,218,08.04.2026,Емил Василев Николаев - Съдия докладчик,
2ed4a67a-f945-47fc-8d0d-4b94a87a63a2,07 април 2026,Разпореждане,216,07.04.2026,Емил Василев Николаев - Съдия докладчик,
2ed4a67a-f945-47fc-8d0d-4b94a87a63a2,03 април 2026,Заповед за изпълнение,32,,Емил Василев Николаев - Съдия докладчик,
10693b92-58d5-4692-8e3a-b311ae6d73e5,06 юли 2026,Разпореждане,2400,06.07.2026,Иван Коев - Съдия докладчик,
df54113a-e08a-43aa-9846-10dd18ba8d25,04 август 2026,Изпълнителен лист,2936,04.08.2026,,
df54113a-e08a-43aa-9846-10dd18ba8d25,12 май 2026,Изпълнителен лист,1885,12.05.2026,,
df54113a-e08a-43aa-9846-10dd18ba8d25,28 април 2026,Споразумение,694,28.04.2026,МАРИЯ ХРИСТОВА ШОЙЛЕКОВА МАРИНОВА - Съдия докладчик,
df54113a-e08a-43aa-9846-10dd18ba8d25,28 април 2026,Протокол,8540,28.04.2026,МАРИЯ ХРИСТОВА ШОЙЛЕКОВА МАРИНОВА - Съдия докладчик,
df54113a-e08a-43aa-9846-10dd18ba8d25,06 април 2026,Разпореждане,4537,06.04.2026,МАРИЯ ХРИСТОВА ШОЙЛЕКОВА МАРИНОВА - Съдия докладчик,
8e19ec2e-01d4-4417-956b-00e52dd3fddb,21 май 2026,Изпълнителен лист ЗП,481,21.05.2026,Божидарка Данчова Йосифова - Съдия докладчик,
8e19ec2e-01d4-4417-956b-00e52dd3fddb,21 май 2026,Разпореждане,1986,,Антон Еленков Антов - Съдия докладчик,
8e19ec2e-01d4-4417-956b-00e52dd3fddb,03 април 2026,Заповед за изпълнение,388,15.05.2026,Божидарка Данчова Йосифова - Съдия докладчик,
d7b40548-ed73-4ef5-9703-04e859180633,23 юни 2026,Изпълнителен лист,196,23.06.2026,,
d7b40548-ed73-4ef5-9703-04e859180633,23 юни 2026,Разпореждане,6616,23.06.2026,Надежда Димитрова Кирилова - Съдия докладчик,
d7b40548-ed73-4ef5-9703-04e859180633,01 юни 2026,Изпълнителен лист,165,01.06.2026,,
d7b40548-ed73-4ef5-9703-04e859180633,26 май 2026,Решение,421,26.05.2026,Надежда Димитрова Кирилова - Съдия докладчик,
d7b40548-ed73-4ef5-9703-04e859180633,26 май 2026,Протоколно определение,491,26.05.2026,Надежда Димитрова Кирилова - Съдия докладчик,
d7b40548-ed73-4ef5-9703-04e859180633,21 май 2026,Определение,1715,21.05.2026,Надежда Димитрова Кирилова - Съдия докладчик,
d7b40548-ed73-4ef5-9703-04e859180633,15 май 2026,Протокол,451,15.05.2026,Надежда Димитрова Кирилова - Съдия докладчик,
d7b40548-ed73-4ef5-9703-04e859180633,13 май 2026,Определение,1603,13.05.2026,Надежда Димитрова Кирилова - Съдия докладчик,
d7b40548-ed73-4ef5-9703-04e859180633,04 май 2026,Протокол,411,04.05.2026,Надежда Димитрова Кирилова - Съдия докладчик,
d7b40548-ed73-4ef5-9703-04e859180633,16 април 2026,Определение,1231,16.04.2026,Надежда Димитрова Кирилова - Съдия докладчик,
c128b17f-9b52-42ac-bcd9-bbace9ed0106,28 април 2026,Протоколно определение,563,28.04.2026,Георги Димитров Василев - Съдия докладчик,
c128b17f-9b52-42ac-bcd9-bbace9ed0106,14 април 2026,Протокол,469,14.04.2026,Георги Димитров Василев - Съдия докладчик,
c128b17f-9b52-42ac-bcd9-bbace9ed0106,07 април 2026,Разпореждане,471,07.04.2026,Георги Димитров Василев - Съдия докладчик,
331b0b36-9a1d-4815-adca-bcba435f8c77,04 април 2026,Разпореждане,485,04.04.2026,КИРИЛ ХАДЖИТАНЕВ - Съдия докладчик,
1ca3bcd3-3e02-4fce-b8ce-014b76de8d07,07 април 2026,Протоколно определение,97,07.04.2026,Румяна Панталеева - Съдия докладчик Георги Николов Грънчев - Член Павлина Георгиева Димитрова - Член,
7c8aee46-eedf-455b-b05f-60911cd96bbe,03 април 2026,Заповед за изпълнение,2932,,Явор Петров Джамалов - Съдия докладчик,
7c8aee46-eedf-455b-b05f-60911cd96bbe,03 април 2026,Разпореждане,10066,03.04.2026,Явор Петров Джамалов - Съдия докладчик,
798e0dcf-189e-4525-93b3-d33ce43fc8be,14 август 2026,Разпореждане,1232,14.08.2026,РОМАН ТОДОРОВ НИКОЛОВ - Съдия докладчик,
798e0dcf-189e-4525-93b3-d33ce43fc8be,11 юни 2026,Разпореждане,826,11.06.2026,РОМАН ТОДОРОВ НИКОЛОВ - Съдия докладчик,
798e0dcf-189e-4525-93b3-d33ce43fc8be,29 април 2026,Разпореждане,530,29.04.2026,РОМАН ТОДОРОВ НИКОЛОВ - Съдия докладчик,
798e0dcf-189e-4525-93b3-d33ce43fc8be,03 април 2026,Заповед за изпълнение,229,,РОМАН ТОДОРОВ НИКОЛОВ - Съдия докладчик,
798e0dcf-189e-4525-93b3-d33ce43fc8be,03 април 2026,Разпореждане,448,,РОМАН ТОДОРОВ НИКОЛОВ - Съдия докладчик,
a0d3232f-6e86-4214-951e-0637a5624ffa,07 април 2026,Заповед за изпълнение,1168,,Ели Димитрова Анастасова Мицевска - Съдия докладчик,
1b491eab-6b3f-4757-a1f8-f277a678f53c,29 юли 2026,Изпълнителен лист ЗП,403,29.07.2026,ВЕСЕЛИН КИРИЛОВ ХАЙДУШКИ - Съдия докладчик,
1b491eab-6b3f-4757-a1f8-f277a678f53c,03 април 2026,Заповед за изпълнение,227,,ВЕСЕЛИН КИРИЛОВ ХАЙДУШКИ - Съдия докладчик,
520e9224-b293-439d-b0dc-3ed986342b84,07 април 2026,Протокол,7030,04.04.2026,СТАНИСЛАВ БОРИСЛАВОВ СЕДЕФЧЕВ - Съдия докладчик,
520e9224-b293-439d-b0dc-3ed986342b84,07 април 2026,Разпореждане,4633,07.04.2026,СТАНИСЛАВ БОРИСЛАВОВ СЕДЕФЧЕВ - Съдия докладчик,
c9cd1122-d9b9-42ff-b66c-560302b52f99,06 април 2026,Заповед за изпълнение,407,,Костадин Димитров Попов - Съдия докладчик,
468d3737-36f4-4051-88f2-8f148d829f63,23 юли 2026,Определение,316,19.08.2026,Румен Атанасов Стойнов - Съдия докладчик,
468d3737-36f4-4051-88f2-8f148d829f63,17 юли 2026,Разпореждане,1552,17.07.2026,Румен Атанасов Стойнов - Съдия докладчик,
468d3737-36f4-4051-88f2-8f148d829f63,29 май 2026,Разпореждане,1173,29.05.2026,Румен Атанасов Стойнов - Съдия докладчик,
468d3737-36f4-4051-88f2-8f148d829f63,06 април 2026,Разпореждане,818,06.04.2026,Румен Атанасов Стойнов - Съдия докладчик,
ac18cabf-53a3-4ca4-9efc-bc83b6181a6c,06 април 2026,Разпореждане,4588,06.04.2026,СТАНИСЛАВ БОРИСЛАВОВ СЕДЕФЧЕВ - Съдия докладчик,
c85d24d4-b343-405a-b259-27aa95f8335a,21 април 2026,Определение,1290,,Петранка Бонева Петрова - Съдия докладчик,
c85d24d4-b343-405a-b259-27aa95f8335a,03 април 2026,Определение,1063,03.04.2026,Петранка Бонева Петрова - Съдия докладчик,
9663022d-f107-41a8-a858-bc877ab98bbb,16 април 2026,Определение,240,16.04.2026,Соня Христова Каменова - Председател Красимира Дончева Стоянова - Съдия докладчик Орлин Найденов Летов - Член,
624d1efd-5995-4435-b254-79a953dfdf24,26 юни 2026,Изпълнителен лист ЗП,1106,26.06.2026,Мира Мирчева - Съдия докладчик,
624d1efd-5995-4435-b254-79a953dfdf24,25 юни 2026,Разпореждане,8157,,Мира Мирчева - Съдия докладчик,
624d1efd-5995-4435-b254-79a953dfdf24,03 юни 2026,Разпореждане,6800,03.06.2026,Мира Мирчева - Съдия докладчик,
624d1efd-5995-4435-b254-79a953dfdf24,06 април 2026,Заповед за изпълнение,673,25.06.2026,Мира Мирчева - Съдия докладчик,
a9586597-2237-421d-b823-834085c892a6,29 април 2026,Определение,335,19.05.2026,Георги Тодоров Добрев - Съдия докладчик,
a9586597-2237-421d-b823-834085c892a6,03 април 2026,Разпореждане,1124,03.04.2026,Георги Тодоров Добрев - Съдия докладчик,
34de515b-8ac8-4cd9-8425-dedcf1873567,06 октомври 2026,Изпълнителен лист ЗП,1473,06.10.2026,ЙОВКА БОЙЧЕВА ПУДОВА - Съдия докладчик,
34de515b-8ac8-4cd9-8425-dedcf1873567,05 октомври 2026,Разпореждане,7368,05.10.2026,ЙОВКА БОЙЧЕВА ПУДОВА - Съдия докладчик,
34de515b-8ac8-4cd9-8425-dedcf1873567,05 октомври 2026,Разпореждане,7367,,ЙОВКА БОЙЧЕВА ПУДОВА - Съдия докладчик,
34de515b-8ac8-4cd9-8425-dedcf1873567,15 септември 2026,Разпореждане,6731,15.09.2026,ЙОВКА БОЙЧЕВА ПУДОВА - Съдия докладчик,
34de515b-8ac8-4cd9-8425-dedcf1873567,21 юли 2026,Разпореждане,5341,21.07.2026,ЙОВКА БОЙЧЕВА ПУДОВА - Съдия докладчик,
34de515b-8ac8-4cd9-8425-dedcf1873567,21 юли 2026,Разпореждане,5336,21.07.2026,ЙОВКА БОЙЧЕВА ПУДОВА - Съдия докладчик,
34de515b-8ac8-4cd9-8425-dedcf1873567,28 май 2026,Разпореждане,3531,28.05.2026,ЙОВКА БОЙЧЕВА ПУДОВА - Съдия докладчик,
34de515b-8ac8-4cd9-8425-dedcf1873567,28 май 2026,Разпореждане,3530,28.05.2026,ЙОВКА БОЙЧЕВА ПУДОВА - Съдия докладчик,
34de515b-8ac8-4cd9-8425-dedcf1873567,06 април 2026,Заповед за изпълнение,828,,ЙОВКА БОЙЧЕВА ПУДОВА - Съдия докладчик,
ed64414e-fcbb-43ef-b761-7eab74ad13d8,09 април 2026,Протоколно определение,2006,09.04.2026,Виолета Веселинова Низамова - Съдия докладчик,
ed64414e-fcbb-43ef-b761-7eab74ad13d8,06 април 2026,Разпореждане,2089,06.04.2026,Виолета Веселинова Низамова - Съдия докладчик,
aa2e8c27-d3ab-4099-832e-68c80d202018,05 май 2026,Протоколно определение,9098,21.04.2026,СТАНИСЛАВ БОРИСЛАВОВ СЕДЕФЧЕВ - Съдия докладчик,
aa2e8c27-d3ab-4099-832e-68c80d202018,05 май 2026,Протокол,9087,21.04.2026,СТАНИСЛАВ БОРИСЛАВОВ СЕДЕФЧЕВ - Съдия докладчик,
aa2e8c27-d3ab-4099-832e-68c80d202018,06 април 2026,Разпореждане,4587,06.04.2026,СТАНИСЛАВ БОРИСЛАВОВ СЕДЕФЧЕВ - Съдия докладчик,
72568d85-d2ba-4ff5-a9dd-c0182120b157,03 юни 2026,Изпълнителен лист ЗП,366,03.06.2026,Нанко Събов Маринов - Съдия докладчик,
72568d85-d2ba-4ff5-a9dd-c0182120b157,03 юни 2026,Разпореждане,2201,,Нанко Събов Маринов - Съдия докладчик,
72568d85-d2ba-4ff5-a9dd-c0182120b157,03 април 2026,Заповед за изпълнение,402,,Нанко Събов Маринов - Съдия докладчик,
72568d85-d2ba-4ff5-a9dd-c0182120b157,03 април 2026,Разпореждане,1280,,Нанко Събов Маринов - Съдия докладчик,
62feb617-2602-4ece-9107-a3fe61432149,03 април 2026,Изпълнителен лист ЗП,351,03.04.2026,ЙОХАННА ИВАНОВА АНТОНОВА - Съдия докладчик,
62feb617-2602-4ece-9107-a3fe61432149,03 април 2026,Заповед за изпълнение,635,,ЙОХАННА ИВАНОВА АНТОНОВА - Съдия докладчик,
a8d62830-172b-4db8-9f94-ab9e3083e964,20 май 2026,Решение,875,20.05.2026,Бистра Бойн - Докладчик Снежина Чолакова - Председател Росица Цветкова - Член на състава,
a8d62830-172b-4db8-9f94-ab9e3083e964,06 април 2026,Разпореждане,605,,Бистра Бойн - Докладчик,
5bd40aa0-c3af-4c65-b7fb-9aa4652e1c61,14 април 2026,Определение,984,14.04.2026,Величка Белева - Съдия докладчик Виделина Куршумова - Член Надежда Дзивкова - Член,
201f611a-ba43-42cd-92a3-25ff562750d5,01 юни 2026,Решение,262,,Милуш Руменов Цветанов - Съдия докладчик,
201f611a-ba43-42cd-92a3-25ff562750d5,29 май 2026,Протокол,213,29.05.2026,Милуш Руменов Цветанов - Съдия докладчик,
201f611a-ba43-42cd-92a3-25ff562750d5,20 април 2026,Определение,210,20.04.2026,Милуш Руменов Цветанов - Съдия докладчик,
204bc1a5-b5d7-4951-8915-c9a64bf00961,22 юли 2026,Разпореждане,9286,22.07.2026,Ангел Ташев - Съдия докладчик,
204bc1a5-b5d7-4951-8915-c9a64bf00961,21 юли 2026,Разпореждане,9248,21.07.2026,Ангел Ташев - Съдия докладчик,
204bc1a5-b5d7-4951-8915-c9a64bf00961,09 юни 2026,Разпореждане,7154,09.06.2026,Ангел Ташев - Съдия докладчик,
204bc1a5-b5d7-4951-8915-c9a64bf00961,09 юни 2026,Определение,1495,09.06.2026,Ангел Ташев - Съдия докладчик,
204bc1a5-b5d7-4951-8915-c9a64bf00961,06 април 2026,Изпълнителен лист ЗП,493,06.04.2026,Ангел Ташев - Съдия докладчик,
204bc1a5-b5d7-4951-8915-c9a64bf00961,06 април 2026,Заповед за изпълнение,640,06.04.2026,Ангел Ташев - Съдия докладчик,
2fb6ea73-c578-4255-b42e-0aaf63adb4cf,03 април 2026,Заповед за изпълнение,662,,Пламен Пантев Денев - Съдия докладчик,
6d1e1b6a-a4ed-47cb-8d32-15e55f403193,07 април 2026,Протоколно определение,6956,09.04.2026,МАРИЯ ХРИСТОВА ШОЙЛЕКОВА МАРИНОВА - Съдия докладчик,
6d1e1b6a-a4ed-47cb-8d32-15e55f403193,07 април 2026,Протокол,6954,09.04.2026,МАРИЯ ХРИСТОВА ШОЙЛЕКОВА МАРИНОВА - Съдия докладчик,
6d1e1b6a-a4ed-47cb-8d32-15e55f403193,03 април 2026,Разпореждане,4449,03.04.2026,МАРИЯ ХРИСТОВА ШОЙЛЕКОВА МАРИНОВА - Съдия докладчик,
7a43e299-3301-4bb3-a90c-0cee4a7b42db,29 април 2026,Протоколно определение,360,15.05.2026,Светослав Емилов Петров - Съдия докладчик,
7a43e299-3301-4bb3-a90c-0cee4a7b42db,21 април 2026,Разпореждане,362,21.04.2026,Светослав Емилов Петров - Съдия докладчик,
7c3a4805-3804-4318-9ad3-eac1cc935fb5,31 август 2026,Разпореждане,5172,31.08.2026,КИРИЛ ХАДЖИТАНЕВ - Съдия докладчик,
7c3a4805-3804-4318-9ad3-eac1cc935fb5,19 юни 2026,Определение,1317,,КИРИЛ ХАДЖИТАНЕВ - Съдия докладчик,
7c3a4805-3804-4318-9ad3-eac1cc935fb5,19 юни 2026,Разпореждане,3163,19.06.2026,КИРИЛ ХАДЖИТАНЕВ - Съдия докладчик,
7c3a4805-3804-4318-9ad3-eac1cc935fb5,06 април 2026,Изпълнителен лист ЗП,254,06.04.2026,КИРИЛ ХАДЖИТАНЕВ - Съдия докладчик,
7c3a4805-3804-4318-9ad3-eac1cc935fb5,04 април 2026,Заповед за изпълнение,445,04.04.2026,КИРИЛ ХАДЖИТАНЕВ - Съдия докладчик,
7c3a4805-3804-4318-9ad3-eac1cc935fb5,04 април 2026,Разпореждане,1523,04.04.2026,КИРИЛ ХАДЖИТАНЕВ - Съдия докладчик,
7316a7f3-5260-42f1-b816-9296e23cdfff,15 юни 2026,Определение,321,21.07.2026,Катерина Георгиева Дедова - Съдия докладчик,
7316a7f3-5260-42f1-b816-9296e23cdfff,26 април 2026,Разпореждане,1706,26.04.2026,Катерина Георгиева Дедова - Съдия докладчик,
7316a7f3-5260-42f1-b816-9296e23cdfff,05 април 2026,Заповед за изпълнение,539,,Катерина Георгиева Дедова - Съдия докладчик,
4622a6d3-bc73-4ff4-8d9e-6c9eb83785ca,29 април 2026,Изпълнителен лист ЗП,898,29.04.2026,НАТАЛИЯ ПЕТКОВА ПЕТКОВА - Съдия докладчик,
4622a6d3-bc73-4ff4-8d9e-6c9eb83785ca,15 април 2026,Заповед за изпълнение,1495,15.04.2026,НАТАЛИЯ ПЕТКОВА ПЕТКОВА - Съдия докладчик,
4622a6d3-bc73-4ff4-8d9e-6c9eb83785ca,03 април 2026,Разпореждане,1023,03.04.2026,НАТАЛИЯ ПЕТКОВА ПЕТКОВА - Съдия докладчик,
bbbdcf3e-4392-4700-bd71-94c501533590,17 април 2026,Разпореждане,1341,17.04.2026,Руси Алексиев - Съдия докладчик,
2e00768f-1ec5-4b69-90f4-f542befa1eae,09 април 2026,Споразумение,69,09.04.2026,Мая Андонова Миленкова - Съдия докладчик,
2e00768f-1ec5-4b69-90f4-f542befa1eae,03 април 2026,Разпореждане,320,03.04.2026,Мая Андонова Миленкова - Съдия докладчик,
6be552de-1db9-4f7f-84ae-819bf56b387c,16 април 2026,Определение,1003,16.04.2026,Светлана Изева - Председател Светлана Станева - Съдия докладчик Радостина Стефанова - Член,
fcc14a3f-d1e2-41e7-8f6d-4504d6b0c2ea,19 юни 2026,Изпълнителен лист ЗП,379,19.06.2026,Мария Николаева Петрова - Съдия докладчик,
fcc14a3f-d1e2-41e7-8f6d-4504d6b0c2ea,19 юни 2026,Разпореждане,2001,,Мария Николаева Петрова - Съдия докладчик,
fcc14a3f-d1e2-41e7-8f6d-4504d6b0c2ea,13 май 2026,Заповед за изпълнение,451,05.05.2026,Мария Николаева Петрова - Съдия докладчик,
fcc14a3f-d1e2-41e7-8f6d-4504d6b0c2ea,13 май 2026,Разпореждане,1517,16.06.2026,Мария Николаева Петрова - Съдия докладчик,
fcc14a3f-d1e2-41e7-8f6d-4504d6b0c2ea,14 април 2026,Разпореждане,1076,14.04.2026,Мария Николаева Петрова - Съдия докладчик,
1a6156bc-5e1f-4457-b935-a70d9b6b8c92,14 април 2026,Изпълнителен лист,1501,14.04.2026,,
1a6156bc-5e1f-4457-b935-a70d9b6b8c92,03 април 2026,Протокол,6796,03.04.2026,ХРИСТИНА БОРИСЛАВОВА НИКОЛОВА - Съдия докладчик,
1a6156bc-5e1f-4457-b935-a70d9b6b8c92,03 април 2026,Споразумение,572,03.04.2026,ХРИСТИНА БОРИСЛАВОВА НИКОЛОВА - Съдия докладчик,
1a6156bc-5e1f-4457-b935-a70d9b6b8c92,03 април 2026,Разпореждане,4464,03.04.2026,ХРИСТИНА БОРИСЛАВОВА НИКОЛОВА - Съдия докладчик,
563692e5-8493-496d-a94a-e682d7245973,17 април 2026,Изпълнителен лист ЗП,829,17.04.2026,Недко Цолов Петров - Съдия докладчик,
563692e5-8493-496d-a94a-e682d7245973,03 април 2026,Заповед за изпълнение,1366,03.04.2026,Недко Цолов Петров - Съдия докладчик,
5a367564-e4de-40fc-bfd3-3a42e4caa2bf,09 октомври 2026,Решение,125,,Светослав Емилов Петров - Съдия докладчик,
5a367564-e4de-40fc-bfd3-3a42e4caa2bf,10 септември 2026,Протокол,701,10.09.2026,Светослав Емилов Петров - Съдия докладчик,
5a367564-e4de-40fc-bfd3-3a42e4caa2bf,13 юли 2026,Протокол,598,13.07.2026,Светослав Емилов Петров - Съдия докладчик,
5a367564-e4de-40fc-bfd3-3a42e4caa2bf,19 юни 2026,Протокол,514,19.06.2026,Светослав Емилов Петров - Съдия докладчик,
5a367564-e4de-40fc-bfd3-3a42e4caa2bf,02 юни 2026,Разпореждане,472,02.06.2026,Светослав Емилов Петров - Съдия докладчик,
5a367564-e4de-40fc-bfd3-3a42e4caa2bf,04 май 2026,Разпореждане,387,04.05.2026,Светослав Емилов Петров - Съдия докладчик,
e451dd50-7160-44e5-9d8d-04b8c823f4ad,08 юни 2026,Изпълнителен лист ЗП,395,08.06.2026,Дарина Илиева Попова - Съдия докладчик,
e451dd50-7160-44e5-9d8d-04b8c823f4ad,29 май 2026,Разпореждане,2057,,Дарина Илиева Попова - Съдия докладчик,
e451dd50-7160-44e5-9d8d-04b8c823f4ad,03 април 2026,Заповед за изпълнение,441,22.05.2026,Дарина Илиева Попова - Съдия докладчик,
15ed8b10-e133-4065-989a-d80dc7a66c04,28 септември 2026,Изпълнителен лист ЗП,5253,28.09.2026,Калина Христова Христова - Съдия докладчик,
15ed8b10-e133-4065-989a-d80dc7a66c04,28 септември 2026,Разпореждане,11406,28.09.2026,Калина Христова Христова - Съдия докладчик,
15ed8b10-e133-4065-989a-d80dc7a66c04,21 юни 2026,Разпореждане,6950,21.06.2026,Калина Христова Христова - Съдия докладчик,
15ed8b10-e133-4065-989a-d80dc7a66c04,06 април 2026,Заповед за изпълнение,2311,22.09.2026,Калина Христова Христова - Съдия докладчик,
e066d7d9-b3ca-4dc2-9063-c8e1bbbb8ef3,23 юли 2026,Разпореждане,3157,23.07.2026,МАРИО ДИМИТРОВ СТОЯНОВ - Съдия докладчик,
e066d7d9-b3ca-4dc2-9063-c8e1bbbb8ef3,03 април 2026,Заповед за изпълнение,401,,МАРИО ДИМИТРОВ СТОЯНОВ - Съдия докладчик,
860daef4-96a3-491d-97d9-ed7ff7fb55e1,03 юли 2026,Протоколно определение,568,10.07.2026,Чавдар Андреев Тодоров - Съдия докладчик,
860daef4-96a3-491d-97d9-ed7ff7fb55e1,10 юни 2026,Протокол,487,10.06.2026,Чавдар Андреев Тодоров - Съдия докладчик,
860daef4-96a3-491d-97d9-ed7ff7fb55e1,12 май 2026,Протокол,388,12.05.2026,Чавдар Андреев Тодоров - Съдия докладчик,
860daef4-96a3-491d-97d9-ed7ff7fb55e1,20 април 2026,Разпореждане,353,20.04.2026,Чавдар Андреев Тодоров - Съдия докладчик,
860daef4-96a3-491d-97d9-ed7ff7fb55e1,06 април 2026,Разпореждане,321,06.04.2026,Чавдар Андреев Тодоров - Съдия докладчик,
44248a38-2f2d-4949-be35-17431d4a737c,03 април 2026,Споразумение,31,03.04.2026,Недко Цолов Петров - Съдия докладчик,
44248a38-2f2d-4949-be35-17431d4a737c,03 април 2026,Разпореждане,329,03.04.2026,Недко Цолов Петров - Съдия докладчик,
1e6d165b-2763-419c-b216-1c139d135458,03 юли 2026,Изпълнителен лист ЗП,460,03.07.2026,Петя Николова Гатева - Съдия докладчик,
1e6d165b-2763-419c-b216-1c139d135458,06 април 2026,Заповед за изпълнение,291,02.07.2026,Петя Николова Гатева - Съдия докладчик,
1e6d165b-2763-419c-b216-1c139d135458,06 април 2026,Разпореждане,579,06.04.2026,Петя Николова Гатева - Съдия докладчик,
7ea99d9a-1eef-42bc-bac6-b88c317584ca,05 юни 2026,Определение,769,17.06.2026,Преслава Кръстева Дякова - Съдия докладчик,
7ea99d9a-1eef-42bc-bac6-b88c317584ca,03 април 2026,Разпореждане,2480,03.04.2026,Преслава Кръстева Дякова - Съдия докладчик,
6d101e9b-c64f-44ff-851f-c85ea4023b1c,26 юни 2026,Изпълнителен лист ЗП,1644,26.06.2026,Милена Ганчева Трифонова - Съдия докладчик,
6d101e9b-c64f-44ff-851f-c85ea4023b1c,26 юни 2026,Разпореждане,6292,26.06.2026,Милена Ганчева Трифонова - Съдия докладчик,
6d101e9b-c64f-44ff-851f-c85ea4023b1c,03 април 2026,Заповед за изпълнение,926,,Милена Ганчева Трифонова - Съдия докладчик,
c4c8fe5d-3179-411d-9b7e-06fa575f35fe,20 май 2026,Изпълнителен лист ЗП,452,20.05.2026,Иван Илиев Йорданов - Съдия докладчик,
c4c8fe5d-3179-411d-9b7e-06fa575f35fe,20 май 2026,Разпореждане,633,20.05.2026,Иван Илиев Йорданов - Съдия докладчик,
c4c8fe5d-3179-411d-9b7e-06fa575f35fe,03 април 2026,Заповед за изпълнение,443,20.05.2026,Иван Илиев Йорданов - Съдия докладчик,
f0cc898c-6830-4562-b911-5011501cd993,28 май 2026,Разпореждане,1582,28.05.2026,Марина Трифонова Цветкова - Съдия докладчик,
f0cc898c-6830-4562-b911-5011501cd993,16 април 2026,Заповед за изпълнение,353,,Марина Трифонова Цветкова - Съдия докладчик,
7f2ffd83-d8a3-4e38-add9-d912f4c5d8de,03 април 2026,Определение,586,03.04.2026,Кремена Борисова - Докладчик,
4c66be22-3249-4ce0-9a4d-d2558507733d,08 септември 2026,Изпълнителен лист ЗП,855,08.09.2026,Янко Венциславов Чавеев - Съдия докладчик,
4c66be22-3249-4ce0-9a4d-d2558507733d,04 септември 2026,Разпореждане,3174,,Янко Венциславов Чавеев - Съдия докладчик,
4c66be22-3249-4ce0-9a4d-d2558507733d,10 юни 2026,Заповед за изпълнение,732,24.09.2026,Янко Венциславов Чавеев - Съдия докладчик,
894117dc-ec84-4106-b98f-5a35c1d03d0e,02 октомври 2026,Разпореждане,4196,02.10.2026,Екатерина Мандалиева - Съдия докладчик,
894117dc-ec84-4106-b98f-5a35c1d03d0e,28 септември 2026,Разпореждане,4110,28.09.2026,Екатерина Мандалиева - Съдия докладчик,
894117dc-ec84-4106-b98f-5a35c1d03d0e,03 септември 2026,Разпореждане,3798,,Анна Иванова - Съдия докладчик,
894117dc-ec84-4106-b98f-5a35c1d03d0e,19 юли 2026,Решение,1008,19.07.2026,Анна Иванова - Съдия докладчик Иван Анастасов - Член Емилия Лалева - Член,
894117dc-ec84-4106-b98f-5a35c1d03d0e,26 юни 2026,Протокол,1397,26.06.2026,Анна Иванова - Съдия докладчик Емилия Лалева - Член Иван Анастасов - Член,
894117dc-ec84-4106-b98f-5a35c1d03d0e,07 май 2026,Протокол,970,07.05.2026,Анна Иванова - Съдия докладчик Емилия Лалева - Член Иван Анастасов - Член,
894117dc-ec84-4106-b98f-5a35c1d03d0e,06 април 2026,Разпореждане,1426,06.04.2026,Анна Иванова - Съдия докладчик,
e5a21339-fb6f-4eaf-bf96-737f2b327b13,03 април 2026,Споразумение,30,03.04.2026,Недко Цолов Петров - Съдия докладчик,
e5a21339-fb6f-4eaf-bf96-737f2b327b13,03 април 2026,Разпореждане,328,03.04.2026,Недко Цолов Петров - Съдия докладчик,
a1e30bd6-1c7b-48d5-8b7e-c9f373879889,11 май 2026,Разпореждане,3364,27.05.2026,Тихомир Руменов Рачев - Съдия докладчик,
a1e30bd6-1c7b-48d5-8b7e-c9f373879889,08 април 2026,Разпореждане,2577,08.04.2026,Тихомир Руменов Рачев - Съдия докладчик,
5294963a-39d7-4939-bf03-935583364f09,03 април 2026,Определение,200,03.04.2026,Диана Узунова - Съдия докладчик,
1b9dcd23-7bbb-4ee2-aa00-8572eb054669,05 май 2026,Определение,115,05.05.2026,Янко Димитров Янков - Съдия докладчик Даниела Петрова Костова - Член Светослава Николаева Колева - Член,
1b9dcd23-7bbb-4ee2-aa00-8572eb054669,28 април 2026,Протокол,121,28.04.2026,Янко Димитров Янков - Съдия докладчик Светослава Николаева Колева - Член Даниела Петрова Костова - Член,
1b9dcd23-7bbb-4ee2-aa00-8572eb054669,08 април 2026,Разпореждане,137,08.04.2026,Янко Димитров Янков - Съдия докладчик,
622c6148-e657-449b-8a85-c331a6ddfa4e,13 май 2026,Изпълнителен лист ЗП,457,13.05.2026,Божидарка Данчова Йосифова - Съдия докладчик,
622c6148-e657-449b-8a85-c331a6ddfa4e,13 май 2026,Разпореждане,1852,,Божидарка Данчова Йосифова - Съдия докладчик,
622c6148-e657-449b-8a85-c331a6ddfa4e,03 април 2026,Заповед за изпълнение,387,07.05.2026,Божидарка Данчова Йосифова - Съдия докладчик,
3df459d1-5535-47d4-8a30-4fccb03a8762,03 април 2026,Заповед за изпълнение,1118,,Иван Божиков Димитров - Съдия докладчик,
85083b81-87ae-4f51-8656-3d91b26d6537,09 април 2026,Протоколно определение,1990,09.04.2026,Виолета Веселинова Низамова - Съдия докладчик,
85083b81-87ae-4f51-8656-3d91b26d6537,06 април 2026,Разпореждане,2087,06.04.2026,Виолета Веселинова Низамова - Съдия докладчик,
6d43a905-692a-4ca3-8775-58e2d7390b50,26 май 2026,Изпълнителен лист ЗП,490,26.05.2026,ЕМИЛ БОБЕВ - Съдия докладчик,
6d43a905-692a-4ca3-8775-58e2d7390b50,26 май 2026,Разпореждане,2539,,ЕМИЛ БОБЕВ - Съдия докладчик,
6d43a905-692a-4ca3-8775-58e2d7390b50,03 април 2026,Заповед за изпълнение,432,19.05.2026,ЕМИЛ БОБЕВ - Съдия докладчик,
9b96e215-8a31-4be4-a699-6a1bceefc659,20 август 2026,Определение,1242,,Милка Варнова – Итова - Докладчик,
9b96e215-8a31-4be4-a699-6a1bceefc659,07 април 2026,Разпореждане,794,,Милка Варнова – Итова - Докладчик,
c4fc5acc-e0a9-4428-bd2b-10536bdd8027,19 май 2026,Изпълнителен лист ЗП,432,19.05.2026,Емилия Дишева - Съдия докладчик,
c4fc5acc-e0a9-4428-bd2b-10536bdd8027,19 май 2026,Разпореждане,2598,,Емилия Дишева - Съдия докладчик,
c4fc5acc-e0a9-4428-bd2b-10536bdd8027,03 април 2026,Заповед за изпълнение,517,08.05.2026,Емилия Дишева - Съдия докладчик,
c4fc5acc-e0a9-4428-bd2b-10536bdd8027,03 април 2026,Разпореждане,1978,03.04.2026,Емилия Дишева - Съдия докладчик,
f41ab4bb-68d6-4c3c-b067-ced84edc2345,04 юни 2026,Изпълнителен лист ЗП,589,04.06.2026,Лилия Методиева Ненова - Съдия докладчик,
f41ab4bb-68d6-4c3c-b067-ced84edc2345,04 юни 2026,Разпореждане,2638,,Лилия Методиева Ненова - Съдия докладчик,
f41ab4bb-68d6-4c3c-b067-ced84edc2345,17 май 2026,Разпореждане,2231,17.05.2026,Лилия Методиева Ненова - Съдия докладчик,
f41ab4bb-68d6-4c3c-b067-ced84edc2345,06 април 2026,Заповед за изпълнение,465,,Лилия Методиева Ненова - Съдия докладчик,
d5635d4b-1c05-4a0f-b54e-a0bdf838721c,03 април 2026,Решение,51,03.04.2026,Дияна Димова Петрова - Съдия докладчик,
9cf11b98-bb94-45cc-bc56-c11373a366c8,04 април 2026,Протоколно определение,6823,07.04.2026,ХРИСТИНА БОРИСЛАВОВА НИКОЛОВА - Съдия докладчик,
9cf11b98-bb94-45cc-bc56-c11373a366c8,04 април 2026,Протокол,6821,07.04.2026,ХРИСТИНА БОРИСЛАВОВА НИКОЛОВА - Съдия докладчик,
9cf11b98-bb94-45cc-bc56-c11373a366c8,03 април 2026,Разпореждане,4459,03.04.2026,ХРИСТИНА БОРИСЛАВОВА НИКОЛОВА - Съдия докладчик,
6eaffa02-ac10-4380-894a-42dd7c73102a,24 август 2026,Изпълнителен лист ЗП,478,24.08.2026,Гергана Николаева Божилова - Съдия докладчик,
6eaffa02-ac10-4380-894a-42dd7c73102a,24 август 2026,Разпореждане,1935,,Гергана Николаева Божилова - Съдия докладчик,
6eaffa02-ac10-4380-894a-42dd7c73102a,07 юли 2026,Разпореждане,1486,07.07.2026,Гергана Николаева Божилова - Съдия докладчик,
6eaffa02-ac10-4380-894a-42dd7c73102a,03 април 2026,Заповед за изпълнение,145,17.08.2026,Гергана Николаева Божилова - Съдия докладчик,
b351e869-8a3a-4149-bf20-b83ccf43880c,21 юли 2026,Изпълнителен лист ЗП,897,21.07.2026,Диана Пенчева Петрова Енева - Съдия докладчик,
b351e869-8a3a-4149-bf20-b83ccf43880c,21 юли 2026,Разпореждане,2686,,Диана Пенчева Петрова Енева - Съдия докладчик,
b351e869-8a3a-4149-bf20-b83ccf43880c,03 април 2026,Заповед за изпълнение,514,09.06.2026,Диана Пенчева Петрова Енева - Съдия докладчик,
b1866eed-377a-4512-a8c6-a210063a39aa,05 юни 2026,Изпълнителен лист ЗП,351,05.06.2026,Гергана Кузманова - Съдия докладчик,
b1866eed-377a-4512-a8c6-a210063a39aa,05 юни 2026,Разпореждане,1175,05.06.2026,Гергана Кузманова - Съдия докладчик,
b1866eed-377a-4512-a8c6-a210063a39aa,03 април 2026,Заповед за изпълнение,373,,Славка Кабасанова - Съдия докладчик,
469f7540-cf6f-401e-8783-280797e81b26,13 юли 2026,Изпълнителен лист ЗП,435,13.07.2026,Симеон Горанов Гюров - Съдия докладчик,
469f7540-cf6f-401e-8783-280797e81b26,20 май 2026,Разпореждане,1225,20.05.2026,Симеон Горанов Гюров - Съдия докладчик,
469f7540-cf6f-401e-8783-280797e81b26,20 май 2026,Разпореждане,1221,20.05.2026,Симеон Горанов Гюров - Съдия докладчик,
469f7540-cf6f-401e-8783-280797e81b26,03 април 2026,Заповед за изпълнение,419,,Симеон Горанов Гюров - Съдия докладчик,
d79f9195-98b0-4d73-bf87-157a10afa216,04 август 2026,Изпълнителен лист ЗП,1744,04.08.2026,Петя Димитрова Стоянова - Съдия докладчик,
d79f9195-98b0-4d73-bf87-157a10afa216,06 април 2026,Заповед за изпълнение,1403,30.05.2026,Петя Димитрова Стоянова - Съдия докладчик,
37453c30-e0a7-4920-b5d0-9fb1033a8e98,13 юли 2026,Определение,3803,13.07.2026,Жива Декова - Съдия докладчик Филип Владимиров - Член Александър Цонев - Член,
0cc71e86-b128-4864-b330-0d28ae2c90cc,30 април 2026,Определение,572,30.04.2026,Асен Мингов - Докладчик,
cdf75a80-4d20-4e5e-b341-2c77473b60b9,12 август 2026,Разпореждане,4893,12.08.2026,ЕЛЕОНОРА ФИЛИПОВА - Съдия докладчик,
cdf75a80-4d20-4e5e-b341-2c77473b60b9,03 април 2026,Заповед за изпълнение,1181,,ЕЛЕОНОРА ФИЛИПОВА - Съдия докладчик,
5788d9fb-ce04-4848-b35f-23c2ac3949c9,06 април 2026,Определение,1091,06.04.2026,Николай Господинов - Докладчик,
b7bcaf1d-c29c-4992-a1ff-b228cda9bd7b,03 юни 2026,Изпълнителен лист ЗП,2779,03.06.2026,Неделин Йорданов Захариев - Съдия докладчик,
b7bcaf1d-c29c-4992-a1ff-b228cda9bd7b,01 юни 2026,Разпореждане,6082,01.06.2026,Неделин Йорданов Захариев - Съдия докладчик,
b7bcaf1d-c29c-4992-a1ff-b228cda9bd7b,08 април 2026,Заповед за изпълнение,2404,23.05.2026,Неделин Йорданов Захариев - Съдия докладчик,
74144cfe-1561-4333-bf1b-7f9f050baeb4,02 юни 2026,Изпълнителен лист ЗП,331,02.06.2026,Гергана Кузманова - Съдия докладчик,
74144cfe-1561-4333-bf1b-7f9f050baeb4,02 юни 2026,Разпореждане,1130,02.06.2026,Гергана Кузманова - Съдия докладчик,
74144cfe-1561-4333-bf1b-7f9f050baeb4,06 април 2026,Разпореждане,648,06.04.2026,Гергана Кузманова - Съдия докладчик,
74144cfe-1561-4333-bf1b-7f9f050baeb4,06 април 2026,Заповед за изпълнение,386,,Гергана Кузманова - Съдия докладчик,
cdf3d797-8284-4d70-83fe-5d2a01ce1116,23 юни 2026,Разпореждане,1734,23.06.2026,Георги Манолов Георгиев - Съдия докладчик,
cdf3d797-8284-4d70-83fe-5d2a01ce1116,03 юни 2026,Разпореждане,1630,03.06.2026,Георги Манолов Георгиев - Съдия докладчик,
cdf3d797-8284-4d70-83fe-5d2a01ce1116,15 май 2026,Разпореждане,1535,15.05.2026,Георги Манолов Георгиев - Съдия докладчик,
cdf3d797-8284-4d70-83fe-5d2a01ce1116,06 април 2026,Заповед за изпълнение,234,,Георги Манолов Георгиев - Съдия докладчик,
64ed3601-1b4b-4bf8-a9c4-664c5d08421c,25 юни 2026,Решение,895,25.06.2026,Георги Янев - Докладчик Милка Варнова – Итова - Председател Георги Николов Николов - Член на състава,
64ed3601-1b4b-4bf8-a9c4-664c5d08421c,07 април 2026,Разпореждане,783,,Георги Янев - Докладчик,
5ae61811-bb5b-46d6-9595-d4284bba4e65,29 юли 2026,Разпореждане,2331,29.07.2026,Ана Симеонова Андонова - Съдия докладчик,
5ae61811-bb5b-46d6-9595-d4284bba4e65,20 юли 2026,Изпълнителен лист ЗП,1542,20.07.2026,Ана Симеонова Андонова - Съдия докладчик,
5ae61811-bb5b-46d6-9595-d4284bba4e65,19 юни 2026,Заповед за изпълнение,2502,,Ана Симеонова Андонова - Съдия докладчик,
5ae61811-bb5b-46d6-9595-d4284bba4e65,11 май 2026,Разпореждане,1412,11.05.2026,Ана Симеонова Андонова - Съдия докладчик,
5ae61811-bb5b-46d6-9595-d4284bba4e65,06 април 2026,Заповед за изпълнение,1388,19.05.2026,Ана Симеонова Андонова - Съдия докладчик,
19c1680c-f59d-47bf-a0cd-7f15a3fb44d2,08 април 2026,Протокол,156,,Дияна Димова Петрова - Съдия докладчик,
19c1680c-f59d-47bf-a0cd-7f15a3fb44d2,08 април 2026,Споразумение,23,08.04.2026,Дияна Димова Петрова - Съдия докладчик,
19c1680c-f59d-47bf-a0cd-7f15a3fb44d2,03 април 2026,Разпореждане,194,03.04.2026,Дияна Димова Петрова - Съдия докладчик,
ef5e5c8f-ba24-44d9-ac15-955fd48df10f,09 октомври 2026,Протокол,979,09.10.2026,Рая Димитрова Манолева - Съдия докладчик,
ef5e5c8f-ba24-44d9-ac15-955fd48df10f,13 юли 2026,Протокол,770,13.07.2026,Рая Димитрова Манолева - Съдия докладчик,
ef5e5c8f-ba24-44d9-ac15-955fd48df10f,15 юни 2026,Протоколно определение,629,15.06.2026,Рая Димитрова Манолева - Съдия докладчик,
ef5e5c8f-ba24-44d9-ac15-955fd48df10f,15 юни 2026,Протокол,628,15.06.2026,Рая Димитрова Манолева - Съдия докладчик,
ef5e5c8f-ba24-44d9-ac15-955fd48df10f,28 май 2026,Разпореждане,276,28.05.2026,Рая Димитрова Манолева - Съдия докладчик,
ef5e5c8f-ba24-44d9-ac15-955fd48df10f,12 май 2026,Протокол,489,12.05.2026,Рая Димитрова Манолева - Съдия докладчик,
ef5e5c8f-ba24-44d9-ac15-955fd48df10f,03 април 2026,Разпореждане,166,03.04.2026,Рая Димитрова Манолева - Съдия докладчик,
3033ca80-8df2-4a1c-9717-ed7a532af9da,15 май 2026,Определение,293,15.05.2026,ГАЛИНА РУСКОВА ЗЛАТЕВА - Съдия докладчик,
3033ca80-8df2-4a1c-9717-ed7a532af9da,03 април 2026,Разпореждане,429,03.04.2026,ГАЛИНА РУСКОВА ЗЛАТЕВА - Съдия докладчик,
6ee3892b-e15f-4bb1-9f3f-426fa43051b2,21 май 2026,Определение,519,02.06.2026,Магдалена Атанасова Жбантова Стефанова - Съдия докладчик,
6ee3892b-e15f-4bb1-9f3f-426fa43051b2,08 май 2026,Разпореждане,1217,08.05.2026,Магдалена Атанасова Жбантова Стефанова - Съдия докладчик,
6ee3892b-e15f-4bb1-9f3f-426fa43051b2,06 април 2026,Заповед за изпълнение,404,,Магдалена Атанасова Жбантова Стефанова - Съдия докладчик,
9a9da1ce-a5e3-4931-b3b0-a2c828b03cc1,09 юли 2026,Разпореждане,4931,09.07.2026,КЕТИ МИХОВА КОСЕВА - Съдия докладчик,
9a9da1ce-a5e3-4931-b3b0-a2c828b03cc1,26 юни 2026,Разпореждане,4519,26.06.2026,КЕТИ МИХОВА КОСЕВА - Съдия докладчик,
9a9da1ce-a5e3-4931-b3b0-a2c828b03cc1,16 юни 2026,Разпореждане,4260,16.06.2026,КЕТИ МИХОВА КОСЕВА - Съдия докладчик,
9a9da1ce-a5e3-4931-b3b0-a2c828b03cc1,23 април 2026,Заповед за изпълнение,937,,КЕТИ МИХОВА КОСЕВА - Съдия докладчик,
9a9da1ce-a5e3-4931-b3b0-a2c828b03cc1,07 април 2026,Разпореждане,2195,07.04.2026,КЕТИ МИХОВА КОСЕВА - Съдия докладчик,
89077acf-e059-481f-9942-0db73d63b44a,29 юли 2026,Разпореждане,2217,29.07.2026,Гергана Точева Стоянова Денчева - Съдия докладчик,
89077acf-e059-481f-9942-0db73d63b44a,08 юни 2026,Разпореждане,1509,08.06.2026,Гергана Точева Стоянова Денчева - Съдия докладчик,
89077acf-e059-481f-9942-0db73d63b44a,03 април 2026,Заповед за изпълнение,184,,Гергана Точева Стоянова Денчева - Съдия докладчик,
5aff3a06-335b-4a73-aa0e-416acce57b24,20 април 2026,Разпореждане,1700,,Атанас Василев Димитров - Съдия докладчик,
5aff3a06-335b-4a73-aa0e-416acce57b24,03 април 2026,Разпореждане,1501,03.04.2026,Атанас Василев Димитров - Съдия докладчик,
dd696066-89a0-44e3-987c-7493ab70009a,15 май 2026,Определение,294,15.05.2026,ГАЛИНА РУСКОВА ЗЛАТЕВА - Съдия докладчик,
dd696066-89a0-44e3-987c-7493ab70009a,03 април 2026,Разпореждане,430,03.04.2026,ГАЛИНА РУСКОВА ЗЛАТЕВА - Съдия докладчик,
d045e6c1-e5d7-458e-bbb1-d858ebaf372c,29 юни 2026,Изпълнителен лист ЗП,689,29.06.2026,Антония Тонева - Съдия докладчик,
d045e6c1-e5d7-458e-bbb1-d858ebaf372c,29 юни 2026,Разпореждане,4341,,Антония Тонева - Съдия докладчик,
d045e6c1-e5d7-458e-bbb1-d858ebaf372c,22 юни 2026,Разпореждане,4106,22.06.2026,Антония Тонева - Съдия докладчик,
d045e6c1-e5d7-458e-bbb1-d858ebaf372c,28 май 2026,Разпореждане,3360,28.05.2026,Антония Тонева - Съдия докладчик,
d045e6c1-e5d7-458e-bbb1-d858ebaf372c,28 май 2026,Разпореждане,3359,28.05.2026,Антония Тонева - Съдия докладчик,
d045e6c1-e5d7-458e-bbb1-d858ebaf372c,06 април 2026,Заповед за изпълнение,294,,Антония Тонева - Съдия докладчик,
d045e6c1-e5d7-458e-bbb1-d858ebaf372c,06 април 2026,Разпореждане,2077,,Антония Тонева - Съдия докладчик,
a1ee9b2d-83e0-4b6e-bcc6-8e1d41815ac5,19 май 2026,Разпореждане,1155,,Асен Мингов - Докладчик,
a1ee9b2d-83e0-4b6e-bcc6-8e1d41815ac5,24 април 2026,Разпореждане,940,,Асен Мингов - Докладчик,
a1ee9b2d-83e0-4b6e-bcc6-8e1d41815ac5,08 април 2026,Разпореждане,799,,Асен Мингов - Докладчик,
ab351124-4d6b-4f47-8c3b-91aad770b56e,18 септември 2026,Протокол,5271,18.09.2026,Виолета Веселинова Низамова - Съдия докладчик,
ab351124-4d6b-4f47-8c3b-91aad770b56e,17 юли 2026,Протокол,4289,17.07.2026,Виолета Веселинова Низамова - Съдия докладчик,
ab351124-4d6b-4f47-8c3b-91aad770b56e,28 май 2026,Протокол,2974,28.05.2026,Виолета Веселинова Низамова - Съдия докладчик,
ab351124-4d6b-4f47-8c3b-91aad770b56e,09 април 2026,Разпореждане,2185,09.04.2026,Виолета Веселинова Низамова - Съдия докладчик,
4dd05c68-c11c-4bb0-930d-fbee79fd70c2,01 юли 2026,Разпореждане,2184,,Виолета Николова - Докладчик,
4dd05c68-c11c-4bb0-930d-fbee79fd70c2,25 юни 2026,Разпореждане,2095,,Виолета Николова - Докладчик,
4dd05c68-c11c-4bb0-930d-fbee79fd70c2,19 юни 2026,Решение,2034,19.06.2026,Виолета Николова - Докладчик,
4dd05c68-c11c-4bb0-930d-fbee79fd70c2,22 май 2026,Определение,1659,,Виолета Николова - Докладчик,
4dd05c68-c11c-4bb0-930d-fbee79fd70c2,11 май 2026,Определение,1502,,Виолета Николова - Докладчик,
4dd05c68-c11c-4bb0-930d-fbee79fd70c2,07 май 2026,Разпореждане,1482,,Виолета Николова - Докладчик,
4dd05c68-c11c-4bb0-930d-fbee79fd70c2,23 април 2026,Разпореждане,1325,,Виолета Николова - Докладчик,
4dd05c68-c11c-4bb0-930d-fbee79fd70c2,23 април 2026,Разпореждане,1317,,Виолета Николова - Докладчик,
4dd05c68-c11c-4bb0-930d-fbee79fd70c2,03 април 2026,Разпореждане,1075,,Виолета Николова - Докладчик,
7a61f73c-b514-47b0-916b-27c0a9a4918d,06 април 2026,Изпълнителен лист ЗП,102,06.04.2026,ПЕТЪР СИМЕОНОВ ПЕТРОВ - Съдия докладчик,
7a61f73c-b514-47b0-916b-27c0a9a4918d,03 април 2026,Заповед за изпълнение,75,,ПЕТЪР СИМЕОНОВ ПЕТРОВ - Съдия докладчик,
dea8146b-539b-4165-acd0-823d0d24e24a,03 април 2026,Разпореждане,1326,03.04.2026,Жаклин Георгиева Димитрова Алексиева - Съдия докладчик,
baf1fbd6-87c4-4270-902d-fc1b184a3da2,11 юни 2026,Заповед за изпълнение,2058,,КАЛИН ИВАНОВ - Съдия докладчик,
baf1fbd6-87c4-4270-902d-fc1b184a3da2,03 април 2026,Разпореждане,1728,03.04.2026,КАЛИН ИВАНОВ - Съдия докладчик,
6993b780-4279-43be-98f2-09d9fb5a3b77,02 юни 2026,Изпълнителен лист ЗП,88,02.06.2026,Стойка Илиева Янева - Съдия докладчик,
6993b780-4279-43be-98f2-09d9fb5a3b77,01 юни 2026,Разпореждане,718,,Стойка Илиева Янева - Съдия докладчик,
6993b780-4279-43be-98f2-09d9fb5a3b77,06 април 2026,Заповед за изпълнение,6,29.05.2026,Стойка Илиева Янева - Съдия докладчик,
ac5f4c14-6bdb-4826-bd7f-a455ee400151,29 юни 2026,Изпълнителен лист ЗП,696,29.06.2026,Ъшъл Лютфи Ириева - Съдия докладчик,
ac5f4c14-6bdb-4826-bd7f-a455ee400151,29 юни 2026,Разпореждане,3119,29.06.2026,Ъшъл Лютфи Ириева - Съдия докладчик,
ac5f4c14-6bdb-4826-bd7f-a455ee400151,30 април 2026,Заповед за изпълнение,629,,Ъшъл Лютфи Ириева - Съдия докладчик,
ac5f4c14-6bdb-4826-bd7f-a455ee400151,08 април 2026,Разпореждане,1550,08.04.2026,Ъшъл Лютфи Ириева - Съдия докладчик,
ac5f4c14-6bdb-4826-bd7f-a455ee400151,06 април 2026,Разпореждане,1507,06.04.2026,Ъшъл Лютфи Ириева - Съдия докладчик,
681f8053-e9bb-4714-a606-2ac077df8609,15 юли 2026,Изпълнителен лист,185,15.07.2026,,
681f8053-e9bb-4714-a606-2ac077df8609,08 юни 2026,Решение,164,02.07.2026,АСЕН ТОТЕВ РАДЕВ - Съдия докладчик,
681f8053-e9bb-4714-a606-2ac077df8609,20 май 2026,Протокол,222,20.05.2026,АСЕН ТОТЕВ РАДЕВ - Съдия докладчик,
681f8053-e9bb-4714-a606-2ac077df8609,04 май 2026,Определение,362,04.05.2026,АСЕН ТОТЕВ РАДЕВ - Съдия докладчик,
681f8053-e9bb-4714-a606-2ac077df8609,06 април 2026,Разпореждане,533,06.04.2026,АСЕН ТОТЕВ РАДЕВ - Съдия докладчик,
5c203846-a66c-4c02-a05d-d5a217f04636,08 април 2026,Определение,193,08.04.2026,Трайчо Георгиев Атанасов - Председател Ерна Якова-Павлова - Съдия докладчик Мая Веселинова Нанкинска - Член,
15f7f7e9-0da1-4a3d-8e52-6dcd19e82b76,20 май 2026,Разпореждане,4610,20.05.2026,Соня Тодорова Дженкова - Съдия докладчик,
15f7f7e9-0da1-4a3d-8e52-6dcd19e82b76,06 април 2026,Заповед за изпълнение,1285,,Соня Тодорова Дженкова - Съдия докладчик,
c7b15228-8761-4cf0-9873-442e0212094d,30 септември 2026,Разпореждане,28690,,Иванина Игнатова Иванова - Съдия докладчик,
c7b15228-8761-4cf0-9873-442e0212094d,21 юли 2026,Разпореждане,21460,21.07.2026,Иванина Игнатова Иванова - Съдия докладчик,
c7b15228-8761-4cf0-9873-442e0212094d,12 май 2026,Разпореждане,13872,12.05.2026,Иванина Игнатова Иванова - Съдия докладчик,
c7b15228-8761-4cf0-9873-442e0212094d,05 май 2026,Разпореждане,13172,05.05.2026,Иванина Игнатова Иванова - Съдия докладчик,
c7b15228-8761-4cf0-9873-442e0212094d,03 април 2026,Заповед за изпълнение,2923,,Иванина Игнатова Иванова - Съдия докладчик,
c7b15228-8761-4cf0-9873-442e0212094d,03 април 2026,Разпореждане,10140,03.04.2026,Иванина Игнатова Иванова - Съдия докладчик,
cc527260-e949-445d-939d-2a541974bfe1,16 септември 2026,Разпореждане,3724,16.09.2026,ИВЕТА ПАВЛОВА ТАКОВА - Съдия докладчик,
cc527260-e949-445d-939d-2a541974bfe1,26 август 2026,Разпореждане,3370,26.08.2026,ИВЕТА ПАВЛОВА ТАКОВА - Съдия докладчик,
cc527260-e949-445d-939d-2a541974bfe1,23 юли 2026,Изпълнителен лист ЗП,436,23.07.2026,ИВЕТА ПАВЛОВА ТАКОВА - Съдия докладчик,
cc527260-e949-445d-939d-2a541974bfe1,22 юли 2026,Определение,440,22.07.2026,ИВЕТА ПАВЛОВА ТАКОВА - Съдия докладчик,
cc527260-e949-445d-939d-2a541974bfe1,02 юни 2026,Разпореждане,2176,02.06.2026,ИВЕТА ПАВЛОВА ТАКОВА - Съдия докладчик,
cc527260-e949-445d-939d-2a541974bfe1,08 май 2026,Разпореждане,1850,08.05.2026,ИВЕТА ПАВЛОВА ТАКОВА - Съдия докладчик,
cc527260-e949-445d-939d-2a541974bfe1,08 май 2026,Разпореждане,1849,08.05.2026,ИВЕТА ПАВЛОВА ТАКОВА - Съдия докладчик,
cc527260-e949-445d-939d-2a541974bfe1,28 април 2026,Разпореждане,1659,28.04.2026,ИВЕТА ПАВЛОВА ТАКОВА - Съдия докладчик,
cc527260-e949-445d-939d-2a541974bfe1,28 април 2026,Разпореждане,1658,28.04.2026,ИВЕТА ПАВЛОВА ТАКОВА - Съдия докладчик,
cc527260-e949-445d-939d-2a541974bfe1,06 април 2026,Разпореждане,1273,06.04.2026,ИВЕТА ПАВЛОВА ТАКОВА - Съдия докладчик,
25c64bf4-136b-47ff-89a0-8720d5edfdc2,24 септември 2026,Разпореждане,12179,,Дарина Рачева - Докладчик,
25c64bf4-136b-47ff-89a0-8720d5edfdc2,10 юли 2026,Решение,9131,10.07.2026,Дарина Рачева - Докладчик,
25c64bf4-136b-47ff-89a0-8720d5edfdc2,16 април 2026,Разпореждане,4661,,Дарина Рачева - Докладчик,
25c64bf4-136b-47ff-89a0-8720d5edfdc2,09 април 2026,Определение,4470,,Дарина Рачева - Докладчик,
25c64bf4-136b-47ff-89a0-8720d5edfdc2,03 април 2026,Разпореждане,4242,,Дарина Рачева - Докладчик,
e3011ac3-5109-493e-b311-cf8c2553a027,10 август 2026,Изпълнителен лист ЗП,292,10.08.2026,СЛАВЧО АСЕНОВ ДИМИТРОВ - Съдия докладчик,
e3011ac3-5109-493e-b311-cf8c2553a027,07 август 2026,Определение,345,,СЛАВЧО АСЕНОВ ДИМИТРОВ - Съдия докладчик,
e3011ac3-5109-493e-b311-cf8c2553a027,09 юни 2026,Разпореждане,793,09.06.2026,СЛАВЧО АСЕНОВ ДИМИТРОВ - Съдия докладчик,
e3011ac3-5109-493e-b311-cf8c2553a027,29 май 2026,Разпореждане,732,29.05.2026,СЛАВЧО АСЕНОВ ДИМИТРОВ - Съдия докладчик,
e3011ac3-5109-493e-b311-cf8c2553a027,18 май 2026,Разпореждане,696,18.05.2026,СЛАВЧО АСЕНОВ ДИМИТРОВ - Съдия докладчик,
e3011ac3-5109-493e-b311-cf8c2553a027,13 май 2026,Разпореждане,683,13.05.2026,СЛАВЧО АСЕНОВ ДИМИТРОВ - Съдия докладчик,
e3011ac3-5109-493e-b311-cf8c2553a027,27 април 2026,Разпореждане,634,04.08.2026,СЛАВЧО АСЕНОВ ДИМИТРОВ - Съдия докладчик,
e3011ac3-5109-493e-b311-cf8c2553a027,03 април 2026,Заповед за изпълнение,133,04.08.2026,СЛАВЧО АСЕНОВ ДИМИТРОВ - Съдия докладчик,
3f0b375a-80df-4bcc-bb8c-5c51f0224167,09 април 2026,Протокол,99,09.04.2026,Янко Димитров Янков - Председател Георги Николов Грънчев - Съдия докладчик Павлина Георгиева Димитрова - Член,
3f0b375a-80df-4bcc-bb8c-5c51f0224167,09 април 2026,Решение,49,09.04.2026,Янко Димитров Янков - Председател Георги Николов Грънчев - Съдия докладчик Павлина Георгиева Димитрова - Член,
3f0b375a-80df-4bcc-bb8c-5c51f0224167,06 април 2026,Определение,82,06.04.2026,Янко Димитров Янков - Председател Георги Николов Грънчев - Съдия докладчик Павлина Георгиева Димитрова - Член,
accdfb7c-a1ab-4b70-bf53-76628b99f42b,25 септември 2026,Определение,1948,,Албена Стефанова - Докладчик,
accdfb7c-a1ab-4b70-bf53-76628b99f42b,08 септември 2026,Разпореждане,1815,,Албена Стефанова - Докладчик,
accdfb7c-a1ab-4b70-bf53-76628b99f42b,08 септември 2026,Разпореждане,1814,,Албена Стефанова - Докладчик,
49dd38d0-219a-440b-b559-f967c924a297,15 април 2026,Определение,104,,Дияна Иванова Дамянова Цанкова - Съдия докладчик,
49dd38d0-219a-440b-b559-f967c924a297,04 април 2026,Разпореждане,773,04.04.2026,Дияна Иванова Дамянова Цанкова - Съдия докладчик,
eaf42f7e-a8fb-4729-856c-a72a63c80e22,03 април 2026,Определение,992,,Валентина Жекова Кърпичева Цинцарска - Съдия докладчик,
9443dd0e-9c18-41a2-a5f8-20b8aa34452a,08 юни 2026,Определение,21073,06.07.2026,ЦВЕТОМИЛА ДАНОВА - Съдия докладчик,
9443dd0e-9c18-41a2-a5f8-20b8aa34452a,03 април 2026,Разпореждане,43284,03.04.2026,ЦВЕТОМИЛА ДАНОВА - Съдия докладчик,
02db7da5-ecf7-423c-82f9-3c5f0a9876b9,21 май 2026,Разпореждане,2937,21.05.2026,ВАЛЯ МЛАДЕНОВА - Съдия докладчик,
02db7da5-ecf7-423c-82f9-3c5f0a9876b9,11 май 2026,Разпореждане,2519,11.05.2026,ВАЛЯ МЛАДЕНОВА - Съдия докладчик,
02db7da5-ecf7-423c-82f9-3c5f0a9876b9,03 април 2026,Заповед за изпълнение,1182,,ВАЛЯ МЛАДЕНОВА - Съдия докладчик,
f3048466-665d-461f-9bb4-dad9d27b81f4,03 април 2026,Решение,313,03.04.2026,Иван Режев - Съдия докладчик,
8c3e56a4-d0ba-4a5f-aee4-618679d13808,06 април 2026,Определение,4020,06.04.2026,Йордан Русев - Докладчик,
2f82b806-a8f9-4f94-917d-2c26817afb66,20 юли 2026,Изпълнителен лист ЗП,193,20.07.2026,Никола Петров Римпопов - Съдия докладчик,
2f82b806-a8f9-4f94-917d-2c26817afb66,20 юли 2026,Разпореждане,1315,20.07.2026,Никола Петров Римпопов - Съдия докладчик,
2f82b806-a8f9-4f94-917d-2c26817afb66,14 юни 2026,Разпореждане,1012,14.06.2026,Никола Петров Римпопов - Съдия докладчик,
2f82b806-a8f9-4f94-917d-2c26817afb66,13 май 2026,Разпореждане,744,13.05.2026,Никола Петров Римпопов - Съдия докладчик,
2f82b806-a8f9-4f94-917d-2c26817afb66,03 април 2026,Заповед за изпълнение,116,09.07.2026,Никола Петров Римпопов - Съдия докладчик,
c50f4389-1e3f-459f-adaf-f52207dee46e,07 април 2026,Изпълнителен лист ЗП,1610,07.04.2026,Емил Кръстев Ангелов - Съдия докладчик,
c50f4389-1e3f-459f-adaf-f52207dee46e,07 април 2026,Заповед за изпълнение,2328,,Емил Кръстев Ангелов - Съдия докладчик,
2a308634-c7b2-4404-b8a5-98dbdf515621,15 април 2026,Изпълнителен лист ЗП,162,15.04.2026,Райна Русева - Съдия докладчик,
2a308634-c7b2-4404-b8a5-98dbdf515621,15 април 2026,Заповед за изпълнение,407,,Райна Русева - Съдия докладчик,
ced086ef-5ebb-4214-a823-226aa08ea3e7,13 май 2026,Определение,843,28.05.2026,Диана Димитрова Пашова - Съдия докладчик,
ced086ef-5ebb-4214-a823-226aa08ea3e7,02 май 2026,Разпореждане,1851,02.05.2026,Диана Димитрова Пашова - Съдия докладчик,
ced086ef-5ebb-4214-a823-226aa08ea3e7,03 април 2026,Заповед за изпълнение,289,03.04.2026,Диана Димитрова Пашова - Съдия докладчик,
9057c5f4-9f96-433a-8077-d9109bae5b74,08 април 2026,Протокол,409,08.04.2026,Радослава Николова Маждракова - Съдия докладчик,
9057c5f4-9f96-433a-8077-d9109bae5b74,06 април 2026,Определение,373,14.04.2026,Радослава Николова Маждракова - Съдия докладчик,
9057c5f4-9f96-433a-8077-d9109bae5b74,03 април 2026,Разпореждане,310,03.04.2026,Радослава Николова Маждракова - Съдия докладчик,
b7727d3c-bc64-4878-8247-c729e3c19886,20 май 2026,Определение,2652,20.05.2026,Жива Декова - Председател Филип Владимиров - Съдия докладчик Александър Цонев - Член,
957852bf-a41e-4564-8cf5-d95c25dcd1f4,16 юни 2026,Решение,47,07.07.2026,Минчо Танев Танев - Съдия докладчик,
957852bf-a41e-4564-8cf5-d95c25dcd1f4,02 юни 2026,Протокол,204,02.06.2026,Минчо Танев Танев - Съдия докладчик,
957852bf-a41e-4564-8cf5-d95c25dcd1f4,30 април 2026,Протокол,161,30.04.2026,Минчо Танев Танев - Съдия докладчик,
957852bf-a41e-4564-8cf5-d95c25dcd1f4,03 април 2026,Разпореждане,134,03.04.2026,Минчо Танев Танев - Съдия докладчик,
a8824d3b-24ac-40fb-877e-bb212753acd0,03 април 2026,Определение,13253,,СВЕТЛАНА ЙОРДАНОВА БЪЧЕВА - Съдия докладчик,
ad3943b6-82f2-4652-af33-d1fef94bcb5c,03 април 2026,Изпълнителен лист ЗП,712,03.04.2026,Елена Иванова Балджиева - Съдия докладчик,
ad3943b6-82f2-4652-af33-d1fef94bcb5c,03 април 2026,Заповед за изпълнение,913,,Елена Иванова Балджиева - Съдия докладчик,
edeb8217-89de-45e3-a2e5-84634671609c,20 април 2026,Определение,13,20.04.2026,Любомир Гайдов - Докладчик,
7e6e09e2-fe7c-43f8-959b-6dd47db59d9a,06 април 2026,Изпълнителен лист ЗП,88,06.04.2026,ИРЕНА ВАСИЛЕВА РАБАДЖИЕВА - Съдия докладчик,
7e6e09e2-fe7c-43f8-959b-6dd47db59d9a,06 април 2026,Заповед за изпълнение,113,,ИРЕНА ВАСИЛЕВА РАБАДЖИЕВА - Съдия докладчик,
6af46e78-e340-40cb-9305-d61225a39286,19 юни 2026,Решение,791,14.08.2026,Николинка Цветкова - Съдия докладчик Радослав Георгиев - Член Фаня Рабчева Калчишкова - Член,
6af46e78-e340-40cb-9305-d61225a39286,21 май 2026,Протокол,1110,21.05.2026,Николинка Цветкова - Съдия докладчик Радослав Георгиев - Член Фаня Рабчева Калчишкова - Член,
6af46e78-e340-40cb-9305-d61225a39286,06 април 2026,Разпореждане,1437,06.04.2026,Николинка Цветкова - Съдия докладчик,
7b485ae4-2c9f-49e1-bad2-c8019c6464c5,27 април 2026,Определение,782,,Виолета Кожухарова - Докладчик,
7b485ae4-2c9f-49e1-bad2-c8019c6464c5,20 април 2026,Определение,711,,Виолета Кожухарова - Докладчик,
7b485ae4-2c9f-49e1-bad2-c8019c6464c5,06 април 2026,Разпореждане,594,,Виолета Кожухарова - Докладчик,
ec486ee8-8dd1-4c51-8b26-66dc7612ddc2,22 май 2026,Изпълнителен лист ЗП,806,22.05.2026,ИСКРЕН БОРИСОВ - Съдия докладчик,
ec486ee8-8dd1-4c51-8b26-66dc7612ddc2,22 май 2026,Разпореждане,2948,,ИСКРЕН БОРИСОВ - Съдия докладчик,
ec486ee8-8dd1-4c51-8b26-66dc7612ddc2,06 април 2026,Заповед за изпълнение,1210,15.05.2026,ИСКРЕН БОРИСОВ - Съдия докладчик,
5dd7b68b-caee-4a62-b2a4-609a427c9cbd,03 април 2026,Разпореждане,938,03.04.2026,Христина Христова Ангелова - Съдия докладчик,
d2a3e0dc-cd10-43d3-ae44-5283bfc81ad7,10 юни 2026,Определение,258,10.06.2026,Цветомир Цаков Цветанов - Съдия докладчик,
d2a3e0dc-cd10-43d3-ae44-5283bfc81ad7,06 април 2026,Заповед за изпълнение,304,,Цветомир Цаков Цветанов - Съдия докладчик,
d2a3e0dc-cd10-43d3-ae44-5283bfc81ad7,06 април 2026,Разпореждане,682,06.04.2026,Цветомир Цаков Цветанов - Съдия докладчик,
d2a3e0dc-cd10-43d3-ae44-5283bfc81ad7,03 април 2026,Разпореждане,662,03.04.2026,Цветомир Цаков Цветанов - Съдия докладчик,
5d928c91-e699-4ac7-aa80-166a68b8742d,03 април 2026,Изпълнителен лист ЗП,256,03.04.2026,Славка Бисерова Гемишева - Съдия докладчик,
5d928c91-e699-4ac7-aa80-166a68b8742d,03 април 2026,Заповед за изпълнение,358,,Славка Бисерова Гемишева - Съдия докладчик,
5d928c91-e699-4ac7-aa80-166a68b8742d,03 април 2026,Разпореждане,619,03.04.2026,Славка Бисерова Гемишева - Съдия докладчик,
8c497938-0c52-4a3b-9713-84283b9a7f14,22 май 2026,Изпълнителен лист ЗП,451,22.05.2026,РУМЕНА ФОТИ - Съдия докладчик,
8c497938-0c52-4a3b-9713-84283b9a7f14,20 май 2026,Разпореждане,1655,,РУМЕНА ФОТИ - Съдия докладчик,
8c497938-0c52-4a3b-9713-84283b9a7f14,03 април 2026,Заповед за изпълнение,337,09.05.2026,РУМЕНА ФОТИ - Съдия докладчик,
2e2b1a48-63d6-44e1-9c39-7176ee9ede8a,03 април 2026,Разпореждане,777,03.04.2026,Елена Иванова Балджиева - Съдия докладчик,
c1552e86-e973-42bc-b9e5-5bbdce2e63dc,09 април 2026,Заповед за изпълнение,3133,,Ивайло Юлианов Колев - Съдия докладчик,
c1552e86-e973-42bc-b9e5-5bbdce2e63dc,09 април 2026,Разпореждане,10640,09.04.2026,Ивайло Юлианов Колев - Съдия докладчик,
c1552e86-e973-42bc-b9e5-5bbdce2e63dc,06 април 2026,Разпореждане,10180,06.04.2026,Ивайло Юлианов Колев - Съдия докладчик,
7d557143-d1b1-4df0-ae14-6fc262ac5f10,20 август 2026,Определение,176,20.08.2026,ЖИВКО ДЕЛЧЕВ ЯНКОВ - Съдия докладчик,
7d557143-d1b1-4df0-ae14-6fc262ac5f10,06 април 2026,Разпореждане,43,,ЖИВКО ДЕЛЧЕВ ЯНКОВ - Съдия докладчик,
557715dd-902b-461b-b4d8-a720a8c228c5,03 април 2026,Заповед за изпълнение,1372,,Илияна Цветкова Тодорова Аловска - Съдия докладчик,
e5cf79b7-15c7-4dfc-a72a-181d6c8fc7f5,20 август 2026,Разпореждане,3263,20.08.2026,ХРИСТИНА ИВАНОВА СЯРОВА - Съдия докладчик,
e5cf79b7-15c7-4dfc-a72a-181d6c8fc7f5,12 юни 2026,Разпореждане,2603,12.06.2026,ХРИСТИНА ИВАНОВА СЯРОВА - Съдия докладчик,
e5cf79b7-15c7-4dfc-a72a-181d6c8fc7f5,09 юни 2026,Разпореждане,2528,09.06.2026,ХРИСТИНА ИВАНОВА СЯРОВА - Съдия докладчик,
e5cf79b7-15c7-4dfc-a72a-181d6c8fc7f5,03 април 2026,Заповед за изпълнение,647,,ХРИСТИНА ИВАНОВА СЯРОВА - Съдия докладчик,
273ec921-980b-4d25-b430-0c2b58242f4b,03 април 2026,Разпореждане,937,03.04.2026,Христина Христова Ангелова - Съдия докладчик,
222c0102-8ec7-4fcd-8262-01812b98177d,07 април 2026,Изпълнителен лист ЗП,501,07.04.2026,Елица Юлиянова Орманова - Съдия докладчик,
222c0102-8ec7-4fcd-8262-01812b98177d,07 април 2026,Заповед за изпълнение,746,07.04.2026,Елица Юлиянова Орманова - Съдия докладчик,
eaacd121-332e-43ac-91ab-0ae31939289e,08 юли 2026,Решение,8957,08.07.2026,Мария Иванова-Даскалова - Докладчик Наталия Дичева - Член на състава Виолета Кожухарова - Член на състава,
eaacd121-332e-43ac-91ab-0ae31939289e,11 май 2026,Разпореждане,5861,,Мария Иванова-Даскалова - Докладчик,
eaacd121-332e-43ac-91ab-0ae31939289e,07 април 2026,Разпореждане,4341,,Мария Иванова-Даскалова - Докладчик,
cca52792-39a8-4b12-ab12-58ef5a5792b5,03 април 2026,Определение,1008,,Иван Режев - Съдия докладчик,
650093e6-1021-4503-a564-a8121e756c5d,06 април 2026,Разпореждане,4553,06.04.2026,ВЕСЕЛИНА ИВАНОВА НЯГОЛОВА - Съдия докладчик,
dc95f1d0-8722-4cf2-8582-b1fb67c959a2,03 април 2026,Изпълнителен лист ЗП,202,03.04.2026,Динко Минчев Динков - Съдия докладчик,
dc95f1d0-8722-4cf2-8582-b1fb67c959a2,03 април 2026,Заповед за изпълнение,362,,Динко Минчев Динков - Съдия докладчик,
548742bb-ed0a-48e1-a119-f44c64397583,27 август 2026,Разпореждане,5097,27.08.2026,ДИМИТЪР КРЪСТЕВ - Съдия докладчик,
548742bb-ed0a-48e1-a119-f44c64397583,06 април 2026,Заповед за изпълнение,448,,ДИМИТЪР КРЪСТЕВ - Съдия докладчик,
ce3b7642-3417-41b3-a3ef-74dd504c0f48,04 май 2026,Разпореждане,141,04.05.2026,Никола Петров Римпопов - Съдия докладчик,
ce3b7642-3417-41b3-a3ef-74dd504c0f48,20 април 2026,Определение,64,,Никола Петров Римпопов - Съдия докладчик,
6648f972-0292-4739-9962-e622b3280e97,15 май 2026,Изпълнителен лист ЗП,170,15.05.2026,Десислава Константинова Николаева - Съдия докладчик,
6648f972-0292-4739-9962-e622b3280e97,03 април 2026,Заповед за изпълнение,182,11.05.2026,Десислава Константинова Николаева - Съдия докладчик,
e3aa9498-69bf-4928-980e-5bd5ea51ea98,14 юли 2026,Определение,119,14.07.2026,Десислава Георгиева Петрова - Съдия докладчик,
e3aa9498-69bf-4928-980e-5bd5ea51ea98,19 юни 2026,Разпореждане,154,19.06.2026,Десислава Георгиева Петрова - Съдия докладчик,
e3aa9498-69bf-4928-980e-5bd5ea51ea98,11 юни 2026,Разпореждане,145,11.06.2026,Десислава Георгиева Петрова - Съдия докладчик,
e3aa9498-69bf-4928-980e-5bd5ea51ea98,08 май 2026,Разпореждане,96,08.05.2026,Десислава Георгиева Петрова - Съдия докладчик,
e3aa9498-69bf-4928-980e-5bd5ea51ea98,17 април 2026,Разпореждане,77,17.04.2026,Десислава Георгиева Петрова - Съдия докладчик,
e3aa9498-69bf-4928-980e-5bd5ea51ea98,17 април 2026,Разпореждане,76,17.04.2026,Десислава Георгиева Петрова - Съдия докладчик,
e3aa9498-69bf-4928-980e-5bd5ea51ea98,07 април 2026,Разпореждане,69,07.04.2026,Десислава Георгиева Петрова - Съдия докладчик,
e3aa9498-69bf-4928-980e-5bd5ea51ea98,06 април 2026,Разпореждане,67,06.04.2026,Десислава Георгиева Петрова - Съдия докладчик,
f2887830-c1e5-4aa8-b665-eb7552066e9a,18 юни 2026,Определение,633,18.06.2026,Стоян Георгиев Хаджиев - Съдия докладчик,
f2887830-c1e5-4aa8-b665-eb7552066e9a,17 април 2026,Разпореждане,1003,17.04.2026,Стоян Георгиев Хаджиев - Съдия докладчик,
f2887830-c1e5-4aa8-b665-eb7552066e9a,03 април 2026,Заповед за изпълнение,396,,Стоян Георгиев Хаджиев - Съдия докладчик,
5ce12d12-630a-40e6-a515-f9cc907e8a65,09 април 2026,Определение,4213,09.04.2026,Мариана Шотева - Докладчик,
19f72ae9-297a-49df-9a61-9628e1d8071f,06 април 2026,Определение,184,06.04.2026,Петранка Райчева Прахова - Председател Зоя Стоилова Шопова - Съдия докладчик Петър Христов Маргаритов - Член,
22de712e-9723-43ad-8560-b4b0d182d63e,17 юни 2026,Решение,155,17.06.2026,Галатея Ханджиева Милева - Съдия докладчик Жечка Николова Маргенова Томова - Член Анна Великова - Член,
22de712e-9723-43ad-8560-b4b0d182d63e,22 май 2026,Протокол,204,22.05.2026,Галатея Ханджиева Милева - Съдия докладчик Жечка Николова Маргенова Томова - Член Анна Великова - Член,
22de712e-9723-43ad-8560-b4b0d182d63e,27 април 2026,Определение,387,27.04.2026,Галатея Ханджиева Милева - Съдия докладчик Жечка Николова Маргенова Томова - Член Анна Великова - Член,
ff26c14d-de23-4fdd-b662-d844ed63fecd,09 октомври 2026,Разпореждане,3484,09.10.2026,Димитринка Емилова Купринджийска - Съдия докладчик,
ff26c14d-de23-4fdd-b662-d844ed63fecd,28 август 2026,Разпореждане,3020,28.08.2026,Димитринка Емилова Купринджийска - Съдия докладчик,
ff26c14d-de23-4fdd-b662-d844ed63fecd,16 юли 2026,Разпореждане,2641,16.07.2026,Димитринка Емилова Купринджийска - Съдия докладчик,
ff26c14d-de23-4fdd-b662-d844ed63fecd,08 юни 2026,Разпореждане,2282,08.06.2026,Димитринка Емилова Купринджийска - Съдия докладчик,
ff26c14d-de23-4fdd-b662-d844ed63fecd,07 април 2026,Заповед за изпълнение,527,,Димитринка Емилова Купринджийска - Съдия докладчик,
d2afe6e9-5cac-42db-b7a9-2f75618208a3,03 април 2026,Разпореждане,928,03.04.2026,Христина Христова Ангелова - Съдия докладчик,
fb19d250-ba0f-45f3-b821-a3684a8f01d0,09 юни 2026,Решение,738,09.06.2026,Пламен Чакалов - Съдия докладчик Бранимир Василев - Член Румяна Андреева - Член,
fb19d250-ba0f-45f3-b821-a3684a8f01d0,13 май 2026,Протокол,1011,13.05.2026,Пламен Чакалов - Съдия докладчик Румяна Андреева - Член Бранимир Василев - Член,
fb19d250-ba0f-45f3-b821-a3684a8f01d0,06 април 2026,Разпореждане,1440,06.04.2026,Пламен Чакалов - Съдия докладчик,
d03ad118-82eb-4397-ac0b-b6d2b634f87c,07 април 2026,Разпореждане,4616,07.04.2026,ВЕСЕЛИНА ИВАНОВА НЯГОЛОВА - Съдия докладчик,
75abed40-606c-43e4-b7a9-28fb159b96da,29 юли 2026,Разпореждане,2778,29.07.2026,Владимир Стоянов Иванов - Съдия докладчик,
75abed40-606c-43e4-b7a9-28fb159b96da,11 юли 2026,Решение,256,,Дарина Илиева Попова - Съдия докладчик,
75abed40-606c-43e4-b7a9-28fb159b96da,26 юни 2026,Протокол,693,26.06.2026,Дарина Илиева Попова - Съдия докладчик,
75abed40-606c-43e4-b7a9-28fb159b96da,22 май 2026,Определение,556,22.05.2026,Дарина Илиева Попова - Съдия докладчик,
75abed40-606c-43e4-b7a9-28fb159b96da,03 април 2026,Разпореждане,1296,03.04.2026,Дарина Илиева Попова - Съдия докладчик,
2e65cfe2-91a3-4c43-af15-bf20d7523f20,03 април 2026,Разпореждане,929,03.04.2026,Христина Христова Ангелова - Съдия докладчик,
6d510a01-3c78-488b-b860-e0d6689cd776,03 април 2026,Решение,315,03.04.2026,Иван Режев - Съдия докладчик,
19fc2629-5661-4cb7-85d5-a9c5070a2df5,24 юли 2026,Определение,331,24.07.2026,Петранка Райчева Прахова - Съдия докладчик Петър Христов Маргаритов - Член Зоя Стоилова Шопова - Член,
19fc2629-5661-4cb7-85d5-a9c5070a2df5,24 април 2026,Определение,210,24.04.2026,Петранка Райчева Прахова - Съдия докладчик Петър Христов Маргаритов - Член Зоя Стоилова Шопова - Член,
cd06b974-bf26-44f5-8459-8a261669bfbf,20 юли 2026,Разпореждане,3133,20.07.2026,Надежда Дзивкова - Съдия докладчик,
cd06b974-bf26-44f5-8459-8a261669bfbf,25 юни 2026,Протокол,1383,25.06.2026,Величка Белева - Председател Надежда Дзивкова - Съдия докладчик Виделина Куршумова - Член,
cd06b974-bf26-44f5-8459-8a261669bfbf,15 май 2026,Протокол,1037,15.05.2026,Величка Белева - Председател Надежда Дзивкова - Съдия докладчик Виделина Куршумова - Член,
cd06b974-bf26-44f5-8459-8a261669bfbf,06 април 2026,Разпореждане,1442,06.04.2026,Надежда Дзивкова - Съдия докладчик,
18418928-bf11-424b-bfd1-49a2104ffc9b,24 септември 2026,Определение,1085,,Владимир Стоянов Иванов - Съдия докладчик,
18418928-bf11-424b-bfd1-49a2104ffc9b,19 август 2026,Разпореждане,2916,19.08.2026,Васил Георгиев Чамбов - Съдия докладчик,
18418928-bf11-424b-bfd1-49a2104ffc9b,29 юли 2026,Решение,312,,Владимир Стоянов Иванов - Съдия докладчик,
18418928-bf11-424b-bfd1-49a2104ffc9b,09 юли 2026,Протокол,763,09.07.2026,Владимир Стоянов Иванов - Съдия докладчик,
18418928-bf11-424b-bfd1-49a2104ffc9b,28 май 2026,Определение,589,28.05.2026,Владимир Стоянов Иванов - Съдия докладчик,
18418928-bf11-424b-bfd1-49a2104ffc9b,14 април 2026,Разпореждане,1397,14.04.2026,Владимир Стоянов Иванов - Съдия докладчик,
4fd6dd99-d6a0-4598-8b67-da0464b250dd,03 април 2026,Разпореждане,930,03.04.2026,Христина Христова Ангелова - Съдия докладчик,
e497acb3-f0c8-446e-ba2f-5ff8bec33e05,06 април 2026,Разпореждане,4555,06.04.2026,ВЕСЕЛИНА ИВАНОВА НЯГОЛОВА - Съдия докладчик,
6fdad966-458a-4b16-abd9-82746759041b,11 май 2026,Изпълнителен лист,122,11.05.2026,,
6fdad966-458a-4b16-abd9-82746759041b,08 април 2026,Изпълнителен лист,109,08.04.2026,,
6fdad966-458a-4b16-abd9-82746759041b,08 април 2026,Протоколно определение,111,24.04.2026,Цветелина Недкова Харалампиева - Съдия докладчик,
6fdad966-458a-4b16-abd9-82746759041b,08 април 2026,Споразумение,45,08.04.2026,Цветелина Недкова Харалампиева - Съдия докладчик,
6fdad966-458a-4b16-abd9-82746759041b,03 април 2026,Разпореждане,133,03.04.2026,Цветелина Недкова Харалампиева - Съдия докладчик,
3bef893f-3d9c-4225-814c-0efc388d733e,31 юли 2026,Определение,342,31.07.2026,Тоничка Димитрова Кисьова - Председател Полина Петрова Бешкова - Съдия докладчик Ивайло Стефанов Стефанов - Член,
3bef893f-3d9c-4225-814c-0efc388d733e,06 април 2026,Определение,185,06.04.2026,Тоничка Димитрова Кисьова - Председател Полина Петрова Бешкова - Съдия докладчик Ивайло Стефанов Стефанов - Член,
bbb887d8-e2f6-4f37-a38a-055d1d3c2bca,03 април 2026,Разпореждане,931,03.04.2026,Христина Христова Ангелова - Съдия докладчик,
4e5fad69-71e4-4edb-b8e2-ae00c0a839c1,03 април 2026,Определение,593,03.04.2026,Валентин Пушевски - Съдия докладчик,
bac17a0d-3f61-4d71-8854-e6a4d7fe6da1,24 септември 2026,Протокол,859,24.09.2026,Асима Костова Вангелова-Петрова - Съдия докладчик,
bac17a0d-3f61-4d71-8854-e6a4d7fe6da1,12 юни 2026,Протокол,627,12.06.2026,Асима Костова Вангелова-Петрова - Съдия докладчик,
bac17a0d-3f61-4d71-8854-e6a4d7fe6da1,22 май 2026,Определение,564,22.05.2026,Асима Костова Вангелова-Петрова - Съдия докладчик,
bac17a0d-3f61-4d71-8854-e6a4d7fe6da1,03 април 2026,Разпореждане,1300,03.04.2026,Асима Костова Вангелова-Петрова - Съдия докладчик,
0dd1ec2b-1363-45ec-aae5-94410f33f7a8,21 април 2026,Определение,302,21.04.2026,Петранка Панайотова Кирова - Съдия докладчик,
0dd1ec2b-1363-45ec-aae5-94410f33f7a8,20 април 2026,Разпореждане,512,20.04.2026,Петранка Панайотова Кирова - Съдия докладчик,
ce1ed72b-9ef8-4b1c-a56d-92fea4f4608a,10 юни 2026,Разпореждане,5145,,Лилия Александрова - Докладчик,
20dd8bd0-e48b-468a-962f-67afab35b619,27 април 2026,Определение,460,27.04.2026,Мария Велкова - Съдия докладчик Силвия Павлова - Член Татяна Черкезова - Член,
e3fa4fe5-903a-45f7-9547-6fd48e1701bb,03 април 2026,Решение,107,03.04.2026,ГЕОРГИ ГЕОРГИЕВ - Съдия докладчик,
4942178e-76c9-4909-868f-c60a7a8c8b67,01 юли 2026,Определение,1719,01.07.2026,Екатерина Мандалиева - Председател Недялка Свиркова Петкова - Съдия докладчик Радослав Радев - Член,
9f02c9ba-b8dc-48e1-8683-b1e66902a359,08 юли 2026,Решение,8952,08.07.2026,Мария Иванова-Даскалова - Докладчик Наталия Дичева - Член на състава Виолета Кожухарова - Член на състава,
9f02c9ba-b8dc-48e1-8683-b1e66902a359,07 април 2026,Разпореждане,4335,,Мария Иванова-Даскалова - Докладчик,
a68d3050-bd2d-46e2-91f9-cc431c409122,03 април 2026,Решение,314,03.04.2026,Иван Режев - Съдия докладчик,
97f91503-8b81-4e44-84d6-504fdae77e94,03 април 2026,Разпореждане,936,03.04.2026,Христина Христова Ангелова - Съдия докладчик,
54ee4fbf-fc7a-4b61-a0b5-7481cddd60ef,20 април 2026,Решение,124,20.04.2026,АННА ИВАНОВА ЩЕРЕВА - Съдия докладчик,
ba2146ea-0e33-45ca-8d65-787c4c008186,24 юли 2026,Определение,330,24.07.2026,Петранка Райчева Прахова - Съдия докладчик Петър Христов Маргаритов - Член Зоя Стоилова Шопова - Член,
ba2146ea-0e33-45ca-8d65-787c4c008186,24 април 2026,Определение,211,24.04.2026,Петранка Райчева Прахова - Съдия докладчик Зоя Стоилова Шопова - Член Петър Христов Маргаритов - Член,
44aa4535-9af6-48ee-a708-0fd124010808,03 април 2026,Протокол,410,03.04.2026,КАПКА ЖИВКОВА ВРАЖИЛОВА - Съдия докладчик,
44aa4535-9af6-48ee-a708-0fd124010808,03 април 2026,Определение,181,07.04.2026,КАПКА ЖИВКОВА ВРАЖИЛОВА - Съдия докладчик,
44aa4535-9af6-48ee-a708-0fd124010808,03 април 2026,Разпореждане,603,03.04.2026,КАПКА ЖИВКОВА ВРАЖИЛОВА - Съдия докладчик,
cf42e4fb-2e65-4832-834b-b174ce77157d,22 юли 2026,Разпореждане,2687,22.07.2026,Дарина Илиева Попова - Съдия докладчик,
cf42e4fb-2e65-4832-834b-b174ce77157d,11 юли 2026,Решение,253,,Дарина Илиева Попова - Съдия докладчик,
cf42e4fb-2e65-4832-834b-b174ce77157d,26 юни 2026,Протокол,692,26.06.2026,Дарина Илиева Попова - Съдия докладчик,
cf42e4fb-2e65-4832-834b-b174ce77157d,20 май 2026,Определение,541,20.05.2026,Дарина Илиева Попова - Съдия докладчик,
cf42e4fb-2e65-4832-834b-b174ce77157d,03 април 2026,Разпореждане,1295,03.04.2026,Дарина Илиева Попова - Съдия докладчик,
aca28867-c497-46be-8a45-0df63ad2eae0,03 април 2026,Разпореждане,927,03.04.2026,Христина Христова Ангелова - Съдия докладчик,
b53d6857-e3eb-4b9f-9f31-d278dc977233,04 юни 2026,Решение,200,25.06.2026,Галина Магардичиян - Съдия докладчик,
b53d6857-e3eb-4b9f-9f31-d278dc977233,01 юни 2026,Протокол,307,01.06.2026,Галина Магардичиян - Съдия докладчик,
b53d6857-e3eb-4b9f-9f31-d278dc977233,27 април 2026,Разпореждане,1301,27.04.2026,Галина Магардичиян - Съдия докладчик,
b53d6857-e3eb-4b9f-9f31-d278dc977233,24 април 2026,Определение,453,24.04.2026,Галина Магардичиян - Съдия докладчик,
b53d6857-e3eb-4b9f-9f31-d278dc977233,09 април 2026,Разпореждане,1122,09.04.2026,Галина Магардичиян - Съдия докладчик,
b53d6857-e3eb-4b9f-9f31-d278dc977233,03 април 2026,Разпореждане,1055,03.04.2026,Галина Магардичиян - Съдия докладчик,
fae96fb7-70f0-4332-a6bc-fba036d0a7d5,20 април 2026,Определение,12,20.04.2026,Любомир Гайдов - Докладчик,
73bac591-25ec-45d2-80fd-00afa128d8aa,22 април 2026,Определение,5011,22.04.2026,Димитър Михов - Докладчик,
73bac591-25ec-45d2-80fd-00afa128d8aa,09 април 2026,Разпореждане,4467,,Димитър Михов - Докладчик,
5b2b0692-e6f8-4143-b011-48b9c9e87aab,22 юли 2026,Решение,90,18.08.2026,Рая Димитрова Манолева - Съдия докладчик,
5b2b0692-e6f8-4143-b011-48b9c9e87aab,11 май 2026,Протокол,483,11.05.2026,Рая Димитрова Манолева - Съдия докладчик,
5b2b0692-e6f8-4143-b011-48b9c9e87aab,03 април 2026,Разпореждане,163,03.04.2026,Рая Димитрова Манолева - Съдия докладчик,
a84a4343-3a19-4ffa-85e5-aa1c1eecf1c6,18 септември 2026,Протокол,193,18.09.2026,Диана Пенчева Петрова Енева - Съдия докладчик,
a84a4343-3a19-4ffa-85e5-aa1c1eecf1c6,17 юли 2026,Определение,458,17.07.2026,Диана Пенчева Петрова Енева - Съдия докладчик,
a84a4343-3a19-4ffa-85e5-aa1c1eecf1c6,06 юли 2026,Определение,418,06.07.2026,Диана Пенчева Петрова Енева - Съдия докладчик,
a84a4343-3a19-4ffa-85e5-aa1c1eecf1c6,28 април 2026,Разпореждане,1773,28.04.2026,Диана Пенчева Петрова Енева - Съдия докладчик,
a84a4343-3a19-4ffa-85e5-aa1c1eecf1c6,20 април 2026,Разпореждане,1646,20.04.2026,Диана Пенчева Петрова Енева - Съдия докладчик,
a84a4343-3a19-4ffa-85e5-aa1c1eecf1c6,08 април 2026,Разпореждане,1522,08.04.2026,Диана Пенчева Петрова Енева - Съдия докладчик,
a84a4343-3a19-4ffa-85e5-aa1c1eecf1c6,06 април 2026,Определение,233,06.04.2026,Албена Дякова Великова - Съдия докладчик,
5cf16412-9486-47da-936e-19b2d1cc0edc,03 април 2026,Разпореждане,2418,03.04.2026,Атанас Шкодров - Съдия докладчик,
e8bf742d-33b7-4a42-91ae-8663eb600c8e,03 април 2026,Разпореждане,935,03.04.2026,Христина Христова Ангелова - Съдия докладчик,
22a41fd5-822a-4679-b84c-778a51af8036,16 април 2026,Протокол,1119,16.04.2026,АНДОН ВЪЛКОВ ВЪЛКОВ - Съдия докладчик,
22a41fd5-822a-4679-b84c-778a51af8036,15 април 2026,Решение,291,23.04.2026,АНДОН ВЪЛКОВ ВЪЛКОВ - Съдия докладчик,
22a41fd5-822a-4679-b84c-778a51af8036,03 април 2026,Протокол,1027,03.04.2026,АНДОН ВЪЛКОВ ВЪЛКОВ - Съдия докладчик,
22a41fd5-822a-4679-b84c-778a51af8036,03 април 2026,Разпореждане,1233,03.04.2026,АНДОН ВЪЛКОВ ВЪЛКОВ - Съдия докладчик,
0da51d9d-fb1c-4c15-9915-4877c8f9054f,05 юни 2026,Решение,724,04.08.2026,Анна Иванова - Председател Иван Анастасов - Съдия докладчик Емилия Лалева - Член,
0da51d9d-fb1c-4c15-9915-4877c8f9054f,15 май 2026,Протокол,1049,15.05.2026,Анна Иванова - Председател Иван Анастасов - Съдия докладчик Емилия Лалева - Член,
0da51d9d-fb1c-4c15-9915-4877c8f9054f,06 април 2026,Разпореждане,1429,06.04.2026,Иван Анастасов - Съдия докладчик,
d3133a7f-3492-4db8-8dce-0747e1732b0a,02 юни 2026,Решение,7039,18.06.2026,Красимир Кипров - Докладчик,
d3133a7f-3492-4db8-8dce-0747e1732b0a,22 април 2026,Разпореждане,5039,,Красимир Кипров - Докладчик,
d3133a7f-3492-4db8-8dce-0747e1732b0a,20 април 2026,Разпореждане,4801,,Красимир Кипров - Докладчик,
d3133a7f-3492-4db8-8dce-0747e1732b0a,06 април 2026,Разпореждане,4292,,Красимир Кипров - Докладчик,
a6501984-21b3-4e18-a5a4-9f754b39b793,07 юли 2026,Разпореждане,6077,,Димитър Гальов - Докладчик,
a6501984-21b3-4e18-a5a4-9f754b39b793,05 юни 2026,Решение,5018,,Димитър Гальов - Докладчик,
a6501984-21b3-4e18-a5a4-9f754b39b793,15 април 2026,Определение,3280,,Димитър Гальов - Докладчик,
a6501984-21b3-4e18-a5a4-9f754b39b793,03 април 2026,Определение,3020,,Димитър Гальов - Докладчик,
8ff20c3e-0f7e-4048-b6c6-574da1fa5386,24 април 2026,Определение,337,,Росица Георгиева Калугерова - Съдия докладчик,
8ff20c3e-0f7e-4048-b6c6-574da1fa5386,03 април 2026,Разпореждане,333,03.04.2026,Росица Георгиева Калугерова - Съдия докладчик,
975c5a20-7db5-4454-9d0c-f1df9782e52f,03 април 2026,Определение,739,07.04.2026,АНДОН ВЪЛКОВ ВЪЛКОВ - Съдия докладчик,
975c5a20-7db5-4454-9d0c-f1df9782e52f,03 април 2026,Протокол,1024,03.04.2026,АНДОН ВЪЛКОВ ВЪЛКОВ - Съдия докладчик,
975c5a20-7db5-4454-9d0c-f1df9782e52f,03 април 2026,Разпореждане,1232,03.04.2026,АНДОН ВЪЛКОВ ВЪЛКОВ - Съдия докладчик,
604aa861-2340-41ae-812b-61f592745f4f,03 април 2026,Решение,400,03.04.2026,Катя Ганева Савова - Съдия докладчик,
91d880c0-6dbc-4221-b9b4-52b4891ab63d,03 април 2026,Разпореждане,932,03.04.2026,Христина Христова Ангелова - Съдия докладчик,
0fa84b0a-2c6e-4c9c-8e65-0c37d19b8a45,03 април 2026,Определение,1594,03.04.2026,Христо Стефанов Томов - Съдия докладчик,
991c26b3-084d-40f1-8c8e-a509db57d42e,14 април 2026,Определение,802,18.04.2026,АНДОН ВЪЛКОВ ВЪЛКОВ - Съдия докладчик,
991c26b3-084d-40f1-8c8e-a509db57d42e,03 април 2026,Протокол,1025,03.04.2026,АНДОН ВЪЛКОВ ВЪЛКОВ - Съдия докладчик,
991c26b3-084d-40f1-8c8e-a509db57d42e,03 април 2026,Разпореждане,1231,03.04.2026,АНДОН ВЪЛКОВ ВЪЛКОВ - Съдия докладчик,
898c3402-9c78-4121-9d37-50ebeedc3bef,23 април 2026,Определение,5083,23.04.2026,Веселина Чолакова - Докладчик Дарина Рачева - Председател Иванка Иванова - Член на състава,
a81c73cc-dde0-4793-af3d-3e5da80e4b91,20 април 2026,Протокол,175,20.04.2026,Пламен Димитров Стефанов - Председател Радостин Стоянов Радиев - Съдия докладчик Никола Георгиев Маринов - Член,
a81c73cc-dde0-4793-af3d-3e5da80e4b91,20 април 2026,Определение,171,20.04.2026,Пламен Димитров Стефанов - Председател Радостин Стоянов Радиев - Съдия докладчик Никола Георгиев Маринов - Член,
a81c73cc-dde0-4793-af3d-3e5da80e4b91,07 април 2026,Определение,154,07.04.2026,Мария Янева Блецова Калцова - Председател Радостин Стоянов Радиев - Съдия докладчик Никола Георгиев Маринов - Член,
a81c73cc-dde0-4793-af3d-3e5da80e4b91,03 април 2026,Определение,148,03.04.2026,Мария Янева Блецова Калцова - Председател Радостин Стоянов Радиев - Съдия докладчик Никола Георгиев Маринов - Член,
511f193e-9898-4b03-a08c-93b1443786af,03 април 2026,Разпореждане,2438,03.04.2026,Христо Милков Минев - Съдия докладчик,
369e64f9-a1dc-496c-8f2c-073026bc747b,29 септември 2026,Разпореждане,4135,29.09.2026,Иван Анастасов - Съдия докладчик,
369e64f9-a1dc-496c-8f2c-073026bc747b,11 август 2026,Разпореждане,3476,11.08.2026,Румяна Андреева - Съдия докладчик,
369e64f9-a1dc-496c-8f2c-073026bc747b,09 юли 2026,Разпореждане,2963,09.07.2026,Иван Анастасов - Съдия докладчик,
369e64f9-a1dc-496c-8f2c-073026bc747b,29 май 2026,Решение,688,,Анна Иванова - Председател Иван Анастасов - Съдия докладчик Емилия Лалева - Член,
369e64f9-a1dc-496c-8f2c-073026bc747b,07 май 2026,Протокол,972,07.05.2026,Анна Иванова - Председател Иван Анастасов - Съдия докладчик Емилия Лалева - Член,
369e64f9-a1dc-496c-8f2c-073026bc747b,06 април 2026,Разпореждане,1428,06.04.2026,Иван Анастасов - Съдия докладчик,
37958207-2cfa-4364-a69a-5811b77e27af,16 април 2026,Протокол,1120,16.04.2026,АНДОН ВЪЛКОВ ВЪЛКОВ - Съдия докладчик,
37958207-2cfa-4364-a69a-5811b77e27af,15 април 2026,Решение,290,23.04.2026,АНДОН ВЪЛКОВ ВЪЛКОВ - Съдия докладчик,
37958207-2cfa-4364-a69a-5811b77e27af,03 април 2026,Протокол,1026,03.04.2026,АНДОН ВЪЛКОВ ВЪЛКОВ - Съдия докладчик,
37958207-2cfa-4364-a69a-5811b77e27af,03 април 2026,Разпореждане,1230,03.04.2026,АНДОН ВЪЛКОВ ВЪЛКОВ - Съдия докладчик,
afe3d429-f541-4b44-ae98-ea343d3145cb,09 юли 2026,Решение,213,09.07.2026,Тоничка Димитрова Кисьова - Председател Ивайло Стефанов Стефанов - Съдия докладчик Полина Петрова Бешкова - Член,
afe3d429-f541-4b44-ae98-ea343d3145cb,27 май 2026,Протокол,202,27.05.2026,Тоничка Димитрова Кисьова - Председател Ивайло Стефанов Стефанов - Съдия докладчик Полина Петрова Бешкова - Член,
afe3d429-f541-4b44-ae98-ea343d3145cb,28 април 2026,Разпореждане,323,28.04.2026,Ивайло Стефанов Стефанов - Съдия докладчик,
ccddc859-43e5-4435-a84c-c505097f4ccd,02 септември 2026,Определение,11379,,Ралица Андонова - Докладчик,
ccddc859-43e5-4435-a84c-c505097f4ccd,10 юли 2026,Определение,9093,,Ралица Андонова - Докладчик,
ccddc859-43e5-4435-a84c-c505097f4ccd,04 юни 2026,Определение,7200,04.06.2026,Ралица Андонова - Докладчик,
13e9609c-04e5-4a45-8967-ce14bd891d23,17 април 2026,Определение,1013,04.06.2026,Величка Белева - Председател Виделина Куршумова - Съдия докладчик Надежда Дзивкова - Член,
93c2f2f5-cdda-42c9-aa97-1c86e4164a59,03 април 2026,Разпореждане,2447,03.04.2026,Милена Трифонова - Съдия докладчик,
a43cb95b-95be-4bab-a5c3-15005424a1a7,04 май 2026,Определение,224,04.05.2026,Тоничка Димитрова Кисьова - Председател Ивайло Стефанов Стефанов - Съдия докладчик Полина Петрова Бешкова - Член,
bc6baf93-90e7-4e21-96c2-42febfbb4530,28 май 2026,Протоколно определение,2789,11.06.2026,Христо Милков Минев - Съдия докладчик,
bc6baf93-90e7-4e21-96c2-42febfbb4530,23 април 2026,Разпореждане,2929,23.04.2026,Христо Милков Минев - Съдия докладчик,
bc6baf93-90e7-4e21-96c2-42febfbb4530,07 април 2026,Разпореждане,2515,07.04.2026,Христо Милков Минев - Съдия докладчик,
b0805428-24fe-487a-b8c9-f35a2567b8ae,28 юли 2026,Определение,279,28.07.2026,Ради Иванов Йорданов - Съдия докладчик,
b0805428-24fe-487a-b8c9-f35a2567b8ae,26 май 2026,Разпореждане,390,26.05.2026,Ради Иванов Йорданов - Съдия докладчик,
b0805428-24fe-487a-b8c9-f35a2567b8ae,11 май 2026,Разпореждане,342,11.05.2026,Ради Иванов Йорданов - Съдия докладчик,
b0805428-24fe-487a-b8c9-f35a2567b8ae,17 април 2026,Разпореждане,288,17.04.2026,Ради Иванов Йорданов - Съдия докладчик,
b0805428-24fe-487a-b8c9-f35a2567b8ae,03 април 2026,Определение,127,,Ради Иванов Йорданов - Съдия докладчик,
b0805428-24fe-487a-b8c9-f35a2567b8ae,03 април 2026,Разпореждане,264,03.04.2026,Ради Иванов Йорданов - Съдия докладчик,
43a66525-b74f-4f0a-b892-4e614a4400c8,23 септември 2026,Протокол,1265,23.09.2026,Галена Николаева Манова-Узунова - Съдия докладчик,
43a66525-b74f-4f0a-b892-4e614a4400c8,21 юли 2026,Протокол,1112,21.07.2026,Галена Николаева Манова-Узунова - Съдия докладчик,
43a66525-b74f-4f0a-b892-4e614a4400c8,04 юни 2026,Протокол,829,04.06.2026,Галена Николаева Манова-Узунова - Съдия докладчик,
43a66525-b74f-4f0a-b892-4e614a4400c8,28 април 2026,Разпореждане,293,28.04.2026,Галена Николаева Манова-Узунова - Съдия докладчик,
fd9bfe6b-a299-45c7-a599-972956e88aee,30 юни 2026,Определение,273,28.07.2026,Радка Димова Чолакова - Председател Александър Стойчев - Съдия докладчик Антония Кирова Роглева - Член,
fd9bfe6b-a299-45c7-a599-972956e88aee,16 април 2026,Определение,166,19.05.2026,Радка Димова Чолакова - Председател Александър Стойчев - Съдия докладчик Антония Кирова Роглева - Член,
fd9bfe6b-a299-45c7-a599-972956e88aee,14 април 2026,Разпореждане,510,14.04.2026,Александър Стойчев - Съдия докладчик,
09550499-8abe-4756-9f82-cf635bb4ff1a,03 юни 2026,Решение,715,03.06.2026,Екатерина Мандалиева - Председател Радослав Радев - Съдия докладчик Недялка Свиркова Петкова - Член,
1e9d5cb0-a41a-4713-b42f-d82b001c0152,03 април 2026,Разпореждане,933,03.04.2026,Христина Христова Ангелова - Съдия докладчик,
7bc1df48-83ce-4307-bc4c-1acf9d4f4eb9,04 април 2026,Определение,196,15.04.2026,КИРИЛ ХАДЖИТАНЕВ - Съдия докладчик,
09f17de2-5753-44c6-83c2-89a1a1387aee,14 април 2026,Определение,154,14.04.2026,Радка Димова Чолакова - Председател Александър Стойчев - Съдия докладчик Антония Кирова Роглева - Член,
fc940244-af05-42e5-a296-ef18778e52fd,03 април 2026,Разпореждане,934,03.04.2026,Христина Христова Ангелова - Съдия докладчик,
e05cfe6f-877e-4cb4-affb-56037b3d5dea,14 септември 2026,Определение,379,14.09.2026,Георги Димитров Чолаков - Съдия докладчик,
e05cfe6f-877e-4cb4-affb-56037b3d5dea,24 август 2026,Определение,334,24.08.2026,Георги Димитров Чолаков - Съдия докладчик,
e05cfe6f-877e-4cb4-affb-56037b3d5dea,25 юни 2026,Разпореждане,475,25.06.2026,Георги Димитров Чолаков - Съдия докладчик,
e05cfe6f-877e-4cb4-affb-56037b3d5dea,19 май 2026,Разпореждане,371,19.05.2026,Георги Димитров Чолаков - Съдия докладчик,
e05cfe6f-877e-4cb4-affb-56037b3d5dea,20 април 2026,Разпореждане,294,20.04.2026,Георги Димитров Чолаков - Съдия докладчик,
e05cfe6f-877e-4cb4-affb-56037b3d5dea,03 април 2026,Разпореждане,267,03.04.2026,Георги Димитров Чолаков - Съдия докладчик,
51241a63-dced-4e51-894c-cfb9045584ec,22 май 2026,Решение,658,22.05.2026,Величка Белева - Председател Надежда Дзивкова - Съдия докладчик Виделина Куршумова - Член,
51241a63-dced-4e51-894c-cfb9045584ec,15 май 2026,Протокол,1038,15.05.2026,Величка Белева - Председател Надежда Дзивкова - Съдия докладчик Виделина Куршумова - Член,
51241a63-dced-4e51-894c-cfb9045584ec,06 април 2026,Разпореждане,1438,06.04.2026,Надежда Дзивкова - Съдия докладчик,
744c44ea-f777-4f6d-91a4-225afb183d25,09 април 2026,Определение,174,09.04.2026,Галина Грозева Арнаудова - Председател Тодор Илков Хаджиев - Съдия докладчик Вера Иванова Иванова - Член,
da139def-bff2-41a5-bf6f-a13d1c290cc2,03 април 2026,Определение,107,03.04.2026,Венцислав Георгиев Петров - Съдия докладчик,
da139def-bff2-41a5-bf6f-a13d1c290cc2,03 април 2026,Определение,106,20.05.2026,Венцислав Георгиев Петров - Съдия докладчик,
da139def-bff2-41a5-bf6f-a13d1c290cc2,03 април 2026,Разпореждане,187,03.04.2026,Венцислав Георгиев Петров - Съдия докладчик,
27f9a914-dda5-4973-b3cf-4e00950f0540,28 юли 2026,Разпореждане,9899,,Ивелина Христова-Желева - Докладчик,
27f9a914-dda5-4973-b3cf-4e00950f0540,10 юли 2026,Решение,9117,10.07.2026,Ивелина Христова-Желева - Докладчик,
27f9a914-dda5-4973-b3cf-4e00950f0540,12 май 2026,Разпореждане,5933,,Ивелина Христова-Желева - Докладчик,
27f9a914-dda5-4973-b3cf-4e00950f0540,29 април 2026,Разпореждане,5398,,Ивелина Христова-Желева - Докладчик,
27f9a914-dda5-4973-b3cf-4e00950f0540,06 април 2026,Разпореждане,4307,,Ивелина Христова-Желева - Докладчик,
d0ee9a8d-6499-4409-a0a6-efeec74567ad,03 септември 2026,Разпореждане,1634,03.09.2026,Александър Иванов - Съдия докладчик,
d0ee9a8d-6499-4409-a0a6-efeec74567ad,10 юни 2026,Разпореждане,1088,10.06.2026,Александър Иванов - Съдия докладчик,
d0ee9a8d-6499-4409-a0a6-efeec74567ad,09 юни 2026,Разпореждане,1075,09.06.2026,Александър Иванов - Съдия докладчик,
d0ee9a8d-6499-4409-a0a6-efeec74567ad,05 юни 2026,Разпореждане,1057,05.06.2026,Александър Иванов - Съдия докладчик,
d0ee9a8d-6499-4409-a0a6-efeec74567ad,20 май 2026,Разпореждане,929,20.05.2026,Александър Иванов - Съдия докладчик,
d0ee9a8d-6499-4409-a0a6-efeec74567ad,30 април 2026,Протокол,324,30.04.2026,Александър Иванов - Съдия докладчик Катина Кавърова - Член Ралица Герасимова - Член,
d0ee9a8d-6499-4409-a0a6-efeec74567ad,30 април 2026,Разпореждане,786,30.04.2026,Александър Иванов - Съдия докладчик,
d0ee9a8d-6499-4409-a0a6-efeec74567ad,27 април 2026,Решение,74,18.05.2026,Александър Иванов - Съдия докладчик Катина Кавърова - Член Ралица Герасимова - Член,
d0ee9a8d-6499-4409-a0a6-efeec74567ad,21 април 2026,Разпореждане,710,21.04.2026,Александър Иванов - Съдия докладчик,
d0ee9a8d-6499-4409-a0a6-efeec74567ad,16 април 2026,Протоколно определение,285,16.04.2026,Ралица Герасимова - Председател Велизар Бойчев - Съдия докладчик Катина Кавърова - Член,
25b207cd-3b2f-4272-9ee7-90fd5edbbf29,29 септември 2026,Протокол,218,29.09.2026,Галина Грозева Арнаудова - Председател Румяна Иванова Панайотова-Станчева - Съдия докладчик Мария Петрова Петрова - Член,
25b207cd-3b2f-4272-9ee7-90fd5edbbf29,18 май 2026,Протокол,139,18.05.2026,Галина Грозева Арнаудова - Председател Румяна Иванова Панайотова-Станчева - Съдия докладчик Мария Петрова Петрова - Член,
25b207cd-3b2f-4272-9ee7-90fd5edbbf29,06 април 2026,Разпореждане,297,06.04.2026,Румяна Иванова Панайотова-Станчева - Съдия докладчик,
c12ab3ab-3f3a-491a-be1e-374441ad0fed,04 юни 2026,Определение,2946,04.06.2026,Емил Томов - Съдия докладчик Невин Шакирова - Член Драгомир Драгнев - Член,
fc3e985e-5807-48c6-814a-443fd7b2fc6b,24 април 2026,Разпореждане,305,24.04.2026,Янита Димитрова Янкова - Съдия докладчик,
fc3e985e-5807-48c6-814a-443fd7b2fc6b,06 април 2026,Определение,136,19.05.2026,Янита Димитрова Янкова - Съдия докладчик,
f6ca2c6f-f964-4cde-8f23-9235c3483d7e,04 май 2026,Определение,141,04.05.2026,Румяна Вълчева Райкова - Съдия докладчик Светлин Емилов Стефанов - Член Константин Георгиев Моллов - Член,
6213116a-5310-4677-9695-d8942115b36e,01 октомври 2026,Изпълнителен лист,413,01.10.2026,,
6213116a-5310-4677-9695-d8942115b36e,29 септември 2026,Разпореждане,4126,29.09.2026,Надежда Дзивкова - Съдия докладчик,
6213116a-5310-4677-9695-d8942115b36e,25 септември 2026,Протоколно определение,1628,25.09.2026,Величка Белева - Председател Надежда Дзивкова - Съдия докладчик Борислав Терзиев - Член,
6213116a-5310-4677-9695-d8942115b36e,17 септември 2026,Разпореждане,3967,17.09.2026,Надежда Дзивкова - Съдия докладчик,
6213116a-5310-4677-9695-d8942115b36e,19 август 2026,Разпореждане,3581,19.08.2026,Недялка Свиркова Петкова - Съдия докладчик,
6213116a-5310-4677-9695-d8942115b36e,11 август 2026,Протокол,1519,11.08.2026,Румяна Андреева - Председател Надежда Дзивкова - Съдия докладчик Борислав Терзиев - Член,
6213116a-5310-4677-9695-d8942115b36e,22 юли 2026,Разпореждане,3185,22.07.2026,Недялка Свиркова Петкова - Съдия докладчик,
6213116a-5310-4677-9695-d8942115b36e,06 юли 2026,Разпореждане,2877,06.07.2026,Надежда Дзивкова - Съдия докладчик,
6213116a-5310-4677-9695-d8942115b36e,01 юли 2026,Решение,855,,Величка Белева - Председател Надежда Дзивкова - Съдия докладчик Виделина Куршумова - Член,
6213116a-5310-4677-9695-d8942115b36e,12 юни 2026,Протокол,1284,12.06.2026,Величка Белева - Председател Надежда Дзивкова - Съдия докладчик Виделина Куршумова - Член,
773c511c-d2a9-4b91-b1da-9aa7c43daba0,22 юли 2026,Разпореждане,9624,,Димитър Михов - Докладчик,
773c511c-d2a9-4b91-b1da-9aa7c43daba0,13 юли 2026,Разпореждане,9190,,Димитър Михов - Докладчик,
773c511c-d2a9-4b91-b1da-9aa7c43daba0,25 юни 2026,Решение,8358,,Димитър Михов - Докладчик,
773c511c-d2a9-4b91-b1da-9aa7c43daba0,22 април 2026,Разпореждане,4981,,Димитър Михов - Докладчик,
773c511c-d2a9-4b91-b1da-9aa7c43daba0,09 април 2026,Разпореждане,4469,,Димитър Михов - Докладчик,
21f2bcbc-f53e-4152-9866-0fd750eb0d4c,01 септември 2026,Разпореждане,823,01.09.2026,Надежда Лукова Махмудиева - Съдия докладчик,
21f2bcbc-f53e-4152-9866-0fd750eb0d4c,31 август 2026,Изпълнителен лист,169,31.08.2026,,
21f2bcbc-f53e-4152-9866-0fd750eb0d4c,31 август 2026,Разпореждане,819,,Надежда Лукова Махмудиева - Съдия докладчик,
21f2bcbc-f53e-4152-9866-0fd750eb0d4c,29 май 2026,Решение,105,,Станислав Петров Георгиев - Председател Надежда Лукова Махмудиева - Съдия докладчик Христо Василев Симитчиев - Член,
21f2bcbc-f53e-4152-9866-0fd750eb0d4c,30 април 2026,Разпореждане,386,30.04.2026,Надежда Лукова Махмудиева - Съдия докладчик,
21f2bcbc-f53e-4152-9866-0fd750eb0d4c,24 април 2026,Протокол,116,24.04.2026,Станислав Петров Георгиев - Председател Надежда Лукова Махмудиева - Съдия докладчик Христо Василев Симитчиев - Член,
21f2bcbc-f53e-4152-9866-0fd750eb0d4c,15 април 2026,Разпореждане,329,15.04.2026,Надежда Лукова Махмудиева - Съдия докладчик,
ea2fdf98-07d7-4cab-8cd3-26ea23faae43,03 април 2026,Определение,4367,03.04.2026,Анна Димитрова Дъбова - Съдия докладчик,
c071359f-f2d3-4067-a56a-69df4fcc16a7,03 април 2026,Определение,13267,03.04.2026,Мария Стоева - Докладчик,
d7ebdb7c-2973-4a1b-8d55-503d98a8d85a,25 август 2026,Разпореждане,1398,,Ваня Бянова-Нейкова - Докладчик,
d7ebdb7c-2973-4a1b-8d55-503d98a8d85a,19 август 2026,Разпореждане,1377,,Ваня Бянова-Нейкова - Докладчик,
d7ebdb7c-2973-4a1b-8d55-503d98a8d85a,30 юли 2026,Решение,1272,,Ваня Бянова-Нейкова - Докладчик,
d7ebdb7c-2973-4a1b-8d55-503d98a8d85a,15 април 2026,Определение,619,,Ваня Бянова-Нейкова - Докладчик,
d7ebdb7c-2973-4a1b-8d55-503d98a8d85a,03 април 2026,Разпореждане,558,,Ваня Бянова-Нейкова - Докладчик,
0e44de48-3276-47aa-9c0c-12946ddbaefa,28 септември 2026,Протоколно определение,5103,,Аделина Иванова - Съдия докладчик,
0e44de48-3276-47aa-9c0c-12946ddbaefa,15 юли 2026,Протокол,4092,15.07.2026,Аделина Иванова - Съдия докладчик,
0e44de48-3276-47aa-9c0c-12946ddbaefa,11 юни 2026,Разпореждане,2077,11.06.2026,Аделина Иванова - Съдия докладчик,
50ba556f-4478-45c6-b52e-662bc98ce66b,03 април 2026,Определение,13288,03.04.2026,Мария Бойкинова - Докладчик,
0d0974e1-3937-4383-9f8d-5c8f66afc1e5,14 май 2026,Решение,135,14.05.2026,Мартин Цветанов Сандулов - Председател Мария Янева Блецова Калцова - Съдия докладчик Стефка Тодорова Михайлова Маринова - Член,
0d0974e1-3937-4383-9f8d-5c8f66afc1e5,13 май 2026,Протокол,196,13.05.2026,Мартин Цветанов Сандулов - Председател Мария Янева Блецова Калцова - Съдия докладчик Стефка Тодорова Михайлова Маринова - Член,
0d0974e1-3937-4383-9f8d-5c8f66afc1e5,06 април 2026,Определение,287,06.04.2026,Мартин Цветанов Сандулов - Председател Мария Янева Блецова Калцова - Съдия докладчик Стефка Тодорова Михайлова Маринова - Член,
d7595179-bf4f-4ef1-8ec9-e2d8b67e2a67,27 април 2026,Определение,136,12.05.2026,Венцислав Георгиев Петров - Съдия докладчик,
d7595179-bf4f-4ef1-8ec9-e2d8b67e2a67,03 април 2026,Разпореждане,188,03.04.2026,Венцислав Георгиев Петров - Съдия докладчик,
20d967dd-38c2-46d7-9a82-ad2f67558e6c,15 юни 2026,Решение,760,15.06.2026,Стефка Михова - Председател Иван Йорданов - Съдия докладчик Николай Стоянов - Член,
20d967dd-38c2-46d7-9a82-ad2f67558e6c,19 май 2026,Протокол,1074,19.05.2026,Стефка Михова - Председател Иван Йорданов - Съдия докладчик Николай Стоянов - Член,
20d967dd-38c2-46d7-9a82-ad2f67558e6c,08 април 2026,Определение,961,08.04.2026,Стефка Михова - Председател Иван Йорданов - Съдия докладчик Николай Стоянов - Член,
c947adad-0075-436d-b42d-4d9c770b35dc,29 април 2026,Протоколно определение,2208,13.05.2026,Радостина Методиева - Съдия докладчик,
c947adad-0075-436d-b42d-4d9c770b35dc,09 април 2026,Разпореждане,2605,09.04.2026,Радостина Методиева - Съдия докладчик,
c947adad-0075-436d-b42d-4d9c770b35dc,03 април 2026,Разпореждане,2444,03.04.2026,Радостина Методиева - Съдия докладчик,
c3a05934-a14b-43d0-9404-16e0acc678f7,20 април 2026,Определение,11,20.04.2026,Любомир Гайдов - Докладчик,
a6c42d78-2bab-4921-b12d-d04438757e05,24 септември 2026,Протокол,889,24.09.2026,Рая Димитрова Манолева - Съдия докладчик,
a6c42d78-2bab-4921-b12d-d04438757e05,25 юни 2026,Протокол,698,25.06.2026,Рая Димитрова Манолева - Съдия докладчик,
a6c42d78-2bab-4921-b12d-d04438757e05,28 май 2026,Разпореждане,277,28.05.2026,Рая Димитрова Манолева - Съдия докладчик,
a6c42d78-2bab-4921-b12d-d04438757e05,12 май 2026,Протокол,490,12.05.2026,Рая Димитрова Манолева - Съдия докладчик,
a6c42d78-2bab-4921-b12d-d04438757e05,03 април 2026,Разпореждане,167,03.04.2026,Рая Димитрова Манолева - Съдия докладчик,
d93493f0-5d5b-4738-aec6-867a647ea8d4,03 април 2026,Протокол,98,03.04.2026,Павел Неделчев - Съдия докладчик,
5427872a-c5dd-44a6-a2cf-a26e896879b2,03 април 2026,Разпореждане,2040,03.04.2026,Доника Илиева Тарева - Пехливанова - Съдия докладчик,
7ab1f1b5-8e01-42e3-8393-907a5d2e5bb6,03 септември 2026,Протокол,20534,03.09.2026,МАРИЯ ВАЛЕНТИНОВА АТАНАСОВА - Съдия докладчик,
7ab1f1b5-8e01-42e3-8393-907a5d2e5bb6,24 август 2026,Разпореждане,102100,24.08.2026,МАРИЯ ВАЛЕНТИНОВА АТАНАСОВА - Съдия докладчик,
7ab1f1b5-8e01-42e3-8393-907a5d2e5bb6,11 май 2026,Разпореждане,57588,11.05.2026,ТИНА РОСЕНОВА МАЛИНОВА - Съдия докладчик,
7ab1f1b5-8e01-42e3-8393-907a5d2e5bb6,08 май 2026,Протокол,11931,08.05.2026,ТИНА РОСЕНОВА МАЛИНОВА - Съдия докладчик,
7ab1f1b5-8e01-42e3-8393-907a5d2e5bb6,03 април 2026,Определение,13247,03.04.2026,ТИНА РОСЕНОВА МАЛИНОВА - Съдия докладчик,
7ab1f1b5-8e01-42e3-8393-907a5d2e5bb6,03 април 2026,Заповед,120,03.04.2026,ТИНА РОСЕНОВА МАЛИНОВА - Съдия докладчик,
80280468-2aaa-4fea-9c0b-db65e05aa79a,08 юли 2026,Решение,153,13.07.2026,ЕМИЛ СТЕФАНОВ БАНКОВ - Председател ВЛАДИСЛАВА АЛЕКСАНДРОВА ЦАРИГРАДСКА - Съдия докладчик БОРИСЛАВА ИЛИЕВА ЯКИМОВА - Член,
80280468-2aaa-4fea-9c0b-db65e05aa79a,08 юли 2026,Протокол,537,08.07.2026,ЕМИЛ СТЕФАНОВ БАНКОВ - Председател ВЛАДИСЛАВА АЛЕКСАНДРОВА ЦАРИГРАДСКА - Съдия докладчик БОРИСЛАВА ИЛИЕВА ЯКИМОВА - Член,
80280468-2aaa-4fea-9c0b-db65e05aa79a,16 юни 2026,Протокол,468,16.06.2026,ЕМИЛ СТЕФАНОВ БАНКОВ - Председател ВЛАДИСЛАВА АЛЕКСАНДРОВА ЦАРИГРАДСКА - Съдия докладчик БОРИСЛАВА ИЛИЕВА ЯКИМОВА - Член,
80280468-2aaa-4fea-9c0b-db65e05aa79a,23 април 2026,Протокол,330,23.04.2026,ЕМИЛ СТЕФАНОВ БАНКОВ - Председател ВЛАДИСЛАВА АЛЕКСАНДРОВА ЦАРИГРАДСКА - Съдия докладчик БОРИСЛАВА ИЛИЕВА ЯКИМОВА - Член,
80280468-2aaa-4fea-9c0b-db65e05aa79a,14 април 2026,Протокол,311,14.04.2026,ЕМИЛ СТЕФАНОВ БАНКОВ - Председател ВЛАДИСЛАВА АЛЕКСАНДРОВА ЦАРИГРАДСКА - Съдия докладчик БОРИСЛАВА ИЛИЕВА ЯКИМОВА - Член,
80280468-2aaa-4fea-9c0b-db65e05aa79a,07 април 2026,Разпореждане,210,07.04.2026,ВЛАДИСЛАВА АЛЕКСАНДРОВА ЦАРИГРАДСКА - Съдия докладчик,
ab3f3b6f-3b8b-4b43-8175-7842b7934918,23 септември 2026,Разпореждане,36544,,Диляна Николова - Докладчик,
ab3f3b6f-3b8b-4b43-8175-7842b7934918,24 август 2026,Разпореждане,32955,,Диляна Николова - Докладчик,
ab3f3b6f-3b8b-4b43-8175-7842b7934918,15 юли 2026,Решение,28626,,Диляна Николова - Докладчик,
ab3f3b6f-3b8b-4b43-8175-7842b7934918,23 април 2026,Определение,15682,,Диляна Николова - Докладчик,
ab3f3b6f-3b8b-4b43-8175-7842b7934918,15 април 2026,Разпореждане,14494,,Диляна Николова - Докладчик,
3f807f1c-c0d9-4c59-a30f-193a14672a32,06 април 2026,Определение,939,06.04.2026,Стефка Михова - Председател Николай Стоянов - Съдия докладчик Иван Йорданов - Член,
e53a8e68-194d-4b03-8134-27fce5dfd01b,07 април 2026,Протокол,296,07.04.2026,ЕКАТЕРИНА ТИХОМИРОВА ГЕОРГИЕВА-ПАНОВА - Председател ДАЯНА СТОЯНОВА ВАСИЛЧИНА - Съдия докладчик ЕМИЛ СТЕФАНОВ БАНКОВ - Член,
e53a8e68-194d-4b03-8134-27fce5dfd01b,07 април 2026,Определение,234,07.04.2026,ЕКАТЕРИНА ТИХОМИРОВА ГЕОРГИЕВА-ПАНОВА - Председател ДАЯНА СТОЯНОВА ВАСИЛЧИНА - Съдия докладчик ЕМИЛ СТЕФАНОВ БАНКОВ - Член,
b0438c34-0693-4c08-8b82-0f89b05f5ccb,26 май 2026,Определение,2724,26.05.2026,Борис Илиев - Председател Яна Вълдобрева - Съдия докладчик Ерик Василев - Член,
462579e8-f4eb-442a-af4f-74059649806e,03 август 2026,Разпореждане,1455,03.08.2026,Явор Влахов - Съдия докладчик,
462579e8-f4eb-442a-af4f-74059649806e,10 юли 2026,Разпореждане,1329,10.07.2026,Явор Влахов - Съдия докладчик,
462579e8-f4eb-442a-af4f-74059649806e,10 юли 2026,Разпореждане,1324,10.07.2026,Явор Влахов - Съдия докладчик,
462579e8-f4eb-442a-af4f-74059649806e,30 юни 2026,Разпореждане,1241,30.06.2026,Мирослав Йорданов - Председател,
462579e8-f4eb-442a-af4f-74059649806e,29 юни 2026,Разпореждане,1225,29.06.2026,Явор Влахов - Съдия докладчик,
462579e8-f4eb-442a-af4f-74059649806e,26 юни 2026,Разпореждане,1211,26.06.2026,Явор Влахов - Съдия докладчик,
462579e8-f4eb-442a-af4f-74059649806e,23 юни 2026,Протокол,487,23.06.2026,Мирослав Йорданов - Председател Явор Влахов - Съдия докладчик Пламен Дочев - Член,
462579e8-f4eb-442a-af4f-74059649806e,22 юни 2026,Решение,112,08.07.2026,Мирослав Йорданов - Председател Явор Влахов - Съдия докладчик Пламен Дочев - Член,
462579e8-f4eb-442a-af4f-74059649806e,18 юни 2026,Разпореждане,1157,18.06.2026,Явор Влахов - Съдия докладчик,
462579e8-f4eb-442a-af4f-74059649806e,17 юни 2026,Разпореждане,1147,17.06.2026,Явор Влахов - Съдия докладчик,
047f8de1-70e5-49a3-acb4-c0386930a4f5,21 май 2026,Разпореждане,62561,21.05.2026,ДЕСИСЛАВА ПЕТРОВА ГЕНОВА - Съдия докладчик,
047f8de1-70e5-49a3-acb4-c0386930a4f5,07 май 2026,Разпореждане,56461,07.05.2026,ТИНА РОСЕНОВА МАЛИНОВА - Съдия докладчик,
047f8de1-70e5-49a3-acb4-c0386930a4f5,03 април 2026,Заповед,121,03.04.2026,ТИНА РОСЕНОВА МАЛИНОВА - Съдия докладчик,
047f8de1-70e5-49a3-acb4-c0386930a4f5,03 април 2026,Разпореждане,43273,03.04.2026,ТИНА РОСЕНОВА МАЛИНОВА - Съдия докладчик,
ca8941b5-d9d7-41d1-918d-e1e2543d6b9f,06 април 2026,Протокол,761,06.04.2026,Чавдар Иванов Попов - Съдия докладчик,
ca8941b5-d9d7-41d1-918d-e1e2543d6b9f,03 април 2026,Определение,469,07.04.2026,Чавдар Иванов Попов - Съдия докладчик,
ca8941b5-d9d7-41d1-918d-e1e2543d6b9f,03 април 2026,Разпореждане,980,03.04.2026,Чавдар Иванов Попов - Съдия докладчик,
ffac60b5-203e-4859-96ea-77b5b0e52d64,08 юни 2026,Разпореждане,2709,,Георги Петров - Докладчик,
ffac60b5-203e-4859-96ea-77b5b0e52d64,27 май 2026,Решение,2532,27.05.2026,Георги Петров - Докладчик,
ffac60b5-203e-4859-96ea-77b5b0e52d64,03 април 2026,Определение,1589,,Георги Петров - Докладчик,
912c8c15-161f-4c50-b5a5-e5e2917f9ec6,06 април 2026,Определение,324,06.04.2026,Галатея Ханджиева Милева - Председател Диана Георгиева Дякова - Съдия докладчик Галина Димитрова Жечева - Член,
0d54ed6e-404b-4f89-8297-614a91ec7f79,06 април 2026,Протоколно определение,696,08.04.2026,Ралица Йорданова Русева - Съдия докладчик,
0d54ed6e-404b-4f89-8297-614a91ec7f79,03 април 2026,Разпореждане,769,03.04.2026,Ралица Йорданова Русева - Съдия докладчик,
21c13df5-b65e-4eb5-8174-14029364c1d2,03 април 2026,Определение,656,03.04.2026,Галена Николаева Манова-Узунова - Съдия докладчик,
0fc386de-f7c2-4a3b-bdc3-8cd0fa90af07,23 юни 2026,Разпореждане,1421,,Юлияна Цонева - Докладчик,
0fc386de-f7c2-4a3b-bdc3-8cd0fa90af07,17 юни 2026,Решение,1334,17.06.2026,Юлияна Цонева - Докладчик,
0fc386de-f7c2-4a3b-bdc3-8cd0fa90af07,08 април 2026,Определение,582,,Юлияна Цонева - Докладчик,
262154f2-9586-445a-a37e-0c1c7aab42aa,22 юни 2026,Разпореждане,25179,,Евгения Баева - Докладчик,
262154f2-9586-445a-a37e-0c1c7aab42aa,16 април 2026,Разпореждане,14615,,Евгения Баева - Докладчик,
262154f2-9586-445a-a37e-0c1c7aab42aa,14 април 2026,Разпореждане,14256,,Евгения Баева - Докладчик,
262154f2-9586-445a-a37e-0c1c7aab42aa,14 април 2026,Определение,14250,,Евгения Баева - Докладчик,
7b49604d-eb33-4676-8e3c-018e08804baf,09 юли 2026,Определение,328,09.07.2026,Пламен Дочев - Председател Катина Кавърова - Съдия докладчик Виржиния Караджова - Член,
7b49604d-eb33-4676-8e3c-018e08804baf,06 юли 2026,Разпореждане,1279,06.07.2026,Милена Пейчева - Председател,
7b49604d-eb33-4676-8e3c-018e08804baf,02 юли 2026,Разпореждане,1257,02.07.2026,Явор Влахов - Член,
7b49604d-eb33-4676-8e3c-018e08804baf,30 юни 2026,Разпореждане,1240,30.06.2026,Катина Кавърова - Съдия докладчик,
7b49604d-eb33-4676-8e3c-018e08804baf,29 юни 2026,Разпореждане,1234,29.06.2026,Ралица Герасимова - Председател,
7b49604d-eb33-4676-8e3c-018e08804baf,04 юни 2026,Определение,270,04.06.2026,Ралица Герасимова - Председател Катина Кавърова - Съдия докладчик Пламен Дочев - Член,
7b49604d-eb33-4676-8e3c-018e08804baf,18 май 2026,Разпореждане,913,18.05.2026,Велизар Бойчев - Член,
7b49604d-eb33-4676-8e3c-018e08804baf,14 май 2026,Разпореждане,878,14.05.2026,Росица Радославова - Съдия докладчик,
7b49604d-eb33-4676-8e3c-018e08804baf,07 май 2026,Разпореждане,815,07.05.2026,Мирослав Йорданов - Съдия докладчик,
7b49604d-eb33-4676-8e3c-018e08804baf,30 април 2026,Разпореждане,788,30.04.2026,Александър Иванов - Съдия докладчик,
88c638bd-f6d4-41a9-baec-4232678d4c89,29 юни 2026,Определение,23666,14.07.2026,ЦВЕТОМИЛА ДАНОВА - Съдия докладчик,
88c638bd-f6d4-41a9-baec-4232678d4c89,26 май 2026,Разпореждане,63967,26.05.2026,ЦВЕТОМИЛА ДАНОВА - Съдия докладчик,
88c638bd-f6d4-41a9-baec-4232678d4c89,15 април 2026,Разпореждане,47547,15.04.2026,ЦВЕТОМИЛА ДАНОВА - Съдия докладчик,
88c638bd-f6d4-41a9-baec-4232678d4c89,03 април 2026,Разпореждане,43225,03.04.2026,ЦВЕТОМИЛА ДАНОВА - Съдия докладчик,
b66d02f9-b86b-427d-b6fa-c88986f90d28,09 юни 2026,Разпореждане,168,09.06.2026,Магдалена Георгиева Татарева Кръстева - Съдия докладчик,
b66d02f9-b86b-427d-b6fa-c88986f90d28,09 юни 2026,Изпълнителен лист,48,09.06.2026,,
b66d02f9-b86b-427d-b6fa-c88986f90d28,19 май 2026,Решение,58,05.06.2026,Магдалена Георгиева Татарева Кръстева - Съдия докладчик,
b66d02f9-b86b-427d-b6fa-c88986f90d28,29 април 2026,Протокол,73,29.04.2026,Магдалена Георгиева Татарева Кръстева - Съдия докладчик,
b66d02f9-b86b-427d-b6fa-c88986f90d28,03 април 2026,Разпореждане,108,03.04.2026,Магдалена Георгиева Татарева Кръстева - Съдия докладчик,
d54fae98-980b-4610-a733-47239226c5f5,22 април 2026,Протокол,162,22.04.2026,Надежда Найденова Янакиева - Съдия докладчик Стефка Тодорова Михайлова Маринова - Член Мартин Цветанов Сандулов - Член,
d54fae98-980b-4610-a733-47239226c5f5,22 април 2026,Решение,117,22.04.2026,Надежда Найденова Янакиева - Съдия докладчик Стефка Тодорова Михайлова Маринова - Член Мартин Цветанов Сандулов - Член,
d54fae98-980b-4610-a733-47239226c5f5,06 април 2026,Определение,285,06.04.2026,Надежда Найденова Янакиева - Съдия докладчик Стефка Тодорова Михайлова Маринова - Член Мартин Цветанов Сандулов - Член,
43cac420-0f74-45f5-a67a-31c2fe666d6e,11 юни 2026,Протокол,626,11.06.2026,ПЕТЯ ХАНТОВА - Съдия докладчик,
43cac420-0f74-45f5-a67a-31c2fe666d6e,11 юни 2026,Присъда,39,27.06.2026,ПЕТЯ ХАНТОВА - Съдия докладчик,
43cac420-0f74-45f5-a67a-31c2fe666d6e,21 май 2026,Протокол,537,21.05.2026,ПЕТЯ ХАНТОВА - Съдия докладчик,
43cac420-0f74-45f5-a67a-31c2fe666d6e,29 април 2026,Протокол,470,29.04.2026,ПЕТЯ ХАНТОВА - Съдия докладчик,
43cac420-0f74-45f5-a67a-31c2fe666d6e,03 април 2026,Разпореждане,226,03.04.2026,ПЕТЯ ХАНТОВА - Съдия докладчик,
d66b7519-da4a-4b2e-b4e2-5ccca14416a8,25 юни 2026,Решение,1433,25.06.2026,Ива Ковалакова-Стоева - Докладчик Мартин Стаматов - Член на състава Юлияна Цонева - Член на състава,
d66b7519-da4a-4b2e-b4e2-5ccca14416a8,03 април 2026,Разпореждане,544,,Ива Ковалакова-Стоева - Докладчик,
dd49e26a-b88c-4060-b419-737b735cd6d0,04 август 2026,Решение,124,29.08.2026,Сузана Емилова Полизоева - Съдия докладчик,
dd49e26a-b88c-4060-b419-737b735cd6d0,15 юли 2026,Протокол,747,15.07.2026,Сузана Емилова Полизоева - Съдия докладчик,
dd49e26a-b88c-4060-b419-737b735cd6d0,01 юни 2026,Протокол,569,01.06.2026,Сузана Емилова Полизоева - Съдия докладчик,
dd49e26a-b88c-4060-b419-737b735cd6d0,06 април 2026,Разпореждане,229,06.04.2026,Сузана Емилова Полизоева - Съдия докладчик,
4f2826e5-cd87-493e-b37a-e115dcb4253d,06 октомври 2026,Протокол,378,06.10.2026,Магдалена Георгиева Татарева Кръстева - Съдия докладчик,
4f2826e5-cd87-493e-b37a-e115dcb4253d,19 август 2026,Определение,545,19.08.2026,Магдалена Георгиева Татарева Кръстева - Съдия докладчик,
4f2826e5-cd87-493e-b37a-e115dcb4253d,28 април 2026,Разпореждане,563,28.04.2026,Магдалена Георгиева Татарева Кръстева - Съдия докладчик,
4f2826e5-cd87-493e-b37a-e115dcb4253d,03 април 2026,Разпореждане,470,03.04.2026,Магдалена Георгиева Татарева Кръстева - Съдия докладчик,
c8bb1ab2-4142-4246-9535-ab97fa8f831b,03 септември 2026,Разпореждане,3794,03.09.2026,Анна Иванова - Съдия докладчик,
c8bb1ab2-4142-4246-9535-ab97fa8f831b,13 август 2026,Разпореждане,3521,13.08.2026,Светлана Изева - Съдия докладчик,
c8bb1ab2-4142-4246-9535-ab97fa8f831b,23 юли 2026,Разпореждане,3210,23.07.2026,Виделина Куршумова - Съдия докладчик,
c8bb1ab2-4142-4246-9535-ab97fa8f831b,30 юни 2026,Решение,851,,Екатерина Мандалиева - Съдия докладчик Недялка Свиркова Петкова - Член Радослав Радев - Член,
f256afe7-280b-4e79-8d64-11a03e7a56c2,03 юни 2026,Разпореждане,371,03.06.2026,ВЕСЕЛА ЛЮБОМИРОВА САХАТЧИЕВА - Съдия докладчик,
f256afe7-280b-4e79-8d64-11a03e7a56c2,28 май 2026,Разпореждане,346,28.05.2026,СТЕФАН АСЕНОВ ДАНЧЕВ - Председател,
f256afe7-280b-4e79-8d64-11a03e7a56c2,27 май 2026,Определение,349,27.05.2026,ВЕСЕЛА ЛЮБОМИРОВА САХАТЧИЕВА - Председател ВЛАДИСЛАВА АЛЕКСАНДРОВА ЦАРИГРАДСКА - Съдия докладчик ЕКАТЕРИНА ТИХОМИРОВА ГЕОРГИЕВА-ПАНОВА - Член,
f256afe7-280b-4e79-8d64-11a03e7a56c2,15 май 2026,Определение,328,15.05.2026,ТАТЯНА ГЕОРГИЕВА БЕТОВА - Председател ВЛАДИСЛАВА АЛЕКСАНДРОВА ЦАРИГРАДСКА - Съдия докладчик РЕНИ МИХАЙЛОВА СПАРТАНСКА - Член,
f256afe7-280b-4e79-8d64-11a03e7a56c2,13 май 2026,Определение,319,13.05.2026,СИЛВИЯ ЦВЕТКОВА КРЪСТЕВА - Председател ВЛАДИСЛАВА АЛЕКСАНДРОВА ЦАРИГРАДСКА - Съдия докладчик СВЕТЛА ЙОРДАНОВА ДИМИТРОВА-КОВАЧЕВА - Член,
f256afe7-280b-4e79-8d64-11a03e7a56c2,05 май 2026,Определение,305,05.05.2026,МЕТОДИ НИКОЛОВ ЗДРАВКОВ - Председател ВЛАДИСЛАВА АЛЕКСАНДРОВА ЦАРИГРАДСКА - Съдия докладчик КРАСИМИР ИВАНОВ ПЕТРАКИЕВ - Член,
f256afe7-280b-4e79-8d64-11a03e7a56c2,29 април 2026,Определение,290,29.04.2026,РЕНИ ВАЛЕНТИНОВА ГЕОРГИЕВА - Председател ВЛАДИСЛАВА АЛЕКСАНДРОВА ЦАРИГРАДСКА - Съдия докладчик ЖАНЕТА ДИМИТРОВА ГЕОРГИЕВА - Член,
f256afe7-280b-4e79-8d64-11a03e7a56c2,21 април 2026,Определение,266,21.04.2026,ГЕОРГИ КОНСТАНТИНОВ ГРЪНЧАРОВ - Председател ДОРОТЕЯ СИМЕОНОВА ЦОНЕВА - Съдия докладчик КРИСТИНА АНТОНОВА ЛАЛЕВА - Член,
f256afe7-280b-4e79-8d64-11a03e7a56c2,15 април 2026,Разпореждане,223,15.04.2026,ЦЕЗАРИНКА ХРИСТОВА ЙОСИФОВА-ЙОТКОВА - Съдия докладчик,
f256afe7-280b-4e79-8d64-11a03e7a56c2,08 април 2026,Определение,238,08.04.2026,ЕМИЛ СТЕФАНОВ БАНКОВ - Председател БОРИСЛАВА ИЛИЕВА ЯКИМОВА - Съдия докладчик ВЛАДИСЛАВА АЛЕКСАНДРОВА ЦАРИГРАДСКА - Член,
2b0c610e-852f-4220-9fe9-0a7788613a8d,05 октомври 2026,Решение,38214,05.10.2026,Теодора Милева - Докладчик,
2b0c610e-852f-4220-9fe9-0a7788613a8d,26 април 2026,Разпореждане,15972,,Теодора Милева - Докладчик,
2b0c610e-852f-4220-9fe9-0a7788613a8d,07 април 2026,Разпореждане,13549,,Теодора Милева - Докладчик,
3120f9e9-3a6f-4ba1-bad8-59a41f15cef3,30 юли 2026,Изпълнителен лист,893,30.07.2026,,
3120f9e9-3a6f-4ba1-bad8-59a41f15cef3,30 юли 2026,Изпълнителен лист,892,30.07.2026,,
3120f9e9-3a6f-4ba1-bad8-59a41f15cef3,26 юни 2026,Протоколно определение,3707,26.06.2026,Лилия Недялкова Георгиева - Съдия докладчик,
3120f9e9-3a6f-4ba1-bad8-59a41f15cef3,26 юни 2026,Споразумение,139,26.06.2026,Лилия Недялкова Георгиева - Съдия докладчик,
3120f9e9-3a6f-4ba1-bad8-59a41f15cef3,15 юни 2026,Протокол,3387,15.06.2026,Лилия Недялкова Георгиева - Съдия докладчик,
3120f9e9-3a6f-4ba1-bad8-59a41f15cef3,26 май 2026,Протокол,2969,26.05.2026,Лилия Недялкова Георгиева - Съдия докладчик,
3120f9e9-3a6f-4ba1-bad8-59a41f15cef3,15 април 2026,Разпореждане,1298,15.04.2026,Лилия Недялкова Георгиева - Съдия докладчик,
5a759ab1-2be2-4655-8e95-31cdad82ffe1,08 октомври 2026,Разпореждане,4066,08.10.2026,БЕЛЛА ВЕСЕЛИНОВА ПАНЕВА - Съдия докладчик,
5a759ab1-2be2-4655-8e95-31cdad82ffe1,08 септември 2026,Разпореждане,3536,08.09.2026,БЕЛЛА ВЕСЕЛИНОВА ПАНЕВА - Съдия докладчик,
5a759ab1-2be2-4655-8e95-31cdad82ffe1,20 август 2026,Разпореждане,3263,20.08.2026,БЕЛЛА ВЕСЕЛИНОВА ПАНЕВА - Съдия докладчик,
5a759ab1-2be2-4655-8e95-31cdad82ffe1,04 август 2026,Разпореждане,3074,04.08.2026,БЕЛЛА ВЕСЕЛИНОВА ПАНЕВА - Съдия докладчик,
5a759ab1-2be2-4655-8e95-31cdad82ffe1,19 юни 2026,Определение,371,,БЕЛЛА ВЕСЕЛИНОВА ПАНЕВА - Съдия докладчик,
5a759ab1-2be2-4655-8e95-31cdad82ffe1,08 април 2026,Разпореждане,1338,08.04.2026,Белла Веселинова Стоименова - Съдия докладчик,
5a759ab1-2be2-4655-8e95-31cdad82ffe1,03 април 2026,Разпореждане,1245,03.04.2026,Белла Веселинова Стоименова - Съдия докладчик,
92593f68-2f5b-4fc3-8c83-ab81a55b5ec4,05 юни 2026,Определение,1493,05.06.2026,Светлана Изева - Съдия докладчик Светлана Станева - Член Радостина Стефанова - Член,
144fa454-963e-48be-a8ff-8fb6903977e0,09 октомври 2026,Определение,4815,09.10.2026,Веска Райчева - Председател Златина Рубиева - Съдия докладчик Геника Михайлова - Член,
0e7e47cc-3eb0-44d1-a827-81ff08f6809d,29 август 2026,Разпореждане,6430,29.08.2026,Милена Трифонова - Съдия докладчик,
0e7e47cc-3eb0-44d1-a827-81ff08f6809d,09 юли 2026,Разпореждане,5115,09.07.2026,Милена Трифонова - Съдия докладчик,
0e7e47cc-3eb0-44d1-a827-81ff08f6809d,11 юни 2026,Определение,1032,11.06.2026,Милена Трифонова - Съдия докладчик,
0e7e47cc-3eb0-44d1-a827-81ff08f6809d,04 юни 2026,Протокол,2957,04.06.2026,Милена Трифонова - Съдия докладчик,
0e7e47cc-3eb0-44d1-a827-81ff08f6809d,06 април 2026,Разпореждане,2505,06.04.2026,Милена Трифонова - Съдия докладчик,
4a5c2841-d9ae-476a-b15b-3836edac5fa6,23 юни 2026,Решение,6966,23.06.2026,Мирослава Георгиева - Докладчик Таня Вачева - Председател Юлия Раева - Член на състава,
40bbc1f5-692c-469d-b999-23c5d64bce70,27 юни 2026,Разпореждане,4700,27.06.2026,Росица Шкодрова - Съдия докладчик,
40bbc1f5-692c-469d-b999-23c5d64bce70,05 юни 2026,Решение,671,,Росица Шкодрова - Съдия докладчик,
40bbc1f5-692c-469d-b999-23c5d64bce70,05 юни 2026,Протокол,2976,05.06.2026,Росица Шкодрова - Съдия докладчик,
40bbc1f5-692c-469d-b999-23c5d64bce70,08 май 2026,Протокол,2348,08.05.2026,Росица Шкодрова - Съдия докладчик,
40bbc1f5-692c-469d-b999-23c5d64bce70,06 април 2026,Разпореждане,2452,06.04.2026,Росица Шкодрова - Съдия докладчик,
b5751fb0-c29c-45fe-ba89-efa0a49a2cac,03 април 2026,Разпореждане,2415,03.04.2026,Катя Ганева Савова - Съдия докладчик,
8569f583-7f30-42bd-bdeb-891459f8e380,07 октомври 2026,Протокол,515,07.10.2026,РОСЕН ПЛАМЕНОВ АЛЕКСАНДРОВ - Съдия докладчик,
8569f583-7f30-42bd-bdeb-891459f8e380,01 октомври 2026,Разпореждане,3958,01.10.2026,РОСЕН ПЛАМЕНОВ АЛЕКСАНДРОВ - Съдия докладчик,
8569f583-7f30-42bd-bdeb-891459f8e380,01 октомври 2026,Разпореждане,3945,01.10.2026,РОСЕН ПЛАМЕНОВ АЛЕКСАНДРОВ - Съдия докладчик,
8569f583-7f30-42bd-bdeb-891459f8e380,13 август 2026,Определение,496,13.08.2026,РОСЕН ПЛАМЕНОВ АЛЕКСАНДРОВ - Съдия докладчик,
8569f583-7f30-42bd-bdeb-891459f8e380,05 май 2026,Разпореждане,1830,05.05.2026,РОСЕН ПЛАМЕНОВ АЛЕКСАНДРОВ - Съдия докладчик,
8569f583-7f30-42bd-bdeb-891459f8e380,03 април 2026,Разпореждане,1259,03.04.2026,РОСЕН ПЛАМЕНОВ АЛЕКСАНДРОВ - Съдия докладчик,
bafd2627-2c1b-4004-a3c5-ea86b7dd5474,15 юли 2026,Протокол,783,15.07.2026,Рая Димитрова Манолева - Съдия докладчик,
bafd2627-2c1b-4004-a3c5-ea86b7dd5474,14 юли 2026,Определение,144,30.07.2026,Рая Димитрова Манолева - Съдия докладчик,
bafd2627-2c1b-4004-a3c5-ea86b7dd5474,22 юни 2026,Разпореждане,313,22.06.2026,Рая Димитрова Манолева - Съдия докладчик,
bafd2627-2c1b-4004-a3c5-ea86b7dd5474,15 юни 2026,Протокол,641,15.06.2026,Рая Димитрова Манолева - Съдия докладчик,
bafd2627-2c1b-4004-a3c5-ea86b7dd5474,20 май 2026,Протокол,531,20.05.2026,Рая Димитрова Манолева - Съдия докладчик,
bafd2627-2c1b-4004-a3c5-ea86b7dd5474,04 май 2026,Протокол,455,04.05.2026,Рая Димитрова Манолева - Съдия докладчик,
bafd2627-2c1b-4004-a3c5-ea86b7dd5474,21 април 2026,Протокол,400,21.04.2026,Рая Димитрова Манолева - Съдия докладчик,
bafd2627-2c1b-4004-a3c5-ea86b7dd5474,09 април 2026,Протокол,378,09.04.2026,Рая Димитрова Манолева - Съдия докладчик,
bafd2627-2c1b-4004-a3c5-ea86b7dd5474,03 април 2026,Разпореждане,160,03.04.2026,Рая Димитрова Манолева - Съдия докладчик,
dd874e0d-1fde-4d84-b693-a52ba29977e8,03 април 2026,Протоколно определение,493,06.04.2026,Пламен Тошев Петков - Съдия докладчик,
dd874e0d-1fde-4d84-b693-a52ba29977e8,03 април 2026,Разпореждане,418,03.04.2026,Пламен Тошев Петков - Съдия докладчик,
5fe9854a-96ff-4baa-9bf5-9e25757e1d8d,03 април 2026,Определение,4243,28.04.2026,Веселина Чолакова - Докладчик,
93e19a20-c962-4e2d-a100-24d4f41f7341,03 април 2026,Определение,145,03.04.2026,Радина Василева Хаджикирева - Съдия докладчик,
0220c216-17a1-4994-b5d2-017e8f81185d,16 април 2026,Протоколно определение,760,21.04.2026,Светлана Кирилова Димова - Съдия докладчик,
0220c216-17a1-4994-b5d2-017e8f81185d,06 април 2026,Разпореждане,1343,06.04.2026,Светлана Кирилова Димова - Съдия докладчик,
0f8373b0-052f-4ce5-9ba2-3807dbbe5f25,11 юни 2026,Разпореждане,1100,11.06.2026,Велизар Бойчев - Съдия докладчик,
0f8373b0-052f-4ce5-9ba2-3807dbbe5f25,24 април 2026,Протоколно определение,307,28.04.2026,Велизар Бойчев - Съдия докладчик,
0f8373b0-052f-4ce5-9ba2-3807dbbe5f25,20 април 2026,Разпореждане,689,20.04.2026,Велизар Бойчев - Съдия докладчик,
0f8373b0-052f-4ce5-9ba2-3807dbbe5f25,08 април 2026,Протокол,269,08.04.2026,Велизар Бойчев - Съдия докладчик,
0f8373b0-052f-4ce5-9ba2-3807dbbe5f25,07 април 2026,Протокол,265,07.04.2026,Велизар Бойчев - Съдия докладчик,
0f8373b0-052f-4ce5-9ba2-3807dbbe5f25,03 април 2026,Разпореждане,629,03.04.2026,Велизар Бойчев - Съдия докладчик,
c378c3cb-5a58-403b-9343-f477ae031696,17 юли 2026,Определение,463,17.07.2026,Веселина Михайлова Узунова Панчева - Съдия докладчик,
c378c3cb-5a58-403b-9343-f477ae031696,15 април 2026,Разпореждане,494,15.04.2026,Веселина Михайлова Узунова Панчева - Съдия докладчик,
c378c3cb-5a58-403b-9343-f477ae031696,06 април 2026,Определение,233,06.04.2026,Живко Павлов Георгиев - Съдия докладчик,
4ed67f33-3330-4b6d-b1e8-93503e2b61d0,18 юни 2026,Решение,780,18.06.2026,Анна Иванова - Съдия докладчик Емилия Лалева - Член Иван Анастасов - Член,
4ed67f33-3330-4b6d-b1e8-93503e2b61d0,19 май 2026,Решение,642,19.05.2026,Анна Иванова - Съдия докладчик Емилия Лалева - Член Иван Анастасов - Член,
7a89f63c-a0f4-4a56-a42d-4e3ca03fb921,05 май 2026,Определение,4887,05.05.2026,Виолета Главинова - Докладчик Мария Николова - Член на състава Мирела Георгиева - Член на състава,
e09c6d6f-f879-43ec-a950-25f7995f0f45,14 май 2026,Протокол,969,14.05.2026,Анна Костадинова Димитрова - Съдия докладчик,
e09c6d6f-f879-43ec-a950-25f7995f0f45,13 май 2026,Определение,462,13.05.2026,Анна Костадинова Димитрова - Съдия докладчик,
e09c6d6f-f879-43ec-a950-25f7995f0f45,13 май 2026,Присъда,88,29.05.2026,Анна Костадинова Димитрова - Съдия докладчик,
e09c6d6f-f879-43ec-a950-25f7995f0f45,08 април 2026,Разпореждане,1464,08.04.2026,Анна Костадинова Димитрова - Съдия докладчик,
8168bcdb-921c-4015-8b9d-3fb7eb5eb562,03 април 2026,Протоколно определение,267,03.04.2026,Васил Венелинов Ставрев - Съдия докладчик,
ce109ea3-79f8-4a2f-b34d-453e39990791,28 април 2026,Определение,619,28.05.2026,Мариета Спасова - Докладчик,
ce109ea3-79f8-4a2f-b34d-453e39990791,08 април 2026,Разпореждане,506,,Мариета Спасова - Докладчик,
ce109ea3-79f8-4a2f-b34d-453e39990791,08 април 2026,Разпореждане,501,,Мариета Спасова - Докладчик,
f7c54fe1-e614-4afc-995a-0573522f42e6,08 юни 2026,Определение,22883,,Силвия Димитрова - Докладчик,
f7c54fe1-e614-4afc-995a-0573522f42e6,07 април 2026,Определение,13568,,Силвия Димитрова - Докладчик,
54bade08-329b-45eb-beb8-66cb4b29fbe7,03 април 2026,Определение,15,03.04.2026,ПЕТЯ ИВАНОВА ЗДРАВКОВА - Съдия докладчик,
3f18940a-86e4-4e92-96c1-238c69951a50,09 юли 2026,Решение,7779,09.07.2026,Илиана Славовска - Докладчик Анна Димитрова - Председател Тинка Косева - Член на състава,
0f84738d-38fc-4e80-8a70-e30ad8f7fe56,03 април 2026,Споразумение,33,03.04.2026,Мария Маркова Берберова Георгиева - Съдия докладчик,
0f84738d-38fc-4e80-8a70-e30ad8f7fe56,03 април 2026,Разпореждане,313,03.04.2026,Мария Маркова Берберова Георгиева - Съдия докладчик,
80193ab6-dbf8-4e30-847c-ef39f839dbcb,03 април 2026,Разпореждане,628,03.04.2026,Велизар Бойчев - Съдия докладчик,
